solid OpenSCAD_Model
  facet normal 0.246163 -0.969229 0
    outer loop
      vertex -24.1863 7.17731 0
      vertex -23.8947 7.25137 6
      vertex -24.1863 7.17731 6
    endloop
  endfacet
  facet normal 0.246163 -0.969229 0
    outer loop
      vertex -23.8947 7.25137 6
      vertex -24.1863 7.17731 0
      vertex -23.8947 7.25137 0
    endloop
  endfacet
  facet normal 0.98164 -0.190744 0
    outer loop
      vertex -25.9004 4.56695 6
      vertex -25.7253 5.46808 0
      vertex -25.7253 5.46808 6
    endloop
  endfacet
  facet normal 0.98164 -0.190744 0
    outer loop
      vertex -25.7253 5.46808 0
      vertex -25.9004 4.56695 6
      vertex -25.9004 4.56695 0
    endloop
  endfacet
  facet normal 0.697789 -0.716303 0
    outer loop
      vertex -25.1848 6.52888 0
      vertex -24.9693 6.73881 6
      vertex -25.1848 6.52888 6
    endloop
  endfacet
  facet normal 0.697789 -0.716303 0
    outer loop
      vertex -24.9693 6.73881 6
      vertex -25.1848 6.52888 0
      vertex -24.9693 6.73881 0
    endloop
  endfacet
  facet normal -0.716353 -0.697738 0
    outer loop
      vertex -21.7266 6.48361 0
      vertex -21.9365 6.69911 6
      vertex -21.9365 6.69911 0
    endloop
  endfacet
  facet normal -0.716353 -0.697738 0
    outer loop
      vertex -21.9365 6.69911 6
      vertex -21.7266 6.48361 0
      vertex -21.7266 6.48361 6
    endloop
  endfacet
  facet normal 0.11752 -0.993071 0
    outer loop
      vertex -23.8947 7.25137 0
      vertex -23.5959 7.28673 6
      vertex -23.8947 7.25137 6
    endloop
  endfacet
  facet normal 0.11752 -0.993071 0
    outer loop
      vertex -23.5959 7.28673 6
      vertex -23.8947 7.25137 0
      vertex -23.5959 7.28673 0
    endloop
  endfacet
  facet normal -0.999916 0.012963 0
    outer loop
      vertex -21.1826 4.80942 0
      vertex -21.1787 5.11025 6
      vertex -21.1787 5.11025 0
    endloop
  endfacet
  facet normal -0.999916 0.012963 0
    outer loop
      vertex -21.1787 5.11025 6
      vertex -21.1826 4.80942 0
      vertex -21.1826 4.80942 6
    endloop
  endfacet
  facet normal -0.801267 -0.598307 0
    outer loop
      vertex -21.5466 6.24255 0
      vertex -21.7266 6.48361 6
      vertex -21.7266 6.48361 0
    endloop
  endfacet
  facet normal -0.801267 -0.598307 0
    outer loop
      vertex -21.7266 6.48361 6
      vertex -21.5466 6.24255 0
      vertex -21.5466 6.24255 6
    endloop
  endfacet
  facet normal -0.993054 -0.117663 0
    outer loop
      vertex -21.1787 5.11025 0
      vertex -21.2141 5.40902 6
      vertex -21.2141 5.40902 0
    endloop
  endfacet
  facet normal -0.993054 -0.117663 0
    outer loop
      vertex -21.2141 5.40902 6
      vertex -21.1787 5.11025 0
      vertex -21.1787 5.11025 6
    endloop
  endfacet
  facet normal -0.0130973 -0.999914 0
    outer loop
      vertex -23.5959 7.28673 0
      vertex -23.2951 7.28279 6
      vertex -23.5959 7.28673 6
    endloop
  endfacet
  facet normal -0.0130973 -0.999914 -0
    outer loop
      vertex -23.2951 7.28279 6
      vertex -23.5959 7.28673 0
      vertex -23.2951 7.28279 0
    endloop
  endfacet
  facet normal 0.859291 -0.511487 0
    outer loop
      vertex -25.5249 6.03406 6
      vertex -25.371 6.29261 0
      vertex -25.371 6.29261 6
    endloop
  endfacet
  facet normal 0.859291 -0.511487 0
    outer loop
      vertex -25.371 6.29261 0
      vertex -25.5249 6.03406 6
      vertex -25.5249 6.03406 0
    endloop
  endfacet
  facet normal -0.511242 -0.859437 0
    outer loop
      vertex -22.4314 7.0392 0
      vertex -22.1728 6.88537 6
      vertex -22.4314 7.0392 6
    endloop
  endfacet
  facet normal -0.511242 -0.859437 -0
    outer loop
      vertex -22.1728 6.88537 6
      vertex -22.4314 7.0392 0
      vertex -22.1728 6.88537 0
    endloop
  endfacet
  facet normal -0.143464 -0.989656 0
    outer loop
      vertex -23.2951 7.28279 0
      vertex -22.9973 7.23962 6
      vertex -23.2951 7.28279 6
    endloop
  endfacet
  facet normal -0.143464 -0.989656 -0
    outer loop
      vertex -22.9973 7.23962 6
      vertex -23.2951 7.28279 0
      vertex -22.9973 7.23962 0
    endloop
  endfacet
  facet normal -0.619045 -0.785356 0
    outer loop
      vertex -22.1728 6.88537 0
      vertex -21.9365 6.69911 6
      vertex -22.1728 6.88537 6
    endloop
  endfacet
  facet normal -0.619045 -0.785356 -0
    outer loop
      vertex -21.9365 6.69911 6
      vertex -22.1728 6.88537 0
      vertex -21.9365 6.69911 0
    endloop
  endfacet
  facet normal -0.271479 -0.962444 0
    outer loop
      vertex -22.9973 7.23962 0
      vertex -22.7078 7.15796 6
      vertex -22.9973 7.23962 6
    endloop
  endfacet
  facet normal -0.271479 -0.962444 -0
    outer loop
      vertex -22.7078 7.15796 6
      vertex -22.9973 7.23962 0
      vertex -22.7078 7.15796 0
    endloop
  endfacet
  facet normal 0.370588 -0.928797 0
    outer loop
      vertex -24.4657 7.06583 0
      vertex -24.1863 7.17731 6
      vertex -24.4657 7.06583 6
    endloop
  endfacet
  facet normal 0.370588 -0.928797 0
    outer loop
      vertex -24.1863 7.17731 6
      vertex -24.4657 7.06583 0
      vertex -24.1863 7.17731 0
    endloop
  endfacet
  facet normal 0.598265 -0.801298 0
    outer loop
      vertex -24.9693 6.73881 0
      vertex -24.7282 6.91882 6
      vertex -24.9693 6.73881 6
    endloop
  endfacet
  facet normal 0.598265 -0.801298 0
    outer loop
      vertex -24.7282 6.91882 6
      vertex -24.9693 6.73881 0
      vertex -24.7282 6.91882 0
    endloop
  endfacet
  facet normal 0.785414 -0.61897 0
    outer loop
      vertex -25.371 6.29261 6
      vertex -25.1848 6.52888 0
      vertex -25.1848 6.52888 6
    endloop
  endfacet
  facet normal 0.785414 -0.61897 0
    outer loop
      vertex -25.1848 6.52888 0
      vertex -25.371 6.29261 6
      vertex -25.371 6.29261 0
    endloop
  endfacet
  facet normal 0.918863 -0.394577 0
    outer loop
      vertex -25.6436 5.75764 6
      vertex -25.5249 6.03406 0
      vertex -25.5249 6.03406 6
    endloop
  endfacet
  facet normal 0.918863 -0.394577 0
    outer loop
      vertex -25.5249 6.03406 0
      vertex -25.6436 5.75764 6
      vertex -25.6436 5.75764 0
    endloop
  endfacet
  facet normal 0.962424 -0.27155 0
    outer loop
      vertex -25.7253 5.46808 6
      vertex -25.6436 5.75764 0
      vertex -25.6436 5.75764 6
    endloop
  endfacet
  facet normal 0.962424 -0.27155 0
    outer loop
      vertex -25.6436 5.75764 0
      vertex -25.7253 5.46808 6
      vertex -25.7253 5.46808 0
    endloop
  endfacet
  facet normal -0.39477 -0.91878 0
    outer loop
      vertex -22.7078 7.15796 0
      vertex -22.4314 7.0392 6
      vertex -22.7078 7.15796 6
    endloop
  endfacet
  facet normal -0.39477 -0.91878 -0
    outer loop
      vertex -22.4314 7.0392 6
      vertex -22.7078 7.15796 0
      vertex -22.4314 7.0392 0
    endloop
  endfacet
  facet normal 0.488629 -0.872492 0
    outer loop
      vertex -24.7282 6.91882 0
      vertex -24.4657 7.06583 6
      vertex -24.7282 6.91882 6
    endloop
  endfacet
  facet normal 0.488629 -0.872492 0
    outer loop
      vertex -24.4657 7.06583 6
      vertex -24.7282 6.91882 0
      vertex -24.4657 7.06583 0
    endloop
  endfacet
  facet normal -0.969276 -0.245975 0
    outer loop
      vertex -21.2141 5.40902 0
      vertex -21.2881 5.70062 6
      vertex -21.2881 5.70062 0
    endloop
  endfacet
  facet normal -0.969276 -0.245975 0
    outer loop
      vertex -21.2881 5.70062 6
      vertex -21.2141 5.40902 0
      vertex -21.2141 5.40902 6
    endloop
  endfacet
  facet normal -0.989637 0.143589 0
    outer loop
      vertex -21.2258 4.51168 0
      vertex -21.1826 4.80942 6
      vertex -21.1826 4.80942 0
    endloop
  endfacet
  facet normal -0.989637 0.143589 0
    outer loop
      vertex -21.1826 4.80942 6
      vertex -21.2258 4.51168 0
      vertex -21.2258 4.51168 6
    endloop
  endfacet
  facet normal -0.928793 -0.3706 0
    outer loop
      vertex -21.2881 5.70062 0
      vertex -21.3996 5.98006 6
      vertex -21.3996 5.98006 0
    endloop
  endfacet
  facet normal -0.928793 -0.3706 0
    outer loop
      vertex -21.3996 5.98006 6
      vertex -21.2881 5.70062 0
      vertex -21.2881 5.70062 6
    endloop
  endfacet
  facet normal -0.872498 -0.488618 0
    outer loop
      vertex -21.3996 5.98006 0
      vertex -21.5466 6.24255 6
      vertex -21.5466 6.24255 0
    endloop
  endfacet
  facet normal -0.872498 -0.488618 0
    outer loop
      vertex -21.5466 6.24255 6
      vertex -21.3996 5.98006 0
      vertex -21.3996 5.98006 6
    endloop
  endfacet
  facet normal -0.981634 0.190776 0
    outer loop
      vertex -21.3703 3.76816 0
      vertex -21.2258 4.51168 6
      vertex -21.2258 4.51168 0
    endloop
  endfacet
  facet normal -0.981634 0.190776 0
    outer loop
      vertex -21.2258 4.51168 6
      vertex -21.3703 3.76816 0
      vertex -21.3703 3.76816 6
    endloop
  endfacet
  facet normal -0.987686 0.156451 0
    outer loop
      vertex -21.4888 3.02006 0
      vertex -21.3703 3.76816 6
      vertex -21.3703 3.76816 0
    endloop
  endfacet
  facet normal -0.987686 0.156451 0
    outer loop
      vertex -21.3703 3.76816 6
      vertex -21.4888 3.02006 0
      vertex -21.4888 3.02006 6
    endloop
  endfacet
  facet normal 0.98769 -0.156427 0
    outer loop
      vertex -26.044 3.66025 6
      vertex -25.9004 4.56695 0
      vertex -25.9004 4.56695 6
    endloop
  endfacet
  facet normal 0.98769 -0.156427 0
    outer loop
      vertex -25.9004 4.56695 0
      vertex -26.044 3.66025 6
      vertex -26.044 3.66025 0
    endloop
  endfacet
  facet normal 0.992543 -0.121896 0
    outer loop
      vertex -26.1559 2.7491 6
      vertex -26.044 3.66025 0
      vertex -26.044 3.66025 6
    endloop
  endfacet
  facet normal 0.992543 -0.121896 0
    outer loop
      vertex -26.044 3.66025 0
      vertex -26.1559 2.7491 6
      vertex -26.1559 2.7491 0
    endloop
  endfacet
  facet normal -0.992547 0.121859 0
    outer loop
      vertex -21.5811 2.26827 0
      vertex -21.4888 3.02006 6
      vertex -21.4888 3.02006 0
    endloop
  endfacet
  facet normal -0.992547 0.121859 0
    outer loop
      vertex -21.4888 3.02006 6
      vertex -21.5811 2.26827 0
      vertex -21.5811 2.26827 6
    endloop
  endfacet
  facet normal -0.996196 0.0871355 0
    outer loop
      vertex -21.6471 1.51371 0
      vertex -21.5811 2.26827 6
      vertex -21.5811 2.26827 0
    endloop
  endfacet
  facet normal -0.996196 0.0871355 0
    outer loop
      vertex -21.5811 2.26827 6
      vertex -21.6471 1.51371 0
      vertex -21.6471 1.51371 6
    endloop
  endfacet
  facet normal 0.996196 -0.0871457 0
    outer loop
      vertex -26.2359 1.83459 6
      vertex -26.1559 2.7491 0
      vertex -26.1559 2.7491 6
    endloop
  endfacet
  facet normal 0.996196 -0.0871457 0
    outer loop
      vertex -26.1559 2.7491 0
      vertex -26.2359 1.83459 6
      vertex -26.2359 1.83459 0
    endloop
  endfacet
  facet normal 0.998626 -0.0523968 0
    outer loop
      vertex -26.284 0.917856 6
      vertex -26.2359 1.83459 0
      vertex -26.2359 1.83459 6
    endloop
  endfacet
  facet normal 0.998626 -0.0523968 0
    outer loop
      vertex -26.2359 1.83459 0
      vertex -26.284 0.917856 6
      vertex -26.284 0.917856 0
    endloop
  endfacet
  facet normal -0.998625 0.0524139 0
    outer loop
      vertex -21.6868 0.757318 0
      vertex -21.6471 1.51371 6
      vertex -21.6471 1.51371 0
    endloop
  endfacet
  facet normal -0.998625 0.0524139 0
    outer loop
      vertex -21.6471 1.51371 6
      vertex -21.6868 0.757318 0
      vertex -21.6868 0.757318 6
    endloop
  endfacet
  facet normal -0.999848 0.0174273 0
    outer loop
      vertex -21.7 0 0
      vertex -21.6868 0.757318 6
      vertex -21.6868 0.757318 0
    endloop
  endfacet
  facet normal -0.999848 0.0174273 0
    outer loop
      vertex -21.6868 0.757318 6
      vertex -21.7 0 0
      vertex -21.7 0 6
    endloop
  endfacet
  facet normal 0.999848 -0.0174293 0
    outer loop
      vertex -26.3 0 6
      vertex -26.284 0.917856 0
      vertex -26.284 0.917856 6
    endloop
  endfacet
  facet normal 0.999848 -0.0174293 0
    outer loop
      vertex -26.284 0.917856 0
      vertex -26.3 0 6
      vertex -26.3 0 0
    endloop
  endfacet
  facet normal -0.999848 -0.0174273 0
    outer loop
      vertex -21.6868 -0.757318 0
      vertex -21.7 0 6
      vertex -21.7 0 0
    endloop
  endfacet
  facet normal -0.999848 -0.0174273 0
    outer loop
      vertex -21.7 0 6
      vertex -21.6868 -0.757318 0
      vertex -21.6868 -0.757318 6
    endloop
  endfacet
  facet normal 0.999848 0.0174293 0
    outer loop
      vertex -26.284 -0.917856 6
      vertex -26.3 0 0
      vertex -26.3 0 6
    endloop
  endfacet
  facet normal 0.999848 0.0174293 0
    outer loop
      vertex -26.3 0 0
      vertex -26.284 -0.917856 6
      vertex -26.284 -0.917856 0
    endloop
  endfacet
  facet normal 0.998626 0.0523968 0
    outer loop
      vertex -26.2359 -1.83459 6
      vertex -26.284 -0.917856 0
      vertex -26.284 -0.917856 6
    endloop
  endfacet
  facet normal 0.998626 0.0523968 0
    outer loop
      vertex -26.284 -0.917856 0
      vertex -26.2359 -1.83459 6
      vertex -26.2359 -1.83459 0
    endloop
  endfacet
  facet normal -0.998625 -0.0524139 0
    outer loop
      vertex -21.6471 -1.51371 0
      vertex -21.6868 -0.757318 6
      vertex -21.6868 -0.757318 0
    endloop
  endfacet
  facet normal -0.998625 -0.0524139 0
    outer loop
      vertex -21.6868 -0.757318 6
      vertex -21.6471 -1.51371 0
      vertex -21.6471 -1.51371 6
    endloop
  endfacet
  facet normal 0.996196 0.0871457 0
    outer loop
      vertex -26.1559 -2.7491 6
      vertex -26.2359 -1.83459 0
      vertex -26.2359 -1.83459 6
    endloop
  endfacet
  facet normal 0.996196 0.0871457 0
    outer loop
      vertex -26.2359 -1.83459 0
      vertex -26.1559 -2.7491 6
      vertex -26.1559 -2.7491 0
    endloop
  endfacet
  facet normal -0.996196 -0.0871355 0
    outer loop
      vertex -21.5811 -2.26827 0
      vertex -21.6471 -1.51371 6
      vertex -21.6471 -1.51371 0
    endloop
  endfacet
  facet normal -0.996196 -0.0871355 0
    outer loop
      vertex -21.6471 -1.51371 6
      vertex -21.5811 -2.26827 0
      vertex -21.5811 -2.26827 6
    endloop
  endfacet
  facet normal 0.992543 0.121896 0
    outer loop
      vertex -26.044 -3.66025 6
      vertex -26.1559 -2.7491 0
      vertex -26.1559 -2.7491 6
    endloop
  endfacet
  facet normal 0.992543 0.121896 0
    outer loop
      vertex -26.1559 -2.7491 0
      vertex -26.044 -3.66025 6
      vertex -26.044 -3.66025 0
    endloop
  endfacet
  facet normal -0.992547 -0.121859 0
    outer loop
      vertex -21.4888 -3.02006 0
      vertex -21.5811 -2.26827 6
      vertex -21.5811 -2.26827 0
    endloop
  endfacet
  facet normal -0.992547 -0.121859 0
    outer loop
      vertex -21.5811 -2.26827 6
      vertex -21.4888 -3.02006 0
      vertex -21.4888 -3.02006 6
    endloop
  endfacet
  facet normal 0.98769 0.156427 0
    outer loop
      vertex -25.9004 -4.56695 6
      vertex -26.044 -3.66025 0
      vertex -26.044 -3.66025 6
    endloop
  endfacet
  facet normal 0.98769 0.156427 0
    outer loop
      vertex -26.044 -3.66025 0
      vertex -25.9004 -4.56695 6
      vertex -25.9004 -4.56695 0
    endloop
  endfacet
  facet normal -0.987686 -0.156451 0
    outer loop
      vertex -21.3703 -3.76816 0
      vertex -21.4888 -3.02006 6
      vertex -21.4888 -3.02006 0
    endloop
  endfacet
  facet normal -0.987686 -0.156451 0
    outer loop
      vertex -21.4888 -3.02006 6
      vertex -21.3703 -3.76816 0
      vertex -21.3703 -3.76816 6
    endloop
  endfacet
  facet normal 0.370588 0.928797 -0
    outer loop
      vertex -24.1863 -7.17731 0
      vertex -24.4657 -7.06583 6
      vertex -24.1863 -7.17731 6
    endloop
  endfacet
  facet normal 0.370588 0.928797 0
    outer loop
      vertex -24.4657 -7.06583 6
      vertex -24.1863 -7.17731 0
      vertex -24.4657 -7.06583 0
    endloop
  endfacet
  facet normal 0.962424 0.27155 0
    outer loop
      vertex -25.6436 -5.75764 6
      vertex -25.7253 -5.46808 0
      vertex -25.7253 -5.46808 6
    endloop
  endfacet
  facet normal 0.962424 0.27155 0
    outer loop
      vertex -25.7253 -5.46808 0
      vertex -25.6436 -5.75764 6
      vertex -25.6436 -5.75764 0
    endloop
  endfacet
  facet normal 0.918863 0.394577 0
    outer loop
      vertex -25.5249 -6.03406 6
      vertex -25.6436 -5.75764 0
      vertex -25.6436 -5.75764 6
    endloop
  endfacet
  facet normal 0.918863 0.394577 0
    outer loop
      vertex -25.6436 -5.75764 0
      vertex -25.5249 -6.03406 6
      vertex -25.5249 -6.03406 0
    endloop
  endfacet
  facet normal -0.511242 0.859437 0
    outer loop
      vertex -22.1728 -6.88537 0
      vertex -22.4314 -7.0392 6
      vertex -22.1728 -6.88537 6
    endloop
  endfacet
  facet normal -0.511242 0.859437 0
    outer loop
      vertex -22.4314 -7.0392 6
      vertex -22.1728 -6.88537 0
      vertex -22.4314 -7.0392 0
    endloop
  endfacet
  facet normal -0.928793 0.3706 0
    outer loop
      vertex -21.3996 -5.98006 0
      vertex -21.2881 -5.70062 6
      vertex -21.2881 -5.70062 0
    endloop
  endfacet
  facet normal -0.928793 0.3706 0
    outer loop
      vertex -21.2881 -5.70062 6
      vertex -21.3996 -5.98006 0
      vertex -21.3996 -5.98006 6
    endloop
  endfacet
  facet normal -0.619045 0.785356 0
    outer loop
      vertex -21.9365 -6.69911 0
      vertex -22.1728 -6.88537 6
      vertex -21.9365 -6.69911 6
    endloop
  endfacet
  facet normal -0.619045 0.785356 0
    outer loop
      vertex -22.1728 -6.88537 6
      vertex -21.9365 -6.69911 0
      vertex -22.1728 -6.88537 0
    endloop
  endfacet
  facet normal -0.989637 -0.143589 0
    outer loop
      vertex -21.1826 -4.80942 0
      vertex -21.2258 -4.51168 6
      vertex -21.2258 -4.51168 0
    endloop
  endfacet
  facet normal -0.989637 -0.143589 0
    outer loop
      vertex -21.2258 -4.51168 6
      vertex -21.1826 -4.80942 0
      vertex -21.1826 -4.80942 6
    endloop
  endfacet
  facet normal -0.872498 0.488618 0
    outer loop
      vertex -21.5466 -6.24255 0
      vertex -21.3996 -5.98006 6
      vertex -21.3996 -5.98006 0
    endloop
  endfacet
  facet normal -0.872498 0.488618 0
    outer loop
      vertex -21.3996 -5.98006 6
      vertex -21.5466 -6.24255 0
      vertex -21.5466 -6.24255 6
    endloop
  endfacet
  facet normal -0.981634 -0.190776 0
    outer loop
      vertex -21.2258 -4.51168 0
      vertex -21.3703 -3.76816 6
      vertex -21.3703 -3.76816 0
    endloop
  endfacet
  facet normal -0.981634 -0.190776 0
    outer loop
      vertex -21.3703 -3.76816 6
      vertex -21.2258 -4.51168 0
      vertex -21.2258 -4.51168 6
    endloop
  endfacet
  facet normal -0.969276 0.245975 0
    outer loop
      vertex -21.2881 -5.70062 0
      vertex -21.2141 -5.40902 6
      vertex -21.2141 -5.40902 0
    endloop
  endfacet
  facet normal -0.969276 0.245975 0
    outer loop
      vertex -21.2141 -5.40902 6
      vertex -21.2881 -5.70062 0
      vertex -21.2881 -5.70062 6
    endloop
  endfacet
  facet normal 0.98164 0.190744 0
    outer loop
      vertex -25.7253 -5.46808 6
      vertex -25.9004 -4.56695 0
      vertex -25.9004 -4.56695 6
    endloop
  endfacet
  facet normal 0.98164 0.190744 0
    outer loop
      vertex -25.9004 -4.56695 0
      vertex -25.7253 -5.46808 6
      vertex -25.7253 -5.46808 0
    endloop
  endfacet
  facet normal 0.859291 0.511487 0
    outer loop
      vertex -25.371 -6.29261 6
      vertex -25.5249 -6.03406 0
      vertex -25.5249 -6.03406 6
    endloop
  endfacet
  facet normal 0.859291 0.511487 0
    outer loop
      vertex -25.5249 -6.03406 0
      vertex -25.371 -6.29261 6
      vertex -25.371 -6.29261 0
    endloop
  endfacet
  facet normal 0.697789 0.716303 -0
    outer loop
      vertex -24.9693 -6.73881 0
      vertex -25.1848 -6.52888 6
      vertex -24.9693 -6.73881 6
    endloop
  endfacet
  facet normal 0.697789 0.716303 0
    outer loop
      vertex -25.1848 -6.52888 6
      vertex -24.9693 -6.73881 0
      vertex -25.1848 -6.52888 0
    endloop
  endfacet
  facet normal -0.993054 0.117663 0
    outer loop
      vertex -21.2141 -5.40902 0
      vertex -21.1787 -5.11025 6
      vertex -21.1787 -5.11025 0
    endloop
  endfacet
  facet normal -0.993054 0.117663 0
    outer loop
      vertex -21.1787 -5.11025 6
      vertex -21.2141 -5.40902 0
      vertex -21.2141 -5.40902 6
    endloop
  endfacet
  facet normal -0.39477 0.91878 0
    outer loop
      vertex -22.4314 -7.0392 0
      vertex -22.7078 -7.15796 6
      vertex -22.4314 -7.0392 6
    endloop
  endfacet
  facet normal -0.39477 0.91878 0
    outer loop
      vertex -22.7078 -7.15796 6
      vertex -22.4314 -7.0392 0
      vertex -22.7078 -7.15796 0
    endloop
  endfacet
  facet normal 0.598265 0.801298 -0
    outer loop
      vertex -24.7282 -6.91882 0
      vertex -24.9693 -6.73881 6
      vertex -24.7282 -6.91882 6
    endloop
  endfacet
  facet normal 0.598265 0.801298 0
    outer loop
      vertex -24.9693 -6.73881 6
      vertex -24.7282 -6.91882 0
      vertex -24.9693 -6.73881 0
    endloop
  endfacet
  facet normal 0.488629 0.872492 -0
    outer loop
      vertex -24.4657 -7.06583 0
      vertex -24.7282 -6.91882 6
      vertex -24.4657 -7.06583 6
    endloop
  endfacet
  facet normal 0.488629 0.872492 0
    outer loop
      vertex -24.7282 -6.91882 6
      vertex -24.4657 -7.06583 0
      vertex -24.7282 -6.91882 0
    endloop
  endfacet
  facet normal 0.246163 0.969229 -0
    outer loop
      vertex -23.8947 -7.25137 0
      vertex -24.1863 -7.17731 6
      vertex -23.8947 -7.25137 6
    endloop
  endfacet
  facet normal 0.246163 0.969229 0
    outer loop
      vertex -24.1863 -7.17731 6
      vertex -23.8947 -7.25137 0
      vertex -24.1863 -7.17731 0
    endloop
  endfacet
  facet normal -0.271479 0.962444 0
    outer loop
      vertex -22.7078 -7.15796 0
      vertex -22.9973 -7.23962 6
      vertex -22.7078 -7.15796 6
    endloop
  endfacet
  facet normal -0.271479 0.962444 0
    outer loop
      vertex -22.9973 -7.23962 6
      vertex -22.7078 -7.15796 0
      vertex -22.9973 -7.23962 0
    endloop
  endfacet
  facet normal 0.11752 0.993071 -0
    outer loop
      vertex -23.5959 -7.28673 0
      vertex -23.8947 -7.25137 6
      vertex -23.5959 -7.28673 6
    endloop
  endfacet
  facet normal 0.11752 0.993071 0
    outer loop
      vertex -23.8947 -7.25137 6
      vertex -23.5959 -7.28673 0
      vertex -23.8947 -7.25137 0
    endloop
  endfacet
  facet normal -0.999916 -0.012963 0
    outer loop
      vertex -21.1787 -5.11025 0
      vertex -21.1826 -4.80942 6
      vertex -21.1826 -4.80942 0
    endloop
  endfacet
  facet normal -0.999916 -0.012963 0
    outer loop
      vertex -21.1826 -4.80942 6
      vertex -21.1787 -5.11025 0
      vertex -21.1787 -5.11025 6
    endloop
  endfacet
  facet normal 0.785414 0.61897 0
    outer loop
      vertex -25.1848 -6.52888 6
      vertex -25.371 -6.29261 0
      vertex -25.371 -6.29261 6
    endloop
  endfacet
  facet normal 0.785414 0.61897 0
    outer loop
      vertex -25.371 -6.29261 0
      vertex -25.1848 -6.52888 6
      vertex -25.1848 -6.52888 0
    endloop
  endfacet
  facet normal -0.143464 0.989656 0
    outer loop
      vertex -22.9973 -7.23962 0
      vertex -23.2951 -7.28279 6
      vertex -22.9973 -7.23962 6
    endloop
  endfacet
  facet normal -0.143464 0.989656 0
    outer loop
      vertex -23.2951 -7.28279 6
      vertex -22.9973 -7.23962 0
      vertex -23.2951 -7.28279 0
    endloop
  endfacet
  facet normal -0.716353 0.697738 0
    outer loop
      vertex -21.9365 -6.69911 0
      vertex -21.7266 -6.48361 6
      vertex -21.7266 -6.48361 0
    endloop
  endfacet
  facet normal -0.716353 0.697738 0
    outer loop
      vertex -21.7266 -6.48361 6
      vertex -21.9365 -6.69911 0
      vertex -21.9365 -6.69911 6
    endloop
  endfacet
  facet normal -0.0130973 0.999914 0
    outer loop
      vertex -23.2951 -7.28279 0
      vertex -23.5959 -7.28673 6
      vertex -23.2951 -7.28279 6
    endloop
  endfacet
  facet normal -0.0130973 0.999914 0
    outer loop
      vertex -23.5959 -7.28673 6
      vertex -23.2951 -7.28279 0
      vertex -23.5959 -7.28673 0
    endloop
  endfacet
  facet normal -0.801267 0.598307 0
    outer loop
      vertex -21.7266 -6.48361 0
      vertex -21.5466 -6.24255 6
      vertex -21.5466 -6.24255 0
    endloop
  endfacet
  facet normal -0.801267 0.598307 0
    outer loop
      vertex -21.5466 -6.24255 6
      vertex -21.7266 -6.48361 0
      vertex -21.7266 -6.48361 6
    endloop
  endfacet
  facet normal -0.246163 0.969229 0
    outer loop
      vertex 24.1863 -7.17731 0
      vertex 23.8947 -7.25137 6
      vertex 24.1863 -7.17731 6
    endloop
  endfacet
  facet normal -0.246163 0.969229 0
    outer loop
      vertex 23.8947 -7.25137 6
      vertex 24.1863 -7.17731 0
      vertex 23.8947 -7.25137 0
    endloop
  endfacet
  facet normal -0.98164 0.190744 0
    outer loop
      vertex 25.7253 -5.46808 0
      vertex 25.9004 -4.56695 6
      vertex 25.9004 -4.56695 0
    endloop
  endfacet
  facet normal -0.98164 0.190744 0
    outer loop
      vertex 25.9004 -4.56695 6
      vertex 25.7253 -5.46808 0
      vertex 25.7253 -5.46808 6
    endloop
  endfacet
  facet normal -0.697789 0.716303 0
    outer loop
      vertex 25.1848 -6.52888 0
      vertex 24.9693 -6.73881 6
      vertex 25.1848 -6.52888 6
    endloop
  endfacet
  facet normal -0.697789 0.716303 0
    outer loop
      vertex 24.9693 -6.73881 6
      vertex 25.1848 -6.52888 0
      vertex 24.9693 -6.73881 0
    endloop
  endfacet
  facet normal 0.716353 0.697738 0
    outer loop
      vertex 21.9365 -6.69911 6
      vertex 21.7266 -6.48361 0
      vertex 21.7266 -6.48361 6
    endloop
  endfacet
  facet normal 0.716353 0.697738 0
    outer loop
      vertex 21.7266 -6.48361 0
      vertex 21.9365 -6.69911 6
      vertex 21.9365 -6.69911 0
    endloop
  endfacet
  facet normal -0.11752 0.993071 0
    outer loop
      vertex 23.8947 -7.25137 0
      vertex 23.5959 -7.28673 6
      vertex 23.8947 -7.25137 6
    endloop
  endfacet
  facet normal -0.11752 0.993071 0
    outer loop
      vertex 23.5959 -7.28673 6
      vertex 23.8947 -7.25137 0
      vertex 23.5959 -7.28673 0
    endloop
  endfacet
  facet normal 0.999916 -0.012963 0
    outer loop
      vertex 21.1787 -5.11025 6
      vertex 21.1826 -4.80942 0
      vertex 21.1826 -4.80942 6
    endloop
  endfacet
  facet normal 0.999916 -0.012963 0
    outer loop
      vertex 21.1826 -4.80942 0
      vertex 21.1787 -5.11025 6
      vertex 21.1787 -5.11025 0
    endloop
  endfacet
  facet normal 0.801267 0.598307 0
    outer loop
      vertex 21.7266 -6.48361 6
      vertex 21.5466 -6.24255 0
      vertex 21.5466 -6.24255 6
    endloop
  endfacet
  facet normal 0.801267 0.598307 0
    outer loop
      vertex 21.5466 -6.24255 0
      vertex 21.7266 -6.48361 6
      vertex 21.7266 -6.48361 0
    endloop
  endfacet
  facet normal 0.993054 0.117663 0
    outer loop
      vertex 21.2141 -5.40902 6
      vertex 21.1787 -5.11025 0
      vertex 21.1787 -5.11025 6
    endloop
  endfacet
  facet normal 0.993054 0.117663 0
    outer loop
      vertex 21.1787 -5.11025 0
      vertex 21.2141 -5.40902 6
      vertex 21.2141 -5.40902 0
    endloop
  endfacet
  facet normal 0.0130973 0.999914 -0
    outer loop
      vertex 23.5959 -7.28673 0
      vertex 23.2951 -7.28279 6
      vertex 23.5959 -7.28673 6
    endloop
  endfacet
  facet normal 0.0130973 0.999914 0
    outer loop
      vertex 23.2951 -7.28279 6
      vertex 23.5959 -7.28673 0
      vertex 23.2951 -7.28279 0
    endloop
  endfacet
  facet normal -0.859291 0.511487 0
    outer loop
      vertex 25.371 -6.29261 0
      vertex 25.5249 -6.03406 6
      vertex 25.5249 -6.03406 0
    endloop
  endfacet
  facet normal -0.859291 0.511487 0
    outer loop
      vertex 25.5249 -6.03406 6
      vertex 25.371 -6.29261 0
      vertex 25.371 -6.29261 6
    endloop
  endfacet
  facet normal 0.511242 0.859437 -0
    outer loop
      vertex 22.4314 -7.0392 0
      vertex 22.1728 -6.88537 6
      vertex 22.4314 -7.0392 6
    endloop
  endfacet
  facet normal 0.511242 0.859437 0
    outer loop
      vertex 22.1728 -6.88537 6
      vertex 22.4314 -7.0392 0
      vertex 22.1728 -6.88537 0
    endloop
  endfacet
  facet normal 0.143464 0.989656 -0
    outer loop
      vertex 23.2951 -7.28279 0
      vertex 22.9973 -7.23962 6
      vertex 23.2951 -7.28279 6
    endloop
  endfacet
  facet normal 0.143464 0.989656 0
    outer loop
      vertex 22.9973 -7.23962 6
      vertex 23.2951 -7.28279 0
      vertex 22.9973 -7.23962 0
    endloop
  endfacet
  facet normal 0.619045 0.785356 -0
    outer loop
      vertex 22.1728 -6.88537 0
      vertex 21.9365 -6.69911 6
      vertex 22.1728 -6.88537 6
    endloop
  endfacet
  facet normal 0.619045 0.785356 0
    outer loop
      vertex 21.9365 -6.69911 6
      vertex 22.1728 -6.88537 0
      vertex 21.9365 -6.69911 0
    endloop
  endfacet
  facet normal 0.271479 0.962444 -0
    outer loop
      vertex 22.9973 -7.23962 0
      vertex 22.7078 -7.15796 6
      vertex 22.9973 -7.23962 6
    endloop
  endfacet
  facet normal 0.271479 0.962444 0
    outer loop
      vertex 22.7078 -7.15796 6
      vertex 22.9973 -7.23962 0
      vertex 22.7078 -7.15796 0
    endloop
  endfacet
  facet normal -0.370588 0.928797 0
    outer loop
      vertex 24.4657 -7.06583 0
      vertex 24.1863 -7.17731 6
      vertex 24.4657 -7.06583 6
    endloop
  endfacet
  facet normal -0.370588 0.928797 0
    outer loop
      vertex 24.1863 -7.17731 6
      vertex 24.4657 -7.06583 0
      vertex 24.1863 -7.17731 0
    endloop
  endfacet
  facet normal -0.598265 0.801298 0
    outer loop
      vertex 24.9693 -6.73881 0
      vertex 24.7282 -6.91882 6
      vertex 24.9693 -6.73881 6
    endloop
  endfacet
  facet normal -0.598265 0.801298 0
    outer loop
      vertex 24.7282 -6.91882 6
      vertex 24.9693 -6.73881 0
      vertex 24.7282 -6.91882 0
    endloop
  endfacet
  facet normal -0.785414 0.61897 0
    outer loop
      vertex 25.1848 -6.52888 0
      vertex 25.371 -6.29261 6
      vertex 25.371 -6.29261 0
    endloop
  endfacet
  facet normal -0.785414 0.61897 0
    outer loop
      vertex 25.371 -6.29261 6
      vertex 25.1848 -6.52888 0
      vertex 25.1848 -6.52888 6
    endloop
  endfacet
  facet normal -0.918863 0.394577 0
    outer loop
      vertex 25.5249 -6.03406 0
      vertex 25.6436 -5.75764 6
      vertex 25.6436 -5.75764 0
    endloop
  endfacet
  facet normal -0.918863 0.394577 0
    outer loop
      vertex 25.6436 -5.75764 6
      vertex 25.5249 -6.03406 0
      vertex 25.5249 -6.03406 6
    endloop
  endfacet
  facet normal -0.962424 0.27155 0
    outer loop
      vertex 25.6436 -5.75764 0
      vertex 25.7253 -5.46808 6
      vertex 25.7253 -5.46808 0
    endloop
  endfacet
  facet normal -0.962424 0.27155 0
    outer loop
      vertex 25.7253 -5.46808 6
      vertex 25.6436 -5.75764 0
      vertex 25.6436 -5.75764 6
    endloop
  endfacet
  facet normal 0.39477 0.91878 -0
    outer loop
      vertex 22.7078 -7.15796 0
      vertex 22.4314 -7.0392 6
      vertex 22.7078 -7.15796 6
    endloop
  endfacet
  facet normal 0.39477 0.91878 0
    outer loop
      vertex 22.4314 -7.0392 6
      vertex 22.7078 -7.15796 0
      vertex 22.4314 -7.0392 0
    endloop
  endfacet
  facet normal -0.488629 0.872492 0
    outer loop
      vertex 24.7282 -6.91882 0
      vertex 24.4657 -7.06583 6
      vertex 24.7282 -6.91882 6
    endloop
  endfacet
  facet normal -0.488629 0.872492 0
    outer loop
      vertex 24.4657 -7.06583 6
      vertex 24.7282 -6.91882 0
      vertex 24.4657 -7.06583 0
    endloop
  endfacet
  facet normal 0.969276 0.245975 0
    outer loop
      vertex 21.2881 -5.70062 6
      vertex 21.2141 -5.40902 0
      vertex 21.2141 -5.40902 6
    endloop
  endfacet
  facet normal 0.969276 0.245975 0
    outer loop
      vertex 21.2141 -5.40902 0
      vertex 21.2881 -5.70062 6
      vertex 21.2881 -5.70062 0
    endloop
  endfacet
  facet normal 0.989637 -0.143589 0
    outer loop
      vertex 21.1826 -4.80942 6
      vertex 21.2258 -4.51168 0
      vertex 21.2258 -4.51168 6
    endloop
  endfacet
  facet normal 0.989637 -0.143589 0
    outer loop
      vertex 21.2258 -4.51168 0
      vertex 21.1826 -4.80942 6
      vertex 21.1826 -4.80942 0
    endloop
  endfacet
  facet normal 0.928793 0.3706 0
    outer loop
      vertex 21.3996 -5.98006 6
      vertex 21.2881 -5.70062 0
      vertex 21.2881 -5.70062 6
    endloop
  endfacet
  facet normal 0.928793 0.3706 0
    outer loop
      vertex 21.2881 -5.70062 0
      vertex 21.3996 -5.98006 6
      vertex 21.3996 -5.98006 0
    endloop
  endfacet
  facet normal 0.872498 0.488618 0
    outer loop
      vertex 21.5466 -6.24255 6
      vertex 21.3996 -5.98006 0
      vertex 21.3996 -5.98006 6
    endloop
  endfacet
  facet normal 0.872498 0.488618 0
    outer loop
      vertex 21.3996 -5.98006 0
      vertex 21.5466 -6.24255 6
      vertex 21.5466 -6.24255 0
    endloop
  endfacet
  facet normal 0.981634 -0.190776 0
    outer loop
      vertex 21.2258 -4.51168 6
      vertex 21.3703 -3.76816 0
      vertex 21.3703 -3.76816 6
    endloop
  endfacet
  facet normal 0.981634 -0.190776 0
    outer loop
      vertex 21.3703 -3.76816 0
      vertex 21.2258 -4.51168 6
      vertex 21.2258 -4.51168 0
    endloop
  endfacet
  facet normal 0.987686 -0.156451 0
    outer loop
      vertex 21.3703 -3.76816 6
      vertex 21.4888 -3.02006 0
      vertex 21.4888 -3.02006 6
    endloop
  endfacet
  facet normal 0.987686 -0.156451 0
    outer loop
      vertex 21.4888 -3.02006 0
      vertex 21.3703 -3.76816 6
      vertex 21.3703 -3.76816 0
    endloop
  endfacet
  facet normal -0.98769 0.156427 0
    outer loop
      vertex 25.9004 -4.56695 0
      vertex 26.044 -3.66025 6
      vertex 26.044 -3.66025 0
    endloop
  endfacet
  facet normal -0.98769 0.156427 0
    outer loop
      vertex 26.044 -3.66025 6
      vertex 25.9004 -4.56695 0
      vertex 25.9004 -4.56695 6
    endloop
  endfacet
  facet normal -0.992543 0.121896 0
    outer loop
      vertex 26.044 -3.66025 0
      vertex 26.1559 -2.7491 6
      vertex 26.1559 -2.7491 0
    endloop
  endfacet
  facet normal -0.992543 0.121896 0
    outer loop
      vertex 26.1559 -2.7491 6
      vertex 26.044 -3.66025 0
      vertex 26.044 -3.66025 6
    endloop
  endfacet
  facet normal 0.992547 -0.121859 0
    outer loop
      vertex 21.4888 -3.02006 6
      vertex 21.5811 -2.26827 0
      vertex 21.5811 -2.26827 6
    endloop
  endfacet
  facet normal 0.992547 -0.121859 0
    outer loop
      vertex 21.5811 -2.26827 0
      vertex 21.4888 -3.02006 6
      vertex 21.4888 -3.02006 0
    endloop
  endfacet
  facet normal 0.996196 -0.0871355 0
    outer loop
      vertex 21.5811 -2.26827 6
      vertex 21.6471 -1.51371 0
      vertex 21.6471 -1.51371 6
    endloop
  endfacet
  facet normal 0.996196 -0.0871355 0
    outer loop
      vertex 21.6471 -1.51371 0
      vertex 21.5811 -2.26827 6
      vertex 21.5811 -2.26827 0
    endloop
  endfacet
  facet normal -0.996196 0.0871457 0
    outer loop
      vertex 26.1559 -2.7491 0
      vertex 26.2359 -1.83459 6
      vertex 26.2359 -1.83459 0
    endloop
  endfacet
  facet normal -0.996196 0.0871457 0
    outer loop
      vertex 26.2359 -1.83459 6
      vertex 26.1559 -2.7491 0
      vertex 26.1559 -2.7491 6
    endloop
  endfacet
  facet normal -0.998626 0.0523968 0
    outer loop
      vertex 26.2359 -1.83459 0
      vertex 26.284 -0.917856 6
      vertex 26.284 -0.917856 0
    endloop
  endfacet
  facet normal -0.998626 0.0523968 0
    outer loop
      vertex 26.284 -0.917856 6
      vertex 26.2359 -1.83459 0
      vertex 26.2359 -1.83459 6
    endloop
  endfacet
  facet normal 0.998625 -0.0524139 0
    outer loop
      vertex 21.6471 -1.51371 6
      vertex 21.6868 -0.757318 0
      vertex 21.6868 -0.757318 6
    endloop
  endfacet
  facet normal 0.998625 -0.0524139 0
    outer loop
      vertex 21.6868 -0.757318 0
      vertex 21.6471 -1.51371 6
      vertex 21.6471 -1.51371 0
    endloop
  endfacet
  facet normal 0.999848 -0.0174273 0
    outer loop
      vertex 21.6868 -0.757318 6
      vertex 21.7 0 0
      vertex 21.7 0 6
    endloop
  endfacet
  facet normal 0.999848 -0.0174273 0
    outer loop
      vertex 21.7 0 0
      vertex 21.6868 -0.757318 6
      vertex 21.6868 -0.757318 0
    endloop
  endfacet
  facet normal -0.999848 0.0174293 0
    outer loop
      vertex 26.284 -0.917856 0
      vertex 26.3 0 6
      vertex 26.3 0 0
    endloop
  endfacet
  facet normal -0.999848 0.0174293 0
    outer loop
      vertex 26.3 0 6
      vertex 26.284 -0.917856 0
      vertex 26.284 -0.917856 6
    endloop
  endfacet
  facet normal 0.999848 0.0174273 0
    outer loop
      vertex 21.7 0 6
      vertex 21.6868 0.757318 0
      vertex 21.6868 0.757318 6
    endloop
  endfacet
  facet normal 0.999848 0.0174273 0
    outer loop
      vertex 21.6868 0.757318 0
      vertex 21.7 0 6
      vertex 21.7 0 0
    endloop
  endfacet
  facet normal -0.999848 -0.0174293 0
    outer loop
      vertex 26.3 0 0
      vertex 26.284 0.917856 6
      vertex 26.284 0.917856 0
    endloop
  endfacet
  facet normal -0.999848 -0.0174293 0
    outer loop
      vertex 26.284 0.917856 6
      vertex 26.3 0 0
      vertex 26.3 0 6
    endloop
  endfacet
  facet normal -0.998626 -0.0523968 0
    outer loop
      vertex 26.284 0.917856 0
      vertex 26.2359 1.83459 6
      vertex 26.2359 1.83459 0
    endloop
  endfacet
  facet normal -0.998626 -0.0523968 0
    outer loop
      vertex 26.2359 1.83459 6
      vertex 26.284 0.917856 0
      vertex 26.284 0.917856 6
    endloop
  endfacet
  facet normal 0.998625 0.0524139 0
    outer loop
      vertex 21.6868 0.757318 6
      vertex 21.6471 1.51371 0
      vertex 21.6471 1.51371 6
    endloop
  endfacet
  facet normal 0.998625 0.0524139 0
    outer loop
      vertex 21.6471 1.51371 0
      vertex 21.6868 0.757318 6
      vertex 21.6868 0.757318 0
    endloop
  endfacet
  facet normal -0.996196 -0.0871457 0
    outer loop
      vertex 26.2359 1.83459 0
      vertex 26.1559 2.7491 6
      vertex 26.1559 2.7491 0
    endloop
  endfacet
  facet normal -0.996196 -0.0871457 0
    outer loop
      vertex 26.1559 2.7491 6
      vertex 26.2359 1.83459 0
      vertex 26.2359 1.83459 6
    endloop
  endfacet
  facet normal 0.996196 0.0871355 0
    outer loop
      vertex 21.6471 1.51371 6
      vertex 21.5811 2.26827 0
      vertex 21.5811 2.26827 6
    endloop
  endfacet
  facet normal 0.996196 0.0871355 0
    outer loop
      vertex 21.5811 2.26827 0
      vertex 21.6471 1.51371 6
      vertex 21.6471 1.51371 0
    endloop
  endfacet
  facet normal -0.992543 -0.121896 0
    outer loop
      vertex 26.1559 2.7491 0
      vertex 26.044 3.66025 6
      vertex 26.044 3.66025 0
    endloop
  endfacet
  facet normal -0.992543 -0.121896 0
    outer loop
      vertex 26.044 3.66025 6
      vertex 26.1559 2.7491 0
      vertex 26.1559 2.7491 6
    endloop
  endfacet
  facet normal 0.992547 0.121859 0
    outer loop
      vertex 21.5811 2.26827 6
      vertex 21.4888 3.02006 0
      vertex 21.4888 3.02006 6
    endloop
  endfacet
  facet normal 0.992547 0.121859 0
    outer loop
      vertex 21.4888 3.02006 0
      vertex 21.5811 2.26827 6
      vertex 21.5811 2.26827 0
    endloop
  endfacet
  facet normal -0.98769 -0.156427 0
    outer loop
      vertex 26.044 3.66025 0
      vertex 25.9004 4.56695 6
      vertex 25.9004 4.56695 0
    endloop
  endfacet
  facet normal -0.98769 -0.156427 0
    outer loop
      vertex 25.9004 4.56695 6
      vertex 26.044 3.66025 0
      vertex 26.044 3.66025 6
    endloop
  endfacet
  facet normal 0.987686 0.156451 0
    outer loop
      vertex 21.4888 3.02006 6
      vertex 21.3703 3.76816 0
      vertex 21.3703 3.76816 6
    endloop
  endfacet
  facet normal 0.987686 0.156451 0
    outer loop
      vertex 21.3703 3.76816 0
      vertex 21.4888 3.02006 6
      vertex 21.4888 3.02006 0
    endloop
  endfacet
  facet normal -0.370588 -0.928797 0
    outer loop
      vertex 24.1863 7.17731 0
      vertex 24.4657 7.06583 6
      vertex 24.1863 7.17731 6
    endloop
  endfacet
  facet normal -0.370588 -0.928797 -0
    outer loop
      vertex 24.4657 7.06583 6
      vertex 24.1863 7.17731 0
      vertex 24.4657 7.06583 0
    endloop
  endfacet
  facet normal -0.962424 -0.27155 0
    outer loop
      vertex 25.7253 5.46808 0
      vertex 25.6436 5.75764 6
      vertex 25.6436 5.75764 0
    endloop
  endfacet
  facet normal -0.962424 -0.27155 0
    outer loop
      vertex 25.6436 5.75764 6
      vertex 25.7253 5.46808 0
      vertex 25.7253 5.46808 6
    endloop
  endfacet
  facet normal -0.918863 -0.394577 0
    outer loop
      vertex 25.6436 5.75764 0
      vertex 25.5249 6.03406 6
      vertex 25.5249 6.03406 0
    endloop
  endfacet
  facet normal -0.918863 -0.394577 0
    outer loop
      vertex 25.5249 6.03406 6
      vertex 25.6436 5.75764 0
      vertex 25.6436 5.75764 6
    endloop
  endfacet
  facet normal 0.511242 -0.859437 0
    outer loop
      vertex 22.1728 6.88537 0
      vertex 22.4314 7.0392 6
      vertex 22.1728 6.88537 6
    endloop
  endfacet
  facet normal 0.511242 -0.859437 0
    outer loop
      vertex 22.4314 7.0392 6
      vertex 22.1728 6.88537 0
      vertex 22.4314 7.0392 0
    endloop
  endfacet
  facet normal 0.928793 -0.3706 0
    outer loop
      vertex 21.2881 5.70062 6
      vertex 21.3996 5.98006 0
      vertex 21.3996 5.98006 6
    endloop
  endfacet
  facet normal 0.928793 -0.3706 0
    outer loop
      vertex 21.3996 5.98006 0
      vertex 21.2881 5.70062 6
      vertex 21.2881 5.70062 0
    endloop
  endfacet
  facet normal 0.619045 -0.785356 0
    outer loop
      vertex 21.9365 6.69911 0
      vertex 22.1728 6.88537 6
      vertex 21.9365 6.69911 6
    endloop
  endfacet
  facet normal 0.619045 -0.785356 0
    outer loop
      vertex 22.1728 6.88537 6
      vertex 21.9365 6.69911 0
      vertex 22.1728 6.88537 0
    endloop
  endfacet
  facet normal 0.989637 0.143589 0
    outer loop
      vertex 21.2258 4.51168 6
      vertex 21.1826 4.80942 0
      vertex 21.1826 4.80942 6
    endloop
  endfacet
  facet normal 0.989637 0.143589 0
    outer loop
      vertex 21.1826 4.80942 0
      vertex 21.2258 4.51168 6
      vertex 21.2258 4.51168 0
    endloop
  endfacet
  facet normal 0.872498 -0.488618 0
    outer loop
      vertex 21.3996 5.98006 6
      vertex 21.5466 6.24255 0
      vertex 21.5466 6.24255 6
    endloop
  endfacet
  facet normal 0.872498 -0.488618 0
    outer loop
      vertex 21.5466 6.24255 0
      vertex 21.3996 5.98006 6
      vertex 21.3996 5.98006 0
    endloop
  endfacet
  facet normal 0.981634 0.190776 0
    outer loop
      vertex 21.3703 3.76816 6
      vertex 21.2258 4.51168 0
      vertex 21.2258 4.51168 6
    endloop
  endfacet
  facet normal 0.981634 0.190776 0
    outer loop
      vertex 21.2258 4.51168 0
      vertex 21.3703 3.76816 6
      vertex 21.3703 3.76816 0
    endloop
  endfacet
  facet normal 0.969276 -0.245975 0
    outer loop
      vertex 21.2141 5.40902 6
      vertex 21.2881 5.70062 0
      vertex 21.2881 5.70062 6
    endloop
  endfacet
  facet normal 0.969276 -0.245975 0
    outer loop
      vertex 21.2881 5.70062 0
      vertex 21.2141 5.40902 6
      vertex 21.2141 5.40902 0
    endloop
  endfacet
  facet normal -0.98164 -0.190744 0
    outer loop
      vertex 25.9004 4.56695 0
      vertex 25.7253 5.46808 6
      vertex 25.7253 5.46808 0
    endloop
  endfacet
  facet normal -0.98164 -0.190744 0
    outer loop
      vertex 25.7253 5.46808 6
      vertex 25.9004 4.56695 0
      vertex 25.9004 4.56695 6
    endloop
  endfacet
  facet normal -0.859291 -0.511487 0
    outer loop
      vertex 25.5249 6.03406 0
      vertex 25.371 6.29261 6
      vertex 25.371 6.29261 0
    endloop
  endfacet
  facet normal -0.859291 -0.511487 0
    outer loop
      vertex 25.371 6.29261 6
      vertex 25.5249 6.03406 0
      vertex 25.5249 6.03406 6
    endloop
  endfacet
  facet normal -0.697789 -0.716303 0
    outer loop
      vertex 24.9693 6.73881 0
      vertex 25.1848 6.52888 6
      vertex 24.9693 6.73881 6
    endloop
  endfacet
  facet normal -0.697789 -0.716303 -0
    outer loop
      vertex 25.1848 6.52888 6
      vertex 24.9693 6.73881 0
      vertex 25.1848 6.52888 0
    endloop
  endfacet
  facet normal 0.993054 -0.117663 0
    outer loop
      vertex 21.1787 5.11025 6
      vertex 21.2141 5.40902 0
      vertex 21.2141 5.40902 6
    endloop
  endfacet
  facet normal 0.993054 -0.117663 0
    outer loop
      vertex 21.2141 5.40902 0
      vertex 21.1787 5.11025 6
      vertex 21.1787 5.11025 0
    endloop
  endfacet
  facet normal 0.39477 -0.91878 0
    outer loop
      vertex 22.4314 7.0392 0
      vertex 22.7078 7.15796 6
      vertex 22.4314 7.0392 6
    endloop
  endfacet
  facet normal 0.39477 -0.91878 0
    outer loop
      vertex 22.7078 7.15796 6
      vertex 22.4314 7.0392 0
      vertex 22.7078 7.15796 0
    endloop
  endfacet
  facet normal -0.598265 -0.801298 0
    outer loop
      vertex 24.7282 6.91882 0
      vertex 24.9693 6.73881 6
      vertex 24.7282 6.91882 6
    endloop
  endfacet
  facet normal -0.598265 -0.801298 -0
    outer loop
      vertex 24.9693 6.73881 6
      vertex 24.7282 6.91882 0
      vertex 24.9693 6.73881 0
    endloop
  endfacet
  facet normal -0.488629 -0.872492 0
    outer loop
      vertex 24.4657 7.06583 0
      vertex 24.7282 6.91882 6
      vertex 24.4657 7.06583 6
    endloop
  endfacet
  facet normal -0.488629 -0.872492 -0
    outer loop
      vertex 24.7282 6.91882 6
      vertex 24.4657 7.06583 0
      vertex 24.7282 6.91882 0
    endloop
  endfacet
  facet normal -0.246163 -0.969229 0
    outer loop
      vertex 23.8947 7.25137 0
      vertex 24.1863 7.17731 6
      vertex 23.8947 7.25137 6
    endloop
  endfacet
  facet normal -0.246163 -0.969229 -0
    outer loop
      vertex 24.1863 7.17731 6
      vertex 23.8947 7.25137 0
      vertex 24.1863 7.17731 0
    endloop
  endfacet
  facet normal 0.271479 -0.962444 0
    outer loop
      vertex 22.7078 7.15796 0
      vertex 22.9973 7.23962 6
      vertex 22.7078 7.15796 6
    endloop
  endfacet
  facet normal 0.271479 -0.962444 0
    outer loop
      vertex 22.9973 7.23962 6
      vertex 22.7078 7.15796 0
      vertex 22.9973 7.23962 0
    endloop
  endfacet
  facet normal -0.11752 -0.993071 0
    outer loop
      vertex 23.5959 7.28673 0
      vertex 23.8947 7.25137 6
      vertex 23.5959 7.28673 6
    endloop
  endfacet
  facet normal -0.11752 -0.993071 -0
    outer loop
      vertex 23.8947 7.25137 6
      vertex 23.5959 7.28673 0
      vertex 23.8947 7.25137 0
    endloop
  endfacet
  facet normal 0.999916 0.012963 0
    outer loop
      vertex 21.1826 4.80942 6
      vertex 21.1787 5.11025 0
      vertex 21.1787 5.11025 6
    endloop
  endfacet
  facet normal 0.999916 0.012963 0
    outer loop
      vertex 21.1787 5.11025 0
      vertex 21.1826 4.80942 6
      vertex 21.1826 4.80942 0
    endloop
  endfacet
  facet normal -0.785414 -0.61897 0
    outer loop
      vertex 25.371 6.29261 0
      vertex 25.1848 6.52888 6
      vertex 25.1848 6.52888 0
    endloop
  endfacet
  facet normal -0.785414 -0.61897 0
    outer loop
      vertex 25.1848 6.52888 6
      vertex 25.371 6.29261 0
      vertex 25.371 6.29261 6
    endloop
  endfacet
  facet normal 0.143464 -0.989656 0
    outer loop
      vertex 22.9973 7.23962 0
      vertex 23.2951 7.28279 6
      vertex 22.9973 7.23962 6
    endloop
  endfacet
  facet normal 0.143464 -0.989656 0
    outer loop
      vertex 23.2951 7.28279 6
      vertex 22.9973 7.23962 0
      vertex 23.2951 7.28279 0
    endloop
  endfacet
  facet normal 0.716353 -0.697738 0
    outer loop
      vertex 21.7266 6.48361 6
      vertex 21.9365 6.69911 0
      vertex 21.9365 6.69911 6
    endloop
  endfacet
  facet normal 0.716353 -0.697738 0
    outer loop
      vertex 21.9365 6.69911 0
      vertex 21.7266 6.48361 6
      vertex 21.7266 6.48361 0
    endloop
  endfacet
  facet normal 0.0130973 -0.999914 0
    outer loop
      vertex 23.2951 7.28279 0
      vertex 23.5959 7.28673 6
      vertex 23.2951 7.28279 6
    endloop
  endfacet
  facet normal 0.0130973 -0.999914 0
    outer loop
      vertex 23.5959 7.28673 6
      vertex 23.2951 7.28279 0
      vertex 23.5959 7.28673 0
    endloop
  endfacet
  facet normal 0.801267 -0.598307 0
    outer loop
      vertex 21.5466 6.24255 6
      vertex 21.7266 6.48361 0
      vertex 21.7266 6.48361 6
    endloop
  endfacet
  facet normal 0.801267 -0.598307 0
    outer loop
      vertex 21.7266 6.48361 0
      vertex 21.5466 6.24255 6
      vertex 21.5466 6.24255 0
    endloop
  endfacet
  facet normal 0.24999 0.968248 -0
    outer loop
      vertex 26.3294 8.69333 0
      vertex 3.88229 14.4889 6
      vertex 26.3294 8.69333 6
    endloop
  endfacet
  facet normal 0.24999 0.968248 0
    outer loop
      vertex 3.88229 14.4889 6
      vertex 26.3294 8.69333 0
      vertex 3.88229 14.4889 0
    endloop
  endfacet
  facet normal -0.831488 0.555543 0
    outer loop
      vertex -31.7942 4.5 0
      vertex -31.1402 5.47885 6
      vertex -31.1402 5.47885 0
    endloop
  endfacet
  facet normal -0.831488 0.555543 0
    outer loop
      vertex -31.1402 5.47885 6
      vertex -31.7942 4.5 0
      vertex -31.7942 4.5 6
    endloop
  endfacet
  facet normal 0 0 -1
    outer loop
      vertex -21.3703 -3.76816 0
      vertex -3.88229 -14.4889 0
      vertex -21.2258 -4.51168 0
    endloop
  endfacet
  facet normal 0 0 -1
    outer loop
      vertex -3.88229 14.4889 0
      vertex -21.1826 4.80942 0
      vertex -21.1787 5.11025 0
    endloop
  endfacet
  facet normal 0 0 -1
    outer loop
      vertex -21.4888 -3.02006 0
      vertex -3.88229 -14.4889 0
      vertex -21.3703 -3.76816 0
    endloop
  endfacet
  facet normal 0 0 -1
    outer loop
      vertex -3.88229 14.4889 0
      vertex -21.2258 4.51168 0
      vertex -21.1826 4.80942 0
    endloop
  endfacet
  facet normal 0 0 -1
    outer loop
      vertex -21.5811 -2.26827 0
      vertex -3.88229 -14.4889 0
      vertex -21.4888 -3.02006 0
    endloop
  endfacet
  facet normal 0 0 -1
    outer loop
      vertex -3.88229 14.4889 0
      vertex -21.3703 3.76816 0
      vertex -21.2258 4.51168 0
    endloop
  endfacet
  facet normal 0 0 -1
    outer loop
      vertex -21.6471 -1.51371 0
      vertex -3.88229 -14.4889 0
      vertex -21.5811 -2.26827 0
    endloop
  endfacet
  facet normal 0 0 -1
    outer loop
      vertex -3.88229 14.4889 0
      vertex -21.4888 3.02006 0
      vertex -21.3703 3.76816 0
    endloop
  endfacet
  facet normal 0 0 -1
    outer loop
      vertex -21.6868 -0.757318 0
      vertex -3.88229 -14.4889 0
      vertex -21.6471 -1.51371 0
    endloop
  endfacet
  facet normal 0 0 -1
    outer loop
      vertex -3.88229 14.4889 0
      vertex -21.5811 2.26827 0
      vertex -21.4888 3.02006 0
    endloop
  endfacet
  facet normal 0 0 -1
    outer loop
      vertex -3.88229 -14.4889 0
      vertex -21.6868 -0.757318 0
      vertex -3.88229 14.4889 0
    endloop
  endfacet
  facet normal 0 0 -1
    outer loop
      vertex -3.88229 14.4889 0
      vertex -21.6471 1.51371 0
      vertex -21.5811 2.26827 0
    endloop
  endfacet
  facet normal 0 0 -1
    outer loop
      vertex -21.7 0 0
      vertex -3.88229 14.4889 0
      vertex -21.6868 -0.757318 0
    endloop
  endfacet
  facet normal 0 0 -1
    outer loop
      vertex -3.88229 14.4889 0
      vertex -21.6868 0.757318 0
      vertex -21.6471 1.51371 0
    endloop
  endfacet
  facet normal 0 0 -1
    outer loop
      vertex -3.88229 14.4889 0
      vertex -21.7 0 0
      vertex -21.6868 0.757318 0
    endloop
  endfacet
  facet normal 0 0 -1
    outer loop
      vertex -21.2258 -4.51168 0
      vertex -3.88229 -14.4889 0
      vertex -21.1826 -4.80942 0
    endloop
  endfacet
  facet normal 0 0 -1
    outer loop
      vertex -21.2141 5.40902 0
      vertex -3.88229 14.4889 0
      vertex -21.1787 5.11025 0
    endloop
  endfacet
  facet normal 0 0 -1
    outer loop
      vertex -21.2881 5.70062 0
      vertex -3.88229 14.4889 0
      vertex -21.2141 5.40902 0
    endloop
  endfacet
  facet normal 0 0 -1
    outer loop
      vertex -21.3996 5.98006 0
      vertex -3.88229 14.4889 0
      vertex -21.2881 5.70062 0
    endloop
  endfacet
  facet normal 0 0 -1
    outer loop
      vertex -21.5466 6.24255 0
      vertex -3.88229 14.4889 0
      vertex -21.3996 5.98006 0
    endloop
  endfacet
  facet normal 0 0 -1
    outer loop
      vertex -21.7266 6.48361 0
      vertex -3.88229 14.4889 0
      vertex -21.5466 6.24255 0
    endloop
  endfacet
  facet normal 0 0 -1
    outer loop
      vertex -21.9365 6.69911 0
      vertex -3.88229 14.4889 0
      vertex -21.7266 6.48361 0
    endloop
  endfacet
  facet normal 0 0 -1
    outer loop
      vertex -22.1728 6.88537 0
      vertex -3.88229 14.4889 0
      vertex -21.9365 6.69911 0
    endloop
  endfacet
  facet normal 0 0 -1
    outer loop
      vertex -22.4314 7.0392 0
      vertex -3.88229 14.4889 0
      vertex -22.1728 6.88537 0
    endloop
  endfacet
  facet normal 0 0 -1
    outer loop
      vertex -22.7078 7.15796 0
      vertex -3.88229 14.4889 0
      vertex -22.4314 7.0392 0
    endloop
  endfacet
  facet normal 0 0 -1
    outer loop
      vertex -26.3294 8.69333 0
      vertex -22.7078 7.15796 0
      vertex -22.9973 7.23962 0
    endloop
  endfacet
  facet normal 0 0 -1
    outer loop
      vertex -26.3294 8.69333 0
      vertex -22.9973 7.23962 0
      vertex -23.2951 7.28279 0
    endloop
  endfacet
  facet normal 0 0 -1
    outer loop
      vertex -26.3294 8.69333 0
      vertex -23.2951 7.28279 0
      vertex -23.5959 7.28673 0
    endloop
  endfacet
  facet normal 0 0 -1
    outer loop
      vertex -26.3294 8.69333 0
      vertex -23.5959 7.28673 0
      vertex -23.8947 7.25137 0
    endloop
  endfacet
  facet normal 0 0 -1
    outer loop
      vertex -26.3294 8.69333 0
      vertex -23.8947 7.25137 0
      vertex -24.1863 7.17731 0
    endloop
  endfacet
  facet normal 0 0 -1
    outer loop
      vertex -22.7078 7.15796 0
      vertex -26.3294 8.69333 0
      vertex -3.88229 14.4889 0
    endloop
  endfacet
  facet normal 0 0 -1
    outer loop
      vertex -24.4657 7.06583 0
      vertex -26.3294 8.69333 0
      vertex -24.1863 7.17731 0
    endloop
  endfacet
  facet normal 0 0 -1
    outer loop
      vertex -24.7282 6.91882 0
      vertex -26.3294 8.69333 0
      vertex -24.4657 7.06583 0
    endloop
  endfacet
  facet normal 0 0 -1
    outer loop
      vertex -24.9693 6.73881 0
      vertex -26.3294 8.69333 0
      vertex -24.7282 6.91882 0
    endloop
  endfacet
  facet normal 0 0 -1
    outer loop
      vertex -25.1848 6.52888 0
      vertex -26.3294 8.69333 0
      vertex -24.9693 6.73881 0
    endloop
  endfacet
  facet normal 0 0 -1
    outer loop
      vertex -25.371 6.29261 0
      vertex -26.3294 8.69333 0
      vertex -25.1848 6.52888 0
    endloop
  endfacet
  facet normal 0 0 -1
    outer loop
      vertex -27.4441 8.31492 0
      vertex -25.371 6.29261 0
      vertex -25.5249 6.03406 0
    endloop
  endfacet
  facet normal 0 0 -1
    outer loop
      vertex -27.4441 8.31492 0
      vertex -25.5249 6.03406 0
      vertex -25.6436 5.75764 0
    endloop
  endfacet
  facet normal 0 0 -1
    outer loop
      vertex -28.5 7.79423 0
      vertex -25.6436 5.75764 0
      vertex -25.7253 5.46808 0
    endloop
  endfacet
  facet normal 0 0 -1
    outer loop
      vertex -29.4789 7.14018 0
      vertex -25.7253 5.46808 0
      vertex -25.9004 4.56695 0
    endloop
  endfacet
  facet normal 0 0 -1
    outer loop
      vertex -30.364 6.36396 0
      vertex -25.9004 4.56695 0
      vertex -26.044 3.66025 0
    endloop
  endfacet
  facet normal 0 0 -1
    outer loop
      vertex -31.1402 5.47885 0
      vertex -26.044 3.66025 0
      vertex -26.1559 2.7491 0
    endloop
  endfacet
  facet normal 0 0 -1
    outer loop
      vertex -32.3149 3.44415 0
      vertex -26.1559 2.7491 0
      vertex -26.2359 1.83459 0
    endloop
  endfacet
  facet normal 0 0 -1
    outer loop
      vertex -32.6933 2.32937 0
      vertex -26.2359 1.83459 0
      vertex -26.284 0.917856 0
    endloop
  endfacet
  facet normal 0 0 -1
    outer loop
      vertex -32.923 1.17474 0
      vertex -26.284 0.917856 0
      vertex -26.3 0 0
    endloop
  endfacet
  facet normal 0 0 -1
    outer loop
      vertex -31.1402 -5.47885 0
      vertex -26.044 -3.66025 0
      vertex -30.364 -6.36396 0
    endloop
  endfacet
  facet normal -0 0 -1
    outer loop
      vertex -26.044 -3.66025 0
      vertex -31.1402 -5.47885 0
      vertex -26.1559 -2.7491 0
    endloop
  endfacet
  facet normal 0 0 -1
    outer loop
      vertex -25.371 6.29261 0
      vertex -27.4441 8.31492 0
      vertex -26.3294 8.69333 0
    endloop
  endfacet
  facet normal 0 0 -1
    outer loop
      vertex -31.7942 -4.5 0
      vertex -26.1559 -2.7491 0
      vertex -31.1402 -5.47885 0
    endloop
  endfacet
  facet normal 0 0 -1
    outer loop
      vertex -25.6436 5.75764 0
      vertex -28.5 7.79423 0
      vertex -27.4441 8.31492 0
    endloop
  endfacet
  facet normal 0 0 -1
    outer loop
      vertex -32.3149 -3.44415 0
      vertex -26.1559 -2.7491 0
      vertex -31.7942 -4.5 0
    endloop
  endfacet
  facet normal 0 0 -1
    outer loop
      vertex -25.7253 5.46808 0
      vertex -29.4789 7.14018 0
      vertex -28.5 7.79423 0
    endloop
  endfacet
  facet normal -0 0 -1
    outer loop
      vertex -26.1559 -2.7491 0
      vertex -32.3149 -3.44415 0
      vertex -26.2359 -1.83459 0
    endloop
  endfacet
  facet normal 0 0 -1
    outer loop
      vertex -25.9004 4.56695 0
      vertex -30.364 6.36396 0
      vertex -29.4789 7.14018 0
    endloop
  endfacet
  facet normal 0 0 -1
    outer loop
      vertex -32.6933 -2.32937 0
      vertex -26.2359 -1.83459 0
      vertex -32.3149 -3.44415 0
    endloop
  endfacet
  facet normal 0 0 -1
    outer loop
      vertex -26.044 3.66025 0
      vertex -31.1402 5.47885 0
      vertex -30.364 6.36396 0
    endloop
  endfacet
  facet normal -0 0 -1
    outer loop
      vertex -26.2359 -1.83459 0
      vertex -32.6933 -2.32937 0
      vertex -26.284 -0.917856 0
    endloop
  endfacet
  facet normal 0 0 -1
    outer loop
      vertex -26.1559 2.7491 0
      vertex -31.7942 4.5 0
      vertex -31.1402 5.47885 0
    endloop
  endfacet
  facet normal 0 0 -1
    outer loop
      vertex -32.923 -1.17474 0
      vertex -26.284 -0.917856 0
      vertex -32.6933 -2.32937 0
    endloop
  endfacet
  facet normal 0 0 -1
    outer loop
      vertex -26.1559 2.7491 0
      vertex -32.3149 3.44415 0
      vertex -31.7942 4.5 0
    endloop
  endfacet
  facet normal -0 0 -1
    outer loop
      vertex -26.284 -0.917856 0
      vertex -32.923 -1.17474 0
      vertex -26.3 0 0
    endloop
  endfacet
  facet normal 0 0 -1
    outer loop
      vertex -26.2359 1.83459 0
      vertex -32.6933 2.32937 0
      vertex -32.3149 3.44415 0
    endloop
  endfacet
  facet normal 0 0 -1
    outer loop
      vertex -33 0 0
      vertex -26.3 0 0
      vertex -32.923 -1.17474 0
    endloop
  endfacet
  facet normal 0 0 -1
    outer loop
      vertex -26.284 0.917856 0
      vertex -32.923 1.17474 0
      vertex -32.6933 2.32937 0
    endloop
  endfacet
  facet normal 0 0 -1
    outer loop
      vertex -26.3 0 0
      vertex -33 0 0
      vertex -32.923 1.17474 0
    endloop
  endfacet
  facet normal 0 0 -1
    outer loop
      vertex 26.3 0 0
      vertex 33 0 0
      vertex 32.923 -1.17474 0
    endloop
  endfacet
  facet normal 0 0 -1
    outer loop
      vertex 26.284 -0.917856 0
      vertex 32.923 -1.17474 0
      vertex 32.6933 -2.32937 0
    endloop
  endfacet
  facet normal 0 0 -1
    outer loop
      vertex 33 0 0
      vertex 26.3 0 0
      vertex 32.923 1.17474 0
    endloop
  endfacet
  facet normal 0 0 -1
    outer loop
      vertex 26.2359 -1.83459 0
      vertex 32.6933 -2.32937 0
      vertex 32.3149 -3.44415 0
    endloop
  endfacet
  facet normal 0 0 -1
    outer loop
      vertex 26.284 0.917856 0
      vertex 32.923 1.17474 0
      vertex 26.3 0 0
    endloop
  endfacet
  facet normal 0 0 -1
    outer loop
      vertex 26.1559 -2.7491 0
      vertex 32.3149 -3.44415 0
      vertex 31.7942 -4.5 0
    endloop
  endfacet
  facet normal -0 0 -1
    outer loop
      vertex 32.923 1.17474 0
      vertex 26.284 0.917856 0
      vertex 32.6933 2.32937 0
    endloop
  endfacet
  facet normal 0 0 -1
    outer loop
      vertex 26.1559 -2.7491 0
      vertex 31.7942 -4.5 0
      vertex 31.1402 -5.47885 0
    endloop
  endfacet
  facet normal 0 0 -1
    outer loop
      vertex 26.2359 1.83459 0
      vertex 32.6933 2.32937 0
      vertex 26.284 0.917856 0
    endloop
  endfacet
  facet normal 0 0 -1
    outer loop
      vertex 26.044 -3.66025 0
      vertex 31.1402 -5.47885 0
      vertex 30.364 -6.36396 0
    endloop
  endfacet
  facet normal -0 0 -1
    outer loop
      vertex 32.6933 2.32937 0
      vertex 26.2359 1.83459 0
      vertex 32.3149 3.44415 0
    endloop
  endfacet
  facet normal 0 0 -1
    outer loop
      vertex 25.9004 -4.56695 0
      vertex 30.364 -6.36396 0
      vertex 29.4789 -7.14018 0
    endloop
  endfacet
  facet normal 0 0 -1
    outer loop
      vertex 32.923 -1.17474 0
      vertex 26.284 -0.917856 0
      vertex 26.3 0 0
    endloop
  endfacet
  facet normal 0 0 -1
    outer loop
      vertex 25.7253 -5.46808 0
      vertex 29.4789 -7.14018 0
      vertex 28.5 -7.79423 0
    endloop
  endfacet
  facet normal 0 0 -1
    outer loop
      vertex 26.1559 2.7491 0
      vertex 32.3149 3.44415 0
      vertex 26.2359 1.83459 0
    endloop
  endfacet
  facet normal 0 0 -1
    outer loop
      vertex 25.6436 -5.75764 0
      vertex 28.5 -7.79423 0
      vertex 27.4441 -8.31492 0
    endloop
  endfacet
  facet normal -0 0 -1
    outer loop
      vertex 32.3149 3.44415 0
      vertex 26.1559 2.7491 0
      vertex 31.7942 4.5 0
    endloop
  endfacet
  facet normal 0 0 -1
    outer loop
      vertex 25.371 -6.29261 0
      vertex 27.4441 -8.31492 0
      vertex 26.3294 -8.69333 0
    endloop
  endfacet
  facet normal -0 0 -1
    outer loop
      vertex 31.7942 4.5 0
      vertex 26.1559 2.7491 0
      vertex 31.1402 5.47885 0
    endloop
  endfacet
  facet normal -0 0 -1
    outer loop
      vertex 31.1402 5.47885 0
      vertex 26.044 3.66025 0
      vertex 30.364 6.36396 0
    endloop
  endfacet
  facet normal 0 0 -1
    outer loop
      vertex 26.044 3.66025 0
      vertex 31.1402 5.47885 0
      vertex 26.1559 2.7491 0
    endloop
  endfacet
  facet normal 0 0 -1
    outer loop
      vertex 32.6933 -2.32937 0
      vertex 26.2359 -1.83459 0
      vertex 26.284 -0.917856 0
    endloop
  endfacet
  facet normal 0 0 -1
    outer loop
      vertex 32.3149 -3.44415 0
      vertex 26.1559 -2.7491 0
      vertex 26.2359 -1.83459 0
    endloop
  endfacet
  facet normal 0 0 -1
    outer loop
      vertex 31.1402 -5.47885 0
      vertex 26.044 -3.66025 0
      vertex 26.1559 -2.7491 0
    endloop
  endfacet
  facet normal 0 0 -1
    outer loop
      vertex 30.364 -6.36396 0
      vertex 25.9004 -4.56695 0
      vertex 26.044 -3.66025 0
    endloop
  endfacet
  facet normal 0 0 -1
    outer loop
      vertex 29.4789 -7.14018 0
      vertex 25.7253 -5.46808 0
      vertex 25.9004 -4.56695 0
    endloop
  endfacet
  facet normal 0 0 -1
    outer loop
      vertex 28.5 -7.79423 0
      vertex 25.6436 -5.75764 0
      vertex 25.7253 -5.46808 0
    endloop
  endfacet
  facet normal 0 0 -1
    outer loop
      vertex 27.4441 -8.31492 0
      vertex 25.5249 -6.03406 0
      vertex 25.6436 -5.75764 0
    endloop
  endfacet
  facet normal 0 0 -1
    outer loop
      vertex 27.4441 -8.31492 0
      vertex 25.371 -6.29261 0
      vertex 25.5249 -6.03406 0
    endloop
  endfacet
  facet normal 0 0 -1
    outer loop
      vertex 26.3294 -8.69333 0
      vertex 25.1848 -6.52888 0
      vertex 25.371 -6.29261 0
    endloop
  endfacet
  facet normal 0 0 -1
    outer loop
      vertex 26.3294 -8.69333 0
      vertex 24.9693 -6.73881 0
      vertex 25.1848 -6.52888 0
    endloop
  endfacet
  facet normal 0 0 -1
    outer loop
      vertex 26.3294 -8.69333 0
      vertex 24.7282 -6.91882 0
      vertex 24.9693 -6.73881 0
    endloop
  endfacet
  facet normal 0 0 -1
    outer loop
      vertex 26.3294 -8.69333 0
      vertex 24.4657 -7.06583 0
      vertex 24.7282 -6.91882 0
    endloop
  endfacet
  facet normal 0 0 -1
    outer loop
      vertex 26.3294 -8.69333 0
      vertex 24.1863 -7.17731 0
      vertex 24.4657 -7.06583 0
    endloop
  endfacet
  facet normal 0 0 -1
    outer loop
      vertex 26.3294 -8.69333 0
      vertex 23.8947 -7.25137 0
      vertex 24.1863 -7.17731 0
    endloop
  endfacet
  facet normal 0 0 -1
    outer loop
      vertex 26.3294 -8.69333 0
      vertex 23.5959 -7.28673 0
      vertex 23.8947 -7.25137 0
    endloop
  endfacet
  facet normal 0 0 -1
    outer loop
      vertex 26.3294 -8.69333 0
      vertex 23.2951 -7.28279 0
      vertex 23.5959 -7.28673 0
    endloop
  endfacet
  facet normal 0 0 -1
    outer loop
      vertex 26.3294 -8.69333 0
      vertex 22.9973 -7.23962 0
      vertex 23.2951 -7.28279 0
    endloop
  endfacet
  facet normal 0 0 -1
    outer loop
      vertex 26.3294 -8.69333 0
      vertex 22.7078 -7.15796 0
      vertex 22.9973 -7.23962 0
    endloop
  endfacet
  facet normal 0 0 -1
    outer loop
      vertex 21.2258 4.51168 0
      vertex 3.88229 14.4889 0
      vertex 21.1826 4.80942 0
    endloop
  endfacet
  facet normal -0 0 -1
    outer loop
      vertex 21.2141 -5.40902 0
      vertex 3.88229 -14.4889 0
      vertex 21.1787 -5.11025 0
    endloop
  endfacet
  facet normal -0 0 -1
    outer loop
      vertex 21.2881 -5.70062 0
      vertex 3.88229 -14.4889 0
      vertex 21.2141 -5.40902 0
    endloop
  endfacet
  facet normal -0 0 -1
    outer loop
      vertex 21.3996 -5.98006 0
      vertex 3.88229 -14.4889 0
      vertex 21.2881 -5.70062 0
    endloop
  endfacet
  facet normal -0 0 -1
    outer loop
      vertex 21.5466 -6.24255 0
      vertex 3.88229 -14.4889 0
      vertex 21.3996 -5.98006 0
    endloop
  endfacet
  facet normal -0 0 -1
    outer loop
      vertex 21.7266 -6.48361 0
      vertex 3.88229 -14.4889 0
      vertex 21.5466 -6.24255 0
    endloop
  endfacet
  facet normal -0 0 -1
    outer loop
      vertex 21.9365 -6.69911 0
      vertex 3.88229 -14.4889 0
      vertex 21.7266 -6.48361 0
    endloop
  endfacet
  facet normal -0 0 -1
    outer loop
      vertex 22.1728 -6.88537 0
      vertex 3.88229 -14.4889 0
      vertex 21.9365 -6.69911 0
    endloop
  endfacet
  facet normal -0 0 -1
    outer loop
      vertex 22.4314 -7.0392 0
      vertex 3.88229 -14.4889 0
      vertex 22.1728 -6.88537 0
    endloop
  endfacet
  facet normal -0 0 -1
    outer loop
      vertex 22.7078 -7.15796 0
      vertex 3.88229 -14.4889 0
      vertex 22.4314 -7.0392 0
    endloop
  endfacet
  facet normal 0 0 -1
    outer loop
      vertex 3.88229 -14.4889 0
      vertex 22.7078 -7.15796 0
      vertex 26.3294 -8.69333 0
    endloop
  endfacet
  facet normal 0 0 -1
    outer loop
      vertex 25.9004 4.56695 0
      vertex 30.364 6.36396 0
      vertex 26.044 3.66025 0
    endloop
  endfacet
  facet normal -0 0 -1
    outer loop
      vertex 30.364 6.36396 0
      vertex 25.9004 4.56695 0
      vertex 29.4789 7.14018 0
    endloop
  endfacet
  facet normal 0 0 -1
    outer loop
      vertex 25.7253 5.46808 0
      vertex 29.4789 7.14018 0
      vertex 25.9004 4.56695 0
    endloop
  endfacet
  facet normal -0 0 -1
    outer loop
      vertex 29.4789 7.14018 0
      vertex 25.7253 5.46808 0
      vertex 28.5 7.79423 0
    endloop
  endfacet
  facet normal 0 0 -1
    outer loop
      vertex 25.6436 5.75764 0
      vertex 28.5 7.79423 0
      vertex 25.7253 5.46808 0
    endloop
  endfacet
  facet normal -0 0 -1
    outer loop
      vertex 28.5 7.79423 0
      vertex 25.6436 5.75764 0
      vertex 27.4441 8.31492 0
    endloop
  endfacet
  facet normal 0 0 -1
    outer loop
      vertex 25.5249 6.03406 0
      vertex 27.4441 8.31492 0
      vertex 25.6436 5.75764 0
    endloop
  endfacet
  facet normal 0 0 -1
    outer loop
      vertex 25.371 6.29261 0
      vertex 27.4441 8.31492 0
      vertex 25.5249 6.03406 0
    endloop
  endfacet
  facet normal -0 0 -1
    outer loop
      vertex 27.4441 8.31492 0
      vertex 25.371 6.29261 0
      vertex 26.3294 8.69333 0
    endloop
  endfacet
  facet normal 0 0 -1
    outer loop
      vertex 25.1848 6.52888 0
      vertex 26.3294 8.69333 0
      vertex 25.371 6.29261 0
    endloop
  endfacet
  facet normal 0 0 -1
    outer loop
      vertex 24.9693 6.73881 0
      vertex 26.3294 8.69333 0
      vertex 25.1848 6.52888 0
    endloop
  endfacet
  facet normal 0 0 -1
    outer loop
      vertex 24.7282 6.91882 0
      vertex 26.3294 8.69333 0
      vertex 24.9693 6.73881 0
    endloop
  endfacet
  facet normal 0 0 -1
    outer loop
      vertex 24.4657 7.06583 0
      vertex 26.3294 8.69333 0
      vertex 24.7282 6.91882 0
    endloop
  endfacet
  facet normal 0 0 -1
    outer loop
      vertex 24.1863 7.17731 0
      vertex 26.3294 8.69333 0
      vertex 24.4657 7.06583 0
    endloop
  endfacet
  facet normal 0 0 -1
    outer loop
      vertex 23.8947 7.25137 0
      vertex 26.3294 8.69333 0
      vertex 24.1863 7.17731 0
    endloop
  endfacet
  facet normal 0 0 -1
    outer loop
      vertex 23.5959 7.28673 0
      vertex 26.3294 8.69333 0
      vertex 23.8947 7.25137 0
    endloop
  endfacet
  facet normal 0 0 -1
    outer loop
      vertex 23.2951 7.28279 0
      vertex 26.3294 8.69333 0
      vertex 23.5959 7.28673 0
    endloop
  endfacet
  facet normal 0 0 -1
    outer loop
      vertex 22.9973 7.23962 0
      vertex 26.3294 8.69333 0
      vertex 23.2951 7.28279 0
    endloop
  endfacet
  facet normal 0 0 -1
    outer loop
      vertex 22.7078 7.15796 0
      vertex 26.3294 8.69333 0
      vertex 22.9973 7.23962 0
    endloop
  endfacet
  facet normal 0 0 -1
    outer loop
      vertex 21.1826 4.80942 0
      vertex 3.88229 14.4889 0
      vertex 21.1787 5.11025 0
    endloop
  endfacet
  facet normal 0 0 -1
    outer loop
      vertex 21.1787 5.11025 0
      vertex 3.88229 14.4889 0
      vertex 21.2141 5.40902 0
    endloop
  endfacet
  facet normal 0 0 -1
    outer loop
      vertex 21.2141 5.40902 0
      vertex 3.88229 14.4889 0
      vertex 21.2881 5.70062 0
    endloop
  endfacet
  facet normal 0 0 -1
    outer loop
      vertex 21.2881 5.70062 0
      vertex 3.88229 14.4889 0
      vertex 21.3996 5.98006 0
    endloop
  endfacet
  facet normal 0 0 -1
    outer loop
      vertex 21.3996 5.98006 0
      vertex 3.88229 14.4889 0
      vertex 21.5466 6.24255 0
    endloop
  endfacet
  facet normal 0 0 -1
    outer loop
      vertex 22.7078 7.15796 0
      vertex 3.88229 14.4889 0
      vertex 26.3294 8.69333 0
    endloop
  endfacet
  facet normal 0 0 -1
    outer loop
      vertex 22.4314 7.0392 0
      vertex 3.88229 14.4889 0
      vertex 22.7078 7.15796 0
    endloop
  endfacet
  facet normal 0 0 -1
    outer loop
      vertex 22.1728 6.88537 0
      vertex 3.88229 14.4889 0
      vertex 22.4314 7.0392 0
    endloop
  endfacet
  facet normal 0 0 -1
    outer loop
      vertex 21.9365 6.69911 0
      vertex 3.88229 14.4889 0
      vertex 22.1728 6.88537 0
    endloop
  endfacet
  facet normal 0 0 -1
    outer loop
      vertex 21.7266 6.48361 0
      vertex 3.88229 14.4889 0
      vertex 21.9365 6.69911 0
    endloop
  endfacet
  facet normal 0 0 -1
    outer loop
      vertex 21.5466 6.24255 0
      vertex 3.88229 14.4889 0
      vertex 21.7266 6.48361 0
    endloop
  endfacet
  facet normal 0 0 -1
    outer loop
      vertex 1.95789 -14.8717 0
      vertex 3.88229 14.4889 0
      vertex 3.88229 -14.4889 0
    endloop
  endfacet
  facet normal 0 0 -1
    outer loop
      vertex 1.95789 -14.8717 0
      vertex 1.95789 14.8717 0
      vertex 3.88229 14.4889 0
    endloop
  endfacet
  facet normal 0 0 -1
    outer loop
      vertex 0 -15 0
      vertex 1.95789 14.8717 0
      vertex 1.95789 -14.8717 0
    endloop
  endfacet
  facet normal 0 0 -1
    outer loop
      vertex 0 -15 0
      vertex 0 15 0
      vertex 1.95789 14.8717 0
    endloop
  endfacet
  facet normal 0 0 -1
    outer loop
      vertex -1.95789 -14.8717 0
      vertex 0 15 0
      vertex 0 -15 0
    endloop
  endfacet
  facet normal 0 0 -1
    outer loop
      vertex -1.95789 -14.8717 0
      vertex -1.95789 14.8717 0
      vertex 0 15 0
    endloop
  endfacet
  facet normal 0 0 -1
    outer loop
      vertex -3.88229 -14.4889 0
      vertex -1.95789 14.8717 0
      vertex -1.95789 -14.8717 0
    endloop
  endfacet
  facet normal 0 0 -1
    outer loop
      vertex -3.88229 -14.4889 0
      vertex -3.88229 14.4889 0
      vertex -1.95789 14.8717 0
    endloop
  endfacet
  facet normal 0 0 -1
    outer loop
      vertex -21.1826 -4.80942 0
      vertex -3.88229 -14.4889 0
      vertex -21.1787 -5.11025 0
    endloop
  endfacet
  facet normal 0 0 -1
    outer loop
      vertex -3.88229 -14.4889 0
      vertex -21.2141 -5.40902 0
      vertex -21.1787 -5.11025 0
    endloop
  endfacet
  facet normal 0 0 -1
    outer loop
      vertex -3.88229 -14.4889 0
      vertex -21.2881 -5.70062 0
      vertex -21.2141 -5.40902 0
    endloop
  endfacet
  facet normal 0 0 -1
    outer loop
      vertex -3.88229 -14.4889 0
      vertex -21.3996 -5.98006 0
      vertex -21.2881 -5.70062 0
    endloop
  endfacet
  facet normal 0 0 -1
    outer loop
      vertex -3.88229 -14.4889 0
      vertex -21.5466 -6.24255 0
      vertex -21.3996 -5.98006 0
    endloop
  endfacet
  facet normal 0 0 -1
    outer loop
      vertex -3.88229 -14.4889 0
      vertex -21.7266 -6.48361 0
      vertex -21.5466 -6.24255 0
    endloop
  endfacet
  facet normal 0 0 -1
    outer loop
      vertex -3.88229 -14.4889 0
      vertex -21.9365 -6.69911 0
      vertex -21.7266 -6.48361 0
    endloop
  endfacet
  facet normal 0 0 -1
    outer loop
      vertex -3.88229 -14.4889 0
      vertex -22.1728 -6.88537 0
      vertex -21.9365 -6.69911 0
    endloop
  endfacet
  facet normal 0 0 -1
    outer loop
      vertex -3.88229 -14.4889 0
      vertex -22.4314 -7.0392 0
      vertex -22.1728 -6.88537 0
    endloop
  endfacet
  facet normal 0 0 -1
    outer loop
      vertex -3.88229 -14.4889 0
      vertex -22.7078 -7.15796 0
      vertex -22.4314 -7.0392 0
    endloop
  endfacet
  facet normal 0 0 -1
    outer loop
      vertex -26.3294 -8.69333 0
      vertex -22.7078 -7.15796 0
      vertex -3.88229 -14.4889 0
    endloop
  endfacet
  facet normal 0 0 -1
    outer loop
      vertex -22.7078 -7.15796 0
      vertex -26.3294 -8.69333 0
      vertex -22.9973 -7.23962 0
    endloop
  endfacet
  facet normal 0 0 -1
    outer loop
      vertex -22.9973 -7.23962 0
      vertex -26.3294 -8.69333 0
      vertex -23.2951 -7.28279 0
    endloop
  endfacet
  facet normal 0 0 -1
    outer loop
      vertex -23.2951 -7.28279 0
      vertex -26.3294 -8.69333 0
      vertex -23.5959 -7.28673 0
    endloop
  endfacet
  facet normal -0 0 -1
    outer loop
      vertex -23.5959 -7.28673 0
      vertex -26.3294 -8.69333 0
      vertex -23.8947 -7.25137 0
    endloop
  endfacet
  facet normal -0 0 -1
    outer loop
      vertex -25.9004 -4.56695 0
      vertex -30.364 -6.36396 0
      vertex -26.044 -3.66025 0
    endloop
  endfacet
  facet normal 0 0 -1
    outer loop
      vertex -30.364 -6.36396 0
      vertex -25.9004 -4.56695 0
      vertex -29.4789 -7.14018 0
    endloop
  endfacet
  facet normal -0 0 -1
    outer loop
      vertex -25.7253 -5.46808 0
      vertex -29.4789 -7.14018 0
      vertex -25.9004 -4.56695 0
    endloop
  endfacet
  facet normal 0 0 -1
    outer loop
      vertex -29.4789 -7.14018 0
      vertex -25.7253 -5.46808 0
      vertex -28.5 -7.79423 0
    endloop
  endfacet
  facet normal -0 0 -1
    outer loop
      vertex -25.6436 -5.75764 0
      vertex -28.5 -7.79423 0
      vertex -25.7253 -5.46808 0
    endloop
  endfacet
  facet normal 0 0 -1
    outer loop
      vertex -28.5 -7.79423 0
      vertex -25.6436 -5.75764 0
      vertex -27.4441 -8.31492 0
    endloop
  endfacet
  facet normal -0 0 -1
    outer loop
      vertex -25.5249 -6.03406 0
      vertex -27.4441 -8.31492 0
      vertex -25.6436 -5.75764 0
    endloop
  endfacet
  facet normal -0 0 -1
    outer loop
      vertex -25.371 -6.29261 0
      vertex -27.4441 -8.31492 0
      vertex -25.5249 -6.03406 0
    endloop
  endfacet
  facet normal 0 0 -1
    outer loop
      vertex -27.4441 -8.31492 0
      vertex -25.371 -6.29261 0
      vertex -26.3294 -8.69333 0
    endloop
  endfacet
  facet normal -0 0 -1
    outer loop
      vertex -25.1848 -6.52888 0
      vertex -26.3294 -8.69333 0
      vertex -25.371 -6.29261 0
    endloop
  endfacet
  facet normal -0 0 -1
    outer loop
      vertex -24.9693 -6.73881 0
      vertex -26.3294 -8.69333 0
      vertex -25.1848 -6.52888 0
    endloop
  endfacet
  facet normal -0 0 -1
    outer loop
      vertex -24.7282 -6.91882 0
      vertex -26.3294 -8.69333 0
      vertex -24.9693 -6.73881 0
    endloop
  endfacet
  facet normal -0 0 -1
    outer loop
      vertex -24.4657 -7.06583 0
      vertex -26.3294 -8.69333 0
      vertex -24.7282 -6.91882 0
    endloop
  endfacet
  facet normal -0 0 -1
    outer loop
      vertex -24.1863 -7.17731 0
      vertex -26.3294 -8.69333 0
      vertex -24.4657 -7.06583 0
    endloop
  endfacet
  facet normal -0 0 -1
    outer loop
      vertex -23.8947 -7.25137 0
      vertex -26.3294 -8.69333 0
      vertex -24.1863 -7.17731 0
    endloop
  endfacet
  facet normal 0 0 -1
    outer loop
      vertex 3.88229 -14.4889 0
      vertex 21.7 0 0
      vertex 21.6868 -0.757318 0
    endloop
  endfacet
  facet normal 0 0 -1
    outer loop
      vertex 3.88229 -14.4889 0
      vertex 21.6868 -0.757318 0
      vertex 21.6471 -1.51371 0
    endloop
  endfacet
  facet normal -0 0 -1
    outer loop
      vertex 21.7 0 0
      vertex 3.88229 -14.4889 0
      vertex 21.6868 0.757318 0
    endloop
  endfacet
  facet normal 0 0 -1
    outer loop
      vertex 3.88229 -14.4889 0
      vertex 21.6471 -1.51371 0
      vertex 21.5811 -2.26827 0
    endloop
  endfacet
  facet normal 0 0 -1
    outer loop
      vertex 3.88229 14.4889 0
      vertex 21.6868 0.757318 0
      vertex 3.88229 -14.4889 0
    endloop
  endfacet
  facet normal 0 0 -1
    outer loop
      vertex 3.88229 -14.4889 0
      vertex 21.5811 -2.26827 0
      vertex 21.4888 -3.02006 0
    endloop
  endfacet
  facet normal 0 0 -1
    outer loop
      vertex 21.6868 0.757318 0
      vertex 3.88229 14.4889 0
      vertex 21.6471 1.51371 0
    endloop
  endfacet
  facet normal 0 0 -1
    outer loop
      vertex 3.88229 -14.4889 0
      vertex 21.4888 -3.02006 0
      vertex 21.3703 -3.76816 0
    endloop
  endfacet
  facet normal 0 0 -1
    outer loop
      vertex 21.6471 1.51371 0
      vertex 3.88229 14.4889 0
      vertex 21.5811 2.26827 0
    endloop
  endfacet
  facet normal 0 0 -1
    outer loop
      vertex 3.88229 -14.4889 0
      vertex 21.3703 -3.76816 0
      vertex 21.2258 -4.51168 0
    endloop
  endfacet
  facet normal 0 0 -1
    outer loop
      vertex 21.5811 2.26827 0
      vertex 3.88229 14.4889 0
      vertex 21.4888 3.02006 0
    endloop
  endfacet
  facet normal 0 0 -1
    outer loop
      vertex 3.88229 -14.4889 0
      vertex 21.2258 -4.51168 0
      vertex 21.1826 -4.80942 0
    endloop
  endfacet
  facet normal 0 0 -1
    outer loop
      vertex 21.4888 3.02006 0
      vertex 3.88229 14.4889 0
      vertex 21.3703 3.76816 0
    endloop
  endfacet
  facet normal 0 0 -1
    outer loop
      vertex 3.88229 -14.4889 0
      vertex 21.1826 -4.80942 0
      vertex 21.1787 -5.11025 0
    endloop
  endfacet
  facet normal 0 0 -1
    outer loop
      vertex 21.3703 3.76816 0
      vertex 3.88229 14.4889 0
      vertex 21.2258 4.51168 0
    endloop
  endfacet
  facet normal -0.831488 -0.555543 0
    outer loop
      vertex -31.1402 -5.47885 0
      vertex -31.7942 -4.5 6
      vertex -31.7942 -4.5 0
    endloop
  endfacet
  facet normal -0.831488 -0.555543 0
    outer loop
      vertex -31.7942 -4.5 6
      vertex -31.1402 -5.47885 0
      vertex -31.1402 -5.47885 6
    endloop
  endfacet
  facet normal 0.195097 -0.980784 0
    outer loop
      vertex 1.95789 -14.8717 0
      vertex 3.88229 -14.4889 6
      vertex 1.95789 -14.8717 6
    endloop
  endfacet
  facet normal 0.195097 -0.980784 0
    outer loop
      vertex 3.88229 -14.4889 6
      vertex 1.95789 -14.8717 0
      vertex 3.88229 -14.4889 0
    endloop
  endfacet
  facet normal 0.98078 -0.195115 0
    outer loop
      vertex 32.6933 -2.32937 6
      vertex 32.923 -1.17474 0
      vertex 32.923 -1.17474 6
    endloop
  endfacet
  facet normal 0.98078 -0.195115 0
    outer loop
      vertex 32.923 -1.17474 0
      vertex 32.6933 -2.32937 6
      vertex 32.6933 -2.32937 0
    endloop
  endfacet
  facet normal 0.0653895 0.99786 -0
    outer loop
      vertex 1.95789 14.8717 0
      vertex 0 15 6
      vertex 1.95789 14.8717 6
    endloop
  endfacet
  facet normal 0.0653895 0.99786 0
    outer loop
      vertex 0 15 6
      vertex 1.95789 14.8717 0
      vertex 0 15 0
    endloop
  endfacet
  facet normal -0.946934 0.321427 0
    outer loop
      vertex -32.6933 2.32937 0
      vertex -32.3149 3.44415 6
      vertex -32.3149 3.44415 0
    endloop
  endfacet
  facet normal -0.946934 0.321427 0
    outer loop
      vertex -32.3149 3.44415 6
      vertex -32.6933 2.32937 0
      vertex -32.6933 2.32937 6
    endloop
  endfacet
  facet normal 0.24999 -0.968248 0
    outer loop
      vertex 3.88229 -14.4889 0
      vertex 26.3294 -8.69333 6
      vertex 3.88229 -14.4889 6
    endloop
  endfacet
  facet normal 0.24999 -0.968248 0
    outer loop
      vertex 26.3294 -8.69333 6
      vertex 3.88229 -14.4889 0
      vertex 26.3294 -8.69333 0
    endloop
  endfacet
  facet normal 0.0653895 -0.99786 0
    outer loop
      vertex 0 -15 0
      vertex 1.95789 -14.8717 6
      vertex 0 -15 6
    endloop
  endfacet
  facet normal 0.0653895 -0.99786 0
    outer loop
      vertex 1.95789 -14.8717 6
      vertex 0 -15 0
      vertex 1.95789 -14.8717 0
    endloop
  endfacet
  facet normal 0.751848 0.659336 0
    outer loop
      vertex 31.1402 5.47885 6
      vertex 30.364 6.36396 0
      vertex 30.364 6.36396 6
    endloop
  endfacet
  facet normal 0.751848 0.659336 0
    outer loop
      vertex 30.364 6.36396 0
      vertex 31.1402 5.47885 6
      vertex 31.1402 5.47885 0
    endloop
  endfacet
  facet normal 0.997859 -0.0654061 0
    outer loop
      vertex 32.923 -1.17474 6
      vertex 33 0 0
      vertex 33 0 6
    endloop
  endfacet
  facet normal 0.997859 -0.0654061 0
    outer loop
      vertex 33 0 0
      vertex 32.923 -1.17474 6
      vertex 32.923 -1.17474 0
    endloop
  endfacet
  facet normal -0.0653895 -0.99786 0
    outer loop
      vertex -1.95789 -14.8717 0
      vertex 0 -15 6
      vertex -1.95789 -14.8717 6
    endloop
  endfacet
  facet normal -0.0653895 -0.99786 -0
    outer loop
      vertex 0 -15 6
      vertex -1.95789 -14.8717 0
      vertex 0 -15 0
    endloop
  endfacet
  facet normal -0.195097 -0.980784 0
    outer loop
      vertex -3.88229 -14.4889 0
      vertex -1.95789 -14.8717 6
      vertex -3.88229 -14.4889 6
    endloop
  endfacet
  facet normal -0.195097 -0.980784 -0
    outer loop
      vertex -1.95789 -14.8717 6
      vertex -3.88229 -14.4889 0
      vertex -1.95789 -14.8717 0
    endloop
  endfacet
  facet normal -0.896869 0.442297 0
    outer loop
      vertex -32.3149 3.44415 0
      vertex -31.7942 4.5 6
      vertex -31.7942 4.5 0
    endloop
  endfacet
  facet normal -0.896869 0.442297 0
    outer loop
      vertex -31.7942 4.5 6
      vertex -32.3149 3.44415 0
      vertex -32.3149 3.44415 6
    endloop
  endfacet
  facet normal 0.946934 0.321427 0
    outer loop
      vertex 32.6933 2.32937 6
      vertex 32.3149 3.44415 0
      vertex 32.3149 3.44415 6
    endloop
  endfacet
  facet normal 0.946934 0.321427 0
    outer loop
      vertex 32.3149 3.44415 0
      vertex 32.6933 2.32937 6
      vertex 32.6933 2.32937 0
    endloop
  endfacet
  facet normal -0.98078 0.195115 0
    outer loop
      vertex -32.923 1.17474 0
      vertex -32.6933 2.32937 6
      vertex -32.6933 2.32937 0
    endloop
  endfacet
  facet normal -0.98078 0.195115 0
    outer loop
      vertex -32.6933 2.32937 6
      vertex -32.923 1.17474 0
      vertex -32.923 1.17474 6
    endloop
  endfacet
  facet normal -0.896869 -0.442297 0
    outer loop
      vertex -31.7942 -4.5 0
      vertex -32.3149 -3.44415 6
      vertex -32.3149 -3.44415 0
    endloop
  endfacet
  facet normal -0.896869 -0.442297 0
    outer loop
      vertex -32.3149 -3.44415 6
      vertex -31.7942 -4.5 0
      vertex -31.7942 -4.5 6
    endloop
  endfacet
  facet normal -0.321455 -0.946925 0
    outer loop
      vertex -27.4441 -8.31492 0
      vertex -26.3294 -8.69333 6
      vertex -27.4441 -8.31492 6
    endloop
  endfacet
  facet normal -0.321455 -0.946925 -0
    outer loop
      vertex -26.3294 -8.69333 6
      vertex -27.4441 -8.31492 0
      vertex -26.3294 -8.69333 0
    endloop
  endfacet
  facet normal -0.997859 -0.0654061 0
    outer loop
      vertex -32.923 -1.17474 0
      vertex -33 0 6
      vertex -33 0 0
    endloop
  endfacet
  facet normal -0.997859 -0.0654061 0
    outer loop
      vertex -33 0 6
      vertex -32.923 -1.17474 0
      vertex -32.923 -1.17474 6
    endloop
  endfacet
  facet normal 0.195097 0.980784 -0
    outer loop
      vertex 3.88229 14.4889 0
      vertex 1.95789 14.8717 6
      vertex 3.88229 14.4889 6
    endloop
  endfacet
  facet normal 0.195097 0.980784 0
    outer loop
      vertex 1.95789 14.8717 6
      vertex 3.88229 14.4889 0
      vertex 1.95789 14.8717 0
    endloop
  endfacet
  facet normal -0.24999 0.968248 0
    outer loop
      vertex -3.88229 14.4889 0
      vertex -26.3294 8.69333 6
      vertex -3.88229 14.4889 6
    endloop
  endfacet
  facet normal -0.24999 0.968248 0
    outer loop
      vertex -26.3294 8.69333 6
      vertex -3.88229 14.4889 0
      vertex -26.3294 8.69333 0
    endloop
  endfacet
  facet normal 0.831488 0.555543 0
    outer loop
      vertex 31.7942 4.5 6
      vertex 31.1402 5.47885 0
      vertex 31.1402 5.47885 6
    endloop
  endfacet
  facet normal 0.831488 0.555543 0
    outer loop
      vertex 31.1402 5.47885 0
      vertex 31.7942 4.5 6
      vertex 31.7942 4.5 0
    endloop
  endfacet
  facet normal -0.997859 0.0654061 0
    outer loop
      vertex -33 0 0
      vertex -32.923 1.17474 6
      vertex -32.923 1.17474 0
    endloop
  endfacet
  facet normal -0.997859 0.0654061 0
    outer loop
      vertex -32.923 1.17474 6
      vertex -33 0 0
      vertex -33 0 6
    endloop
  endfacet
  facet normal 0.65935 0.751836 -0
    outer loop
      vertex 30.364 6.36396 0
      vertex 29.4789 7.14018 6
      vertex 30.364 6.36396 6
    endloop
  endfacet
  facet normal 0.65935 0.751836 0
    outer loop
      vertex 29.4789 7.14018 6
      vertex 30.364 6.36396 0
      vertex 29.4789 7.14018 0
    endloop
  endfacet
  facet normal -0.321455 0.946925 0
    outer loop
      vertex -26.3294 8.69333 0
      vertex -27.4441 8.31492 6
      vertex -26.3294 8.69333 6
    endloop
  endfacet
  facet normal -0.321455 0.946925 0
    outer loop
      vertex -27.4441 8.31492 6
      vertex -26.3294 8.69333 0
      vertex -27.4441 8.31492 0
    endloop
  endfacet
  facet normal -0.442273 0.89688 0
    outer loop
      vertex -27.4441 8.31492 0
      vertex -28.5 7.79423 6
      vertex -27.4441 8.31492 6
    endloop
  endfacet
  facet normal -0.442273 0.89688 0
    outer loop
      vertex -28.5 7.79423 6
      vertex -27.4441 8.31492 0
      vertex -28.5 7.79423 0
    endloop
  endfacet
  facet normal 0.65935 -0.751836 0
    outer loop
      vertex 29.4789 -7.14018 0
      vertex 30.364 -6.36396 6
      vertex 29.4789 -7.14018 6
    endloop
  endfacet
  facet normal 0.65935 -0.751836 0
    outer loop
      vertex 30.364 -6.36396 6
      vertex 29.4789 -7.14018 0
      vertex 30.364 -6.36396 0
    endloop
  endfacet
  facet normal -0.442273 -0.89688 0
    outer loop
      vertex -28.5 -7.79423 0
      vertex -27.4441 -8.31492 6
      vertex -28.5 -7.79423 6
    endloop
  endfacet
  facet normal -0.442273 -0.89688 -0
    outer loop
      vertex -27.4441 -8.31492 6
      vertex -28.5 -7.79423 0
      vertex -27.4441 -8.31492 0
    endloop
  endfacet
  facet normal 0.442273 0.89688 -0
    outer loop
      vertex 28.5 7.79423 0
      vertex 27.4441 8.31492 6
      vertex 28.5 7.79423 6
    endloop
  endfacet
  facet normal 0.442273 0.89688 0
    outer loop
      vertex 27.4441 8.31492 6
      vertex 28.5 7.79423 0
      vertex 27.4441 8.31492 0
    endloop
  endfacet
  facet normal -0.65935 -0.751836 0
    outer loop
      vertex -30.364 -6.36396 0
      vertex -29.4789 -7.14018 6
      vertex -30.364 -6.36396 6
    endloop
  endfacet
  facet normal -0.65935 -0.751836 -0
    outer loop
      vertex -29.4789 -7.14018 6
      vertex -30.364 -6.36396 0
      vertex -29.4789 -7.14018 0
    endloop
  endfacet
  facet normal -0.946934 -0.321427 0
    outer loop
      vertex -32.3149 -3.44415 0
      vertex -32.6933 -2.32937 6
      vertex -32.6933 -2.32937 0
    endloop
  endfacet
  facet normal -0.946934 -0.321427 0
    outer loop
      vertex -32.6933 -2.32937 6
      vertex -32.3149 -3.44415 0
      vertex -32.3149 -3.44415 6
    endloop
  endfacet
  facet normal 0.751848 -0.659336 0
    outer loop
      vertex 30.364 -6.36396 6
      vertex 31.1402 -5.47885 0
      vertex 31.1402 -5.47885 6
    endloop
  endfacet
  facet normal 0.751848 -0.659336 0
    outer loop
      vertex 31.1402 -5.47885 0
      vertex 30.364 -6.36396 6
      vertex 30.364 -6.36396 0
    endloop
  endfacet
  facet normal 0.896869 0.442297 0
    outer loop
      vertex 32.3149 3.44415 6
      vertex 31.7942 4.5 0
      vertex 31.7942 4.5 6
    endloop
  endfacet
  facet normal 0.896869 0.442297 0
    outer loop
      vertex 31.7942 4.5 0
      vertex 32.3149 3.44415 6
      vertex 32.3149 3.44415 0
    endloop
  endfacet
  facet normal -0.555553 0.831481 0
    outer loop
      vertex -28.5 7.79423 0
      vertex -29.4789 7.14018 6
      vertex -28.5 7.79423 6
    endloop
  endfacet
  facet normal -0.555553 0.831481 0
    outer loop
      vertex -29.4789 7.14018 6
      vertex -28.5 7.79423 0
      vertex -29.4789 7.14018 0
    endloop
  endfacet
  facet normal 0.321455 0.946925 -0
    outer loop
      vertex 27.4441 8.31492 0
      vertex 26.3294 8.69333 6
      vertex 27.4441 8.31492 6
    endloop
  endfacet
  facet normal 0.321455 0.946925 0
    outer loop
      vertex 26.3294 8.69333 6
      vertex 27.4441 8.31492 0
      vertex 26.3294 8.69333 0
    endloop
  endfacet
  facet normal 0.997859 0.0654061 0
    outer loop
      vertex 33 0 6
      vertex 32.923 1.17474 0
      vertex 32.923 1.17474 6
    endloop
  endfacet
  facet normal 0.997859 0.0654061 0
    outer loop
      vertex 32.923 1.17474 0
      vertex 33 0 6
      vertex 33 0 0
    endloop
  endfacet
  facet normal 0.831488 -0.555543 0
    outer loop
      vertex 31.1402 -5.47885 6
      vertex 31.7942 -4.5 0
      vertex 31.7942 -4.5 6
    endloop
  endfacet
  facet normal 0.831488 -0.555543 0
    outer loop
      vertex 31.7942 -4.5 0
      vertex 31.1402 -5.47885 6
      vertex 31.1402 -5.47885 0
    endloop
  endfacet
  facet normal 0.442273 -0.89688 0
    outer loop
      vertex 27.4441 -8.31492 0
      vertex 28.5 -7.79423 6
      vertex 27.4441 -8.31492 6
    endloop
  endfacet
  facet normal 0.442273 -0.89688 0
    outer loop
      vertex 28.5 -7.79423 6
      vertex 27.4441 -8.31492 0
      vertex 28.5 -7.79423 0
    endloop
  endfacet
  facet normal 0.98078 0.195115 0
    outer loop
      vertex 32.923 1.17474 6
      vertex 32.6933 2.32937 0
      vertex 32.6933 2.32937 6
    endloop
  endfacet
  facet normal 0.98078 0.195115 0
    outer loop
      vertex 32.6933 2.32937 0
      vertex 32.923 1.17474 6
      vertex 32.923 1.17474 0
    endloop
  endfacet
  facet normal 0.555553 0.831481 -0
    outer loop
      vertex 29.4789 7.14018 0
      vertex 28.5 7.79423 6
      vertex 29.4789 7.14018 6
    endloop
  endfacet
  facet normal 0.555553 0.831481 0
    outer loop
      vertex 28.5 7.79423 6
      vertex 29.4789 7.14018 0
      vertex 28.5 7.79423 0
    endloop
  endfacet
  facet normal 0.321455 -0.946925 0
    outer loop
      vertex 26.3294 -8.69333 0
      vertex 27.4441 -8.31492 6
      vertex 26.3294 -8.69333 6
    endloop
  endfacet
  facet normal 0.321455 -0.946925 0
    outer loop
      vertex 27.4441 -8.31492 6
      vertex 26.3294 -8.69333 0
      vertex 27.4441 -8.31492 0
    endloop
  endfacet
  facet normal -0.555553 -0.831481 0
    outer loop
      vertex -29.4789 -7.14018 0
      vertex -28.5 -7.79423 6
      vertex -29.4789 -7.14018 6
    endloop
  endfacet
  facet normal -0.555553 -0.831481 -0
    outer loop
      vertex -28.5 -7.79423 6
      vertex -29.4789 -7.14018 0
      vertex -28.5 -7.79423 0
    endloop
  endfacet
  facet normal -0.751848 0.659336 0
    outer loop
      vertex -31.1402 5.47885 0
      vertex -30.364 6.36396 6
      vertex -30.364 6.36396 0
    endloop
  endfacet
  facet normal -0.751848 0.659336 0
    outer loop
      vertex -30.364 6.36396 6
      vertex -31.1402 5.47885 0
      vertex -31.1402 5.47885 6
    endloop
  endfacet
  facet normal -0.98078 -0.195115 0
    outer loop
      vertex -32.6933 -2.32937 0
      vertex -32.923 -1.17474 6
      vertex -32.923 -1.17474 0
    endloop
  endfacet
  facet normal -0.98078 -0.195115 0
    outer loop
      vertex -32.923 -1.17474 6
      vertex -32.6933 -2.32937 0
      vertex -32.6933 -2.32937 6
    endloop
  endfacet
  facet normal -0.24999 -0.968248 0
    outer loop
      vertex -26.3294 -8.69333 0
      vertex -3.88229 -14.4889 6
      vertex -26.3294 -8.69333 6
    endloop
  endfacet
  facet normal -0.24999 -0.968248 -0
    outer loop
      vertex -3.88229 -14.4889 6
      vertex -26.3294 -8.69333 0
      vertex -3.88229 -14.4889 0
    endloop
  endfacet
  facet normal -0.65935 0.751836 0
    outer loop
      vertex -29.4789 7.14018 0
      vertex -30.364 6.36396 6
      vertex -29.4789 7.14018 6
    endloop
  endfacet
  facet normal -0.65935 0.751836 0
    outer loop
      vertex -30.364 6.36396 6
      vertex -29.4789 7.14018 0
      vertex -30.364 6.36396 0
    endloop
  endfacet
  facet normal 0.555553 -0.831481 0
    outer loop
      vertex 28.5 -7.79423 0
      vertex 29.4789 -7.14018 6
      vertex 28.5 -7.79423 6
    endloop
  endfacet
  facet normal 0.555553 -0.831481 0
    outer loop
      vertex 29.4789 -7.14018 6
      vertex 28.5 -7.79423 0
      vertex 29.4789 -7.14018 0
    endloop
  endfacet
  facet normal 0.946934 -0.321427 0
    outer loop
      vertex 32.3149 -3.44415 6
      vertex 32.6933 -2.32937 0
      vertex 32.6933 -2.32937 6
    endloop
  endfacet
  facet normal 0.946934 -0.321427 0
    outer loop
      vertex 32.6933 -2.32937 0
      vertex 32.3149 -3.44415 6
      vertex 32.3149 -3.44415 0
    endloop
  endfacet
  facet normal -0.751848 -0.659336 0
    outer loop
      vertex -30.364 -6.36396 0
      vertex -31.1402 -5.47885 6
      vertex -31.1402 -5.47885 0
    endloop
  endfacet
  facet normal -0.751848 -0.659336 0
    outer loop
      vertex -31.1402 -5.47885 6
      vertex -30.364 -6.36396 0
      vertex -30.364 -6.36396 6
    endloop
  endfacet
  facet normal 0 0 1
    outer loop
      vertex -21.3703 3.76816 6
      vertex -8.3 8 6
      vertex -21.2258 4.51168 6
    endloop
  endfacet
  facet normal 0 0 1
    outer loop
      vertex -8.3 -8 6
      vertex -21.1826 -4.80942 6
      vertex -21.1787 -5.11025 6
    endloop
  endfacet
  facet normal 0 0 1
    outer loop
      vertex -21.4888 3.02006 6
      vertex -8.3 8 6
      vertex -21.3703 3.76816 6
    endloop
  endfacet
  facet normal 0 0 1
    outer loop
      vertex -8.3 -8 6
      vertex -21.2258 -4.51168 6
      vertex -21.1826 -4.80942 6
    endloop
  endfacet
  facet normal 0 0 1
    outer loop
      vertex -21.5811 2.26827 6
      vertex -8.3 8 6
      vertex -21.4888 3.02006 6
    endloop
  endfacet
  facet normal 0 0 1
    outer loop
      vertex -8.3 -8 6
      vertex -21.3703 -3.76816 6
      vertex -21.2258 -4.51168 6
    endloop
  endfacet
  facet normal 0 0 1
    outer loop
      vertex -21.6471 1.51371 6
      vertex -8.3 8 6
      vertex -21.5811 2.26827 6
    endloop
  endfacet
  facet normal 0 0 1
    outer loop
      vertex -8.3 -8 6
      vertex -21.4888 -3.02006 6
      vertex -21.3703 -3.76816 6
    endloop
  endfacet
  facet normal 0 0 1
    outer loop
      vertex -21.6868 0.757318 6
      vertex -8.3 8 6
      vertex -21.6471 1.51371 6
    endloop
  endfacet
  facet normal 0 0 1
    outer loop
      vertex -8.3 -8 6
      vertex -21.5811 -2.26827 6
      vertex -21.4888 -3.02006 6
    endloop
  endfacet
  facet normal 0 0 1
    outer loop
      vertex -21.7 0 6
      vertex -8.3 8 6
      vertex -21.6868 0.757318 6
    endloop
  endfacet
  facet normal 0 0 1
    outer loop
      vertex -8.3 -8 6
      vertex -21.6471 -1.51371 6
      vertex -21.5811 -2.26827 6
    endloop
  endfacet
  facet normal 0 0 1
    outer loop
      vertex -8.3 8 6
      vertex -21.7 0 6
      vertex -8.3 -8 6
    endloop
  endfacet
  facet normal 0 0 1
    outer loop
      vertex -8.3 -8 6
      vertex -21.6868 -0.757318 6
      vertex -21.6471 -1.51371 6
    endloop
  endfacet
  facet normal 0 0 1
    outer loop
      vertex -8.3 -8 6
      vertex -21.7 0 6
      vertex -21.6868 -0.757318 6
    endloop
  endfacet
  facet normal 0 0 1
    outer loop
      vertex 26.3 0 6
      vertex 33 0 6
      vertex 32.923 1.17474 6
    endloop
  endfacet
  facet normal 0 0 1
    outer loop
      vertex 26.284 0.917856 6
      vertex 32.923 1.17474 6
      vertex 32.6933 2.32937 6
    endloop
  endfacet
  facet normal 0 0 1
    outer loop
      vertex 33 0 6
      vertex 26.3 0 6
      vertex 32.923 -1.17474 6
    endloop
  endfacet
  facet normal 0 0 1
    outer loop
      vertex 26.2359 1.83459 6
      vertex 32.6933 2.32937 6
      vertex 32.3149 3.44415 6
    endloop
  endfacet
  facet normal -0 0 1
    outer loop
      vertex 26.284 -0.917856 6
      vertex 32.923 -1.17474 6
      vertex 26.3 0 6
    endloop
  endfacet
  facet normal 0 0 1
    outer loop
      vertex 26.1559 2.7491 6
      vertex 32.3149 3.44415 6
      vertex 31.7942 4.5 6
    endloop
  endfacet
  facet normal 0 0 1
    outer loop
      vertex 32.923 -1.17474 6
      vertex 26.284 -0.917856 6
      vertex 32.6933 -2.32937 6
    endloop
  endfacet
  facet normal 0 0 1
    outer loop
      vertex 26.1559 2.7491 6
      vertex 31.7942 4.5 6
      vertex 31.1402 5.47885 6
    endloop
  endfacet
  facet normal -0 0 1
    outer loop
      vertex 26.2359 -1.83459 6
      vertex 32.6933 -2.32937 6
      vertex 26.284 -0.917856 6
    endloop
  endfacet
  facet normal 0 0 1
    outer loop
      vertex 26.044 3.66025 6
      vertex 31.1402 5.47885 6
      vertex 30.364 6.36396 6
    endloop
  endfacet
  facet normal 0 0 1
    outer loop
      vertex 32.6933 -2.32937 6
      vertex 26.2359 -1.83459 6
      vertex 32.3149 -3.44415 6
    endloop
  endfacet
  facet normal 0 0 1
    outer loop
      vertex 25.9004 4.56695 6
      vertex 30.364 6.36396 6
      vertex 29.4789 7.14018 6
    endloop
  endfacet
  facet normal 0 0 1
    outer loop
      vertex 32.923 1.17474 6
      vertex 26.284 0.917856 6
      vertex 26.3 0 6
    endloop
  endfacet
  facet normal 0 0 1
    outer loop
      vertex 25.7253 5.46808 6
      vertex 29.4789 7.14018 6
      vertex 28.5 7.79423 6
    endloop
  endfacet
  facet normal -0 0 1
    outer loop
      vertex 26.1559 -2.7491 6
      vertex 32.3149 -3.44415 6
      vertex 26.2359 -1.83459 6
    endloop
  endfacet
  facet normal 0 0 1
    outer loop
      vertex 25.6436 5.75764 6
      vertex 28.5 7.79423 6
      vertex 27.4441 8.31492 6
    endloop
  endfacet
  facet normal 0 0 1
    outer loop
      vertex 32.3149 -3.44415 6
      vertex 26.1559 -2.7491 6
      vertex 31.7942 -4.5 6
    endloop
  endfacet
  facet normal 0 0 1
    outer loop
      vertex 25.371 6.29261 6
      vertex 27.4441 8.31492 6
      vertex 26.3294 8.69333 6
    endloop
  endfacet
  facet normal 0 0 1
    outer loop
      vertex 31.7942 -4.5 6
      vertex 26.1559 -2.7491 6
      vertex 31.1402 -5.47885 6
    endloop
  endfacet
  facet normal 0 0 1
    outer loop
      vertex 31.1402 -5.47885 6
      vertex 26.044 -3.66025 6
      vertex 30.364 -6.36396 6
    endloop
  endfacet
  facet normal -0 0 1
    outer loop
      vertex 26.044 -3.66025 6
      vertex 31.1402 -5.47885 6
      vertex 26.1559 -2.7491 6
    endloop
  endfacet
  facet normal 0 0 1
    outer loop
      vertex 32.6933 2.32937 6
      vertex 26.2359 1.83459 6
      vertex 26.284 0.917856 6
    endloop
  endfacet
  facet normal 0 0 1
    outer loop
      vertex 32.3149 3.44415 6
      vertex 26.1559 2.7491 6
      vertex 26.2359 1.83459 6
    endloop
  endfacet
  facet normal 0 0 1
    outer loop
      vertex 31.1402 5.47885 6
      vertex 26.044 3.66025 6
      vertex 26.1559 2.7491 6
    endloop
  endfacet
  facet normal 0 0 1
    outer loop
      vertex 30.364 6.36396 6
      vertex 25.9004 4.56695 6
      vertex 26.044 3.66025 6
    endloop
  endfacet
  facet normal 0 0 1
    outer loop
      vertex 29.4789 7.14018 6
      vertex 25.7253 5.46808 6
      vertex 25.9004 4.56695 6
    endloop
  endfacet
  facet normal 0 0 1
    outer loop
      vertex 28.5 7.79423 6
      vertex 25.6436 5.75764 6
      vertex 25.7253 5.46808 6
    endloop
  endfacet
  facet normal 0 0 1
    outer loop
      vertex 27.4441 8.31492 6
      vertex 25.5249 6.03406 6
      vertex 25.6436 5.75764 6
    endloop
  endfacet
  facet normal 0 0 1
    outer loop
      vertex 27.4441 8.31492 6
      vertex 25.371 6.29261 6
      vertex 25.5249 6.03406 6
    endloop
  endfacet
  facet normal 0 0 1
    outer loop
      vertex 26.3294 8.69333 6
      vertex 25.1848 6.52888 6
      vertex 25.371 6.29261 6
    endloop
  endfacet
  facet normal 0 0 1
    outer loop
      vertex 26.3294 8.69333 6
      vertex 24.9693 6.73881 6
      vertex 25.1848 6.52888 6
    endloop
  endfacet
  facet normal 0 0 1
    outer loop
      vertex 26.3294 8.69333 6
      vertex 24.7282 6.91882 6
      vertex 24.9693 6.73881 6
    endloop
  endfacet
  facet normal 0 0 1
    outer loop
      vertex 26.3294 8.69333 6
      vertex 24.4657 7.06583 6
      vertex 24.7282 6.91882 6
    endloop
  endfacet
  facet normal 0 0 1
    outer loop
      vertex 26.3294 8.69333 6
      vertex 24.1863 7.17731 6
      vertex 24.4657 7.06583 6
    endloop
  endfacet
  facet normal 0 0 1
    outer loop
      vertex 26.3294 8.69333 6
      vertex 23.8947 7.25137 6
      vertex 24.1863 7.17731 6
    endloop
  endfacet
  facet normal 0 0 1
    outer loop
      vertex 26.3294 8.69333 6
      vertex 23.5959 7.28673 6
      vertex 23.8947 7.25137 6
    endloop
  endfacet
  facet normal 0 0 1
    outer loop
      vertex 26.3294 8.69333 6
      vertex 23.2951 7.28279 6
      vertex 23.5959 7.28673 6
    endloop
  endfacet
  facet normal 0 0 1
    outer loop
      vertex 26.3294 8.69333 6
      vertex 22.9973 7.23962 6
      vertex 23.2951 7.28279 6
    endloop
  endfacet
  facet normal 0 0 1
    outer loop
      vertex 26.3294 8.69333 6
      vertex 22.7078 7.15796 6
      vertex 22.9973 7.23962 6
    endloop
  endfacet
  facet normal 0 0 1
    outer loop
      vertex 21.2258 -4.51168 6
      vertex 8.3 -8 6
      vertex 21.1826 -4.80942 6
    endloop
  endfacet
  facet normal 0 0 1
    outer loop
      vertex 21.2141 5.40902 6
      vertex 8.3 8 6
      vertex 21.1787 5.11025 6
    endloop
  endfacet
  facet normal 0 0 1
    outer loop
      vertex 21.2881 5.70062 6
      vertex 8.3 8 6
      vertex 21.2141 5.40902 6
    endloop
  endfacet
  facet normal 0 0 1
    outer loop
      vertex 21.3996 5.98006 6
      vertex 8.3 8 6
      vertex 21.2881 5.70062 6
    endloop
  endfacet
  facet normal 0 0 1
    outer loop
      vertex 21.5466 6.24255 6
      vertex 8.3 8 6
      vertex 21.3996 5.98006 6
    endloop
  endfacet
  facet normal 0 0 1
    outer loop
      vertex 21.7266 6.48361 6
      vertex 8.3 8 6
      vertex 21.5466 6.24255 6
    endloop
  endfacet
  facet normal 0 0 1
    outer loop
      vertex 21.9365 6.69911 6
      vertex 8.3 8 6
      vertex 21.7266 6.48361 6
    endloop
  endfacet
  facet normal 0 0 1
    outer loop
      vertex 22.1728 6.88537 6
      vertex 8.3 8 6
      vertex 21.9365 6.69911 6
    endloop
  endfacet
  facet normal 0 0 1
    outer loop
      vertex 22.4314 7.0392 6
      vertex 8.3 8 6
      vertex 22.1728 6.88537 6
    endloop
  endfacet
  facet normal 0 0 1
    outer loop
      vertex 3.88229 14.4889 6
      vertex 22.4314 7.0392 6
      vertex 22.7078 7.15796 6
    endloop
  endfacet
  facet normal 0 0 1
    outer loop
      vertex 3.88229 14.4889 6
      vertex 22.7078 7.15796 6
      vertex 26.3294 8.69333 6
    endloop
  endfacet
  facet normal 0 0 1
    outer loop
      vertex 22.4314 7.0392 6
      vertex 3.88229 14.4889 6
      vertex 8.3 8 6
    endloop
  endfacet
  facet normal 0 0 1
    outer loop
      vertex 1.95789 14.8717 6
      vertex 8.3 8 6
      vertex 3.88229 14.4889 6
    endloop
  endfacet
  facet normal 0 0 1
    outer loop
      vertex 0 15 6
      vertex 8.3 8 6
      vertex 1.95789 14.8717 6
    endloop
  endfacet
  facet normal 0 0 1
    outer loop
      vertex -8.3 8 6
      vertex 0 15 6
      vertex -1.95789 14.8717 6
    endloop
  endfacet
  facet normal 0 0 1
    outer loop
      vertex -8.3 8 6
      vertex -1.95789 14.8717 6
      vertex -3.88229 14.4889 6
    endloop
  endfacet
  facet normal 0 0 1
    outer loop
      vertex 0 15 6
      vertex -8.3 8 6
      vertex 8.3 8 6
    endloop
  endfacet
  facet normal 0 0 1
    outer loop
      vertex -21.1826 4.80942 6
      vertex -8.3 8 6
      vertex -21.1787 5.11025 6
    endloop
  endfacet
  facet normal 0 0 1
    outer loop
      vertex -22.4314 7.0392 6
      vertex -8.3 8 6
      vertex -3.88229 14.4889 6
    endloop
  endfacet
  facet normal 0 0 1
    outer loop
      vertex -8.3 8 6
      vertex -21.2141 5.40902 6
      vertex -21.1787 5.11025 6
    endloop
  endfacet
  facet normal 0 0 1
    outer loop
      vertex -8.3 8 6
      vertex -21.2881 5.70062 6
      vertex -21.2141 5.40902 6
    endloop
  endfacet
  facet normal 0 0 1
    outer loop
      vertex -8.3 8 6
      vertex -21.3996 5.98006 6
      vertex -21.2881 5.70062 6
    endloop
  endfacet
  facet normal 0 0 1
    outer loop
      vertex -8.3 8 6
      vertex -21.5466 6.24255 6
      vertex -21.3996 5.98006 6
    endloop
  endfacet
  facet normal 0 0 1
    outer loop
      vertex -8.3 8 6
      vertex -21.7266 6.48361 6
      vertex -21.5466 6.24255 6
    endloop
  endfacet
  facet normal 0 0 1
    outer loop
      vertex -8.3 8 6
      vertex -21.9365 6.69911 6
      vertex -21.7266 6.48361 6
    endloop
  endfacet
  facet normal 0 0 1
    outer loop
      vertex -8.3 8 6
      vertex -22.1728 6.88537 6
      vertex -21.9365 6.69911 6
    endloop
  endfacet
  facet normal 0 0 1
    outer loop
      vertex -8.3 8 6
      vertex -22.4314 7.0392 6
      vertex -22.1728 6.88537 6
    endloop
  endfacet
  facet normal 0 0 1
    outer loop
      vertex -3.88229 14.4889 6
      vertex -22.7078 7.15796 6
      vertex -22.4314 7.0392 6
    endloop
  endfacet
  facet normal -0 0 1
    outer loop
      vertex -26.3294 8.69333 6
      vertex -22.7078 7.15796 6
      vertex -3.88229 14.4889 6
    endloop
  endfacet
  facet normal 0 0 1
    outer loop
      vertex -22.7078 7.15796 6
      vertex -26.3294 8.69333 6
      vertex -22.9973 7.23962 6
    endloop
  endfacet
  facet normal 0 0 1
    outer loop
      vertex -22.9973 7.23962 6
      vertex -26.3294 8.69333 6
      vertex -23.2951 7.28279 6
    endloop
  endfacet
  facet normal 0 0 1
    outer loop
      vertex -23.2951 7.28279 6
      vertex -26.3294 8.69333 6
      vertex -23.5959 7.28673 6
    endloop
  endfacet
  facet normal 0 0 1
    outer loop
      vertex -23.5959 7.28673 6
      vertex -26.3294 8.69333 6
      vertex -23.8947 7.25137 6
    endloop
  endfacet
  facet normal 0 0 1
    outer loop
      vertex -25.9004 4.56695 6
      vertex -30.364 6.36396 6
      vertex -26.044 3.66025 6
    endloop
  endfacet
  facet normal -0 0 1
    outer loop
      vertex -30.364 6.36396 6
      vertex -25.9004 4.56695 6
      vertex -29.4789 7.14018 6
    endloop
  endfacet
  facet normal 0 0 1
    outer loop
      vertex -25.7253 5.46808 6
      vertex -29.4789 7.14018 6
      vertex -25.9004 4.56695 6
    endloop
  endfacet
  facet normal -0 0 1
    outer loop
      vertex -29.4789 7.14018 6
      vertex -25.7253 5.46808 6
      vertex -28.5 7.79423 6
    endloop
  endfacet
  facet normal 0 0 1
    outer loop
      vertex -25.6436 5.75764 6
      vertex -28.5 7.79423 6
      vertex -25.7253 5.46808 6
    endloop
  endfacet
  facet normal -0 0 1
    outer loop
      vertex -28.5 7.79423 6
      vertex -25.6436 5.75764 6
      vertex -27.4441 8.31492 6
    endloop
  endfacet
  facet normal 0 0 1
    outer loop
      vertex -25.5249 6.03406 6
      vertex -27.4441 8.31492 6
      vertex -25.6436 5.75764 6
    endloop
  endfacet
  facet normal 0 0 1
    outer loop
      vertex -25.371 6.29261 6
      vertex -27.4441 8.31492 6
      vertex -25.5249 6.03406 6
    endloop
  endfacet
  facet normal -0 0 1
    outer loop
      vertex -27.4441 8.31492 6
      vertex -25.371 6.29261 6
      vertex -26.3294 8.69333 6
    endloop
  endfacet
  facet normal 0 0 1
    outer loop
      vertex -25.1848 6.52888 6
      vertex -26.3294 8.69333 6
      vertex -25.371 6.29261 6
    endloop
  endfacet
  facet normal 0 0 1
    outer loop
      vertex -24.9693 6.73881 6
      vertex -26.3294 8.69333 6
      vertex -25.1848 6.52888 6
    endloop
  endfacet
  facet normal 0 0 1
    outer loop
      vertex -24.7282 6.91882 6
      vertex -26.3294 8.69333 6
      vertex -24.9693 6.73881 6
    endloop
  endfacet
  facet normal 0 0 1
    outer loop
      vertex -24.4657 7.06583 6
      vertex -26.3294 8.69333 6
      vertex -24.7282 6.91882 6
    endloop
  endfacet
  facet normal 0 0 1
    outer loop
      vertex -24.1863 7.17731 6
      vertex -26.3294 8.69333 6
      vertex -24.4657 7.06583 6
    endloop
  endfacet
  facet normal 0 0 1
    outer loop
      vertex -23.8947 7.25137 6
      vertex -26.3294 8.69333 6
      vertex -24.1863 7.17731 6
    endloop
  endfacet
  facet normal -0 0 1
    outer loop
      vertex 25.9004 -4.56695 6
      vertex 30.364 -6.36396 6
      vertex 26.044 -3.66025 6
    endloop
  endfacet
  facet normal 0 0 1
    outer loop
      vertex 30.364 -6.36396 6
      vertex 25.9004 -4.56695 6
      vertex 29.4789 -7.14018 6
    endloop
  endfacet
  facet normal -0 0 1
    outer loop
      vertex 25.7253 -5.46808 6
      vertex 29.4789 -7.14018 6
      vertex 25.9004 -4.56695 6
    endloop
  endfacet
  facet normal 0 0 1
    outer loop
      vertex 29.4789 -7.14018 6
      vertex 25.7253 -5.46808 6
      vertex 28.5 -7.79423 6
    endloop
  endfacet
  facet normal -0 0 1
    outer loop
      vertex 25.6436 -5.75764 6
      vertex 28.5 -7.79423 6
      vertex 25.7253 -5.46808 6
    endloop
  endfacet
  facet normal 0 0 1
    outer loop
      vertex 28.5 -7.79423 6
      vertex 25.6436 -5.75764 6
      vertex 27.4441 -8.31492 6
    endloop
  endfacet
  facet normal -0 0 1
    outer loop
      vertex 25.5249 -6.03406 6
      vertex 27.4441 -8.31492 6
      vertex 25.6436 -5.75764 6
    endloop
  endfacet
  facet normal -0 0 1
    outer loop
      vertex 25.371 -6.29261 6
      vertex 27.4441 -8.31492 6
      vertex 25.5249 -6.03406 6
    endloop
  endfacet
  facet normal 0 0 1
    outer loop
      vertex 27.4441 -8.31492 6
      vertex 25.371 -6.29261 6
      vertex 26.3294 -8.69333 6
    endloop
  endfacet
  facet normal -0 0 1
    outer loop
      vertex 25.1848 -6.52888 6
      vertex 26.3294 -8.69333 6
      vertex 25.371 -6.29261 6
    endloop
  endfacet
  facet normal -0 0 1
    outer loop
      vertex 24.9693 -6.73881 6
      vertex 26.3294 -8.69333 6
      vertex 25.1848 -6.52888 6
    endloop
  endfacet
  facet normal -0 0 1
    outer loop
      vertex 24.7282 -6.91882 6
      vertex 26.3294 -8.69333 6
      vertex 24.9693 -6.73881 6
    endloop
  endfacet
  facet normal -0 0 1
    outer loop
      vertex 24.4657 -7.06583 6
      vertex 26.3294 -8.69333 6
      vertex 24.7282 -6.91882 6
    endloop
  endfacet
  facet normal -0 0 1
    outer loop
      vertex 24.1863 -7.17731 6
      vertex 26.3294 -8.69333 6
      vertex 24.4657 -7.06583 6
    endloop
  endfacet
  facet normal -0 0 1
    outer loop
      vertex 23.8947 -7.25137 6
      vertex 26.3294 -8.69333 6
      vertex 24.1863 -7.17731 6
    endloop
  endfacet
  facet normal -0 0 1
    outer loop
      vertex 23.5959 -7.28673 6
      vertex 26.3294 -8.69333 6
      vertex 23.8947 -7.25137 6
    endloop
  endfacet
  facet normal 0 0 1
    outer loop
      vertex 23.2951 -7.28279 6
      vertex 26.3294 -8.69333 6
      vertex 23.5959 -7.28673 6
    endloop
  endfacet
  facet normal 0 0 1
    outer loop
      vertex 22.9973 -7.23962 6
      vertex 26.3294 -8.69333 6
      vertex 23.2951 -7.28279 6
    endloop
  endfacet
  facet normal 0 0 1
    outer loop
      vertex 22.7078 -7.15796 6
      vertex 26.3294 -8.69333 6
      vertex 22.9973 -7.23962 6
    endloop
  endfacet
  facet normal 0 0 1
    outer loop
      vertex 21.1826 -4.80942 6
      vertex 8.3 -8 6
      vertex 21.1787 -5.11025 6
    endloop
  endfacet
  facet normal 0 0 1
    outer loop
      vertex 21.1787 -5.11025 6
      vertex 8.3 -8 6
      vertex 21.2141 -5.40902 6
    endloop
  endfacet
  facet normal 0 0 1
    outer loop
      vertex 21.2141 -5.40902 6
      vertex 8.3 -8 6
      vertex 21.2881 -5.70062 6
    endloop
  endfacet
  facet normal 0 0 1
    outer loop
      vertex 21.2881 -5.70062 6
      vertex 8.3 -8 6
      vertex 21.3996 -5.98006 6
    endloop
  endfacet
  facet normal 0 0 1
    outer loop
      vertex 21.3996 -5.98006 6
      vertex 8.3 -8 6
      vertex 21.5466 -6.24255 6
    endloop
  endfacet
  facet normal 0 0 1
    outer loop
      vertex 21.5466 -6.24255 6
      vertex 8.3 -8 6
      vertex 21.7266 -6.48361 6
    endloop
  endfacet
  facet normal 0 0 1
    outer loop
      vertex 8.3 -8 6
      vertex 21.9365 -6.69911 6
      vertex 21.7266 -6.48361 6
    endloop
  endfacet
  facet normal 0 0 1
    outer loop
      vertex 8.3 -8 6
      vertex 22.1728 -6.88537 6
      vertex 21.9365 -6.69911 6
    endloop
  endfacet
  facet normal 0 0 1
    outer loop
      vertex 8.3 -8 6
      vertex 22.4314 -7.0392 6
      vertex 22.1728 -6.88537 6
    endloop
  endfacet
  facet normal 0 0 1
    outer loop
      vertex 3.88229 -14.4889 6
      vertex 22.4314 -7.0392 6
      vertex 8.3 -8 6
    endloop
  endfacet
  facet normal 0 0 1
    outer loop
      vertex 22.4314 -7.0392 6
      vertex 3.88229 -14.4889 6
      vertex 22.7078 -7.15796 6
    endloop
  endfacet
  facet normal 0 0 1
    outer loop
      vertex 22.7078 -7.15796 6
      vertex 3.88229 -14.4889 6
      vertex 26.3294 -8.69333 6
    endloop
  endfacet
  facet normal 0 0 1
    outer loop
      vertex 8.3 -8 6
      vertex 3.5 -11 6
      vertex 3.88229 -14.4889 6
    endloop
  endfacet
  facet normal 0 0 1
    outer loop
      vertex 8.3 -8 6
      vertex 1.2 -8.5 6
      vertex 3.5 -11 6
    endloop
  endfacet
  facet normal 0 0 1
    outer loop
      vertex 8.3 -8 6
      vertex -1.2 -8.5 6
      vertex 1.2 -8.5 6
    endloop
  endfacet
  facet normal 0 0 1
    outer loop
      vertex -1.2 -8.5 6
      vertex -3.5 -11 6
      vertex -1.2 -11 6
    endloop
  endfacet
  facet normal -0 0 1
    outer loop
      vertex -8.3 -8 6
      vertex -1.2 -8.5 6
      vertex 8.3 -8 6
    endloop
  endfacet
  facet normal 0 0 1
    outer loop
      vertex -8.3 -8 6
      vertex -3.5 -11 6
      vertex -1.2 -8.5 6
    endloop
  endfacet
  facet normal 0 0 1
    outer loop
      vertex -8.3 -8 6
      vertex -3.88229 -14.4889 6
      vertex -3.5 -11 6
    endloop
  endfacet
  facet normal 0 0 1
    outer loop
      vertex -21.2258 4.51168 6
      vertex -8.3 8 6
      vertex -21.1826 4.80942 6
    endloop
  endfacet
  facet normal -0 0 1
    outer loop
      vertex -21.2141 -5.40902 6
      vertex -8.3 -8 6
      vertex -21.1787 -5.11025 6
    endloop
  endfacet
  facet normal -0 0 1
    outer loop
      vertex -21.2881 -5.70062 6
      vertex -8.3 -8 6
      vertex -21.2141 -5.40902 6
    endloop
  endfacet
  facet normal -0 0 1
    outer loop
      vertex -21.3996 -5.98006 6
      vertex -8.3 -8 6
      vertex -21.2881 -5.70062 6
    endloop
  endfacet
  facet normal -0 0 1
    outer loop
      vertex -21.5466 -6.24255 6
      vertex -8.3 -8 6
      vertex -21.3996 -5.98006 6
    endloop
  endfacet
  facet normal -0 0 1
    outer loop
      vertex -21.7266 -6.48361 6
      vertex -8.3 -8 6
      vertex -21.5466 -6.24255 6
    endloop
  endfacet
  facet normal -0 0 1
    outer loop
      vertex -21.9365 -6.69911 6
      vertex -8.3 -8 6
      vertex -21.7266 -6.48361 6
    endloop
  endfacet
  facet normal -0 0 1
    outer loop
      vertex -22.1728 -6.88537 6
      vertex -8.3 -8 6
      vertex -21.9365 -6.69911 6
    endloop
  endfacet
  facet normal -0 0 1
    outer loop
      vertex -22.4314 -7.0392 6
      vertex -8.3 -8 6
      vertex -22.1728 -6.88537 6
    endloop
  endfacet
  facet normal 0 0 1
    outer loop
      vertex -8.3 -8 6
      vertex -22.4314 -7.0392 6
      vertex -3.88229 -14.4889 6
    endloop
  endfacet
  facet normal -0 0 1
    outer loop
      vertex -22.7078 -7.15796 6
      vertex -3.88229 -14.4889 6
      vertex -22.4314 -7.0392 6
    endloop
  endfacet
  facet normal 0 0 1
    outer loop
      vertex -26.3294 -8.69333 6
      vertex -22.7078 -7.15796 6
      vertex -22.9973 -7.23962 6
    endloop
  endfacet
  facet normal 0 0 1
    outer loop
      vertex -26.3294 -8.69333 6
      vertex -22.9973 -7.23962 6
      vertex -23.2951 -7.28279 6
    endloop
  endfacet
  facet normal 0 0 1
    outer loop
      vertex -26.3294 -8.69333 6
      vertex -23.2951 -7.28279 6
      vertex -23.5959 -7.28673 6
    endloop
  endfacet
  facet normal 0 0 1
    outer loop
      vertex -26.3294 -8.69333 6
      vertex -23.5959 -7.28673 6
      vertex -23.8947 -7.25137 6
    endloop
  endfacet
  facet normal 0 0 1
    outer loop
      vertex -26.3294 -8.69333 6
      vertex -23.8947 -7.25137 6
      vertex -24.1863 -7.17731 6
    endloop
  endfacet
  facet normal 0 0 1
    outer loop
      vertex -22.7078 -7.15796 6
      vertex -26.3294 -8.69333 6
      vertex -3.88229 -14.4889 6
    endloop
  endfacet
  facet normal 0 0 1
    outer loop
      vertex -24.4657 -7.06583 6
      vertex -26.3294 -8.69333 6
      vertex -24.1863 -7.17731 6
    endloop
  endfacet
  facet normal 0 0 1
    outer loop
      vertex -24.7282 -6.91882 6
      vertex -26.3294 -8.69333 6
      vertex -24.4657 -7.06583 6
    endloop
  endfacet
  facet normal 0 0 1
    outer loop
      vertex -24.9693 -6.73881 6
      vertex -26.3294 -8.69333 6
      vertex -24.7282 -6.91882 6
    endloop
  endfacet
  facet normal 0 0 1
    outer loop
      vertex -25.1848 -6.52888 6
      vertex -26.3294 -8.69333 6
      vertex -24.9693 -6.73881 6
    endloop
  endfacet
  facet normal 0 0 1
    outer loop
      vertex -25.371 -6.29261 6
      vertex -26.3294 -8.69333 6
      vertex -25.1848 -6.52888 6
    endloop
  endfacet
  facet normal 0 0 1
    outer loop
      vertex -27.4441 -8.31492 6
      vertex -25.371 -6.29261 6
      vertex -25.5249 -6.03406 6
    endloop
  endfacet
  facet normal 0 0 1
    outer loop
      vertex -27.4441 -8.31492 6
      vertex -25.5249 -6.03406 6
      vertex -25.6436 -5.75764 6
    endloop
  endfacet
  facet normal 0 0 1
    outer loop
      vertex -28.5 -7.79423 6
      vertex -25.6436 -5.75764 6
      vertex -25.7253 -5.46808 6
    endloop
  endfacet
  facet normal 0 0 1
    outer loop
      vertex -29.4789 -7.14018 6
      vertex -25.7253 -5.46808 6
      vertex -25.9004 -4.56695 6
    endloop
  endfacet
  facet normal 0 0 1
    outer loop
      vertex -30.364 -6.36396 6
      vertex -25.9004 -4.56695 6
      vertex -26.044 -3.66025 6
    endloop
  endfacet
  facet normal 0 0 1
    outer loop
      vertex -31.1402 -5.47885 6
      vertex -26.044 -3.66025 6
      vertex -26.1559 -2.7491 6
    endloop
  endfacet
  facet normal 0 0 1
    outer loop
      vertex -32.3149 -3.44415 6
      vertex -26.1559 -2.7491 6
      vertex -26.2359 -1.83459 6
    endloop
  endfacet
  facet normal 0 0 1
    outer loop
      vertex -32.6933 -2.32937 6
      vertex -26.2359 -1.83459 6
      vertex -26.284 -0.917856 6
    endloop
  endfacet
  facet normal 0 0 1
    outer loop
      vertex -32.923 -1.17474 6
      vertex -26.284 -0.917856 6
      vertex -26.3 0 6
    endloop
  endfacet
  facet normal -0 0 1
    outer loop
      vertex -31.1402 5.47885 6
      vertex -26.044 3.66025 6
      vertex -30.364 6.36396 6
    endloop
  endfacet
  facet normal 0 0 1
    outer loop
      vertex -26.044 3.66025 6
      vertex -31.1402 5.47885 6
      vertex -26.1559 2.7491 6
    endloop
  endfacet
  facet normal 0 0 1
    outer loop
      vertex -25.371 -6.29261 6
      vertex -27.4441 -8.31492 6
      vertex -26.3294 -8.69333 6
    endloop
  endfacet
  facet normal -0 0 1
    outer loop
      vertex -31.7942 4.5 6
      vertex -26.1559 2.7491 6
      vertex -31.1402 5.47885 6
    endloop
  endfacet
  facet normal 0 0 1
    outer loop
      vertex -25.6436 -5.75764 6
      vertex -28.5 -7.79423 6
      vertex -27.4441 -8.31492 6
    endloop
  endfacet
  facet normal -0 0 1
    outer loop
      vertex -32.3149 3.44415 6
      vertex -26.1559 2.7491 6
      vertex -31.7942 4.5 6
    endloop
  endfacet
  facet normal 0 0 1
    outer loop
      vertex -25.7253 -5.46808 6
      vertex -29.4789 -7.14018 6
      vertex -28.5 -7.79423 6
    endloop
  endfacet
  facet normal 0 0 1
    outer loop
      vertex -26.1559 2.7491 6
      vertex -32.3149 3.44415 6
      vertex -26.2359 1.83459 6
    endloop
  endfacet
  facet normal 0 0 1
    outer loop
      vertex -25.9004 -4.56695 6
      vertex -30.364 -6.36396 6
      vertex -29.4789 -7.14018 6
    endloop
  endfacet
  facet normal -0 0 1
    outer loop
      vertex -32.6933 2.32937 6
      vertex -26.2359 1.83459 6
      vertex -32.3149 3.44415 6
    endloop
  endfacet
  facet normal 0 0 1
    outer loop
      vertex -26.044 -3.66025 6
      vertex -31.1402 -5.47885 6
      vertex -30.364 -6.36396 6
    endloop
  endfacet
  facet normal 0 0 1
    outer loop
      vertex -26.2359 1.83459 6
      vertex -32.6933 2.32937 6
      vertex -26.284 0.917856 6
    endloop
  endfacet
  facet normal 0 0 1
    outer loop
      vertex -26.1559 -2.7491 6
      vertex -31.7942 -4.5 6
      vertex -31.1402 -5.47885 6
    endloop
  endfacet
  facet normal -0 0 1
    outer loop
      vertex -32.923 1.17474 6
      vertex -26.284 0.917856 6
      vertex -32.6933 2.32937 6
    endloop
  endfacet
  facet normal 0 0 1
    outer loop
      vertex -26.1559 -2.7491 6
      vertex -32.3149 -3.44415 6
      vertex -31.7942 -4.5 6
    endloop
  endfacet
  facet normal 0 0 1
    outer loop
      vertex -26.284 0.917856 6
      vertex -32.923 1.17474 6
      vertex -26.3 0 6
    endloop
  endfacet
  facet normal 0 0 1
    outer loop
      vertex -26.2359 -1.83459 6
      vertex -32.6933 -2.32937 6
      vertex -32.3149 -3.44415 6
    endloop
  endfacet
  facet normal 0 0 1
    outer loop
      vertex -33 0 6
      vertex -26.3 0 6
      vertex -32.923 1.17474 6
    endloop
  endfacet
  facet normal 0 0 1
    outer loop
      vertex -26.284 -0.917856 6
      vertex -32.923 -1.17474 6
      vertex -32.6933 -2.32937 6
    endloop
  endfacet
  facet normal 0 0 1
    outer loop
      vertex -26.3 0 6
      vertex -33 0 6
      vertex -32.923 -1.17474 6
    endloop
  endfacet
  facet normal 0 0 1
    outer loop
      vertex 8.3 8 6
      vertex 21.7 0 6
      vertex 21.6868 0.757318 6
    endloop
  endfacet
  facet normal 0 0 1
    outer loop
      vertex 8.3 8 6
      vertex 21.6868 0.757318 6
      vertex 21.6471 1.51371 6
    endloop
  endfacet
  facet normal 0 0 1
    outer loop
      vertex 8.3 -8 6
      vertex 21.7 0 6
      vertex 8.3 8 6
    endloop
  endfacet
  facet normal 0 0 1
    outer loop
      vertex 8.3 8 6
      vertex 21.6471 1.51371 6
      vertex 21.5811 2.26827 6
    endloop
  endfacet
  facet normal 0 0 1
    outer loop
      vertex 21.7 0 6
      vertex 8.3 -8 6
      vertex 21.6868 -0.757318 6
    endloop
  endfacet
  facet normal 0 0 1
    outer loop
      vertex 8.3 8 6
      vertex 21.5811 2.26827 6
      vertex 21.4888 3.02006 6
    endloop
  endfacet
  facet normal 0 0 1
    outer loop
      vertex 21.6868 -0.757318 6
      vertex 8.3 -8 6
      vertex 21.6471 -1.51371 6
    endloop
  endfacet
  facet normal 0 0 1
    outer loop
      vertex 8.3 8 6
      vertex 21.4888 3.02006 6
      vertex 21.3703 3.76816 6
    endloop
  endfacet
  facet normal 0 0 1
    outer loop
      vertex 21.6471 -1.51371 6
      vertex 8.3 -8 6
      vertex 21.5811 -2.26827 6
    endloop
  endfacet
  facet normal 0 0 1
    outer loop
      vertex 8.3 8 6
      vertex 21.3703 3.76816 6
      vertex 21.2258 4.51168 6
    endloop
  endfacet
  facet normal 0 0 1
    outer loop
      vertex 21.5811 -2.26827 6
      vertex 8.3 -8 6
      vertex 21.4888 -3.02006 6
    endloop
  endfacet
  facet normal 0 0 1
    outer loop
      vertex 8.3 8 6
      vertex 21.2258 4.51168 6
      vertex 21.1826 4.80942 6
    endloop
  endfacet
  facet normal 0 0 1
    outer loop
      vertex 21.4888 -3.02006 6
      vertex 8.3 -8 6
      vertex 21.3703 -3.76816 6
    endloop
  endfacet
  facet normal 0 0 1
    outer loop
      vertex 8.3 8 6
      vertex 21.1826 4.80942 6
      vertex 21.1787 5.11025 6
    endloop
  endfacet
  facet normal 0 0 1
    outer loop
      vertex 21.3703 -3.76816 6
      vertex 8.3 -8 6
      vertex 21.2258 -4.51168 6
    endloop
  endfacet
  facet normal 0 0 1
    outer loop
      vertex 3.5 -11 6
      vertex 1.95789 -14.8717 6
      vertex 3.88229 -14.4889 6
    endloop
  endfacet
  facet normal -0 0 1
    outer loop
      vertex 0 -14.5 6
      vertex 1.95789 -14.8717 6
      vertex 3.5 -11 6
    endloop
  endfacet
  facet normal 0 0 1
    outer loop
      vertex 0 -14.5 6
      vertex 0 -15 6
      vertex 1.95789 -14.8717 6
    endloop
  endfacet
  facet normal 0 0 1
    outer loop
      vertex 0 -14.5 6
      vertex -1.95789 -14.8717 6
      vertex 0 -15 6
    endloop
  endfacet
  facet normal 0 0 1
    outer loop
      vertex -3.5 -11 6
      vertex -1.95789 -14.8717 6
      vertex 0 -14.5 6
    endloop
  endfacet
  facet normal 0 0 1
    outer loop
      vertex -1.95789 -14.8717 6
      vertex -3.5 -11 6
      vertex -3.88229 -14.4889 6
    endloop
  endfacet
  facet normal 0 0 1
    outer loop
      vertex 3.5 -11 6
      vertex 1.2 -8.5 6
      vertex 1.2 -11 6
    endloop
  endfacet
  facet normal 0.896869 -0.442297 0
    outer loop
      vertex 31.7942 -4.5 6
      vertex 32.3149 -3.44415 0
      vertex 32.3149 -3.44415 6
    endloop
  endfacet
  facet normal 0.896869 -0.442297 0
    outer loop
      vertex 32.3149 -3.44415 0
      vertex 31.7942 -4.5 6
      vertex 31.7942 -4.5 0
    endloop
  endfacet
  facet normal -0.0653895 0.99786 0
    outer loop
      vertex 0 15 0
      vertex -1.95789 14.8717 6
      vertex 0 15 6
    endloop
  endfacet
  facet normal -0.0653895 0.99786 0
    outer loop
      vertex -1.95789 14.8717 6
      vertex 0 15 0
      vertex -1.95789 14.8717 0
    endloop
  endfacet
  facet normal -0.195097 0.980784 0
    outer loop
      vertex -1.95789 14.8717 0
      vertex -3.88229 14.4889 6
      vertex -1.95789 14.8717 6
    endloop
  endfacet
  facet normal -0.195097 0.980784 0
    outer loop
      vertex -3.88229 14.4889 6
      vertex -1.95789 14.8717 0
      vertex -3.88229 14.4889 0
    endloop
  endfacet
  facet normal 0 0 1
    outer loop
      vertex -1.2 -11 5.2
      vertex 1.2 -11 5.2
      vertex 1.2 -8.5 5.2
    endloop
  endfacet
  facet normal 0 0 1
    outer loop
      vertex -1.2 -11 5.2
      vertex 1.2 -8.5 5.2
      vertex -1.2 -8.5 5.2
    endloop
  endfacet
  facet normal 0 0 1
    outer loop
      vertex 1.2 -11 5.2
      vertex -1.2 -11 5.2
      vertex 0 -14.5 5.2
    endloop
  endfacet
  facet normal 0 0 1
    outer loop
      vertex 0 -14.5 5.2
      vertex -1.2 -11 5.2
      vertex -3.5 -11 5.2
    endloop
  endfacet
  facet normal 0 0 1
    outer loop
      vertex 3.5 -11 5.2
      vertex 1.2 -11 5.2
      vertex 0 -14.5 5.2
    endloop
  endfacet
  facet normal 0 -1 0
    outer loop
      vertex 1.2 -11 5.2
      vertex 3.5 -11 6
      vertex 1.2 -11 6
    endloop
  endfacet
  facet normal 0 -1 -0
    outer loop
      vertex 3.5 -11 6
      vertex 1.2 -11 5.2
      vertex 3.5 -11 5.2
    endloop
  endfacet
  facet normal -1 0 0
    outer loop
      vertex 1.2 -11 5.2
      vertex 1.2 -8.5 6
      vertex 1.2 -8.5 5.2
    endloop
  endfacet
  facet normal -1 -0 0
    outer loop
      vertex 1.2 -8.5 6
      vertex 1.2 -11 5.2
      vertex 1.2 -11 6
    endloop
  endfacet
  facet normal 0 -1 0
    outer loop
      vertex -1.2 -8.5 5.2
      vertex 1.2 -8.5 6
      vertex -1.2 -8.5 6
    endloop
  endfacet
  facet normal 0 -1 -0
    outer loop
      vertex 1.2 -8.5 6
      vertex -1.2 -8.5 5.2
      vertex 1.2 -8.5 5.2
    endloop
  endfacet
  facet normal 1 -0 0
    outer loop
      vertex -1.2 -11 6
      vertex -1.2 -8.5 5.2
      vertex -1.2 -8.5 6
    endloop
  endfacet
  facet normal 1 0 0
    outer loop
      vertex -1.2 -8.5 5.2
      vertex -1.2 -11 6
      vertex -1.2 -11 5.2
    endloop
  endfacet
  facet normal 0 -1 0
    outer loop
      vertex -3.5 -11 5.2
      vertex -1.2 -11 6
      vertex -3.5 -11 6
    endloop
  endfacet
  facet normal 0 -1 -0
    outer loop
      vertex -1.2 -11 6
      vertex -3.5 -11 5.2
      vertex -1.2 -11 5.2
    endloop
  endfacet
  facet normal 0.707107 0.707107 0
    outer loop
      vertex 0 -14.5 6
      vertex -3.5 -11 5.2
      vertex -3.5 -11 6
    endloop
  endfacet
  facet normal 0.707107 0.707107 0
    outer loop
      vertex -3.5 -11 5.2
      vertex 0 -14.5 6
      vertex 0 -14.5 5.2
    endloop
  endfacet
  facet normal -0.707107 0.707107 0
    outer loop
      vertex 0 -14.5 5.2
      vertex 3.5 -11 6
      vertex 3.5 -11 5.2
    endloop
  endfacet
  facet normal -0.707107 0.707107 0
    outer loop
      vertex 3.5 -11 6
      vertex 0 -14.5 5.2
      vertex 0 -14.5 6
    endloop
  endfacet
  facet normal 1 0 0
    outer loop
      vertex -3.3 -5.7565 54.4535
      vertex -3.3 -5.75566 52.9467
      vertex -3.3 -5.75566 54.4533
    endloop
  endfacet
  facet normal 1 0 0
    outer loop
      vertex -3.3 -5.75566 52.9467
      vertex -3.3 -5.7565 54.4535
      vertex -3.3 -5.7565 52.9465
    endloop
  endfacet
  facet normal 1 0 0
    outer loop
      vertex -3.3 -5.75566 52.9423
      vertex -3.3 -5.75567 52.9423
      vertex -3.3 -5.75566 52.9422
    endloop
  endfacet
  facet normal 1 0 0
    outer loop
      vertex -3.3 -5.36457 51.4827
      vertex -3.3 -5.7545 52.938
      vertex -3.3 -5.36533 51.4823
    endloop
  endfacet
  facet normal 1 0 0
    outer loop
      vertex -3.3 -4.6079 50.1698
      vertex -3.3 -5.36119 51.4745
      vertex -3.3 -4.60852 50.1692
    endloop
  endfacet
  facet normal 1 0 0
    outer loop
      vertex -3.3 -3.53721 49.0975
      vertex -3.3 -4.60252 50.1628
      vertex -3.3 -3.53765 49.0967
    endloop
  endfacet
  facet normal 1 0 0
    outer loop
      vertex -3.3 -2.22546 48.3388
      vertex -3.3 -3.5302 49.0921
      vertex -3.3 -2.22569 48.338
    endloop
  endfacet
  facet normal 1 0 0
    outer loop
      vertex -3.3 -0.762052 47.9455
      vertex -3.3 -2.21729 48.3354
      vertex -3.3 -0.762052 47.9446
    endloop
  endfacet
  facet normal 1 -0 0
    outer loop
      vertex -3.3 0.753516 59.4565
      vertex -3.3 0.762052 59.4554
      vertex -3.3 1.04421 61.6316
    endloop
  endfacet
  facet normal 1 0 0
    outer loop
      vertex -3.3 0.762052 59.4554
      vertex -3.3 0.753516 59.4565
      vertex -3.3 0.757846 59.4557
    endloop
  endfacet
  facet normal 0 0 -0
    outer loop
      vertex -3.3 0.757702 59.4557
      vertex -3.3 0.757846 59.4557
      vertex -3.3 0.757649 59.4557
    endloop
  endfacet
  facet normal 0 0 0
    outer loop
      vertex -3.3 0.757846 59.4557
      vertex -3.3 0.757702 59.4557
      vertex -3.3 0.757745 59.4557
    endloop
  endfacet
  facet normal 1 0 0
    outer loop
      vertex -3.3 0.757846 59.4557
      vertex -3.3 0.753516 59.4565
      vertex -3.3 0.757649 59.4557
    endloop
  endfacet
  facet normal 1 0 0
    outer loop
      vertex -3.3 0 61.7
      vertex -3.3 0.753516 59.4565
      vertex -3.3 1.04421 61.6316
    endloop
  endfacet
  facet normal 1 0 0
    outer loop
      vertex -3.3 -0.753516 59.4565
      vertex -3.3 0.753516 59.4565
      vertex -3.3 0 61.7
    endloop
  endfacet
  facet normal 1 0 0
    outer loop
      vertex -3.3 0.753516 59.4565
      vertex -3.3 -0.753516 59.4565
      vertex -3.3 0.753289 59.4557
    endloop
  endfacet
  facet normal 1 0 0
    outer loop
      vertex -3.3 0.753289 59.4557
      vertex -3.3 -0.753516 59.4565
      vertex -3.3 -0.753289 59.4557
    endloop
  endfacet
  facet normal 1 -0 0
    outer loop
      vertex -3.3 -1.04421 61.6316
      vertex -3.3 -0.753516 59.4565
      vertex -3.3 0 61.7
    endloop
  endfacet
  facet normal 1 0 -0
    outer loop
      vertex -3.3 -0.762052 59.4554
      vertex -3.3 -0.753516 59.4565
      vertex -3.3 -1.04421 61.6316
    endloop
  endfacet
  facet normal 1 0 0
    outer loop
      vertex -3.3 -0.753516 59.4565
      vertex -3.3 -0.762052 59.4554
      vertex -3.3 -0.757649 59.4557
    endloop
  endfacet
  facet normal -1 0 -0
    outer loop
      vertex -3.3 -0.757846 59.4557
      vertex -3.3 -0.757649 59.4557
      vertex -3.3 -0.762052 59.4554
    endloop
  endfacet
  facet normal 0 0 0
    outer loop
      vertex -3.3 -0.757702 59.4557
      vertex -3.3 -0.757846 59.4557
      vertex -3.3 -0.757745 59.4557
    endloop
  endfacet
  facet normal 0 0 0
    outer loop
      vertex -3.3 -0.757649 59.4557
      vertex -3.3 -0.757846 59.4557
      vertex -3.3 -0.757702 59.4557
    endloop
  endfacet
  facet normal 1 -0 0
    outer loop
      vertex -3.3 -2.07055 61.4274
      vertex -3.3 -0.762052 59.4554
      vertex -3.3 -1.04421 61.6316
    endloop
  endfacet
  facet normal 1 0 0
    outer loop
      vertex -3.3 -2.21773 59.0653
      vertex -3.3 -0.762052 59.4554
      vertex -3.3 -2.07055 61.4274
    endloop
  endfacet
  facet normal 1 0 0
    outer loop
      vertex -3.3 -0.762052 59.4554
      vertex -3.3 -2.21773 59.0653
      vertex -3.3 -0.762052 59.4545
    endloop
  endfacet
  facet normal 1 0 0
    outer loop
      vertex -3.3 -0.762052 59.4545
      vertex -3.3 -2.21773 59.0653
      vertex -3.3 -2.21729 59.0646
    endloop
  endfacet
  facet normal 1 -0 0
    outer loop
      vertex -3.3 -3.06147 61.091
      vertex -3.3 -2.21773 59.0653
      vertex -3.3 -2.07055 61.4274
    endloop
  endfacet
  facet normal 1 0 -0
    outer loop
      vertex -3.3 -2.22569 59.062
      vertex -3.3 -2.21773 59.0653
      vertex -3.3 -3.06147 61.091
    endloop
  endfacet
  facet normal 1 0 0
    outer loop
      vertex -3.3 -2.21773 59.0653
      vertex -3.3 -2.22569 59.062
      vertex -3.3 -2.22151 59.0635
    endloop
  endfacet
  facet normal 1 0 -0
    outer loop
      vertex -3.3 -2.2217 59.0634
      vertex -3.3 -2.22151 59.0635
      vertex -3.3 -2.22569 59.062
    endloop
  endfacet
  facet normal 0 0 0
    outer loop
      vertex -3.3 -2.22156 59.0634
      vertex -3.3 -2.2217 59.0634
      vertex -3.3 -2.2216 59.0634
    endloop
  endfacet
  facet normal 1 0 0
    outer loop
      vertex -3.3 -2.22151 59.0635
      vertex -3.3 -2.2217 59.0634
      vertex -3.3 -2.22156 59.0634
    endloop
  endfacet
  facet normal 1 0 0
    outer loop
      vertex -3.3 3.5302 49.0921
      vertex -3.3 2.22546 48.3388
      vertex -3.3 2.22569 48.338
    endloop
  endfacet
  facet normal 1 -0 0
    outer loop
      vertex -3.3 2.21773 59.0653
      vertex -3.3 2.22569 59.062
      vertex -3.3 3.06147 61.091
    endloop
  endfacet
  facet normal 1 0 0
    outer loop
      vertex -3.3 2.22569 59.062
      vertex -3.3 2.21773 59.0653
      vertex -3.3 2.2217 59.0634
    endloop
  endfacet
  facet normal 0 0 0
    outer loop
      vertex -3.3 2.2217 59.0634
      vertex -3.3 2.22156 59.0634
      vertex -3.3 2.2216 59.0634
    endloop
  endfacet
  facet normal 1 0 0
    outer loop
      vertex -3.3 2.2217 59.0634
      vertex -3.3 2.22151 59.0635
      vertex -3.3 2.22156 59.0634
    endloop
  endfacet
  facet normal -1 0 0
    outer loop
      vertex -3.3 2.2217 59.0634
      vertex -3.3 2.21773 59.0653
      vertex -3.3 2.22151 59.0635
    endloop
  endfacet
  facet normal 1 0 0
    outer loop
      vertex -3.3 2.07055 61.4274
      vertex -3.3 2.21773 59.0653
      vertex -3.3 3.06147 61.091
    endloop
  endfacet
  facet normal 1 -0 0
    outer loop
      vertex -3.3 0.762052 59.4554
      vertex -3.3 2.21773 59.0653
      vertex -3.3 2.07055 61.4274
    endloop
  endfacet
  facet normal 1 0 0
    outer loop
      vertex -3.3 0.762052 59.4554
      vertex -3.3 2.07055 61.4274
      vertex -3.3 1.04421 61.6316
    endloop
  endfacet
  facet normal 1 0 0
    outer loop
      vertex -3.3 2.21773 59.0653
      vertex -3.3 0.762052 59.4554
      vertex -3.3 2.21729 59.0646
    endloop
  endfacet
  facet normal 1 0 0
    outer loop
      vertex -3.3 2.21729 59.0646
      vertex -3.3 0.762052 59.4554
      vertex -3.3 0.762052 59.4545
    endloop
  endfacet
  facet normal 1 0 0
    outer loop
      vertex -3.3 4.60252 50.1628
      vertex -3.3 3.53721 49.0975
      vertex -3.3 3.53765 49.0967
    endloop
  endfacet
  facet normal 1 0 0
    outer loop
      vertex -3.3 4.87009 60.0468
      vertex -3.3 3.53414 58.3056
      vertex -3.3 3.53765 58.3033
    endloop
  endfacet
  facet normal 1 0 0
    outer loop
      vertex -3.3 4.87009 60.0468
      vertex -3.3 3.53082 58.3085
      vertex -3.3 3.53414 58.3056
    endloop
  endfacet
  facet normal -1 0 0
    outer loop
      vertex -3.3 3.53414 58.3056
      vertex -3.3 3.53398 58.3057
      vertex -3.3 3.53406 58.3057
    endloop
  endfacet
  facet normal 1 0 0
    outer loop
      vertex -3.3 3.53414 58.3056
      vertex -3.3 3.53082 58.3085
      vertex -3.3 3.53398 58.3057
    endloop
  endfacet
  facet normal 1 -0 0
    outer loop
      vertex -3.3 2.22569 59.062
      vertex -3.3 3.53082 58.3085
      vertex -3.3 4 60.6282
    endloop
  endfacet
  facet normal 1 0 0
    outer loop
      vertex -3.3 2.22569 59.062
      vertex -3.3 4 60.6282
      vertex -3.3 3.06147 61.091
    endloop
  endfacet
  facet normal 1 0 0
    outer loop
      vertex -3.3 3.53082 58.3085
      vertex -3.3 2.22569 59.062
      vertex -3.3 3.5302 58.3079
    endloop
  endfacet
  facet normal 1 0 0
    outer loop
      vertex -3.3 3.5302 58.3079
      vertex -3.3 2.22569 59.062
      vertex -3.3 2.22546 59.0612
    endloop
  endfacet
  facet normal 1 0 0
    outer loop
      vertex -3.3 5.36119 51.4745
      vertex -3.3 4.6079 50.1698
      vertex -3.3 4.60852 50.1692
    endloop
  endfacet
  facet normal 1 0 0
    outer loop
      vertex -3.3 6.34683 58.5701
      vertex -3.3 4.60574 57.234
      vertex -3.3 4.60852 57.2308
    endloop
  endfacet
  facet normal 1 0 0
    outer loop
      vertex -3.3 5.65685 59.3569
      vertex -3.3 4.60328 57.2376
      vertex -3.3 4.60574 57.234
    endloop
  endfacet
  facet normal -1 0 0
    outer loop
      vertex -3.3 4.60574 57.234
      vertex -3.3 4.60562 57.2341
      vertex -3.3 4.60567 57.2341
    endloop
  endfacet
  facet normal 1 0 0
    outer loop
      vertex -3.3 4.60574 57.234
      vertex -3.3 4.60328 57.2376
      vertex -3.3 4.60562 57.2341
    endloop
  endfacet
  facet normal 1 0 0
    outer loop
      vertex -3.3 5.65685 59.3569
      vertex -3.3 3.53765 58.3033
      vertex -3.3 4.60328 57.2376
    endloop
  endfacet
  facet normal 1 0 0
    outer loop
      vertex -3.3 3.53082 58.3085
      vertex -3.3 4.87009 60.0468
      vertex -3.3 4 60.6282
    endloop
  endfacet
  facet normal 1 0 0
    outer loop
      vertex -3.3 4.60328 57.2376
      vertex -3.3 3.53765 58.3033
      vertex -3.3 4.60252 57.2372
    endloop
  endfacet
  facet normal 1 0 0
    outer loop
      vertex -3.3 4.60252 57.2372
      vertex -3.3 3.53765 58.3033
      vertex -3.3 3.53721 58.3025
    endloop
  endfacet
  facet normal 1 0 0
    outer loop
      vertex -3.3 5.7545 52.938
      vertex -3.3 5.36457 51.4827
      vertex -3.3 5.36533 51.4823
    endloop
  endfacet
  facet normal 1 0 0
    outer loop
      vertex -3.3 6.9282 57.7
      vertex -3.3 5.36347 55.9215
      vertex -3.3 5.36533 55.9177
    endloop
  endfacet
  facet normal 1 0 0
    outer loop
      vertex -3.3 6.34683 58.5701
      vertex -3.3 5.36204 55.9257
      vertex -3.3 5.36347 55.9215
    endloop
  endfacet
  facet normal 1 -0 -0
    outer loop
      vertex -3.3 5.36339 55.9217
      vertex -3.3 5.36347 55.9215
      vertex -3.3 5.36204 55.9257
    endloop
  endfacet
  facet normal 1 0 0
    outer loop
      vertex -3.3 5.36344 55.9216
      vertex -3.3 5.36339 55.9217
      vertex -3.3 5.36342 55.9216
    endloop
  endfacet
  facet normal -1 0 0
    outer loop
      vertex -3.3 5.36347 55.9215
      vertex -3.3 5.36339 55.9217
      vertex -3.3 5.36344 55.9216
    endloop
  endfacet
  facet normal 1 0 0
    outer loop
      vertex -3.3 6.34683 58.5701
      vertex -3.3 4.60852 57.2308
      vertex -3.3 5.36204 55.9257
    endloop
  endfacet
  facet normal 1 0 0
    outer loop
      vertex -3.3 3.53765 58.3033
      vertex -3.3 5.65685 59.3569
      vertex -3.3 4.87009 60.0468
    endloop
  endfacet
  facet normal 1 0 0
    outer loop
      vertex -3.3 5.36204 55.9257
      vertex -3.3 4.60852 57.2308
      vertex -3.3 5.36119 55.9255
    endloop
  endfacet
  facet normal 1 0 0
    outer loop
      vertex -3.3 5.36119 55.9255
      vertex -3.3 4.60852 57.2308
      vertex -3.3 4.6079 57.2302
    endloop
  endfacet
  facet normal 1 -0 0
    outer loop
      vertex -3.3 5.75566 54.4533
      vertex -3.3 5.7565 52.9465
      vertex -3.3 5.7565 54.4535
    endloop
  endfacet
  facet normal 1 0 0
    outer loop
      vertex -3.3 5.7565 52.9465
      vertex -3.3 5.75566 54.4533
      vertex -3.3 5.75566 52.9467
    endloop
  endfacet
  facet normal 1 0 0
    outer loop
      vertex -3.3 7.93156 54.7442
      vertex -3.3 5.75568 54.4576
      vertex -3.3 5.7565 54.4535
    endloop
  endfacet
  facet normal 1 0 0
    outer loop
      vertex -3.3 6.9282 57.7
      vertex -3.3 5.75538 54.4621
      vertex -3.3 5.75568 54.4576
    endloop
  endfacet
  facet normal 1 -0 -0
    outer loop
      vertex -3.3 5.75566 54.4578
      vertex -3.3 5.75568 54.4576
      vertex -3.3 5.75538 54.4621
    endloop
  endfacet
  facet normal -1 0 0
    outer loop
      vertex -3.3 5.75568 54.4576
      vertex -3.3 5.75566 54.4578
      vertex -3.3 5.75567 54.4577
    endloop
  endfacet
  facet normal 1 0 0
    outer loop
      vertex -3.3 6.9282 57.7
      vertex -3.3 5.36533 55.9177
      vertex -3.3 5.75538 54.4621
    endloop
  endfacet
  facet normal 1 0 0
    outer loop
      vertex -3.3 4.60574 57.234
      vertex -3.3 6.34683 58.5701
      vertex -3.3 5.65685 59.3569
    endloop
  endfacet
  facet normal 1 0 0
    outer loop
      vertex -3.3 5.75538 54.4621
      vertex -3.3 5.36533 55.9177
      vertex -3.3 5.7545 54.4621
    endloop
  endfacet
  facet normal 1 0 0
    outer loop
      vertex -3.3 5.7545 54.4621
      vertex -3.3 5.36533 55.9177
      vertex -3.3 5.36457 55.9173
    endloop
  endfacet
  facet normal 1 -0 0
    outer loop
      vertex -3.3 5.7565 54.4535
      vertex -3.3 8 53.7
      vertex -3.3 7.93156 54.7442
    endloop
  endfacet
  facet normal 1 0 0
    outer loop
      vertex -3.3 5.75568 54.4576
      vertex -3.3 7.93156 54.7442
      vertex -3.3 7.72741 55.7706
    endloop
  endfacet
  facet normal 1 0 0
    outer loop
      vertex -3.3 5.75568 54.4576
      vertex -3.3 7.72741 55.7706
      vertex -3.3 7.39104 56.7615
    endloop
  endfacet
  facet normal 1 0 0
    outer loop
      vertex -3.3 5.75568 54.4576
      vertex -3.3 7.39104 56.7615
      vertex -3.3 6.9282 57.7
    endloop
  endfacet
  facet normal 1 0 0
    outer loop
      vertex -3.3 5.36347 55.9215
      vertex -3.3 6.9282 57.7
      vertex -3.3 6.34683 58.5701
    endloop
  endfacet
  facet normal 1 0 0
    outer loop
      vertex -3.3 8 53.7
      vertex -3.3 5.7565 54.4535
      vertex -3.3 5.7565 52.9465
    endloop
  endfacet
  facet normal 1 0 0
    outer loop
      vertex -3.3 8 53.7
      vertex -3.3 5.7565 52.9465
      vertex -3.3 5.75538 52.938
    endloop
  endfacet
  facet normal 1 0 0
    outer loop
      vertex -3.3 5.75538 52.938
      vertex -3.3 5.7565 52.9465
      vertex -3.3 5.75568 52.9424
    endloop
  endfacet
  facet normal -1 0 0
    outer loop
      vertex -3.3 5.75566 52.9422
      vertex -3.3 5.75568 52.9424
      vertex -3.3 5.75567 52.9423
    endloop
  endfacet
  facet normal 1 0 0
    outer loop
      vertex -3.3 5.75566 52.9422
      vertex -3.3 5.75567 52.9423
      vertex -3.3 5.75566 52.9423
    endloop
  endfacet
  facet normal 1 0 0
    outer loop
      vertex -3.3 5.75568 52.9424
      vertex -3.3 5.75566 52.9422
      vertex -3.3 5.75538 52.938
    endloop
  endfacet
  facet normal 1 0 0
    outer loop
      vertex -3.3 8 53.7
      vertex -3.3 5.75538 52.938
      vertex -3.3 5.36533 51.4823
    endloop
  endfacet
  facet normal 1 0 0
    outer loop
      vertex -3.3 5.36533 51.4823
      vertex -3.3 5.75538 52.938
      vertex -3.3 5.7545 52.938
    endloop
  endfacet
  facet normal 1 0 0
    outer loop
      vertex -3.3 5.36204 51.4743
      vertex -3.3 8 53.7
      vertex -3.3 5.36533 51.4823
    endloop
  endfacet
  facet normal 1 0 0
    outer loop
      vertex -3.3 5.36204 51.4743
      vertex -3.3 5.36533 51.4823
      vertex -3.3 5.36347 51.4785
    endloop
  endfacet
  facet normal -1 0 0
    outer loop
      vertex -3.3 5.36339 51.4783
      vertex -3.3 5.36347 51.4785
      vertex -3.3 5.36344 51.4784
    endloop
  endfacet
  facet normal 1 0 0
    outer loop
      vertex -3.3 5.36339 51.4783
      vertex -3.3 5.36344 51.4784
      vertex -3.3 5.36342 51.4784
    endloop
  endfacet
  facet normal 1 0 0
    outer loop
      vertex -3.3 5.36347 51.4785
      vertex -3.3 5.36339 51.4783
      vertex -3.3 5.36204 51.4743
    endloop
  endfacet
  facet normal 1 0 0
    outer loop
      vertex -3.3 8 53.7
      vertex -3.3 5.36204 51.4743
      vertex -3.3 8 44.71
    endloop
  endfacet
  facet normal 1 0 0
    outer loop
      vertex -3.3 4.60852 50.1692
      vertex -3.3 5.36204 51.4743
      vertex -3.3 5.36119 51.4745
    endloop
  endfacet
  facet normal 1 0 0
    outer loop
      vertex -3.3 5.36204 51.4743
      vertex -3.3 4.60852 50.1692
      vertex -3.3 8 44.71
    endloop
  endfacet
  facet normal 1 0 0
    outer loop
      vertex -3.3 4.60328 50.1624
      vertex -3.3 4.60852 50.1692
      vertex -3.3 4.60574 50.166
    endloop
  endfacet
  facet normal -1 0 0
    outer loop
      vertex -3.3 4.60562 50.1659
      vertex -3.3 4.60574 50.166
      vertex -3.3 4.60567 50.1659
    endloop
  endfacet
  facet normal 1 0 0
    outer loop
      vertex -3.3 4.60328 50.1624
      vertex -3.3 4.60574 50.166
      vertex -3.3 4.60562 50.1659
    endloop
  endfacet
  facet normal 1 0 0
    outer loop
      vertex -3.3 4.60852 50.1692
      vertex -3.3 4.60328 50.1624
      vertex -3.3 8 44.71
    endloop
  endfacet
  facet normal 1 0 0
    outer loop
      vertex -3.3 3.53765 49.0967
      vertex -3.3 4.60328 50.1624
      vertex -3.3 4.60252 50.1628
    endloop
  endfacet
  facet normal 1 0 0
    outer loop
      vertex -3.3 4.60328 50.1624
      vertex -3.3 3.53765 49.0967
      vertex -3.3 8 44.71
    endloop
  endfacet
  facet normal 1 0 0
    outer loop
      vertex -3.3 3.53082 49.0915
      vertex -3.3 3.53765 49.0967
      vertex -3.3 3.53414 49.0944
    endloop
  endfacet
  facet normal -1 0 0
    outer loop
      vertex -3.3 3.53398 49.0943
      vertex -3.3 3.53414 49.0944
      vertex -3.3 3.53406 49.0943
    endloop
  endfacet
  facet normal 1 0 0
    outer loop
      vertex -3.3 3.53082 49.0915
      vertex -3.3 3.53414 49.0944
      vertex -3.3 3.53398 49.0943
    endloop
  endfacet
  facet normal 1 0 0
    outer loop
      vertex -3.3 3.53765 49.0967
      vertex -3.3 3.53082 49.0915
      vertex -3.3 8 44.71
    endloop
  endfacet
  facet normal 1 0 0
    outer loop
      vertex -3.3 2.22569 48.338
      vertex -3.3 3.53082 49.0915
      vertex -3.3 3.5302 49.0921
    endloop
  endfacet
  facet normal 1 -0 0
    outer loop
      vertex -3.3 2.22569 48.338
      vertex -3.3 8 44.71
      vertex -3.3 3.53082 49.0915
    endloop
  endfacet
  facet normal 1 0 0
    outer loop
      vertex -3.3 2.21773 48.3347
      vertex -3.3 2.22569 48.338
      vertex -3.3 2.2217 48.3366
    endloop
  endfacet
  facet normal 0 0 0
    outer loop
      vertex -3.3 2.22156 48.3366
      vertex -3.3 2.2217 48.3366
      vertex -3.3 2.2216 48.3366
    endloop
  endfacet
  facet normal 1 0 0
    outer loop
      vertex -3.3 2.22151 48.3365
      vertex -3.3 2.2217 48.3366
      vertex -3.3 2.22156 48.3366
    endloop
  endfacet
  facet normal -1 0 0
    outer loop
      vertex -3.3 2.21773 48.3347
      vertex -3.3 2.2217 48.3366
      vertex -3.3 2.22151 48.3365
    endloop
  endfacet
  facet normal 1 0 0
    outer loop
      vertex -3.3 2.22569 48.338
      vertex -3.3 2.21773 48.3347
      vertex -3.3 8 44.71
    endloop
  endfacet
  facet normal 1 0 0
    outer loop
      vertex -3.3 0.762052 47.9455
      vertex -3.3 2.21773 48.3347
      vertex -3.3 2.21729 48.3354
    endloop
  endfacet
  facet normal 1 0 0
    outer loop
      vertex -3.3 0.762052 47.9446
      vertex -3.3 2.21773 48.3347
      vertex -3.3 0.762052 47.9455
    endloop
  endfacet
  facet normal 1 0 0
    outer loop
      vertex -3.3 2.21773 48.3347
      vertex -3.3 0.762052 47.9446
      vertex -3.3 8 44.71
    endloop
  endfacet
  facet normal 1 0 0
    outer loop
      vertex -3.3 0.753516 47.9435
      vertex -3.3 0.762052 47.9446
      vertex -3.3 0.757846 47.9443
    endloop
  endfacet
  facet normal 0 0 0
    outer loop
      vertex -3.3 0.757703 47.9443
      vertex -3.3 0.757846 47.9443
      vertex -3.3 0.757745 47.9443
    endloop
  endfacet
  facet normal 0 0 0
    outer loop
      vertex -3.3 0.757649 47.9443
      vertex -3.3 0.757846 47.9443
      vertex -3.3 0.757703 47.9443
    endloop
  endfacet
  facet normal 1 0 0
    outer loop
      vertex -3.3 0.753516 47.9435
      vertex -3.3 0.757846 47.9443
      vertex -3.3 0.757649 47.9443
    endloop
  endfacet
  facet normal 1 0 0
    outer loop
      vertex -3.3 0.762052 47.9446
      vertex -3.3 0.753516 47.9435
      vertex -3.3 8 44.71
    endloop
  endfacet
  facet normal 1 -0 0
    outer loop
      vertex -3.3 -0.753289 47.9443
      vertex -3.3 0.753516 47.9435
      vertex -3.3 0.753289 47.9443
    endloop
  endfacet
  facet normal 1 0 0
    outer loop
      vertex -3.3 -0.753516 47.9435
      vertex -3.3 0.753516 47.9435
      vertex -3.3 -0.753289 47.9443
    endloop
  endfacet
  facet normal 1 0 0
    outer loop
      vertex -3.3 0.753516 47.9435
      vertex -3.3 -0.753516 47.9435
      vertex -3.3 8 44.71
    endloop
  endfacet
  facet normal 1 -0 0
    outer loop
      vertex -3.3 -0.757846 47.9443
      vertex -3.3 -0.753516 47.9435
      vertex -3.3 -0.757649 47.9443
    endloop
  endfacet
  facet normal 0 0 0
    outer loop
      vertex -3.3 -0.757846 47.9443
      vertex -3.3 -0.757649 47.9443
      vertex -3.3 -0.757703 47.9443
    endloop
  endfacet
  facet normal 0 0 0
    outer loop
      vertex -3.3 -0.757846 47.9443
      vertex -3.3 -0.757703 47.9443
      vertex -3.3 -0.757745 47.9443
    endloop
  endfacet
  facet normal 1 0 0
    outer loop
      vertex -3.3 -0.753516 47.9435
      vertex -3.3 -0.757846 47.9443
      vertex -3.3 -0.762052 47.9446
    endloop
  endfacet
  facet normal 1 0 0
    outer loop
      vertex -3.3 -0.753516 47.9435
      vertex -3.3 -0.762052 47.9446
      vertex -3.3 -8 44.71
    endloop
  endfacet
  facet normal 1 -0 0
    outer loop
      vertex -3.3 -2.21773 48.3347
      vertex -3.3 -0.762052 47.9446
      vertex -3.3 -2.21729 48.3354
    endloop
  endfacet
  facet normal 1 0 0
    outer loop
      vertex -3.3 -8 44.71
      vertex -3.3 -0.762052 47.9446
      vertex -3.3 -2.21773 48.3347
    endloop
  endfacet
  facet normal 0 0 0
    outer loop
      vertex -3.3 -2.2217 48.3366
      vertex -3.3 -2.22156 48.3366
      vertex -3.3 -2.2216 48.3366
    endloop
  endfacet
  facet normal 1 -0 0
    outer loop
      vertex -3.3 -2.2217 48.3366
      vertex -3.3 -2.22151 48.3365
      vertex -3.3 -2.22156 48.3366
    endloop
  endfacet
  facet normal -1 0 0
    outer loop
      vertex -3.3 -2.2217 48.3366
      vertex -3.3 -2.21773 48.3347
      vertex -3.3 -2.22151 48.3365
    endloop
  endfacet
  facet normal 1 0 0
    outer loop
      vertex -3.3 -2.22569 48.338
      vertex -3.3 -2.21773 48.3347
      vertex -3.3 -2.2217 48.3366
    endloop
  endfacet
  facet normal 1 -0 0
    outer loop
      vertex -3.3 -3.53082 49.0915
      vertex -3.3 -2.22569 48.338
      vertex -3.3 -3.5302 49.0921
    endloop
  endfacet
  facet normal -1 0 0
    outer loop
      vertex -3.3 -3.53414 49.0944
      vertex -3.3 -3.53398 49.0943
      vertex -3.3 -3.53406 49.0943
    endloop
  endfacet
  facet normal 1 0 0
    outer loop
      vertex -3.3 -3.53414 49.0944
      vertex -3.3 -3.53082 49.0915
      vertex -3.3 -3.53398 49.0943
    endloop
  endfacet
  facet normal 1 0 0
    outer loop
      vertex -3.3 -3.53765 49.0967
      vertex -3.3 -3.53082 49.0915
      vertex -3.3 -3.53414 49.0944
    endloop
  endfacet
  facet normal 1 -0 0
    outer loop
      vertex -3.3 -4.60328 50.1624
      vertex -3.3 -3.53765 49.0967
      vertex -3.3 -4.60252 50.1628
    endloop
  endfacet
  facet normal -1 0 0
    outer loop
      vertex -3.3 -4.60574 50.166
      vertex -3.3 -4.60562 50.1659
      vertex -3.3 -4.60567 50.1659
    endloop
  endfacet
  facet normal 1 0 0
    outer loop
      vertex -3.3 -4.60574 50.166
      vertex -3.3 -4.60328 50.1624
      vertex -3.3 -4.60562 50.1659
    endloop
  endfacet
  facet normal 1 0 0
    outer loop
      vertex -3.3 -4.60852 50.1692
      vertex -3.3 -4.60328 50.1624
      vertex -3.3 -4.60574 50.166
    endloop
  endfacet
  facet normal 1 -0 0
    outer loop
      vertex -3.3 -5.36204 51.4743
      vertex -3.3 -4.60852 50.1692
      vertex -3.3 -5.36119 51.4745
    endloop
  endfacet
  facet normal 1 -0 0
    outer loop
      vertex -3.3 -5.36344 51.4784
      vertex -3.3 -5.36339 51.4783
      vertex -3.3 -5.36342 51.4784
    endloop
  endfacet
  facet normal -1 0 0
    outer loop
      vertex -3.3 -5.36347 51.4785
      vertex -3.3 -5.36339 51.4783
      vertex -3.3 -5.36344 51.4784
    endloop
  endfacet
  facet normal 1 0 0
    outer loop
      vertex -3.3 -5.36339 51.4783
      vertex -3.3 -5.36347 51.4785
      vertex -3.3 -5.36204 51.4743
    endloop
  endfacet
  facet normal 1 0 0
    outer loop
      vertex -3.3 -5.36533 51.4823
      vertex -3.3 -5.36204 51.4743
      vertex -3.3 -5.36347 51.4785
    endloop
  endfacet
  facet normal 1 -0 0
    outer loop
      vertex -3.3 -5.75538 52.938
      vertex -3.3 -5.36533 51.4823
      vertex -3.3 -5.7545 52.938
    endloop
  endfacet
  facet normal -1 0 0
    outer loop
      vertex -3.3 -5.75568 52.9424
      vertex -3.3 -5.75566 52.9422
      vertex -3.3 -5.75567 52.9423
    endloop
  endfacet
  facet normal 1 0 0
    outer loop
      vertex -3.3 -5.75566 52.9422
      vertex -3.3 -5.75568 52.9424
      vertex -3.3 -5.75538 52.938
    endloop
  endfacet
  facet normal 1 0 0
    outer loop
      vertex -3.3 -5.7565 52.9465
      vertex -3.3 -5.75538 52.938
      vertex -3.3 -5.75568 52.9424
    endloop
  endfacet
  facet normal 1 0 0
    outer loop
      vertex -3.3 -5.36533 55.9177
      vertex -3.3 -7.72741 55.7706
      vertex -3.3 -5.75538 54.4621
    endloop
  endfacet
  facet normal 1 -0 0
    outer loop
      vertex -3.3 -7.93156 54.7442
      vertex -3.3 -5.75538 54.4621
      vertex -3.3 -7.72741 55.7706
    endloop
  endfacet
  facet normal 1 0 0
    outer loop
      vertex -3.3 -5.75538 54.4621
      vertex -3.3 -7.93156 54.7442
      vertex -3.3 -5.7565 54.4535
    endloop
  endfacet
  facet normal 1 0 0
    outer loop
      vertex -3.3 -8 53.7
      vertex -3.3 -5.7565 54.4535
      vertex -3.3 -7.93156 54.7442
    endloop
  endfacet
  facet normal 1 0 0
    outer loop
      vertex -3.3 -5.7565 54.4535
      vertex -3.3 -8 53.7
      vertex -3.3 -5.7565 52.9465
    endloop
  endfacet
  facet normal 1 0 0
    outer loop
      vertex -3.3 -5.7565 52.9465
      vertex -3.3 -8 53.7
      vertex -3.3 -5.75538 52.938
    endloop
  endfacet
  facet normal 1 0 0
    outer loop
      vertex -3.3 -5.75538 52.938
      vertex -3.3 -8 53.7
      vertex -3.3 -5.36533 51.4823
    endloop
  endfacet
  facet normal 1 0 0
    outer loop
      vertex -3.3 -5.36533 51.4823
      vertex -3.3 -8 53.7
      vertex -3.3 -5.36204 51.4743
    endloop
  endfacet
  facet normal 1 0 0
    outer loop
      vertex -3.3 -8 44.71
      vertex -3.3 -5.36204 51.4743
      vertex -3.3 -8 53.7
    endloop
  endfacet
  facet normal 1 0 0
    outer loop
      vertex -3.3 -5.36204 51.4743
      vertex -3.3 -8 44.71
      vertex -3.3 -4.60852 50.1692
    endloop
  endfacet
  facet normal 1 0 0
    outer loop
      vertex -3.3 -0.753516 47.9435
      vertex -3.3 -8 44.71
      vertex -3.3 8 44.71
    endloop
  endfacet
  facet normal 1 0 0
    outer loop
      vertex -3.3 -2.22569 48.338
      vertex -3.3 -8 44.71
      vertex -3.3 -2.21773 48.3347
    endloop
  endfacet
  facet normal 1 0 0
    outer loop
      vertex -3.3 -3.53082 49.0915
      vertex -3.3 -8 44.71
      vertex -3.3 -2.22569 48.338
    endloop
  endfacet
  facet normal 1 0 0
    outer loop
      vertex -3.3 -3.53765 49.0967
      vertex -3.3 -8 44.71
      vertex -3.3 -3.53082 49.0915
    endloop
  endfacet
  facet normal 1 0 0
    outer loop
      vertex -3.3 -4.60328 50.1624
      vertex -3.3 -8 44.71
      vertex -3.3 -3.53765 49.0967
    endloop
  endfacet
  facet normal 1 0 0
    outer loop
      vertex -3.3 -4.60852 50.1692
      vertex -3.3 -8 44.71
      vertex -3.3 -4.60328 50.1624
    endloop
  endfacet
  facet normal 1 0 0
    outer loop
      vertex -3.3 5.75567 54.4577
      vertex -3.3 5.75566 54.4578
      vertex -3.3 5.75566 54.4577
    endloop
  endfacet
  facet normal 1 -0 0
    outer loop
      vertex -3.3 -4 60.6282
      vertex -3.3 -2.22569 59.062
      vertex -3.3 -3.06147 61.091
    endloop
  endfacet
  facet normal 1 0 -0
    outer loop
      vertex -3.3 -3.53082 58.3085
      vertex -3.3 -2.22569 59.062
      vertex -3.3 -4 60.6282
    endloop
  endfacet
  facet normal 1 0 0
    outer loop
      vertex -3.3 -2.22546 59.0612
      vertex -3.3 -3.53082 58.3085
      vertex -3.3 -3.5302 58.3079
    endloop
  endfacet
  facet normal 1 0 0
    outer loop
      vertex -3.3 -2.22569 59.062
      vertex -3.3 -3.53082 58.3085
      vertex -3.3 -2.22546 59.0612
    endloop
  endfacet
  facet normal 1 -0 0
    outer loop
      vertex -3.3 -4.87009 60.0468
      vertex -3.3 -3.53082 58.3085
      vertex -3.3 -4 60.6282
    endloop
  endfacet
  facet normal 1 0 -0
    outer loop
      vertex -3.3 -3.53765 58.3033
      vertex -3.3 -3.53082 58.3085
      vertex -3.3 -4.87009 60.0468
    endloop
  endfacet
  facet normal 1 0 -0
    outer loop
      vertex -3.3 -3.53414 58.3056
      vertex -3.3 -3.53082 58.3085
      vertex -3.3 -3.53765 58.3033
    endloop
  endfacet
  facet normal -1 -0 0
    outer loop
      vertex -3.3 -3.53398 58.3057
      vertex -3.3 -3.53414 58.3056
      vertex -3.3 -3.53406 58.3057
    endloop
  endfacet
  facet normal 1 0 0
    outer loop
      vertex -3.3 -3.53765 58.3033
      vertex -3.3 -4.60252 57.2372
      vertex -3.3 -3.53721 58.3025
    endloop
  endfacet
  facet normal 1 0 0
    outer loop
      vertex -3.3 -3.53082 58.3085
      vertex -3.3 -3.53414 58.3056
      vertex -3.3 -3.53398 58.3057
    endloop
  endfacet
  facet normal 1 -0 0
    outer loop
      vertex -3.3 -5.65685 59.3569
      vertex -3.3 -3.53765 58.3033
      vertex -3.3 -4.87009 60.0468
    endloop
  endfacet
  facet normal 1 0 0
    outer loop
      vertex -3.3 -3.53765 58.3033
      vertex -3.3 -4.60328 57.2376
      vertex -3.3 -4.60252 57.2372
    endloop
  endfacet
  facet normal 1 0 0
    outer loop
      vertex -3.3 -3.53765 58.3033
      vertex -3.3 -5.65685 59.3569
      vertex -3.3 -4.60328 57.2376
    endloop
  endfacet
  facet normal 1 -0 0
    outer loop
      vertex -3.3 -6.34683 58.5701
      vertex -3.3 -4.60328 57.2376
      vertex -3.3 -5.65685 59.3569
    endloop
  endfacet
  facet normal 1 0 -0
    outer loop
      vertex -3.3 -4.60852 57.2308
      vertex -3.3 -4.60328 57.2376
      vertex -3.3 -6.34683 58.5701
    endloop
  endfacet
  facet normal 1 0 0
    outer loop
      vertex -3.3 -4.60328 57.2376
      vertex -3.3 -4.60852 57.2308
      vertex -3.3 -4.60562 57.2341
    endloop
  endfacet
  facet normal 1 0 0
    outer loop
      vertex -3.3 -4.60852 57.2308
      vertex -3.3 -5.36119 55.9255
      vertex -3.3 -4.6079 57.2302
    endloop
  endfacet
  facet normal -1 -0 0
    outer loop
      vertex -3.3 -4.60562 57.2341
      vertex -3.3 -4.60574 57.234
      vertex -3.3 -4.60567 57.2341
    endloop
  endfacet
  facet normal -1 0 0
    outer loop
      vertex -3.3 -4.60562 57.2341
      vertex -3.3 -4.60852 57.2308
      vertex -3.3 -4.60574 57.234
    endloop
  endfacet
  facet normal 1 -0 0
    outer loop
      vertex -3.3 -6.9282 57.7
      vertex -3.3 -4.60852 57.2308
      vertex -3.3 -6.34683 58.5701
    endloop
  endfacet
  facet normal 1 0 0
    outer loop
      vertex -3.3 -4.60852 57.2308
      vertex -3.3 -5.36204 55.9257
      vertex -3.3 -5.36119 55.9255
    endloop
  endfacet
  facet normal 1 0 0
    outer loop
      vertex -3.3 -4.60852 57.2308
      vertex -3.3 -6.9282 57.7
      vertex -3.3 -5.36204 55.9257
    endloop
  endfacet
  facet normal 1 0 0
    outer loop
      vertex -3.3 -5.36204 55.9257
      vertex -3.3 -5.36533 55.9177
      vertex -3.3 -5.36339 55.9217
    endloop
  endfacet
  facet normal 1 0 0
    outer loop
      vertex -3.3 -5.36339 55.9217
      vertex -3.3 -5.36344 55.9216
      vertex -3.3 -5.36342 55.9216
    endloop
  endfacet
  facet normal -1 0 0
    outer loop
      vertex -3.3 -5.36339 55.9217
      vertex -3.3 -5.36347 55.9215
      vertex -3.3 -5.36344 55.9216
    endloop
  endfacet
  facet normal 1 0 0
    outer loop
      vertex -3.3 -5.36533 55.9177
      vertex -3.3 -5.7545 54.4621
      vertex -3.3 -5.36457 55.9173
    endloop
  endfacet
  facet normal 1 0 0
    outer loop
      vertex -3.3 -5.36339 55.9217
      vertex -3.3 -5.36533 55.9177
      vertex -3.3 -5.36347 55.9215
    endloop
  endfacet
  facet normal 1 -0 0
    outer loop
      vertex -3.3 -7.39104 56.7615
      vertex -3.3 -5.36204 55.9257
      vertex -3.3 -6.9282 57.7
    endloop
  endfacet
  facet normal 1 0 0
    outer loop
      vertex -3.3 -5.36533 55.9177
      vertex -3.3 -5.75538 54.4621
      vertex -3.3 -5.7545 54.4621
    endloop
  endfacet
  facet normal 1 0 0
    outer loop
      vertex -3.3 -5.75566 54.4578
      vertex -3.3 -5.75567 54.4577
      vertex -3.3 -5.75566 54.4577
    endloop
  endfacet
  facet normal 1 0 0
    outer loop
      vertex -3.3 -5.36204 55.9257
      vertex -3.3 -7.39104 56.7615
      vertex -3.3 -5.36533 55.9177
    endloop
  endfacet
  facet normal 1 0 0
    outer loop
      vertex -3.3 -5.75538 54.4621
      vertex -3.3 -5.7565 54.4535
      vertex -3.3 -5.75566 54.4578
    endloop
  endfacet
  facet normal -1 0 0
    outer loop
      vertex -3.3 -5.75566 54.4578
      vertex -3.3 -5.75568 54.4576
      vertex -3.3 -5.75567 54.4577
    endloop
  endfacet
  facet normal 1 0 0
    outer loop
      vertex -3.3 -7.72741 55.7706
      vertex -3.3 -5.36533 55.9177
      vertex -3.3 -7.39104 56.7615
    endloop
  endfacet
  facet normal 1 0 0
    outer loop
      vertex -3.3 -5.75566 54.4578
      vertex -3.3 -5.7565 54.4535
      vertex -3.3 -5.75568 54.4576
    endloop
  endfacet
  facet normal 1 -0 0
    outer loop
      vertex -3.3 1.64207 54.14
      vertex -3.3 2.17618 53.9865
      vertex -3.3 2.02787 54.54
    endloop
  endfacet
  facet normal 1 0 -0
    outer loop
      vertex -3.3 1.7 53.7
      vertex -3.3 2.17618 53.9865
      vertex -3.3 1.68546 53.9219
    endloop
  endfacet
  facet normal 1 -0 0
    outer loop
      vertex -3.3 1.47224 54.55
      vertex -3.3 2.02787 54.54
      vertex -3.3 1.74138 55.0362
    endloop
  endfacet
  facet normal 1 0 0
    outer loop
      vertex -3.3 2.17618 53.9865
      vertex -3.3 1.7 53.7
      vertex -3.3 2.17618 53.4135
    endloop
  endfacet
  facet normal 1 0 0
    outer loop
      vertex -3.3 1.64207 53.26
      vertex -3.3 2.17618 53.4135
      vertex -3.3 1.68546 53.4781
    endloop
  endfacet
  facet normal 1 -0 0
    outer loop
      vertex -3.3 1.68546 53.4781
      vertex -3.3 2.17618 53.4135
      vertex -3.3 1.7 53.7
    endloop
  endfacet
  facet normal 1 0 0
    outer loop
      vertex -3.3 2.17618 53.9865
      vertex -3.3 1.64207 54.14
      vertex -3.3 1.68546 53.9219
    endloop
  endfacet
  facet normal 1 0 0
    outer loop
      vertex -3.3 2.02787 54.54
      vertex -3.3 1.57059 54.3506
      vertex -3.3 1.64207 54.14
    endloop
  endfacet
  facet normal 1 0 0
    outer loop
      vertex -3.3 2.02787 54.54
      vertex -3.3 1.47224 54.55
      vertex -3.3 1.57059 54.3506
    endloop
  endfacet
  facet normal 1 0 0
    outer loop
      vertex -3.3 1.74138 55.0362
      vertex -3.3 1.3487 54.7349
      vertex -3.3 1.47224 54.55
    endloop
  endfacet
  facet normal 1 0 0
    outer loop
      vertex -3.3 1.20208 54.9021
      vertex -3.3 1.74138 55.0362
      vertex -3.3 1.3362 55.4414
    endloop
  endfacet
  facet normal 1 0 0
    outer loop
      vertex -3.3 1.74138 55.0362
      vertex -3.3 1.20208 54.9021
      vertex -3.3 1.3487 54.7349
    endloop
  endfacet
  facet normal 1 0 0
    outer loop
      vertex -3.3 1.3362 55.4414
      vertex -3.3 1.03489 55.0487
      vertex -3.3 1.20208 54.9021
    endloop
  endfacet
  facet normal 1 0 0
    outer loop
      vertex -3.3 1.3362 55.4414
      vertex -3.3 0.849999 55.1722
      vertex -3.3 1.03489 55.0487
    endloop
  endfacet
  facet normal 1 0 0
    outer loop
      vertex -3.3 0.839972 55.7279
      vertex -3.3 0.849999 55.1722
      vertex -3.3 1.3362 55.4414
    endloop
  endfacet
  facet normal 1 0 0
    outer loop
      vertex -3.3 0.839972 55.7279
      vertex -3.3 0.650561 55.2706
      vertex -3.3 0.849999 55.1722
    endloop
  endfacet
  facet normal 1 0 0
    outer loop
      vertex -3.3 0.839972 55.7279
      vertex -3.3 0.439992 55.3421
      vertex -3.3 0.650561 55.2706
    endloop
  endfacet
  facet normal 1 0 0
    outer loop
      vertex -3.3 0.286497 55.8762
      vertex -3.3 0.439992 55.3421
      vertex -3.3 0.839972 55.7279
    endloop
  endfacet
  facet normal 1 0 0
    outer loop
      vertex -3.3 0.286497 55.8762
      vertex -3.3 0.221894 55.3855
      vertex -3.3 0.439992 55.3421
    endloop
  endfacet
  facet normal 1 0 0
    outer loop
      vertex -3.3 0.286497 55.8762
      vertex -3.3 0 55.4
      vertex -3.3 0.221894 55.3855
    endloop
  endfacet
  facet normal 1 -0 0
    outer loop
      vertex -3.3 -0.286497 55.8762
      vertex -3.3 0 55.4
      vertex -3.3 0.286497 55.8762
    endloop
  endfacet
  facet normal 1 0 0
    outer loop
      vertex -3.3 0 55.4
      vertex -3.3 -0.286497 55.8762
      vertex -3.3 -0.221894 55.3855
    endloop
  endfacet
  facet normal 1 0 0
    outer loop
      vertex -3.3 -0.286497 55.8762
      vertex -3.3 -0.439992 55.3421
      vertex -3.3 -0.221894 55.3855
    endloop
  endfacet
  facet normal 1 -0 0
    outer loop
      vertex -3.3 -0.839972 55.7279
      vertex -3.3 -0.439992 55.3421
      vertex -3.3 -0.286497 55.8762
    endloop
  endfacet
  facet normal 1 0 0
    outer loop
      vertex -3.3 -0.439992 55.3421
      vertex -3.3 -0.839972 55.7279
      vertex -3.3 -0.650561 55.2706
    endloop
  endfacet
  facet normal 1 0 0
    outer loop
      vertex -3.3 -0.839972 55.7279
      vertex -3.3 -0.849999 55.1722
      vertex -3.3 -0.650561 55.2706
    endloop
  endfacet
  facet normal 1 -0 0
    outer loop
      vertex -3.3 -1.3362 55.4414
      vertex -3.3 -0.849999 55.1722
      vertex -3.3 -0.839972 55.7279
    endloop
  endfacet
  facet normal 1 0 0
    outer loop
      vertex -3.3 -0.849999 55.1722
      vertex -3.3 -1.3362 55.4414
      vertex -3.3 -1.03489 55.0487
    endloop
  endfacet
  facet normal 1 0 0
    outer loop
      vertex -3.3 -1.03489 55.0487
      vertex -3.3 -1.3362 55.4414
      vertex -3.3 -1.20208 54.9021
    endloop
  endfacet
  facet normal 1 -0 0
    outer loop
      vertex -3.3 -1.74138 55.0362
      vertex -3.3 -1.20208 54.9021
      vertex -3.3 -1.3362 55.4414
    endloop
  endfacet
  facet normal 1 0 0
    outer loop
      vertex -3.3 -1.20208 54.9021
      vertex -3.3 -1.74138 55.0362
      vertex -3.3 -1.3487 54.7349
    endloop
  endfacet
  facet normal 1 0 0
    outer loop
      vertex -3.3 -1.3487 54.7349
      vertex -3.3 -1.74138 55.0362
      vertex -3.3 -1.47224 54.55
    endloop
  endfacet
  facet normal 1 0 0
    outer loop
      vertex -3.3 -2.02787 54.54
      vertex -3.3 -1.47224 54.55
      vertex -3.3 -1.74138 55.0362
    endloop
  endfacet
  facet normal 1 0 0
    outer loop
      vertex -3.3 -2.17618 53.9865
      vertex -3.3 -1.64207 54.14
      vertex -3.3 -2.02787 54.54
    endloop
  endfacet
  facet normal 1 0 0
    outer loop
      vertex -3.3 -1.57059 54.3506
      vertex -3.3 -2.02787 54.54
      vertex -3.3 -1.64207 54.14
    endloop
  endfacet
  facet normal 1 0 0
    outer loop
      vertex -3.3 -1.47224 54.55
      vertex -3.3 -2.02787 54.54
      vertex -3.3 -1.57059 54.3506
    endloop
  endfacet
  facet normal 1 0 0
    outer loop
      vertex -3.3 2.17618 53.4135
      vertex -3.3 1.64207 53.26
      vertex -3.3 2.02787 52.86
    endloop
  endfacet
  facet normal 1 -0 0
    outer loop
      vertex -3.3 1.57059 53.0494
      vertex -3.3 2.02787 52.86
      vertex -3.3 1.64207 53.26
    endloop
  endfacet
  facet normal 1 0 0
    outer loop
      vertex -3.3 1.47224 52.85
      vertex -3.3 2.02787 52.86
      vertex -3.3 1.57059 53.0494
    endloop
  endfacet
  facet normal 1 0 0
    outer loop
      vertex -3.3 2.02787 52.86
      vertex -3.3 1.47224 52.85
      vertex -3.3 1.74138 52.3638
    endloop
  endfacet
  facet normal 1 -0 0
    outer loop
      vertex -3.3 1.3487 52.6651
      vertex -3.3 1.74138 52.3638
      vertex -3.3 1.47224 52.85
    endloop
  endfacet
  facet normal 1 -0 0
    outer loop
      vertex -3.3 1.20208 52.4979
      vertex -3.3 1.74138 52.3638
      vertex -3.3 1.3487 52.6651
    endloop
  endfacet
  facet normal 1 0 0
    outer loop
      vertex -3.3 1.74138 52.3638
      vertex -3.3 1.20208 52.4979
      vertex -3.3 1.3362 51.9586
    endloop
  endfacet
  facet normal 1 -0 0
    outer loop
      vertex -3.3 1.03489 52.3513
      vertex -3.3 1.3362 51.9586
      vertex -3.3 1.20208 52.4979
    endloop
  endfacet
  facet normal 1 -0 0
    outer loop
      vertex -3.3 0.849999 52.2278
      vertex -3.3 1.3362 51.9586
      vertex -3.3 1.03489 52.3513
    endloop
  endfacet
  facet normal 1 0 0
    outer loop
      vertex -3.3 0.849999 52.2278
      vertex -3.3 0.839972 51.6721
      vertex -3.3 1.3362 51.9586
    endloop
  endfacet
  facet normal 1 -0 0
    outer loop
      vertex -3.3 0.650561 52.1294
      vertex -3.3 0.839972 51.6721
      vertex -3.3 0.849999 52.2278
    endloop
  endfacet
  facet normal 1 -0 0
    outer loop
      vertex -3.3 0.439992 52.0579
      vertex -3.3 0.839972 51.6721
      vertex -3.3 0.650561 52.1294
    endloop
  endfacet
  facet normal 1 0 0
    outer loop
      vertex -3.3 0.439992 52.0579
      vertex -3.3 0.286497 51.5238
      vertex -3.3 0.839972 51.6721
    endloop
  endfacet
  facet normal 1 -0 0
    outer loop
      vertex -3.3 0.221894 52.0145
      vertex -3.3 0.286497 51.5238
      vertex -3.3 0.439992 52.0579
    endloop
  endfacet
  facet normal 1 -0 0
    outer loop
      vertex -3.3 0 52
      vertex -3.3 0.286497 51.5238
      vertex -3.3 0.221894 52.0145
    endloop
  endfacet
  facet normal 1 0 0
    outer loop
      vertex -3.3 -0.286497 51.5238
      vertex -3.3 0 52
      vertex -3.3 -0.221894 52.0145
    endloop
  endfacet
  facet normal 1 0 0
    outer loop
      vertex -3.3 0 52
      vertex -3.3 -0.286497 51.5238
      vertex -3.3 0.286497 51.5238
    endloop
  endfacet
  facet normal 1 0 0
    outer loop
      vertex -3.3 -0.439992 52.0579
      vertex -3.3 -0.286497 51.5238
      vertex -3.3 -0.221894 52.0145
    endloop
  endfacet
  facet normal 1 0 0
    outer loop
      vertex -3.3 -0.839972 51.6721
      vertex -3.3 -0.439992 52.0579
      vertex -3.3 -0.650561 52.1294
    endloop
  endfacet
  facet normal 1 0 0
    outer loop
      vertex -3.3 -0.439992 52.0579
      vertex -3.3 -0.839972 51.6721
      vertex -3.3 -0.286497 51.5238
    endloop
  endfacet
  facet normal 1 0 0
    outer loop
      vertex -3.3 -0.849999 52.2278
      vertex -3.3 -0.839972 51.6721
      vertex -3.3 -0.650561 52.1294
    endloop
  endfacet
  facet normal 1 0 0
    outer loop
      vertex -3.3 -1.3362 51.9586
      vertex -3.3 -0.849999 52.2278
      vertex -3.3 -1.03489 52.3513
    endloop
  endfacet
  facet normal 1 0 0
    outer loop
      vertex -3.3 -1.3362 51.9586
      vertex -3.3 -1.03489 52.3513
      vertex -3.3 -1.20208 52.4979
    endloop
  endfacet
  facet normal 1 0 0
    outer loop
      vertex -3.3 -0.849999 52.2278
      vertex -3.3 -1.3362 51.9586
      vertex -3.3 -0.839972 51.6721
    endloop
  endfacet
  facet normal 1 0 0
    outer loop
      vertex -3.3 -1.74138 52.3638
      vertex -3.3 -1.20208 52.4979
      vertex -3.3 -1.3487 52.6651
    endloop
  endfacet
  facet normal 1 0 0
    outer loop
      vertex -3.3 -1.74138 52.3638
      vertex -3.3 -1.3487 52.6651
      vertex -3.3 -1.47224 52.85
    endloop
  endfacet
  facet normal 1 -0 0
    outer loop
      vertex -3.3 -2.02787 52.86
      vertex -3.3 -1.47224 52.85
      vertex -3.3 -1.57059 53.0494
    endloop
  endfacet
  facet normal 1 0 0
    outer loop
      vertex -3.3 -2.02787 52.86
      vertex -3.3 -1.57059 53.0494
      vertex -3.3 -1.64207 53.26
    endloop
  endfacet
  facet normal 1 0 0
    outer loop
      vertex -3.3 -1.20208 52.4979
      vertex -3.3 -1.74138 52.3638
      vertex -3.3 -1.3362 51.9586
    endloop
  endfacet
  facet normal 1 -0 0
    outer loop
      vertex -3.3 -2.17618 53.4135
      vertex -3.3 -1.64207 53.26
      vertex -3.3 -1.68546 53.4781
    endloop
  endfacet
  facet normal 1 0 0
    outer loop
      vertex -3.3 -2.17618 53.4135
      vertex -3.3 -1.68546 53.4781
      vertex -3.3 -1.7 53.7
    endloop
  endfacet
  facet normal 1 0 0
    outer loop
      vertex -3.3 -1.64207 54.14
      vertex -3.3 -2.17618 53.9865
      vertex -3.3 -1.68546 53.9219
    endloop
  endfacet
  facet normal 1 0 0
    outer loop
      vertex -3.3 -1.68546 53.9219
      vertex -3.3 -2.17618 53.9865
      vertex -3.3 -1.7 53.7
    endloop
  endfacet
  facet normal 1 0 0
    outer loop
      vertex -3.3 -1.47224 52.85
      vertex -3.3 -2.02787 52.86
      vertex -3.3 -1.74138 52.3638
    endloop
  endfacet
  facet normal 1 0 0
    outer loop
      vertex -3.3 -2.17618 53.4135
      vertex -3.3 -1.7 53.7
      vertex -3.3 -2.17618 53.9865
    endloop
  endfacet
  facet normal 1 0 0
    outer loop
      vertex -3.3 -1.64207 53.26
      vertex -3.3 -2.17618 53.4135
      vertex -3.3 -2.02787 52.86
    endloop
  endfacet
  facet normal -1 0 0
    outer loop
      vertex -8.3 1.3487 52.6651
      vertex -8.3 8 53.7
      vertex -8.3 8 44.7
    endloop
  endfacet
  facet normal -1 0 -0
    outer loop
      vertex -8.3 1.57059 53.0494
      vertex -8.3 8 53.7
      vertex -8.3 1.47224 52.85
    endloop
  endfacet
  facet normal -1 0 -0
    outer loop
      vertex -8.3 1.64207 53.26
      vertex -8.3 8 53.7
      vertex -8.3 1.57059 53.0494
    endloop
  endfacet
  facet normal -1 0 -0
    outer loop
      vertex -8.3 1.7 53.7
      vertex -8.3 8 53.7
      vertex -8.3 1.68546 53.4781
    endloop
  endfacet
  facet normal -1 0 0
    outer loop
      vertex -8.3 1.68546 53.9219
      vertex -8.3 7.93156 54.7442
      vertex -8.3 1.7 53.7
    endloop
  endfacet
  facet normal -1 -0 0
    outer loop
      vertex -8.3 7.93156 54.7442
      vertex -8.3 1.68546 53.9219
      vertex -8.3 7.72741 55.7706
    endloop
  endfacet
  facet normal -1 -0 0
    outer loop
      vertex -8.3 7.72741 55.7706
      vertex -8.3 1.64207 54.14
      vertex -8.3 7.39104 56.7615
    endloop
  endfacet
  facet normal -1 -0 0
    outer loop
      vertex -8.3 7.39104 56.7615
      vertex -8.3 1.57059 54.3506
      vertex -8.3 6.9282 57.7
    endloop
  endfacet
  facet normal -1 0 0
    outer loop
      vertex -8.3 1.47224 54.55
      vertex -8.3 6.9282 57.7
      vertex -8.3 1.57059 54.3506
    endloop
  endfacet
  facet normal -1 0 0
    outer loop
      vertex -8.3 1.3487 54.7349
      vertex -8.3 6.34683 58.5701
      vertex -8.3 1.47224 54.55
    endloop
  endfacet
  facet normal -1 -0 0
    outer loop
      vertex -8.3 6.9282 57.7
      vertex -8.3 1.47224 54.55
      vertex -8.3 6.34683 58.5701
    endloop
  endfacet
  facet normal -1 0 0
    outer loop
      vertex -8.3 1.57059 54.3506
      vertex -8.3 7.39104 56.7615
      vertex -8.3 1.64207 54.14
    endloop
  endfacet
  facet normal -1 0 0
    outer loop
      vertex -8.3 1.64207 54.14
      vertex -8.3 7.72741 55.7706
      vertex -8.3 1.68546 53.9219
    endloop
  endfacet
  facet normal -1 0 0
    outer loop
      vertex -8.3 8 53.7
      vertex -8.3 1.7 53.7
      vertex -8.3 7.93156 54.7442
    endloop
  endfacet
  facet normal -1 0 -0
    outer loop
      vertex -8.3 1.68546 53.4781
      vertex -8.3 8 53.7
      vertex -8.3 1.64207 53.26
    endloop
  endfacet
  facet normal -1 0 0
    outer loop
      vertex -8.3 8 53.7
      vertex -8.3 1.3487 52.6651
      vertex -8.3 1.47224 52.85
    endloop
  endfacet
  facet normal -1 0 0
    outer loop
      vertex -8.3 8 44.7
      vertex -8.3 1.20208 52.4979
      vertex -8.3 1.3487 52.6651
    endloop
  endfacet
  facet normal -1 0 0
    outer loop
      vertex -8.3 8 44.7
      vertex -8.3 1.03489 52.3513
      vertex -8.3 1.20208 52.4979
    endloop
  endfacet
  facet normal -1 0 0
    outer loop
      vertex -8.3 8 44.7
      vertex -8.3 0.849999 52.2278
      vertex -8.3 1.03489 52.3513
    endloop
  endfacet
  facet normal -1 0 0
    outer loop
      vertex -8.3 8 44.7
      vertex -8.3 0.650561 52.1294
      vertex -8.3 0.849999 52.2278
    endloop
  endfacet
  facet normal -1 0 0
    outer loop
      vertex -8.3 8 44.7
      vertex -8.3 0.439992 52.0579
      vertex -8.3 0.650561 52.1294
    endloop
  endfacet
  facet normal -1 0 0
    outer loop
      vertex -8.3 8 44.7
      vertex -8.3 0.221894 52.0145
      vertex -8.3 0.439992 52.0579
    endloop
  endfacet
  facet normal -1 0 0
    outer loop
      vertex -8.3 8 44.7
      vertex -8.3 0 52
      vertex -8.3 0.221894 52.0145
    endloop
  endfacet
  facet normal -1 0 0
    outer loop
      vertex -8.3 -8 44.7
      vertex -8.3 0 52
      vertex -8.3 8 44.7
    endloop
  endfacet
  facet normal -1 -0 0
    outer loop
      vertex -8.3 0 52
      vertex -8.3 -8 44.7
      vertex -8.3 -0.221894 52.0145
    endloop
  endfacet
  facet normal -1 -0 0
    outer loop
      vertex -8.3 -0.221894 52.0145
      vertex -8.3 -8 44.7
      vertex -8.3 -0.439992 52.0579
    endloop
  endfacet
  facet normal -1 -0 0
    outer loop
      vertex -8.3 -0.439992 52.0579
      vertex -8.3 -8 44.7
      vertex -8.3 -0.650561 52.1294
    endloop
  endfacet
  facet normal -1 -0 0
    outer loop
      vertex -8.3 -0.650561 52.1294
      vertex -8.3 -8 44.7
      vertex -8.3 -0.849999 52.2278
    endloop
  endfacet
  facet normal -1 0 0
    outer loop
      vertex -8.3 -0.650561 55.2706
      vertex -8.3 -3.06147 61.091
      vertex -8.3 -2.07055 61.4274
    endloop
  endfacet
  facet normal -1 0 0
    outer loop
      vertex -8.3 -8 53.7
      vertex -8.3 -1.7 53.7
      vertex -8.3 -1.68546 53.4781
    endloop
  endfacet
  facet normal -1 0 0
    outer loop
      vertex -8.3 -1.68546 53.9219
      vertex -8.3 -4 60.6282
      vertex -8.3 -3.06147 61.091
    endloop
  endfacet
  facet normal -1 0 0
    outer loop
      vertex -8.3 -8 53.7
      vertex -8.3 -1.68546 53.4781
      vertex -8.3 -1.64207 53.26
    endloop
  endfacet
  facet normal -1 0 0
    outer loop
      vertex -8.3 -1.68546 53.9219
      vertex -8.3 -4.87009 60.0468
      vertex -8.3 -4 60.6282
    endloop
  endfacet
  facet normal -1 0 0
    outer loop
      vertex -8.3 -8 53.7
      vertex -8.3 -1.64207 53.26
      vertex -8.3 -1.57059 53.0494
    endloop
  endfacet
  facet normal -1 0 0
    outer loop
      vertex -8.3 -1.68546 53.9219
      vertex -8.3 -5.65685 59.3569
      vertex -8.3 -4.87009 60.0468
    endloop
  endfacet
  facet normal -1 0 0
    outer loop
      vertex -8.3 -8 53.7
      vertex -8.3 -1.57059 53.0494
      vertex -8.3 -1.47224 52.85
    endloop
  endfacet
  facet normal -1 0 0
    outer loop
      vertex -8.3 -1.68546 53.9219
      vertex -8.3 -6.34683 58.5701
      vertex -8.3 -5.65685 59.3569
    endloop
  endfacet
  facet normal -1 0 0
    outer loop
      vertex -8.3 -8 53.7
      vertex -8.3 -1.47224 52.85
      vertex -8.3 -1.3487 52.6651
    endloop
  endfacet
  facet normal -1 0 0
    outer loop
      vertex -8.3 -1.68546 53.9219
      vertex -8.3 -6.9282 57.7
      vertex -8.3 -6.34683 58.5701
    endloop
  endfacet
  facet normal -1 0 0
    outer loop
      vertex -8.3 -8 44.7
      vertex -8.3 -1.3487 52.6651
      vertex -8.3 -1.20208 52.4979
    endloop
  endfacet
  facet normal -1 0 0
    outer loop
      vertex -8.3 -1.68546 53.9219
      vertex -8.3 -7.39104 56.7615
      vertex -8.3 -6.9282 57.7
    endloop
  endfacet
  facet normal -1 0 0
    outer loop
      vertex -8.3 -8 44.7
      vertex -8.3 -1.20208 52.4979
      vertex -8.3 -1.03489 52.3513
    endloop
  endfacet
  facet normal -1 -0 0
    outer loop
      vertex -8.3 -0.849999 52.2278
      vertex -8.3 -8 44.7
      vertex -8.3 -1.03489 52.3513
    endloop
  endfacet
  facet normal -1 0 0
    outer loop
      vertex -8.3 -1.7 53.7
      vertex -8.3 -8 53.7
      vertex -8.3 -7.93156 54.7442
    endloop
  endfacet
  facet normal -1 0 0
    outer loop
      vertex -8.3 -1.68546 53.9219
      vertex -8.3 -7.72741 55.7706
      vertex -8.3 -7.39104 56.7615
    endloop
  endfacet
  facet normal -1 -0 0
    outer loop
      vertex -8.3 -1.3487 52.6651
      vertex -8.3 -8 44.7
      vertex -8.3 -8 53.7
    endloop
  endfacet
  facet normal -1 0 0
    outer loop
      vertex -8.3 -1.68546 53.9219
      vertex -8.3 -7.93156 54.7442
      vertex -8.3 -7.72741 55.7706
    endloop
  endfacet
  facet normal -1 -0 0
    outer loop
      vertex -8.3 6.34683 58.5701
      vertex -8.3 1.3487 54.7349
      vertex -8.3 5.65685 59.3569
    endloop
  endfacet
  facet normal -1 0 0
    outer loop
      vertex -8.3 1.20208 54.9021
      vertex -8.3 5.65685 59.3569
      vertex -8.3 1.3487 54.7349
    endloop
  endfacet
  facet normal -1 -0 0
    outer loop
      vertex -8.3 5.65685 59.3569
      vertex -8.3 1.20208 54.9021
      vertex -8.3 4.87009 60.0468
    endloop
  endfacet
  facet normal -1 0 0
    outer loop
      vertex -8.3 1.03489 55.0487
      vertex -8.3 4.87009 60.0468
      vertex -8.3 1.20208 54.9021
    endloop
  endfacet
  facet normal -1 -0 0
    outer loop
      vertex -8.3 4.87009 60.0468
      vertex -8.3 1.03489 55.0487
      vertex -8.3 4 60.6282
    endloop
  endfacet
  facet normal -1 0 0
    outer loop
      vertex -8.3 0.849999 55.1722
      vertex -8.3 4 60.6282
      vertex -8.3 1.03489 55.0487
    endloop
  endfacet
  facet normal -1 -0 0
    outer loop
      vertex -8.3 4 60.6282
      vertex -8.3 0.849999 55.1722
      vertex -8.3 3.06147 61.091
    endloop
  endfacet
  facet normal -1 0 0
    outer loop
      vertex -8.3 0.650561 55.2706
      vertex -8.3 3.06147 61.091
      vertex -8.3 0.849999 55.1722
    endloop
  endfacet
  facet normal -1 -0 0
    outer loop
      vertex -8.3 3.06147 61.091
      vertex -8.3 0.650561 55.2706
      vertex -8.3 2.07055 61.4274
    endloop
  endfacet
  facet normal -1 0 0
    outer loop
      vertex -8.3 0.439992 55.3421
      vertex -8.3 2.07055 61.4274
      vertex -8.3 0.650561 55.2706
    endloop
  endfacet
  facet normal -1 -0 0
    outer loop
      vertex -8.3 2.07055 61.4274
      vertex -8.3 0.439992 55.3421
      vertex -8.3 1.04421 61.6316
    endloop
  endfacet
  facet normal -1 0 0
    outer loop
      vertex -8.3 0.221894 55.3855
      vertex -8.3 1.04421 61.6316
      vertex -8.3 0.439992 55.3421
    endloop
  endfacet
  facet normal -1 0 0
    outer loop
      vertex -8.3 0 55.4
      vertex -8.3 1.04421 61.6316
      vertex -8.3 0.221894 55.3855
    endloop
  endfacet
  facet normal -1 0 0
    outer loop
      vertex -8.3 0 55.4
      vertex -8.3 0 61.7
      vertex -8.3 1.04421 61.6316
    endloop
  endfacet
  facet normal -1 0 0
    outer loop
      vertex -8.3 -0.221894 55.3855
      vertex -8.3 0 61.7
      vertex -8.3 0 55.4
    endloop
  endfacet
  facet normal -1 0 0
    outer loop
      vertex -8.3 -1.04421 61.6316
      vertex -8.3 -0.221894 55.3855
      vertex -8.3 -0.439992 55.3421
    endloop
  endfacet
  facet normal -1 0 0
    outer loop
      vertex -8.3 -2.07055 61.4274
      vertex -8.3 -0.439992 55.3421
      vertex -8.3 -0.650561 55.2706
    endloop
  endfacet
  facet normal -1 0 0
    outer loop
      vertex -8.3 -3.06147 61.091
      vertex -8.3 -0.650561 55.2706
      vertex -8.3 -0.849999 55.1722
    endloop
  endfacet
  facet normal -1 0 0
    outer loop
      vertex -8.3 -3.06147 61.091
      vertex -8.3 -0.849999 55.1722
      vertex -8.3 -1.03489 55.0487
    endloop
  endfacet
  facet normal -1 0 0
    outer loop
      vertex -8.3 -0.221894 55.3855
      vertex -8.3 -1.04421 61.6316
      vertex -8.3 0 61.7
    endloop
  endfacet
  facet normal -1 0 0
    outer loop
      vertex -8.3 -3.06147 61.091
      vertex -8.3 -1.03489 55.0487
      vertex -8.3 -1.20208 54.9021
    endloop
  endfacet
  facet normal -1 0 0
    outer loop
      vertex -8.3 -3.06147 61.091
      vertex -8.3 -1.20208 54.9021
      vertex -8.3 -1.3487 54.7349
    endloop
  endfacet
  facet normal -1 0 0
    outer loop
      vertex -8.3 -3.06147 61.091
      vertex -8.3 -1.3487 54.7349
      vertex -8.3 -1.47224 54.55
    endloop
  endfacet
  facet normal -1 0 0
    outer loop
      vertex -8.3 -3.06147 61.091
      vertex -8.3 -1.47224 54.55
      vertex -8.3 -1.57059 54.3506
    endloop
  endfacet
  facet normal -1 0 0
    outer loop
      vertex -8.3 -3.06147 61.091
      vertex -8.3 -1.57059 54.3506
      vertex -8.3 -1.64207 54.14
    endloop
  endfacet
  facet normal -1 0 0
    outer loop
      vertex -8.3 -3.06147 61.091
      vertex -8.3 -1.64207 54.14
      vertex -8.3 -1.68546 53.9219
    endloop
  endfacet
  facet normal -1 0 0
    outer loop
      vertex -8.3 -0.439992 55.3421
      vertex -8.3 -2.07055 61.4274
      vertex -8.3 -1.04421 61.6316
    endloop
  endfacet
  facet normal -1 0 0
    outer loop
      vertex -8.3 -7.93156 54.7442
      vertex -8.3 -1.68546 53.9219
      vertex -8.3 -1.7 53.7
    endloop
  endfacet
  facet normal 0 1 0
    outer loop
      vertex 8.3 8 53.7
      vertex 3.3 8 44.71
      vertex 3.3 8 53.7
    endloop
  endfacet
  facet normal 0 1 0
    outer loop
      vertex 8.3 8 53.7
      vertex 8.3 8 44.7
      vertex 3.3 8 44.71
    endloop
  endfacet
  facet normal 0 1 -0
    outer loop
      vertex -3.3 8 44.71
      vertex -8.3 8 53.7
      vertex -3.3 8 53.7
    endloop
  endfacet
  facet normal 0 1 -0
    outer loop
      vertex 8.3 8 6
      vertex 3.3 8 44.71
      vertex 8.3 8 44.7
    endloop
  endfacet
  facet normal 0 1 0
    outer loop
      vertex 3.3 8 44.71
      vertex 8.3 8 6
      vertex -3.3 8 44.71
    endloop
  endfacet
  facet normal 0 1 0
    outer loop
      vertex -8.3 8 44.7
      vertex -8.3 8 53.7
      vertex -3.3 8 44.71
    endloop
  endfacet
  facet normal 0 1 0
    outer loop
      vertex -8.3 8 6
      vertex -3.3 8 44.71
      vertex 8.3 8 6
    endloop
  endfacet
  facet normal 0 1 0
    outer loop
      vertex -3.3 8 44.71
      vertex -8.3 8 6
      vertex -8.3 8 44.7
    endloop
  endfacet
  facet normal 0 -1 0
    outer loop
      vertex -8.3 -8 53.7
      vertex -3.3 -8 44.71
      vertex -3.3 -8 53.7
    endloop
  endfacet
  facet normal 0 -1 0
    outer loop
      vertex -8.3 -8 53.7
      vertex -8.3 -8 44.7
      vertex -3.3 -8 44.71
    endloop
  endfacet
  facet normal 0 -1 0
    outer loop
      vertex 3.3 -8 44.71
      vertex 8.3 -8 53.7
      vertex 3.3 -8 53.7
    endloop
  endfacet
  facet normal 0 -1 0
    outer loop
      vertex -8.3 -8 6
      vertex -3.3 -8 44.71
      vertex -8.3 -8 44.7
    endloop
  endfacet
  facet normal 0 -1 -0
    outer loop
      vertex -3.3 -8 44.71
      vertex -8.3 -8 6
      vertex 3.3 -8 44.71
    endloop
  endfacet
  facet normal 0 -1 0
    outer loop
      vertex 8.3 -8 44.7
      vertex 8.3 -8 53.7
      vertex 3.3 -8 44.71
    endloop
  endfacet
  facet normal 0 -1 0
    outer loop
      vertex 8.3 -8 6
      vertex 3.3 -8 44.71
      vertex -8.3 -8 6
    endloop
  endfacet
  facet normal 0 -1 0
    outer loop
      vertex 3.3 -8 44.71
      vertex 8.3 -8 6
      vertex 8.3 -8 44.7
    endloop
  endfacet
  facet normal -0 0.442264 0.896885
    outer loop
      vertex -8.3 4 60.6282
      vertex -3.3 3.06147 61.091
      vertex -3.3 4 60.6282
    endloop
  endfacet
  facet normal 0 0.442264 0.896885
    outer loop
      vertex -3.3 3.06147 61.091
      vertex -8.3 4 60.6282
      vertex -8.3 3.06147 61.091
    endloop
  endfacet
  facet normal 0 0.751852 0.659332
    outer loop
      vertex -3.3 6.34683 58.5701
      vertex -8.3 5.65685 59.3569
      vertex -3.3 5.65685 59.3569
    endloop
  endfacet
  facet normal 0 0.751852 0.659332
    outer loop
      vertex -8.3 5.65685 59.3569
      vertex -3.3 6.34683 58.5701
      vertex -8.3 6.34683 58.5701
    endloop
  endfacet
  facet normal 0 0.896864 0.442306
    outer loop
      vertex -3.3 7.39104 56.7615
      vertex -8.3 6.9282 57.7
      vertex -3.3 6.9282 57.7
    endloop
  endfacet
  facet normal 0 0.896864 0.442306
    outer loop
      vertex -8.3 6.9282 57.7
      vertex -3.3 7.39104 56.7615
      vertex -8.3 7.39104 56.7615
    endloop
  endfacet
  facet normal -0 0.065364 0.997861
    outer loop
      vertex -8.3 1.04421 61.6316
      vertex -3.3 0 61.7
      vertex -3.3 1.04421 61.6316
    endloop
  endfacet
  facet normal 0 0.065364 0.997861
    outer loop
      vertex -3.3 0 61.7
      vertex -8.3 1.04421 61.6316
      vertex -8.3 0 61.7
    endloop
  endfacet
  facet normal 0 -0.831475 0.555562
    outer loop
      vertex -8.3 -6.9282 57.7
      vertex -3.3 -6.34683 58.5701
      vertex -8.3 -6.34683 58.5701
    endloop
  endfacet
  facet normal 0 -0.831475 0.555562
    outer loop
      vertex -3.3 -6.34683 58.5701
      vertex -8.3 -6.9282 57.7
      vertex -3.3 -6.9282 57.7
    endloop
  endfacet
  facet normal 0 -0.065364 0.997861
    outer loop
      vertex -8.3 0 61.7
      vertex -3.3 -1.04421 61.6316
      vertex -3.3 0 61.7
    endloop
  endfacet
  facet normal 0 -0.065364 0.997861
    outer loop
      vertex -3.3 -1.04421 61.6316
      vertex -8.3 0 61.7
      vertex -8.3 -1.04421 61.6316
    endloop
  endfacet
  facet normal 0 -0.997859 0.0654027
    outer loop
      vertex -8.3 -8 53.7
      vertex -3.3 -7.93156 54.7442
      vertex -8.3 -7.93156 54.7442
    endloop
  endfacet
  facet normal 0 -0.997859 0.0654027
    outer loop
      vertex -3.3 -7.93156 54.7442
      vertex -8.3 -8 53.7
      vertex -3.3 -8 53.7
    endloop
  endfacet
  facet normal 0 0.946929 0.321444
    outer loop
      vertex -3.3 7.72741 55.7706
      vertex -8.3 7.39104 56.7615
      vertex -3.3 7.39104 56.7615
    endloop
  endfacet
  facet normal 0 0.946929 0.321444
    outer loop
      vertex -8.3 7.39104 56.7615
      vertex -3.3 7.72741 55.7706
      vertex -8.3 7.72741 55.7706
    endloop
  endfacet
  facet normal 0 -0.321463 0.946922
    outer loop
      vertex -8.3 -2.07055 61.4274
      vertex -3.3 -3.06147 61.091
      vertex -3.3 -2.07055 61.4274
    endloop
  endfacet
  facet normal 0 -0.321463 0.946922
    outer loop
      vertex -3.3 -3.06147 61.091
      vertex -8.3 -2.07055 61.4274
      vertex -8.3 -3.06147 61.091
    endloop
  endfacet
  facet normal -0 0.555586 0.831459
    outer loop
      vertex -8.3 4.87009 60.0468
      vertex -3.3 4 60.6282
      vertex -3.3 4.87009 60.0468
    endloop
  endfacet
  facet normal 0 0.555586 0.831459
    outer loop
      vertex -3.3 4 60.6282
      vertex -8.3 4.87009 60.0468
      vertex -8.3 4 60.6282
    endloop
  endfacet
  facet normal 0 -0.555586 0.831459
    outer loop
      vertex -8.3 -4 60.6282
      vertex -3.3 -4.87009 60.0468
      vertex -3.3 -4 60.6282
    endloop
  endfacet
  facet normal 0 -0.555586 0.831459
    outer loop
      vertex -3.3 -4.87009 60.0468
      vertex -8.3 -4 60.6282
      vertex -8.3 -4.87009 60.0468
    endloop
  endfacet
  facet normal 0 0.997859 0.0654027
    outer loop
      vertex -3.3 8 53.7
      vertex -8.3 7.93156 54.7442
      vertex -3.3 7.93156 54.7442
    endloop
  endfacet
  facet normal 0 0.997859 0.0654027
    outer loop
      vertex -8.3 7.93156 54.7442
      vertex -3.3 8 53.7
      vertex -8.3 8 53.7
    endloop
  endfacet
  facet normal 0 0.980788 0.195078
    outer loop
      vertex -3.3 7.93156 54.7442
      vertex -8.3 7.72741 55.7706
      vertex -3.3 7.72741 55.7706
    endloop
  endfacet
  facet normal 0 0.980788 0.195078
    outer loop
      vertex -8.3 7.72741 55.7706
      vertex -3.3 7.93156 54.7442
      vertex -8.3 7.93156 54.7442
    endloop
  endfacet
  facet normal -0 0.659308 0.751873
    outer loop
      vertex -8.3 5.65685 59.3569
      vertex -3.3 4.87009 60.0468
      vertex -3.3 5.65685 59.3569
    endloop
  endfacet
  facet normal 0 0.659308 0.751873
    outer loop
      vertex -3.3 4.87009 60.0468
      vertex -8.3 5.65685 59.3569
      vertex -8.3 4.87009 60.0468
    endloop
  endfacet
  facet normal 0 -0.442264 0.896885
    outer loop
      vertex -8.3 -3.06147 61.091
      vertex -3.3 -4 60.6282
      vertex -3.3 -3.06147 61.091
    endloop
  endfacet
  facet normal 0 -0.442264 0.896885
    outer loop
      vertex -3.3 -4 60.6282
      vertex -8.3 -3.06147 61.091
      vertex -8.3 -4 60.6282
    endloop
  endfacet
  facet normal 0 0.831475 0.555562
    outer loop
      vertex -3.3 6.9282 57.7
      vertex -8.3 6.34683 58.5701
      vertex -3.3 6.34683 58.5701
    endloop
  endfacet
  facet normal 0 0.831475 0.555562
    outer loop
      vertex -8.3 6.34683 58.5701
      vertex -3.3 6.9282 57.7
      vertex -8.3 6.9282 57.7
    endloop
  endfacet
  facet normal 0 -0.896864 0.442306
    outer loop
      vertex -8.3 -7.39104 56.7615
      vertex -3.3 -6.9282 57.7
      vertex -8.3 -6.9282 57.7
    endloop
  endfacet
  facet normal 0 -0.896864 0.442306
    outer loop
      vertex -3.3 -6.9282 57.7
      vertex -8.3 -7.39104 56.7615
      vertex -3.3 -7.39104 56.7615
    endloop
  endfacet
  facet normal 0 -0.980788 0.195078
    outer loop
      vertex -8.3 -7.93156 54.7442
      vertex -3.3 -7.72741 55.7706
      vertex -8.3 -7.72741 55.7706
    endloop
  endfacet
  facet normal 0 -0.980788 0.195078
    outer loop
      vertex -3.3 -7.72741 55.7706
      vertex -8.3 -7.93156 54.7442
      vertex -3.3 -7.93156 54.7442
    endloop
  endfacet
  facet normal -0 0.321463 0.946922
    outer loop
      vertex -8.3 3.06147 61.091
      vertex -3.3 2.07055 61.4274
      vertex -3.3 3.06147 61.091
    endloop
  endfacet
  facet normal 0 0.321463 0.946922
    outer loop
      vertex -3.3 2.07055 61.4274
      vertex -8.3 3.06147 61.091
      vertex -8.3 2.07055 61.4274
    endloop
  endfacet
  facet normal 0 -0.195135 0.980776
    outer loop
      vertex -8.3 -1.04421 61.6316
      vertex -3.3 -2.07055 61.4274
      vertex -3.3 -1.04421 61.6316
    endloop
  endfacet
  facet normal 0 -0.195135 0.980776
    outer loop
      vertex -3.3 -2.07055 61.4274
      vertex -8.3 -1.04421 61.6316
      vertex -8.3 -2.07055 61.4274
    endloop
  endfacet
  facet normal 0 -0.751852 0.659332
    outer loop
      vertex -8.3 -6.34683 58.5701
      vertex -3.3 -5.65685 59.3569
      vertex -8.3 -5.65685 59.3569
    endloop
  endfacet
  facet normal 0 -0.751852 0.659332
    outer loop
      vertex -3.3 -5.65685 59.3569
      vertex -8.3 -6.34683 58.5701
      vertex -3.3 -6.34683 58.5701
    endloop
  endfacet
  facet normal 0 -0.946929 0.321444
    outer loop
      vertex -8.3 -7.72741 55.7706
      vertex -3.3 -7.39104 56.7615
      vertex -8.3 -7.39104 56.7615
    endloop
  endfacet
  facet normal 0 -0.946929 0.321444
    outer loop
      vertex -3.3 -7.39104 56.7615
      vertex -8.3 -7.72741 55.7706
      vertex -3.3 -7.72741 55.7706
    endloop
  endfacet
  facet normal -0 0.195135 0.980776
    outer loop
      vertex -8.3 2.07055 61.4274
      vertex -3.3 1.04421 61.6316
      vertex -3.3 2.07055 61.4274
    endloop
  endfacet
  facet normal 0 0.195135 0.980776
    outer loop
      vertex -3.3 1.04421 61.6316
      vertex -8.3 2.07055 61.4274
      vertex -8.3 1.04421 61.6316
    endloop
  endfacet
  facet normal 0 -0.659308 0.751873
    outer loop
      vertex -8.3 -4.87009 60.0468
      vertex -3.3 -5.65685 59.3569
      vertex -3.3 -4.87009 60.0468
    endloop
  endfacet
  facet normal 0 -0.659308 0.751873
    outer loop
      vertex -3.3 -5.65685 59.3569
      vertex -8.3 -4.87009 60.0468
      vertex -8.3 -5.65685 59.3569
    endloop
  endfacet
  facet normal 1 0 0
    outer loop
      vertex 8.3 1.67432 56.6
      vertex 8.3 4 60.6282
      vertex 8.3 3.06147 61.091
    endloop
  endfacet
  facet normal 1 0 0
    outer loop
      vertex 8.3 1.67432 56.6
      vertex 8.3 3.06147 61.091
      vertex 8.3 2.07055 61.4274
    endloop
  endfacet
  facet normal 1 0 0
    outer loop
      vertex 8.3 4 60.6282
      vertex 8.3 1.67432 56.6
      vertex 8.3 3.34863 53.7
    endloop
  endfacet
  facet normal 1 0 0
    outer loop
      vertex 8.3 1.04421 61.6316
      vertex 8.3 1.67432 56.6
      vertex 8.3 2.07055 61.4274
    endloop
  endfacet
  facet normal 1 0 0
    outer loop
      vertex 8.3 0 61.7
      vertex 8.3 1.67432 56.6
      vertex 8.3 1.04421 61.6316
    endloop
  endfacet
  facet normal 1 0 0
    outer loop
      vertex 8.3 -1.67432 56.6
      vertex 8.3 0 61.7
      vertex 8.3 -1.04421 61.6316
    endloop
  endfacet
  facet normal 1 0 0
    outer loop
      vertex 8.3 0 61.7
      vertex 8.3 -1.67432 56.6
      vertex 8.3 1.67432 56.6
    endloop
  endfacet
  facet normal 1 -0 0
    outer loop
      vertex 8.3 -2.07055 61.4274
      vertex 8.3 -1.67432 56.6
      vertex 8.3 -1.04421 61.6316
    endloop
  endfacet
  facet normal 1 -0 0
    outer loop
      vertex 8.3 -3.06147 61.091
      vertex 8.3 -1.67432 56.6
      vertex 8.3 -2.07055 61.4274
    endloop
  endfacet
  facet normal 1 -0 0
    outer loop
      vertex 8.3 -4 60.6282
      vertex 8.3 -1.67432 56.6
      vertex 8.3 -3.06147 61.091
    endloop
  endfacet
  facet normal 1 -0 0
    outer loop
      vertex 8.3 -4.87009 60.0468
      vertex 8.3 -1.67432 56.6
      vertex 8.3 -4 60.6282
    endloop
  endfacet
  facet normal 1 0 0
    outer loop
      vertex 8.3 3.34863 53.7
      vertex 8.3 8 53.7
      vertex 8.3 7.93156 54.7442
    endloop
  endfacet
  facet normal 1 0 0
    outer loop
      vertex 8.3 3.34863 53.7
      vertex 8.3 7.93156 54.7442
      vertex 8.3 7.72741 55.7706
    endloop
  endfacet
  facet normal 1 0 0
    outer loop
      vertex 8.3 3.34863 53.7
      vertex 8.3 7.72741 55.7706
      vertex 8.3 7.39104 56.7615
    endloop
  endfacet
  facet normal 1 0 0
    outer loop
      vertex 8.3 3.34863 53.7
      vertex 8.3 7.39104 56.7615
      vertex 8.3 6.9282 57.7
    endloop
  endfacet
  facet normal 1 0 0
    outer loop
      vertex 8.3 3.34863 53.7
      vertex 8.3 6.9282 57.7
      vertex 8.3 6.34683 58.5701
    endloop
  endfacet
  facet normal 1 0 0
    outer loop
      vertex 8.3 3.34863 53.7
      vertex 8.3 6.34683 58.5701
      vertex 8.3 5.65685 59.3569
    endloop
  endfacet
  facet normal 1 0 0
    outer loop
      vertex 8.3 3.34863 53.7
      vertex 8.3 5.65685 59.3569
      vertex 8.3 4.87009 60.0468
    endloop
  endfacet
  facet normal 1 0 0
    outer loop
      vertex 8.3 3.34863 53.7
      vertex 8.3 4.87009 60.0468
      vertex 8.3 4 60.6282
    endloop
  endfacet
  facet normal 1 0 0
    outer loop
      vertex 8.3 8 53.7
      vertex 8.3 3.34863 53.7
      vertex 8.3 1.67432 50.8
    endloop
  endfacet
  facet normal 1 0 0
    outer loop
      vertex 8.3 8 53.7
      vertex 8.3 1.67432 50.8
      vertex 8.3 8 44.7
    endloop
  endfacet
  facet normal 1 -0 0
    outer loop
      vertex 8.3 -1.67432 50.8
      vertex 8.3 8 44.7
      vertex 8.3 1.67432 50.8
    endloop
  endfacet
  facet normal 1 -0 0
    outer loop
      vertex 8.3 -5.65685 59.3569
      vertex 8.3 -1.67432 56.6
      vertex 8.3 -4.87009 60.0468
    endloop
  endfacet
  facet normal 1 -0 0
    outer loop
      vertex 8.3 -6.34683 58.5701
      vertex 8.3 -1.67432 56.6
      vertex 8.3 -5.65685 59.3569
    endloop
  endfacet
  facet normal 1 -0 0
    outer loop
      vertex 8.3 -6.9282 57.7
      vertex 8.3 -1.67432 56.6
      vertex 8.3 -6.34683 58.5701
    endloop
  endfacet
  facet normal 1 0 0
    outer loop
      vertex 8.3 -1.67432 56.6
      vertex 8.3 -6.9282 57.7
      vertex 8.3 -3.34863 53.7
    endloop
  endfacet
  facet normal 1 -0 0
    outer loop
      vertex 8.3 -7.39104 56.7615
      vertex 8.3 -3.34863 53.7
      vertex 8.3 -6.9282 57.7
    endloop
  endfacet
  facet normal 1 -0 0
    outer loop
      vertex 8.3 -7.72741 55.7706
      vertex 8.3 -3.34863 53.7
      vertex 8.3 -7.39104 56.7615
    endloop
  endfacet
  facet normal 1 -0 0
    outer loop
      vertex 8.3 -7.93156 54.7442
      vertex 8.3 -3.34863 53.7
      vertex 8.3 -7.72741 55.7706
    endloop
  endfacet
  facet normal 1 0 0
    outer loop
      vertex 8.3 -8 53.7
      vertex 8.3 -3.34863 53.7
      vertex 8.3 -7.93156 54.7442
    endloop
  endfacet
  facet normal 1 0 0
    outer loop
      vertex 8.3 -3.34863 53.7
      vertex 8.3 -8 53.7
      vertex 8.3 -1.67432 50.8
    endloop
  endfacet
  facet normal 1 0 0
    outer loop
      vertex 8.3 -8 44.7
      vertex 8.3 -1.67432 50.8
      vertex 8.3 -8 53.7
    endloop
  endfacet
  facet normal 1 0 0
    outer loop
      vertex 8.3 -1.67432 50.8
      vertex 8.3 -8 44.7
      vertex 8.3 8 44.7
    endloop
  endfacet
  facet normal -1 0 0
    outer loop
      vertex 3.3 -5.75566 54.4577
      vertex 3.3 -5.75567 54.4577
      vertex 3.3 -5.75566 54.4578
    endloop
  endfacet
  facet normal -1 0 0
    outer loop
      vertex 3.3 -5.7545 54.4621
      vertex 3.3 -5.36533 55.9177
      vertex 3.3 -5.36457 55.9173
    endloop
  endfacet
  facet normal -1 0 0
    outer loop
      vertex 3.3 -5.75538 54.4621
      vertex 3.3 -5.36533 55.9177
      vertex 3.3 -5.7545 54.4621
    endloop
  endfacet
  facet normal -1 0 0
    outer loop
      vertex 3.3 -7.72741 55.7706
      vertex 3.3 -5.36533 55.9177
      vertex 3.3 -5.75538 54.4621
    endloop
  endfacet
  facet normal -1 0 0
    outer loop
      vertex 3.3 -5.7565 54.4535
      vertex 3.3 -5.75538 54.4621
      vertex 3.3 -5.75566 54.4578
    endloop
  endfacet
  facet normal 1 0 0
    outer loop
      vertex 3.3 -5.75568 54.4576
      vertex 3.3 -5.75566 54.4578
      vertex 3.3 -5.75567 54.4577
    endloop
  endfacet
  facet normal -1 0 0
    outer loop
      vertex 3.3 -5.7565 54.4535
      vertex 3.3 -5.75566 54.4578
      vertex 3.3 -5.75568 54.4576
    endloop
  endfacet
  facet normal -1 -0 0
    outer loop
      vertex 3.3 -5.75538 54.4621
      vertex 3.3 -5.7565 54.4535
      vertex 3.3 -7.93156 54.7442
    endloop
  endfacet
  facet normal -1 0 0
    outer loop
      vertex 3.3 -5.36533 55.9177
      vertex 3.3 -6.34683 58.5701
      vertex 3.3 -5.65685 59.3569
    endloop
  endfacet
  facet normal -1 0 0
    outer loop
      vertex 3.3 -5.36119 55.9255
      vertex 3.3 -4.60852 57.2308
      vertex 3.3 -4.6079 57.2302
    endloop
  endfacet
  facet normal -1 0 0
    outer loop
      vertex 3.3 -5.36204 55.9257
      vertex 3.3 -4.60852 57.2308
      vertex 3.3 -5.36119 55.9255
    endloop
  endfacet
  facet normal -1 -0 0
    outer loop
      vertex 3.3 -4.60852 57.2308
      vertex 3.3 -5.36204 55.9257
      vertex 3.3 -5.65685 59.3569
    endloop
  endfacet
  facet normal -1 0 0
    outer loop
      vertex 3.3 -5.36533 55.9177
      vertex 3.3 -5.36204 55.9257
      vertex 3.3 -5.36339 55.9217
    endloop
  endfacet
  facet normal -1 0 0
    outer loop
      vertex 3.3 -5.36344 55.9216
      vertex 3.3 -5.36339 55.9217
      vertex 3.3 -5.36342 55.9216
    endloop
  endfacet
  facet normal 1 0 0
    outer loop
      vertex 3.3 -5.36347 55.9215
      vertex 3.3 -5.36339 55.9217
      vertex 3.3 -5.36344 55.9216
    endloop
  endfacet
  facet normal -1 0 0
    outer loop
      vertex 3.3 -5.36533 55.9177
      vertex 3.3 -5.36339 55.9217
      vertex 3.3 -5.36347 55.9215
    endloop
  endfacet
  facet normal -1 -0 0
    outer loop
      vertex 3.3 -5.36204 55.9257
      vertex 3.3 -5.36533 55.9177
      vertex 3.3 -5.65685 59.3569
    endloop
  endfacet
  facet normal -1 0 0
    outer loop
      vertex 3.3 -4.60852 57.2308
      vertex 3.3 -5.65685 59.3569
      vertex 3.3 -4.87009 60.0468
    endloop
  endfacet
  facet normal -1 0 0
    outer loop
      vertex 3.3 -4.60252 57.2372
      vertex 3.3 -3.53765 58.3033
      vertex 3.3 -3.53721 58.3025
    endloop
  endfacet
  facet normal -1 0 0
    outer loop
      vertex 3.3 -4.60328 57.2376
      vertex 3.3 -3.53765 58.3033
      vertex 3.3 -4.60252 57.2372
    endloop
  endfacet
  facet normal -1 -0 0
    outer loop
      vertex 3.3 -3.53765 58.3033
      vertex 3.3 -4.60328 57.2376
      vertex 3.3 -4.87009 60.0468
    endloop
  endfacet
  facet normal -1 0 0
    outer loop
      vertex 3.3 -4.60852 57.2308
      vertex 3.3 -4.60328 57.2376
      vertex 3.3 -4.60562 57.2341
    endloop
  endfacet
  facet normal 1 0 0
    outer loop
      vertex 3.3 -4.60574 57.234
      vertex 3.3 -4.60562 57.2341
      vertex 3.3 -4.60567 57.2341
    endloop
  endfacet
  facet normal 1 0 0
    outer loop
      vertex 3.3 -4.60852 57.2308
      vertex 3.3 -4.60562 57.2341
      vertex 3.3 -4.60574 57.234
    endloop
  endfacet
  facet normal -1 -0 0
    outer loop
      vertex 3.3 -4.60328 57.2376
      vertex 3.3 -4.60852 57.2308
      vertex 3.3 -4.87009 60.0468
    endloop
  endfacet
  facet normal -1 0 0
    outer loop
      vertex 3.3 -3.53765 58.3033
      vertex 3.3 -4.87009 60.0468
      vertex 3.3 -4 60.6282
    endloop
  endfacet
  facet normal -1 0 0
    outer loop
      vertex 3.3 -3.53082 58.3085
      vertex 3.3 -2.22569 59.062
      vertex 3.3 -2.22546 59.0612
    endloop
  endfacet
  facet normal -1 0 0
    outer loop
      vertex 3.3 -3.53082 58.3085
      vertex 3.3 -2.22546 59.0612
      vertex 3.3 -3.5302 58.3079
    endloop
  endfacet
  facet normal -1 -0 0
    outer loop
      vertex 3.3 -2.22569 59.062
      vertex 3.3 -3.53082 58.3085
      vertex 3.3 -4 60.6282
    endloop
  endfacet
  facet normal -1 0 0
    outer loop
      vertex 3.3 -3.53765 58.3033
      vertex 3.3 -3.53082 58.3085
      vertex 3.3 -3.53398 58.3057
    endloop
  endfacet
  facet normal 1 0 0
    outer loop
      vertex 3.3 -3.53414 58.3056
      vertex 3.3 -3.53398 58.3057
      vertex 3.3 -3.53406 58.3057
    endloop
  endfacet
  facet normal 1 0 0
    outer loop
      vertex 3.3 -3.53765 58.3033
      vertex 3.3 -3.53398 58.3057
      vertex 3.3 -3.53414 58.3056
    endloop
  endfacet
  facet normal -1 -0 0
    outer loop
      vertex 3.3 -3.53082 58.3085
      vertex 3.3 -3.53765 58.3033
      vertex 3.3 -4 60.6282
    endloop
  endfacet
  facet normal -1 0 0
    outer loop
      vertex 3.3 -2.22569 59.062
      vertex 3.3 -4 60.6282
      vertex 3.3 -3.06147 61.091
    endloop
  endfacet
  facet normal -1 0 0
    outer loop
      vertex 3.3 -2.21773 59.0653
      vertex 3.3 -0.762052 59.4554
      vertex 3.3 -0.762052 59.4545
    endloop
  endfacet
  facet normal -1 0 0
    outer loop
      vertex 3.3 -0.762052 59.4554
      vertex 3.3 -2.07055 61.4274
      vertex 3.3 -1.04421 61.6316
    endloop
  endfacet
  facet normal -1 0 0
    outer loop
      vertex 3.3 -2.21773 59.0653
      vertex 3.3 -0.762052 59.4545
      vertex 3.3 -2.21729 59.0646
    endloop
  endfacet
  facet normal -1 -0 0
    outer loop
      vertex 3.3 -0.762052 59.4554
      vertex 3.3 -2.21773 59.0653
      vertex 3.3 -2.07055 61.4274
    endloop
  endfacet
  facet normal -1 0 0
    outer loop
      vertex 3.3 -2.22569 59.062
      vertex 3.3 -2.21773 59.0653
      vertex 3.3 -2.22151 59.0635
    endloop
  endfacet
  facet normal -1 0 0
    outer loop
      vertex 3.3 -2.2217 59.0634
      vertex 3.3 -2.22151 59.0635
      vertex 3.3 -2.22156 59.0634
    endloop
  endfacet
  facet normal 0 0 0
    outer loop
      vertex 3.3 -2.2217 59.0634
      vertex 3.3 -2.22156 59.0634
      vertex 3.3 -2.2216 59.0634
    endloop
  endfacet
  facet normal -1 0 0
    outer loop
      vertex 3.3 -2.22151 59.0635
      vertex 3.3 -2.2217 59.0634
      vertex 3.3 -2.22569 59.062
    endloop
  endfacet
  facet normal -1 -0 0
    outer loop
      vertex 3.3 -2.21773 59.0653
      vertex 3.3 -2.22569 59.062
      vertex 3.3 -3.06147 61.091
    endloop
  endfacet
  facet normal -1 0 0
    outer loop
      vertex 3.3 -2.21773 59.0653
      vertex 3.3 -3.06147 61.091
      vertex 3.3 -2.07055 61.4274
    endloop
  endfacet
  facet normal -1 0 0
    outer loop
      vertex 3.3 5.75566 52.9467
      vertex 3.3 5.7565 54.4535
      vertex 3.3 5.7565 52.9465
    endloop
  endfacet
  facet normal -1 0 0
    outer loop
      vertex 3.3 5.7565 54.4535
      vertex 3.3 5.75566 52.9467
      vertex 3.3 5.75566 54.4533
    endloop
  endfacet
  facet normal -1 0 0
    outer loop
      vertex 3.3 5.36204 51.4743
      vertex 3.3 8 53.7
      vertex 3.3 8 44.71
    endloop
  endfacet
  facet normal -1 0 -0
    outer loop
      vertex 3.3 5.75538 52.938
      vertex 3.3 8 53.7
      vertex 3.3 5.36533 51.4823
    endloop
  endfacet
  facet normal -1 0 0
    outer loop
      vertex 3.3 5.7565 54.4535
      vertex 3.3 8 53.7
      vertex 3.3 5.7565 52.9465
    endloop
  endfacet
  facet normal -1 0 0
    outer loop
      vertex 3.3 8 53.7
      vertex 3.3 5.7565 54.4535
      vertex 3.3 7.93156 54.7442
    endloop
  endfacet
  facet normal -1 -0 0
    outer loop
      vertex 3.3 7.93156 54.7442
      vertex 3.3 5.75538 54.4621
      vertex 3.3 7.72741 55.7706
    endloop
  endfacet
  facet normal -1 0 0
    outer loop
      vertex 3.3 5.36533 55.9177
      vertex 3.3 7.72741 55.7706
      vertex 3.3 5.75538 54.4621
    endloop
  endfacet
  facet normal -1 0 0
    outer loop
      vertex 3.3 5.75538 54.4621
      vertex 3.3 7.93156 54.7442
      vertex 3.3 5.7565 54.4535
    endloop
  endfacet
  facet normal -1 0 0
    outer loop
      vertex 3.3 5.7565 52.9465
      vertex 3.3 5.75538 52.938
      vertex 3.3 5.75568 52.9424
    endloop
  endfacet
  facet normal -1 0 -0
    outer loop
      vertex 3.3 5.75566 52.9422
      vertex 3.3 5.75568 52.9424
      vertex 3.3 5.75538 52.938
    endloop
  endfacet
  facet normal 1 0 0
    outer loop
      vertex 3.3 5.75568 52.9424
      vertex 3.3 5.75566 52.9422
      vertex 3.3 5.75567 52.9423
    endloop
  endfacet
  facet normal -1 0 -0
    outer loop
      vertex 3.3 5.7565 52.9465
      vertex 3.3 8 53.7
      vertex 3.3 5.75538 52.938
    endloop
  endfacet
  facet normal -1 -0 0
    outer loop
      vertex 3.3 5.75538 52.938
      vertex 3.3 5.36533 51.4823
      vertex 3.3 5.7545 52.938
    endloop
  endfacet
  facet normal -1 0 0
    outer loop
      vertex 3.3 8 53.7
      vertex 3.3 5.36204 51.4743
      vertex 3.3 5.36533 51.4823
    endloop
  endfacet
  facet normal -1 0 0
    outer loop
      vertex 3.3 5.36533 51.4823
      vertex 3.3 5.36204 51.4743
      vertex 3.3 5.36347 51.4785
    endloop
  endfacet
  facet normal -1 0 -0
    outer loop
      vertex 3.3 5.36339 51.4783
      vertex 3.3 5.36347 51.4785
      vertex 3.3 5.36204 51.4743
    endloop
  endfacet
  facet normal -1 -0 0
    outer loop
      vertex 3.3 5.36344 51.4784
      vertex 3.3 5.36339 51.4783
      vertex 3.3 5.36342 51.4784
    endloop
  endfacet
  facet normal 1 0 0
    outer loop
      vertex 3.3 5.36347 51.4785
      vertex 3.3 5.36339 51.4783
      vertex 3.3 5.36344 51.4784
    endloop
  endfacet
  facet normal -1 0 0
    outer loop
      vertex 3.3 4.60852 50.1692
      vertex 3.3 5.36204 51.4743
      vertex 3.3 8 44.71
    endloop
  endfacet
  facet normal -1 -0 0
    outer loop
      vertex 3.3 5.36204 51.4743
      vertex 3.3 4.60852 50.1692
      vertex 3.3 5.36119 51.4745
    endloop
  endfacet
  facet normal -1 0 0
    outer loop
      vertex 3.3 4.60328 50.1624
      vertex 3.3 4.60852 50.1692
      vertex 3.3 8 44.71
    endloop
  endfacet
  facet normal -1 0 0
    outer loop
      vertex 3.3 4.60852 50.1692
      vertex 3.3 4.60328 50.1624
      vertex 3.3 4.60574 50.166
    endloop
  endfacet
  facet normal 1 0 0
    outer loop
      vertex 3.3 4.60574 50.166
      vertex 3.3 4.60562 50.1659
      vertex 3.3 4.60567 50.1659
    endloop
  endfacet
  facet normal -1 0 0
    outer loop
      vertex 3.3 4.60574 50.166
      vertex 3.3 4.60328 50.1624
      vertex 3.3 4.60562 50.1659
    endloop
  endfacet
  facet normal -1 0 0
    outer loop
      vertex 3.3 3.53765 49.0967
      vertex 3.3 4.60328 50.1624
      vertex 3.3 8 44.71
    endloop
  endfacet
  facet normal -1 -0 0
    outer loop
      vertex 3.3 4.60328 50.1624
      vertex 3.3 3.53765 49.0967
      vertex 3.3 4.60252 50.1628
    endloop
  endfacet
  facet normal -1 0 0
    outer loop
      vertex 3.3 3.53082 49.0915
      vertex 3.3 3.53765 49.0967
      vertex 3.3 8 44.71
    endloop
  endfacet
  facet normal -1 0 0
    outer loop
      vertex 3.3 3.53765 49.0967
      vertex 3.3 3.53082 49.0915
      vertex 3.3 3.53414 49.0944
    endloop
  endfacet
  facet normal 1 0 0
    outer loop
      vertex 3.3 3.53414 49.0944
      vertex 3.3 3.53398 49.0943
      vertex 3.3 3.53406 49.0943
    endloop
  endfacet
  facet normal -1 0 0
    outer loop
      vertex 3.3 3.53414 49.0944
      vertex 3.3 3.53082 49.0915
      vertex 3.3 3.53398 49.0943
    endloop
  endfacet
  facet normal -1 -0 0
    outer loop
      vertex 3.3 3.53082 49.0915
      vertex 3.3 2.22569 48.338
      vertex 3.3 3.5302 49.0921
    endloop
  endfacet
  facet normal -1 0 0
    outer loop
      vertex 3.3 8 44.71
      vertex 3.3 2.22569 48.338
      vertex 3.3 3.53082 49.0915
    endloop
  endfacet
  facet normal -1 0 0
    outer loop
      vertex 3.3 2.21773 48.3347
      vertex 3.3 2.22569 48.338
      vertex 3.3 8 44.71
    endloop
  endfacet
  facet normal -1 0 0
    outer loop
      vertex 3.3 2.22569 48.338
      vertex 3.3 2.21773 48.3347
      vertex 3.3 2.2217 48.3366
    endloop
  endfacet
  facet normal 0 0 0
    outer loop
      vertex 3.3 2.2217 48.3366
      vertex 3.3 2.22156 48.3366
      vertex 3.3 2.2216 48.3366
    endloop
  endfacet
  facet normal -1 -0 0
    outer loop
      vertex 3.3 2.2217 48.3366
      vertex 3.3 2.22151 48.3365
      vertex 3.3 2.22156 48.3366
    endloop
  endfacet
  facet normal 1 0 0
    outer loop
      vertex 3.3 2.2217 48.3366
      vertex 3.3 2.21773 48.3347
      vertex 3.3 2.22151 48.3365
    endloop
  endfacet
  facet normal -1 -0 0
    outer loop
      vertex 3.3 2.21773 48.3347
      vertex 3.3 0.762052 47.9446
      vertex 3.3 2.21729 48.3354
    endloop
  endfacet
  facet normal -1 0 0
    outer loop
      vertex 3.3 8 44.71
      vertex 3.3 0.762052 47.9446
      vertex 3.3 2.21773 48.3347
    endloop
  endfacet
  facet normal -1 0 0
    outer loop
      vertex 3.3 0.753516 47.9435
      vertex 3.3 0.762052 47.9446
      vertex 3.3 8 44.71
    endloop
  endfacet
  facet normal -1 0 0
    outer loop
      vertex 3.3 0.762052 47.9446
      vertex 3.3 0.753516 47.9435
      vertex 3.3 0.757846 47.9443
    endloop
  endfacet
  facet normal 0 0 0
    outer loop
      vertex 3.3 0.757846 47.9443
      vertex 3.3 0.757702 47.9443
      vertex 3.3 0.757745 47.9443
    endloop
  endfacet
  facet normal 0 0 0
    outer loop
      vertex 3.3 0.757846 47.9443
      vertex 3.3 0.757649 47.9443
      vertex 3.3 0.757702 47.9443
    endloop
  endfacet
  facet normal -1 -0 0
    outer loop
      vertex 3.3 0.757846 47.9443
      vertex 3.3 0.753516 47.9435
      vertex 3.3 0.757649 47.9443
    endloop
  endfacet
  facet normal -1 0 0
    outer loop
      vertex 3.3 0.753516 47.9435
      vertex 3.3 -0.753289 47.9443
      vertex 3.3 0.753289 47.9443
    endloop
  endfacet
  facet normal -1 0 0
    outer loop
      vertex 3.3 -0.753516 47.9435
      vertex 3.3 0.753516 47.9435
      vertex 3.3 8 44.71
    endloop
  endfacet
  facet normal -1 0 0
    outer loop
      vertex 3.3 0.753516 47.9435
      vertex 3.3 -0.753516 47.9435
      vertex 3.3 -0.753289 47.9443
    endloop
  endfacet
  facet normal -1 0 0
    outer loop
      vertex 3.3 -8 44.71
      vertex 3.3 -0.753516 47.9435
      vertex 3.3 8 44.71
    endloop
  endfacet
  facet normal -1 0 -0
    outer loop
      vertex 3.3 -0.762052 47.9446
      vertex 3.3 -0.753516 47.9435
      vertex 3.3 -8 44.71
    endloop
  endfacet
  facet normal -1 -0 -0
    outer loop
      vertex 3.3 -0.757846 47.9443
      vertex 3.3 -0.753516 47.9435
      vertex 3.3 -0.762052 47.9446
    endloop
  endfacet
  facet normal -1 0 0
    outer loop
      vertex 3.3 -0.753516 47.9435
      vertex 3.3 -0.757846 47.9443
      vertex 3.3 -0.757649 47.9443
    endloop
  endfacet
  facet normal 0 0 0
    outer loop
      vertex 3.3 -0.757702 47.9443
      vertex 3.3 -0.757846 47.9443
      vertex 3.3 -0.757745 47.9443
    endloop
  endfacet
  facet normal -1 0 0
    outer loop
      vertex 3.3 -0.762052 47.9446
      vertex 3.3 -2.21729 48.3354
      vertex 3.3 -0.762052 47.9455
    endloop
  endfacet
  facet normal 0 0 0
    outer loop
      vertex 3.3 -0.757649 47.9443
      vertex 3.3 -0.757846 47.9443
      vertex 3.3 -0.757702 47.9443
    endloop
  endfacet
  facet normal -1 0 0
    outer loop
      vertex 3.3 -0.762052 47.9446
      vertex 3.3 -2.21773 48.3347
      vertex 3.3 -2.21729 48.3354
    endloop
  endfacet
  facet normal 0 0 0
    outer loop
      vertex 3.3 -2.22156 48.3366
      vertex 3.3 -2.2217 48.3366
      vertex 3.3 -2.2216 48.3366
    endloop
  endfacet
  facet normal -1 0 0
    outer loop
      vertex 3.3 -2.22151 48.3365
      vertex 3.3 -2.2217 48.3366
      vertex 3.3 -2.22156 48.3366
    endloop
  endfacet
  facet normal 1 0 0
    outer loop
      vertex 3.3 -2.21773 48.3347
      vertex 3.3 -2.2217 48.3366
      vertex 3.3 -2.22151 48.3365
    endloop
  endfacet
  facet normal -1 0 0
    outer loop
      vertex 3.3 -2.21773 48.3347
      vertex 3.3 -2.22569 48.338
      vertex 3.3 -2.2217 48.3366
    endloop
  endfacet
  facet normal -1 0 0
    outer loop
      vertex 3.3 -2.22569 48.338
      vertex 3.3 -3.53082 49.0915
      vertex 3.3 -3.5302 49.0921
    endloop
  endfacet
  facet normal 1 0 0
    outer loop
      vertex 3.3 -3.53398 49.0943
      vertex 3.3 -3.53414 49.0944
      vertex 3.3 -3.53406 49.0943
    endloop
  endfacet
  facet normal -1 0 0
    outer loop
      vertex 3.3 -3.53082 49.0915
      vertex 3.3 -3.53414 49.0944
      vertex 3.3 -3.53398 49.0943
    endloop
  endfacet
  facet normal -1 0 0
    outer loop
      vertex 3.3 -3.53082 49.0915
      vertex 3.3 -3.53765 49.0967
      vertex 3.3 -3.53414 49.0944
    endloop
  endfacet
  facet normal -1 0 0
    outer loop
      vertex 3.3 -3.53765 49.0967
      vertex 3.3 -4.60328 50.1624
      vertex 3.3 -4.60252 50.1628
    endloop
  endfacet
  facet normal 1 0 0
    outer loop
      vertex 3.3 -4.60562 50.1659
      vertex 3.3 -4.60574 50.166
      vertex 3.3 -4.60567 50.1659
    endloop
  endfacet
  facet normal -1 0 0
    outer loop
      vertex 3.3 -4.60328 50.1624
      vertex 3.3 -4.60574 50.166
      vertex 3.3 -4.60562 50.1659
    endloop
  endfacet
  facet normal -1 0 0
    outer loop
      vertex 3.3 -4.60328 50.1624
      vertex 3.3 -4.60852 50.1692
      vertex 3.3 -4.60574 50.166
    endloop
  endfacet
  facet normal -1 0 0
    outer loop
      vertex 3.3 -4.60852 50.1692
      vertex 3.3 -5.36204 51.4743
      vertex 3.3 -5.36119 51.4745
    endloop
  endfacet
  facet normal -1 0 0
    outer loop
      vertex 3.3 -5.36339 51.4783
      vertex 3.3 -5.36344 51.4784
      vertex 3.3 -5.36342 51.4784
    endloop
  endfacet
  facet normal -1 0 0
    outer loop
      vertex 3.3 -5.36347 51.4785
      vertex 3.3 -5.36339 51.4783
      vertex 3.3 -5.36204 51.4743
    endloop
  endfacet
  facet normal 1 0 0
    outer loop
      vertex 3.3 -5.36339 51.4783
      vertex 3.3 -5.36347 51.4785
      vertex 3.3 -5.36344 51.4784
    endloop
  endfacet
  facet normal -1 0 0
    outer loop
      vertex 3.3 -5.36204 51.4743
      vertex 3.3 -5.36533 51.4823
      vertex 3.3 -5.36347 51.4785
    endloop
  endfacet
  facet normal -1 0 0
    outer loop
      vertex 3.3 -5.36533 51.4823
      vertex 3.3 -5.75538 52.938
      vertex 3.3 -5.7545 52.938
    endloop
  endfacet
  facet normal -1 0 0
    outer loop
      vertex 3.3 -5.75566 52.9422
      vertex 3.3 -5.75567 52.9423
      vertex 3.3 -5.75566 52.9423
    endloop
  endfacet
  facet normal -1 0 0
    outer loop
      vertex 3.3 -5.75568 52.9424
      vertex 3.3 -5.75566 52.9422
      vertex 3.3 -5.75538 52.938
    endloop
  endfacet
  facet normal 1 0 0
    outer loop
      vertex 3.3 -5.75566 52.9422
      vertex 3.3 -5.75568 52.9424
      vertex 3.3 -5.75567 52.9423
    endloop
  endfacet
  facet normal -1 0 0
    outer loop
      vertex 3.3 -5.75538 52.938
      vertex 3.3 -5.7565 52.9465
      vertex 3.3 -5.75568 52.9424
    endloop
  endfacet
  facet normal -1 0 0
    outer loop
      vertex 3.3 -8 53.7
      vertex 3.3 -5.7565 54.4535
      vertex 3.3 -5.7565 52.9465
    endloop
  endfacet
  facet normal -1 0 0
    outer loop
      vertex 3.3 -5.36533 55.9177
      vertex 3.3 -6.9282 57.7
      vertex 3.3 -6.34683 58.5701
    endloop
  endfacet
  facet normal -1 0 0
    outer loop
      vertex 3.3 -8 53.7
      vertex 3.3 -5.7565 52.9465
      vertex 3.3 -5.75538 52.938
    endloop
  endfacet
  facet normal -1 0 0
    outer loop
      vertex 3.3 -5.36533 55.9177
      vertex 3.3 -7.39104 56.7615
      vertex 3.3 -6.9282 57.7
    endloop
  endfacet
  facet normal -1 0 0
    outer loop
      vertex 3.3 -8 53.7
      vertex 3.3 -5.75538 52.938
      vertex 3.3 -5.36533 51.4823
    endloop
  endfacet
  facet normal -1 -0 0
    outer loop
      vertex 3.3 -5.36533 55.9177
      vertex 3.3 -7.72741 55.7706
      vertex 3.3 -7.39104 56.7615
    endloop
  endfacet
  facet normal -1 0 0
    outer loop
      vertex 3.3 -8 53.7
      vertex 3.3 -5.36533 51.4823
      vertex 3.3 -5.36204 51.4743
    endloop
  endfacet
  facet normal -1 0 0
    outer loop
      vertex 3.3 -5.75538 54.4621
      vertex 3.3 -7.93156 54.7442
      vertex 3.3 -7.72741 55.7706
    endloop
  endfacet
  facet normal -1 0 0
    outer loop
      vertex 3.3 -8 44.71
      vertex 3.3 -5.36204 51.4743
      vertex 3.3 -4.60852 50.1692
    endloop
  endfacet
  facet normal -1 -0 0
    outer loop
      vertex 3.3 -0.762052 47.9446
      vertex 3.3 -8 44.71
      vertex 3.3 -2.21773 48.3347
    endloop
  endfacet
  facet normal -1 0 0
    outer loop
      vertex 3.3 -8 44.71
      vertex 3.3 -2.22569 48.338
      vertex 3.3 -2.21773 48.3347
    endloop
  endfacet
  facet normal -1 0 0
    outer loop
      vertex 3.3 -8 44.71
      vertex 3.3 -3.53082 49.0915
      vertex 3.3 -2.22569 48.338
    endloop
  endfacet
  facet normal -1 0 0
    outer loop
      vertex 3.3 -8 44.71
      vertex 3.3 -3.53765 49.0967
      vertex 3.3 -3.53082 49.0915
    endloop
  endfacet
  facet normal -1 0 0
    outer loop
      vertex 3.3 -8 44.71
      vertex 3.3 -4.60328 50.1624
      vertex 3.3 -3.53765 49.0967
    endloop
  endfacet
  facet normal -1 0 0
    outer loop
      vertex 3.3 -8 44.71
      vertex 3.3 -4.60852 50.1692
      vertex 3.3 -4.60328 50.1624
    endloop
  endfacet
  facet normal -1 -0 0
    outer loop
      vertex 3.3 -5.36204 51.4743
      vertex 3.3 -8 44.71
      vertex 3.3 -8 53.7
    endloop
  endfacet
  facet normal -1 -0 0
    outer loop
      vertex 3.3 -5.7565 54.4535
      vertex 3.3 -8 53.7
      vertex 3.3 -7.93156 54.7442
    endloop
  endfacet
  facet normal -1 0 0
    outer loop
      vertex 3.3 7.72741 55.7706
      vertex 3.3 5.36533 55.9177
      vertex 3.3 7.39104 56.7615
    endloop
  endfacet
  facet normal -1 0 0
    outer loop
      vertex 3.3 5.75538 54.4621
      vertex 3.3 5.7565 54.4535
      vertex 3.3 5.75568 54.4576
    endloop
  endfacet
  facet normal 1 0 0
    outer loop
      vertex 3.3 5.75566 54.4578
      vertex 3.3 5.75568 54.4576
      vertex 3.3 5.75567 54.4577
    endloop
  endfacet
  facet normal -1 0 0
    outer loop
      vertex 3.3 5.75566 54.4578
      vertex 3.3 5.75567 54.4577
      vertex 3.3 5.75566 54.4577
    endloop
  endfacet
  facet normal -1 0 0
    outer loop
      vertex 3.3 5.75568 54.4576
      vertex 3.3 5.75566 54.4578
      vertex 3.3 5.75538 54.4621
    endloop
  endfacet
  facet normal -1 0 0
    outer loop
      vertex 3.3 5.36204 55.9257
      vertex 3.3 7.39104 56.7615
      vertex 3.3 5.36533 55.9177
    endloop
  endfacet
  facet normal -1 0 0
    outer loop
      vertex 3.3 5.36533 55.9177
      vertex 3.3 5.75538 54.4621
      vertex 3.3 5.7545 54.4621
    endloop
  endfacet
  facet normal -1 -0 0
    outer loop
      vertex 3.3 7.39104 56.7615
      vertex 3.3 5.36204 55.9257
      vertex 3.3 6.9282 57.7
    endloop
  endfacet
  facet normal -1 0 0
    outer loop
      vertex 3.3 4.60852 57.2308
      vertex 3.3 6.9282 57.7
      vertex 3.3 5.36204 55.9257
    endloop
  endfacet
  facet normal -1 0 -0
    outer loop
      vertex 3.3 5.36533 55.9177
      vertex 3.3 5.7545 54.4621
      vertex 3.3 5.36457 55.9173
    endloop
  endfacet
  facet normal -1 -0 0
    outer loop
      vertex 3.3 5.75567 52.9423
      vertex 3.3 5.75566 52.9422
      vertex 3.3 5.75566 52.9423
    endloop
  endfacet
  facet normal -1 0 0
    outer loop
      vertex 3.3 5.7545 52.938
      vertex 3.3 5.36533 51.4823
      vertex 3.3 5.36457 51.4827
    endloop
  endfacet
  facet normal -1 0 0
    outer loop
      vertex 3.3 5.36204 55.9257
      vertex 3.3 5.36533 55.9177
      vertex 3.3 5.36347 55.9215
    endloop
  endfacet
  facet normal 1 0 0
    outer loop
      vertex 3.3 5.36339 55.9217
      vertex 3.3 5.36347 55.9215
      vertex 3.3 5.36344 55.9216
    endloop
  endfacet
  facet normal -1 0 0
    outer loop
      vertex 3.3 5.36339 55.9217
      vertex 3.3 5.36344 55.9216
      vertex 3.3 5.36342 55.9216
    endloop
  endfacet
  facet normal -1 0 0
    outer loop
      vertex 3.3 5.36347 55.9215
      vertex 3.3 5.36339 55.9217
      vertex 3.3 5.36204 55.9257
    endloop
  endfacet
  facet normal -1 -0 0
    outer loop
      vertex 3.3 6.9282 57.7
      vertex 3.3 4.60852 57.2308
      vertex 3.3 6.34683 58.5701
    endloop
  endfacet
  facet normal -1 0 0
    outer loop
      vertex 3.3 4.60852 57.2308
      vertex 3.3 5.36204 55.9257
      vertex 3.3 5.36119 55.9255
    endloop
  endfacet
  facet normal -1 0 0
    outer loop
      vertex 3.3 4.60328 57.2376
      vertex 3.3 6.34683 58.5701
      vertex 3.3 4.60852 57.2308
    endloop
  endfacet
  facet normal -1 -0 0
    outer loop
      vertex 3.3 6.34683 58.5701
      vertex 3.3 4.60328 57.2376
      vertex 3.3 5.65685 59.3569
    endloop
  endfacet
  facet normal -1 0 -0
    outer loop
      vertex 3.3 4.60852 57.2308
      vertex 3.3 5.36119 55.9255
      vertex 3.3 4.6079 57.2302
    endloop
  endfacet
  facet normal -1 0 0
    outer loop
      vertex 3.3 5.36119 51.4745
      vertex 3.3 4.60852 50.1692
      vertex 3.3 4.6079 50.1698
    endloop
  endfacet
  facet normal -1 0 0
    outer loop
      vertex 3.3 4.60328 57.2376
      vertex 3.3 4.60852 57.2308
      vertex 3.3 4.60574 57.234
    endloop
  endfacet
  facet normal 1 -0 0
    outer loop
      vertex 3.3 4.60562 57.2341
      vertex 3.3 4.60574 57.234
      vertex 3.3 4.60567 57.2341
    endloop
  endfacet
  facet normal -1 0 0
    outer loop
      vertex 3.3 4.60328 57.2376
      vertex 3.3 4.60574 57.234
      vertex 3.3 4.60562 57.2341
    endloop
  endfacet
  facet normal -1 0 0
    outer loop
      vertex 3.3 3.53765 58.3033
      vertex 3.3 5.65685 59.3569
      vertex 3.3 4.60328 57.2376
    endloop
  endfacet
  facet normal -1 0 0
    outer loop
      vertex 3.3 3.53765 58.3033
      vertex 3.3 4.60328 57.2376
      vertex 3.3 4.60252 57.2372
    endloop
  endfacet
  facet normal -1 -0 0
    outer loop
      vertex 3.3 5.65685 59.3569
      vertex 3.3 3.53765 58.3033
      vertex 3.3 4.87009 60.0468
    endloop
  endfacet
  facet normal -1 0 0
    outer loop
      vertex 3.3 3.53082 58.3085
      vertex 3.3 4.87009 60.0468
      vertex 3.3 3.53765 58.3033
    endloop
  endfacet
  facet normal -1 0 -0
    outer loop
      vertex 3.3 3.53765 58.3033
      vertex 3.3 4.60252 57.2372
      vertex 3.3 3.53721 58.3025
    endloop
  endfacet
  facet normal -1 0 0
    outer loop
      vertex 3.3 4.60252 50.1628
      vertex 3.3 3.53765 49.0967
      vertex 3.3 3.53721 49.0975
    endloop
  endfacet
  facet normal -1 0 0
    outer loop
      vertex 3.3 3.53082 58.3085
      vertex 3.3 3.53765 58.3033
      vertex 3.3 3.53414 58.3056
    endloop
  endfacet
  facet normal 1 -0 0
    outer loop
      vertex 3.3 3.53398 58.3057
      vertex 3.3 3.53414 58.3056
      vertex 3.3 3.53406 58.3057
    endloop
  endfacet
  facet normal -1 0 0
    outer loop
      vertex 3.3 3.53082 58.3085
      vertex 3.3 3.53414 58.3056
      vertex 3.3 3.53398 58.3057
    endloop
  endfacet
  facet normal -1 -0 0
    outer loop
      vertex 3.3 4.87009 60.0468
      vertex 3.3 3.53082 58.3085
      vertex 3.3 4 60.6282
    endloop
  endfacet
  facet normal -1 0 0
    outer loop
      vertex 3.3 2.22569 59.062
      vertex 3.3 3.53082 58.3085
      vertex 3.3 3.5302 58.3079
    endloop
  endfacet
  facet normal -1 0 0
    outer loop
      vertex 3.3 3.53082 58.3085
      vertex 3.3 2.22569 59.062
      vertex 3.3 4 60.6282
    endloop
  endfacet
  facet normal -1 -0 0
    outer loop
      vertex 3.3 4 60.6282
      vertex 3.3 2.22569 59.062
      vertex 3.3 3.06147 61.091
    endloop
  endfacet
  facet normal -1 0 -0
    outer loop
      vertex 3.3 2.22569 59.062
      vertex 3.3 3.5302 58.3079
      vertex 3.3 2.22546 59.0612
    endloop
  endfacet
  facet normal -1 0 0
    outer loop
      vertex 3.3 3.5302 49.0921
      vertex 3.3 2.22569 48.338
      vertex 3.3 2.22546 48.3388
    endloop
  endfacet
  facet normal -1 0 0
    outer loop
      vertex 3.3 2.21773 59.0653
      vertex 3.3 2.22569 59.062
      vertex 3.3 2.2217 59.0634
    endloop
  endfacet
  facet normal 0 0 0
    outer loop
      vertex 3.3 2.22156 59.0634
      vertex 3.3 2.2217 59.0634
      vertex 3.3 2.2216 59.0634
    endloop
  endfacet
  facet normal -1 0 0
    outer loop
      vertex 3.3 2.22151 59.0635
      vertex 3.3 2.2217 59.0634
      vertex 3.3 2.22156 59.0634
    endloop
  endfacet
  facet normal 1 0 0
    outer loop
      vertex 3.3 2.21773 59.0653
      vertex 3.3 2.2217 59.0634
      vertex 3.3 2.22151 59.0635
    endloop
  endfacet
  facet normal -1 0 0
    outer loop
      vertex 3.3 2.22569 59.062
      vertex 3.3 2.21773 59.0653
      vertex 3.3 3.06147 61.091
    endloop
  endfacet
  facet normal -1 0 0
    outer loop
      vertex 3.3 0.762052 59.4554
      vertex 3.3 2.21773 59.0653
      vertex 3.3 2.21729 59.0646
    endloop
  endfacet
  facet normal -1 0 0
    outer loop
      vertex 3.3 2.21773 59.0653
      vertex 3.3 2.07055 61.4274
      vertex 3.3 3.06147 61.091
    endloop
  endfacet
  facet normal -1 0 0
    outer loop
      vertex 3.3 2.21773 59.0653
      vertex 3.3 0.762052 59.4554
      vertex 3.3 2.07055 61.4274
    endloop
  endfacet
  facet normal -1 0 0
    outer loop
      vertex 3.3 0.762052 59.4554
      vertex 3.3 2.21729 59.0646
      vertex 3.3 0.762052 59.4545
    endloop
  endfacet
  facet normal -1 -0 0
    outer loop
      vertex 3.3 2.07055 61.4274
      vertex 3.3 0.762052 59.4554
      vertex 3.3 1.04421 61.6316
    endloop
  endfacet
  facet normal -1 0 0
    outer loop
      vertex 3.3 0.753516 59.4565
      vertex 3.3 0.762052 59.4554
      vertex 3.3 0.757846 59.4557
    endloop
  endfacet
  facet normal 0 0 0
    outer loop
      vertex 3.3 0.757703 59.4557
      vertex 3.3 0.757846 59.4557
      vertex 3.3 0.757745 59.4557
    endloop
  endfacet
  facet normal 0 0 0
    outer loop
      vertex 3.3 0.757846 59.4557
      vertex 3.3 0.757703 59.4557
      vertex 3.3 0.757649 59.4557
    endloop
  endfacet
  facet normal -1 0 0
    outer loop
      vertex 3.3 0.753516 59.4565
      vertex 3.3 0.757846 59.4557
      vertex 3.3 0.757649 59.4557
    endloop
  endfacet
  facet normal -1 0 0
    outer loop
      vertex 3.3 0.762052 59.4554
      vertex 3.3 0.753516 59.4565
      vertex 3.3 1.04421 61.6316
    endloop
  endfacet
  facet normal -1 0 0
    outer loop
      vertex 3.3 -0.753516 59.4565
      vertex 3.3 0.753516 59.4565
      vertex 3.3 0.753289 59.4557
    endloop
  endfacet
  facet normal -1 0 0
    outer loop
      vertex 3.3 0.753516 59.4565
      vertex 3.3 0 61.7
      vertex 3.3 1.04421 61.6316
    endloop
  endfacet
  facet normal -1 0 0
    outer loop
      vertex 3.3 -0.753516 59.4565
      vertex 3.3 0.753289 59.4557
      vertex 3.3 -0.753289 59.4557
    endloop
  endfacet
  facet normal -1 0 0
    outer loop
      vertex 3.3 0.753516 59.4565
      vertex 3.3 -0.753516 59.4565
      vertex 3.3 0 61.7
    endloop
  endfacet
  facet normal -1 0 0
    outer loop
      vertex 3.3 -0.762052 59.4554
      vertex 3.3 -0.753516 59.4565
      vertex 3.3 -0.757649 59.4557
    endloop
  endfacet
  facet normal 0 0 0
    outer loop
      vertex 3.3 -0.757846 59.4557
      vertex 3.3 -0.757649 59.4557
      vertex 3.3 -0.757703 59.4557
    endloop
  endfacet
  facet normal 0 0 0
    outer loop
      vertex 3.3 -0.757846 59.4557
      vertex 3.3 -0.757703 59.4557
      vertex 3.3 -0.757745 59.4557
    endloop
  endfacet
  facet normal 1 0 0
    outer loop
      vertex 3.3 -0.757649 59.4557
      vertex 3.3 -0.757846 59.4557
      vertex 3.3 -0.762052 59.4554
    endloop
  endfacet
  facet normal -1 -0 0
    outer loop
      vertex 3.3 -0.753516 59.4565
      vertex 3.3 -0.762052 59.4554
      vertex 3.3 -1.04421 61.6316
    endloop
  endfacet
  facet normal -1 0 0
    outer loop
      vertex 3.3 -0.753516 59.4565
      vertex 3.3 -1.04421 61.6316
      vertex 3.3 0 61.7
    endloop
  endfacet
  facet normal -1 0 0
    outer loop
      vertex 3.3 2.21729 48.3354
      vertex 3.3 0.762052 47.9446
      vertex 3.3 0.762052 47.9455
    endloop
  endfacet
  facet normal -1 -0 0
    outer loop
      vertex 3.3 -2.22546 48.3388
      vertex 3.3 -2.22569 48.338
      vertex 3.3 -3.5302 49.0921
    endloop
  endfacet
  facet normal -1 -0 0
    outer loop
      vertex 3.3 -3.53721 49.0975
      vertex 3.3 -3.53765 49.0967
      vertex 3.3 -4.60252 50.1628
    endloop
  endfacet
  facet normal -1 -0 0
    outer loop
      vertex 3.3 -4.6079 50.1698
      vertex 3.3 -4.60852 50.1692
      vertex 3.3 -5.36119 51.4745
    endloop
  endfacet
  facet normal -1 -0 0
    outer loop
      vertex 3.3 -5.36457 51.4827
      vertex 3.3 -5.36533 51.4823
      vertex 3.3 -5.7545 52.938
    endloop
  endfacet
  facet normal -1 0 0
    outer loop
      vertex 3.3 -5.7565 52.9465
      vertex 3.3 -5.75566 54.4533
      vertex 3.3 -5.75566 52.9467
    endloop
  endfacet
  facet normal -1 -0 0
    outer loop
      vertex 3.3 -5.75566 54.4533
      vertex 3.3 -5.7565 52.9465
      vertex 3.3 -5.7565 54.4535
    endloop
  endfacet
  facet normal -1 0 0
    outer loop
      vertex 3.3 1.64207 53.26
      vertex 3.3 2.17618 53.4135
      vertex 3.3 2.02787 52.86
    endloop
  endfacet
  facet normal -1 0 -0
    outer loop
      vertex 3.3 1.7 53.7
      vertex 3.3 2.17618 53.4135
      vertex 3.3 1.68546 53.4781
    endloop
  endfacet
  facet normal -1 0 0
    outer loop
      vertex 3.3 1.47224 52.85
      vertex 3.3 2.02787 52.86
      vertex 3.3 1.74138 52.3638
    endloop
  endfacet
  facet normal -1 0 0
    outer loop
      vertex 3.3 2.17618 53.4135
      vertex 3.3 1.7 53.7
      vertex 3.3 2.17618 53.9865
    endloop
  endfacet
  facet normal -1 0 0
    outer loop
      vertex 3.3 1.64207 54.14
      vertex 3.3 2.17618 53.9865
      vertex 3.3 1.68546 53.9219
    endloop
  endfacet
  facet normal -1 0 0
    outer loop
      vertex 3.3 1.68546 53.9219
      vertex 3.3 2.17618 53.9865
      vertex 3.3 1.7 53.7
    endloop
  endfacet
  facet normal -1 -0 0
    outer loop
      vertex 3.3 2.17618 53.4135
      vertex 3.3 1.64207 53.26
      vertex 3.3 1.68546 53.4781
    endloop
  endfacet
  facet normal -1 0 0
    outer loop
      vertex 3.3 2.02787 52.86
      vertex 3.3 1.57059 53.0494
      vertex 3.3 1.64207 53.26
    endloop
  endfacet
  facet normal -1 -0 0
    outer loop
      vertex 3.3 2.02787 52.86
      vertex 3.3 1.47224 52.85
      vertex 3.3 1.57059 53.0494
    endloop
  endfacet
  facet normal -1 0 0
    outer loop
      vertex 3.3 1.74138 52.3638
      vertex 3.3 1.3487 52.6651
      vertex 3.3 1.47224 52.85
    endloop
  endfacet
  facet normal -1 0 0
    outer loop
      vertex 3.3 1.20208 52.4979
      vertex 3.3 1.74138 52.3638
      vertex 3.3 1.3362 51.9586
    endloop
  endfacet
  facet normal -1 0 0
    outer loop
      vertex 3.3 1.74138 52.3638
      vertex 3.3 1.20208 52.4979
      vertex 3.3 1.3487 52.6651
    endloop
  endfacet
  facet normal -1 0 0
    outer loop
      vertex 3.3 1.3362 51.9586
      vertex 3.3 1.03489 52.3513
      vertex 3.3 1.20208 52.4979
    endloop
  endfacet
  facet normal -1 0 0
    outer loop
      vertex 3.3 1.3362 51.9586
      vertex 3.3 0.849999 52.2278
      vertex 3.3 1.03489 52.3513
    endloop
  endfacet
  facet normal -1 0 0
    outer loop
      vertex 3.3 0.839972 51.6721
      vertex 3.3 0.849999 52.2278
      vertex 3.3 1.3362 51.9586
    endloop
  endfacet
  facet normal -1 0 0
    outer loop
      vertex 3.3 0.839972 51.6721
      vertex 3.3 0.650561 52.1294
      vertex 3.3 0.849999 52.2278
    endloop
  endfacet
  facet normal -1 0 0
    outer loop
      vertex 3.3 0.839972 51.6721
      vertex 3.3 0.439992 52.0579
      vertex 3.3 0.650561 52.1294
    endloop
  endfacet
  facet normal -1 0 0
    outer loop
      vertex 3.3 0.286497 51.5238
      vertex 3.3 0.439992 52.0579
      vertex 3.3 0.839972 51.6721
    endloop
  endfacet
  facet normal -1 0 0
    outer loop
      vertex 3.3 0.286497 51.5238
      vertex 3.3 0.221894 52.0145
      vertex 3.3 0.439992 52.0579
    endloop
  endfacet
  facet normal -1 0 0
    outer loop
      vertex 3.3 0.286497 51.5238
      vertex 3.3 0 52
      vertex 3.3 0.221894 52.0145
    endloop
  endfacet
  facet normal -1 0 0
    outer loop
      vertex 3.3 -0.286497 51.5238
      vertex 3.3 0 52
      vertex 3.3 0.286497 51.5238
    endloop
  endfacet
  facet normal -1 -0 0
    outer loop
      vertex 3.3 0 52
      vertex 3.3 -0.286497 51.5238
      vertex 3.3 -0.221894 52.0145
    endloop
  endfacet
  facet normal -1 0 0
    outer loop
      vertex 3.3 -0.286497 51.5238
      vertex 3.3 -0.439992 52.0579
      vertex 3.3 -0.221894 52.0145
    endloop
  endfacet
  facet normal -1 0 0
    outer loop
      vertex 3.3 -0.839972 51.6721
      vertex 3.3 -0.439992 52.0579
      vertex 3.3 -0.286497 51.5238
    endloop
  endfacet
  facet normal -1 -0 0
    outer loop
      vertex 3.3 -0.439992 52.0579
      vertex 3.3 -0.839972 51.6721
      vertex 3.3 -0.650561 52.1294
    endloop
  endfacet
  facet normal -1 0 0
    outer loop
      vertex 3.3 -0.839972 51.6721
      vertex 3.3 -0.849999 52.2278
      vertex 3.3 -0.650561 52.1294
    endloop
  endfacet
  facet normal -1 0 0
    outer loop
      vertex 3.3 -1.3362 51.9586
      vertex 3.3 -0.849999 52.2278
      vertex 3.3 -0.839972 51.6721
    endloop
  endfacet
  facet normal -1 -0 0
    outer loop
      vertex 3.3 -0.849999 52.2278
      vertex 3.3 -1.3362 51.9586
      vertex 3.3 -1.03489 52.3513
    endloop
  endfacet
  facet normal -1 -0 0
    outer loop
      vertex 3.3 -1.03489 52.3513
      vertex 3.3 -1.3362 51.9586
      vertex 3.3 -1.20208 52.4979
    endloop
  endfacet
  facet normal -1 0 0
    outer loop
      vertex 3.3 -1.74138 52.3638
      vertex 3.3 -1.20208 52.4979
      vertex 3.3 -1.3362 51.9586
    endloop
  endfacet
  facet normal -1 -0 0
    outer loop
      vertex 3.3 -1.20208 52.4979
      vertex 3.3 -1.74138 52.3638
      vertex 3.3 -1.3487 52.6651
    endloop
  endfacet
  facet normal -1 -0 0
    outer loop
      vertex 3.3 -1.3487 52.6651
      vertex 3.3 -1.74138 52.3638
      vertex 3.3 -1.47224 52.85
    endloop
  endfacet
  facet normal -1 0 0
    outer loop
      vertex 3.3 -2.02787 52.86
      vertex 3.3 -1.47224 52.85
      vertex 3.3 -1.74138 52.3638
    endloop
  endfacet
  facet normal -1 0 0
    outer loop
      vertex 3.3 -2.17618 53.4135
      vertex 3.3 -1.64207 53.26
      vertex 3.3 -2.02787 52.86
    endloop
  endfacet
  facet normal -1 -0 0
    outer loop
      vertex 3.3 -1.57059 53.0494
      vertex 3.3 -2.02787 52.86
      vertex 3.3 -1.64207 53.26
    endloop
  endfacet
  facet normal -1 0 0
    outer loop
      vertex 3.3 -1.47224 52.85
      vertex 3.3 -2.02787 52.86
      vertex 3.3 -1.57059 53.0494
    endloop
  endfacet
  facet normal -1 0 0
    outer loop
      vertex 3.3 2.17618 53.9865
      vertex 3.3 1.64207 54.14
      vertex 3.3 2.02787 54.54
    endloop
  endfacet
  facet normal -1 0 0
    outer loop
      vertex 3.3 1.57059 54.3506
      vertex 3.3 2.02787 54.54
      vertex 3.3 1.64207 54.14
    endloop
  endfacet
  facet normal -1 0 0
    outer loop
      vertex 3.3 1.47224 54.55
      vertex 3.3 2.02787 54.54
      vertex 3.3 1.57059 54.3506
    endloop
  endfacet
  facet normal -1 0 0
    outer loop
      vertex 3.3 2.02787 54.54
      vertex 3.3 1.47224 54.55
      vertex 3.3 1.74138 55.0362
    endloop
  endfacet
  facet normal -1 0 0
    outer loop
      vertex 3.3 1.3487 54.7349
      vertex 3.3 1.74138 55.0362
      vertex 3.3 1.47224 54.55
    endloop
  endfacet
  facet normal -1 0 0
    outer loop
      vertex 3.3 1.20208 54.9021
      vertex 3.3 1.74138 55.0362
      vertex 3.3 1.3487 54.7349
    endloop
  endfacet
  facet normal -1 -0 0
    outer loop
      vertex 3.3 1.74138 55.0362
      vertex 3.3 1.20208 54.9021
      vertex 3.3 1.3362 55.4414
    endloop
  endfacet
  facet normal -1 0 0
    outer loop
      vertex 3.3 1.03489 55.0487
      vertex 3.3 1.3362 55.4414
      vertex 3.3 1.20208 54.9021
    endloop
  endfacet
  facet normal -1 0 0
    outer loop
      vertex 3.3 0.849999 55.1722
      vertex 3.3 1.3362 55.4414
      vertex 3.3 1.03489 55.0487
    endloop
  endfacet
  facet normal -1 0 0
    outer loop
      vertex 3.3 0.849999 55.1722
      vertex 3.3 0.839972 55.7279
      vertex 3.3 1.3362 55.4414
    endloop
  endfacet
  facet normal -1 0 0
    outer loop
      vertex 3.3 0.650561 55.2706
      vertex 3.3 0.839972 55.7279
      vertex 3.3 0.849999 55.1722
    endloop
  endfacet
  facet normal -1 0 0
    outer loop
      vertex 3.3 0.439992 55.3421
      vertex 3.3 0.839972 55.7279
      vertex 3.3 0.650561 55.2706
    endloop
  endfacet
  facet normal -1 0 0
    outer loop
      vertex 3.3 0.439992 55.3421
      vertex 3.3 0.286497 55.8762
      vertex 3.3 0.839972 55.7279
    endloop
  endfacet
  facet normal -1 0 0
    outer loop
      vertex 3.3 0.221894 55.3855
      vertex 3.3 0.286497 55.8762
      vertex 3.3 0.439992 55.3421
    endloop
  endfacet
  facet normal -1 0 0
    outer loop
      vertex 3.3 0 55.4
      vertex 3.3 0.286497 55.8762
      vertex 3.3 0.221894 55.3855
    endloop
  endfacet
  facet normal -1 0 0
    outer loop
      vertex 3.3 -0.286497 55.8762
      vertex 3.3 0 55.4
      vertex 3.3 -0.221894 55.3855
    endloop
  endfacet
  facet normal -1 0 0
    outer loop
      vertex 3.3 0 55.4
      vertex 3.3 -0.286497 55.8762
      vertex 3.3 0.286497 55.8762
    endloop
  endfacet
  facet normal -1 0 0
    outer loop
      vertex 3.3 -0.439992 55.3421
      vertex 3.3 -0.286497 55.8762
      vertex 3.3 -0.221894 55.3855
    endloop
  endfacet
  facet normal -1 0 0
    outer loop
      vertex 3.3 -0.839972 55.7279
      vertex 3.3 -0.439992 55.3421
      vertex 3.3 -0.650561 55.2706
    endloop
  endfacet
  facet normal -1 0 0
    outer loop
      vertex 3.3 -0.439992 55.3421
      vertex 3.3 -0.839972 55.7279
      vertex 3.3 -0.286497 55.8762
    endloop
  endfacet
  facet normal -1 0 0
    outer loop
      vertex 3.3 -0.849999 55.1722
      vertex 3.3 -0.839972 55.7279
      vertex 3.3 -0.650561 55.2706
    endloop
  endfacet
  facet normal -1 0 0
    outer loop
      vertex 3.3 -1.3362 55.4414
      vertex 3.3 -0.849999 55.1722
      vertex 3.3 -1.03489 55.0487
    endloop
  endfacet
  facet normal -1 0 0
    outer loop
      vertex 3.3 -1.3362 55.4414
      vertex 3.3 -1.03489 55.0487
      vertex 3.3 -1.20208 54.9021
    endloop
  endfacet
  facet normal -1 0 0
    outer loop
      vertex 3.3 -0.849999 55.1722
      vertex 3.3 -1.3362 55.4414
      vertex 3.3 -0.839972 55.7279
    endloop
  endfacet
  facet normal -1 0 0
    outer loop
      vertex 3.3 -1.74138 55.0362
      vertex 3.3 -1.20208 54.9021
      vertex 3.3 -1.3487 54.7349
    endloop
  endfacet
  facet normal -1 0 0
    outer loop
      vertex 3.3 -1.74138 55.0362
      vertex 3.3 -1.3487 54.7349
      vertex 3.3 -1.47224 54.55
    endloop
  endfacet
  facet normal -1 0 0
    outer loop
      vertex 3.3 -2.02787 54.54
      vertex 3.3 -1.47224 54.55
      vertex 3.3 -1.57059 54.3506
    endloop
  endfacet
  facet normal -1 0 0
    outer loop
      vertex 3.3 -2.02787 54.54
      vertex 3.3 -1.57059 54.3506
      vertex 3.3 -1.64207 54.14
    endloop
  endfacet
  facet normal -1 0 0
    outer loop
      vertex 3.3 -1.20208 54.9021
      vertex 3.3 -1.74138 55.0362
      vertex 3.3 -1.3362 55.4414
    endloop
  endfacet
  facet normal -1 0 0
    outer loop
      vertex 3.3 -2.17618 53.9865
      vertex 3.3 -1.64207 54.14
      vertex 3.3 -1.68546 53.9219
    endloop
  endfacet
  facet normal -1 0 0
    outer loop
      vertex 3.3 -2.17618 53.9865
      vertex 3.3 -1.68546 53.9219
      vertex 3.3 -1.7 53.7
    endloop
  endfacet
  facet normal -1 0 0
    outer loop
      vertex 3.3 -1.64207 53.26
      vertex 3.3 -2.17618 53.4135
      vertex 3.3 -1.68546 53.4781
    endloop
  endfacet
  facet normal -1 -0 0
    outer loop
      vertex 3.3 -1.68546 53.4781
      vertex 3.3 -2.17618 53.4135
      vertex 3.3 -1.7 53.7
    endloop
  endfacet
  facet normal -1 -0 0
    outer loop
      vertex 3.3 -1.47224 54.55
      vertex 3.3 -2.02787 54.54
      vertex 3.3 -1.74138 55.0362
    endloop
  endfacet
  facet normal -1 0 0
    outer loop
      vertex 3.3 -2.17618 53.9865
      vertex 3.3 -1.7 53.7
      vertex 3.3 -2.17618 53.4135
    endloop
  endfacet
  facet normal -1 -0 0
    outer loop
      vertex 3.3 -1.64207 54.14
      vertex 3.3 -2.17618 53.9865
      vertex 3.3 -2.02787 54.54
    endloop
  endfacet
  facet normal -0 0.442264 0.896885
    outer loop
      vertex 3.3 4 60.6282
      vertex 8.3 3.06147 61.091
      vertex 8.3 4 60.6282
    endloop
  endfacet
  facet normal 0 0.442264 0.896885
    outer loop
      vertex 8.3 3.06147 61.091
      vertex 3.3 4 60.6282
      vertex 3.3 3.06147 61.091
    endloop
  endfacet
  facet normal 0 0.751852 0.659332
    outer loop
      vertex 8.3 6.34683 58.5701
      vertex 3.3 5.65685 59.3569
      vertex 8.3 5.65685 59.3569
    endloop
  endfacet
  facet normal 0 0.751852 0.659332
    outer loop
      vertex 3.3 5.65685 59.3569
      vertex 8.3 6.34683 58.5701
      vertex 3.3 6.34683 58.5701
    endloop
  endfacet
  facet normal 0 0.896864 0.442306
    outer loop
      vertex 8.3 7.39104 56.7615
      vertex 3.3 6.9282 57.7
      vertex 8.3 6.9282 57.7
    endloop
  endfacet
  facet normal 0 0.896864 0.442306
    outer loop
      vertex 3.3 6.9282 57.7
      vertex 8.3 7.39104 56.7615
      vertex 3.3 7.39104 56.7615
    endloop
  endfacet
  facet normal -0 0.065364 0.997861
    outer loop
      vertex 3.3 1.04421 61.6316
      vertex 8.3 0 61.7
      vertex 8.3 1.04421 61.6316
    endloop
  endfacet
  facet normal 0 0.065364 0.997861
    outer loop
      vertex 8.3 0 61.7
      vertex 3.3 1.04421 61.6316
      vertex 3.3 0 61.7
    endloop
  endfacet
  facet normal 0 -0.831475 0.555562
    outer loop
      vertex 3.3 -6.9282 57.7
      vertex 8.3 -6.34683 58.5701
      vertex 3.3 -6.34683 58.5701
    endloop
  endfacet
  facet normal 0 -0.831475 0.555562
    outer loop
      vertex 8.3 -6.34683 58.5701
      vertex 3.3 -6.9282 57.7
      vertex 8.3 -6.9282 57.7
    endloop
  endfacet
  facet normal 0 -0.997859 0.0654027
    outer loop
      vertex 3.3 -8 53.7
      vertex 8.3 -7.93156 54.7442
      vertex 3.3 -7.93156 54.7442
    endloop
  endfacet
  facet normal 0 -0.997859 0.0654027
    outer loop
      vertex 8.3 -7.93156 54.7442
      vertex 3.3 -8 53.7
      vertex 8.3 -8 53.7
    endloop
  endfacet
  facet normal 0 0.946929 0.321444
    outer loop
      vertex 8.3 7.72741 55.7706
      vertex 3.3 7.39104 56.7615
      vertex 8.3 7.39104 56.7615
    endloop
  endfacet
  facet normal 0 0.946929 0.321444
    outer loop
      vertex 3.3 7.39104 56.7615
      vertex 8.3 7.72741 55.7706
      vertex 3.3 7.72741 55.7706
    endloop
  endfacet
  facet normal 0 -0.321463 0.946922
    outer loop
      vertex 3.3 -2.07055 61.4274
      vertex 8.3 -3.06147 61.091
      vertex 8.3 -2.07055 61.4274
    endloop
  endfacet
  facet normal 0 -0.321463 0.946922
    outer loop
      vertex 8.3 -3.06147 61.091
      vertex 3.3 -2.07055 61.4274
      vertex 3.3 -3.06147 61.091
    endloop
  endfacet
  facet normal -0 0.555586 0.831459
    outer loop
      vertex 3.3 4.87009 60.0468
      vertex 8.3 4 60.6282
      vertex 8.3 4.87009 60.0468
    endloop
  endfacet
  facet normal 0 0.555586 0.831459
    outer loop
      vertex 8.3 4 60.6282
      vertex 3.3 4.87009 60.0468
      vertex 3.3 4 60.6282
    endloop
  endfacet
  facet normal 0 -0.555586 0.831459
    outer loop
      vertex 3.3 -4 60.6282
      vertex 8.3 -4.87009 60.0468
      vertex 8.3 -4 60.6282
    endloop
  endfacet
  facet normal 0 -0.555586 0.831459
    outer loop
      vertex 8.3 -4.87009 60.0468
      vertex 3.3 -4 60.6282
      vertex 3.3 -4.87009 60.0468
    endloop
  endfacet
  facet normal 0 0.980788 0.195078
    outer loop
      vertex 8.3 7.93156 54.7442
      vertex 3.3 7.72741 55.7706
      vertex 8.3 7.72741 55.7706
    endloop
  endfacet
  facet normal 0 0.980788 0.195078
    outer loop
      vertex 3.3 7.72741 55.7706
      vertex 8.3 7.93156 54.7442
      vertex 3.3 7.93156 54.7442
    endloop
  endfacet
  facet normal -0 0.659308 0.751873
    outer loop
      vertex 3.3 5.65685 59.3569
      vertex 8.3 4.87009 60.0468
      vertex 8.3 5.65685 59.3569
    endloop
  endfacet
  facet normal 0 0.659308 0.751873
    outer loop
      vertex 8.3 4.87009 60.0468
      vertex 3.3 5.65685 59.3569
      vertex 3.3 4.87009 60.0468
    endloop
  endfacet
  facet normal 0 -0.442264 0.896885
    outer loop
      vertex 3.3 -3.06147 61.091
      vertex 8.3 -4 60.6282
      vertex 8.3 -3.06147 61.091
    endloop
  endfacet
  facet normal 0 -0.442264 0.896885
    outer loop
      vertex 8.3 -4 60.6282
      vertex 3.3 -3.06147 61.091
      vertex 3.3 -4 60.6282
    endloop
  endfacet
  facet normal 0 0.831475 0.555562
    outer loop
      vertex 8.3 6.9282 57.7
      vertex 3.3 6.34683 58.5701
      vertex 8.3 6.34683 58.5701
    endloop
  endfacet
  facet normal 0 0.831475 0.555562
    outer loop
      vertex 3.3 6.34683 58.5701
      vertex 8.3 6.9282 57.7
      vertex 3.3 6.9282 57.7
    endloop
  endfacet
  facet normal 0 -0.896864 0.442306
    outer loop
      vertex 3.3 -7.39104 56.7615
      vertex 8.3 -6.9282 57.7
      vertex 3.3 -6.9282 57.7
    endloop
  endfacet
  facet normal 0 -0.896864 0.442306
    outer loop
      vertex 8.3 -6.9282 57.7
      vertex 3.3 -7.39104 56.7615
      vertex 8.3 -7.39104 56.7615
    endloop
  endfacet
  facet normal 0 -0.980788 0.195078
    outer loop
      vertex 3.3 -7.93156 54.7442
      vertex 8.3 -7.72741 55.7706
      vertex 3.3 -7.72741 55.7706
    endloop
  endfacet
  facet normal 0 -0.980788 0.195078
    outer loop
      vertex 8.3 -7.72741 55.7706
      vertex 3.3 -7.93156 54.7442
      vertex 8.3 -7.93156 54.7442
    endloop
  endfacet
  facet normal -0 0.321463 0.946922
    outer loop
      vertex 3.3 3.06147 61.091
      vertex 8.3 2.07055 61.4274
      vertex 8.3 3.06147 61.091
    endloop
  endfacet
  facet normal 0 0.321463 0.946922
    outer loop
      vertex 8.3 2.07055 61.4274
      vertex 3.3 3.06147 61.091
      vertex 3.3 2.07055 61.4274
    endloop
  endfacet
  facet normal 0 -0.195135 0.980776
    outer loop
      vertex 3.3 -1.04421 61.6316
      vertex 8.3 -2.07055 61.4274
      vertex 8.3 -1.04421 61.6316
    endloop
  endfacet
  facet normal 0 -0.195135 0.980776
    outer loop
      vertex 8.3 -2.07055 61.4274
      vertex 3.3 -1.04421 61.6316
      vertex 3.3 -2.07055 61.4274
    endloop
  endfacet
  facet normal 0 -0.751852 0.659332
    outer loop
      vertex 3.3 -6.34683 58.5701
      vertex 8.3 -5.65685 59.3569
      vertex 3.3 -5.65685 59.3569
    endloop
  endfacet
  facet normal 0 -0.751852 0.659332
    outer loop
      vertex 8.3 -5.65685 59.3569
      vertex 3.3 -6.34683 58.5701
      vertex 8.3 -6.34683 58.5701
    endloop
  endfacet
  facet normal 0 0.997859 0.0654027
    outer loop
      vertex 8.3 8 53.7
      vertex 3.3 7.93156 54.7442
      vertex 8.3 7.93156 54.7442
    endloop
  endfacet
  facet normal 0 0.997859 0.0654027
    outer loop
      vertex 3.3 7.93156 54.7442
      vertex 8.3 8 53.7
      vertex 3.3 8 53.7
    endloop
  endfacet
  facet normal 0 -0.946929 0.321444
    outer loop
      vertex 3.3 -7.72741 55.7706
      vertex 8.3 -7.39104 56.7615
      vertex 3.3 -7.39104 56.7615
    endloop
  endfacet
  facet normal 0 -0.946929 0.321444
    outer loop
      vertex 8.3 -7.39104 56.7615
      vertex 3.3 -7.72741 55.7706
      vertex 8.3 -7.72741 55.7706
    endloop
  endfacet
  facet normal -0 0.195135 0.980776
    outer loop
      vertex 3.3 2.07055 61.4274
      vertex 8.3 1.04421 61.6316
      vertex 8.3 2.07055 61.4274
    endloop
  endfacet
  facet normal 0 0.195135 0.980776
    outer loop
      vertex 8.3 1.04421 61.6316
      vertex 3.3 2.07055 61.4274
      vertex 3.3 1.04421 61.6316
    endloop
  endfacet
  facet normal 0 -0.065364 0.997861
    outer loop
      vertex 3.3 0 61.7
      vertex 8.3 -1.04421 61.6316
      vertex 8.3 0 61.7
    endloop
  endfacet
  facet normal 0 -0.065364 0.997861
    outer loop
      vertex 8.3 -1.04421 61.6316
      vertex 3.3 0 61.7
      vertex 3.3 -1.04421 61.6316
    endloop
  endfacet
  facet normal 0 -0.659308 0.751873
    outer loop
      vertex 3.3 -4.87009 60.0468
      vertex 8.3 -5.65685 59.3569
      vertex 8.3 -4.87009 60.0468
    endloop
  endfacet
  facet normal 0 -0.659308 0.751873
    outer loop
      vertex 8.3 -5.65685 59.3569
      vertex 3.3 -4.87009 60.0468
      vertex 3.3 -5.65685 59.3569
    endloop
  endfacet
  facet normal 0 0.99786 0.0653848
    outer loop
      vertex -3.3 -1.68546 53.4781
      vertex -8.3 -1.7 53.7
      vertex -3.3 -1.7 53.7
    endloop
  endfacet
  facet normal 0 0.99786 0.0653848
    outer loop
      vertex -8.3 -1.7 53.7
      vertex -3.3 -1.68546 53.4781
      vertex -8.3 -1.68546 53.4781
    endloop
  endfacet
  facet normal 0 0.99786 0.0653848
    outer loop
      vertex 5.9 -1.68546 53.4781
      vertex 3.3 -1.7 53.7
      vertex 5.9 -1.7 53.7
    endloop
  endfacet
  facet normal 0 0.99786 0.0653848
    outer loop
      vertex 3.3 -1.7 53.7
      vertex 5.9 -1.68546 53.4781
      vertex 3.3 -1.68546 53.4781
    endloop
  endfacet
  facet normal 0 -0.751863 -0.659319
    outer loop
      vertex -8.3 1.3487 54.7349
      vertex -3.3 1.20208 54.9021
      vertex -8.3 1.20208 54.9021
    endloop
  endfacet
  facet normal 0 -0.751863 -0.659319
    outer loop
      vertex -3.3 1.20208 54.9021
      vertex -8.3 1.3487 54.7349
      vertex -3.3 1.3487 54.7349
    endloop
  endfacet
  facet normal 0 -0.751863 -0.659319
    outer loop
      vertex 3.3 1.3487 54.7349
      vertex 5.9 1.20208 54.9021
      vertex 3.3 1.20208 54.9021
    endloop
  endfacet
  facet normal 0 -0.751863 -0.659319
    outer loop
      vertex 5.9 1.20208 54.9021
      vertex 3.3 1.3487 54.7349
      vertex 5.9 1.3487 54.7349
    endloop
  endfacet
  facet normal 0 0.555445 -0.831553
    outer loop
      vertex -8.3 -1.03489 55.0487
      vertex -3.3 -0.849999 55.1722
      vertex -3.3 -1.03489 55.0487
    endloop
  endfacet
  facet normal 0 0.555445 -0.831553
    outer loop
      vertex -3.3 -0.849999 55.1722
      vertex -8.3 -1.03489 55.0487
      vertex -8.3 -0.849999 55.1722
    endloop
  endfacet
  facet normal 0 0.555445 -0.831553
    outer loop
      vertex 3.3 -1.03489 55.0487
      vertex 5.9 -0.849999 55.1722
      vertex 5.9 -1.03489 55.0487
    endloop
  endfacet
  facet normal 0 0.555445 -0.831553
    outer loop
      vertex 5.9 -0.849999 55.1722
      vertex 3.3 -1.03489 55.0487
      vertex 3.3 -0.849999 55.1722
    endloop
  endfacet
  facet normal 0 -0.0652074 0.997872
    outer loop
      vertex -8.3 0.221894 52.0145
      vertex -3.3 0 52
      vertex -3.3 0.221894 52.0145
    endloop
  endfacet
  facet normal 0 -0.0652074 0.997872
    outer loop
      vertex -3.3 0 52
      vertex -8.3 0.221894 52.0145
      vertex -8.3 0 52
    endloop
  endfacet
  facet normal 0 -0.0652074 0.997872
    outer loop
      vertex 3.3 0.221894 52.0145
      vertex 5.9 0 52
      vertex 5.9 0.221894 52.0145
    endloop
  endfacet
  facet normal 0 -0.0652074 0.997872
    outer loop
      vertex 5.9 0 52
      vertex 3.3 0.221894 52.0145
      vertex 3.3 0 52
    endloop
  endfacet
  facet normal 0 -0.751863 0.659319
    outer loop
      vertex -8.3 1.20208 52.4979
      vertex -3.3 1.3487 52.6651
      vertex -8.3 1.3487 52.6651
    endloop
  endfacet
  facet normal 0 -0.751863 0.659319
    outer loop
      vertex -3.3 1.3487 52.6651
      vertex -8.3 1.20208 52.4979
      vertex -3.3 1.20208 52.4979
    endloop
  endfacet
  facet normal 0 -0.751863 0.659319
    outer loop
      vertex 3.3 1.20208 52.4979
      vertex 5.9 1.3487 52.6651
      vertex 3.3 1.3487 52.6651
    endloop
  endfacet
  facet normal 0 -0.751863 0.659319
    outer loop
      vertex 5.9 1.3487 52.6651
      vertex 3.3 1.20208 52.4979
      vertex 5.9 1.20208 52.4979
    endloop
  endfacet
  facet normal 0 -0.946943 0.321403
    outer loop
      vertex -8.3 1.57059 53.0494
      vertex -3.3 1.64207 53.26
      vertex -8.3 1.64207 53.26
    endloop
  endfacet
  facet normal 0 -0.946943 0.321403
    outer loop
      vertex -3.3 1.64207 53.26
      vertex -8.3 1.57059 53.0494
      vertex -3.3 1.57059 53.0494
    endloop
  endfacet
  facet normal 0 -0.946943 0.321403
    outer loop
      vertex 3.3 1.57059 53.0494
      vertex 5.9 1.64207 53.26
      vertex 3.3 1.64207 53.26
    endloop
  endfacet
  facet normal 0 -0.946943 0.321403
    outer loop
      vertex 5.9 1.64207 53.26
      vertex 3.3 1.57059 53.0494
      vertex 5.9 1.57059 53.0494
    endloop
  endfacet
  facet normal -0 0.321526 0.946901
    outer loop
      vertex -8.3 -0.439992 52.0579
      vertex -3.3 -0.650561 52.1294
      vertex -3.3 -0.439992 52.0579
    endloop
  endfacet
  facet normal 0 0.321526 0.946901
    outer loop
      vertex -3.3 -0.650561 52.1294
      vertex -8.3 -0.439992 52.0579
      vertex -8.3 -0.650561 52.1294
    endloop
  endfacet
  facet normal -0 0.321526 0.946901
    outer loop
      vertex 3.3 -0.439992 52.0579
      vertex 5.9 -0.650561 52.1294
      vertex 5.9 -0.439992 52.0579
    endloop
  endfacet
  facet normal 0 0.321526 0.946901
    outer loop
      vertex 5.9 -0.650561 52.1294
      vertex 3.3 -0.439992 52.0579
      vertex 3.3 -0.650561 52.1294
    endloop
  endfacet
  facet normal 0 0.321526 -0.946901
    outer loop
      vertex -8.3 -0.650561 55.2706
      vertex -3.3 -0.439992 55.3421
      vertex -3.3 -0.650561 55.2706
    endloop
  endfacet
  facet normal 0 0.321526 -0.946901
    outer loop
      vertex -3.3 -0.439992 55.3421
      vertex -8.3 -0.650561 55.2706
      vertex -8.3 -0.439992 55.3421
    endloop
  endfacet
  facet normal 0 0.321526 -0.946901
    outer loop
      vertex 3.3 -0.650561 55.2706
      vertex 5.9 -0.439992 55.3421
      vertex 5.9 -0.650561 55.2706
    endloop
  endfacet
  facet normal 0 0.321526 -0.946901
    outer loop
      vertex 5.9 -0.439992 55.3421
      vertex 3.3 -0.650561 55.2706
      vertex 3.3 -0.439992 55.3421
    endloop
  endfacet
  facet normal -0 0.659291 0.751888
    outer loop
      vertex -8.3 -1.03489 52.3513
      vertex -3.3 -1.20208 52.4979
      vertex -3.3 -1.03489 52.3513
    endloop
  endfacet
  facet normal 0 0.659291 0.751888
    outer loop
      vertex -3.3 -1.20208 52.4979
      vertex -8.3 -1.03489 52.3513
      vertex -8.3 -1.20208 52.4979
    endloop
  endfacet
  facet normal -0 0.659291 0.751888
    outer loop
      vertex 3.3 -1.03489 52.3513
      vertex 5.9 -1.20208 52.4979
      vertex 5.9 -1.03489 52.3513
    endloop
  endfacet
  facet normal 0 0.659291 0.751888
    outer loop
      vertex 5.9 -1.20208 52.4979
      vertex 3.3 -1.03489 52.3513
      vertex 3.3 -1.20208 52.4979
    endloop
  endfacet
  facet normal 0 -0.980779 0.195122
    outer loop
      vertex -8.3 1.64207 53.26
      vertex -3.3 1.68546 53.4781
      vertex -8.3 1.68546 53.4781
    endloop
  endfacet
  facet normal 0 -0.980779 0.195122
    outer loop
      vertex -3.3 1.68546 53.4781
      vertex -8.3 1.64207 53.26
      vertex -3.3 1.64207 53.26
    endloop
  endfacet
  facet normal 0 -0.980779 0.195122
    outer loop
      vertex 3.3 1.64207 53.26
      vertex 5.9 1.68546 53.4781
      vertex 3.3 1.68546 53.4781
    endloop
  endfacet
  facet normal 0 -0.980779 0.195122
    outer loop
      vertex 5.9 1.68546 53.4781
      vertex 3.3 1.64207 53.26
      vertex 5.9 1.64207 53.26
    endloop
  endfacet
  facet normal 0 0.442463 -0.896787
    outer loop
      vertex -8.3 -0.849999 55.1722
      vertex -3.3 -0.650561 55.2706
      vertex -3.3 -0.849999 55.1722
    endloop
  endfacet
  facet normal 0 0.442463 -0.896787
    outer loop
      vertex -3.3 -0.650561 55.2706
      vertex -8.3 -0.849999 55.1722
      vertex -8.3 -0.650561 55.2706
    endloop
  endfacet
  facet normal 0 0.442463 -0.896787
    outer loop
      vertex 3.3 -0.849999 55.1722
      vertex 5.9 -0.650561 55.2706
      vertex 5.9 -0.849999 55.1722
    endloop
  endfacet
  facet normal 0 0.442463 -0.896787
    outer loop
      vertex 5.9 -0.650561 55.2706
      vertex 3.3 -0.849999 55.1722
      vertex 3.3 -0.650561 55.2706
    endloop
  endfacet
  facet normal 0 0.946943 0.321403
    outer loop
      vertex -3.3 -1.57059 53.0494
      vertex -8.3 -1.64207 53.26
      vertex -3.3 -1.64207 53.26
    endloop
  endfacet
  facet normal 0 0.946943 0.321403
    outer loop
      vertex -8.3 -1.64207 53.26
      vertex -3.3 -1.57059 53.0494
      vertex -8.3 -1.57059 53.0494
    endloop
  endfacet
  facet normal 0 0.946943 0.321403
    outer loop
      vertex 5.9 -1.57059 53.0494
      vertex 3.3 -1.64207 53.26
      vertex 5.9 -1.64207 53.26
    endloop
  endfacet
  facet normal 0 0.946943 0.321403
    outer loop
      vertex 3.3 -1.64207 53.26
      vertex 5.9 -1.57059 53.0494
      vertex 3.3 -1.57059 53.0494
    endloop
  endfacet
  facet normal 0 0.99786 -0.0653848
    outer loop
      vertex -3.3 -1.7 53.7
      vertex -8.3 -1.68546 53.9219
      vertex -3.3 -1.68546 53.9219
    endloop
  endfacet
  facet normal 0 0.99786 -0.0653848
    outer loop
      vertex -8.3 -1.68546 53.9219
      vertex -3.3 -1.7 53.7
      vertex -8.3 -1.7 53.7
    endloop
  endfacet
  facet normal 0 0.99786 -0.0653848
    outer loop
      vertex 5.9 -1.7 53.7
      vertex 3.3 -1.68546 53.9219
      vertex 5.9 -1.68546 53.9219
    endloop
  endfacet
  facet normal 0 0.99786 -0.0653848
    outer loop
      vertex 3.3 -1.68546 53.9219
      vertex 5.9 -1.7 53.7
      vertex 3.3 -1.7 53.7
    endloop
  endfacet
  facet normal 0 -0.946943 -0.321403
    outer loop
      vertex -8.3 1.64207 54.14
      vertex -3.3 1.57059 54.3506
      vertex -8.3 1.57059 54.3506
    endloop
  endfacet
  facet normal 0 -0.946943 -0.321403
    outer loop
      vertex -3.3 1.57059 54.3506
      vertex -8.3 1.64207 54.14
      vertex -3.3 1.64207 54.14
    endloop
  endfacet
  facet normal 0 -0.946943 -0.321403
    outer loop
      vertex 3.3 1.64207 54.14
      vertex 5.9 1.57059 54.3506
      vertex 3.3 1.57059 54.3506
    endloop
  endfacet
  facet normal 0 -0.946943 -0.321403
    outer loop
      vertex 5.9 1.57059 54.3506
      vertex 3.3 1.64207 54.14
      vertex 5.9 1.64207 54.14
    endloop
  endfacet
  facet normal 0 -0.659291 -0.751888
    outer loop
      vertex -8.3 1.03489 55.0487
      vertex -3.3 1.20208 54.9021
      vertex -3.3 1.03489 55.0487
    endloop
  endfacet
  facet normal -0 -0.659291 -0.751888
    outer loop
      vertex -3.3 1.20208 54.9021
      vertex -8.3 1.03489 55.0487
      vertex -8.3 1.20208 54.9021
    endloop
  endfacet
  facet normal 0 -0.659291 -0.751888
    outer loop
      vertex 3.3 1.03489 55.0487
      vertex 5.9 1.20208 54.9021
      vertex 5.9 1.03489 55.0487
    endloop
  endfacet
  facet normal -0 -0.659291 -0.751888
    outer loop
      vertex 5.9 1.20208 54.9021
      vertex 3.3 1.03489 55.0487
      vertex 3.3 1.20208 54.9021
    endloop
  endfacet
  facet normal 0 0.896843 -0.442349
    outer loop
      vertex -3.3 -1.57059 54.3506
      vertex -8.3 -1.47224 54.55
      vertex -3.3 -1.47224 54.55
    endloop
  endfacet
  facet normal 0 0.896843 -0.442349
    outer loop
      vertex -8.3 -1.47224 54.55
      vertex -3.3 -1.57059 54.3506
      vertex -8.3 -1.57059 54.3506
    endloop
  endfacet
  facet normal 0 0.896843 -0.442349
    outer loop
      vertex 5.9 -1.57059 54.3506
      vertex 3.3 -1.47224 54.55
      vertex 5.9 -1.47224 54.55
    endloop
  endfacet
  facet normal 0 0.896843 -0.442349
    outer loop
      vertex 3.3 -1.47224 54.55
      vertex 5.9 -1.57059 54.3506
      vertex 3.3 -1.57059 54.3506
    endloop
  endfacet
  facet normal 0 -0.99786 -0.0653848
    outer loop
      vertex -8.3 1.7 53.7
      vertex -3.3 1.68546 53.9219
      vertex -8.3 1.68546 53.9219
    endloop
  endfacet
  facet normal 0 -0.99786 -0.0653848
    outer loop
      vertex -3.3 1.68546 53.9219
      vertex -8.3 1.7 53.7
      vertex -3.3 1.7 53.7
    endloop
  endfacet
  facet normal 0 -0.99786 -0.0653848
    outer loop
      vertex 3.3 1.7 53.7
      vertex 5.9 1.68546 53.9219
      vertex 3.3 1.68546 53.9219
    endloop
  endfacet
  facet normal 0 -0.99786 -0.0653848
    outer loop
      vertex 5.9 1.68546 53.9219
      vertex 3.3 1.7 53.7
      vertex 5.9 1.7 53.7
    endloop
  endfacet
  facet normal 0 -0.195167 0.98077
    outer loop
      vertex -8.3 0.439992 52.0579
      vertex -3.3 0.221894 52.0145
      vertex -3.3 0.439992 52.0579
    endloop
  endfacet
  facet normal 0 -0.195167 0.98077
    outer loop
      vertex -3.3 0.221894 52.0145
      vertex -8.3 0.439992 52.0579
      vertex -8.3 0.221894 52.0145
    endloop
  endfacet
  facet normal 0 -0.195167 0.98077
    outer loop
      vertex 3.3 0.439992 52.0579
      vertex 5.9 0.221894 52.0145
      vertex 5.9 0.439992 52.0579
    endloop
  endfacet
  facet normal 0 -0.195167 0.98077
    outer loop
      vertex 5.9 0.221894 52.0145
      vertex 3.3 0.439992 52.0579
      vertex 3.3 0.221894 52.0145
    endloop
  endfacet
  facet normal -0 0.442463 0.896787
    outer loop
      vertex -8.3 -0.650561 52.1294
      vertex -3.3 -0.849999 52.2278
      vertex -3.3 -0.650561 52.1294
    endloop
  endfacet
  facet normal 0 0.442463 0.896787
    outer loop
      vertex -3.3 -0.849999 52.2278
      vertex -8.3 -0.650561 52.1294
      vertex -8.3 -0.849999 52.2278
    endloop
  endfacet
  facet normal -0 0.442463 0.896787
    outer loop
      vertex 3.3 -0.650561 52.1294
      vertex 5.9 -0.849999 52.2278
      vertex 5.9 -0.650561 52.1294
    endloop
  endfacet
  facet normal 0 0.442463 0.896787
    outer loop
      vertex 5.9 -0.849999 52.2278
      vertex 3.3 -0.650561 52.1294
      vertex 3.3 -0.849999 52.2278
    endloop
  endfacet
  facet normal 0 0.831483 0.555551
    outer loop
      vertex -3.3 -1.3487 52.6651
      vertex -8.3 -1.47224 52.85
      vertex -3.3 -1.47224 52.85
    endloop
  endfacet
  facet normal 0 0.831483 0.555551
    outer loop
      vertex -8.3 -1.47224 52.85
      vertex -3.3 -1.3487 52.6651
      vertex -8.3 -1.3487 52.6651
    endloop
  endfacet
  facet normal 0 0.831483 0.555551
    outer loop
      vertex 5.9 -1.3487 52.6651
      vertex 3.3 -1.47224 52.85
      vertex 5.9 -1.47224 52.85
    endloop
  endfacet
  facet normal 0 0.831483 0.555551
    outer loop
      vertex 3.3 -1.47224 52.85
      vertex 5.9 -1.3487 52.6651
      vertex 3.3 -1.3487 52.6651
    endloop
  endfacet
  facet normal 0 -0.555445 0.831553
    outer loop
      vertex -8.3 1.03489 52.3513
      vertex -3.3 0.849999 52.2278
      vertex -3.3 1.03489 52.3513
    endloop
  endfacet
  facet normal 0 -0.555445 0.831553
    outer loop
      vertex -3.3 0.849999 52.2278
      vertex -8.3 1.03489 52.3513
      vertex -8.3 0.849999 52.2278
    endloop
  endfacet
  facet normal 0 -0.555445 0.831553
    outer loop
      vertex 3.3 1.03489 52.3513
      vertex 5.9 0.849999 52.2278
      vertex 5.9 1.03489 52.3513
    endloop
  endfacet
  facet normal 0 -0.555445 0.831553
    outer loop
      vertex 5.9 0.849999 52.2278
      vertex 3.3 1.03489 52.3513
      vertex 3.3 0.849999 52.2278
    endloop
  endfacet
  facet normal -0 0.0652074 0.997872
    outer loop
      vertex -8.3 0 52
      vertex -3.3 -0.221894 52.0145
      vertex -3.3 0 52
    endloop
  endfacet
  facet normal 0 0.0652074 0.997872
    outer loop
      vertex -3.3 -0.221894 52.0145
      vertex -8.3 0 52
      vertex -8.3 -0.221894 52.0145
    endloop
  endfacet
  facet normal -0 0.0652074 0.997872
    outer loop
      vertex 3.3 0 52
      vertex 5.9 -0.221894 52.0145
      vertex 5.9 0 52
    endloop
  endfacet
  facet normal 0 0.0652074 0.997872
    outer loop
      vertex 5.9 -0.221894 52.0145
      vertex 3.3 0 52
      vertex 3.3 -0.221894 52.0145
    endloop
  endfacet
  facet normal 0 -0.831483 0.555551
    outer loop
      vertex -8.3 1.3487 52.6651
      vertex -3.3 1.47224 52.85
      vertex -8.3 1.47224 52.85
    endloop
  endfacet
  facet normal 0 -0.831483 0.555551
    outer loop
      vertex -3.3 1.47224 52.85
      vertex -8.3 1.3487 52.6651
      vertex -3.3 1.3487 52.6651
    endloop
  endfacet
  facet normal 0 -0.831483 0.555551
    outer loop
      vertex 3.3 1.3487 52.6651
      vertex 5.9 1.47224 52.85
      vertex 3.3 1.47224 52.85
    endloop
  endfacet
  facet normal 0 -0.831483 0.555551
    outer loop
      vertex 5.9 1.47224 52.85
      vertex 3.3 1.3487 52.6651
      vertex 5.9 1.3487 52.6651
    endloop
  endfacet
  facet normal 0 -0.442463 0.896787
    outer loop
      vertex -8.3 0.849999 52.2278
      vertex -3.3 0.650561 52.1294
      vertex -3.3 0.849999 52.2278
    endloop
  endfacet
  facet normal 0 -0.442463 0.896787
    outer loop
      vertex -3.3 0.650561 52.1294
      vertex -8.3 0.849999 52.2278
      vertex -8.3 0.650561 52.1294
    endloop
  endfacet
  facet normal 0 -0.442463 0.896787
    outer loop
      vertex 3.3 0.849999 52.2278
      vertex 5.9 0.650561 52.1294
      vertex 5.9 0.849999 52.2278
    endloop
  endfacet
  facet normal 0 -0.442463 0.896787
    outer loop
      vertex 5.9 0.650561 52.1294
      vertex 3.3 0.849999 52.2278
      vertex 3.3 0.650561 52.1294
    endloop
  endfacet
  facet normal 0 -0.980779 -0.195122
    outer loop
      vertex -8.3 1.68546 53.9219
      vertex -3.3 1.64207 54.14
      vertex -8.3 1.64207 54.14
    endloop
  endfacet
  facet normal 0 -0.980779 -0.195122
    outer loop
      vertex -3.3 1.64207 54.14
      vertex -8.3 1.68546 53.9219
      vertex -3.3 1.68546 53.9219
    endloop
  endfacet
  facet normal 0 -0.980779 -0.195122
    outer loop
      vertex 3.3 1.68546 53.9219
      vertex 5.9 1.64207 54.14
      vertex 3.3 1.64207 54.14
    endloop
  endfacet
  facet normal 0 -0.980779 -0.195122
    outer loop
      vertex 5.9 1.64207 54.14
      vertex 3.3 1.68546 53.9219
      vertex 5.9 1.68546 53.9219
    endloop
  endfacet
  facet normal 0 0.751863 0.659319
    outer loop
      vertex -3.3 -1.20208 52.4979
      vertex -8.3 -1.3487 52.6651
      vertex -3.3 -1.3487 52.6651
    endloop
  endfacet
  facet normal 0 0.751863 0.659319
    outer loop
      vertex -8.3 -1.3487 52.6651
      vertex -3.3 -1.20208 52.4979
      vertex -8.3 -1.20208 52.4979
    endloop
  endfacet
  facet normal 0 0.751863 0.659319
    outer loop
      vertex 5.9 -1.20208 52.4979
      vertex 3.3 -1.3487 52.6651
      vertex 5.9 -1.3487 52.6651
    endloop
  endfacet
  facet normal 0 0.751863 0.659319
    outer loop
      vertex 3.3 -1.3487 52.6651
      vertex 5.9 -1.20208 52.4979
      vertex 3.3 -1.20208 52.4979
    endloop
  endfacet
  facet normal 0 -0.442463 -0.896787
    outer loop
      vertex -8.3 0.650561 55.2706
      vertex -3.3 0.849999 55.1722
      vertex -3.3 0.650561 55.2706
    endloop
  endfacet
  facet normal -0 -0.442463 -0.896787
    outer loop
      vertex -3.3 0.849999 55.1722
      vertex -8.3 0.650561 55.2706
      vertex -8.3 0.849999 55.1722
    endloop
  endfacet
  facet normal 0 -0.442463 -0.896787
    outer loop
      vertex 3.3 0.650561 55.2706
      vertex 5.9 0.849999 55.1722
      vertex 5.9 0.650561 55.2706
    endloop
  endfacet
  facet normal -0 -0.442463 -0.896787
    outer loop
      vertex 5.9 0.849999 55.1722
      vertex 3.3 0.650561 55.2706
      vertex 3.3 0.849999 55.1722
    endloop
  endfacet
  facet normal -0 0.195167 0.98077
    outer loop
      vertex -8.3 -0.221894 52.0145
      vertex -3.3 -0.439992 52.0579
      vertex -3.3 -0.221894 52.0145
    endloop
  endfacet
  facet normal 0 0.195167 0.98077
    outer loop
      vertex -3.3 -0.439992 52.0579
      vertex -8.3 -0.221894 52.0145
      vertex -8.3 -0.439992 52.0579
    endloop
  endfacet
  facet normal -0 0.195167 0.98077
    outer loop
      vertex 3.3 -0.221894 52.0145
      vertex 5.9 -0.439992 52.0579
      vertex 5.9 -0.221894 52.0145
    endloop
  endfacet
  facet normal 0 0.195167 0.98077
    outer loop
      vertex 5.9 -0.439992 52.0579
      vertex 3.3 -0.221894 52.0145
      vertex 3.3 -0.439992 52.0579
    endloop
  endfacet
  facet normal 0 0.980779 0.195122
    outer loop
      vertex -3.3 -1.64207 53.26
      vertex -8.3 -1.68546 53.4781
      vertex -3.3 -1.68546 53.4781
    endloop
  endfacet
  facet normal 0 0.980779 0.195122
    outer loop
      vertex -8.3 -1.68546 53.4781
      vertex -3.3 -1.64207 53.26
      vertex -8.3 -1.64207 53.26
    endloop
  endfacet
  facet normal 0 0.980779 0.195122
    outer loop
      vertex 5.9 -1.64207 53.26
      vertex 3.3 -1.68546 53.4781
      vertex 5.9 -1.68546 53.4781
    endloop
  endfacet
  facet normal 0 0.980779 0.195122
    outer loop
      vertex 3.3 -1.68546 53.4781
      vertex 5.9 -1.64207 53.26
      vertex 3.3 -1.64207 53.26
    endloop
  endfacet
  facet normal 0 0.946943 -0.321403
    outer loop
      vertex -3.3 -1.64207 54.14
      vertex -8.3 -1.57059 54.3506
      vertex -3.3 -1.57059 54.3506
    endloop
  endfacet
  facet normal 0 0.946943 -0.321403
    outer loop
      vertex -8.3 -1.57059 54.3506
      vertex -3.3 -1.64207 54.14
      vertex -8.3 -1.64207 54.14
    endloop
  endfacet
  facet normal 0 0.946943 -0.321403
    outer loop
      vertex 5.9 -1.64207 54.14
      vertex 3.3 -1.57059 54.3506
      vertex 5.9 -1.57059 54.3506
    endloop
  endfacet
  facet normal 0 0.946943 -0.321403
    outer loop
      vertex 3.3 -1.57059 54.3506
      vertex 5.9 -1.64207 54.14
      vertex 3.3 -1.64207 54.14
    endloop
  endfacet
  facet normal 0 0.751863 -0.659319
    outer loop
      vertex -3.3 -1.3487 54.7349
      vertex -8.3 -1.20208 54.9021
      vertex -3.3 -1.20208 54.9021
    endloop
  endfacet
  facet normal 0 0.751863 -0.659319
    outer loop
      vertex -8.3 -1.20208 54.9021
      vertex -3.3 -1.3487 54.7349
      vertex -8.3 -1.3487 54.7349
    endloop
  endfacet
  facet normal 0 0.751863 -0.659319
    outer loop
      vertex 5.9 -1.3487 54.7349
      vertex 3.3 -1.20208 54.9021
      vertex 5.9 -1.20208 54.9021
    endloop
  endfacet
  facet normal 0 0.751863 -0.659319
    outer loop
      vertex 3.3 -1.20208 54.9021
      vertex 5.9 -1.3487 54.7349
      vertex 3.3 -1.3487 54.7349
    endloop
  endfacet
  facet normal 0 -0.659291 0.751888
    outer loop
      vertex -8.3 1.20208 52.4979
      vertex -3.3 1.03489 52.3513
      vertex -3.3 1.20208 52.4979
    endloop
  endfacet
  facet normal 0 -0.659291 0.751888
    outer loop
      vertex -3.3 1.03489 52.3513
      vertex -8.3 1.20208 52.4979
      vertex -8.3 1.03489 52.3513
    endloop
  endfacet
  facet normal 0 -0.659291 0.751888
    outer loop
      vertex 3.3 1.20208 52.4979
      vertex 5.9 1.03489 52.3513
      vertex 5.9 1.20208 52.4979
    endloop
  endfacet
  facet normal 0 -0.659291 0.751888
    outer loop
      vertex 5.9 1.03489 52.3513
      vertex 3.3 1.20208 52.4979
      vertex 3.3 1.03489 52.3513
    endloop
  endfacet
  facet normal 0 0.659291 -0.751888
    outer loop
      vertex -8.3 -1.20208 54.9021
      vertex -3.3 -1.03489 55.0487
      vertex -3.3 -1.20208 54.9021
    endloop
  endfacet
  facet normal 0 0.659291 -0.751888
    outer loop
      vertex -3.3 -1.03489 55.0487
      vertex -8.3 -1.20208 54.9021
      vertex -8.3 -1.03489 55.0487
    endloop
  endfacet
  facet normal 0 0.659291 -0.751888
    outer loop
      vertex 3.3 -1.20208 54.9021
      vertex 5.9 -1.03489 55.0487
      vertex 5.9 -1.20208 54.9021
    endloop
  endfacet
  facet normal 0 0.659291 -0.751888
    outer loop
      vertex 5.9 -1.03489 55.0487
      vertex 3.3 -1.20208 54.9021
      vertex 3.3 -1.03489 55.0487
    endloop
  endfacet
  facet normal 0 -0.99786 0.0653848
    outer loop
      vertex -8.3 1.68546 53.4781
      vertex -3.3 1.7 53.7
      vertex -8.3 1.7 53.7
    endloop
  endfacet
  facet normal 0 -0.99786 0.0653848
    outer loop
      vertex -3.3 1.7 53.7
      vertex -8.3 1.68546 53.4781
      vertex -3.3 1.68546 53.4781
    endloop
  endfacet
  facet normal 0 -0.99786 0.0653848
    outer loop
      vertex 3.3 1.68546 53.4781
      vertex 5.9 1.7 53.7
      vertex 3.3 1.7 53.7
    endloop
  endfacet
  facet normal 0 -0.99786 0.0653848
    outer loop
      vertex 5.9 1.7 53.7
      vertex 3.3 1.68546 53.4781
      vertex 5.9 1.68546 53.4781
    endloop
  endfacet
  facet normal -0 0.555445 0.831553
    outer loop
      vertex -8.3 -0.849999 52.2278
      vertex -3.3 -1.03489 52.3513
      vertex -3.3 -0.849999 52.2278
    endloop
  endfacet
  facet normal 0 0.555445 0.831553
    outer loop
      vertex -3.3 -1.03489 52.3513
      vertex -8.3 -0.849999 52.2278
      vertex -8.3 -1.03489 52.3513
    endloop
  endfacet
  facet normal -0 0.555445 0.831553
    outer loop
      vertex 3.3 -0.849999 52.2278
      vertex 5.9 -1.03489 52.3513
      vertex 5.9 -0.849999 52.2278
    endloop
  endfacet
  facet normal 0 0.555445 0.831553
    outer loop
      vertex 5.9 -1.03489 52.3513
      vertex 3.3 -0.849999 52.2278
      vertex 3.3 -1.03489 52.3513
    endloop
  endfacet
  facet normal 0 0.980779 -0.195122
    outer loop
      vertex -3.3 -1.68546 53.9219
      vertex -8.3 -1.64207 54.14
      vertex -3.3 -1.64207 54.14
    endloop
  endfacet
  facet normal 0 0.980779 -0.195122
    outer loop
      vertex -8.3 -1.64207 54.14
      vertex -3.3 -1.68546 53.9219
      vertex -8.3 -1.68546 53.9219
    endloop
  endfacet
  facet normal 0 0.980779 -0.195122
    outer loop
      vertex 5.9 -1.68546 53.9219
      vertex 3.3 -1.64207 54.14
      vertex 5.9 -1.64207 54.14
    endloop
  endfacet
  facet normal 0 0.980779 -0.195122
    outer loop
      vertex 3.3 -1.64207 54.14
      vertex 5.9 -1.68546 53.9219
      vertex 3.3 -1.68546 53.9219
    endloop
  endfacet
  facet normal 0 0.0652074 -0.997872
    outer loop
      vertex -8.3 -0.221894 55.3855
      vertex -3.3 0 55.4
      vertex -3.3 -0.221894 55.3855
    endloop
  endfacet
  facet normal 0 0.0652074 -0.997872
    outer loop
      vertex -3.3 0 55.4
      vertex -8.3 -0.221894 55.3855
      vertex -8.3 0 55.4
    endloop
  endfacet
  facet normal 0 0.0652074 -0.997872
    outer loop
      vertex 3.3 -0.221894 55.3855
      vertex 5.9 0 55.4
      vertex 5.9 -0.221894 55.3855
    endloop
  endfacet
  facet normal 0 0.0652074 -0.997872
    outer loop
      vertex 5.9 0 55.4
      vertex 3.3 -0.221894 55.3855
      vertex 3.3 0 55.4
    endloop
  endfacet
  facet normal 0 0.896843 0.442349
    outer loop
      vertex -3.3 -1.47224 52.85
      vertex -8.3 -1.57059 53.0494
      vertex -3.3 -1.57059 53.0494
    endloop
  endfacet
  facet normal 0 0.896843 0.442349
    outer loop
      vertex -8.3 -1.57059 53.0494
      vertex -3.3 -1.47224 52.85
      vertex -8.3 -1.47224 52.85
    endloop
  endfacet
  facet normal 0 0.896843 0.442349
    outer loop
      vertex 5.9 -1.47224 52.85
      vertex 3.3 -1.57059 53.0494
      vertex 5.9 -1.57059 53.0494
    endloop
  endfacet
  facet normal 0 0.896843 0.442349
    outer loop
      vertex 3.3 -1.57059 53.0494
      vertex 5.9 -1.47224 52.85
      vertex 3.3 -1.47224 52.85
    endloop
  endfacet
  facet normal 0 -0.195167 -0.98077
    outer loop
      vertex -8.3 0.221894 55.3855
      vertex -3.3 0.439992 55.3421
      vertex -3.3 0.221894 55.3855
    endloop
  endfacet
  facet normal -0 -0.195167 -0.98077
    outer loop
      vertex -3.3 0.439992 55.3421
      vertex -8.3 0.221894 55.3855
      vertex -8.3 0.439992 55.3421
    endloop
  endfacet
  facet normal 0 -0.195167 -0.98077
    outer loop
      vertex 3.3 0.221894 55.3855
      vertex 5.9 0.439992 55.3421
      vertex 5.9 0.221894 55.3855
    endloop
  endfacet
  facet normal -0 -0.195167 -0.98077
    outer loop
      vertex 5.9 0.439992 55.3421
      vertex 3.3 0.221894 55.3855
      vertex 3.3 0.439992 55.3421
    endloop
  endfacet
  facet normal 0 -0.321526 -0.946901
    outer loop
      vertex -8.3 0.439992 55.3421
      vertex -3.3 0.650561 55.2706
      vertex -3.3 0.439992 55.3421
    endloop
  endfacet
  facet normal -0 -0.321526 -0.946901
    outer loop
      vertex -3.3 0.650561 55.2706
      vertex -8.3 0.439992 55.3421
      vertex -8.3 0.650561 55.2706
    endloop
  endfacet
  facet normal 0 -0.321526 -0.946901
    outer loop
      vertex 3.3 0.439992 55.3421
      vertex 5.9 0.650561 55.2706
      vertex 5.9 0.439992 55.3421
    endloop
  endfacet
  facet normal -0 -0.321526 -0.946901
    outer loop
      vertex 5.9 0.650561 55.2706
      vertex 3.3 0.439992 55.3421
      vertex 3.3 0.650561 55.2706
    endloop
  endfacet
  facet normal 0 -0.831483 -0.555551
    outer loop
      vertex -8.3 1.47224 54.55
      vertex -3.3 1.3487 54.7349
      vertex -8.3 1.3487 54.7349
    endloop
  endfacet
  facet normal 0 -0.831483 -0.555551
    outer loop
      vertex -3.3 1.3487 54.7349
      vertex -8.3 1.47224 54.55
      vertex -3.3 1.47224 54.55
    endloop
  endfacet
  facet normal 0 -0.831483 -0.555551
    outer loop
      vertex 3.3 1.47224 54.55
      vertex 5.9 1.3487 54.7349
      vertex 3.3 1.3487 54.7349
    endloop
  endfacet
  facet normal 0 -0.831483 -0.555551
    outer loop
      vertex 5.9 1.3487 54.7349
      vertex 3.3 1.47224 54.55
      vertex 5.9 1.47224 54.55
    endloop
  endfacet
  facet normal 0 -0.896843 0.442349
    outer loop
      vertex -8.3 1.47224 52.85
      vertex -3.3 1.57059 53.0494
      vertex -8.3 1.57059 53.0494
    endloop
  endfacet
  facet normal 0 -0.896843 0.442349
    outer loop
      vertex -3.3 1.57059 53.0494
      vertex -8.3 1.47224 52.85
      vertex -3.3 1.47224 52.85
    endloop
  endfacet
  facet normal 0 -0.896843 0.442349
    outer loop
      vertex 3.3 1.47224 52.85
      vertex 5.9 1.57059 53.0494
      vertex 3.3 1.57059 53.0494
    endloop
  endfacet
  facet normal 0 -0.896843 0.442349
    outer loop
      vertex 5.9 1.57059 53.0494
      vertex 3.3 1.47224 52.85
      vertex 5.9 1.47224 52.85
    endloop
  endfacet
  facet normal 0 -0.321526 0.946901
    outer loop
      vertex -8.3 0.650561 52.1294
      vertex -3.3 0.439992 52.0579
      vertex -3.3 0.650561 52.1294
    endloop
  endfacet
  facet normal 0 -0.321526 0.946901
    outer loop
      vertex -3.3 0.439992 52.0579
      vertex -8.3 0.650561 52.1294
      vertex -8.3 0.439992 52.0579
    endloop
  endfacet
  facet normal 0 -0.321526 0.946901
    outer loop
      vertex 3.3 0.650561 52.1294
      vertex 5.9 0.439992 52.0579
      vertex 5.9 0.650561 52.1294
    endloop
  endfacet
  facet normal 0 -0.321526 0.946901
    outer loop
      vertex 5.9 0.439992 52.0579
      vertex 3.3 0.650561 52.1294
      vertex 3.3 0.439992 52.0579
    endloop
  endfacet
  facet normal 0 -0.0652074 -0.997872
    outer loop
      vertex -8.3 0 55.4
      vertex -3.3 0.221894 55.3855
      vertex -3.3 0 55.4
    endloop
  endfacet
  facet normal -0 -0.0652074 -0.997872
    outer loop
      vertex -3.3 0.221894 55.3855
      vertex -8.3 0 55.4
      vertex -8.3 0.221894 55.3855
    endloop
  endfacet
  facet normal 0 -0.0652074 -0.997872
    outer loop
      vertex 3.3 0 55.4
      vertex 5.9 0.221894 55.3855
      vertex 5.9 0 55.4
    endloop
  endfacet
  facet normal -0 -0.0652074 -0.997872
    outer loop
      vertex 5.9 0.221894 55.3855
      vertex 3.3 0 55.4
      vertex 3.3 0.221894 55.3855
    endloop
  endfacet
  facet normal 0 -0.896843 -0.442349
    outer loop
      vertex -8.3 1.57059 54.3506
      vertex -3.3 1.47224 54.55
      vertex -8.3 1.47224 54.55
    endloop
  endfacet
  facet normal 0 -0.896843 -0.442349
    outer loop
      vertex -3.3 1.47224 54.55
      vertex -8.3 1.57059 54.3506
      vertex -3.3 1.57059 54.3506
    endloop
  endfacet
  facet normal 0 -0.896843 -0.442349
    outer loop
      vertex 3.3 1.57059 54.3506
      vertex 5.9 1.47224 54.55
      vertex 3.3 1.47224 54.55
    endloop
  endfacet
  facet normal 0 -0.896843 -0.442349
    outer loop
      vertex 5.9 1.47224 54.55
      vertex 3.3 1.57059 54.3506
      vertex 5.9 1.57059 54.3506
    endloop
  endfacet
  facet normal 0 0.195167 -0.98077
    outer loop
      vertex -8.3 -0.439992 55.3421
      vertex -3.3 -0.221894 55.3855
      vertex -3.3 -0.439992 55.3421
    endloop
  endfacet
  facet normal 0 0.195167 -0.98077
    outer loop
      vertex -3.3 -0.221894 55.3855
      vertex -8.3 -0.439992 55.3421
      vertex -8.3 -0.221894 55.3855
    endloop
  endfacet
  facet normal 0 0.195167 -0.98077
    outer loop
      vertex 3.3 -0.439992 55.3421
      vertex 5.9 -0.221894 55.3855
      vertex 5.9 -0.439992 55.3421
    endloop
  endfacet
  facet normal 0 0.195167 -0.98077
    outer loop
      vertex 5.9 -0.221894 55.3855
      vertex 3.3 -0.439992 55.3421
      vertex 3.3 -0.221894 55.3855
    endloop
  endfacet
  facet normal 0 -0.555445 -0.831553
    outer loop
      vertex -8.3 0.849999 55.1722
      vertex -3.3 1.03489 55.0487
      vertex -3.3 0.849999 55.1722
    endloop
  endfacet
  facet normal -0 -0.555445 -0.831553
    outer loop
      vertex -3.3 1.03489 55.0487
      vertex -8.3 0.849999 55.1722
      vertex -8.3 1.03489 55.0487
    endloop
  endfacet
  facet normal 0 -0.555445 -0.831553
    outer loop
      vertex 3.3 0.849999 55.1722
      vertex 5.9 1.03489 55.0487
      vertex 5.9 0.849999 55.1722
    endloop
  endfacet
  facet normal -0 -0.555445 -0.831553
    outer loop
      vertex 5.9 1.03489 55.0487
      vertex 3.3 0.849999 55.1722
      vertex 3.3 1.03489 55.0487
    endloop
  endfacet
  facet normal 0 0.831483 -0.555551
    outer loop
      vertex -3.3 -1.47224 54.55
      vertex -8.3 -1.3487 54.7349
      vertex -3.3 -1.3487 54.7349
    endloop
  endfacet
  facet normal 0 0.831483 -0.555551
    outer loop
      vertex -8.3 -1.3487 54.7349
      vertex -3.3 -1.47224 54.55
      vertex -8.3 -1.47224 54.55
    endloop
  endfacet
  facet normal 0 0.831483 -0.555551
    outer loop
      vertex 5.9 -1.47224 54.55
      vertex 3.3 -1.3487 54.7349
      vertex 5.9 -1.3487 54.7349
    endloop
  endfacet
  facet normal 0 0.831483 -0.555551
    outer loop
      vertex 3.3 -1.3487 54.7349
      vertex 5.9 -1.47224 54.55
      vertex 3.3 -1.47224 54.55
    endloop
  endfacet
  facet normal 0 -0.866026 0.499999
    outer loop
      vertex 5.9 1.67432 50.8
      vertex 8.3 3.34863 53.7
      vertex 5.9 3.34863 53.7
    endloop
  endfacet
  facet normal 0 -0.866026 0.499999
    outer loop
      vertex 8.3 3.34863 53.7
      vertex 5.9 1.67432 50.8
      vertex 8.3 1.67432 50.8
    endloop
  endfacet
  facet normal 0 -0.866026 -0.499999
    outer loop
      vertex 5.9 3.34863 53.7
      vertex 8.3 1.67432 56.6
      vertex 5.9 1.67432 56.6
    endloop
  endfacet
  facet normal 0 -0.866026 -0.499999
    outer loop
      vertex 8.3 1.67432 56.6
      vertex 5.9 3.34863 53.7
      vertex 8.3 3.34863 53.7
    endloop
  endfacet
  facet normal -0 0 1
    outer loop
      vertex 5.9 1.67432 50.8
      vertex 8.3 -1.67432 50.8
      vertex 8.3 1.67432 50.8
    endloop
  endfacet
  facet normal 0 0 1
    outer loop
      vertex 8.3 -1.67432 50.8
      vertex 5.9 1.67432 50.8
      vertex 5.9 -1.67432 50.8
    endloop
  endfacet
  facet normal 0 0 -1
    outer loop
      vertex 5.9 -1.67432 56.6
      vertex 8.3 1.67432 56.6
      vertex 8.3 -1.67432 56.6
    endloop
  endfacet
  facet normal -0 0 -1
    outer loop
      vertex 8.3 1.67432 56.6
      vertex 5.9 -1.67432 56.6
      vertex 5.9 1.67432 56.6
    endloop
  endfacet
  facet normal 1 0 0
    outer loop
      vertex 5.9 3.34863 53.7
      vertex 5.9 1.68546 53.9219
      vertex 5.9 1.7 53.7
    endloop
  endfacet
  facet normal 1 -0 0
    outer loop
      vertex 5.9 1.47224 54.55
      vertex 5.9 3.34863 53.7
      vertex 5.9 1.67432 56.6
    endloop
  endfacet
  facet normal 1 0 0
    outer loop
      vertex 5.9 3.34863 53.7
      vertex 5.9 1.64207 54.14
      vertex 5.9 1.68546 53.9219
    endloop
  endfacet
  facet normal 1 0 0
    outer loop
      vertex 5.9 3.34863 53.7
      vertex 5.9 1.57059 54.3506
      vertex 5.9 1.64207 54.14
    endloop
  endfacet
  facet normal 1 0 0
    outer loop
      vertex 5.9 3.34863 53.7
      vertex 5.9 1.47224 54.55
      vertex 5.9 1.57059 54.3506
    endloop
  endfacet
  facet normal 1 0 0
    outer loop
      vertex 5.9 1.67432 56.6
      vertex 5.9 1.3487 54.7349
      vertex 5.9 1.47224 54.55
    endloop
  endfacet
  facet normal 1 0 0
    outer loop
      vertex 5.9 1.67432 56.6
      vertex 5.9 1.20208 54.9021
      vertex 5.9 1.3487 54.7349
    endloop
  endfacet
  facet normal 1 0 0
    outer loop
      vertex 5.9 1.67432 56.6
      vertex 5.9 1.03489 55.0487
      vertex 5.9 1.20208 54.9021
    endloop
  endfacet
  facet normal 1 0 0
    outer loop
      vertex 5.9 1.67432 56.6
      vertex 5.9 0.849999 55.1722
      vertex 5.9 1.03489 55.0487
    endloop
  endfacet
  facet normal 1 0 0
    outer loop
      vertex 5.9 1.67432 56.6
      vertex 5.9 0.650561 55.2706
      vertex 5.9 0.849999 55.1722
    endloop
  endfacet
  facet normal 1 0 0
    outer loop
      vertex 5.9 1.67432 56.6
      vertex 5.9 0.439992 55.3421
      vertex 5.9 0.650561 55.2706
    endloop
  endfacet
  facet normal 1 0 0
    outer loop
      vertex 5.9 1.67432 56.6
      vertex 5.9 0.221894 55.3855
      vertex 5.9 0.439992 55.3421
    endloop
  endfacet
  facet normal 1 0 0
    outer loop
      vertex 5.9 1.67432 56.6
      vertex 5.9 0 55.4
      vertex 5.9 0.221894 55.3855
    endloop
  endfacet
  facet normal 1 -0 0
    outer loop
      vertex 5.9 -1.67432 56.6
      vertex 5.9 0 55.4
      vertex 5.9 1.67432 56.6
    endloop
  endfacet
  facet normal 1 0 0
    outer loop
      vertex 5.9 0 55.4
      vertex 5.9 -1.67432 56.6
      vertex 5.9 -0.221894 55.3855
    endloop
  endfacet
  facet normal 1 0 0
    outer loop
      vertex 5.9 -0.221894 55.3855
      vertex 5.9 -1.67432 56.6
      vertex 5.9 -0.439992 55.3421
    endloop
  endfacet
  facet normal 1 0 0
    outer loop
      vertex 5.9 -0.439992 55.3421
      vertex 5.9 -1.67432 56.6
      vertex 5.9 -0.650561 55.2706
    endloop
  endfacet
  facet normal 1 0 0
    outer loop
      vertex 5.9 -0.650561 55.2706
      vertex 5.9 -1.67432 56.6
      vertex 5.9 -0.849999 55.1722
    endloop
  endfacet
  facet normal 1 0 0
    outer loop
      vertex 5.9 -1.67432 56.6
      vertex 5.9 -1.03489 55.0487
      vertex 5.9 -0.849999 55.1722
    endloop
  endfacet
  facet normal 1 0 0
    outer loop
      vertex 5.9 -1.67432 56.6
      vertex 5.9 -1.20208 54.9021
      vertex 5.9 -1.03489 55.0487
    endloop
  endfacet
  facet normal 1 0 0
    outer loop
      vertex 5.9 -1.67432 56.6
      vertex 5.9 -1.3487 54.7349
      vertex 5.9 -1.20208 54.9021
    endloop
  endfacet
  facet normal 1 0 0
    outer loop
      vertex 5.9 -1.67432 56.6
      vertex 5.9 -1.47224 54.55
      vertex 5.9 -1.3487 54.7349
    endloop
  endfacet
  facet normal 1 0 0
    outer loop
      vertex 5.9 -3.34863 53.7
      vertex 5.9 -1.47224 54.55
      vertex 5.9 -1.67432 56.6
    endloop
  endfacet
  facet normal 1 0 0
    outer loop
      vertex 5.9 -1.47224 54.55
      vertex 5.9 -3.34863 53.7
      vertex 5.9 -1.57059 54.3506
    endloop
  endfacet
  facet normal 1 0 0
    outer loop
      vertex 5.9 -1.57059 54.3506
      vertex 5.9 -3.34863 53.7
      vertex 5.9 -1.64207 54.14
    endloop
  endfacet
  facet normal 1 0 0
    outer loop
      vertex 5.9 -1.64207 54.14
      vertex 5.9 -3.34863 53.7
      vertex 5.9 -1.68546 53.9219
    endloop
  endfacet
  facet normal 1 0 0
    outer loop
      vertex 5.9 -1.68546 53.9219
      vertex 5.9 -3.34863 53.7
      vertex 5.9 -1.7 53.7
    endloop
  endfacet
  facet normal 1 0 0
    outer loop
      vertex 5.9 1.68546 53.4781
      vertex 5.9 3.34863 53.7
      vertex 5.9 1.7 53.7
    endloop
  endfacet
  facet normal 1 0 0
    outer loop
      vertex 5.9 1.64207 53.26
      vertex 5.9 3.34863 53.7
      vertex 5.9 1.68546 53.4781
    endloop
  endfacet
  facet normal 1 0 0
    outer loop
      vertex 5.9 1.57059 53.0494
      vertex 5.9 3.34863 53.7
      vertex 5.9 1.64207 53.26
    endloop
  endfacet
  facet normal 1 0 0
    outer loop
      vertex 5.9 1.47224 52.85
      vertex 5.9 3.34863 53.7
      vertex 5.9 1.57059 53.0494
    endloop
  endfacet
  facet normal 1 0 0
    outer loop
      vertex 5.9 3.34863 53.7
      vertex 5.9 1.47224 52.85
      vertex 5.9 1.67432 50.8
    endloop
  endfacet
  facet normal 1 -0 0
    outer loop
      vertex 5.9 1.3487 52.6651
      vertex 5.9 1.67432 50.8
      vertex 5.9 1.47224 52.85
    endloop
  endfacet
  facet normal 1 -0 0
    outer loop
      vertex 5.9 1.20208 52.4979
      vertex 5.9 1.67432 50.8
      vertex 5.9 1.3487 52.6651
    endloop
  endfacet
  facet normal 1 -0 0
    outer loop
      vertex 5.9 1.03489 52.3513
      vertex 5.9 1.67432 50.8
      vertex 5.9 1.20208 52.4979
    endloop
  endfacet
  facet normal 1 -0 0
    outer loop
      vertex 5.9 0.849999 52.2278
      vertex 5.9 1.67432 50.8
      vertex 5.9 1.03489 52.3513
    endloop
  endfacet
  facet normal 1 -0 0
    outer loop
      vertex 5.9 0.650561 52.1294
      vertex 5.9 1.67432 50.8
      vertex 5.9 0.849999 52.2278
    endloop
  endfacet
  facet normal 1 -0 0
    outer loop
      vertex 5.9 0.439992 52.0579
      vertex 5.9 1.67432 50.8
      vertex 5.9 0.650561 52.1294
    endloop
  endfacet
  facet normal 1 -0 0
    outer loop
      vertex 5.9 0.221894 52.0145
      vertex 5.9 1.67432 50.8
      vertex 5.9 0.439992 52.0579
    endloop
  endfacet
  facet normal 1 -0 0
    outer loop
      vertex 5.9 0 52
      vertex 5.9 1.67432 50.8
      vertex 5.9 0.221894 52.0145
    endloop
  endfacet
  facet normal 1 0 0
    outer loop
      vertex 5.9 -1.67432 50.8
      vertex 5.9 0 52
      vertex 5.9 -0.221894 52.0145
    endloop
  endfacet
  facet normal 1 0 0
    outer loop
      vertex 5.9 -1.67432 50.8
      vertex 5.9 -0.221894 52.0145
      vertex 5.9 -0.439992 52.0579
    endloop
  endfacet
  facet normal 1 0 0
    outer loop
      vertex 5.9 -1.67432 50.8
      vertex 5.9 -0.439992 52.0579
      vertex 5.9 -0.650561 52.1294
    endloop
  endfacet
  facet normal 1 0 0
    outer loop
      vertex 5.9 -1.67432 50.8
      vertex 5.9 -0.650561 52.1294
      vertex 5.9 -0.849999 52.2278
    endloop
  endfacet
  facet normal 1 0 0
    outer loop
      vertex 5.9 0 52
      vertex 5.9 -1.67432 50.8
      vertex 5.9 1.67432 50.8
    endloop
  endfacet
  facet normal 1 0 0
    outer loop
      vertex 5.9 -1.03489 52.3513
      vertex 5.9 -1.67432 50.8
      vertex 5.9 -0.849999 52.2278
    endloop
  endfacet
  facet normal 1 0 0
    outer loop
      vertex 5.9 -1.20208 52.4979
      vertex 5.9 -1.67432 50.8
      vertex 5.9 -1.03489 52.3513
    endloop
  endfacet
  facet normal 1 0 0
    outer loop
      vertex 5.9 -1.3487 52.6651
      vertex 5.9 -1.67432 50.8
      vertex 5.9 -1.20208 52.4979
    endloop
  endfacet
  facet normal 1 0 0
    outer loop
      vertex 5.9 -1.47224 52.85
      vertex 5.9 -1.67432 50.8
      vertex 5.9 -1.3487 52.6651
    endloop
  endfacet
  facet normal 1 0 0
    outer loop
      vertex 5.9 -3.34863 53.7
      vertex 5.9 -1.47224 52.85
      vertex 5.9 -1.57059 53.0494
    endloop
  endfacet
  facet normal 1 0 0
    outer loop
      vertex 5.9 -3.34863 53.7
      vertex 5.9 -1.57059 53.0494
      vertex 5.9 -1.64207 53.26
    endloop
  endfacet
  facet normal 1 0 0
    outer loop
      vertex 5.9 -3.34863 53.7
      vertex 5.9 -1.64207 53.26
      vertex 5.9 -1.68546 53.4781
    endloop
  endfacet
  facet normal 1 -0 0
    outer loop
      vertex 5.9 -3.34863 53.7
      vertex 5.9 -1.68546 53.4781
      vertex 5.9 -1.7 53.7
    endloop
  endfacet
  facet normal 1 0 0
    outer loop
      vertex 5.9 -1.47224 52.85
      vertex 5.9 -3.34863 53.7
      vertex 5.9 -1.67432 50.8
    endloop
  endfacet
  facet normal 0 0.866026 -0.499999
    outer loop
      vertex 8.3 -3.34863 53.7
      vertex 5.9 -1.67432 56.6
      vertex 8.3 -1.67432 56.6
    endloop
  endfacet
  facet normal 0 0.866026 -0.499999
    outer loop
      vertex 5.9 -1.67432 56.6
      vertex 8.3 -3.34863 53.7
      vertex 5.9 -3.34863 53.7
    endloop
  endfacet
  facet normal 0 0.866026 0.499999
    outer loop
      vertex 8.3 -1.67432 50.8
      vertex 5.9 -3.34863 53.7
      vertex 8.3 -3.34863 53.7
    endloop
  endfacet
  facet normal 0 0.866026 0.499999
    outer loop
      vertex 5.9 -3.34863 53.7
      vertex 8.3 -1.67432 50.8
      vertex 5.9 -1.67432 50.8
    endloop
  endfacet
  facet normal 0 0 -1
    outer loop
      vertex -2.405 -0.00499916 47.895
      vertex -2.395 0.00499916 47.895
      vertex -2.395 -0.00499916 47.895
    endloop
  endfacet
  facet normal -0 0 -1
    outer loop
      vertex -2.395 0.00499916 47.895
      vertex -2.405 -0.00499916 47.895
      vertex -2.405 0.00499916 47.895
    endloop
  endfacet
  facet normal 0.303972 -0.944531 0.124349
    outer loop
      vertex -3.27742 -0.286547 51.5235
      vertex -3.27742 -0.747262 48.024
      vertex -2.395 -0.00499916 51.505
    endloop
  endfacet
  facet normal 1 -0 0
    outer loop
      vertex -2.395 -0.00499916 51.505
      vertex -2.395 0.00499916 47.895
      vertex -2.395 0.00499916 51.505
    endloop
  endfacet
  facet normal 1 0 0
    outer loop
      vertex -2.395 0.00499916 47.895
      vertex -2.395 -0.00499916 51.505
      vertex -2.395 -0.00499916 47.895
    endloop
  endfacet
  facet normal -0 -0.0653535 -0.997862
    outer loop
      vertex -2.395 -0.00499916 47.895
      vertex -3.28989 -0.757745 47.9443
      vertex -2.405 -0.00499916 47.895
    endloop
  endfacet
  facet normal 0.593882 -0.728404 -0.341659
    outer loop
      vertex -3.295 -0.762052 47.9446
      vertex -3.28989 -0.757745 47.9443
      vertex -2.395 -0.00499916 47.895
    endloop
  endfacet
  facet normal 0 -0.0694857 -0.997583
    outer loop
      vertex -3.295 -0.762052 47.9446
      vertex -3.29988 -0.757745 47.9443
      vertex -3.28989 -0.757745 47.9443
    endloop
  endfacet
  facet normal 0 -0.0694857 -0.997583
    outer loop
      vertex -3.3 -0.762052 47.9446
      vertex -3.29988 -0.757745 47.9443
      vertex -3.295 -0.762052 47.9446
    endloop
  endfacet
  facet normal 0.0597741 -0.0710187 -0.995682
    outer loop
      vertex -3.29988 -0.757745 47.9443
      vertex -3.3 -0.762052 47.9446
      vertex -3.3 -0.757846 47.9443
    endloop
  endfacet
  facet normal -0.00780236 -0.0562159 -0.998388
    outer loop
      vertex -2.405 -0.00499916 47.895
      vertex -3.28989 -0.757745 47.9443
      vertex -3.29484 -0.753506 47.9441
    endloop
  endfacet
  facet normal 0.629422 -0.777064 0
    outer loop
      vertex -3.295 -0.762052 47.9446
      vertex -3.2949 -0.761971 47.9452
      vertex -3.295 -0.762052 47.9452
    endloop
  endfacet
  facet normal 0.675667 -0.737091 -0.0131038
    outer loop
      vertex -3.2949 -0.761971 47.9452
      vertex -3.295 -0.762052 47.9446
      vertex -3.29484 -0.761916 47.9452
    endloop
  endfacet
  facet normal 0.643622 -0.765341 0.00184467
    outer loop
      vertex -3.29484 -0.761916 47.9452
      vertex -3.295 -0.762052 47.9446
      vertex -3.28988 -0.757747 47.9443
    endloop
  endfacet
  facet normal 0.643713 -0.765267 -2.62205e-05
    outer loop
      vertex -2.395 -0.00499916 47.895
      vertex -3.27742 -0.747262 48.024
      vertex -3.28145 -0.750651 47.9982
    endloop
  endfacet
  facet normal 0.64372 -0.765261 6.92781e-05
    outer loop
      vertex -2.395 -0.00499916 47.895
      vertex -3.28145 -0.750651 47.9982
      vertex -3.28988 -0.757747 47.9443
    endloop
  endfacet
  facet normal 0.643716 -0.765265 0
    outer loop
      vertex -3.27742 -0.747262 48.024
      vertex -2.395 -0.00499916 47.895
      vertex -2.395 -0.00499916 51.505
    endloop
  endfacet
  facet normal -0.644298 0.760952 -0.0763674
    outer loop
      vertex -3.28988 -0.757747 47.9443
      vertex -3.295 -0.762052 47.9446
      vertex -2.395 -0.00499916 47.895
    endloop
  endfacet
  facet normal 0 -1 0
    outer loop
      vertex -3.3 -0.762052 47.9446
      vertex -3.295 -0.762052 47.9452
      vertex -3.3 -0.762052 47.9455
    endloop
  endfacet
  facet normal 0 -1 -0
    outer loop
      vertex -3.295 -0.762052 47.9452
      vertex -3.3 -0.762052 47.9446
      vertex -3.295 -0.762052 47.9446
    endloop
  endfacet
  facet normal 0.643716 0.765265 -0
    outer loop
      vertex -2.395 0.00499916 47.895
      vertex -3.27742 0.747262 48.024
      vertex -2.395 0.00499916 51.505
    endloop
  endfacet
  facet normal 0.643713 0.765267 -2.62205e-05
    outer loop
      vertex -3.27742 0.747262 48.024
      vertex -2.395 0.00499916 47.895
      vertex -3.28145 0.750651 47.9982
    endloop
  endfacet
  facet normal 0.64372 0.765261 6.92781e-05
    outer loop
      vertex -3.28145 0.750651 47.9982
      vertex -2.395 0.00499916 47.895
      vertex -3.28988 0.757747 47.9443
    endloop
  endfacet
  facet normal 0.675667 0.737091 -0.0131038
    outer loop
      vertex -3.295 0.762052 47.9446
      vertex -3.2949 0.761971 47.9452
      vertex -3.29484 0.761916 47.9452
    endloop
  endfacet
  facet normal 0.629422 0.777064 0
    outer loop
      vertex -3.2949 0.761971 47.9452
      vertex -3.295 0.762052 47.9446
      vertex -3.295 0.762052 47.9452
    endloop
  endfacet
  facet normal 0.643622 0.765341 0.00184467
    outer loop
      vertex -3.295 0.762052 47.9446
      vertex -3.29484 0.761916 47.9452
      vertex -3.28988 0.757747 47.9443
    endloop
  endfacet
  facet normal -0.644298 -0.760952 -0.0763674
    outer loop
      vertex -3.28988 0.757747 47.9443
      vertex -2.395 0.00499916 47.895
      vertex -3.295 0.762052 47.9446
    endloop
  endfacet
  facet normal 0.303972 0.944531 0.124349
    outer loop
      vertex -3.27742 0.286547 51.5235
      vertex -2.395 0.00499916 51.505
      vertex -3.27742 0.747262 48.024
    endloop
  endfacet
  facet normal -0.0292391 -0.030778 -0.999098
    outer loop
      vertex -3.29486 -0.753487 47.9441
      vertex -2.405 -0.00499916 47.895
      vertex -3.29484 -0.753506 47.9441
    endloop
  endfacet
  facet normal -0.0282752 -0.0319236 -0.99909
    outer loop
      vertex -3.295 -0.753363 47.9441
      vertex -2.405 -0.00499916 47.895
      vertex -3.29486 -0.753487 47.9441
    endloop
  endfacet
  facet normal -0.0550848 0 -0.998482
    outer loop
      vertex -2.405 -0.00499916 47.895
      vertex -3.295 -0.753363 47.9441
      vertex -2.405 0.00499916 47.895
    endloop
  endfacet
  facet normal -0.0292391 0.030778 -0.999098
    outer loop
      vertex -2.405 0.00499916 47.895
      vertex -3.29486 0.753487 47.9441
      vertex -3.29484 0.753506 47.9441
    endloop
  endfacet
  facet normal -0.0550848 -0 -0.998482
    outer loop
      vertex -3.295 0.753363 47.9441
      vertex -2.405 0.00499916 47.895
      vertex -3.295 -0.753363 47.9441
    endloop
  endfacet
  facet normal -0.0282752 0.0319236 -0.99909
    outer loop
      vertex -2.405 0.00499916 47.895
      vertex -3.295 0.753363 47.9441
      vertex -3.29486 0.753487 47.9441
    endloop
  endfacet
  facet normal -0.039968 0 -0.999201
    outer loop
      vertex -3.3 -0.753289 47.9443
      vertex -3.295 0.753363 47.9441
      vertex -3.295 -0.753363 47.9441
    endloop
  endfacet
  facet normal -0.039968 0 -0.999201
    outer loop
      vertex -3.295 0.753363 47.9441
      vertex -3.3 -0.753289 47.9443
      vertex -3.3 0.753289 47.9443
    endloop
  endfacet
  facet normal 0 0 1
    outer loop
      vertex -3.3 -0.757846 47.9443
      vertex -3.29988 -0.757746 47.9443
      vertex -3.29988 -0.757745 47.9443
    endloop
  endfacet
  facet normal 0 0 -1
    outer loop
      vertex -3.3 -0.757846 47.9443
      vertex -3.29995 -0.757746 47.9443
      vertex -3.29988 -0.757746 47.9443
    endloop
  endfacet
  facet normal -0 0 -1
    outer loop
      vertex -3.29995 -0.757746 47.9443
      vertex -3.3 -0.757846 47.9443
      vertex -3.3 -0.757745 47.9443
    endloop
  endfacet
  facet normal 0 0 1
    outer loop
      vertex -3.29988 0.757746 47.9443
      vertex -3.3 0.757846 47.9443
      vertex -3.29988 0.757745 47.9443
    endloop
  endfacet
  facet normal 0 0 -1
    outer loop
      vertex -3.29995 0.757746 47.9443
      vertex -3.3 0.757846 47.9443
      vertex -3.29988 0.757746 47.9443
    endloop
  endfacet
  facet normal 0 0 -1
    outer loop
      vertex -3.3 0.757846 47.9443
      vertex -3.29995 0.757746 47.9443
      vertex -3.3 0.757745 47.9443
    endloop
  endfacet
  facet normal -0.00780236 0.0562159 -0.998388
    outer loop
      vertex -2.405 0.00499916 47.895
      vertex -3.29484 0.753506 47.9441
      vertex -3.28989 0.757745 47.9443
    endloop
  endfacet
  facet normal 0 0.0653535 -0.997862
    outer loop
      vertex -3.28989 0.757745 47.9443
      vertex -2.395 0.00499916 47.895
      vertex -2.405 0.00499916 47.895
    endloop
  endfacet
  facet normal 0.593882 0.728404 -0.341659
    outer loop
      vertex -3.28989 0.757745 47.9443
      vertex -3.295 0.762052 47.9446
      vertex -2.395 0.00499916 47.895
    endloop
  endfacet
  facet normal 0 0.0694857 -0.997583
    outer loop
      vertex -3.29988 0.757745 47.9443
      vertex -3.295 0.762052 47.9446
      vertex -3.28989 0.757745 47.9443
    endloop
  endfacet
  facet normal 0.0597741 0.0710187 -0.995682
    outer loop
      vertex -3.3 0.762052 47.9446
      vertex -3.29988 0.757745 47.9443
      vertex -3.3 0.757846 47.9443
    endloop
  endfacet
  facet normal 0 0.0694857 -0.997583
    outer loop
      vertex -3.29988 0.757745 47.9443
      vertex -3.3 0.762052 47.9446
      vertex -3.295 0.762052 47.9446
    endloop
  endfacet
  facet normal -0 0 1
    outer loop
      vertex -3.3 0.286497 51.5238
      vertex -3.295 -0.286497 51.5238
      vertex -3.295 0.286497 51.5238
    endloop
  endfacet
  facet normal 0 0 1
    outer loop
      vertex -3.295 -0.286497 51.5238
      vertex -3.3 0.286497 51.5238
      vertex -3.3 -0.286497 51.5238
    endloop
  endfacet
  facet normal 0.0209605 0 0.99978
    outer loop
      vertex -3.27742 0.286547 51.5235
      vertex -2.395 -0.00499916 51.505
      vertex -2.395 0.00499916 51.505
    endloop
  endfacet
  facet normal 0.0209605 0 0.99978
    outer loop
      vertex -3.27742 0.286547 51.5235
      vertex -3.27742 -0.286547 51.5235
      vertex -2.395 -0.00499916 51.505
    endloop
  endfacet
  facet normal -0 0 1
    outer loop
      vertex -3.27743 0.286545 51.5235
      vertex -3.27742 -0.286547 51.5235
      vertex -3.27742 0.286547 51.5235
    endloop
  endfacet
  facet normal 0 0 1
    outer loop
      vertex -3.27743 0.286545 51.5235
      vertex -3.27743 -0.286545 51.5235
      vertex -3.27742 -0.286547 51.5235
    endloop
  endfacet
  facet normal 0.0170721 0 0.999854
    outer loop
      vertex -3.295 0.286497 51.5238
      vertex -3.27743 -0.286545 51.5235
      vertex -3.27743 0.286545 51.5235
    endloop
  endfacet
  facet normal 0.0170721 0 0.999854
    outer loop
      vertex -3.27743 -0.286545 51.5235
      vertex -3.295 0.286497 51.5238
      vertex -3.295 -0.286497 51.5238
    endloop
  endfacet
  facet normal 0 1 0
    outer loop
      vertex -3.3 0.762052 47.9446
      vertex -3.295 0.762052 47.9452
      vertex -3.295 0.762052 47.9446
    endloop
  endfacet
  facet normal 0 1 0
    outer loop
      vertex -3.295 0.762052 47.9452
      vertex -3.3 0.762052 47.9446
      vertex -3.3 0.762052 47.9455
    endloop
  endfacet
  facet normal 0.641179 -0.741526 -0.197557
    outer loop
      vertex -2.395 0.563278 51.5785
      vertex -3.27742 0.747262 48.024
      vertex -3.28145 0.750651 47.9982
    endloop
  endfacet
  facet normal 0.651276 -0.735311 -0.187504
    outer loop
      vertex -3.29486 0.753487 47.9441
      vertex -3.295 0.753363 47.9441
      vertex -3.295 0.753516 47.9435
    endloop
  endfacet
  facet normal 0.0957592 -0.478796 0.872688
    outer loop
      vertex -3.27742 0.286547 51.5235
      vertex -2.395 0.563278 51.5785
      vertex -3.27743 0.286545 51.5235
    endloop
  endfacet
  facet normal 0.303961 -0.944534 -0.12435
    outer loop
      vertex -2.395 0.563278 51.5785
      vertex -3.27742 0.286547 51.5235
      vertex -3.27742 0.747262 48.024
    endloop
  endfacet
  facet normal 0 0.259902 -0.965635
    outer loop
      vertex -2.405 1.49761 48.0915
      vertex -2.395 1.50727 48.0941
      vertex -2.395 1.49761 48.0915
    endloop
  endfacet
  facet normal 0 0.259902 -0.965635
    outer loop
      vertex -2.395 1.50727 48.0941
      vertex -2.405 1.49761 48.0915
      vertex -2.405 1.50727 48.0941
    endloop
  endfacet
  facet normal 0.643769 0.738745 0.199541
    outer loop
      vertex -2.395 1.50727 48.0941
      vertex -3.28988 2.2216 48.3366
      vertex -3.28834 2.2178 48.3457
    endloop
  endfacet
  facet normal 0.554718 0.792454 0.253585
    outer loop
      vertex -3.2949 2.22546 48.3385
      vertex -3.295 2.22569 48.338
      vertex -3.295 2.22553 48.3385
    endloop
  endfacet
  facet normal 0.624524 0.749429 0.219832
    outer loop
      vertex -3.29484 2.22541 48.3385
      vertex -3.295 2.22569 48.338
      vertex -3.2949 2.22546 48.3385
    endloop
  endfacet
  facet normal 0.644417 0.736362 0.20615
    outer loop
      vertex -3.295 2.22569 48.338
      vertex -3.29484 2.22541 48.3385
      vertex -3.28989 2.22161 48.3366
    endloop
  endfacet
  facet normal 0.0205394 -0.259897 0.965418
    outer loop
      vertex -3.27742 0.840115 51.6718
      vertex -2.395 0.563278 51.5785
      vertex -2.395 0.572936 51.5811
    endloop
  endfacet
  facet normal 0.105146 -0 0.994457
    outer loop
      vertex -3.27742 0.840114 51.6718
      vertex -2.395 0.563278 51.5785
      vertex -3.27742 0.840115 51.6718
    endloop
  endfacet
  facet normal 0.00215988 -0.313183 0.94969
    outer loop
      vertex -2.395 0.563278 51.5785
      vertex -3.27742 0.840114 51.6718
      vertex -3.278 0.84011 51.6718
    endloop
  endfacet
  facet normal 0.0857457 0.0935408 -0.991916
    outer loop
      vertex -3.2949 0.761971 47.9452
      vertex -2.405 1.49761 48.0915
      vertex -3.29484 0.761916 47.9452
    endloop
  endfacet
  facet normal -0.0560098 0.259494 -0.964119
    outer loop
      vertex -2.405 1.49761 48.0915
      vertex -3.2949 0.761971 47.9452
      vertex -2.405 1.50727 48.0941
    endloop
  endfacet
  facet normal 0 0 -1
    outer loop
      vertex -3.3 0.757649 47.9443
      vertex -3.29995 0.757746 47.9443
      vertex -3.29988 0.757746 47.9443
    endloop
  endfacet
  facet normal 0 0 -1
    outer loop
      vertex -3.29995 0.757746 47.9443
      vertex -3.3 0.757649 47.9443
      vertex -3.3 0.757703 47.9443
    endloop
  endfacet
  facet normal 1 0 0
    outer loop
      vertex -2.395 0.572936 51.5811
      vertex -2.395 1.49761 48.0915
      vertex -2.395 1.50727 48.0941
    endloop
  endfacet
  facet normal 1 0 0
    outer loop
      vertex -2.395 1.49761 48.0915
      vertex -2.395 0.572936 51.5811
      vertex -2.395 0.563278 51.5785
    endloop
  endfacet
  facet normal 0.643717 -0.739188 -0.198063
    outer loop
      vertex -3.28145 0.750651 47.9982
      vertex -2.395 1.49761 48.0915
      vertex -2.395 0.563278 51.5785
    endloop
  endfacet
  facet normal 0.643722 -0.739203 -0.197995
    outer loop
      vertex -2.395 1.49761 48.0915
      vertex -3.28145 0.750651 47.9982
      vertex -3.28988 0.757747 47.9443
    endloop
  endfacet
  facet normal 0.675921 -0.711496 -0.192104
    outer loop
      vertex -3.29486 0.753487 47.9441
      vertex -3.295 0.753516 47.9435
      vertex -3.29484 0.753506 47.9441
    endloop
  endfacet
  facet normal 0.643622 -0.742893 -0.184014
    outer loop
      vertex -3.28989 0.757745 47.9443
      vertex -3.29484 0.753506 47.9441
      vertex -3.295 0.753516 47.9435
    endloop
  endfacet
  facet normal 0 0 -1
    outer loop
      vertex -3.29995 0.757746 47.9443
      vertex -3.3 0.757703 47.9443
      vertex -3.3 0.757745 47.9443
    endloop
  endfacet
  facet normal 0 0 -1
    outer loop
      vertex -3.3 2.2217 48.3366
      vertex -3.29995 2.2216 48.3366
      vertex -3.3 2.2216 48.3366
    endloop
  endfacet
  facet normal 0 0 -1
    outer loop
      vertex -3.29995 2.2216 48.3366
      vertex -3.3 2.2217 48.3366
      vertex -3.29988 2.2216 48.3366
    endloop
  endfacet
  facet normal -0.147365 0.147365 -0.978043
    outer loop
      vertex -2.405 1.50727 48.0941
      vertex -3.29486 2.21756 48.3352
      vertex -3.29484 2.21758 48.3352
    endloop
  endfacet
  facet normal 0.0815704 0.100704 -0.991567
    outer loop
      vertex -3.295 0.762052 47.9452
      vertex -2.405 1.50727 48.0941
      vertex -3.2949 0.761971 47.9452
    endloop
  endfacet
  facet normal -0.0550454 0.258445 -0.964456
    outer loop
      vertex -2.405 1.50727 48.0941
      vertex -3.295 0.762052 47.9452
      vertex -3.295 2.21744 48.3352
    endloop
  endfacet
  facet normal -0.137144 0.160001 -0.977544
    outer loop
      vertex -2.405 1.50727 48.0941
      vertex -3.295 2.21744 48.3352
      vertex -3.29486 2.21756 48.3352
    endloop
  endfacet
  facet normal -0.0578588 0.258367 -0.964313
    outer loop
      vertex -3.3 2.21729 48.3354
      vertex -3.295 0.762052 47.9452
      vertex -3.3 0.762052 47.9455
    endloop
  endfacet
  facet normal -0.0463521 0.258559 -0.964883
    outer loop
      vertex -3.295 0.762052 47.9452
      vertex -3.3 2.21729 48.3354
      vertex -3.295 2.21744 48.3352
    endloop
  endfacet
  facet normal 0 -0.258814 0.965927
    outer loop
      vertex -3.3 0.839972 51.6721
      vertex -3.295 0.286497 51.5238
      vertex -3.295 0.839972 51.6721
    endloop
  endfacet
  facet normal 0 -0.258814 0.965927
    outer loop
      vertex -3.295 0.286497 51.5238
      vertex -3.3 0.839972 51.6721
      vertex -3.3 0.286497 51.5238
    endloop
  endfacet
  facet normal 0.00331896 -0.962016 -0.272972
    outer loop
      vertex -3.3 0.753516 47.9435
      vertex -3.295 0.753363 47.9441
      vertex -3.3 0.753289 47.9443
    endloop
  endfacet
  facet normal 0 -0.968992 -0.247093
    outer loop
      vertex -3.295 0.753363 47.9441
      vertex -3.3 0.753516 47.9435
      vertex -3.295 0.753516 47.9435
    endloop
  endfacet
  facet normal 0 0.195131 -0.980777
    outer loop
      vertex -3.28988 0.757747 47.9443
      vertex -2.405 1.49761 48.0915
      vertex -2.395 1.49761 48.0915
    endloop
  endfacet
  facet normal -0.00694551 0.203111 -0.979131
    outer loop
      vertex -2.405 1.49761 48.0915
      vertex -3.28988 0.757747 47.9443
      vertex -3.29484 0.761916 47.9452
    endloop
  endfacet
  facet normal 0 0.185873 -0.982574
    outer loop
      vertex -3.295 0.753516 47.9435
      vertex -3.29988 0.757745 47.9443
      vertex -3.28989 0.757745 47.9443
    endloop
  endfacet
  facet normal 0 0.185873 -0.982574
    outer loop
      vertex -3.3 0.753516 47.9435
      vertex -3.29988 0.757745 47.9443
      vertex -3.295 0.753516 47.9435
    endloop
  endfacet
  facet normal -0.150302 0.187878 -0.970624
    outer loop
      vertex -3.3 0.757649 47.9443
      vertex -3.29988 0.757745 47.9443
      vertex -3.3 0.753516 47.9435
    endloop
  endfacet
  facet normal -0 0 -1
    outer loop
      vertex -3.29988 0.757745 47.9443
      vertex -3.3 0.757649 47.9443
      vertex -3.29988 0.757746 47.9443
    endloop
  endfacet
  facet normal 0.643717 0.739188 0.198064
    outer loop
      vertex -2.395 1.50727 48.0941
      vertex -3.27742 2.19086 48.4108
      vertex -2.395 0.572936 51.5811
    endloop
  endfacet
  facet normal 0.643716 0.739191 0.198057
    outer loop
      vertex -3.27742 2.19086 48.4108
      vertex -2.395 1.50727 48.0941
      vertex -3.28145 2.2008 48.3868
    endloop
  endfacet
  facet normal 0.643702 0.739254 0.197864
    outer loop
      vertex -3.28145 2.2008 48.3868
      vertex -2.395 1.50727 48.0941
      vertex -3.28834 2.2178 48.3457
    endloop
  endfacet
  facet normal 0.303969 0.880164 0.364574
    outer loop
      vertex -2.395 0.572936 51.5811
      vertex -3.27742 2.19086 48.4108
      vertex -3.27742 0.840115 51.6718
    endloop
  endfacet
  facet normal 0 0.324561 -0.945865
    outer loop
      vertex -3.29988 2.22161 48.3366
      vertex -3.295 2.22569 48.338
      vertex -3.28989 2.22161 48.3366
    endloop
  endfacet
  facet normal 0 0 -1
    outer loop
      vertex -3.3 2.2217 48.3366
      vertex -3.29988 2.22161 48.3366
      vertex -3.29988 2.2216 48.3366
    endloop
  endfacet
  facet normal 0.240997 0.321329 -0.915788
    outer loop
      vertex -3.29988 2.22161 48.3366
      vertex -3.3 2.2217 48.3366
      vertex -3.3 2.22569 48.338
    endloop
  endfacet
  facet normal 0 0.324561 -0.945865
    outer loop
      vertex -3.29988 2.22161 48.3366
      vertex -3.3 2.22569 48.338
      vertex -3.295 2.22569 48.338
    endloop
  endfacet
  facet normal 0 0.32146 -0.946923
    outer loop
      vertex -2.405 1.50727 48.0941
      vertex -3.28988 2.2216 48.3366
      vertex -2.395 1.50727 48.0941
    endloop
  endfacet
  facet normal 0.00335783 0.325186 -0.945644
    outer loop
      vertex -3.28988 2.2216 48.3366
      vertex -2.405 1.50727 48.0941
      vertex -3.29484 2.21758 48.3352
    endloop
  endfacet
  facet normal 0.0209365 -0.258698 0.965731
    outer loop
      vertex -3.278 0.84011 51.6718
      vertex -3.27743 0.286545 51.5235
      vertex -2.395 0.563278 51.5785
    endloop
  endfacet
  facet normal 0 -0.258775 0.965938
    outer loop
      vertex -3.27801 0.84011 51.6718
      vertex -3.27743 0.286545 51.5235
      vertex -3.278 0.84011 51.6718
    endloop
  endfacet
  facet normal 0.0191543 -0.258708 0.965766
    outer loop
      vertex -3.295 0.839972 51.6721
      vertex -3.27743 0.286545 51.5235
      vertex -3.27801 0.84011 51.6718
    endloop
  endfacet
  facet normal 0.0171973 -0.258776 0.965784
    outer loop
      vertex -3.27743 0.286545 51.5235
      vertex -3.295 0.839972 51.6721
      vertex -3.295 0.286497 51.5238
    endloop
  endfacet
  facet normal -0 0.952424 0.304776
    outer loop
      vertex -3.3 2.22569 48.338
      vertex -3.295 2.22553 48.3385
      vertex -3.295 2.22569 48.338
    endloop
  endfacet
  facet normal 0.00312346 0.961065 0.276306
    outer loop
      vertex -3.295 2.22553 48.3385
      vertex -3.3 2.22569 48.338
      vertex -3.3 2.22546 48.3388
    endloop
  endfacet
  facet normal 0.643405 -0.663033 -0.382645
    outer loop
      vertex -3.27742 2.19086 48.4108
      vertex -3.28145 2.2008 48.3868
      vertex -2.395 1.09317 51.7966
    endloop
  endfacet
  facet normal 0.595598 -0.694864 -0.403021
    outer loop
      vertex -3.29486 2.21756 48.3352
      vertex -3.295 2.21744 48.3352
      vertex -3.295 2.21773 48.3347
    endloop
  endfacet
  facet normal 0.140036 0 -0.990146
    outer loop
      vertex -3.27742 0.840115 51.6718
      vertex -2.395 1.09317 51.7966
      vertex -3.27742 0.840114 51.6718
    endloop
  endfacet
  facet normal 0.303969 -0.880164 -0.364574
    outer loop
      vertex -2.395 1.09317 51.7966
      vertex -3.27742 0.840115 51.6718
      vertex -3.27742 2.19086 48.4108
    endloop
  endfacet
  facet normal 0 0.500011 -0.866019
    outer loop
      vertex -2.405 2.89817 48.6702
      vertex -2.395 2.90683 48.6752
      vertex -2.395 2.89817 48.6702
    endloop
  endfacet
  facet normal 0 0.500011 -0.866019
    outer loop
      vertex -2.395 2.90683 48.6752
      vertex -2.405 2.89817 48.6702
      vertex -2.405 2.90683 48.6752
    endloop
  endfacet
  facet normal 0.643681 0.663326 0.381673
    outer loop
      vertex -2.395 2.90683 48.6752
      vertex -3.28988 3.53406 49.0943
      vertex -3.28834 3.52802 49.1022
    endloop
  endfacet
  facet normal 0.650945 0.650945 0.390567
    outer loop
      vertex -3.29484 3.53725 49.0971
      vertex -3.295 3.53765 49.0967
      vertex -3.295 3.53735 49.0972
    endloop
  endfacet
  facet normal 0.645081 0.653697 0.395664
    outer loop
      vertex -3.295 3.53765 49.0967
      vertex -3.29484 3.53725 49.0971
      vertex -3.28989 3.53406 49.0943
    endloop
  endfacet
  facet normal 0.186928 0.224313 -0.956421
    outer loop
      vertex -3.2949 2.22546 48.3385
      vertex -2.405 2.89817 48.6702
      vertex -3.29484 2.22541 48.3385
    endloop
  endfacet
  facet normal -0.0550953 0.499252 -0.864704
    outer loop
      vertex -2.405 2.89817 48.6702
      vertex -3.2949 2.22546 48.3385
      vertex -2.405 2.90683 48.6752
    endloop
  endfacet
  facet normal -0.640184 0 0.768221
    outer loop
      vertex -3.3 2.22151 48.3365
      vertex -3.29988 2.2216 48.3366
      vertex -3.29988 2.22161 48.3366
    endloop
  endfacet
  facet normal 0 0.743294 -0.668965
    outer loop
      vertex -3.3 2.22151 48.3365
      vertex -3.29995 2.2216 48.3366
      vertex -3.29988 2.2216 48.3366
    endloop
  endfacet
  facet normal -0.581914 0.727393 -0.363696
    outer loop
      vertex -3.29995 2.2216 48.3366
      vertex -3.3 2.22151 48.3365
      vertex -3.3 2.22156 48.3366
    endloop
  endfacet
  facet normal 0.303932 0.755815 0.579973
    outer loop
      vertex -3.27742 3.48516 49.1581
      vertex -3.27742 1.33643 51.9583
      vertex -2.395 1.10183 51.8016
    endloop
  endfacet
  facet normal 1 0 0
    outer loop
      vertex -2.395 1.10183 51.8016
      vertex -2.395 2.89817 48.6702
      vertex -2.395 2.90683 48.6752
    endloop
  endfacet
  facet normal 1 0 0
    outer loop
      vertex -2.395 2.89817 48.6702
      vertex -2.395 1.10183 51.8016
      vertex -2.395 1.09317 51.7966
    endloop
  endfacet
  facet normal 0.64371 -0.662746 -0.38263
    outer loop
      vertex -3.28145 2.2008 48.3868
      vertex -2.395 2.89817 48.6702
      vertex -2.395 1.09317 51.7966
    endloop
  endfacet
  facet normal 0.643746 -0.662989 -0.382147
    outer loop
      vertex -3.28834 2.2178 48.3457
      vertex -2.395 2.89817 48.6702
      vertex -3.28145 2.2008 48.3868
    endloop
  endfacet
  facet normal 0.643614 -0.661402 -0.385109
    outer loop
      vertex -2.395 2.89817 48.6702
      vertex -3.28834 2.2178 48.3457
      vertex -3.28988 2.2216 48.3366
    endloop
  endfacet
  facet normal 0.642406 -0.652824 -0.401417
    outer loop
      vertex -3.29484 2.21758 48.3352
      vertex -3.295 2.21773 48.3347
      vertex -3.28988 2.2216 48.3366
    endloop
  endfacet
  facet normal 0.647605 -0.647605 -0.401515
    outer loop
      vertex -3.295 2.21773 48.3347
      vertex -3.29484 2.21758 48.3352
      vertex -3.29486 2.21756 48.3352
    endloop
  endfacet
  facet normal -0.579354 0.810198 -0.0890383
    outer loop
      vertex -3.28988 2.2216 48.3366
      vertex -3.295 2.21773 48.3347
      vertex -2.395 2.89817 48.6702
    endloop
  endfacet
  facet normal -0 0 -1
    outer loop
      vertex -3.29995 2.2216 48.3366
      vertex -3.3 2.22156 48.3366
      vertex -3.3 2.2216 48.3366
    endloop
  endfacet
  facet normal 0 0.780869 -0.624695
    outer loop
      vertex -3.29988 3.53406 49.0943
      vertex -3.3 3.53406 49.0943
      vertex -3.3 3.53414 49.0944
    endloop
  endfacet
  facet normal 0.172348 0.246212 -0.953769
    outer loop
      vertex -3.295 2.22553 48.3385
      vertex -2.405 2.90683 48.6752
      vertex -3.2949 2.22546 48.3385
    endloop
  endfacet
  facet normal -0.0550553 0.499258 -0.864702
    outer loop
      vertex -2.405 2.90683 48.6752
      vertex -3.295 2.22553 48.3385
      vertex -3.295 3.5304 49.0919
    endloop
  endfacet
  facet normal 0.0477031 0.601153 -0.797709
    outer loop
      vertex -2.405 2.90683 48.6752
      vertex -3.295 3.5304 49.0919
      vertex -3.29484 3.53052 49.092
    endloop
  endfacet
  facet normal -0.0588592 0.499137 -0.864522
    outer loop
      vertex -3.3 3.5302 49.0921
      vertex -3.295 2.22553 48.3385
      vertex -3.3 2.22546 48.3388
    endloop
  endfacet
  facet normal -0.0545599 0.499272 -0.864726
    outer loop
      vertex -3.295 2.22553 48.3385
      vertex -3.3 3.5302 49.0921
      vertex -3.295 3.5304 49.0919
    endloop
  endfacet
  facet normal 0.0209057 -0.499902 0.86583
    outer loop
      vertex -2.395 1.10183 51.8016
      vertex -3.27742 0.840114 51.6718
      vertex -2.395 1.09317 51.7966
    endloop
  endfacet
  facet normal 0.00312235 -0.452741 0.891636
    outer loop
      vertex -2.395 1.10183 51.8016
      vertex -3.278 0.84011 51.6718
      vertex -3.27742 0.840114 51.6718
    endloop
  endfacet
  facet normal 0 -0.444309 0.895874
    outer loop
      vertex -3.278 0.84011 51.6718
      vertex -2.395 1.10183 51.8016
      vertex -3.27801 0.84011 51.6718
    endloop
  endfacet
  facet normal 0.0041122 -0.846629 -0.532167
    outer loop
      vertex -3.3 2.21773 48.3347
      vertex -3.295 2.21744 48.3352
      vertex -3.3 2.21729 48.3354
    endloop
  endfacet
  facet normal 0 -0.865031 -0.501718
    outer loop
      vertex -3.295 2.21744 48.3352
      vertex -3.3 2.21773 48.3347
      vertex -3.295 2.21773 48.3347
    endloop
  endfacet
  facet normal 0 0.442243 -0.896895
    outer loop
      vertex -2.395 2.89817 48.6702
      vertex -3.28989 2.22161 48.3366
      vertex -2.405 2.89817 48.6702
    endloop
  endfacet
  facet normal 0.496019 -0.245391 -0.832915
    outer loop
      vertex -3.295 2.21773 48.3347
      vertex -3.28989 2.22161 48.3366
      vertex -2.395 2.89817 48.6702
    endloop
  endfacet
  facet normal 0 0.439791 -0.8981
    outer loop
      vertex -3.295 2.21773 48.3347
      vertex -3.29988 2.22161 48.3366
      vertex -3.28989 2.22161 48.3366
    endloop
  endfacet
  facet normal 0 0.439791 -0.8981
    outer loop
      vertex -3.3 2.21773 48.3347
      vertex -3.29988 2.22161 48.3366
      vertex -3.295 2.21773 48.3347
    endloop
  endfacet
  facet normal 0.366659 0.399991 -0.839981
    outer loop
      vertex -3.29988 2.22161 48.3366
      vertex -3.3 2.21773 48.3347
      vertex -3.3 2.22151 48.3365
    endloop
  endfacet
  facet normal -0.00237328 0.444737 -0.895658
    outer loop
      vertex -2.405 2.89817 48.6702
      vertex -3.28989 2.22161 48.3366
      vertex -3.29484 2.22541 48.3385
    endloop
  endfacet
  facet normal 0.643733 0.662728 0.382621
    outer loop
      vertex -2.395 2.90683 48.6752
      vertex -3.27742 3.48516 49.1581
      vertex -2.395 1.10183 51.8016
    endloop
  endfacet
  facet normal 0.643717 0.662835 0.382463
    outer loop
      vertex -3.27742 3.48516 49.1581
      vertex -2.395 2.90683 48.6752
      vertex -3.28834 3.52802 49.1022
    endloop
  endfacet
  facet normal 0.0208717 -0.499844 0.865864
    outer loop
      vertex -3.27742 1.33643 51.9583
      vertex -3.27801 0.84011 51.6718
      vertex -2.395 1.10183 51.8016
    endloop
  endfacet
  facet normal 0.0213151 -0.499839 0.865856
    outer loop
      vertex -3.295 1.3362 51.9586
      vertex -3.27801 0.84011 51.6718
      vertex -3.27742 1.33643 51.9583
    endloop
  endfacet
  facet normal 0.0193494 -0.49991 0.865861
    outer loop
      vertex -3.27801 0.84011 51.6718
      vertex -3.295 1.3362 51.9586
      vertex -3.295 0.839972 51.6721
    endloop
  endfacet
  facet normal 0 0.555769 -0.831337
    outer loop
      vertex -3.29988 3.53406 49.0943
      vertex -3.295 3.53765 49.0967
      vertex -3.28989 3.53406 49.0943
    endloop
  endfacet
  facet normal -0.314773 0.520223 -0.793906
    outer loop
      vertex -3.29988 3.53406 49.0943
      vertex -3.3 3.53414 49.0944
      vertex -3.3 3.53765 49.0967
    endloop
  endfacet
  facet normal 0 0.555769 -0.831337
    outer loop
      vertex -3.29988 3.53406 49.0943
      vertex -3.3 3.53765 49.0967
      vertex -3.295 3.53765 49.0967
    endloop
  endfacet
  facet normal 0 0.555569 -0.831471
    outer loop
      vertex -2.405 2.90683 48.6752
      vertex -3.28988 3.53406 49.0943
      vertex -2.395 2.90683 48.6752
    endloop
  endfacet
  facet normal -0.00548135 0.550203 -0.835013
    outer loop
      vertex -3.28988 3.53406 49.0943
      vertex -2.405 2.90683 48.6752
      vertex -3.29484 3.53052 49.092
    endloop
  endfacet
  facet normal 0 -0.500003 0.866023
    outer loop
      vertex -3.3 1.3362 51.9586
      vertex -3.295 0.839972 51.6721
      vertex -3.295 1.3362 51.9586
    endloop
  endfacet
  facet normal 0 -0.500003 0.866023
    outer loop
      vertex -3.295 0.839972 51.6721
      vertex -3.3 1.3362 51.9586
      vertex -3.3 0.839972 51.6721
    endloop
  endfacet
  facet normal -0 0.857493 0.514496
    outer loop
      vertex -3.3 3.53765 49.0967
      vertex -3.295 3.53735 49.0972
      vertex -3.295 3.53765 49.0967
    endloop
  endfacet
  facet normal 0.00438104 0.876207 0.481914
    outer loop
      vertex -3.295 3.53735 49.0972
      vertex -3.3 3.53765 49.0967
      vertex -3.3 3.53721 49.0975
    endloop
  endfacet
  facet normal 0 0.708602 -0.705608
    outer loop
      vertex -2.405 4.10122 49.5917
      vertex -2.395 4.10829 49.5988
      vertex -2.395 4.10122 49.5917
    endloop
  endfacet
  facet normal 0 0.708602 -0.705608
    outer loop
      vertex -2.395 4.10829 49.5988
      vertex -2.405 4.10122 49.5917
      vertex -2.405 4.10829 49.5988
    endloop
  endfacet
  facet normal 0.304002 -0.755797 -0.57996
    outer loop
      vertex -3.27742 3.48516 49.1581
      vertex -2.395 1.54856 52.1444
      vertex -3.27742 1.33643 51.9583
    endloop
  endfacet
  facet normal 0.0225444 -0.703401 0.710435
    outer loop
      vertex -3.27742 1.74167 52.3636
      vertex -2.395 1.54856 52.1444
      vertex -2.395 1.55563 52.1514
    endloop
  endfacet
  facet normal 0.0208776 -0.707005 0.7069
    outer loop
      vertex -3.27742 1.74167 52.3636
      vertex -3.27742 1.33643 51.9583
      vertex -2.395 1.54856 52.1444
    endloop
  endfacet
  facet normal 0.0197053 -0.707022 0.706917
    outer loop
      vertex -3.295 1.74138 52.3638
      vertex -3.27742 1.33643 51.9583
      vertex -3.27742 1.74167 52.3636
    endloop
  endfacet
  facet normal 0.0213129 -0.706964 0.706929
    outer loop
      vertex -3.27742 1.33643 51.9583
      vertex -3.295 1.74138 52.3638
      vertex -3.295 1.3362 51.9586
    endloop
  endfacet
  facet normal 0 0.659356 -0.751831
    outer loop
      vertex -2.395 4.10122 49.5917
      vertex -3.28989 3.53406 49.0943
      vertex -2.405 4.10122 49.5917
    endloop
  endfacet
  facet normal 0.546612 -0.836878 -0.0291799
    outer loop
      vertex -3.295 3.53082 49.0915
      vertex -3.28989 3.53406 49.0943
      vertex -2.395 4.10122 49.5917
    endloop
  endfacet
  facet normal 0 0.653863 -0.756613
    outer loop
      vertex -3.295 3.53082 49.0915
      vertex -3.29988 3.53406 49.0943
      vertex -3.28989 3.53406 49.0943
    endloop
  endfacet
  facet normal 0 0.653863 -0.756613
    outer loop
      vertex -3.3 3.53082 49.0915
      vertex -3.29988 3.53406 49.0943
      vertex -3.295 3.53082 49.0915
    endloop
  endfacet
  facet normal -0.404366 0.606549 -0.684534
    outer loop
      vertex -3.29988 3.53406 49.0943
      vertex -3.3 3.53082 49.0915
      vertex -3.3 3.53398 49.0943
    endloop
  endfacet
  facet normal -0.00017917 0.659514 -0.751692
    outer loop
      vertex -2.405 4.10122 49.5917
      vertex -3.28989 3.53406 49.0943
      vertex -3.29484 3.53725 49.0971
    endloop
  endfacet
  facet normal 1 0 0
    outer loop
      vertex -2.395 1.55563 52.1514
      vertex -2.395 4.10122 49.5917
      vertex -2.395 4.10829 49.5988
    endloop
  endfacet
  facet normal 1 0 0
    outer loop
      vertex -2.395 4.10122 49.5917
      vertex -2.395 1.55563 52.1514
      vertex -2.395 1.54856 52.1444
    endloop
  endfacet
  facet normal 0.643771 -0.542167 -0.540012
    outer loop
      vertex -2.395 4.10122 49.5917
      vertex -3.28834 3.52802 49.1022
      vertex -3.28988 3.53406 49.0943
    endloop
  endfacet
  facet normal 0.643727 -0.541387 -0.540847
    outer loop
      vertex -2.395 4.10122 49.5917
      vertex -3.27742 3.48516 49.1581
      vertex -3.28834 3.52802 49.1022
    endloop
  endfacet
  facet normal 0.643695 -0.54114 -0.541132
    outer loop
      vertex -3.27742 3.48516 49.1581
      vertex -2.395 4.10122 49.5917
      vertex -2.395 1.54856 52.1444
    endloop
  endfacet
  facet normal -0.495319 0.86365 -0.0936407
    outer loop
      vertex -3.28988 3.53406 49.0943
      vertex -3.295 3.53082 49.0915
      vertex -2.395 4.10122 49.5917
    endloop
  endfacet
  facet normal 0.640905 -0.550241 -0.535234
    outer loop
      vertex -3.29484 3.53052 49.092
      vertex -3.295 3.53082 49.0915
      vertex -3.28988 3.53406 49.0943
    endloop
  endfacet
  facet normal 0.696194 -0.495071 -0.519825
    outer loop
      vertex -3.295 3.53082 49.0915
      vertex -3.29484 3.53052 49.092
      vertex -3.295 3.5304 49.0919
    endloop
  endfacet
  facet normal 0 -0.707124 0.707089
    outer loop
      vertex -3.3 1.74138 52.3638
      vertex -3.295 1.3362 51.9586
      vertex -3.295 1.74138 52.3638
    endloop
  endfacet
  facet normal 0 -0.707124 0.707089
    outer loop
      vertex -3.295 1.3362 51.9586
      vertex -3.3 1.74138 52.3638
      vertex -3.3 1.3362 51.9586
    endloop
  endfacet
  facet normal -0.000927228 -0.695421 -0.718602
    outer loop
      vertex -3.3 3.53082 49.0915
      vertex -3.295 3.5304 49.0919
      vertex -3.3 3.5302 49.0921
    endloop
  endfacet
  facet normal 0 -0.689655 -0.724138
    outer loop
      vertex -3.295 3.5304 49.0919
      vertex -3.3 3.53082 49.0915
      vertex -3.295 3.53082 49.0915
    endloop
  endfacet
  facet normal 0.579576 0.562013 0.590113
    outer loop
      vertex -3.29484 4.60804 50.1695
      vertex -3.295 4.60852 50.1692
      vertex -3.295 4.6081 50.1696
    endloop
  endfacet
  facet normal 0.643734 0.540789 0.541437
    outer loop
      vertex -2.395 4.10829 49.5988
      vertex -3.28834 4.5978 50.172
      vertex -3.27742 4.54195 50.2148
    endloop
  endfacet
  facet normal 0.643696 0.54113 0.541142
    outer loop
      vertex -2.395 4.10829 49.5988
      vertex -3.27742 4.54195 50.2148
      vertex -2.395 1.55563 52.1514
    endloop
  endfacet
  facet normal 0.646288 0.547594 0.531463
    outer loop
      vertex -3.295 4.60852 50.1692
      vertex -3.29484 4.60804 50.1695
      vertex -3.28988 4.60568 50.1659
    endloop
  endfacet
  facet normal -0.646614 -0.541939 -0.536835
    outer loop
      vertex -3.295 4.60852 50.1692
      vertex -3.28988 4.60568 50.1659
      vertex -3.28834 4.5978 50.172
    endloop
  endfacet
  facet normal 0.643711 0.54123 0.541024
    outer loop
      vertex -2.395 4.10829 49.5988
      vertex -3.295 4.60852 50.1692
      vertex -3.28834 4.5978 50.172
    endloop
  endfacet
  facet normal 0.304021 0.579958 0.755791
    outer loop
      vertex -3.27742 1.74167 52.3636
      vertex -2.395 1.55563 52.1514
      vertex -3.27742 4.54195 50.2148
    endloop
  endfacet
  facet normal 0 0 -1
    outer loop
      vertex -3.3 3.53406 49.0943
      vertex -3.29988 3.53406 49.0943
      vertex -3.3 3.53398 49.0943
    endloop
  endfacet
  facet normal 0.640184 0 0.768221
    outer loop
      vertex -3.29988 4.60568 50.1659
      vertex -3.3 4.60574 50.166
      vertex -3.29988 4.60567 50.1659
    endloop
  endfacet
  facet normal -0.0681108 0.817329 -0.572131
    outer loop
      vertex -3.3 4.60574 50.166
      vertex -3.29988 4.60568 50.1659
      vertex -3.3 4.60567 50.1659
    endloop
  endfacet
  facet normal -0.28343 0.453487 -0.844995
    outer loop
      vertex -3.29484 4.60287 50.1627
      vertex -2.405 4.10829 49.5988
      vertex -3.295 4.60277 50.1627
    endloop
  endfacet
  facet normal -0.0550392 0.706061 -0.706008
    outer loop
      vertex -3.295 3.53735 49.0972
      vertex -3.295 4.60277 50.1627
      vertex -2.405 4.10829 49.5988
    endloop
  endfacet
  facet normal -0.0568029 0.707458 -0.704469
    outer loop
      vertex -3.295 3.53735 49.0972
      vertex -2.405 4.10829 49.5988
      vertex -2.405 4.10122 49.5917
    endloop
  endfacet
  facet normal -0.0621044 0.705768 -0.705715
    outer loop
      vertex -3.3 3.53721 49.0975
      vertex -3.295 4.60277 50.1627
      vertex -3.295 3.53735 49.0972
    endloop
  endfacet
  facet normal -0.0494369 0.706239 -0.706245
    outer loop
      vertex -3.295 4.60277 50.1627
      vertex -3.3 3.53721 49.0975
      vertex -3.3 4.60252 50.1628
    endloop
  endfacet
  facet normal -0.0282188 0.68389 -0.72904
    outer loop
      vertex -3.295 3.53735 49.0972
      vertex -2.405 4.10122 49.5917
      vertex -3.29484 3.53725 49.0971
    endloop
  endfacet
  facet normal 0 0.756823 -0.65362
    outer loop
      vertex -3.29988 4.60567 50.1659
      vertex -3.3 4.60852 50.1692
      vertex -3.295 4.60852 50.1692
    endloop
  endfacet
  facet normal 0 0.756823 -0.65362
    outer loop
      vertex -3.29988 4.60567 50.1659
      vertex -3.295 4.60852 50.1692
      vertex -3.28989 4.60567 50.1659
    endloop
  endfacet
  facet normal 0.409533 0.900879 -0.143875
    outer loop
      vertex -2.395 4.10829 49.5988
      vertex -3.28989 4.60567 50.1659
      vertex -3.295 4.60852 50.1692
    endloop
  endfacet
  facet normal 0 0.751809 -0.659381
    outer loop
      vertex -2.405 4.10829 49.5988
      vertex -3.28989 4.60567 50.1659
      vertex -2.395 4.10829 49.5988
    endloop
  endfacet
  facet normal 0.000498369 0.752194 -0.658941
    outer loop
      vertex -3.28989 4.60567 50.1659
      vertex -2.405 4.10829 49.5988
      vertex -3.29484 4.60287 50.1627
    endloop
  endfacet
  facet normal -0.105566 0.750692 -0.652164
    outer loop
      vertex -3.3 4.60852 50.1692
      vertex -3.29988 4.60567 50.1659
      vertex -3.3 4.60574 50.166
    endloop
  endfacet
  facet normal -0 0.689655 0.724138
    outer loop
      vertex -3.3 4.60852 50.1692
      vertex -3.295 4.6081 50.1696
      vertex -3.295 4.60852 50.1692
    endloop
  endfacet
  facet normal 0.000927228 0.695421 0.718602
    outer loop
      vertex -3.295 4.6081 50.1696
      vertex -3.3 4.60852 50.1692
      vertex -3.3 4.6079 50.1698
    endloop
  endfacet
  facet normal 0.628718 -0.284267 -0.723814
    outer loop
      vertex -3.29484 4.60287 50.1627
      vertex -3.295 4.60328 50.1624
      vertex -3.28989 4.60567 50.1659
    endloop
  endfacet
  facet normal 0.302083 -0.483333 -0.821666
    outer loop
      vertex -3.295 4.60328 50.1624
      vertex -3.29484 4.60287 50.1627
      vertex -3.295 4.60277 50.1627
    endloop
  endfacet
  facet normal 0.643861 -0.385711 -0.660811
    outer loop
      vertex -3.28834 4.5978 50.172
      vertex -3.28988 4.60568 50.1659
      vertex -2.395 5.02478 50.7932
    endloop
  endfacet
  facet normal 0.303968 -0.579968 -0.755805
    outer loop
      vertex -2.395 1.89843 52.5982
      vertex -3.27742 1.74167 52.3636
      vertex -3.27742 4.54195 50.2148
    endloop
  endfacet
  facet normal 0 0.825828 -0.563922
    outer loop
      vertex -3.295 4.60328 50.1624
      vertex -3.29988 4.60567 50.1659
      vertex -3.28989 4.60567 50.1659
    endloop
  endfacet
  facet normal 0 0.825828 -0.563922
    outer loop
      vertex -3.3 4.60328 50.1624
      vertex -3.29988 4.60567 50.1659
      vertex -3.295 4.60328 50.1624
    endloop
  endfacet
  facet normal -0.327304 0.785529 -0.525182
    outer loop
      vertex -3.3 4.60562 50.1659
      vertex -3.29988 4.60567 50.1659
      vertex -3.3 4.60328 50.1624
    endloop
  endfacet
  facet normal -0 0 -1
    outer loop
      vertex -3.29988 4.60567 50.1659
      vertex -3.3 4.60562 50.1659
      vertex -3.29988 4.60568 50.1659
    endloop
  endfacet
  facet normal 0 0.831499 -0.555526
    outer loop
      vertex -3.28988 4.60568 50.1659
      vertex -2.405 5.02478 50.7932
      vertex -2.395 5.02478 50.7932
    endloop
  endfacet
  facet normal -0.0037521 0.83393 -0.551857
    outer loop
      vertex -2.405 5.02478 50.7932
      vertex -3.28988 4.60568 50.1659
      vertex -3.29484 4.60804 50.1695
    endloop
  endfacet
  facet normal 1 0 0
    outer loop
      vertex -2.395 1.90342 52.6068
      vertex -2.395 5.02478 50.7932
      vertex -2.395 5.02978 50.8018
    endloop
  endfacet
  facet normal 1 0 0
    outer loop
      vertex -2.395 5.02478 50.7932
      vertex -2.395 1.90342 52.6068
      vertex -2.395 1.89843 52.5982
    endloop
  endfacet
  facet normal 0.643747 -0.382619 -0.662716
    outer loop
      vertex -3.27742 4.54195 50.2148
      vertex -2.395 5.02478 50.7932
      vertex -2.395 1.89843 52.5982
    endloop
  endfacet
  facet normal 0.643705 -0.382215 -0.66299
    outer loop
      vertex -2.395 5.02478 50.7932
      vertex -3.27742 4.54195 50.2148
      vertex -3.28834 4.5978 50.172
    endloop
  endfacet
  facet normal 0 0 -1
    outer loop
      vertex -3.29988 4.60568 50.1659
      vertex -3.3 4.60562 50.1659
      vertex -3.3 4.60567 50.1659
    endloop
  endfacet
  facet normal -0.312111 0.624223 -0.716193
    outer loop
      vertex -3.2949 5.36151 51.4745
      vertex -2.405 5.02478 50.7932
      vertex -3.295 5.36146 51.4745
    endloop
  endfacet
  facet normal -0.0550467 0.864719 -0.49923
    outer loop
      vertex -3.295 4.6081 50.1696
      vertex -3.295 5.36146 51.4745
      vertex -2.405 5.02478 50.7932
    endloop
  endfacet
  facet normal -0.0545594 0.864742 -0.499243
    outer loop
      vertex -3.3 4.6079 50.1698
      vertex -3.295 5.36146 51.4745
      vertex -3.295 4.6081 50.1696
    endloop
  endfacet
  facet normal -0.046714 0.865074 -0.499465
    outer loop
      vertex -3.295 5.36146 51.4745
      vertex -3.3 4.6079 50.1698
      vertex -3.3 5.36119 51.4745
    endloop
  endfacet
  facet normal -0.019002 0.843633 -0.536583
    outer loop
      vertex -3.295 4.6081 50.1696
      vertex -2.405 5.02478 50.7932
      vertex -3.29484 4.60804 50.1695
    endloop
  endfacet
  facet normal 0 0 -1
    outer loop
      vertex -3.29995 5.36342 51.4784
      vertex -3.3 5.36342 51.4784
      vertex -3.3 5.36344 51.4784
    endloop
  endfacet
  facet normal 0 0 -1
    outer loop
      vertex -3.27801 2.02821 52.8599
      vertex -3.27742 2.02822 52.8599
      vertex -3.278 2.02821 52.8599
    endloop
  endfacet
  facet normal 0.01483 -0.874972 0.483947
    outer loop
      vertex -2.395 1.89843 52.5982
      vertex -3.27742 2.02822 52.8599
      vertex -3.27801 2.02821 52.8599
    endloop
  endfacet
  facet normal 0.021615 -0.864742 0.501751
    outer loop
      vertex -3.27742 2.02822 52.8599
      vertex -2.395 1.89843 52.5982
      vertex -2.395 1.90342 52.6068
    endloop
  endfacet
  facet normal 0.643728 0.382627 0.66273
    outer loop
      vertex -2.395 5.02978 50.8018
      vertex -3.28145 5.3132 51.4992
      vertex -2.395 1.90342 52.6068
    endloop
  endfacet
  facet normal 0.643735 0.382524 0.662782
    outer loop
      vertex -2.395 5.02978 50.8018
      vertex -3.28834 5.35425 51.4822
      vertex -3.28145 5.3132 51.4992
    endloop
  endfacet
  facet normal 0.643727 0.382717 0.662679
    outer loop
      vertex -2.395 5.02978 50.8018
      vertex -3.28988 5.36342 51.4784
      vertex -3.28834 5.35425 51.4822
    endloop
  endfacet
  facet normal 0 0.182089 0.983282
    outer loop
      vertex -3.29484 5.36479 51.4824
      vertex -3.295 5.36533 51.4823
      vertex -3.29486 5.36479 51.4824
    endloop
  endfacet
  facet normal 0.646738 0.319849 0.692406
    outer loop
      vertex -3.28988 5.36342 51.4784
      vertex -3.295 5.36533 51.4823
      vertex -3.29484 5.36479 51.4824
    endloop
  endfacet
  facet normal -0.325115 -0.94499 0.0359857
    outer loop
      vertex -3.295 5.36533 51.4823
      vertex -3.28988 5.36342 51.4784
      vertex -2.395 5.02978 50.8018
    endloop
  endfacet
  facet normal 0 0.864507 -0.50262
    outer loop
      vertex -2.395 5.02478 50.7932
      vertex -2.405 5.02978 50.8018
      vertex -2.395 5.02978 50.8018
    endloop
  endfacet
  facet normal 0 0.864507 -0.50262
    outer loop
      vertex -2.405 5.02978 50.8018
      vertex -2.395 5.02478 50.7932
      vertex -2.405 5.02478 50.7932
    endloop
  endfacet
  facet normal 0.30401 0.364583 0.880146
    outer loop
      vertex -2.395 1.90342 52.6068
      vertex -3.27742 5.28921 51.5091
      vertex -3.27742 2.02822 52.8599
    endloop
  endfacet
  facet normal 0.00558887 -0.465739 -0.884904
    outer loop
      vertex -3.3 4.60328 50.1624
      vertex -3.295 4.60277 50.1627
      vertex -3.3 4.60252 50.1628
    endloop
  endfacet
  facet normal 0 -0.50702 -0.861934
    outer loop
      vertex -3.295 4.60277 50.1627
      vertex -3.3 4.60328 50.1624
      vertex -3.295 4.60328 50.1624
    endloop
  endfacet
  facet normal 0.0940749 0.936636 -0.337436
    outer loop
      vertex -2.405 5.02978 50.8018
      vertex -3.2949 5.36151 51.4745
      vertex -3.29484 5.36154 51.4746
    endloop
  endfacet
  facet normal -0.0575847 0.863073 -0.501786
    outer loop
      vertex -3.2949 5.36151 51.4745
      vertex -2.405 5.02978 50.8018
      vertex -2.405 5.02478 50.7932
    endloop
  endfacet
  facet normal 0 0.894427 -0.447214
    outer loop
      vertex -3.29995 5.36342 51.4784
      vertex -3.3 5.36347 51.4785
      vertex -3.29988 5.36342 51.4784
    endloop
  endfacet
  facet normal 0.357771 0.894427 -0.268328
    outer loop
      vertex -3.3 5.36347 51.4785
      vertex -3.29995 5.36342 51.4784
      vertex -3.3 5.36344 51.4784
    endloop
  endfacet
  facet normal 0 0.898081 -0.43983
    outer loop
      vertex -3.29988 5.36342 51.4784
      vertex -3.3 5.36533 51.4823
      vertex -3.295 5.36533 51.4823
    endloop
  endfacet
  facet normal 0 0.898081 -0.43983
    outer loop
      vertex -3.29988 5.36342 51.4784
      vertex -3.295 5.36533 51.4823
      vertex -3.28989 5.36342 51.4784
    endloop
  endfacet
  facet normal 0.26062 0.957023 -0.127217
    outer loop
      vertex -2.395 5.02978 50.8018
      vertex -3.28989 5.36342 51.4784
      vertex -3.295 5.36533 51.4823
    endloop
  endfacet
  facet normal 0 0.896884 -0.442265
    outer loop
      vertex -2.405 5.02978 50.8018
      vertex -3.28989 5.36342 51.4784
      vertex -2.395 5.02978 50.8018
    endloop
  endfacet
  facet normal -0.000557854 0.896595 -0.442852
    outer loop
      vertex -3.28989 5.36342 51.4784
      vertex -2.405 5.02978 50.8018
      vertex -3.29484 5.36154 51.4746
    endloop
  endfacet
  facet normal 0.0078785 0.898149 -0.43962
    outer loop
      vertex -3.3 5.36533 51.4823
      vertex -3.29988 5.36342 51.4784
      vertex -3.3 5.36347 51.4785
    endloop
  endfacet
  facet normal 0 -0.866019 0.500012
    outer loop
      vertex -3.3 1.74138 52.3638
      vertex -3.295 2.02787 52.86
      vertex -3.3 2.02787 52.86
    endloop
  endfacet
  facet normal 0 -0.866019 0.500012
    outer loop
      vertex -3.295 2.02787 52.86
      vertex -3.3 1.74138 52.3638
      vertex -3.295 1.74138 52.3638
    endloop
  endfacet
  facet normal 0.0202694 -0.865841 0.499909
    outer loop
      vertex -3.295 1.74138 52.3638
      vertex -3.27801 2.02821 52.8599
      vertex -3.295 2.02787 52.86
    endloop
  endfacet
  facet normal 0.0199703 -0.865842 0.499919
    outer loop
      vertex -3.27801 2.02821 52.8599
      vertex -3.295 1.74138 52.3638
      vertex -3.27742 1.74167 52.3636
    endloop
  endfacet
  facet normal 0.0209057 -0.865825 0.499911
    outer loop
      vertex -3.27801 2.02821 52.8599
      vertex -3.27742 1.74167 52.3636
      vertex -2.395 1.89843 52.5982
    endloop
  endfacet
  facet normal 0.801429 0.303243 0.515514
    outer loop
      vertex -3.295 5.36533 51.4823
      vertex -3.295 5.36482 51.4826
      vertex -3.29486 5.36479 51.4824
    endloop
  endfacet
  facet normal 0.637999 0.382882 0.668101
    outer loop
      vertex -2.395 1.90342 52.6068
      vertex -3.28145 5.3132 51.4992
      vertex -3.27742 5.28921 51.5091
    endloop
  endfacet
  facet normal -0 0.50702 0.861934
    outer loop
      vertex -3.3 5.36533 51.4823
      vertex -3.295 5.36482 51.4826
      vertex -3.295 5.36533 51.4823
    endloop
  endfacet
  facet normal -0.00558887 0.465739 0.884904
    outer loop
      vertex -3.295 5.36482 51.4826
      vertex -3.3 5.36533 51.4823
      vertex -3.3 5.36457 51.4827
    endloop
  endfacet
  facet normal 0.160872 -0.321745 -0.93306
    outer loop
      vertex -3.295 5.36204 51.4743
      vertex -3.2949 5.36151 51.4745
      vertex -3.295 5.36146 51.4745
    endloop
  endfacet
  facet normal 0.646065 -0.229951 -0.72782
    outer loop
      vertex -3.29484 5.36154 51.4746
      vertex -3.295 5.36204 51.4743
      vertex -3.28989 5.36342 51.4784
    endloop
  endfacet
  facet normal 0.860966 -0.0291853 -0.507824
    outer loop
      vertex -3.2949 5.36151 51.4745
      vertex -3.295 5.36204 51.4743
      vertex -3.29484 5.36154 51.4746
    endloop
  endfacet
  facet normal 0.643708 -0.1982 -0.73916
    outer loop
      vertex -3.28834 5.35425 51.4822
      vertex -3.28988 5.36342 51.4784
      vertex -2.395 5.6059 52.1927
    endloop
  endfacet
  facet normal 0.303984 -0.364586 -0.880154
    outer loop
      vertex -3.27742 5.28921 51.5091
      vertex -2.395 2.11891 53.1271
      vertex -3.27742 2.02822 52.8599
    endloop
  endfacet
  facet normal 0 0.947755 -0.319
    outer loop
      vertex -3.295 5.36204 51.4743
      vertex -3.29988 5.36342 51.4784
      vertex -3.28989 5.36342 51.4784
    endloop
  endfacet
  facet normal 0 0.947755 -0.319
    outer loop
      vertex -3.3 5.36204 51.4743
      vertex -3.29988 5.36342 51.4784
      vertex -3.295 5.36204 51.4743
    endloop
  endfacet
  facet normal 0.0295962 0.947077 -0.319639
    outer loop
      vertex -3.29988 5.36342 51.4784
      vertex -3.3 5.36204 51.4743
      vertex -3.3 5.36339 51.4783
    endloop
  endfacet
  facet normal 0 0.946927 -0.321449
    outer loop
      vertex -3.28988 5.36342 51.4784
      vertex -2.405 5.6059 52.1927
      vertex -2.395 5.6059 52.1927
    endloop
  endfacet
  facet normal 0.00115878 0.946489 -0.322735
    outer loop
      vertex -2.405 5.6059 52.1927
      vertex -3.28988 5.36342 51.4784
      vertex -3.29484 5.36479 51.4824
    endloop
  endfacet
  facet normal 0 0.966152 -0.257973
    outer loop
      vertex -2.395 5.6059 52.1927
      vertex -2.405 5.60849 52.2024
      vertex -2.395 5.60849 52.2024
    endloop
  endfacet
  facet normal 0 0.966152 -0.257973
    outer loop
      vertex -2.405 5.60849 52.2024
      vertex -2.395 5.6059 52.1927
      vertex -2.405 5.6059 52.1927
    endloop
  endfacet
  facet normal 0.643722 -0.198076 -0.739181
    outer loop
      vertex -3.27742 5.28921 51.5091
      vertex -2.395 5.6059 52.1927
      vertex -2.395 2.11891 53.1271
    endloop
  endfacet
  facet normal 0.64363 -0.197063 -0.739532
    outer loop
      vertex -3.28145 5.3132 51.4992
      vertex -2.395 5.6059 52.1927
      vertex -3.27742 5.28921 51.5091
    endloop
  endfacet
  facet normal 0.643703 -0.198081 -0.739196
    outer loop
      vertex -2.395 5.6059 52.1927
      vertex -3.28145 5.3132 51.4992
      vertex -3.28834 5.35425 51.4822
    endloop
  endfacet
  facet normal 0 0 -1
    outer loop
      vertex -3.29995 5.75566 52.9423
      vertex -3.3 5.75566 52.9423
      vertex -3.3 5.75567 52.9423
    endloop
  endfacet
  facet normal 0 0.957826 -0.287348
    outer loop
      vertex -3.3 5.36339 51.4783
      vertex -3.29995 5.36342 51.4784
      vertex -3.29988 5.36342 51.4784
    endloop
  endfacet
  facet normal 0 0.957826 -0.287348
    outer loop
      vertex -3.29995 5.36342 51.4784
      vertex -3.3 5.36339 51.4783
      vertex -3.3 5.36342 51.4784
    endloop
  endfacet
  facet normal -0.18016 0.900802 -0.395093
    outer loop
      vertex -2.405 5.6059 52.1927
      vertex -3.295 5.75479 52.938
      vertex -3.2949 5.75481 52.938
    endloop
  endfacet
  facet normal -0.0550619 0.964461 -0.258424
    outer loop
      vertex -3.295 5.36482 51.4826
      vertex -3.295 5.75479 52.938
      vertex -2.405 5.6059 52.1927
    endloop
  endfacet
  facet normal -0.0533964 0.964548 -0.258448
    outer loop
      vertex -3.3 5.36457 51.4827
      vertex -3.295 5.75479 52.938
      vertex -3.295 5.36482 51.4826
    endloop
  endfacet
  facet normal -0.0559361 0.964416 -0.258404
    outer loop
      vertex -3.295 5.75479 52.938
      vertex -3.3 5.36457 51.4827
      vertex -3.3 5.7545 52.938
    endloop
  endfacet
  facet normal -0.0943664 0.972711 -0.211963
    outer loop
      vertex -2.405 5.6059 52.1927
      vertex -3.29486 5.36479 51.4824
      vertex -3.295 5.36482 51.4826
    endloop
  endfacet
  facet normal 0 0.946932 -0.321434
    outer loop
      vertex -3.29486 5.36479 51.4824
      vertex -2.405 5.6059 52.1927
      vertex -3.29484 5.36479 51.4824
    endloop
  endfacet
  facet normal 0.0165918 -0.962323 0.271404
    outer loop
      vertex -3.27742 2.02822 52.8599
      vertex -2.395 2.1215 53.1367
      vertex -3.278 2.02821 52.8599
    endloop
  endfacet
  facet normal 0.0203484 -0.96528 0.260424
    outer loop
      vertex -2.395 2.1215 53.1367
      vertex -3.27742 2.02822 52.8599
      vertex -2.395 2.11891 53.1271
    endloop
  endfacet
  facet normal 0 -0.965926 0.258819
    outer loop
      vertex -3.3 2.02787 52.86
      vertex -3.295 2.17618 53.4135
      vertex -3.3 2.17618 53.4135
    endloop
  endfacet
  facet normal 0 -0.965926 0.258819
    outer loop
      vertex -3.295 2.17618 53.4135
      vertex -3.3 2.02787 52.86
      vertex -3.295 2.02787 52.86
    endloop
  endfacet
  facet normal 0.0203369 -0.96573 0.258751
    outer loop
      vertex -3.27801 2.02821 52.8599
      vertex -3.27743 2.17655 53.4135
      vertex -3.295 2.17618 53.4135
    endloop
  endfacet
  facet normal 0.0208487 -0.965716 0.258763
    outer loop
      vertex -3.27801 2.02821 52.8599
      vertex -3.295 2.17618 53.4135
      vertex -3.295 2.02787 52.86
    endloop
  endfacet
  facet normal 0 -0.965924 0.258824
    outer loop
      vertex -3.27743 2.17655 53.4135
      vertex -3.27801 2.02821 52.8599
      vertex -3.278 2.02821 52.8599
    endloop
  endfacet
  facet normal 0.0209179 -0.965718 0.258748
    outer loop
      vertex -3.27743 2.17655 53.4135
      vertex -3.278 2.02821 52.8599
      vertex -2.395 2.1215 53.1367
    endloop
  endfacet
  facet normal 1 0 0
    outer loop
      vertex -2.395 2.1215 53.1367
      vertex -2.395 5.6059 52.1927
      vertex -2.395 5.60849 52.2024
    endloop
  endfacet
  facet normal 1 0 0
    outer loop
      vertex -2.395 5.6059 52.1927
      vertex -2.395 2.1215 53.1367
      vertex -2.395 2.11891 53.1271
    endloop
  endfacet
  facet normal 0.643686 0.198064 0.739215
    outer loop
      vertex -2.395 5.60849 52.2024
      vertex -3.28145 5.70177 52.9493
      vertex -2.395 2.1215 53.1367
    endloop
  endfacet
  facet normal 0.643776 0.196761 0.739485
    outer loop
      vertex -3.28145 5.70177 52.9493
      vertex -2.395 5.60849 52.2024
      vertex -3.28988 5.75566 52.9423
    endloop
  endfacet
  facet normal 0 0 1
    outer loop
      vertex -3.29484 5.75594 52.9465
      vertex -3.295 5.7565 52.9465
      vertex -3.29486 5.75594 52.9465
    endloop
  endfacet
  facet normal 0.642012 0.183432 0.744428
    outer loop
      vertex -3.295 5.7565 52.9465
      vertex -3.29484 5.75594 52.9465
      vertex -3.28989 5.75566 52.9423
    endloop
  endfacet
  facet normal 0.0123672 -0.229022 -0.973343
    outer loop
      vertex -3.3 5.36204 51.4743
      vertex -3.295 5.36146 51.4745
      vertex -3.3 5.36119 51.4745
    endloop
  endfacet
  facet normal 0 -0.325991 -0.945373
    outer loop
      vertex -3.295 5.36146 51.4745
      vertex -3.3 5.36204 51.4743
      vertex -3.295 5.36204 51.4743
    endloop
  endfacet
  facet normal 0 0.980581 -0.196116
    outer loop
      vertex -3.29995 5.75566 52.9423
      vertex -3.3 5.75568 52.9424
      vertex -3.29988 5.75566 52.9423
    endloop
  endfacet
  facet normal 0.19518 0.9759 -0.09759
    outer loop
      vertex -3.3 5.75568 52.9424
      vertex -3.29995 5.75566 52.9423
      vertex -3.3 5.75567 52.9423
    endloop
  endfacet
  facet normal -0.000589305 0.980648 -0.195776
    outer loop
      vertex -2.405 5.60849 52.2024
      vertex -3.2949 5.75481 52.938
      vertex -3.29484 5.75483 52.9381
    endloop
  endfacet
  facet normal -0.0543048 0.964727 -0.257592
    outer loop
      vertex -3.2949 5.75481 52.938
      vertex -2.405 5.60849 52.2024
      vertex -2.405 5.6059 52.1927
    endloop
  endfacet
  facet normal 0 0.980581 -0.196116
    outer loop
      vertex -3.29988 5.75566 52.9423
      vertex -3.3 5.7565 52.9465
      vertex -3.295 5.7565 52.9465
    endloop
  endfacet
  facet normal 0 0.980581 -0.196116
    outer loop
      vertex -3.29988 5.75566 52.9423
      vertex -3.295 5.7565 52.9465
      vertex -3.28989 5.75566 52.9423
    endloop
  endfacet
  facet normal 7.29293e-12 0.980581 -0.196116
    outer loop
      vertex -3.3 5.7565 52.9465
      vertex -3.29988 5.75566 52.9423
      vertex -3.3 5.75568 52.9424
    endloop
  endfacet
  facet normal 0 0.980787 -0.195084
    outer loop
      vertex -2.405 5.60849 52.2024
      vertex -3.28988 5.75566 52.9423
      vertex -2.395 5.60849 52.2024
    endloop
  endfacet
  facet normal 0.000530798 0.980908 -0.194473
    outer loop
      vertex -3.28988 5.75566 52.9423
      vertex -2.405 5.60849 52.2024
      vertex -3.29484 5.75483 52.9381
    endloop
  endfacet
  facet normal 0.304035 0.12437 0.944508
    outer loop
      vertex -3.27742 2.17655 53.4135
      vertex -2.395 2.1215 53.1367
      vertex -3.27742 5.67602 52.9527
    endloop
  endfacet
  facet normal 0 -0.980791 0.19506
    outer loop
      vertex -2.395 2.1215 53.1367
      vertex -3.27742 2.17655 53.4135
      vertex -3.27743 2.17655 53.4135
    endloop
  endfacet
  facet normal 0.645387 0.198403 0.737639
    outer loop
      vertex -2.395 2.1215 53.1367
      vertex -3.28145 5.70177 52.9493
      vertex -3.27742 5.67602 52.9527
    endloop
  endfacet
  facet normal 0.568593 0.142148 0.810245
    outer loop
      vertex -3.295 5.7565 52.9465
      vertex -3.295 5.75593 52.9466
      vertex -3.29486 5.75594 52.9465
    endloop
  endfacet
  facet normal -0 0.172799 0.984957
    outer loop
      vertex -3.3 5.7565 52.9465
      vertex -3.295 5.75593 52.9466
      vertex -3.295 5.7565 52.9465
    endloop
  endfacet
  facet normal 0.00694845 0.231615 0.972783
    outer loop
      vertex -3.295 5.75593 52.9466
      vertex -3.3 5.7565 52.9465
      vertex -3.3 5.75566 52.9467
    endloop
  endfacet
  facet normal 0 1 -0
    outer loop
      vertex -2.395 5.805 53.695
      vertex -2.405 5.805 53.705
      vertex -2.395 5.805 53.705
    endloop
  endfacet
  facet normal 0 1 0
    outer loop
      vertex -2.405 5.805 53.705
      vertex -2.395 5.805 53.695
      vertex -2.405 5.805 53.695
    endloop
  endfacet
  facet normal 0.303919 -0.124375 -0.944544
    outer loop
      vertex -3.27742 5.67602 52.9527
      vertex -2.395 2.195 53.695
      vertex -3.27742 2.17655 53.4135
    endloop
  endfacet
  facet normal 0.021054 -0.999778 0
    outer loop
      vertex -3.27743 2.17655 53.4135
      vertex -3.27743 2.17655 53.9865
      vertex -3.295 2.17618 53.9865
    endloop
  endfacet
  facet normal 0 -1 0
    outer loop
      vertex -3.27743 2.17655 53.9865
      vertex -3.27743 2.17655 53.4135
      vertex -3.27742 2.17655 53.9865
    endloop
  endfacet
  facet normal 0.0209038 -0.999781 0
    outer loop
      vertex -3.27742 2.17655 53.9865
      vertex -3.27742 2.17655 53.4135
      vertex -2.395 2.195 53.705
    endloop
  endfacet
  facet normal 0.021054 -0.999778 0
    outer loop
      vertex -3.27743 2.17655 53.4135
      vertex -3.295 2.17618 53.9865
      vertex -3.295 2.17618 53.4135
    endloop
  endfacet
  facet normal 0 -1 -0
    outer loop
      vertex -3.27742 2.17655 53.9865
      vertex -3.27743 2.17655 53.4135
      vertex -3.27742 2.17655 53.4135
    endloop
  endfacet
  facet normal 0.0209038 -0.999781 0
    outer loop
      vertex -2.395 2.195 53.705
      vertex -3.27742 2.17655 53.4135
      vertex -2.395 2.195 53.695
    endloop
  endfacet
  facet normal 0 0.997858 -0.0654103
    outer loop
      vertex -3.28989 5.75566 52.9423
      vertex -2.405 5.805 53.695
      vertex -2.395 5.805 53.695
    endloop
  endfacet
  facet normal 0.000473008 0.997822 -0.065964
    outer loop
      vertex -2.405 5.805 53.695
      vertex -3.28989 5.75566 52.9423
      vertex -3.29484 5.75594 52.9465
    endloop
  endfacet
  facet normal 0 0.997887 -0.0649787
    outer loop
      vertex -3.295 5.75538 52.938
      vertex -3.29988 5.75566 52.9423
      vertex -3.28989 5.75566 52.9423
    endloop
  endfacet
  facet normal -0.516935 0.636059 0.572894
    outer loop
      vertex -3.295 5.75538 52.938
      vertex -3.28989 5.75566 52.9423
      vertex -2.395 5.805 53.695
    endloop
  endfacet
  facet normal 0 0.997887 -0.0649787
    outer loop
      vertex -3.3 5.75538 52.938
      vertex -3.29988 5.75566 52.9423
      vertex -3.295 5.75538 52.938
    endloop
  endfacet
  facet normal 0.0553475 0.996256 -0.066417
    outer loop
      vertex -3.29988 5.75566 52.9423
      vertex -3.3 5.75538 52.938
      vertex -3.3 5.75566 52.9422
    endloop
  endfacet
  facet normal 1 -0 0
    outer loop
      vertex -2.395 2.195 53.705
      vertex -2.395 5.805 53.695
      vertex -2.395 5.805 53.705
    endloop
  endfacet
  facet normal 1 0 0
    outer loop
      vertex -2.395 5.805 53.695
      vertex -2.395 2.195 53.705
      vertex -2.395 2.195 53.695
    endloop
  endfacet
  facet normal 0.643735 0 -0.765249
    outer loop
      vertex -3.27742 5.67602 52.9527
      vertex -2.395 5.805 53.695
      vertex -2.395 2.195 53.695
    endloop
  endfacet
  facet normal 0.643759 -0.000288383 -0.765228
    outer loop
      vertex -3.28145 5.70177 52.9493
      vertex -2.395 5.805 53.695
      vertex -3.27742 5.67602 52.9527
    endloop
  endfacet
  facet normal 0.643652 0.00127604 -0.765317
    outer loop
      vertex -3.28988 5.75566 52.9423
      vertex -2.395 5.805 53.695
      vertex -3.28145 5.70177 52.9493
    endloop
  endfacet
  facet normal 0.221471 0.919908 -0.323606
    outer loop
      vertex -3.28988 5.75566 52.9423
      vertex -3.295 5.75538 52.938
      vertex -2.395 5.805 53.695
    endloop
  endfacet
  facet normal 0.640894 0.0471364 -0.766181
    outer loop
      vertex -3.29484 5.75483 52.9381
      vertex -3.295 5.75538 52.938
      vertex -3.28988 5.75566 52.9423
    endloop
  endfacet
  facet normal 0.835041 0.146498 -0.530325
    outer loop
      vertex -3.2949 5.75481 52.938
      vertex -3.295 5.75538 52.938
      vertex -3.29484 5.75483 52.9381
    endloop
  endfacet
  facet normal 0 0 -1
    outer loop
      vertex -3.295 5.75538 52.938
      vertex -3.2949 5.75481 52.938
      vertex -3.295 5.75479 52.938
    endloop
  endfacet
  facet normal 0 -1 0
    outer loop
      vertex -3.3 2.17618 53.4135
      vertex -3.295 2.17618 53.9865
      vertex -3.3 2.17618 53.9865
    endloop
  endfacet
  facet normal 0 -1 -0
    outer loop
      vertex -3.295 2.17618 53.9865
      vertex -3.3 2.17618 53.4135
      vertex -3.295 2.17618 53.4135
    endloop
  endfacet
  facet normal 0 0 -1
    outer loop
      vertex -3.3 5.75538 52.938
      vertex -3.295 5.75479 52.938
      vertex -3.3 5.7545 52.938
    endloop
  endfacet
  facet normal 0 0 -1
    outer loop
      vertex -3.295 5.75479 52.938
      vertex -3.3 5.75538 52.938
      vertex -3.295 5.75538 52.938
    endloop
  endfacet
  facet normal 0.643735 0 0.765249
    outer loop
      vertex -2.395 5.805 53.705
      vertex -3.27742 5.67602 54.4473
      vertex -2.395 2.195 53.705
    endloop
  endfacet
  facet normal 0.643759 -0.000288383 0.765228
    outer loop
      vertex -2.395 5.805 53.705
      vertex -3.28145 5.70177 54.4507
      vertex -3.27742 5.67602 54.4473
    endloop
  endfacet
  facet normal 0.643652 0.00127604 0.765317
    outer loop
      vertex -2.395 5.805 53.705
      vertex -3.28988 5.75566 54.4577
      vertex -3.28145 5.70177 54.4507
    endloop
  endfacet
  facet normal 0.0755544 -0.996841 0.0244825
    outer loop
      vertex -3.295 5.75538 54.4621
      vertex -3.28988 5.75566 54.4577
      vertex -2.395 5.805 53.705
    endloop
  endfacet
  facet normal 0.652095 -0.0842772 0.753438
    outer loop
      vertex -3.295 5.75538 54.4621
      vertex -3.29484 5.75483 54.4619
      vertex -3.28988 5.75566 54.4577
    endloop
  endfacet
  facet normal 0.850932 0.0576903 0.522098
    outer loop
      vertex -3.295 5.75538 54.4621
      vertex -3.2949 5.75481 54.462
      vertex -3.29484 5.75483 54.4619
    endloop
  endfacet
  facet normal 0.707107 0 0.707107
    outer loop
      vertex -3.2949 5.75481 54.462
      vertex -3.295 5.75538 54.4621
      vertex -3.295 5.75479 54.4621
    endloop
  endfacet
  facet normal 0.303919 -0.124375 0.944544
    outer loop
      vertex -2.395 2.195 53.705
      vertex -3.27742 5.67602 54.4473
      vertex -3.27742 2.17655 53.9865
    endloop
  endfacet
  facet normal 0 0.995037 -0.0995037
    outer loop
      vertex -3.29484 5.75594 54.4535
      vertex -3.295 5.75593 54.4534
      vertex -3.29486 5.75594 54.4535
    endloop
  endfacet
  facet normal -0.0592547 0.99823 -0.00501544
    outer loop
      vertex -2.405 5.805 53.705
      vertex -3.295 5.75593 54.4534
      vertex -3.29484 5.75594 54.4535
    endloop
  endfacet
  facet normal -0.0550512 0.998484 0
    outer loop
      vertex -2.405 5.805 53.695
      vertex -3.295 5.75593 54.4534
      vertex -2.405 5.805 53.705
    endloop
  endfacet
  facet normal -0.0550512 0.998484 0
    outer loop
      vertex -3.295 5.75593 52.9466
      vertex -3.295 5.75593 54.4534
      vertex -2.405 5.805 53.695
    endloop
  endfacet
  facet normal -0.0539214 0.998545 0
    outer loop
      vertex -3.295 5.75593 54.4534
      vertex -3.295 5.75593 52.9466
      vertex -3.3 5.75566 54.4533
    endloop
  endfacet
  facet normal -0.0539214 0.998545 0
    outer loop
      vertex -3.3 5.75566 54.4533
      vertex -3.295 5.75593 52.9466
      vertex -3.3 5.75566 52.9467
    endloop
  endfacet
  facet normal -0.0638111 0.997907 0.0104551
    outer loop
      vertex -2.405 5.805 53.695
      vertex -3.29486 5.75594 52.9465
      vertex -3.295 5.75593 52.9466
    endloop
  endfacet
  facet normal 0 0.997859 -0.0654041
    outer loop
      vertex -3.29486 5.75594 52.9465
      vertex -2.405 5.805 53.695
      vertex -3.29484 5.75594 52.9465
    endloop
  endfacet
  facet normal 0 1 0
    outer loop
      vertex -3.29995 5.75566 52.9423
      vertex -3.3 5.75566 52.9422
      vertex -3.3 5.75566 52.9423
    endloop
  endfacet
  facet normal 0 1 0
    outer loop
      vertex -3.3 5.75566 52.9422
      vertex -3.29995 5.75566 52.9423
      vertex -3.29988 5.75566 52.9423
    endloop
  endfacet
  facet normal 0 1 -0
    outer loop
      vertex -3.29995 5.75566 54.4577
      vertex -3.3 5.75566 54.4578
      vertex -3.29988 5.75566 54.4577
    endloop
  endfacet
  facet normal 0 1 0
    outer loop
      vertex -3.3 5.75566 54.4578
      vertex -3.29995 5.75566 54.4577
      vertex -3.3 5.75566 54.4577
    endloop
  endfacet
  facet normal 0 0.997981 0.0635079
    outer loop
      vertex -3.29988 5.75566 54.4577
      vertex -3.3 5.75538 54.4621
      vertex -3.295 5.75538 54.4621
    endloop
  endfacet
  facet normal -0 0.997981 0.0635079
    outer loop
      vertex -3.29988 5.75566 54.4577
      vertex -3.295 5.75538 54.4621
      vertex -3.28989 5.75566 54.4577
    endloop
  endfacet
  facet normal -0.0693257 0.997449 -0.0170384
    outer loop
      vertex -2.395 5.805 53.705
      vertex -3.28989 5.75566 54.4577
      vertex -3.295 5.75538 54.4621
    endloop
  endfacet
  facet normal -0 0.997858 0.0654103
    outer loop
      vertex -2.405 5.805 53.705
      vertex -3.28989 5.75566 54.4577
      vertex -2.395 5.805 53.705
    endloop
  endfacet
  facet normal 0.000473008 0.997822 0.065964
    outer loop
      vertex -3.28989 5.75566 54.4577
      vertex -2.405 5.805 53.705
      vertex -3.29484 5.75594 54.4535
    endloop
  endfacet
  facet normal 0.0540697 0.996427 0.0648836
    outer loop
      vertex -3.3 5.75538 54.4621
      vertex -3.29988 5.75566 54.4577
      vertex -3.3 5.75566 54.4578
    endloop
  endfacet
  facet normal -0 0 1
    outer loop
      vertex -3.3 5.75538 54.4621
      vertex -3.295 5.75479 54.4621
      vertex -3.295 5.75538 54.4621
    endloop
  endfacet
  facet normal 0 0 1
    outer loop
      vertex -3.295 5.75479 54.4621
      vertex -3.3 5.75538 54.4621
      vertex -3.3 5.7545 54.4621
    endloop
  endfacet
  facet normal 0.645387 0.198403 -0.737639
    outer loop
      vertex -2.395 2.1215 54.2633
      vertex -3.27742 5.67602 54.4473
      vertex -3.28145 5.70177 54.4507
    endloop
  endfacet
  facet normal 0.568593 0.142148 -0.810245
    outer loop
      vertex -3.29486 5.75594 54.4535
      vertex -3.295 5.75593 54.4534
      vertex -3.295 5.7565 54.4535
    endloop
  endfacet
  facet normal 0 -0.980791 -0.19506
    outer loop
      vertex -2.395 2.1215 54.2633
      vertex -3.27743 2.17655 53.9865
      vertex -3.27742 2.17655 53.9865
    endloop
  endfacet
  facet normal 0.304035 0.12437 -0.944508
    outer loop
      vertex -2.395 2.1215 54.2633
      vertex -3.27742 2.17655 53.9865
      vertex -3.27742 5.67602 54.4473
    endloop
  endfacet
  facet normal 0 0.966152 0.257973
    outer loop
      vertex -2.395 5.60849 55.1976
      vertex -2.405 5.6059 55.2073
      vertex -2.395 5.6059 55.2073
    endloop
  endfacet
  facet normal 0 0.966152 0.257973
    outer loop
      vertex -2.405 5.6059 55.2073
      vertex -2.395 5.60849 55.1976
      vertex -2.405 5.60849 55.1976
    endloop
  endfacet
  facet normal 0.643708 -0.1982 0.73916
    outer loop
      vertex -2.395 5.6059 55.2073
      vertex -3.28988 5.36342 55.9216
      vertex -3.28834 5.35425 55.9178
    endloop
  endfacet
  facet normal 0.646065 -0.229951 0.72782
    outer loop
      vertex -3.295 5.36204 55.9257
      vertex -3.29484 5.36154 55.9254
      vertex -3.28989 5.36342 55.9216
    endloop
  endfacet
  facet normal 0.860966 -0.0291853 0.507824
    outer loop
      vertex -3.295 5.36204 55.9257
      vertex -3.2949 5.36151 55.9255
      vertex -3.29484 5.36154 55.9254
    endloop
  endfacet
  facet normal 0.160872 -0.321745 0.93306
    outer loop
      vertex -3.2949 5.36151 55.9255
      vertex -3.295 5.36204 55.9257
      vertex -3.295 5.36146 55.9255
    endloop
  endfacet
  facet normal 0.0165918 -0.962323 -0.271404
    outer loop
      vertex -2.395 2.1215 54.2633
      vertex -3.27742 2.02822 54.5401
      vertex -3.278 2.02821 54.5401
    endloop
  endfacet
  facet normal 0.0203484 -0.96528 -0.260424
    outer loop
      vertex -3.27742 2.02822 54.5401
      vertex -2.395 2.1215 54.2633
      vertex -2.395 2.11891 54.2729
    endloop
  endfacet
  facet normal -0.0543048 0.964727 0.257592
    outer loop
      vertex -2.405 5.60849 55.1976
      vertex -3.2949 5.75481 54.462
      vertex -2.405 5.6059 55.2073
    endloop
  endfacet
  facet normal -0.000589305 0.980648 0.195776
    outer loop
      vertex -3.2949 5.75481 54.462
      vertex -2.405 5.60849 55.1976
      vertex -3.29484 5.75483 54.4619
    endloop
  endfacet
  facet normal 0 0.980581 0.196116
    outer loop
      vertex -3.3 5.75568 54.4576
      vertex -3.29995 5.75566 54.4577
      vertex -3.29988 5.75566 54.4577
    endloop
  endfacet
  facet normal 0.19518 0.9759 0.09759
    outer loop
      vertex -3.29995 5.75566 54.4577
      vertex -3.3 5.75568 54.4576
      vertex -3.3 5.75567 54.4577
    endloop
  endfacet
  facet normal 1 0 0
    outer loop
      vertex -2.395 5.6059 55.2073
      vertex -2.395 2.1215 54.2633
      vertex -2.395 5.60849 55.1976
    endloop
  endfacet
  facet normal 1 0 -0
    outer loop
      vertex -2.395 2.1215 54.2633
      vertex -2.395 5.6059 55.2073
      vertex -2.395 2.11891 54.2729
    endloop
  endfacet
  facet normal 0.643686 0.198064 -0.739215
    outer loop
      vertex -3.28145 5.70177 54.4507
      vertex -2.395 5.60849 55.1976
      vertex -2.395 2.1215 54.2633
    endloop
  endfacet
  facet normal 0.643776 0.196761 -0.739485
    outer loop
      vertex -2.395 5.60849 55.1976
      vertex -3.28145 5.70177 54.4507
      vertex -3.28988 5.75566 54.4577
    endloop
  endfacet
  facet normal 0.642012 0.183432 -0.744428
    outer loop
      vertex -3.29484 5.75594 54.4535
      vertex -3.295 5.7565 54.4535
      vertex -3.28989 5.75566 54.4577
    endloop
  endfacet
  facet normal 0 0 -1
    outer loop
      vertex -3.295 5.7565 54.4535
      vertex -3.29484 5.75594 54.4535
      vertex -3.29486 5.75594 54.4535
    endloop
  endfacet
  facet normal 0 0 1
    outer loop
      vertex -3.3 5.75567 54.4577
      vertex -3.3 5.75566 54.4577
      vertex -3.29995 5.75566 54.4577
    endloop
  endfacet
  facet normal -0 0.957826 0.287348
    outer loop
      vertex -3.29995 5.36342 55.9216
      vertex -3.3 5.36339 55.9217
      vertex -3.29988 5.36342 55.9216
    endloop
  endfacet
  facet normal 0 0.957826 0.287348
    outer loop
      vertex -3.3 5.36339 55.9217
      vertex -3.29995 5.36342 55.9216
      vertex -3.3 5.36342 55.9216
    endloop
  endfacet
  facet normal -8.99521e-05 0.980598 0.19603
    outer loop
      vertex -2.405 5.6059 55.2073
      vertex -3.2949 5.75481 54.462
      vertex -3.295 5.75479 54.4621
    endloop
  endfacet
  facet normal 0 0.946932 0.321434
    outer loop
      vertex -2.405 5.6059 55.2073
      vertex -3.29486 5.36479 55.9176
      vertex -3.29484 5.36479 55.9176
    endloop
  endfacet
  facet normal -0.0943664 0.972711 0.211963
    outer loop
      vertex -2.405 5.6059 55.2073
      vertex -3.295 5.36482 55.9174
      vertex -3.29486 5.36479 55.9176
    endloop
  endfacet
  facet normal -0.0550475 0.964457 0.258441
    outer loop
      vertex -3.295 5.75479 54.4621
      vertex -3.295 5.36482 55.9174
      vertex -2.405 5.6059 55.2073
    endloop
  endfacet
  facet normal -0.0533965 0.964544 0.258464
    outer loop
      vertex -3.295 5.36482 55.9174
      vertex -3.295 5.75479 54.4621
      vertex -3.3 5.36457 55.9173
    endloop
  endfacet
  facet normal -0.0559359 0.964412 0.25842
    outer loop
      vertex -3.3 5.36457 55.9173
      vertex -3.295 5.75479 54.4621
      vertex -3.3 5.7545 54.4621
    endloop
  endfacet
  facet normal 0 -0.965926 -0.258819
    outer loop
      vertex -3.3 2.17618 53.9865
      vertex -3.295 2.02787 54.54
      vertex -3.3 2.02787 54.54
    endloop
  endfacet
  facet normal 0 -0.965926 -0.258819
    outer loop
      vertex -3.295 2.02787 54.54
      vertex -3.3 2.17618 53.9865
      vertex -3.295 2.17618 53.9865
    endloop
  endfacet
  facet normal 0.00694845 0.231615 -0.972783
    outer loop
      vertex -3.3 5.7565 54.4535
      vertex -3.295 5.75593 54.4534
      vertex -3.3 5.75566 54.4533
    endloop
  endfacet
  facet normal 0 0.172799 -0.984957
    outer loop
      vertex -3.295 5.75593 54.4534
      vertex -3.3 5.7565 54.4535
      vertex -3.295 5.7565 54.4535
    endloop
  endfacet
  facet normal 0 0.980787 0.195084
    outer loop
      vertex -3.28988 5.75566 54.4577
      vertex -2.405 5.60849 55.1976
      vertex -2.395 5.60849 55.1976
    endloop
  endfacet
  facet normal 0.000530798 0.980908 0.194473
    outer loop
      vertex -2.405 5.60849 55.1976
      vertex -3.28988 5.75566 54.4577
      vertex -3.29484 5.75483 54.4619
    endloop
  endfacet
  facet normal 0 0.980581 0.196116
    outer loop
      vertex -3.295 5.7565 54.4535
      vertex -3.29988 5.75566 54.4577
      vertex -3.28989 5.75566 54.4577
    endloop
  endfacet
  facet normal -0 0.980581 0.196116
    outer loop
      vertex -3.3 5.7565 54.4535
      vertex -3.29988 5.75566 54.4577
      vertex -3.295 5.7565 54.4535
    endloop
  endfacet
  facet normal -4.31923e-12 0.980581 0.196116
    outer loop
      vertex -3.3 5.75568 54.4576
      vertex -3.29988 5.75566 54.4577
      vertex -3.3 5.7565 54.4535
    endloop
  endfacet
  facet normal 0.643722 -0.198076 0.739181
    outer loop
      vertex -2.395 5.6059 55.2073
      vertex -3.27742 5.28921 55.8909
      vertex -2.395 2.11891 54.2729
    endloop
  endfacet
  facet normal 0.64363 -0.197063 0.739532
    outer loop
      vertex -2.395 5.6059 55.2073
      vertex -3.28145 5.3132 55.9008
      vertex -3.27742 5.28921 55.8909
    endloop
  endfacet
  facet normal 0.643703 -0.198081 0.739196
    outer loop
      vertex -3.28145 5.3132 55.9008
      vertex -2.395 5.6059 55.2073
      vertex -3.28834 5.35425 55.9178
    endloop
  endfacet
  facet normal 0.303984 -0.364586 0.880154
    outer loop
      vertex -2.395 2.11891 54.2729
      vertex -3.27742 5.28921 55.8909
      vertex -3.27742 2.02822 54.5401
    endloop
  endfacet
  facet normal 0 0.947755 0.319
    outer loop
      vertex -3.29988 5.36342 55.9216
      vertex -3.3 5.36204 55.9257
      vertex -3.295 5.36204 55.9257
    endloop
  endfacet
  facet normal -0 0.947755 0.319
    outer loop
      vertex -3.29988 5.36342 55.9216
      vertex -3.295 5.36204 55.9257
      vertex -3.28989 5.36342 55.9216
    endloop
  endfacet
  facet normal 0.0295962 0.947077 0.319639
    outer loop
      vertex -3.3 5.36204 55.9257
      vertex -3.29988 5.36342 55.9216
      vertex -3.3 5.36339 55.9217
    endloop
  endfacet
  facet normal -0 0.946927 0.321449
    outer loop
      vertex -2.405 5.6059 55.2073
      vertex -3.28988 5.36342 55.9216
      vertex -2.395 5.6059 55.2073
    endloop
  endfacet
  facet normal 0.00115878 0.946489 0.322735
    outer loop
      vertex -3.28988 5.36342 55.9216
      vertex -2.405 5.6059 55.2073
      vertex -3.29484 5.36479 55.9176
    endloop
  endfacet
  facet normal 0.0208487 -0.96572 -0.258748
    outer loop
      vertex -3.27743 2.17655 53.9865
      vertex -3.27801 2.02821 54.5401
      vertex -3.295 2.02787 54.54
    endloop
  endfacet
  facet normal 0 -0.965924 -0.258824
    outer loop
      vertex -3.27801 2.02821 54.5401
      vertex -3.27743 2.17655 53.9865
      vertex -3.278 2.02821 54.5401
    endloop
  endfacet
  facet normal 0.0209179 -0.965718 -0.258748
    outer loop
      vertex -3.278 2.02821 54.5401
      vertex -3.27743 2.17655 53.9865
      vertex -2.395 2.1215 54.2633
    endloop
  endfacet
  facet normal 0.0203369 -0.965726 -0.258766
    outer loop
      vertex -3.27743 2.17655 53.9865
      vertex -3.295 2.02787 54.54
      vertex -3.295 2.17618 53.9865
    endloop
  endfacet
  facet normal 0 -0.325991 0.945373
    outer loop
      vertex -3.3 5.36204 55.9257
      vertex -3.295 5.36146 55.9255
      vertex -3.295 5.36204 55.9257
    endloop
  endfacet
  facet normal 0.0123672 -0.229022 0.973343
    outer loop
      vertex -3.295 5.36146 55.9255
      vertex -3.3 5.36204 55.9257
      vertex -3.3 5.36119 55.9255
    endloop
  endfacet
  facet normal 0.637999 0.382882 -0.668101
    outer loop
      vertex -2.395 1.90342 54.7932
      vertex -3.27742 5.28921 55.8909
      vertex -3.28145 5.3132 55.9008
    endloop
  endfacet
  facet normal 0.801429 0.303243 -0.515514
    outer loop
      vertex -3.29486 5.36479 55.9176
      vertex -3.295 5.36482 55.9174
      vertex -3.295 5.36533 55.9177
    endloop
  endfacet
  facet normal 0.30401 0.364583 -0.880146
    outer loop
      vertex -2.395 1.90342 54.7932
      vertex -3.27742 2.02822 54.5401
      vertex -3.27742 5.28921 55.8909
    endloop
  endfacet
  facet normal 0 0.864507 0.50262
    outer loop
      vertex -2.395 5.02978 56.5982
      vertex -2.405 5.02478 56.6068
      vertex -2.395 5.02478 56.6068
    endloop
  endfacet
  facet normal 0 0.864507 0.50262
    outer loop
      vertex -2.405 5.02478 56.6068
      vertex -2.395 5.02978 56.5982
      vertex -2.405 5.02978 56.5982
    endloop
  endfacet
  facet normal 0.643861 -0.385711 0.660811
    outer loop
      vertex -2.395 5.02478 56.6068
      vertex -3.28988 4.60568 57.2341
      vertex -3.28834 4.5978 57.228
    endloop
  endfacet
  facet normal 0.628718 -0.284267 0.723814
    outer loop
      vertex -3.295 4.60328 57.2376
      vertex -3.29484 4.60287 57.2373
      vertex -3.28989 4.60567 57.2341
    endloop
  endfacet
  facet normal 0.62944 -0.283691 0.723412
    outer loop
      vertex -3.29484 4.60287 57.2373
      vertex -3.295 4.60328 57.2376
      vertex -3.295 4.60277 57.2374
    endloop
  endfacet
  facet normal -0.0575847 0.863073 0.501786
    outer loop
      vertex -2.405 5.02978 56.5982
      vertex -3.2949 5.36151 55.9255
      vertex -2.405 5.02478 56.6068
    endloop
  endfacet
  facet normal 0.0940749 0.936636 0.337436
    outer loop
      vertex -3.2949 5.36151 55.9255
      vertex -2.405 5.02978 56.5982
      vertex -3.29484 5.36154 55.9254
    endloop
  endfacet
  facet normal 0 0.894427 0.447214
    outer loop
      vertex -3.29988 5.36342 55.9216
      vertex -3.3 5.36347 55.9215
      vertex -3.29995 5.36342 55.9216
    endloop
  endfacet
  facet normal 0.357771 0.894427 0.268328
    outer loop
      vertex -3.29995 5.36342 55.9216
      vertex -3.3 5.36347 55.9215
      vertex -3.3 5.36344 55.9216
    endloop
  endfacet
  facet normal 0.303968 -0.579968 0.755805
    outer loop
      vertex -2.395 1.89843 54.8018
      vertex -3.27742 4.54195 57.1852
      vertex -3.27742 1.74167 55.0364
    endloop
  endfacet
  facet normal 1 0 0
    outer loop
      vertex -2.395 5.02478 56.6068
      vertex -2.395 1.90342 54.7932
      vertex -2.395 5.02978 56.5982
    endloop
  endfacet
  facet normal 1 0 -0
    outer loop
      vertex -2.395 1.90342 54.7932
      vertex -2.395 5.02478 56.6068
      vertex -2.395 1.89843 54.8018
    endloop
  endfacet
  facet normal 0.643728 0.382627 -0.66273
    outer loop
      vertex -3.28145 5.3132 55.9008
      vertex -2.395 5.02978 56.5982
      vertex -2.395 1.90342 54.7932
    endloop
  endfacet
  facet normal 0.643735 0.382524 -0.662782
    outer loop
      vertex -3.28834 5.35425 55.9178
      vertex -2.395 5.02978 56.5982
      vertex -3.28145 5.3132 55.9008
    endloop
  endfacet
  facet normal 0.643727 0.382717 -0.662679
    outer loop
      vertex -3.28988 5.36342 55.9216
      vertex -2.395 5.02978 56.5982
      vertex -3.28834 5.35425 55.9178
    endloop
  endfacet
  facet normal -0.325115 -0.94499 -0.0359857
    outer loop
      vertex -3.28988 5.36342 55.9216
      vertex -3.295 5.36533 55.9177
      vertex -2.395 5.02978 56.5982
    endloop
  endfacet
  facet normal 0.646738 0.319849 -0.692406
    outer loop
      vertex -3.29484 5.36479 55.9176
      vertex -3.295 5.36533 55.9177
      vertex -3.28988 5.36342 55.9216
    endloop
  endfacet
  facet normal 0 0.182089 -0.983282
    outer loop
      vertex -3.295 5.36533 55.9177
      vertex -3.29484 5.36479 55.9176
      vertex -3.29486 5.36479 55.9176
    endloop
  endfacet
  facet normal 0 0 1
    outer loop
      vertex -3.3 5.36344 55.9216
      vertex -3.3 5.36342 55.9216
      vertex -3.29995 5.36342 55.9216
    endloop
  endfacet
  facet normal -0.312111 0.624223 0.716193
    outer loop
      vertex -2.405 5.02478 56.6068
      vertex -3.2949 5.36151 55.9255
      vertex -3.295 5.36146 55.9255
    endloop
  endfacet
  facet normal -0.019002 0.843633 0.536583
    outer loop
      vertex -2.405 5.02478 56.6068
      vertex -3.295 4.6081 57.2304
      vertex -3.29484 4.60804 57.2305
    endloop
  endfacet
  facet normal -0.0550467 0.864719 0.49923
    outer loop
      vertex -3.295 5.36146 55.9255
      vertex -3.295 4.6081 57.2304
      vertex -2.405 5.02478 56.6068
    endloop
  endfacet
  facet normal -0.0545594 0.864742 0.499243
    outer loop
      vertex -3.295 4.6081 57.2304
      vertex -3.295 5.36146 55.9255
      vertex -3.3 4.6079 57.2302
    endloop
  endfacet
  facet normal -0.046714 0.865074 0.499465
    outer loop
      vertex -3.3 4.6079 57.2302
      vertex -3.295 5.36146 55.9255
      vertex -3.3 5.36119 55.9255
    endloop
  endfacet
  facet normal -0 0 1
    outer loop
      vertex -3.3 4.60567 57.2341
      vertex -3.3 4.60562 57.2341
      vertex -3.29988 4.60568 57.2341
    endloop
  endfacet
  facet normal 0.021615 -0.864742 -0.501751
    outer loop
      vertex -2.395 1.89843 54.8018
      vertex -3.27742 2.02822 54.5401
      vertex -2.395 1.90342 54.7932
    endloop
  endfacet
  facet normal 0.01483 -0.874972 -0.483947
    outer loop
      vertex -3.27801 2.02821 54.5401
      vertex -3.27742 2.02822 54.5401
      vertex -2.395 1.89843 54.8018
    endloop
  endfacet
  facet normal 0 0 1
    outer loop
      vertex -3.27742 2.02822 54.5401
      vertex -3.27801 2.02821 54.5401
      vertex -3.278 2.02821 54.5401
    endloop
  endfacet
  facet normal -0.00558887 0.465739 -0.884904
    outer loop
      vertex -3.3 5.36533 55.9177
      vertex -3.295 5.36482 55.9174
      vertex -3.3 5.36457 55.9173
    endloop
  endfacet
  facet normal 0 0.50702 -0.861934
    outer loop
      vertex -3.295 5.36482 55.9174
      vertex -3.3 5.36533 55.9177
      vertex -3.295 5.36533 55.9177
    endloop
  endfacet
  facet normal 0 0.896884 0.442265
    outer loop
      vertex -3.28989 5.36342 55.9216
      vertex -2.405 5.02978 56.5982
      vertex -2.395 5.02978 56.5982
    endloop
  endfacet
  facet normal -0.000557854 0.896595 0.442852
    outer loop
      vertex -2.405 5.02978 56.5982
      vertex -3.28989 5.36342 55.9216
      vertex -3.29484 5.36154 55.9254
    endloop
  endfacet
  facet normal 0 0.898081 0.43983
    outer loop
      vertex -3.295 5.36533 55.9177
      vertex -3.29988 5.36342 55.9216
      vertex -3.28989 5.36342 55.9216
    endloop
  endfacet
  facet normal 0.26062 0.957023 0.127217
    outer loop
      vertex -3.295 5.36533 55.9177
      vertex -3.28989 5.36342 55.9216
      vertex -2.395 5.02978 56.5982
    endloop
  endfacet
  facet normal -0 0.898081 0.43983
    outer loop
      vertex -3.3 5.36533 55.9177
      vertex -3.29988 5.36342 55.9216
      vertex -3.295 5.36533 55.9177
    endloop
  endfacet
  facet normal 0.0078785 0.898149 0.43962
    outer loop
      vertex -3.29988 5.36342 55.9216
      vertex -3.3 5.36533 55.9177
      vertex -3.3 5.36347 55.9215
    endloop
  endfacet
  facet normal 0.643747 -0.382619 0.662716
    outer loop
      vertex -2.395 5.02478 56.6068
      vertex -3.27742 4.54195 57.1852
      vertex -2.395 1.89843 54.8018
    endloop
  endfacet
  facet normal 0.643705 -0.382215 0.66299
    outer loop
      vertex -3.27742 4.54195 57.1852
      vertex -2.395 5.02478 56.6068
      vertex -3.28834 4.5978 57.228
    endloop
  endfacet
  facet normal 0.0199703 -0.865842 -0.499919
    outer loop
      vertex -3.27801 2.02821 54.5401
      vertex -3.27742 1.74167 55.0364
      vertex -3.295 1.74138 55.0362
    endloop
  endfacet
  facet normal 0.0209057 -0.865825 -0.499911
    outer loop
      vertex -3.27742 1.74167 55.0364
      vertex -3.27801 2.02821 54.5401
      vertex -2.395 1.89843 54.8018
    endloop
  endfacet
  facet normal 0.0202694 -0.865841 -0.499909
    outer loop
      vertex -3.27801 2.02821 54.5401
      vertex -3.295 1.74138 55.0362
      vertex -3.295 2.02787 54.54
    endloop
  endfacet
  facet normal 0 0.825828 0.563922
    outer loop
      vertex -3.29988 4.60567 57.2341
      vertex -3.3 4.60328 57.2376
      vertex -3.295 4.60328 57.2376
    endloop
  endfacet
  facet normal -0 0.825828 0.563922
    outer loop
      vertex -3.29988 4.60567 57.2341
      vertex -3.295 4.60328 57.2376
      vertex -3.28989 4.60567 57.2341
    endloop
  endfacet
  facet normal -0.327304 0.785529 0.525182
    outer loop
      vertex -3.3 4.60328 57.2376
      vertex -3.29988 4.60567 57.2341
      vertex -3.3 4.60562 57.2341
    endloop
  endfacet
  facet normal 0 0 1
    outer loop
      vertex -3.3 4.60562 57.2341
      vertex -3.29988 4.60567 57.2341
      vertex -3.29988 4.60568 57.2341
    endloop
  endfacet
  facet normal -0 0.831499 0.555526
    outer loop
      vertex -2.405 5.02478 56.6068
      vertex -3.28988 4.60568 57.2341
      vertex -2.395 5.02478 56.6068
    endloop
  endfacet
  facet normal -0.0037521 0.83393 0.551857
    outer loop
      vertex -3.28988 4.60568 57.2341
      vertex -2.405 5.02478 56.6068
      vertex -3.29484 4.60804 57.2305
    endloop
  endfacet
  facet normal 0 -0.866019 -0.500012
    outer loop
      vertex -3.3 2.02787 54.54
      vertex -3.295 1.74138 55.0362
      vertex -3.3 1.74138 55.0362
    endloop
  endfacet
  facet normal -0 -0.866019 -0.500012
    outer loop
      vertex -3.295 2.02787 54.54
      vertex -3.295 1.74138 55.0362
      vertex -3.3 2.02787 54.54
    endloop
  endfacet
  facet normal 0 -0.365088 0.930973
    outer loop
      vertex -3.3 4.60328 57.2376
      vertex -3.295 4.60277 57.2374
      vertex -3.295 4.60328 57.2376
    endloop
  endfacet
  facet normal -0.0121085 -0.465712 0.884853
    outer loop
      vertex -3.295 4.60277 57.2374
      vertex -3.3 4.60328 57.2376
      vertex -3.3 4.60252 57.2372
    endloop
  endfacet
  facet normal -0 0.708602 0.705608
    outer loop
      vertex -2.405 4.10829 57.8012
      vertex -2.395 4.10122 57.8083
      vertex -2.395 4.10829 57.8012
    endloop
  endfacet
  facet normal 0 0.708602 0.705608
    outer loop
      vertex -2.395 4.10122 57.8083
      vertex -2.405 4.10829 57.8012
      vertex -2.405 4.10122 57.8083
    endloop
  endfacet
  facet normal 0.304021 0.579958 -0.755791
    outer loop
      vertex -2.395 1.55563 55.2486
      vertex -3.27742 1.74167 55.0364
      vertex -3.27742 4.54195 57.1852
    endloop
  endfacet
  facet normal 0.579576 0.562013 -0.590113
    outer loop
      vertex -3.295 4.60852 57.2308
      vertex -3.29484 4.60804 57.2305
      vertex -3.295 4.6081 57.2304
    endloop
  endfacet
  facet normal 0.646288 0.547594 -0.531463
    outer loop
      vertex -3.295 4.60852 57.2308
      vertex -3.28988 4.60568 57.2341
      vertex -3.29484 4.60804 57.2305
    endloop
  endfacet
  facet normal -0.52612 -0.845806 0.0883768
    outer loop
      vertex -2.395 4.10829 57.8012
      vertex -3.28988 4.60568 57.2341
      vertex -3.295 4.60852 57.2308
    endloop
  endfacet
  facet normal 0.643604 0.543178 -0.539195
    outer loop
      vertex -2.395 4.10829 57.8012
      vertex -3.28834 4.5978 57.228
      vertex -3.28988 4.60568 57.2341
    endloop
  endfacet
  facet normal 0.643734 0.540789 -0.541437
    outer loop
      vertex -2.395 4.10829 57.8012
      vertex -3.27742 4.54195 57.1852
      vertex -3.28834 4.5978 57.228
    endloop
  endfacet
  facet normal 0.643696 0.54113 -0.541142
    outer loop
      vertex -3.27742 4.54195 57.1852
      vertex -2.395 4.10829 57.8012
      vertex -2.395 1.55563 55.2486
    endloop
  endfacet
  facet normal -0.495319 0.86365 0.0936407
    outer loop
      vertex -3.295 3.53082 58.3085
      vertex -3.28988 3.53406 58.3057
      vertex -2.395 4.10122 57.8083
    endloop
  endfacet
  facet normal 0.640905 -0.550241 0.535234
    outer loop
      vertex -3.295 3.53082 58.3085
      vertex -3.29484 3.53052 58.308
      vertex -3.28988 3.53406 58.3057
    endloop
  endfacet
  facet normal 0.696194 -0.495071 0.519825
    outer loop
      vertex -3.29484 3.53052 58.308
      vertex -3.295 3.53082 58.3085
      vertex -3.295 3.5304 58.3081
    endloop
  endfacet
  facet normal 0.643771 -0.542167 0.540012
    outer loop
      vertex -3.28834 3.52802 58.2978
      vertex -2.395 4.10122 57.8083
      vertex -3.28988 3.53406 58.3057
    endloop
  endfacet
  facet normal 0.643698 -0.540862 0.541407
    outer loop
      vertex -3.27742 3.48516 58.242
      vertex -2.395 4.10122 57.8083
      vertex -3.28834 3.52802 58.2978
    endloop
  endfacet
  facet normal 0.572443 -0.819945 0
    outer loop
      vertex -3.27742 3.48516 58.2419
      vertex -2.395 4.10122 57.8083
      vertex -3.27742 3.48516 58.242
    endloop
  endfacet
  facet normal 0.643695 -0.54114 0.541132
    outer loop
      vertex -2.395 4.10122 57.8083
      vertex -3.27742 3.48516 58.2419
      vertex -2.395 1.54856 55.2556
    endloop
  endfacet
  facet normal 0.0208776 -0.707005 -0.7069
    outer loop
      vertex -3.27742 1.74167 55.0364
      vertex -2.395 1.54856 55.2556
      vertex -3.27742 1.33643 55.4417
    endloop
  endfacet
  facet normal 0.0225444 -0.703401 -0.710435
    outer loop
      vertex -2.395 1.54856 55.2556
      vertex -3.27742 1.74167 55.0364
      vertex -2.395 1.55563 55.2486
    endloop
  endfacet
  facet normal 0.0213129 -0.706964 -0.706929
    outer loop
      vertex -3.295 1.74138 55.0362
      vertex -3.27742 1.33643 55.4417
      vertex -3.295 1.3362 55.4414
    endloop
  endfacet
  facet normal 0.0197053 -0.707022 -0.706917
    outer loop
      vertex -3.27742 1.33643 55.4417
      vertex -3.295 1.74138 55.0362
      vertex -3.27742 1.74167 55.0364
    endloop
  endfacet
  facet normal 0 0.751809 0.659381
    outer loop
      vertex -3.28989 4.60567 57.2341
      vertex -2.405 4.10829 57.8012
      vertex -2.395 4.10829 57.8012
    endloop
  endfacet
  facet normal 0.000498369 0.752194 0.658941
    outer loop
      vertex -2.405 4.10829 57.8012
      vertex -3.28989 4.60567 57.2341
      vertex -3.29484 4.60287 57.2373
    endloop
  endfacet
  facet normal -0 0.756823 0.65362
    outer loop
      vertex -3.3 4.60852 57.2308
      vertex -3.29988 4.60567 57.2341
      vertex -3.295 4.60852 57.2308
    endloop
  endfacet
  facet normal -0.105566 0.750692 0.652164
    outer loop
      vertex -3.29988 4.60567 57.2341
      vertex -3.3 4.60852 57.2308
      vertex -3.3 4.60574 57.234
    endloop
  endfacet
  facet normal 0 0.756823 0.65362
    outer loop
      vertex -3.295 4.60852 57.2308
      vertex -3.29988 4.60567 57.2341
      vertex -3.28989 4.60567 57.2341
    endloop
  endfacet
  facet normal 0.409533 0.900879 0.143875
    outer loop
      vertex -2.395 4.10829 57.8012
      vertex -3.295 4.60852 57.2308
      vertex -3.28989 4.60567 57.2341
    endloop
  endfacet
  facet normal 1 0 0
    outer loop
      vertex -2.395 4.10122 57.8083
      vertex -2.395 1.55563 55.2486
      vertex -2.395 4.10829 57.8012
    endloop
  endfacet
  facet normal 1 0 -0
    outer loop
      vertex -2.395 1.55563 55.2486
      vertex -2.395 4.10122 57.8083
      vertex -2.395 1.54856 55.2556
    endloop
  endfacet
  facet normal 0 -0.707124 -0.707089
    outer loop
      vertex -3.3 1.3362 55.4414
      vertex -3.295 1.74138 55.0362
      vertex -3.295 1.3362 55.4414
    endloop
  endfacet
  facet normal -0 -0.707124 -0.707089
    outer loop
      vertex -3.295 1.74138 55.0362
      vertex -3.3 1.3362 55.4414
      vertex -3.3 1.74138 55.0362
    endloop
  endfacet
  facet normal 0 0.689655 -0.724138
    outer loop
      vertex -3.295 4.6081 57.2304
      vertex -3.3 4.60852 57.2308
      vertex -3.295 4.60852 57.2308
    endloop
  endfacet
  facet normal 0.000927228 0.695421 -0.718602
    outer loop
      vertex -3.3 4.60852 57.2308
      vertex -3.295 4.6081 57.2304
      vertex -3.3 4.6079 57.2302
    endloop
  endfacet
  facet normal 0.304002 -0.755797 0.57996
    outer loop
      vertex -3.27742 3.48516 58.2419
      vertex -3.27742 1.33643 55.4417
      vertex -2.395 1.54856 55.2556
    endloop
  endfacet
  facet normal -0.0281996 0.729025 0.683906
    outer loop
      vertex -2.405 4.10829 57.8012
      vertex -3.29484 4.60287 57.2373
      vertex -3.295 4.60277 57.2374
    endloop
  endfacet
  facet normal -0.0282188 0.68389 0.72904
    outer loop
      vertex -2.405 4.10122 57.8083
      vertex -3.295 3.53735 58.3028
      vertex -3.29484 3.53725 58.3029
    endloop
  endfacet
  facet normal -0.0568029 0.707458 0.704469
    outer loop
      vertex -2.405 4.10829 57.8012
      vertex -3.295 3.53735 58.3028
      vertex -2.405 4.10122 57.8083
    endloop
  endfacet
  facet normal -0.0549994 0.70603 0.706043
    outer loop
      vertex -3.295 4.60277 57.2374
      vertex -3.295 3.53735 58.3028
      vertex -2.405 4.10829 57.8012
    endloop
  endfacet
  facet normal -0.0621055 0.705735 0.705748
    outer loop
      vertex -3.295 3.53735 58.3028
      vertex -3.295 4.60277 57.2374
      vertex -3.3 3.53721 58.3025
    endloop
  endfacet
  facet normal -0.0635111 0.705676 0.705683
    outer loop
      vertex -3.3 3.53721 58.3025
      vertex -3.295 4.60277 57.2374
      vertex -3.3 4.60252 57.2372
    endloop
  endfacet
  facet normal 0.640184 0 -0.768221
    outer loop
      vertex -3.3 4.60574 57.234
      vertex -3.29988 4.60568 57.2341
      vertex -3.29988 4.60567 57.2341
    endloop
  endfacet
  facet normal -0.0681108 0.817329 0.572131
    outer loop
      vertex -3.29988 4.60568 57.2341
      vertex -3.3 4.60574 57.234
      vertex -3.3 4.60567 57.2341
    endloop
  endfacet
  facet normal 0 0 1
    outer loop
      vertex -3.3 3.53398 58.3057
      vertex -3.29988 3.53406 58.3057
      vertex -3.3 3.53406 58.3057
    endloop
  endfacet
  facet normal -0.00017917 0.659514 0.751692
    outer loop
      vertex -2.405 4.10122 57.8083
      vertex -3.29484 3.53725 58.3029
      vertex -3.28989 3.53406 58.3057
    endloop
  endfacet
  facet normal 0 0.659356 0.751831
    outer loop
      vertex -3.28989 3.53406 58.3057
      vertex -2.395 4.10122 57.8083
      vertex -2.405 4.10122 57.8083
    endloop
  endfacet
  facet normal 0.546612 -0.836878 0.0291799
    outer loop
      vertex -3.28989 3.53406 58.3057
      vertex -3.295 3.53082 58.3085
      vertex -2.395 4.10122 57.8083
    endloop
  endfacet
  facet normal -0 0.653863 0.756613
    outer loop
      vertex -3.29988 3.53406 58.3057
      vertex -3.295 3.53082 58.3085
      vertex -3.28989 3.53406 58.3057
    endloop
  endfacet
  facet normal -0.404366 0.606549 0.684534
    outer loop
      vertex -3.3 3.53082 58.3085
      vertex -3.29988 3.53406 58.3057
      vertex -3.3 3.53398 58.3057
    endloop
  endfacet
  facet normal 0 0.653863 0.756613
    outer loop
      vertex -3.29988 3.53406 58.3057
      vertex -3.3 3.53082 58.3085
      vertex -3.295 3.53082 58.3085
    endloop
  endfacet
  facet normal 0 -0.689655 0.724138
    outer loop
      vertex -3.3 3.53082 58.3085
      vertex -3.295 3.5304 58.3081
      vertex -3.295 3.53082 58.3085
    endloop
  endfacet
  facet normal -0.000927228 -0.695421 0.718602
    outer loop
      vertex -3.295 3.5304 58.3081
      vertex -3.3 3.53082 58.3085
      vertex -3.3 3.5302 58.3079
    endloop
  endfacet
  facet normal 0.645081 0.653697 -0.395664
    outer loop
      vertex -3.29484 3.53725 58.3029
      vertex -3.295 3.53765 58.3033
      vertex -3.28989 3.53406 58.3057
    endloop
  endfacet
  facet normal 0.650945 0.650945 -0.390567
    outer loop
      vertex -3.295 3.53765 58.3033
      vertex -3.29484 3.53725 58.3029
      vertex -3.295 3.53735 58.3028
    endloop
  endfacet
  facet normal 0.643681 0.663326 -0.381673
    outer loop
      vertex -3.28834 3.52802 58.2978
      vertex -3.28988 3.53406 58.3057
      vertex -2.395 2.90683 58.7248
    endloop
  endfacet
  facet normal 0.937787 0.347212 0
    outer loop
      vertex -2.395 1.10183 55.5984
      vertex -3.27742 3.48516 58.2419
      vertex -3.27742 3.48516 58.242
    endloop
  endfacet
  facet normal 0.303932 0.755815 -0.579973
    outer loop
      vertex -3.27742 3.48516 58.2419
      vertex -2.395 1.10183 55.5984
      vertex -3.27742 1.33643 55.4417
    endloop
  endfacet
  facet normal 0 0.555769 0.831337
    outer loop
      vertex -3.295 3.53765 58.3033
      vertex -3.29988 3.53406 58.3057
      vertex -3.28989 3.53406 58.3057
    endloop
  endfacet
  facet normal -0 0.555769 0.831337
    outer loop
      vertex -3.3 3.53765 58.3033
      vertex -3.29988 3.53406 58.3057
      vertex -3.295 3.53765 58.3033
    endloop
  endfacet
  facet normal -0.314773 0.520223 0.793906
    outer loop
      vertex -3.3 3.53414 58.3056
      vertex -3.29988 3.53406 58.3057
      vertex -3.3 3.53765 58.3033
    endloop
  endfacet
  facet normal 0 0.555569 0.831471
    outer loop
      vertex -3.28988 3.53406 58.3057
      vertex -2.405 2.90683 58.7248
      vertex -2.395 2.90683 58.7248
    endloop
  endfacet
  facet normal -0.00548135 0.550203 0.835013
    outer loop
      vertex -2.405 2.90683 58.7248
      vertex -3.28988 3.53406 58.3057
      vertex -3.29484 3.53052 58.308
    endloop
  endfacet
  facet normal 1 0 0
    outer loop
      vertex -2.395 2.89817 58.7298
      vertex -2.395 1.10183 55.5984
      vertex -2.395 2.90683 58.7248
    endloop
  endfacet
  facet normal 1 0 -0
    outer loop
      vertex -2.395 1.10183 55.5984
      vertex -2.395 2.89817 58.7298
      vertex -2.395 1.09317 55.6034
    endloop
  endfacet
  facet normal 0.643738 0.662548 -0.382925
    outer loop
      vertex -2.395 2.90683 58.7248
      vertex -3.27742 3.48516 58.242
      vertex -3.28834 3.52802 58.2978
    endloop
  endfacet
  facet normal 0.643708 0.662747 -0.382631
    outer loop
      vertex -3.27742 3.48516 58.242
      vertex -2.395 2.90683 58.7248
      vertex -2.395 1.10183 55.5984
    endloop
  endfacet
  facet normal 0.0477031 0.601153 0.797709
    outer loop
      vertex -3.295 3.5304 58.3081
      vertex -2.405 2.90683 58.7248
      vertex -3.29484 3.53052 58.308
    endloop
  endfacet
  facet normal -0.0550553 0.499258 0.864702
    outer loop
      vertex -3.295 2.22553 59.0615
      vertex -2.405 2.90683 58.7248
      vertex -3.295 3.5304 58.3081
    endloop
  endfacet
  facet normal 0.172348 0.246212 0.953769
    outer loop
      vertex -2.405 2.90683 58.7248
      vertex -3.295 2.22553 59.0615
      vertex -3.2949 2.22546 59.0615
    endloop
  endfacet
  facet normal -0.0545599 0.499272 0.864726
    outer loop
      vertex -3.3 3.5302 58.3079
      vertex -3.295 2.22553 59.0615
      vertex -3.295 3.5304 58.3081
    endloop
  endfacet
  facet normal -0.0588592 0.499137 0.864522
    outer loop
      vertex -3.295 2.22553 59.0615
      vertex -3.3 3.5302 58.3079
      vertex -3.3 2.22546 59.0612
    endloop
  endfacet
  facet normal -0 0 1
    outer loop
      vertex -3.3 2.2216 59.0634
      vertex -3.3 2.22156 59.0634
      vertex -3.29995 2.2216 59.0634
    endloop
  endfacet
  facet normal 0 0.780869 0.624695
    outer loop
      vertex -3.3 3.53414 58.3056
      vertex -3.3 3.53406 58.3057
      vertex -3.29988 3.53406 58.3057
    endloop
  endfacet
  facet normal 0.0209057 -0.499902 -0.86583
    outer loop
      vertex -3.27742 0.840114 55.7282
      vertex -2.395 1.10183 55.5984
      vertex -2.395 1.09317 55.6034
    endloop
  endfacet
  facet normal 0.00385346 -0.454708 -0.890632
    outer loop
      vertex -3.27801 0.840109 55.7282
      vertex -2.395 1.10183 55.5984
      vertex -3.27742 0.840114 55.7282
    endloop
  endfacet
  facet normal 0.647605 -0.647605 0.401515
    outer loop
      vertex -3.29484 2.21758 59.0648
      vertex -3.295 2.21773 59.0653
      vertex -3.29486 2.21756 59.0648
    endloop
  endfacet
  facet normal 0.642406 -0.652824 0.401417
    outer loop
      vertex -3.295 2.21773 59.0653
      vertex -3.29484 2.21758 59.0648
      vertex -3.28988 2.2216 59.0634
    endloop
  endfacet
  facet normal 0.643746 -0.662989 0.382147
    outer loop
      vertex -2.395 2.89817 58.7298
      vertex -3.28834 2.2178 59.0543
      vertex -3.28145 2.2008 59.0132
    endloop
  endfacet
  facet normal 0.643614 -0.661402 0.385109
    outer loop
      vertex -3.28834 2.2178 59.0543
      vertex -2.395 2.89817 58.7298
      vertex -3.28988 2.2216 59.0634
    endloop
  endfacet
  facet normal 0.64371 -0.662746 0.38263
    outer loop
      vertex -2.395 2.89817 58.7298
      vertex -3.28145 2.2008 59.0132
      vertex -2.395 1.09317 55.6034
    endloop
  endfacet
  facet normal -0.579354 0.810198 0.0890383
    outer loop
      vertex -3.28988 2.2216 59.0634
      vertex -2.395 2.89817 58.7298
      vertex -3.295 2.21773 59.0653
    endloop
  endfacet
  facet normal -0 0.500011 0.866019
    outer loop
      vertex -2.405 2.90683 58.7248
      vertex -2.395 2.89817 58.7298
      vertex -2.395 2.90683 58.7248
    endloop
  endfacet
  facet normal 0 0.500011 0.866019
    outer loop
      vertex -2.395 2.89817 58.7298
      vertex -2.405 2.90683 58.7248
      vertex -2.405 2.89817 58.7298
    endloop
  endfacet
  facet normal 0.30397 -0.880163 0.364574
    outer loop
      vertex -2.395 1.09317 55.6034
      vertex -3.27742 2.19086 58.9892
      vertex -3.27742 0.840114 55.7282
    endloop
  endfacet
  facet normal 0 0.857493 -0.514496
    outer loop
      vertex -3.295 3.53735 58.3028
      vertex -3.3 3.53765 58.3033
      vertex -3.295 3.53765 58.3033
    endloop
  endfacet
  facet normal 0.00438104 0.876207 -0.481914
    outer loop
      vertex -3.3 3.53765 58.3033
      vertex -3.295 3.53735 58.3028
      vertex -3.3 3.53721 58.3025
    endloop
  endfacet
  facet normal -0.0550953 0.499252 0.864704
    outer loop
      vertex -3.2949 2.22546 59.0615
      vertex -2.405 2.89817 58.7298
      vertex -2.405 2.90683 58.7248
    endloop
  endfacet
  facet normal 0.186928 0.224313 0.956421
    outer loop
      vertex -2.405 2.89817 58.7298
      vertex -3.2949 2.22546 59.0615
      vertex -3.29484 2.22541 59.0615
    endloop
  endfacet
  facet normal -0.581914 0.727393 0.363696
    outer loop
      vertex -3.3 2.22151 59.0635
      vertex -3.29995 2.2216 59.0634
      vertex -3.3 2.22156 59.0634
    endloop
  endfacet
  facet normal -0 0.743294 0.668965
    outer loop
      vertex -3.29995 2.2216 59.0634
      vertex -3.3 2.22151 59.0635
      vertex -3.29988 2.2216 59.0634
    endloop
  endfacet
  facet normal -0.640184 0 -0.768221
    outer loop
      vertex -3.29988 2.2216 59.0634
      vertex -3.3 2.22151 59.0635
      vertex -3.29988 2.22161 59.0634
    endloop
  endfacet
  facet normal -0.00237328 0.444737 0.895658
    outer loop
      vertex -2.405 2.89817 58.7298
      vertex -3.29484 2.22541 59.0615
      vertex -3.28989 2.22161 59.0634
    endloop
  endfacet
  facet normal 0 0.442243 0.896895
    outer loop
      vertex -3.28989 2.22161 59.0634
      vertex -2.395 2.89817 58.7298
      vertex -2.405 2.89817 58.7298
    endloop
  endfacet
  facet normal 0.496019 -0.245391 0.832915
    outer loop
      vertex -3.28989 2.22161 59.0634
      vertex -3.295 2.21773 59.0653
      vertex -2.395 2.89817 58.7298
    endloop
  endfacet
  facet normal -0 0.439791 0.8981
    outer loop
      vertex -3.29988 2.22161 59.0634
      vertex -3.295 2.21773 59.0653
      vertex -3.28989 2.22161 59.0634
    endloop
  endfacet
  facet normal 0.366659 0.399991 0.839981
    outer loop
      vertex -3.3 2.21773 59.0653
      vertex -3.29988 2.22161 59.0634
      vertex -3.3 2.22151 59.0635
    endloop
  endfacet
  facet normal 0 0.439791 0.8981
    outer loop
      vertex -3.29988 2.22161 59.0634
      vertex -3.3 2.21773 59.0653
      vertex -3.295 2.21773 59.0653
    endloop
  endfacet
  facet normal 0 -0.500003 -0.866023
    outer loop
      vertex -3.3 0.839972 55.7279
      vertex -3.295 1.3362 55.4414
      vertex -3.295 0.839972 55.7279
    endloop
  endfacet
  facet normal -0 -0.500003 -0.866023
    outer loop
      vertex -3.295 1.3362 55.4414
      vertex -3.3 0.839972 55.7279
      vertex -3.3 1.3362 55.4414
    endloop
  endfacet
  facet normal 0.020872 -0.499843 -0.865865
    outer loop
      vertex -3.27801 0.840109 55.7282
      vertex -3.27742 1.33643 55.4417
      vertex -2.395 1.10183 55.5984
    endloop
  endfacet
  facet normal 0.01932 -0.49991 -0.865862
    outer loop
      vertex -3.295 1.3362 55.4414
      vertex -3.27801 0.840109 55.7282
      vertex -3.295 0.839972 55.7279
    endloop
  endfacet
  facet normal 0.0213151 -0.499839 -0.865856
    outer loop
      vertex -3.27801 0.840109 55.7282
      vertex -3.295 1.3362 55.4414
      vertex -3.27742 1.33643 55.4417
    endloop
  endfacet
  facet normal 0.595598 -0.694864 0.403021
    outer loop
      vertex -3.295 2.21773 59.0653
      vertex -3.295 2.21744 59.0648
      vertex -3.29486 2.21756 59.0648
    endloop
  endfacet
  facet normal 0.643405 -0.663033 0.382645
    outer loop
      vertex -2.395 1.09317 55.6034
      vertex -3.28145 2.2008 59.0132
      vertex -3.27742 2.19086 58.9892
    endloop
  endfacet
  facet normal 0 -0.865031 0.501718
    outer loop
      vertex -3.3 2.21773 59.0653
      vertex -3.295 2.21744 59.0648
      vertex -3.295 2.21773 59.0653
    endloop
  endfacet
  facet normal 0.0041122 -0.846629 0.532167
    outer loop
      vertex -3.295 2.21744 59.0648
      vertex -3.3 2.21773 59.0653
      vertex -3.3 2.21729 59.0646
    endloop
  endfacet
  facet normal 0.644417 0.736362 -0.20615
    outer loop
      vertex -3.29484 2.22541 59.0615
      vertex -3.295 2.22569 59.062
      vertex -3.28989 2.22161 59.0634
    endloop
  endfacet
  facet normal 0.624524 0.749429 -0.219832
    outer loop
      vertex -3.2949 2.22546 59.0615
      vertex -3.295 2.22569 59.062
      vertex -3.29484 2.22541 59.0615
    endloop
  endfacet
  facet normal 0.554718 0.792454 -0.253585
    outer loop
      vertex -3.295 2.22569 59.062
      vertex -3.2949 2.22546 59.0615
      vertex -3.295 2.22553 59.0615
    endloop
  endfacet
  facet normal 0.643769 0.738745 -0.199541
    outer loop
      vertex -3.28834 2.2178 59.0543
      vertex -3.28988 2.2216 59.0634
      vertex -2.395 1.50727 59.3059
    endloop
  endfacet
  facet normal 0.303968 0.880164 -0.364575
    outer loop
      vertex -2.395 0.572936 55.8189
      vertex -3.27742 0.840114 55.7282
      vertex -3.27742 2.19086 58.9892
    endloop
  endfacet
  facet normal 0 0.324561 0.945865
    outer loop
      vertex -3.295 2.22569 59.062
      vertex -3.29988 2.22161 59.0634
      vertex -3.28989 2.22161 59.0634
    endloop
  endfacet
  facet normal -0 0.324561 0.945865
    outer loop
      vertex -3.3 2.22569 59.062
      vertex -3.29988 2.22161 59.0634
      vertex -3.295 2.22569 59.062
    endloop
  endfacet
  facet normal 0.240997 0.321329 0.915788
    outer loop
      vertex -3.3 2.2217 59.0634
      vertex -3.29988 2.22161 59.0634
      vertex -3.3 2.22569 59.062
    endloop
  endfacet
  facet normal 0 0 1
    outer loop
      vertex -3.29988 2.22161 59.0634
      vertex -3.3 2.2217 59.0634
      vertex -3.29988 2.2216 59.0634
    endloop
  endfacet
  facet normal 0 0.32146 0.946923
    outer loop
      vertex -3.28988 2.2216 59.0634
      vertex -2.405 1.50727 59.3059
      vertex -2.395 1.50727 59.3059
    endloop
  endfacet
  facet normal 0.00335783 0.325186 0.945644
    outer loop
      vertex -2.405 1.50727 59.3059
      vertex -3.28988 2.2216 59.0634
      vertex -3.29484 2.21758 59.0648
    endloop
  endfacet
  facet normal 1 0 0
    outer loop
      vertex -2.395 1.49761 59.3085
      vertex -2.395 0.572936 55.8189
      vertex -2.395 1.50727 59.3059
    endloop
  endfacet
  facet normal 1 0 -0
    outer loop
      vertex -2.395 0.572936 55.8189
      vertex -2.395 1.49761 59.3085
      vertex -2.395 0.563278 55.8215
    endloop
  endfacet
  facet normal -0 0.259902 0.965635
    outer loop
      vertex -2.405 1.50727 59.3059
      vertex -2.395 1.49761 59.3085
      vertex -2.395 1.50727 59.3059
    endloop
  endfacet
  facet normal 0 0.259902 0.965635
    outer loop
      vertex -2.395 1.49761 59.3085
      vertex -2.405 1.50727 59.3059
      vertex -2.405 1.49761 59.3085
    endloop
  endfacet
  facet normal 0.643702 0.739254 -0.197864
    outer loop
      vertex -2.395 1.50727 59.3059
      vertex -3.28145 2.2008 59.0132
      vertex -3.28834 2.2178 59.0543
    endloop
  endfacet
  facet normal 0.643716 0.739191 -0.198057
    outer loop
      vertex -2.395 1.50727 59.3059
      vertex -3.27742 2.19086 58.9892
      vertex -3.28145 2.2008 59.0132
    endloop
  endfacet
  facet normal 0.643717 0.739188 -0.198064
    outer loop
      vertex -3.27742 2.19086 58.9892
      vertex -2.395 1.50727 59.3059
      vertex -2.395 0.572936 55.8189
    endloop
  endfacet
  facet normal -0.147365 0.147365 0.978043
    outer loop
      vertex -3.29486 2.21756 59.0648
      vertex -2.405 1.50727 59.3059
      vertex -3.29484 2.21758 59.0648
    endloop
  endfacet
  facet normal -0.137144 0.160001 0.977544
    outer loop
      vertex -3.295 2.21744 59.0648
      vertex -2.405 1.50727 59.3059
      vertex -3.29486 2.21756 59.0648
    endloop
  endfacet
  facet normal -0.0550454 0.258445 0.964456
    outer loop
      vertex -3.295 0.762052 59.4548
      vertex -2.405 1.50727 59.3059
      vertex -3.295 2.21744 59.0648
    endloop
  endfacet
  facet normal 0.0820808 0.100099 0.991586
    outer loop
      vertex -2.405 1.50727 59.3059
      vertex -3.295 0.762052 59.4548
      vertex -3.2949 0.76197 59.4548
    endloop
  endfacet
  facet normal -0.0463521 0.258559 0.964883
    outer loop
      vertex -3.3 2.21729 59.0646
      vertex -3.295 0.762052 59.4548
      vertex -3.295 2.21744 59.0648
    endloop
  endfacet
  facet normal -0.0578588 0.258367 0.964313
    outer loop
      vertex -3.295 0.762052 59.4548
      vertex -3.3 2.21729 59.0646
      vertex -3.3 0.762052 59.4545
    endloop
  endfacet
  facet normal -0 0 1
    outer loop
      vertex -3.3 0.757745 59.4557
      vertex -3.3 0.757702 59.4557
      vertex -3.29995 0.757745 59.4557
    endloop
  endfacet
  facet normal 0 0 1
    outer loop
      vertex -3.3 2.2217 59.0634
      vertex -3.29995 2.2216 59.0634
      vertex -3.29988 2.2216 59.0634
    endloop
  endfacet
  facet normal 0 0 1
    outer loop
      vertex -3.29995 2.2216 59.0634
      vertex -3.3 2.2217 59.0634
      vertex -3.3 2.2216 59.0634
    endloop
  endfacet
  facet normal 0.0205397 -0.259897 -0.965418
    outer loop
      vertex -2.395 0.563278 55.8215
      vertex -3.27742 0.840114 55.7282
      vertex -2.395 0.572936 55.8189
    endloop
  endfacet
  facet normal 0.00264235 -0.311798 -0.950145
    outer loop
      vertex -3.27742 0.840114 55.7282
      vertex -2.395 0.563278 55.8215
      vertex -3.27801 0.840109 55.7282
    endloop
  endfacet
  facet normal 0 -0.258814 -0.965927
    outer loop
      vertex -3.3 0.286497 55.8762
      vertex -3.295 0.839972 55.7279
      vertex -3.295 0.286497 55.8762
    endloop
  endfacet
  facet normal -0 -0.258814 -0.965927
    outer loop
      vertex -3.295 0.839972 55.7279
      vertex -3.3 0.286497 55.8762
      vertex -3.3 0.839972 55.7279
    endloop
  endfacet
  facet normal 0.0209365 -0.258698 -0.965731
    outer loop
      vertex -3.27743 0.286545 55.8765
      vertex -3.27801 0.840109 55.7282
      vertex -2.395 0.563278 55.8215
    endloop
  endfacet
  facet normal 0.0171974 -0.25872 -0.965799
    outer loop
      vertex -3.295 0.286497 55.8762
      vertex -3.27801 0.840109 55.7282
      vertex -3.27743 0.286545 55.8765
    endloop
  endfacet
  facet normal 0.0191393 -0.258766 -0.96575
    outer loop
      vertex -3.295 0.286497 55.8762
      vertex -3.295 0.839972 55.7279
      vertex -3.27801 0.840109 55.7282
    endloop
  endfacet
  facet normal 0.643722 -0.739203 0.197995
    outer loop
      vertex -3.28145 0.750651 59.4018
      vertex -2.395 1.49761 59.3085
      vertex -3.28988 0.757747 59.4557
    endloop
  endfacet
  facet normal 0.643717 -0.739188 0.198063
    outer loop
      vertex -2.395 1.49761 59.3085
      vertex -3.28145 0.750651 59.4018
      vertex -2.395 0.563278 55.8215
    endloop
  endfacet
  facet normal 0.675921 -0.711496 0.192104
    outer loop
      vertex -3.29484 0.753506 59.4559
      vertex -3.295 0.753516 59.4565
      vertex -3.29486 0.753487 59.4559
    endloop
  endfacet
  facet normal 0.643622 -0.742893 0.184014
    outer loop
      vertex -3.295 0.753516 59.4565
      vertex -3.29484 0.753506 59.4559
      vertex -3.28989 0.757745 59.4557
    endloop
  endfacet
  facet normal 0 0.952424 -0.304776
    outer loop
      vertex -3.295 2.22553 59.0615
      vertex -3.3 2.22569 59.062
      vertex -3.295 2.22569 59.062
    endloop
  endfacet
  facet normal 0.00312346 0.961065 -0.276306
    outer loop
      vertex -3.3 2.22569 59.062
      vertex -3.295 2.22553 59.0615
      vertex -3.3 2.22546 59.0612
    endloop
  endfacet
  facet normal -0.0560101 0.259494 0.964119
    outer loop
      vertex -3.2949 0.76197 59.4548
      vertex -2.405 1.49761 59.3085
      vertex -2.405 1.50727 59.3059
    endloop
  endfacet
  facet normal 0.0849975 0.0944416 0.991895
    outer loop
      vertex -2.405 1.49761 59.3085
      vertex -3.2949 0.76197 59.4548
      vertex -3.29484 0.761916 59.4548
    endloop
  endfacet
  facet normal 0 0 1
    outer loop
      vertex -3.3 0.757649 59.4557
      vertex -3.29995 0.757745 59.4557
      vertex -3.3 0.757702 59.4557
    endloop
  endfacet
  facet normal -0 0 1
    outer loop
      vertex -3.29995 0.757745 59.4557
      vertex -3.3 0.757649 59.4557
      vertex -3.29988 0.757746 59.4557
    endloop
  endfacet
  facet normal -0 0.195131 0.980777
    outer loop
      vertex -2.405 1.49761 59.3085
      vertex -3.28988 0.757747 59.4557
      vertex -2.395 1.49761 59.3085
    endloop
  endfacet
  facet normal -0.00694551 0.203111 0.979131
    outer loop
      vertex -3.28988 0.757747 59.4557
      vertex -2.405 1.49761 59.3085
      vertex -3.29484 0.761916 59.4548
    endloop
  endfacet
  facet normal -0 0.185873 0.982574
    outer loop
      vertex -3.29988 0.757745 59.4557
      vertex -3.295 0.753516 59.4565
      vertex -3.28989 0.757745 59.4557
    endloop
  endfacet
  facet normal 0 0 1
    outer loop
      vertex -3.3 0.757649 59.4557
      vertex -3.29988 0.757745 59.4557
      vertex -3.29988 0.757746 59.4557
    endloop
  endfacet
  facet normal -0.150302 0.187878 0.970624
    outer loop
      vertex -3.29988 0.757745 59.4557
      vertex -3.3 0.757649 59.4557
      vertex -3.3 0.753516 59.4565
    endloop
  endfacet
  facet normal 0 0.185873 0.982574
    outer loop
      vertex -3.29988 0.757745 59.4557
      vertex -3.3 0.753516 59.4565
      vertex -3.295 0.753516 59.4565
    endloop
  endfacet
  facet normal 0.30396 -0.944535 0.124349
    outer loop
      vertex -3.27742 0.747262 59.376
      vertex -3.27742 0.286548 55.8765
      vertex -2.395 0.563278 55.8215
    endloop
  endfacet
  facet normal 0.281268 -0.937559 -0.204626
    outer loop
      vertex -3.27743 0.286545 55.8765
      vertex -2.395 0.563278 55.8215
      vertex -3.27742 0.286548 55.8765
    endloop
  endfacet
  facet normal 0.641003 -0.741687 0.197522
    outer loop
      vertex -3.27742 0.747263 59.376
      vertex -2.395 0.563278 55.8215
      vertex -3.28145 0.750651 59.4018
    endloop
  endfacet
  facet normal 0.97054 0 0.240941
    outer loop
      vertex -2.395 0.563278 55.8215
      vertex -3.27742 0.747263 59.376
      vertex -3.27742 0.747262 59.376
    endloop
  endfacet
  facet normal 0.651276 -0.735311 0.187504
    outer loop
      vertex -3.295 0.753516 59.4565
      vertex -3.295 0.753363 59.4559
      vertex -3.29486 0.753487 59.4559
    endloop
  endfacet
  facet normal 0 -0.968992 0.247093
    outer loop
      vertex -3.3 0.753516 59.4565
      vertex -3.295 0.753363 59.4559
      vertex -3.295 0.753516 59.4565
    endloop
  endfacet
  facet normal 0.00331896 -0.962016 0.272972
    outer loop
      vertex -3.295 0.753363 59.4559
      vertex -3.3 0.753516 59.4565
      vertex -3.3 0.753289 59.4557
    endloop
  endfacet
  facet normal -0 0 1
    outer loop
      vertex -2.405 0.00499916 59.505
      vertex -2.395 -0.00499916 59.505
      vertex -2.395 0.00499916 59.505
    endloop
  endfacet
  facet normal 0 0 1
    outer loop
      vertex -2.395 -0.00499916 59.505
      vertex -2.405 0.00499916 59.505
      vertex -2.405 -0.00499916 59.505
    endloop
  endfacet
  facet normal -0.96934 0 -0.245724
    outer loop
      vertex -2.395 0.00499916 55.895
      vertex -3.27742 0.747262 59.376
      vertex -3.27742 0.747263 59.376
    endloop
  endfacet
  facet normal 0.303973 0.94453 -0.124349
    outer loop
      vertex -3.27742 0.747262 59.376
      vertex -2.395 0.00499916 55.895
      vertex -3.27742 0.286548 55.8765
    endloop
  endfacet
  facet normal 0.668932 0.743258 0.0099101
    outer loop
      vertex -3.2949 0.76197 59.4548
      vertex -3.295 0.762052 59.4554
      vertex -3.29484 0.761916 59.4548
    endloop
  endfacet
  facet normal 0.63408 0.773268 0
    outer loop
      vertex -3.295 0.762052 59.4554
      vertex -3.2949 0.76197 59.4548
      vertex -3.295 0.762052 59.4548
    endloop
  endfacet
  facet normal 0.64372 0.765261 -6.92781e-05
    outer loop
      vertex -2.395 0.00499916 59.505
      vertex -3.28145 0.750651 59.4018
      vertex -3.28988 0.757747 59.4557
    endloop
  endfacet
  facet normal 0.643711 0.765268 5.53524e-05
    outer loop
      vertex -2.395 0.00499916 59.505
      vertex -3.27742 0.747263 59.376
      vertex -3.28145 0.750651 59.4018
    endloop
  endfacet
  facet normal 0.643716 0.765264 0
    outer loop
      vertex -3.27742 0.747263 59.376
      vertex -2.395 0.00499916 59.505
      vertex -2.395 0.00499916 55.895
    endloop
  endfacet
  facet normal 0.643773 0.765214 -0.00177576
    outer loop
      vertex -3.29484 0.761916 59.4548
      vertex -3.295 0.762052 59.4554
      vertex -2.395 0.00499916 59.505
    endloop
  endfacet
  facet normal -0.643839 -0.765151 0.00392159
    outer loop
      vertex -3.28988 0.757747 59.4557
      vertex -3.29484 0.761916 59.4548
      vertex -2.395 0.00499916 59.505
    endloop
  endfacet
  facet normal 0.643622 -0.765341 -0.00184467
    outer loop
      vertex -3.295 -0.762052 59.4554
      vertex -3.29484 -0.761916 59.4548
      vertex -3.28988 -0.757747 59.4557
    endloop
  endfacet
  facet normal 0.668932 -0.743258 0.0099101
    outer loop
      vertex -3.295 -0.762052 59.4554
      vertex -3.2949 -0.76197 59.4548
      vertex -3.29484 -0.761916 59.4548
    endloop
  endfacet
  facet normal 0.63408 -0.773268 0
    outer loop
      vertex -3.2949 -0.76197 59.4548
      vertex -3.295 -0.762052 59.4554
      vertex -3.295 -0.762052 59.4548
    endloop
  endfacet
  facet normal 0.64372 -0.765261 -6.92781e-05
    outer loop
      vertex -3.28145 -0.750651 59.4018
      vertex -2.395 -0.00499916 59.505
      vertex -3.28988 -0.757747 59.4557
    endloop
  endfacet
  facet normal 0.643711 -0.765268 5.53524e-05
    outer loop
      vertex -3.27742 -0.747263 59.376
      vertex -2.395 -0.00499916 59.505
      vertex -3.28145 -0.750651 59.4018
    endloop
  endfacet
  facet normal 0.643716 -0.765264 0
    outer loop
      vertex -2.395 -0.00499916 59.505
      vertex -3.27742 -0.747263 59.376
      vertex -2.395 -0.00499916 55.895
    endloop
  endfacet
  facet normal -0.644298 0.760952 0.0763674
    outer loop
      vertex -3.28988 -0.757747 59.4557
      vertex -2.395 -0.00499916 59.505
      vertex -3.295 -0.762052 59.4554
    endloop
  endfacet
  facet normal 0.0209605 0 -0.99978
    outer loop
      vertex -3.27742 -0.286548 55.8765
      vertex -2.395 0.00499916 55.895
      vertex -2.395 -0.00499916 55.895
    endloop
  endfacet
  facet normal 0.0209605 0 -0.99978
    outer loop
      vertex -3.27742 -0.286548 55.8765
      vertex -3.27742 0.286548 55.8765
      vertex -2.395 0.00499916 55.895
    endloop
  endfacet
  facet normal 0 0 -1
    outer loop
      vertex -3.27743 -0.286545 55.8765
      vertex -3.27742 0.286548 55.8765
      vertex -3.27742 -0.286548 55.8765
    endloop
  endfacet
  facet normal 0 0 -1
    outer loop
      vertex -3.27743 -0.286545 55.8765
      vertex -3.27743 0.286545 55.8765
      vertex -3.27742 0.286548 55.8765
    endloop
  endfacet
  facet normal 0.0170721 0 -0.999854
    outer loop
      vertex -3.295 -0.286497 55.8762
      vertex -3.27743 0.286545 55.8765
      vertex -3.27743 -0.286545 55.8765
    endloop
  endfacet
  facet normal 0.0170721 0 -0.999854
    outer loop
      vertex -3.27743 0.286545 55.8765
      vertex -3.295 -0.286497 55.8762
      vertex -3.295 0.286497 55.8762
    endloop
  endfacet
  facet normal 0 0.0653535 0.997862
    outer loop
      vertex -2.395 0.00499916 59.505
      vertex -3.28989 0.757745 59.4557
      vertex -2.405 0.00499916 59.505
    endloop
  endfacet
  facet normal 0.593882 0.728404 0.341659
    outer loop
      vertex -3.295 0.762052 59.4554
      vertex -3.28989 0.757745 59.4557
      vertex -2.395 0.00499916 59.505
    endloop
  endfacet
  facet normal 0 0.0694857 0.997583
    outer loop
      vertex -3.295 0.762052 59.4554
      vertex -3.29988 0.757745 59.4557
      vertex -3.28989 0.757745 59.4557
    endloop
  endfacet
  facet normal -0 0.0694857 0.997583
    outer loop
      vertex -3.3 0.762052 59.4554
      vertex -3.29988 0.757745 59.4557
      vertex -3.295 0.762052 59.4554
    endloop
  endfacet
  facet normal 0.0597741 0.0710187 0.995682
    outer loop
      vertex -3.29988 0.757745 59.4557
      vertex -3.3 0.762052 59.4554
      vertex -3.3 0.757846 59.4557
    endloop
  endfacet
  facet normal -0.00780236 0.0562159 0.998388
    outer loop
      vertex -2.405 0.00499916 59.505
      vertex -3.28989 0.757745 59.4557
      vertex -3.29484 0.753506 59.4559
    endloop
  endfacet
  facet normal 1 -0 0
    outer loop
      vertex -2.395 -0.00499916 59.505
      vertex -2.395 0.00499916 55.895
      vertex -2.395 0.00499916 59.505
    endloop
  endfacet
  facet normal 1 0 0
    outer loop
      vertex -2.395 0.00499916 55.895
      vertex -2.395 -0.00499916 59.505
      vertex -2.395 -0.00499916 55.895
    endloop
  endfacet
  facet normal 0 0 -1
    outer loop
      vertex -3.3 -0.286497 55.8762
      vertex -3.295 0.286497 55.8762
      vertex -3.295 -0.286497 55.8762
    endloop
  endfacet
  facet normal -0 0 -1
    outer loop
      vertex -3.295 0.286497 55.8762
      vertex -3.3 -0.286497 55.8762
      vertex -3.3 0.286497 55.8762
    endloop
  endfacet
  facet normal 0 1 -0
    outer loop
      vertex -3.295 0.762052 59.4548
      vertex -3.3 0.762052 59.4554
      vertex -3.295 0.762052 59.4554
    endloop
  endfacet
  facet normal 0 1 0
    outer loop
      vertex -3.3 0.762052 59.4554
      vertex -3.295 0.762052 59.4548
      vertex -3.3 0.762052 59.4545
    endloop
  endfacet
  facet normal -0.96934 -0 -0.245724
    outer loop
      vertex -3.27742 -0.747262 59.376
      vertex -2.395 -0.00499916 55.895
      vertex -3.27742 -0.747263 59.376
    endloop
  endfacet
  facet normal 0.303973 -0.94453 -0.124349
    outer loop
      vertex -2.395 -0.00499916 55.895
      vertex -3.27742 -0.747262 59.376
      vertex -3.27742 -0.286548 55.8765
    endloop
  endfacet
  facet normal -0.0292391 0.030778 0.999098
    outer loop
      vertex -3.29486 0.753487 59.4559
      vertex -2.405 0.00499916 59.505
      vertex -3.29484 0.753506 59.4559
    endloop
  endfacet
  facet normal -0.0282752 0.0319236 0.99909
    outer loop
      vertex -3.295 0.753363 59.4559
      vertex -2.405 0.00499916 59.505
      vertex -3.29486 0.753487 59.4559
    endloop
  endfacet
  facet normal -0.0550848 0 0.998482
    outer loop
      vertex -2.405 0.00499916 59.505
      vertex -3.295 0.753363 59.4559
      vertex -2.405 -0.00499916 59.505
    endloop
  endfacet
  facet normal -0.0292391 -0.030778 0.999098
    outer loop
      vertex -2.405 -0.00499916 59.505
      vertex -3.29486 -0.753487 59.4559
      vertex -3.29484 -0.753506 59.4559
    endloop
  endfacet
  facet normal -0.0550848 0 0.998482
    outer loop
      vertex -3.295 -0.753363 59.4559
      vertex -2.405 -0.00499916 59.505
      vertex -3.295 0.753363 59.4559
    endloop
  endfacet
  facet normal -0.0282752 -0.0319236 0.99909
    outer loop
      vertex -2.405 -0.00499916 59.505
      vertex -3.295 -0.753363 59.4559
      vertex -3.29486 -0.753487 59.4559
    endloop
  endfacet
  facet normal -0.039968 0 0.999201
    outer loop
      vertex -3.3 0.753289 59.4557
      vertex -3.295 -0.753363 59.4559
      vertex -3.295 0.753363 59.4559
    endloop
  endfacet
  facet normal -0.039968 0 0.999201
    outer loop
      vertex -3.295 -0.753363 59.4559
      vertex -3.3 0.753289 59.4557
      vertex -3.3 -0.753289 59.4557
    endloop
  endfacet
  facet normal 0 0 1
    outer loop
      vertex -3.3 -0.757846 59.4557
      vertex -3.29995 -0.757745 59.4557
      vertex -3.3 -0.757745 59.4557
    endloop
  endfacet
  facet normal -0 0 -1
    outer loop
      vertex -3.29988 -0.757746 59.4557
      vertex -3.3 -0.757846 59.4557
      vertex -3.29988 -0.757745 59.4557
    endloop
  endfacet
  facet normal 0 0 1
    outer loop
      vertex -3.29995 -0.757745 59.4557
      vertex -3.3 -0.757846 59.4557
      vertex -3.29988 -0.757746 59.4557
    endloop
  endfacet
  facet normal 0 0 -1
    outer loop
      vertex -3.3 0.757846 59.4557
      vertex -3.29988 0.757746 59.4557
      vertex -3.29988 0.757745 59.4557
    endloop
  endfacet
  facet normal 0 0 1
    outer loop
      vertex -3.3 0.757846 59.4557
      vertex -3.29995 0.757745 59.4557
      vertex -3.29988 0.757746 59.4557
    endloop
  endfacet
  facet normal 0 0 1
    outer loop
      vertex -3.29995 0.757745 59.4557
      vertex -3.3 0.757846 59.4557
      vertex -3.3 0.757745 59.4557
    endloop
  endfacet
  facet normal -0.00780236 -0.0562159 0.998388
    outer loop
      vertex -2.405 -0.00499916 59.505
      vertex -3.29484 -0.753506 59.4559
      vertex -3.28989 -0.757745 59.4557
    endloop
  endfacet
  facet normal 0 -0.0653535 0.997862
    outer loop
      vertex -3.28989 -0.757745 59.4557
      vertex -2.395 -0.00499916 59.505
      vertex -2.405 -0.00499916 59.505
    endloop
  endfacet
  facet normal 0.593882 -0.728404 0.341659
    outer loop
      vertex -3.28989 -0.757745 59.4557
      vertex -3.295 -0.762052 59.4554
      vertex -2.395 -0.00499916 59.505
    endloop
  endfacet
  facet normal 0 -0.0694857 0.997583
    outer loop
      vertex -3.29988 -0.757745 59.4557
      vertex -3.295 -0.762052 59.4554
      vertex -3.28989 -0.757745 59.4557
    endloop
  endfacet
  facet normal 0.0597741 -0.0710187 0.995682
    outer loop
      vertex -3.3 -0.762052 59.4554
      vertex -3.29988 -0.757745 59.4557
      vertex -3.3 -0.757846 59.4557
    endloop
  endfacet
  facet normal 0 -0.0694857 0.997583
    outer loop
      vertex -3.29988 -0.757745 59.4557
      vertex -3.3 -0.762052 59.4554
      vertex -3.295 -0.762052 59.4554
    endloop
  endfacet
  facet normal 0 -1 0
    outer loop
      vertex -3.3 -0.762052 59.4554
      vertex -3.295 -0.762052 59.4548
      vertex -3.295 -0.762052 59.4554
    endloop
  endfacet
  facet normal -0 -1 0
    outer loop
      vertex -3.295 -0.762052 59.4548
      vertex -3.3 -0.762052 59.4554
      vertex -3.3 -0.762052 59.4545
    endloop
  endfacet
  facet normal 0.97054 -0 0.240941
    outer loop
      vertex -3.27742 -0.747263 59.376
      vertex -2.395 -0.563278 55.8215
      vertex -3.27742 -0.747262 59.376
    endloop
  endfacet
  facet normal 0.641003 0.741687 0.197522
    outer loop
      vertex -2.395 -0.563278 55.8215
      vertex -3.27742 -0.747263 59.376
      vertex -3.28145 -0.750651 59.4018
    endloop
  endfacet
  facet normal 0.651276 0.735311 0.187504
    outer loop
      vertex -3.295 -0.753363 59.4559
      vertex -3.295 -0.753516 59.4565
      vertex -3.29486 -0.753487 59.4559
    endloop
  endfacet
  facet normal 0.281268 0.937559 -0.204626
    outer loop
      vertex -3.27742 -0.286548 55.8765
      vertex -2.395 -0.563278 55.8215
      vertex -3.27743 -0.286545 55.8765
    endloop
  endfacet
  facet normal 0.30396 0.944535 0.124349
    outer loop
      vertex -2.395 -0.563278 55.8215
      vertex -3.27742 -0.286548 55.8765
      vertex -3.27742 -0.747262 59.376
    endloop
  endfacet
  facet normal 0.643769 -0.738745 -0.199541
    outer loop
      vertex -2.395 -1.50727 59.3059
      vertex -3.28988 -2.2216 59.0634
      vertex -3.28834 -2.2178 59.0543
    endloop
  endfacet
  facet normal 0.644417 -0.736362 -0.20615
    outer loop
      vertex -3.295 -2.22569 59.062
      vertex -3.29484 -2.22541 59.0615
      vertex -3.28989 -2.22161 59.0634
    endloop
  endfacet
  facet normal 0.624524 -0.749429 -0.219832
    outer loop
      vertex -3.295 -2.22569 59.062
      vertex -3.2949 -2.22546 59.0615
      vertex -3.29484 -2.22541 59.0615
    endloop
  endfacet
  facet normal 0.554718 -0.792454 -0.253585
    outer loop
      vertex -3.2949 -2.22546 59.0615
      vertex -3.295 -2.22569 59.062
      vertex -3.295 -2.22553 59.0615
    endloop
  endfacet
  facet normal 0.0205397 0.259897 -0.965418
    outer loop
      vertex -3.27742 -0.840114 55.7282
      vertex -2.395 -0.563278 55.8215
      vertex -2.395 -0.572936 55.8189
    endloop
  endfacet
  facet normal 0.00264235 0.311798 -0.950145
    outer loop
      vertex -2.395 -0.563278 55.8215
      vertex -3.27742 -0.840114 55.7282
      vertex -3.27801 -0.840109 55.7282
    endloop
  endfacet
  facet normal 1 0 0
    outer loop
      vertex -2.395 -1.49761 59.3085
      vertex -2.395 -0.572936 55.8189
      vertex -2.395 -0.563278 55.8215
    endloop
  endfacet
  facet normal 1 0 0
    outer loop
      vertex -2.395 -0.572936 55.8189
      vertex -2.395 -1.49761 59.3085
      vertex -2.395 -1.50727 59.3059
    endloop
  endfacet
  facet normal 0.0849975 -0.0944416 0.991895
    outer loop
      vertex -3.2949 -0.76197 59.4548
      vertex -2.405 -1.49761 59.3085
      vertex -3.29484 -0.761916 59.4548
    endloop
  endfacet
  facet normal -0.0560101 -0.259494 0.964119
    outer loop
      vertex -2.405 -1.49761 59.3085
      vertex -3.2949 -0.76197 59.4548
      vertex -2.405 -1.50727 59.3059
    endloop
  endfacet
  facet normal 0 0 1
    outer loop
      vertex -3.3 -0.757649 59.4557
      vertex -3.29995 -0.757745 59.4557
      vertex -3.29988 -0.757746 59.4557
    endloop
  endfacet
  facet normal 0 0 1
    outer loop
      vertex -3.29995 -0.757745 59.4557
      vertex -3.3 -0.757649 59.4557
      vertex -3.3 -0.757702 59.4557
    endloop
  endfacet
  facet normal 0.643722 0.739203 0.197995
    outer loop
      vertex -2.395 -1.49761 59.3085
      vertex -3.28145 -0.750651 59.4018
      vertex -3.28988 -0.757747 59.4557
    endloop
  endfacet
  facet normal 0.643717 0.739188 0.198063
    outer loop
      vertex -3.28145 -0.750651 59.4018
      vertex -2.395 -1.49761 59.3085
      vertex -2.395 -0.563278 55.8215
    endloop
  endfacet
  facet normal 0.643622 0.742893 0.184014
    outer loop
      vertex -3.295 -0.753516 59.4565
      vertex -3.28989 -0.757745 59.4557
      vertex -3.29484 -0.753506 59.4559
    endloop
  endfacet
  facet normal 0.675921 0.711496 0.192104
    outer loop
      vertex -3.295 -0.753516 59.4565
      vertex -3.29484 -0.753506 59.4559
      vertex -3.29486 -0.753487 59.4559
    endloop
  endfacet
  facet normal 0 -0.195131 0.980777
    outer loop
      vertex -3.28988 -0.757747 59.4557
      vertex -2.405 -1.49761 59.3085
      vertex -2.395 -1.49761 59.3085
    endloop
  endfacet
  facet normal -0.00694551 -0.203111 0.979131
    outer loop
      vertex -2.405 -1.49761 59.3085
      vertex -3.28988 -0.757747 59.4557
      vertex -3.29484 -0.761916 59.4548
    endloop
  endfacet
  facet normal 0 -0.185873 0.982574
    outer loop
      vertex -3.295 -0.753516 59.4565
      vertex -3.29988 -0.757745 59.4557
      vertex -3.28989 -0.757745 59.4557
    endloop
  endfacet
  facet normal 0 -0.185873 0.982574
    outer loop
      vertex -3.3 -0.753516 59.4565
      vertex -3.29988 -0.757745 59.4557
      vertex -3.295 -0.753516 59.4565
    endloop
  endfacet
  facet normal -0.150302 -0.187878 0.970624
    outer loop
      vertex -3.3 -0.757649 59.4557
      vertex -3.29988 -0.757745 59.4557
      vertex -3.3 -0.753516 59.4565
    endloop
  endfacet
  facet normal 0 0 1
    outer loop
      vertex -3.29988 -0.757745 59.4557
      vertex -3.3 -0.757649 59.4557
      vertex -3.29988 -0.757746 59.4557
    endloop
  endfacet
  facet normal 0 0 1
    outer loop
      vertex -3.3 -0.757702 59.4557
      vertex -3.3 -0.757745 59.4557
      vertex -3.29995 -0.757745 59.4557
    endloop
  endfacet
  facet normal 0 0 1
    outer loop
      vertex -3.3 -2.2217 59.0634
      vertex -3.29995 -2.2216 59.0634
      vertex -3.3 -2.2216 59.0634
    endloop
  endfacet
  facet normal -0 0 1
    outer loop
      vertex -3.29995 -2.2216 59.0634
      vertex -3.3 -2.2217 59.0634
      vertex -3.29988 -2.2216 59.0634
    endloop
  endfacet
  facet normal -0.147365 -0.147365 0.978043
    outer loop
      vertex -2.405 -1.50727 59.3059
      vertex -3.29486 -2.21756 59.0648
      vertex -3.29484 -2.21758 59.0648
    endloop
  endfacet
  facet normal 0.0820808 -0.100099 0.991586
    outer loop
      vertex -3.295 -0.762052 59.4548
      vertex -2.405 -1.50727 59.3059
      vertex -3.2949 -0.76197 59.4548
    endloop
  endfacet
  facet normal -0.0550454 -0.258445 0.964456
    outer loop
      vertex -2.405 -1.50727 59.3059
      vertex -3.295 -0.762052 59.4548
      vertex -3.295 -2.21744 59.0648
    endloop
  endfacet
  facet normal -0.137144 -0.160001 0.977544
    outer loop
      vertex -2.405 -1.50727 59.3059
      vertex -3.295 -2.21744 59.0648
      vertex -3.29486 -2.21756 59.0648
    endloop
  endfacet
  facet normal -0.0578588 -0.258367 0.964313
    outer loop
      vertex -3.3 -2.21729 59.0646
      vertex -3.295 -0.762052 59.4548
      vertex -3.3 -0.762052 59.4545
    endloop
  endfacet
  facet normal -0.0463521 -0.258559 0.964883
    outer loop
      vertex -3.295 -0.762052 59.4548
      vertex -3.3 -2.21729 59.0646
      vertex -3.295 -2.21744 59.0648
    endloop
  endfacet
  facet normal 0 0.968992 0.247093
    outer loop
      vertex -3.295 -0.753363 59.4559
      vertex -3.3 -0.753516 59.4565
      vertex -3.295 -0.753516 59.4565
    endloop
  endfacet
  facet normal 0.00331896 0.962016 0.272972
    outer loop
      vertex -3.3 -0.753516 59.4565
      vertex -3.295 -0.753363 59.4559
      vertex -3.3 -0.753289 59.4557
    endloop
  endfacet
  facet normal 0 -0.259902 0.965635
    outer loop
      vertex -2.405 -1.49761 59.3085
      vertex -2.395 -1.50727 59.3059
      vertex -2.395 -1.49761 59.3085
    endloop
  endfacet
  facet normal 0 -0.259902 0.965635
    outer loop
      vertex -2.395 -1.50727 59.3059
      vertex -2.405 -1.49761 59.3085
      vertex -2.405 -1.50727 59.3059
    endloop
  endfacet
  facet normal 0.643702 -0.739254 -0.197864
    outer loop
      vertex -3.28145 -2.2008 59.0132
      vertex -2.395 -1.50727 59.3059
      vertex -3.28834 -2.2178 59.0543
    endloop
  endfacet
  facet normal 0.643716 -0.739191 -0.198057
    outer loop
      vertex -3.27742 -2.19086 58.9892
      vertex -2.395 -1.50727 59.3059
      vertex -3.28145 -2.2008 59.0132
    endloop
  endfacet
  facet normal 0.643717 -0.739188 -0.198064
    outer loop
      vertex -2.395 -1.50727 59.3059
      vertex -3.27742 -2.19086 58.9892
      vertex -2.395 -0.572936 55.8189
    endloop
  endfacet
  facet normal 0.303968 -0.880164 -0.364575
    outer loop
      vertex -2.395 -0.572936 55.8189
      vertex -3.27742 -2.19086 58.9892
      vertex -3.27742 -0.840114 55.7282
    endloop
  endfacet
  facet normal 0 -0.324561 0.945865
    outer loop
      vertex -3.29988 -2.22161 59.0634
      vertex -3.295 -2.22569 59.062
      vertex -3.28989 -2.22161 59.0634
    endloop
  endfacet
  facet normal 0 0 1
    outer loop
      vertex -3.3 -2.2217 59.0634
      vertex -3.29988 -2.22161 59.0634
      vertex -3.29988 -2.2216 59.0634
    endloop
  endfacet
  facet normal 0.240997 -0.321329 0.915788
    outer loop
      vertex -3.29988 -2.22161 59.0634
      vertex -3.3 -2.2217 59.0634
      vertex -3.3 -2.22569 59.062
    endloop
  endfacet
  facet normal 0 -0.324561 0.945865
    outer loop
      vertex -3.29988 -2.22161 59.0634
      vertex -3.3 -2.22569 59.062
      vertex -3.295 -2.22569 59.062
    endloop
  endfacet
  facet normal 0 -0.32146 0.946923
    outer loop
      vertex -2.405 -1.50727 59.3059
      vertex -3.28988 -2.2216 59.0634
      vertex -2.395 -1.50727 59.3059
    endloop
  endfacet
  facet normal 0.00335783 -0.325186 0.945644
    outer loop
      vertex -3.28988 -2.2216 59.0634
      vertex -2.405 -1.50727 59.3059
      vertex -3.29484 -2.21758 59.0648
    endloop
  endfacet
  facet normal 0 0.258814 -0.965927
    outer loop
      vertex -3.3 -0.839972 55.7279
      vertex -3.295 -0.286497 55.8762
      vertex -3.295 -0.839972 55.7279
    endloop
  endfacet
  facet normal 0 0.258814 -0.965927
    outer loop
      vertex -3.295 -0.286497 55.8762
      vertex -3.3 -0.839972 55.7279
      vertex -3.3 -0.286497 55.8762
    endloop
  endfacet
  facet normal 0.0209365 0.258698 -0.965731
    outer loop
      vertex -3.27801 -0.840109 55.7282
      vertex -3.27743 -0.286545 55.8765
      vertex -2.395 -0.563278 55.8215
    endloop
  endfacet
  facet normal 0.0191391 0.258709 -0.965766
    outer loop
      vertex -3.295 -0.839972 55.7279
      vertex -3.27743 -0.286545 55.8765
      vertex -3.27801 -0.840109 55.7282
    endloop
  endfacet
  facet normal 0.0171973 0.258776 -0.965784
    outer loop
      vertex -3.295 -0.839972 55.7279
      vertex -3.295 -0.286497 55.8762
      vertex -3.27743 -0.286545 55.8765
    endloop
  endfacet
  facet normal 0 -0.952424 -0.304776
    outer loop
      vertex -3.3 -2.22569 59.062
      vertex -3.295 -2.22553 59.0615
      vertex -3.295 -2.22569 59.062
    endloop
  endfacet
  facet normal 0.00312346 -0.961065 -0.276306
    outer loop
      vertex -3.295 -2.22553 59.0615
      vertex -3.3 -2.22569 59.062
      vertex -3.3 -2.22546 59.0612
    endloop
  endfacet
  facet normal 0.643405 0.663033 0.382645
    outer loop
      vertex -3.27742 -2.19086 58.9892
      vertex -3.28145 -2.2008 59.0132
      vertex -2.395 -1.09317 55.6034
    endloop
  endfacet
  facet normal 0.595598 0.694864 0.403021
    outer loop
      vertex -3.295 -2.21744 59.0648
      vertex -3.295 -2.21773 59.0653
      vertex -3.29486 -2.21756 59.0648
    endloop
  endfacet
  facet normal 0.30397 0.880163 0.364574
    outer loop
      vertex -3.27742 -2.19086 58.9892
      vertex -2.395 -1.09317 55.6034
      vertex -3.27742 -0.840114 55.7282
    endloop
  endfacet
  facet normal 0.643681 -0.663326 -0.381673
    outer loop
      vertex -2.395 -2.90683 58.7248
      vertex -3.28988 -3.53406 58.3057
      vertex -3.28834 -3.52802 58.2978
    endloop
  endfacet
  facet normal 0.645081 -0.653697 -0.395664
    outer loop
      vertex -3.295 -3.53765 58.3033
      vertex -3.29484 -3.53725 58.3029
      vertex -3.28989 -3.53406 58.3057
    endloop
  endfacet
  facet normal 0.650945 -0.650945 -0.390567
    outer loop
      vertex -3.29484 -3.53725 58.3029
      vertex -3.295 -3.53765 58.3033
      vertex -3.295 -3.53735 58.3028
    endloop
  endfacet
  facet normal 0 0.500003 -0.866023
    outer loop
      vertex -3.3 -1.3362 55.4414
      vertex -3.295 -0.839972 55.7279
      vertex -3.295 -1.3362 55.4414
    endloop
  endfacet
  facet normal 0 0.500003 -0.866023
    outer loop
      vertex -3.295 -0.839972 55.7279
      vertex -3.3 -1.3362 55.4414
      vertex -3.3 -0.839972 55.7279
    endloop
  endfacet
  facet normal 1 0 0
    outer loop
      vertex -2.395 -2.89817 58.7298
      vertex -2.395 -1.10183 55.5984
      vertex -2.395 -1.09317 55.6034
    endloop
  endfacet
  facet normal 1 0 0
    outer loop
      vertex -2.395 -1.10183 55.5984
      vertex -2.395 -2.89817 58.7298
      vertex -2.395 -2.90683 58.7248
    endloop
  endfacet
  facet normal 0.186928 -0.224313 0.956421
    outer loop
      vertex -3.2949 -2.22546 59.0615
      vertex -2.405 -2.89817 58.7298
      vertex -3.29484 -2.22541 59.0615
    endloop
  endfacet
  facet normal -0.0550953 -0.499252 0.864704
    outer loop
      vertex -2.405 -2.89817 58.7298
      vertex -3.2949 -2.22546 59.0615
      vertex -2.405 -2.90683 58.7248
    endloop
  endfacet
  facet normal -0.640184 0 -0.768221
    outer loop
      vertex -3.3 -2.22151 59.0635
      vertex -3.29988 -2.2216 59.0634
      vertex -3.29988 -2.22161 59.0634
    endloop
  endfacet
  facet normal 0 -0.743294 0.668965
    outer loop
      vertex -3.3 -2.22151 59.0635
      vertex -3.29995 -2.2216 59.0634
      vertex -3.29988 -2.2216 59.0634
    endloop
  endfacet
  facet normal -0.581914 -0.727393 0.363696
    outer loop
      vertex -3.29995 -2.2216 59.0634
      vertex -3.3 -2.22151 59.0635
      vertex -3.3 -2.22156 59.0634
    endloop
  endfacet
  facet normal 0.937787 -0.347212 0
    outer loop
      vertex -3.27742 -3.48516 58.2419
      vertex -2.395 -1.10183 55.5984
      vertex -3.27742 -3.48516 58.242
    endloop
  endfacet
  facet normal 0.303932 -0.755815 -0.579973
    outer loop
      vertex -2.395 -1.10183 55.5984
      vertex -3.27742 -3.48516 58.2419
      vertex -3.27742 -1.33643 55.4417
    endloop
  endfacet
  facet normal 0.643614 0.661402 0.385109
    outer loop
      vertex -2.395 -2.89817 58.7298
      vertex -3.28834 -2.2178 59.0543
      vertex -3.28988 -2.2216 59.0634
    endloop
  endfacet
  facet normal 0.643746 0.662989 0.382147
    outer loop
      vertex -3.28834 -2.2178 59.0543
      vertex -2.395 -2.89817 58.7298
      vertex -3.28145 -2.2008 59.0132
    endloop
  endfacet
  facet normal 0.64371 0.662746 0.38263
    outer loop
      vertex -3.28145 -2.2008 59.0132
      vertex -2.395 -2.89817 58.7298
      vertex -2.395 -1.09317 55.6034
    endloop
  endfacet
  facet normal 0.647605 0.647605 0.401515
    outer loop
      vertex -3.295 -2.21773 59.0653
      vertex -3.29484 -2.21758 59.0648
      vertex -3.29486 -2.21756 59.0648
    endloop
  endfacet
  facet normal 0.642406 0.652824 0.401417
    outer loop
      vertex -3.29484 -2.21758 59.0648
      vertex -3.295 -2.21773 59.0653
      vertex -3.28988 -2.2216 59.0634
    endloop
  endfacet
  facet normal -0.579354 -0.810198 0.0890383
    outer loop
      vertex -3.28988 -2.2216 59.0634
      vertex -3.295 -2.21773 59.0653
      vertex -2.395 -2.89817 58.7298
    endloop
  endfacet
  facet normal 0 -0.442243 0.896895
    outer loop
      vertex -2.395 -2.89817 58.7298
      vertex -3.28989 -2.22161 59.0634
      vertex -2.405 -2.89817 58.7298
    endloop
  endfacet
  facet normal 0.496019 0.245391 0.832915
    outer loop
      vertex -3.295 -2.21773 59.0653
      vertex -3.28989 -2.22161 59.0634
      vertex -2.395 -2.89817 58.7298
    endloop
  endfacet
  facet normal 0 -0.439791 0.8981
    outer loop
      vertex -3.295 -2.21773 59.0653
      vertex -3.29988 -2.22161 59.0634
      vertex -3.28989 -2.22161 59.0634
    endloop
  endfacet
  facet normal 0 -0.439791 0.8981
    outer loop
      vertex -3.3 -2.21773 59.0653
      vertex -3.29988 -2.22161 59.0634
      vertex -3.295 -2.21773 59.0653
    endloop
  endfacet
  facet normal 0.366659 -0.399991 0.839981
    outer loop
      vertex -3.29988 -2.22161 59.0634
      vertex -3.3 -2.21773 59.0653
      vertex -3.3 -2.22151 59.0635
    endloop
  endfacet
  facet normal -0.00237328 -0.444737 0.895658
    outer loop
      vertex -2.405 -2.89817 58.7298
      vertex -3.28989 -2.22161 59.0634
      vertex -3.29484 -2.22541 59.0615
    endloop
  endfacet
  facet normal 0.172348 -0.246212 0.953769
    outer loop
      vertex -3.295 -2.22553 59.0615
      vertex -2.405 -2.90683 58.7248
      vertex -3.2949 -2.22546 59.0615
    endloop
  endfacet
  facet normal -0.0550553 -0.499258 0.864702
    outer loop
      vertex -2.405 -2.90683 58.7248
      vertex -3.295 -2.22553 59.0615
      vertex -3.295 -3.5304 58.3081
    endloop
  endfacet
  facet normal 0.0477031 -0.601153 0.797709
    outer loop
      vertex -2.405 -2.90683 58.7248
      vertex -3.295 -3.5304 58.3081
      vertex -3.29484 -3.53052 58.308
    endloop
  endfacet
  facet normal -0.0588592 -0.499137 0.864522
    outer loop
      vertex -3.3 -3.5302 58.3079
      vertex -3.295 -2.22553 59.0615
      vertex -3.3 -2.22546 59.0612
    endloop
  endfacet
  facet normal -0.0545599 -0.499272 0.864726
    outer loop
      vertex -3.295 -2.22553 59.0615
      vertex -3.3 -3.5302 58.3079
      vertex -3.295 -3.5304 58.3081
    endloop
  endfacet
  facet normal 0 0 1
    outer loop
      vertex -3.3 -2.22156 59.0634
      vertex -3.3 -2.2216 59.0634
      vertex -3.29995 -2.2216 59.0634
    endloop
  endfacet
  facet normal 0 -0.780869 0.624695
    outer loop
      vertex -3.3 -3.53406 58.3057
      vertex -3.3 -3.53414 58.3056
      vertex -3.29988 -3.53406 58.3057
    endloop
  endfacet
  facet normal 0.0209057 0.499902 -0.86583
    outer loop
      vertex -2.395 -1.10183 55.5984
      vertex -3.27742 -0.840114 55.7282
      vertex -2.395 -1.09317 55.6034
    endloop
  endfacet
  facet normal 0.00385346 0.454708 -0.890632
    outer loop
      vertex -2.395 -1.10183 55.5984
      vertex -3.27801 -0.840109 55.7282
      vertex -3.27742 -0.840114 55.7282
    endloop
  endfacet
  facet normal 0 0.865031 0.501718
    outer loop
      vertex -3.295 -2.21744 59.0648
      vertex -3.3 -2.21773 59.0653
      vertex -3.295 -2.21773 59.0653
    endloop
  endfacet
  facet normal 0.0041122 0.846629 0.532167
    outer loop
      vertex -3.3 -2.21773 59.0653
      vertex -3.295 -2.21744 59.0648
      vertex -3.3 -2.21729 59.0646
    endloop
  endfacet
  facet normal 0 -0.500011 0.866019
    outer loop
      vertex -2.405 -2.89817 58.7298
      vertex -2.395 -2.90683 58.7248
      vertex -2.395 -2.89817 58.7298
    endloop
  endfacet
  facet normal 0 -0.500011 0.866019
    outer loop
      vertex -2.395 -2.90683 58.7248
      vertex -2.405 -2.89817 58.7298
      vertex -2.405 -2.90683 58.7248
    endloop
  endfacet
  facet normal 0.643738 -0.662548 -0.382925
    outer loop
      vertex -3.27742 -3.48516 58.242
      vertex -2.395 -2.90683 58.7248
      vertex -3.28834 -3.52802 58.2978
    endloop
  endfacet
  facet normal 0.643708 -0.662747 -0.382631
    outer loop
      vertex -2.395 -2.90683 58.7248
      vertex -3.27742 -3.48516 58.242
      vertex -2.395 -1.10183 55.5984
    endloop
  endfacet
  facet normal 0.020872 0.499843 -0.865865
    outer loop
      vertex -3.27742 -1.33643 55.4417
      vertex -3.27801 -0.840109 55.7282
      vertex -2.395 -1.10183 55.5984
    endloop
  endfacet
  facet normal 0.0213151 0.499839 -0.865856
    outer loop
      vertex -3.295 -1.3362 55.4414
      vertex -3.27801 -0.840109 55.7282
      vertex -3.27742 -1.33643 55.4417
    endloop
  endfacet
  facet normal 0.01932 0.49991 -0.865862
    outer loop
      vertex -3.27801 -0.840109 55.7282
      vertex -3.295 -1.3362 55.4414
      vertex -3.295 -0.839972 55.7279
    endloop
  endfacet
  facet normal 0 -0.555569 0.831471
    outer loop
      vertex -2.405 -2.90683 58.7248
      vertex -3.28988 -3.53406 58.3057
      vertex -2.395 -2.90683 58.7248
    endloop
  endfacet
  facet normal -0.00548135 -0.550203 0.835013
    outer loop
      vertex -3.28988 -3.53406 58.3057
      vertex -2.405 -2.90683 58.7248
      vertex -3.29484 -3.53052 58.308
    endloop
  endfacet
  facet normal 0 -0.555769 0.831337
    outer loop
      vertex -3.29988 -3.53406 58.3057
      vertex -3.295 -3.53765 58.3033
      vertex -3.28989 -3.53406 58.3057
    endloop
  endfacet
  facet normal -0.314773 -0.520223 0.793906
    outer loop
      vertex -3.29988 -3.53406 58.3057
      vertex -3.3 -3.53414 58.3056
      vertex -3.3 -3.53765 58.3033
    endloop
  endfacet
  facet normal 0 -0.555769 0.831337
    outer loop
      vertex -3.29988 -3.53406 58.3057
      vertex -3.3 -3.53765 58.3033
      vertex -3.295 -3.53765 58.3033
    endloop
  endfacet
  facet normal 0 -0.857493 -0.514496
    outer loop
      vertex -3.3 -3.53765 58.3033
      vertex -3.295 -3.53735 58.3028
      vertex -3.295 -3.53765 58.3033
    endloop
  endfacet
  facet normal 0.00438104 -0.876207 -0.481914
    outer loop
      vertex -3.295 -3.53735 58.3028
      vertex -3.3 -3.53765 58.3033
      vertex -3.3 -3.53721 58.3025
    endloop
  endfacet
  facet normal 0 -0.708602 0.705608
    outer loop
      vertex -2.405 -4.10122 57.8083
      vertex -2.395 -4.10829 57.8012
      vertex -2.395 -4.10122 57.8083
    endloop
  endfacet
  facet normal 0 -0.708602 0.705608
    outer loop
      vertex -2.395 -4.10829 57.8012
      vertex -2.405 -4.10122 57.8083
      vertex -2.405 -4.10829 57.8012
    endloop
  endfacet
  facet normal 0.304002 0.755797 0.57996
    outer loop
      vertex -2.395 -1.54856 55.2556
      vertex -3.27742 -1.33643 55.4417
      vertex -3.27742 -3.48516 58.2419
    endloop
  endfacet
  facet normal 0.696194 0.495071 0.519825
    outer loop
      vertex -3.295 -3.53082 58.3085
      vertex -3.29484 -3.53052 58.308
      vertex -3.295 -3.5304 58.3081
    endloop
  endfacet
  facet normal 0.640905 0.550241 0.535234
    outer loop
      vertex -3.295 -3.53082 58.3085
      vertex -3.28988 -3.53406 58.3057
      vertex -3.29484 -3.53052 58.308
    endloop
  endfacet
  facet normal -0.495319 -0.86365 0.0936407
    outer loop
      vertex -3.28988 -3.53406 58.3057
      vertex -3.295 -3.53082 58.3085
      vertex -2.395 -4.10122 57.8083
    endloop
  endfacet
  facet normal 0.572443 0.819945 0
    outer loop
      vertex -2.395 -4.10122 57.8083
      vertex -3.27742 -3.48516 58.2419
      vertex -3.27742 -3.48516 58.242
    endloop
  endfacet
  facet normal 0.643698 0.540862 0.541407
    outer loop
      vertex -2.395 -4.10122 57.8083
      vertex -3.27742 -3.48516 58.242
      vertex -3.28834 -3.52802 58.2978
    endloop
  endfacet
  facet normal 0.643771 0.542167 0.540012
    outer loop
      vertex -2.395 -4.10122 57.8083
      vertex -3.28834 -3.52802 58.2978
      vertex -3.28988 -3.53406 58.3057
    endloop
  endfacet
  facet normal 0.643695 0.54114 0.541132
    outer loop
      vertex -3.27742 -3.48516 58.2419
      vertex -2.395 -4.10122 57.8083
      vertex -2.395 -1.54856 55.2556
    endloop
  endfacet
  facet normal 0.643696 -0.54113 -0.541142
    outer loop
      vertex -2.395 -4.10829 57.8012
      vertex -3.27742 -4.54195 57.1852
      vertex -2.395 -1.55563 55.2486
    endloop
  endfacet
  facet normal 0.643734 -0.540789 -0.541437
    outer loop
      vertex -2.395 -4.10829 57.8012
      vertex -3.28834 -4.5978 57.228
      vertex -3.27742 -4.54195 57.1852
    endloop
  endfacet
  facet normal 0.643604 -0.543178 -0.539195
    outer loop
      vertex -2.395 -4.10829 57.8012
      vertex -3.28988 -4.60568 57.2341
      vertex -3.28834 -4.5978 57.228
    endloop
  endfacet
  facet normal 0.579576 -0.562013 -0.590113
    outer loop
      vertex -3.29484 -4.60804 57.2305
      vertex -3.295 -4.60852 57.2308
      vertex -3.295 -4.6081 57.2304
    endloop
  endfacet
  facet normal 0.646288 -0.547594 -0.531463
    outer loop
      vertex -3.28988 -4.60568 57.2341
      vertex -3.295 -4.60852 57.2308
      vertex -3.29484 -4.60804 57.2305
    endloop
  endfacet
  facet normal -0.52612 0.845806 0.0883768
    outer loop
      vertex -3.295 -4.60852 57.2308
      vertex -3.28988 -4.60568 57.2341
      vertex -2.395 -4.10829 57.8012
    endloop
  endfacet
  facet normal 1 0 0
    outer loop
      vertex -2.395 -4.10122 57.8083
      vertex -2.395 -1.55563 55.2486
      vertex -2.395 -1.54856 55.2556
    endloop
  endfacet
  facet normal 1 0 0
    outer loop
      vertex -2.395 -1.55563 55.2486
      vertex -2.395 -4.10122 57.8083
      vertex -2.395 -4.10829 57.8012
    endloop
  endfacet
  facet normal 0 -0.659356 0.751831
    outer loop
      vertex -2.395 -4.10122 57.8083
      vertex -3.28989 -3.53406 58.3057
      vertex -2.405 -4.10122 57.8083
    endloop
  endfacet
  facet normal 0.546612 0.836878 0.0291799
    outer loop
      vertex -3.295 -3.53082 58.3085
      vertex -3.28989 -3.53406 58.3057
      vertex -2.395 -4.10122 57.8083
    endloop
  endfacet
  facet normal 0 -0.653863 0.756613
    outer loop
      vertex -3.295 -3.53082 58.3085
      vertex -3.29988 -3.53406 58.3057
      vertex -3.28989 -3.53406 58.3057
    endloop
  endfacet
  facet normal 0 -0.653863 0.756613
    outer loop
      vertex -3.3 -3.53082 58.3085
      vertex -3.29988 -3.53406 58.3057
      vertex -3.295 -3.53082 58.3085
    endloop
  endfacet
  facet normal -0.404366 -0.606549 0.684534
    outer loop
      vertex -3.29988 -3.53406 58.3057
      vertex -3.3 -3.53082 58.3085
      vertex -3.3 -3.53398 58.3057
    endloop
  endfacet
  facet normal -0.00017917 -0.659514 0.751692
    outer loop
      vertex -2.405 -4.10122 57.8083
      vertex -3.28989 -3.53406 58.3057
      vertex -3.29484 -3.53725 58.3029
    endloop
  endfacet
  facet normal 0 0.689655 0.724138
    outer loop
      vertex -3.295 -3.5304 58.3081
      vertex -3.3 -3.53082 58.3085
      vertex -3.295 -3.53082 58.3085
    endloop
  endfacet
  facet normal -0.000927228 0.695421 0.718602
    outer loop
      vertex -3.3 -3.53082 58.3085
      vertex -3.295 -3.5304 58.3081
      vertex -3.3 -3.5302 58.3079
    endloop
  endfacet
  facet normal 0.304021 -0.579958 -0.755791
    outer loop
      vertex -3.27742 -1.74167 55.0364
      vertex -2.395 -1.55563 55.2486
      vertex -3.27742 -4.54195 57.1852
    endloop
  endfacet
  facet normal 0 0 1
    outer loop
      vertex -3.29988 -3.53406 58.3057
      vertex -3.3 -3.53398 58.3057
      vertex -3.3 -3.53406 58.3057
    endloop
  endfacet
  facet normal -0.0681108 -0.817329 0.572131
    outer loop
      vertex -3.3 -4.60574 57.234
      vertex -3.29988 -4.60568 57.2341
      vertex -3.3 -4.60567 57.2341
    endloop
  endfacet
  facet normal 0.640184 0 -0.768221
    outer loop
      vertex -3.29988 -4.60568 57.2341
      vertex -3.3 -4.60574 57.234
      vertex -3.29988 -4.60567 57.2341
    endloop
  endfacet
  facet normal -0.0282188 -0.68389 0.72904
    outer loop
      vertex -3.295 -3.53735 58.3028
      vertex -2.405 -4.10122 57.8083
      vertex -3.29484 -3.53725 58.3029
    endloop
  endfacet
  facet normal -0.0621055 -0.705735 0.705748
    outer loop
      vertex -3.295 -4.60277 57.2374
      vertex -3.295 -3.53735 58.3028
      vertex -3.3 -3.53721 58.3025
    endloop
  endfacet
  facet normal -0.0568029 -0.707458 0.704469
    outer loop
      vertex -3.295 -3.53735 58.3028
      vertex -2.405 -4.10829 57.8012
      vertex -2.405 -4.10122 57.8083
    endloop
  endfacet
  facet normal -0.0549994 -0.70603 0.706043
    outer loop
      vertex -3.295 -3.53735 58.3028
      vertex -3.295 -4.60277 57.2374
      vertex -2.405 -4.10829 57.8012
    endloop
  endfacet
  facet normal -0.0635111 -0.705676 0.705683
    outer loop
      vertex -3.295 -4.60277 57.2374
      vertex -3.3 -3.53721 58.3025
      vertex -3.3 -4.60252 57.2372
    endloop
  endfacet
  facet normal -0.0281996 -0.729025 0.683906
    outer loop
      vertex -2.405 -4.10829 57.8012
      vertex -3.295 -4.60277 57.2374
      vertex -3.29484 -4.60287 57.2373
    endloop
  endfacet
  facet normal -0.105566 -0.750692 0.652164
    outer loop
      vertex -3.3 -4.60852 57.2308
      vertex -3.29988 -4.60567 57.2341
      vertex -3.3 -4.60574 57.234
    endloop
  endfacet
  facet normal 0 -0.756823 0.65362
    outer loop
      vertex -3.29988 -4.60567 57.2341
      vertex -3.3 -4.60852 57.2308
      vertex -3.295 -4.60852 57.2308
    endloop
  endfacet
  facet normal 0 -0.751838 0.659348
    outer loop
      vertex -3.295 -4.60852 57.2308
      vertex -2.395 -4.10829 57.8012
      vertex -2.405 -4.10829 57.8012
    endloop
  endfacet
  facet normal 0.00380916 -0.754771 0.655977
    outer loop
      vertex -3.295 -4.60852 57.2308
      vertex -2.405 -4.10829 57.8012
      vertex -3.29484 -4.60287 57.2373
    endloop
  endfacet
  facet normal 0.00280859 -0.754762 0.655993
    outer loop
      vertex -3.29988 -4.60567 57.2341
      vertex -3.295 -4.60852 57.2308
      vertex -3.29484 -4.60287 57.2373
    endloop
  endfacet
  facet normal 0 0.752577 -0.658505
    outer loop
      vertex -3.29988 -4.60567 57.2341
      vertex -3.29484 -4.60287 57.2373
      vertex -3.28989 -4.60567 57.2341
    endloop
  endfacet
  facet normal 0 0.707124 -0.707089
    outer loop
      vertex -3.3 -1.74138 55.0362
      vertex -3.295 -1.3362 55.4414
      vertex -3.295 -1.74138 55.0362
    endloop
  endfacet
  facet normal 0 0.707124 -0.707089
    outer loop
      vertex -3.295 -1.3362 55.4414
      vertex -3.3 -1.74138 55.0362
      vertex -3.3 -1.3362 55.4414
    endloop
  endfacet
  facet normal 0.0225444 0.703401 -0.710435
    outer loop
      vertex -3.27742 -1.74167 55.0364
      vertex -2.395 -1.54856 55.2556
      vertex -2.395 -1.55563 55.2486
    endloop
  endfacet
  facet normal 0.0208776 0.707005 -0.7069
    outer loop
      vertex -3.27742 -1.74167 55.0364
      vertex -3.27742 -1.33643 55.4417
      vertex -2.395 -1.54856 55.2556
    endloop
  endfacet
  facet normal 0.0197053 0.707022 -0.706917
    outer loop
      vertex -3.295 -1.74138 55.0362
      vertex -3.27742 -1.33643 55.4417
      vertex -3.27742 -1.74167 55.0364
    endloop
  endfacet
  facet normal 0.0213129 0.706964 -0.706929
    outer loop
      vertex -3.295 -1.74138 55.0362
      vertex -3.295 -1.3362 55.4414
      vertex -3.27742 -1.33643 55.4417
    endloop
  endfacet
  facet normal 0 -0.689655 -0.724138
    outer loop
      vertex -3.3 -4.60852 57.2308
      vertex -3.295 -4.6081 57.2304
      vertex -3.295 -4.60852 57.2308
    endloop
  endfacet
  facet normal 0.000927228 -0.695421 -0.718602
    outer loop
      vertex -3.295 -4.6081 57.2304
      vertex -3.3 -4.60852 57.2308
      vertex -3.3 -4.6079 57.2302
    endloop
  endfacet
  facet normal 0.628718 0.284267 0.723814
    outer loop
      vertex -3.29484 -4.60287 57.2373
      vertex -3.295 -4.60328 57.2376
      vertex -3.28989 -4.60567 57.2341
    endloop
  endfacet
  facet normal 0.62944 0.283691 0.723412
    outer loop
      vertex -3.295 -4.60328 57.2376
      vertex -3.29484 -4.60287 57.2373
      vertex -3.295 -4.60277 57.2374
    endloop
  endfacet
  facet normal 0.643861 0.385711 0.660811
    outer loop
      vertex -3.28834 -4.5978 57.228
      vertex -3.28988 -4.60568 57.2341
      vertex -2.395 -5.02478 56.6068
    endloop
  endfacet
  facet normal 0.303968 0.579968 0.755805
    outer loop
      vertex -2.395 -1.89843 54.8018
      vertex -3.27742 -1.74167 55.0364
      vertex -3.27742 -4.54195 57.1852
    endloop
  endfacet
  facet normal -0.327304 -0.785529 0.525182
    outer loop
      vertex -3.29988 -4.60567 57.2341
      vertex -3.3 -4.60328 57.2376
      vertex -3.3 -4.60562 57.2341
    endloop
  endfacet
  facet normal 0 0 1
    outer loop
      vertex -3.29988 -4.60567 57.2341
      vertex -3.3 -4.60562 57.2341
      vertex -3.29988 -4.60568 57.2341
    endloop
  endfacet
  facet normal 0 -0.825828 0.563922
    outer loop
      vertex -3.3 -4.60328 57.2376
      vertex -3.29988 -4.60567 57.2341
      vertex -3.295 -4.60328 57.2376
    endloop
  endfacet
  facet normal 0 -0.825828 0.563922
    outer loop
      vertex -3.295 -4.60328 57.2376
      vertex -3.29988 -4.60567 57.2341
      vertex -3.28989 -4.60567 57.2341
    endloop
  endfacet
  facet normal -0.0037521 -0.83393 0.551857
    outer loop
      vertex -2.405 -5.02478 56.6068
      vertex -3.28988 -4.60568 57.2341
      vertex -3.29484 -4.60804 57.2305
    endloop
  endfacet
  facet normal 0 -0.831499 0.555526
    outer loop
      vertex -3.28988 -4.60568 57.2341
      vertex -2.405 -5.02478 56.6068
      vertex -2.395 -5.02478 56.6068
    endloop
  endfacet
  facet normal 0.643747 0.382619 0.662716
    outer loop
      vertex -3.27742 -4.54195 57.1852
      vertex -2.395 -5.02478 56.6068
      vertex -2.395 -1.89843 54.8018
    endloop
  endfacet
  facet normal 0.643705 0.382215 0.66299
    outer loop
      vertex -2.395 -5.02478 56.6068
      vertex -3.27742 -4.54195 57.1852
      vertex -3.28834 -4.5978 57.228
    endloop
  endfacet
  facet normal -0.019002 -0.843633 0.536583
    outer loop
      vertex -3.295 -4.6081 57.2304
      vertex -2.405 -5.02478 56.6068
      vertex -3.29484 -4.60804 57.2305
    endloop
  endfacet
  facet normal -0.0545594 -0.864742 0.499243
    outer loop
      vertex -3.295 -5.36146 55.9255
      vertex -3.295 -4.6081 57.2304
      vertex -3.3 -4.6079 57.2302
    endloop
  endfacet
  facet normal -0.0550467 -0.864719 0.49923
    outer loop
      vertex -3.295 -4.6081 57.2304
      vertex -3.295 -5.36146 55.9255
      vertex -2.405 -5.02478 56.6068
    endloop
  endfacet
  facet normal -0.046714 -0.865074 0.499465
    outer loop
      vertex -3.295 -5.36146 55.9255
      vertex -3.3 -4.6079 57.2302
      vertex -3.3 -5.36119 55.9255
    endloop
  endfacet
  facet normal -0.312111 -0.624223 0.716193
    outer loop
      vertex -2.405 -5.02478 56.6068
      vertex -3.295 -5.36146 55.9255
      vertex -3.2949 -5.36151 55.9255
    endloop
  endfacet
  facet normal 0 0 1
    outer loop
      vertex -3.3 -4.60562 57.2341
      vertex -3.3 -4.60567 57.2341
      vertex -3.29988 -4.60568 57.2341
    endloop
  endfacet
  facet normal -0 0 1
    outer loop
      vertex -3.3 -5.36342 55.9216
      vertex -3.3 -5.36344 55.9216
      vertex -3.29995 -5.36342 55.9216
    endloop
  endfacet
  facet normal 0.021615 0.864742 -0.501751
    outer loop
      vertex -3.27742 -2.02822 54.5401
      vertex -2.395 -1.89843 54.8018
      vertex -2.395 -1.90342 54.7932
    endloop
  endfacet
  facet normal -0 0 1
    outer loop
      vertex -3.27801 -2.02821 54.5401
      vertex -3.27742 -2.02822 54.5401
      vertex -3.278 -2.02821 54.5401
    endloop
  endfacet
  facet normal 0.01483 0.874972 -0.483947
    outer loop
      vertex -3.27742 -2.02822 54.5401
      vertex -3.27801 -2.02821 54.5401
      vertex -2.395 -1.89843 54.8018
    endloop
  endfacet
  facet normal 0.643728 -0.382627 -0.66273
    outer loop
      vertex -2.395 -5.02978 56.5982
      vertex -3.28145 -5.3132 55.9008
      vertex -2.395 -1.90342 54.7932
    endloop
  endfacet
  facet normal 0.643735 -0.382524 -0.662782
    outer loop
      vertex -2.395 -5.02978 56.5982
      vertex -3.28834 -5.35425 55.9178
      vertex -3.28145 -5.3132 55.9008
    endloop
  endfacet
  facet normal 0.643727 -0.382717 -0.662679
    outer loop
      vertex -2.395 -5.02978 56.5982
      vertex -3.28988 -5.36342 55.9216
      vertex -3.28834 -5.35425 55.9178
    endloop
  endfacet
  facet normal -0 -0.182089 -0.983282
    outer loop
      vertex -3.29484 -5.36479 55.9176
      vertex -3.295 -5.36533 55.9177
      vertex -3.29486 -5.36479 55.9176
    endloop
  endfacet
  facet normal 0.646738 -0.319849 -0.692406
    outer loop
      vertex -3.28988 -5.36342 55.9216
      vertex -3.295 -5.36533 55.9177
      vertex -3.29484 -5.36479 55.9176
    endloop
  endfacet
  facet normal -0.325115 0.94499 -0.0359857
    outer loop
      vertex -3.295 -5.36533 55.9177
      vertex -3.28988 -5.36342 55.9216
      vertex -2.395 -5.02978 56.5982
    endloop
  endfacet
  facet normal 1 0 0
    outer loop
      vertex -2.395 -5.02478 56.6068
      vertex -2.395 -1.90342 54.7932
      vertex -2.395 -1.89843 54.8018
    endloop
  endfacet
  facet normal 1 0 0
    outer loop
      vertex -2.395 -1.90342 54.7932
      vertex -2.395 -5.02478 56.6068
      vertex -2.395 -5.02978 56.5982
    endloop
  endfacet
  facet normal 0.30401 -0.364583 -0.880146
    outer loop
      vertex -2.395 -1.90342 54.7932
      vertex -3.27742 -5.28921 55.8909
      vertex -3.27742 -2.02822 54.5401
    endloop
  endfacet
  facet normal -0.0121085 0.465712 0.884853
    outer loop
      vertex -3.3 -4.60328 57.2376
      vertex -3.295 -4.60277 57.2374
      vertex -3.3 -4.60252 57.2372
    endloop
  endfacet
  facet normal 0 0.365088 0.930973
    outer loop
      vertex -3.295 -4.60277 57.2374
      vertex -3.3 -4.60328 57.2376
      vertex -3.295 -4.60328 57.2376
    endloop
  endfacet
  facet normal 0 -0.864507 0.50262
    outer loop
      vertex -2.405 -5.02978 56.5982
      vertex -2.395 -5.02478 56.6068
      vertex -2.405 -5.02478 56.6068
    endloop
  endfacet
  facet normal 0 -0.864507 0.50262
    outer loop
      vertex -2.395 -5.02478 56.6068
      vertex -2.405 -5.02978 56.5982
      vertex -2.395 -5.02978 56.5982
    endloop
  endfacet
  facet normal -0.0575847 -0.863073 0.501786
    outer loop
      vertex -3.2949 -5.36151 55.9255
      vertex -2.405 -5.02978 56.5982
      vertex -2.405 -5.02478 56.6068
    endloop
  endfacet
  facet normal 0.0940749 -0.936636 0.337436
    outer loop
      vertex -2.405 -5.02978 56.5982
      vertex -3.2949 -5.36151 55.9255
      vertex -3.29484 -5.36154 55.9254
    endloop
  endfacet
  facet normal 0 -0.894427 0.447214
    outer loop
      vertex -3.3 -5.36347 55.9215
      vertex -3.29988 -5.36342 55.9216
      vertex -3.29995 -5.36342 55.9216
    endloop
  endfacet
  facet normal 0.357771 -0.894427 0.268328
    outer loop
      vertex -3.3 -5.36347 55.9215
      vertex -3.29995 -5.36342 55.9216
      vertex -3.3 -5.36344 55.9216
    endloop
  endfacet
  facet normal 0.0078785 -0.898149 0.43962
    outer loop
      vertex -3.3 -5.36533 55.9177
      vertex -3.29988 -5.36342 55.9216
      vertex -3.3 -5.36347 55.9215
    endloop
  endfacet
  facet normal -0.000557854 -0.896595 0.442852
    outer loop
      vertex -3.28989 -5.36342 55.9216
      vertex -2.405 -5.02978 56.5982
      vertex -3.29484 -5.36154 55.9254
    endloop
  endfacet
  facet normal 0 -0.896884 0.442265
    outer loop
      vertex -2.405 -5.02978 56.5982
      vertex -3.28989 -5.36342 55.9216
      vertex -2.395 -5.02978 56.5982
    endloop
  endfacet
  facet normal 0 -0.898081 0.43983
    outer loop
      vertex -3.29988 -5.36342 55.9216
      vertex -3.3 -5.36533 55.9177
      vertex -3.295 -5.36533 55.9177
    endloop
  endfacet
  facet normal 0.26062 -0.957023 0.127217
    outer loop
      vertex -3.28989 -5.36342 55.9216
      vertex -3.295 -5.36533 55.9177
      vertex -2.395 -5.02978 56.5982
    endloop
  endfacet
  facet normal 0 -0.898081 0.43983
    outer loop
      vertex -3.29988 -5.36342 55.9216
      vertex -3.295 -5.36533 55.9177
      vertex -3.28989 -5.36342 55.9216
    endloop
  endfacet
  facet normal 0 0.866019 -0.500012
    outer loop
      vertex -3.295 -1.74138 55.0362
      vertex -3.295 -2.02787 54.54
      vertex -3.3 -1.74138 55.0362
    endloop
  endfacet
  facet normal 0 0.866019 -0.500012
    outer loop
      vertex -3.3 -1.74138 55.0362
      vertex -3.295 -2.02787 54.54
      vertex -3.3 -2.02787 54.54
    endloop
  endfacet
  facet normal 0.0209057 0.865825 -0.499911
    outer loop
      vertex -3.27801 -2.02821 54.5401
      vertex -3.27742 -1.74167 55.0364
      vertex -2.395 -1.89843 54.8018
    endloop
  endfacet
  facet normal 0.0199703 0.865842 -0.499919
    outer loop
      vertex -3.27742 -1.74167 55.0364
      vertex -3.27801 -2.02821 54.5401
      vertex -3.295 -1.74138 55.0362
    endloop
  endfacet
  facet normal 0.0202694 0.865841 -0.499909
    outer loop
      vertex -3.295 -1.74138 55.0362
      vertex -3.27801 -2.02821 54.5401
      vertex -3.295 -2.02787 54.54
    endloop
  endfacet
  facet normal 0.801429 -0.303243 -0.515514
    outer loop
      vertex -3.29486 -5.36479 55.9176
      vertex -3.295 -5.36533 55.9177
      vertex -3.295 -5.36482 55.9174
    endloop
  endfacet
  facet normal 0.637999 -0.382882 -0.668101
    outer loop
      vertex -2.395 -1.90342 54.7932
      vertex -3.28145 -5.3132 55.9008
      vertex -3.27742 -5.28921 55.8909
    endloop
  endfacet
  facet normal 0 -0.50702 -0.861934
    outer loop
      vertex -3.3 -5.36533 55.9177
      vertex -3.295 -5.36482 55.9174
      vertex -3.295 -5.36533 55.9177
    endloop
  endfacet
  facet normal -0.00558887 -0.465739 -0.884904
    outer loop
      vertex -3.295 -5.36482 55.9174
      vertex -3.3 -5.36533 55.9177
      vertex -3.3 -5.36457 55.9173
    endloop
  endfacet
  facet normal 0.160872 0.321745 0.93306
    outer loop
      vertex -3.295 -5.36204 55.9257
      vertex -3.2949 -5.36151 55.9255
      vertex -3.295 -5.36146 55.9255
    endloop
  endfacet
  facet normal 0.646065 0.229951 0.72782
    outer loop
      vertex -3.29484 -5.36154 55.9254
      vertex -3.295 -5.36204 55.9257
      vertex -3.28989 -5.36342 55.9216
    endloop
  endfacet
  facet normal 0.860966 0.0291853 0.507824
    outer loop
      vertex -3.2949 -5.36151 55.9255
      vertex -3.295 -5.36204 55.9257
      vertex -3.29484 -5.36154 55.9254
    endloop
  endfacet
  facet normal 0.643708 0.1982 0.73916
    outer loop
      vertex -3.28834 -5.35425 55.9178
      vertex -3.28988 -5.36342 55.9216
      vertex -2.395 -5.6059 55.2073
    endloop
  endfacet
  facet normal 0.303984 0.364586 0.880154
    outer loop
      vertex -3.27742 -5.28921 55.8909
      vertex -2.395 -2.11891 54.2729
      vertex -3.27742 -2.02822 54.5401
    endloop
  endfacet
  facet normal 0.0295962 -0.947077 0.319639
    outer loop
      vertex -3.29988 -5.36342 55.9216
      vertex -3.3 -5.36204 55.9257
      vertex -3.3 -5.36339 55.9217
    endloop
  endfacet
  facet normal 0 -0.947755 0.319
    outer loop
      vertex -3.3 -5.36204 55.9257
      vertex -3.29988 -5.36342 55.9216
      vertex -3.295 -5.36204 55.9257
    endloop
  endfacet
  facet normal 0 -0.947755 0.319
    outer loop
      vertex -3.295 -5.36204 55.9257
      vertex -3.29988 -5.36342 55.9216
      vertex -3.28989 -5.36342 55.9216
    endloop
  endfacet
  facet normal 0.00115878 -0.946489 0.322735
    outer loop
      vertex -2.405 -5.6059 55.2073
      vertex -3.28988 -5.36342 55.9216
      vertex -3.29484 -5.36479 55.9176
    endloop
  endfacet
  facet normal 0 -0.946927 0.321449
    outer loop
      vertex -3.28988 -5.36342 55.9216
      vertex -2.405 -5.6059 55.2073
      vertex -2.395 -5.6059 55.2073
    endloop
  endfacet
  facet normal 1 0 0
    outer loop
      vertex -2.395 -5.6059 55.2073
      vertex -2.395 -2.1215 54.2633
      vertex -2.395 -2.11891 54.2729
    endloop
  endfacet
  facet normal 1 0 0
    outer loop
      vertex -2.395 -2.1215 54.2633
      vertex -2.395 -5.6059 55.2073
      vertex -2.395 -5.60849 55.1976
    endloop
  endfacet
  facet normal 0.643722 0.198076 0.739181
    outer loop
      vertex -3.27742 -5.28921 55.8909
      vertex -2.395 -5.6059 55.2073
      vertex -2.395 -2.11891 54.2729
    endloop
  endfacet
  facet normal 0.64363 0.197063 0.739532
    outer loop
      vertex -3.28145 -5.3132 55.9008
      vertex -2.395 -5.6059 55.2073
      vertex -3.27742 -5.28921 55.8909
    endloop
  endfacet
  facet normal 0.643703 0.198081 0.739196
    outer loop
      vertex -2.395 -5.6059 55.2073
      vertex -3.28145 -5.3132 55.9008
      vertex -3.28834 -5.35425 55.9178
    endloop
  endfacet
  facet normal -0 0 1
    outer loop
      vertex -3.3 -5.75566 54.4577
      vertex -3.3 -5.75567 54.4577
      vertex -3.29995 -5.75566 54.4577
    endloop
  endfacet
  facet normal 0 -0.957826 0.287348
    outer loop
      vertex -3.3 -5.36339 55.9217
      vertex -3.3 -5.36342 55.9216
      vertex -3.29995 -5.36342 55.9216
    endloop
  endfacet
  facet normal 0 -0.957826 0.287348
    outer loop
      vertex -3.3 -5.36339 55.9217
      vertex -3.29995 -5.36342 55.9216
      vertex -3.29988 -5.36342 55.9216
    endloop
  endfacet
  facet normal 0 -0.946932 0.321434
    outer loop
      vertex -3.29486 -5.36479 55.9176
      vertex -2.405 -5.6059 55.2073
      vertex -3.29484 -5.36479 55.9176
    endloop
  endfacet
  facet normal -0.0943664 -0.972711 0.211963
    outer loop
      vertex -3.295 -5.36482 55.9174
      vertex -2.405 -5.6059 55.2073
      vertex -3.29486 -5.36479 55.9176
    endloop
  endfacet
  facet normal -0.0533965 -0.964544 0.258464
    outer loop
      vertex -3.295 -5.75479 54.4621
      vertex -3.295 -5.36482 55.9174
      vertex -3.3 -5.36457 55.9173
    endloop
  endfacet
  facet normal -0.0559359 -0.964412 0.25842
    outer loop
      vertex -3.295 -5.75479 54.4621
      vertex -3.3 -5.36457 55.9173
      vertex -3.3 -5.7545 54.4621
    endloop
  endfacet
  facet normal -0.0550475 -0.964457 0.258441
    outer loop
      vertex -3.295 -5.36482 55.9174
      vertex -3.295 -5.75479 54.4621
      vertex -2.405 -5.6059 55.2073
    endloop
  endfacet
  facet normal -8.99521e-05 -0.980598 0.19603
    outer loop
      vertex -2.405 -5.6059 55.2073
      vertex -3.295 -5.75479 54.4621
      vertex -3.2949 -5.75481 54.462
    endloop
  endfacet
  facet normal 0.0203484 0.96528 -0.260424
    outer loop
      vertex -2.395 -2.1215 54.2633
      vertex -3.27742 -2.02822 54.5401
      vertex -2.395 -2.11891 54.2729
    endloop
  endfacet
  facet normal 0.0165918 0.962323 -0.271404
    outer loop
      vertex -3.27742 -2.02822 54.5401
      vertex -2.395 -2.1215 54.2633
      vertex -3.278 -2.02821 54.5401
    endloop
  endfacet
  facet normal 0 0.965926 -0.258819
    outer loop
      vertex -3.295 -2.17618 53.9865
      vertex -3.3 -2.02787 54.54
      vertex -3.295 -2.02787 54.54
    endloop
  endfacet
  facet normal 0 0.965926 -0.258819
    outer loop
      vertex -3.3 -2.02787 54.54
      vertex -3.295 -2.17618 53.9865
      vertex -3.3 -2.17618 53.9865
    endloop
  endfacet
  facet normal 0 0.965924 -0.258824
    outer loop
      vertex -3.27743 -2.17655 53.9865
      vertex -3.27801 -2.02821 54.5401
      vertex -3.278 -2.02821 54.5401
    endloop
  endfacet
  facet normal 0.0209179 0.965718 -0.258748
    outer loop
      vertex -3.27743 -2.17655 53.9865
      vertex -3.278 -2.02821 54.5401
      vertex -2.395 -2.1215 54.2633
    endloop
  endfacet
  facet normal 0.0208487 0.96572 -0.258748
    outer loop
      vertex -3.27801 -2.02821 54.5401
      vertex -3.27743 -2.17655 53.9865
      vertex -3.295 -2.02787 54.54
    endloop
  endfacet
  facet normal 0.0203369 0.965726 -0.258766
    outer loop
      vertex -3.295 -2.02787 54.54
      vertex -3.27743 -2.17655 53.9865
      vertex -3.295 -2.17618 53.9865
    endloop
  endfacet
  facet normal 0.643686 -0.198064 -0.739215
    outer loop
      vertex -2.395 -5.60849 55.1976
      vertex -3.28145 -5.70177 54.4507
      vertex -2.395 -2.1215 54.2633
    endloop
  endfacet
  facet normal 0.643776 -0.196761 -0.739485
    outer loop
      vertex -3.28145 -5.70177 54.4507
      vertex -2.395 -5.60849 55.1976
      vertex -3.28988 -5.75566 54.4577
    endloop
  endfacet
  facet normal -0 0 -1
    outer loop
      vertex -3.29484 -5.75594 54.4535
      vertex -3.295 -5.7565 54.4535
      vertex -3.29486 -5.75594 54.4535
    endloop
  endfacet
  facet normal 0.642012 -0.183432 -0.744428
    outer loop
      vertex -3.295 -5.7565 54.4535
      vertex -3.29484 -5.75594 54.4535
      vertex -3.28989 -5.75566 54.4577
    endloop
  endfacet
  facet normal 0.0123672 0.229022 0.973343
    outer loop
      vertex -3.3 -5.36204 55.9257
      vertex -3.295 -5.36146 55.9255
      vertex -3.3 -5.36119 55.9255
    endloop
  endfacet
  facet normal 0 0.325991 0.945373
    outer loop
      vertex -3.295 -5.36146 55.9255
      vertex -3.3 -5.36204 55.9257
      vertex -3.295 -5.36204 55.9257
    endloop
  endfacet
  facet normal 0 -0.966152 0.257973
    outer loop
      vertex -2.405 -5.60849 55.1976
      vertex -2.395 -5.6059 55.2073
      vertex -2.405 -5.6059 55.2073
    endloop
  endfacet
  facet normal 0 -0.966152 0.257973
    outer loop
      vertex -2.395 -5.6059 55.2073
      vertex -2.405 -5.60849 55.1976
      vertex -2.395 -5.60849 55.1976
    endloop
  endfacet
  facet normal 0.19518 -0.9759 0.09759
    outer loop
      vertex -3.3 -5.75568 54.4576
      vertex -3.29995 -5.75566 54.4577
      vertex -3.3 -5.75567 54.4577
    endloop
  endfacet
  facet normal 0 -0.980581 0.196116
    outer loop
      vertex -3.29995 -5.75566 54.4577
      vertex -3.3 -5.75568 54.4576
      vertex -3.29988 -5.75566 54.4577
    endloop
  endfacet
  facet normal -0.0543048 -0.964727 0.257592
    outer loop
      vertex -3.2949 -5.75481 54.462
      vertex -2.405 -5.60849 55.1976
      vertex -2.405 -5.6059 55.2073
    endloop
  endfacet
  facet normal -0.000589305 -0.980648 0.195776
    outer loop
      vertex -2.405 -5.60849 55.1976
      vertex -3.2949 -5.75481 54.462
      vertex -3.29484 -5.75483 54.4619
    endloop
  endfacet
  facet normal -4.31923e-12 -0.980581 0.196116
    outer loop
      vertex -3.29988 -5.75566 54.4577
      vertex -3.3 -5.75568 54.4576
      vertex -3.3 -5.7565 54.4535
    endloop
  endfacet
  facet normal 0 -0.980581 0.196116
    outer loop
      vertex -3.29988 -5.75566 54.4577
      vertex -3.3 -5.7565 54.4535
      vertex -3.295 -5.7565 54.4535
    endloop
  endfacet
  facet normal 0 -0.980581 0.196116
    outer loop
      vertex -3.29988 -5.75566 54.4577
      vertex -3.295 -5.7565 54.4535
      vertex -3.28989 -5.75566 54.4577
    endloop
  endfacet
  facet normal 0.000530798 -0.980908 0.194473
    outer loop
      vertex -3.28988 -5.75566 54.4577
      vertex -2.405 -5.60849 55.1976
      vertex -3.29484 -5.75483 54.4619
    endloop
  endfacet
  facet normal 0 -0.980787 0.195084
    outer loop
      vertex -2.405 -5.60849 55.1976
      vertex -3.28988 -5.75566 54.4577
      vertex -2.395 -5.60849 55.1976
    endloop
  endfacet
  facet normal 0.304035 -0.12437 -0.944508
    outer loop
      vertex -3.27742 -2.17655 53.9865
      vertex -2.395 -2.1215 54.2633
      vertex -3.27742 -5.67602 54.4473
    endloop
  endfacet
  facet normal 0 0.980791 -0.19506
    outer loop
      vertex -2.395 -2.1215 54.2633
      vertex -3.27742 -2.17655 53.9865
      vertex -3.27743 -2.17655 53.9865
    endloop
  endfacet
  facet normal 0.645387 -0.198403 -0.737639
    outer loop
      vertex -2.395 -2.1215 54.2633
      vertex -3.28145 -5.70177 54.4507
      vertex -3.27742 -5.67602 54.4473
    endloop
  endfacet
  facet normal 0.568593 -0.142148 -0.810245
    outer loop
      vertex -3.29486 -5.75594 54.4535
      vertex -3.295 -5.7565 54.4535
      vertex -3.295 -5.75593 54.4534
    endloop
  endfacet
  facet normal 0 -0.172799 -0.984957
    outer loop
      vertex -3.3 -5.7565 54.4535
      vertex -3.295 -5.75593 54.4534
      vertex -3.295 -5.7565 54.4535
    endloop
  endfacet
  facet normal 0.00694845 -0.231615 -0.972783
    outer loop
      vertex -3.295 -5.75593 54.4534
      vertex -3.3 -5.7565 54.4535
      vertex -3.3 -5.75566 54.4533
    endloop
  endfacet
  facet normal 0 -1 0
    outer loop
      vertex -2.405 -5.805 53.695
      vertex -2.395 -5.805 53.705
      vertex -2.405 -5.805 53.705
    endloop
  endfacet
  facet normal 0 -1 -0
    outer loop
      vertex -2.395 -5.805 53.705
      vertex -2.405 -5.805 53.695
      vertex -2.395 -5.805 53.695
    endloop
  endfacet
  facet normal 0.303919 0.124375 0.944544
    outer loop
      vertex -3.27742 -5.67602 54.4473
      vertex -2.395 -2.195 53.705
      vertex -3.27742 -2.17655 53.9865
    endloop
  endfacet
  facet normal 0.643735 0 0.765249
    outer loop
      vertex -3.27742 -5.67602 54.4473
      vertex -2.395 -5.805 53.705
      vertex -2.395 -2.195 53.705
    endloop
  endfacet
  facet normal 0.643759 0.000288383 0.765228
    outer loop
      vertex -3.28145 -5.70177 54.4507
      vertex -2.395 -5.805 53.705
      vertex -3.27742 -5.67602 54.4473
    endloop
  endfacet
  facet normal 0.643652 -0.00127604 0.765317
    outer loop
      vertex -3.28988 -5.75566 54.4577
      vertex -2.395 -5.805 53.705
      vertex -3.28145 -5.70177 54.4507
    endloop
  endfacet
  facet normal 0.0755544 0.996841 0.0244825
    outer loop
      vertex -3.28988 -5.75566 54.4577
      vertex -3.295 -5.75538 54.4621
      vertex -2.395 -5.805 53.705
    endloop
  endfacet
  facet normal 0.652095 0.0842772 0.753438
    outer loop
      vertex -3.29484 -5.75483 54.4619
      vertex -3.295 -5.75538 54.4621
      vertex -3.28988 -5.75566 54.4577
    endloop
  endfacet
  facet normal 0.850932 -0.0576903 0.522098
    outer loop
      vertex -3.2949 -5.75481 54.462
      vertex -3.295 -5.75538 54.4621
      vertex -3.29484 -5.75483 54.4619
    endloop
  endfacet
  facet normal 0.707107 -0 0.707107
    outer loop
      vertex -3.295 -5.75538 54.4621
      vertex -3.2949 -5.75481 54.462
      vertex -3.295 -5.75479 54.4621
    endloop
  endfacet
  facet normal 0.643735 0 -0.765249
    outer loop
      vertex -2.395 -5.805 53.695
      vertex -3.27742 -5.67602 52.9527
      vertex -2.395 -2.195 53.695
    endloop
  endfacet
  facet normal 0.643759 0.000288383 -0.765228
    outer loop
      vertex -2.395 -5.805 53.695
      vertex -3.28145 -5.70177 52.9493
      vertex -3.27742 -5.67602 52.9527
    endloop
  endfacet
  facet normal 0.643652 -0.00127604 -0.765317
    outer loop
      vertex -2.395 -5.805 53.695
      vertex -3.28988 -5.75566 52.9423
      vertex -3.28145 -5.70177 52.9493
    endloop
  endfacet
  facet normal 0.221471 -0.919908 -0.323606
    outer loop
      vertex -3.295 -5.75538 52.938
      vertex -3.28988 -5.75566 52.9423
      vertex -2.395 -5.805 53.695
    endloop
  endfacet
  facet normal 0.640894 -0.0471364 -0.766181
    outer loop
      vertex -3.295 -5.75538 52.938
      vertex -3.29484 -5.75483 52.9381
      vertex -3.28988 -5.75566 52.9423
    endloop
  endfacet
  facet normal 0.835041 -0.146498 -0.530325
    outer loop
      vertex -3.295 -5.75538 52.938
      vertex -3.2949 -5.75481 52.938
      vertex -3.29484 -5.75483 52.9381
    endloop
  endfacet
  facet normal -0 0 -1
    outer loop
      vertex -3.2949 -5.75481 52.938
      vertex -3.295 -5.75538 52.938
      vertex -3.295 -5.75479 52.938
    endloop
  endfacet
  facet normal 1 -0 0
    outer loop
      vertex -2.395 -5.805 53.705
      vertex -2.395 -2.195 53.695
      vertex -2.395 -2.195 53.705
    endloop
  endfacet
  facet normal 1 0 0
    outer loop
      vertex -2.395 -2.195 53.695
      vertex -2.395 -5.805 53.705
      vertex -2.395 -5.805 53.695
    endloop
  endfacet
  facet normal 0.0540697 -0.996427 0.0648836
    outer loop
      vertex -3.29988 -5.75566 54.4577
      vertex -3.3 -5.75538 54.4621
      vertex -3.3 -5.75566 54.4578
    endloop
  endfacet
  facet normal 0 -0.997981 0.0635079
    outer loop
      vertex -3.3 -5.75538 54.4621
      vertex -3.29988 -5.75566 54.4577
      vertex -3.295 -5.75538 54.4621
    endloop
  endfacet
  facet normal 0 -0.997981 0.0635079
    outer loop
      vertex -3.28989 -5.75566 54.4577
      vertex -3.295 -5.75538 54.4621
      vertex -3.29988 -5.75566 54.4577
    endloop
  endfacet
  facet normal 0.000473008 -0.997822 0.065964
    outer loop
      vertex -2.405 -5.805 53.705
      vertex -3.28989 -5.75566 54.4577
      vertex -3.29484 -5.75594 54.4535
    endloop
  endfacet
  facet normal -0.0693257 -0.997449 -0.0170384
    outer loop
      vertex -3.28989 -5.75566 54.4577
      vertex -2.395 -5.805 53.705
      vertex -3.295 -5.75538 54.4621
    endloop
  endfacet
  facet normal 0 -0.997858 0.0654103
    outer loop
      vertex -2.395 -5.805 53.705
      vertex -3.28989 -5.75566 54.4577
      vertex -2.405 -5.805 53.705
    endloop
  endfacet
  facet normal 0 0 1
    outer loop
      vertex -3.3 -5.75538 54.4621
      vertex -3.295 -5.75479 54.4621
      vertex -3.3 -5.7545 54.4621
    endloop
  endfacet
  facet normal 0 0 1
    outer loop
      vertex -3.295 -5.75479 54.4621
      vertex -3.3 -5.75538 54.4621
      vertex -3.295 -5.75538 54.4621
    endloop
  endfacet
  facet normal 0.303919 0.124375 -0.944544
    outer loop
      vertex -2.395 -2.195 53.695
      vertex -3.27742 -5.67602 52.9527
      vertex -3.27742 -2.17655 53.4135
    endloop
  endfacet
  facet normal 0 -1 0
    outer loop
      vertex -3.29995 -5.75566 54.4577
      vertex -3.3 -5.75566 54.4578
      vertex -3.3 -5.75566 54.4577
    endloop
  endfacet
  facet normal 0 -1 0
    outer loop
      vertex -3.29988 -5.75566 54.4577
      vertex -3.3 -5.75566 54.4578
      vertex -3.29995 -5.75566 54.4577
    endloop
  endfacet
  facet normal 0 -1 0
    outer loop
      vertex -3.3 -5.75566 52.9422
      vertex -3.29995 -5.75566 52.9423
      vertex -3.3 -5.75566 52.9423
    endloop
  endfacet
  facet normal 0 -1 -0
    outer loop
      vertex -3.29995 -5.75566 52.9423
      vertex -3.3 -5.75566 52.9422
      vertex -3.29988 -5.75566 52.9423
    endloop
  endfacet
  facet normal 0 -0.995037 -0.0995037
    outer loop
      vertex -3.295 -5.75593 54.4534
      vertex -3.29484 -5.75594 54.4535
      vertex -3.29486 -5.75594 54.4535
    endloop
  endfacet
  facet normal -0.0592547 -0.99823 -0.00501544
    outer loop
      vertex -3.295 -5.75593 54.4534
      vertex -2.405 -5.805 53.705
      vertex -3.29484 -5.75594 54.4535
    endloop
  endfacet
  facet normal -0.0539214 -0.998545 0
    outer loop
      vertex -3.295 -5.75593 52.9466
      vertex -3.295 -5.75593 54.4534
      vertex -3.3 -5.75566 54.4533
    endloop
  endfacet
  facet normal -0.0550512 -0.998484 0
    outer loop
      vertex -3.295 -5.75593 54.4534
      vertex -2.405 -5.805 53.695
      vertex -2.405 -5.805 53.705
    endloop
  endfacet
  facet normal -0.0539214 -0.998545 0
    outer loop
      vertex -3.295 -5.75593 52.9466
      vertex -3.3 -5.75566 54.4533
      vertex -3.3 -5.75566 52.9467
    endloop
  endfacet
  facet normal -0.0550512 -0.998484 -0
    outer loop
      vertex -3.295 -5.75593 54.4534
      vertex -3.295 -5.75593 52.9466
      vertex -2.405 -5.805 53.695
    endloop
  endfacet
  facet normal -0.0638111 -0.997907 0.0104551
    outer loop
      vertex -3.29486 -5.75594 52.9465
      vertex -2.405 -5.805 53.695
      vertex -3.295 -5.75593 52.9466
    endloop
  endfacet
  facet normal 0 -0.997859 -0.0654041
    outer loop
      vertex -2.405 -5.805 53.695
      vertex -3.29486 -5.75594 52.9465
      vertex -3.29484 -5.75594 52.9465
    endloop
  endfacet
  facet normal 0.0553475 -0.996256 -0.066417
    outer loop
      vertex -3.3 -5.75538 52.938
      vertex -3.29988 -5.75566 52.9423
      vertex -3.3 -5.75566 52.9422
    endloop
  endfacet
  facet normal 0.000473008 -0.997822 -0.065964
    outer loop
      vertex -3.28989 -5.75566 52.9423
      vertex -2.405 -5.805 53.695
      vertex -3.29484 -5.75594 52.9465
    endloop
  endfacet
  facet normal 0 -0.997858 -0.0654103
    outer loop
      vertex -2.405 -5.805 53.695
      vertex -3.28989 -5.75566 52.9423
      vertex -2.395 -5.805 53.695
    endloop
  endfacet
  facet normal 0 -0.997887 -0.0649787
    outer loop
      vertex -3.29988 -5.75566 52.9423
      vertex -3.3 -5.75538 52.938
      vertex -3.295 -5.75538 52.938
    endloop
  endfacet
  facet normal -0.516935 -0.636059 0.572894
    outer loop
      vertex -3.28989 -5.75566 52.9423
      vertex -3.295 -5.75538 52.938
      vertex -2.395 -5.805 53.695
    endloop
  endfacet
  facet normal 0 -0.997887 -0.0649787
    outer loop
      vertex -3.29988 -5.75566 52.9423
      vertex -3.295 -5.75538 52.938
      vertex -3.28989 -5.75566 52.9423
    endloop
  endfacet
  facet normal 0 1 -0
    outer loop
      vertex -3.295 -2.17618 53.4135
      vertex -3.3 -2.17618 53.9865
      vertex -3.295 -2.17618 53.9865
    endloop
  endfacet
  facet normal 0 1 0
    outer loop
      vertex -3.3 -2.17618 53.9865
      vertex -3.295 -2.17618 53.4135
      vertex -3.3 -2.17618 53.4135
    endloop
  endfacet
  facet normal 0 1 0
    outer loop
      vertex -3.27743 -2.17655 53.4135
      vertex -3.27743 -2.17655 53.9865
      vertex -3.27742 -2.17655 53.9865
    endloop
  endfacet
  facet normal 0.0209038 0.999781 -0
    outer loop
      vertex -3.27742 -2.17655 53.4135
      vertex -3.27742 -2.17655 53.9865
      vertex -2.395 -2.195 53.705
    endloop
  endfacet
  facet normal 0.0209038 0.999781 0
    outer loop
      vertex -3.27742 -2.17655 53.4135
      vertex -2.395 -2.195 53.705
      vertex -2.395 -2.195 53.695
    endloop
  endfacet
  facet normal 0 1 0
    outer loop
      vertex -3.27743 -2.17655 53.4135
      vertex -3.27742 -2.17655 53.9865
      vertex -3.27742 -2.17655 53.4135
    endloop
  endfacet
  facet normal 0.021054 0.999778 0
    outer loop
      vertex -3.295 -2.17618 53.9865
      vertex -3.27743 -2.17655 53.4135
      vertex -3.295 -2.17618 53.4135
    endloop
  endfacet
  facet normal 0.021054 0.999778 0
    outer loop
      vertex -3.27743 -2.17655 53.9865
      vertex -3.27743 -2.17655 53.4135
      vertex -3.295 -2.17618 53.9865
    endloop
  endfacet
  facet normal 0 0 -1
    outer loop
      vertex -3.3 -5.75538 52.938
      vertex -3.295 -5.75479 52.938
      vertex -3.295 -5.75538 52.938
    endloop
  endfacet
  facet normal -0 0 -1
    outer loop
      vertex -3.295 -5.75479 52.938
      vertex -3.3 -5.75538 52.938
      vertex -3.3 -5.7545 52.938
    endloop
  endfacet
  facet normal 0.645387 -0.198403 0.737639
    outer loop
      vertex -2.395 -2.1215 53.1367
      vertex -3.27742 -5.67602 52.9527
      vertex -3.28145 -5.70177 52.9493
    endloop
  endfacet
  facet normal 0.568593 -0.142148 0.810245
    outer loop
      vertex -3.295 -5.75593 52.9466
      vertex -3.295 -5.7565 52.9465
      vertex -3.29486 -5.75594 52.9465
    endloop
  endfacet
  facet normal 0 0.980791 0.19506
    outer loop
      vertex -2.395 -2.1215 53.1367
      vertex -3.27743 -2.17655 53.4135
      vertex -3.27742 -2.17655 53.4135
    endloop
  endfacet
  facet normal 0.304035 -0.12437 0.944508
    outer loop
      vertex -2.395 -2.1215 53.1367
      vertex -3.27742 -2.17655 53.4135
      vertex -3.27742 -5.67602 52.9527
    endloop
  endfacet
  facet normal 0.643708 0.1982 -0.73916
    outer loop
      vertex -2.395 -5.6059 52.1927
      vertex -3.28988 -5.36342 51.4784
      vertex -3.28834 -5.35425 51.4822
    endloop
  endfacet
  facet normal 0.646065 0.229951 -0.72782
    outer loop
      vertex -3.295 -5.36204 51.4743
      vertex -3.29484 -5.36154 51.4746
      vertex -3.28989 -5.36342 51.4784
    endloop
  endfacet
  facet normal 0.860966 0.0291853 -0.507824
    outer loop
      vertex -3.295 -5.36204 51.4743
      vertex -3.2949 -5.36151 51.4745
      vertex -3.29484 -5.36154 51.4746
    endloop
  endfacet
  facet normal 0.160872 0.321745 -0.93306
    outer loop
      vertex -3.2949 -5.36151 51.4745
      vertex -3.295 -5.36204 51.4743
      vertex -3.295 -5.36146 51.4745
    endloop
  endfacet
  facet normal 0.0203484 0.96528 0.260424
    outer loop
      vertex -3.27742 -2.02822 52.8599
      vertex -2.395 -2.1215 53.1367
      vertex -2.395 -2.11891 53.1271
    endloop
  endfacet
  facet normal 0.0165918 0.962323 0.271404
    outer loop
      vertex -2.395 -2.1215 53.1367
      vertex -3.27742 -2.02822 52.8599
      vertex -3.278 -2.02821 52.8599
    endloop
  endfacet
  facet normal 1 0 0
    outer loop
      vertex -2.395 -2.1215 53.1367
      vertex -2.395 -5.6059 52.1927
      vertex -2.395 -2.11891 53.1271
    endloop
  endfacet
  facet normal 1 0 -0
    outer loop
      vertex -2.395 -5.6059 52.1927
      vertex -2.395 -2.1215 53.1367
      vertex -2.395 -5.60849 52.2024
    endloop
  endfacet
  facet normal -0.000589305 -0.980648 -0.195776
    outer loop
      vertex -3.2949 -5.75481 52.938
      vertex -2.405 -5.60849 52.2024
      vertex -3.29484 -5.75483 52.9381
    endloop
  endfacet
  facet normal -0.0543048 -0.964727 -0.257592
    outer loop
      vertex -2.405 -5.60849 52.2024
      vertex -3.2949 -5.75481 52.938
      vertex -2.405 -5.6059 52.1927
    endloop
  endfacet
  facet normal 0.19518 -0.9759 -0.09759
    outer loop
      vertex -3.29995 -5.75566 52.9423
      vertex -3.3 -5.75568 52.9424
      vertex -3.3 -5.75567 52.9423
    endloop
  endfacet
  facet normal 0 -0.980581 -0.196116
    outer loop
      vertex -3.3 -5.75568 52.9424
      vertex -3.29995 -5.75566 52.9423
      vertex -3.29988 -5.75566 52.9423
    endloop
  endfacet
  facet normal 0.643686 -0.198064 0.739215
    outer loop
      vertex -3.28145 -5.70177 52.9493
      vertex -2.395 -5.60849 52.2024
      vertex -2.395 -2.1215 53.1367
    endloop
  endfacet
  facet normal 0.643776 -0.196761 0.739485
    outer loop
      vertex -2.395 -5.60849 52.2024
      vertex -3.28145 -5.70177 52.9493
      vertex -3.28988 -5.75566 52.9423
    endloop
  endfacet
  facet normal 0.642012 -0.183432 0.744428
    outer loop
      vertex -3.29484 -5.75594 52.9465
      vertex -3.295 -5.7565 52.9465
      vertex -3.28989 -5.75566 52.9423
    endloop
  endfacet
  facet normal 0 0 1
    outer loop
      vertex -3.295 -5.7565 52.9465
      vertex -3.29484 -5.75594 52.9465
      vertex -3.29486 -5.75594 52.9465
    endloop
  endfacet
  facet normal 0.000530798 -0.980908 -0.194473
    outer loop
      vertex -2.405 -5.60849 52.2024
      vertex -3.28988 -5.75566 52.9423
      vertex -3.29484 -5.75483 52.9381
    endloop
  endfacet
  facet normal 0 -0.980787 -0.195084
    outer loop
      vertex -3.28988 -5.75566 52.9423
      vertex -2.405 -5.60849 52.2024
      vertex -2.395 -5.60849 52.2024
    endloop
  endfacet
  facet normal 7.29314e-12 -0.980581 -0.196116
    outer loop
      vertex -3.29988 -5.75566 52.9423
      vertex -3.3 -5.7565 52.9465
      vertex -3.3 -5.75568 52.9424
    endloop
  endfacet
  facet normal 0 -0.980581 -0.196116
    outer loop
      vertex -3.3 -5.7565 52.9465
      vertex -3.29988 -5.75566 52.9423
      vertex -3.295 -5.7565 52.9465
    endloop
  endfacet
  facet normal 0 -0.980581 -0.196116
    outer loop
      vertex -3.295 -5.7565 52.9465
      vertex -3.29988 -5.75566 52.9423
      vertex -3.28989 -5.75566 52.9423
    endloop
  endfacet
  facet normal -0 0 -1
    outer loop
      vertex -3.29995 -5.75566 52.9423
      vertex -3.3 -5.75567 52.9423
      vertex -3.3 -5.75566 52.9423
    endloop
  endfacet
  facet normal 0 -0.957826 -0.287348
    outer loop
      vertex -3.3 -5.36339 51.4783
      vertex -3.29995 -5.36342 51.4784
      vertex -3.3 -5.36342 51.4784
    endloop
  endfacet
  facet normal 0 -0.957826 -0.287348
    outer loop
      vertex -3.29995 -5.36342 51.4784
      vertex -3.3 -5.36339 51.4783
      vertex -3.29988 -5.36342 51.4784
    endloop
  endfacet
  facet normal -0.0559361 -0.964416 -0.258404
    outer loop
      vertex -3.3 -5.36457 51.4827
      vertex -3.295 -5.75479 52.938
      vertex -3.3 -5.7545 52.938
    endloop
  endfacet
  facet normal -0.0533964 -0.964548 -0.258448
    outer loop
      vertex -3.295 -5.75479 52.938
      vertex -3.3 -5.36457 51.4827
      vertex -3.295 -5.36482 51.4826
    endloop
  endfacet
  facet normal -0.0550619 -0.964461 -0.258424
    outer loop
      vertex -3.295 -5.75479 52.938
      vertex -3.295 -5.36482 51.4826
      vertex -2.405 -5.6059 52.1927
    endloop
  endfacet
  facet normal -0.0943664 -0.972711 -0.211963
    outer loop
      vertex -3.29486 -5.36479 51.4824
      vertex -2.405 -5.6059 52.1927
      vertex -3.295 -5.36482 51.4826
    endloop
  endfacet
  facet normal 0 -0.946932 -0.321434
    outer loop
      vertex -2.405 -5.6059 52.1927
      vertex -3.29486 -5.36479 51.4824
      vertex -3.29484 -5.36479 51.4824
    endloop
  endfacet
  facet normal -0.18016 -0.900802 -0.395093
    outer loop
      vertex -3.2949 -5.75481 52.938
      vertex -3.295 -5.75479 52.938
      vertex -2.405 -5.6059 52.1927
    endloop
  endfacet
  facet normal 0.00694845 -0.231615 0.972783
    outer loop
      vertex -3.3 -5.7565 52.9465
      vertex -3.295 -5.75593 52.9466
      vertex -3.3 -5.75566 52.9467
    endloop
  endfacet
  facet normal 0 -0.172799 0.984957
    outer loop
      vertex -3.295 -5.75593 52.9466
      vertex -3.3 -5.7565 52.9465
      vertex -3.295 -5.7565 52.9465
    endloop
  endfacet
  facet normal 0 -0.966152 -0.257973
    outer loop
      vertex -2.405 -5.6059 52.1927
      vertex -2.395 -5.60849 52.2024
      vertex -2.405 -5.60849 52.2024
    endloop
  endfacet
  facet normal 0 -0.966152 -0.257973
    outer loop
      vertex -2.395 -5.60849 52.2024
      vertex -2.405 -5.6059 52.1927
      vertex -2.395 -5.6059 52.1927
    endloop
  endfacet
  facet normal 0.643722 0.198076 -0.739181
    outer loop
      vertex -2.395 -5.6059 52.1927
      vertex -3.27742 -5.28921 51.5091
      vertex -2.395 -2.11891 53.1271
    endloop
  endfacet
  facet normal 0.64363 0.197063 -0.739532
    outer loop
      vertex -2.395 -5.6059 52.1927
      vertex -3.28145 -5.3132 51.4992
      vertex -3.27742 -5.28921 51.5091
    endloop
  endfacet
  facet normal 0.643703 0.198081 -0.739196
    outer loop
      vertex -3.28145 -5.3132 51.4992
      vertex -2.395 -5.6059 52.1927
      vertex -3.28834 -5.35425 51.4822
    endloop
  endfacet
  facet normal 0.303984 0.364586 -0.880154
    outer loop
      vertex -2.395 -2.11891 53.1271
      vertex -3.27742 -5.28921 51.5091
      vertex -3.27742 -2.02822 52.8599
    endloop
  endfacet
  facet normal 0.0295962 -0.947077 -0.319639
    outer loop
      vertex -3.3 -5.36204 51.4743
      vertex -3.29988 -5.36342 51.4784
      vertex -3.3 -5.36339 51.4783
    endloop
  endfacet
  facet normal 0 -0.947755 -0.319
    outer loop
      vertex -3.29988 -5.36342 51.4784
      vertex -3.3 -5.36204 51.4743
      vertex -3.295 -5.36204 51.4743
    endloop
  endfacet
  facet normal 0 -0.947755 -0.319
    outer loop
      vertex -3.29988 -5.36342 51.4784
      vertex -3.295 -5.36204 51.4743
      vertex -3.28989 -5.36342 51.4784
    endloop
  endfacet
  facet normal 0.00115878 -0.946489 -0.322735
    outer loop
      vertex -3.28988 -5.36342 51.4784
      vertex -2.405 -5.6059 52.1927
      vertex -3.29484 -5.36479 51.4824
    endloop
  endfacet
  facet normal 0 -0.946927 -0.321449
    outer loop
      vertex -2.405 -5.6059 52.1927
      vertex -3.28988 -5.36342 51.4784
      vertex -2.395 -5.6059 52.1927
    endloop
  endfacet
  facet normal 0 0.965926 0.258819
    outer loop
      vertex -3.295 -2.02787 52.86
      vertex -3.3 -2.17618 53.4135
      vertex -3.295 -2.17618 53.4135
    endloop
  endfacet
  facet normal 0 0.965926 0.258819
    outer loop
      vertex -3.3 -2.17618 53.4135
      vertex -3.295 -2.02787 52.86
      vertex -3.3 -2.02787 52.86
    endloop
  endfacet
  facet normal 0.0209179 0.965718 0.258748
    outer loop
      vertex -3.278 -2.02821 52.8599
      vertex -3.27743 -2.17655 53.4135
      vertex -2.395 -2.1215 53.1367
    endloop
  endfacet
  facet normal -0 0.965924 0.258824
    outer loop
      vertex -3.27801 -2.02821 52.8599
      vertex -3.27743 -2.17655 53.4135
      vertex -3.278 -2.02821 52.8599
    endloop
  endfacet
  facet normal 0.0203369 0.96573 0.258751
    outer loop
      vertex -3.27743 -2.17655 53.4135
      vertex -3.27801 -2.02821 52.8599
      vertex -3.295 -2.17618 53.4135
    endloop
  endfacet
  facet normal 0.0208487 0.965716 0.258763
    outer loop
      vertex -3.295 -2.17618 53.4135
      vertex -3.27801 -2.02821 52.8599
      vertex -3.295 -2.02787 52.86
    endloop
  endfacet
  facet normal 0 0.325991 -0.945373
    outer loop
      vertex -3.3 -5.36204 51.4743
      vertex -3.295 -5.36146 51.4745
      vertex -3.295 -5.36204 51.4743
    endloop
  endfacet
  facet normal 0.0123672 0.229022 -0.973343
    outer loop
      vertex -3.295 -5.36146 51.4745
      vertex -3.3 -5.36204 51.4743
      vertex -3.3 -5.36119 51.4745
    endloop
  endfacet
  facet normal 0.637999 -0.382882 0.668101
    outer loop
      vertex -2.395 -1.90342 52.6068
      vertex -3.27742 -5.28921 51.5091
      vertex -3.28145 -5.3132 51.4992
    endloop
  endfacet
  facet normal 0.801429 -0.303243 0.515514
    outer loop
      vertex -3.295 -5.36482 51.4826
      vertex -3.295 -5.36533 51.4823
      vertex -3.29486 -5.36479 51.4824
    endloop
  endfacet
  facet normal 0.30401 -0.364583 0.880146
    outer loop
      vertex -2.395 -1.90342 52.6068
      vertex -3.27742 -2.02822 52.8599
      vertex -3.27742 -5.28921 51.5091
    endloop
  endfacet
  facet normal 0.643861 0.385711 -0.660811
    outer loop
      vertex -2.395 -5.02478 50.7932
      vertex -3.28988 -4.60568 50.1659
      vertex -3.28834 -4.5978 50.172
    endloop
  endfacet
  facet normal 0.628718 0.284267 -0.723814
    outer loop
      vertex -3.295 -4.60328 50.1624
      vertex -3.29484 -4.60287 50.1627
      vertex -3.28989 -4.60567 50.1659
    endloop
  endfacet
  facet normal 0.302083 0.483333 -0.821666
    outer loop
      vertex -3.29484 -4.60287 50.1627
      vertex -3.295 -4.60328 50.1624
      vertex -3.295 -4.60277 50.1627
    endloop
  endfacet
  facet normal 0 0.866019 0.500012
    outer loop
      vertex -3.295 -1.74138 52.3638
      vertex -3.3 -2.02787 52.86
      vertex -3.295 -2.02787 52.86
    endloop
  endfacet
  facet normal 0 0.866019 0.500012
    outer loop
      vertex -3.3 -2.02787 52.86
      vertex -3.295 -1.74138 52.3638
      vertex -3.3 -1.74138 52.3638
    endloop
  endfacet
  facet normal 1 0 0
    outer loop
      vertex -2.395 -1.90342 52.6068
      vertex -2.395 -5.02478 50.7932
      vertex -2.395 -1.89843 52.5982
    endloop
  endfacet
  facet normal 1 0 -0
    outer loop
      vertex -2.395 -5.02478 50.7932
      vertex -2.395 -1.90342 52.6068
      vertex -2.395 -5.02978 50.8018
    endloop
  endfacet
  facet normal 0.0940749 -0.936636 -0.337436
    outer loop
      vertex -3.2949 -5.36151 51.4745
      vertex -2.405 -5.02978 50.8018
      vertex -3.29484 -5.36154 51.4746
    endloop
  endfacet
  facet normal -0.0575847 -0.863073 -0.501786
    outer loop
      vertex -2.405 -5.02978 50.8018
      vertex -3.2949 -5.36151 51.4745
      vertex -2.405 -5.02478 50.7932
    endloop
  endfacet
  facet normal 0.357771 -0.894427 -0.268328
    outer loop
      vertex -3.29995 -5.36342 51.4784
      vertex -3.3 -5.36347 51.4785
      vertex -3.3 -5.36344 51.4784
    endloop
  endfacet
  facet normal -0 -0.894427 -0.447214
    outer loop
      vertex -3.29988 -5.36342 51.4784
      vertex -3.3 -5.36347 51.4785
      vertex -3.29995 -5.36342 51.4784
    endloop
  endfacet
  facet normal 0.303968 0.579968 -0.755805
    outer loop
      vertex -3.27742 -4.54195 50.2148
      vertex -3.27742 -1.74167 52.3636
      vertex -2.395 -1.89843 52.5982
    endloop
  endfacet
  facet normal 0.643728 -0.382627 0.66273
    outer loop
      vertex -3.28145 -5.3132 51.4992
      vertex -2.395 -5.02978 50.8018
      vertex -2.395 -1.90342 52.6068
    endloop
  endfacet
  facet normal 0.643735 -0.382524 0.662782
    outer loop
      vertex -3.28834 -5.35425 51.4822
      vertex -2.395 -5.02978 50.8018
      vertex -3.28145 -5.3132 51.4992
    endloop
  endfacet
  facet normal 0.643727 -0.382717 0.662679
    outer loop
      vertex -3.28988 -5.36342 51.4784
      vertex -2.395 -5.02978 50.8018
      vertex -3.28834 -5.35425 51.4822
    endloop
  endfacet
  facet normal -0.325115 0.94499 0.0359857
    outer loop
      vertex -3.28988 -5.36342 51.4784
      vertex -3.295 -5.36533 51.4823
      vertex -2.395 -5.02978 50.8018
    endloop
  endfacet
  facet normal 0.646738 -0.319849 0.692406
    outer loop
      vertex -3.29484 -5.36479 51.4824
      vertex -3.295 -5.36533 51.4823
      vertex -3.28988 -5.36342 51.4784
    endloop
  endfacet
  facet normal 0 -0.182089 0.983282
    outer loop
      vertex -3.295 -5.36533 51.4823
      vertex -3.29484 -5.36479 51.4824
      vertex -3.29486 -5.36479 51.4824
    endloop
  endfacet
  facet normal 0.0078785 -0.898149 -0.43962
    outer loop
      vertex -3.29988 -5.36342 51.4784
      vertex -3.3 -5.36533 51.4823
      vertex -3.3 -5.36347 51.4785
    endloop
  endfacet
  facet normal 0 -0.898081 -0.43983
    outer loop
      vertex -3.3 -5.36533 51.4823
      vertex -3.29988 -5.36342 51.4784
      vertex -3.295 -5.36533 51.4823
    endloop
  endfacet
  facet normal -0 -0.898081 -0.43983
    outer loop
      vertex -3.28989 -5.36342 51.4784
      vertex -3.295 -5.36533 51.4823
      vertex -3.29988 -5.36342 51.4784
    endloop
  endfacet
  facet normal -0.000557854 -0.896595 -0.442852
    outer loop
      vertex -2.405 -5.02978 50.8018
      vertex -3.28989 -5.36342 51.4784
      vertex -3.29484 -5.36154 51.4746
    endloop
  endfacet
  facet normal 0.26062 -0.957023 -0.127217
    outer loop
      vertex -3.28989 -5.36342 51.4784
      vertex -2.395 -5.02978 50.8018
      vertex -3.295 -5.36533 51.4823
    endloop
  endfacet
  facet normal -0 -0.896884 -0.442265
    outer loop
      vertex -2.395 -5.02978 50.8018
      vertex -3.28989 -5.36342 51.4784
      vertex -2.405 -5.02978 50.8018
    endloop
  endfacet
  facet normal -0 0 -1
    outer loop
      vertex -3.29995 -5.36342 51.4784
      vertex -3.3 -5.36344 51.4784
      vertex -3.3 -5.36342 51.4784
    endloop
  endfacet
  facet normal 0 0 -1
    outer loop
      vertex -3.29988 -4.60568 50.1659
      vertex -3.3 -4.60567 50.1659
      vertex -3.3 -4.60562 50.1659
    endloop
  endfacet
  facet normal -0.046714 -0.865074 -0.499465
    outer loop
      vertex -3.3 -4.6079 50.1698
      vertex -3.295 -5.36146 51.4745
      vertex -3.3 -5.36119 51.4745
    endloop
  endfacet
  facet normal -0.0545594 -0.864742 -0.499243
    outer loop
      vertex -3.295 -5.36146 51.4745
      vertex -3.3 -4.6079 50.1698
      vertex -3.295 -4.6081 50.1696
    endloop
  endfacet
  facet normal -0.0550467 -0.864719 -0.49923
    outer loop
      vertex -3.295 -5.36146 51.4745
      vertex -3.295 -4.6081 50.1696
      vertex -2.405 -5.02478 50.7932
    endloop
  endfacet
  facet normal -0.019002 -0.843633 -0.536583
    outer loop
      vertex -2.405 -5.02478 50.7932
      vertex -3.295 -4.6081 50.1696
      vertex -3.29484 -4.60804 50.1695
    endloop
  endfacet
  facet normal -0.312111 -0.624223 -0.716193
    outer loop
      vertex -3.2949 -5.36151 51.4745
      vertex -3.295 -5.36146 51.4745
      vertex -2.405 -5.02478 50.7932
    endloop
  endfacet
  facet normal 0 0 -1
    outer loop
      vertex -3.27742 -2.02822 52.8599
      vertex -3.27801 -2.02821 52.8599
      vertex -3.278 -2.02821 52.8599
    endloop
  endfacet
  facet normal 0.021615 0.864742 0.501751
    outer loop
      vertex -2.395 -1.89843 52.5982
      vertex -3.27742 -2.02822 52.8599
      vertex -2.395 -1.90342 52.6068
    endloop
  endfacet
  facet normal 0.01483 0.874972 0.483947
    outer loop
      vertex -3.27742 -2.02822 52.8599
      vertex -2.395 -1.89843 52.5982
      vertex -3.27801 -2.02821 52.8599
    endloop
  endfacet
  facet normal -0.00558887 -0.465739 0.884904
    outer loop
      vertex -3.3 -5.36533 51.4823
      vertex -3.295 -5.36482 51.4826
      vertex -3.3 -5.36457 51.4827
    endloop
  endfacet
  facet normal 0 -0.50702 0.861934
    outer loop
      vertex -3.295 -5.36482 51.4826
      vertex -3.3 -5.36533 51.4823
      vertex -3.295 -5.36533 51.4823
    endloop
  endfacet
  facet normal 0 -0.864507 -0.50262
    outer loop
      vertex -2.405 -5.02478 50.7932
      vertex -2.395 -5.02978 50.8018
      vertex -2.405 -5.02978 50.8018
    endloop
  endfacet
  facet normal 0 -0.864507 -0.50262
    outer loop
      vertex -2.395 -5.02978 50.8018
      vertex -2.405 -5.02478 50.7932
      vertex -2.395 -5.02478 50.7932
    endloop
  endfacet
  facet normal 0.643705 0.382215 -0.66299
    outer loop
      vertex -3.27742 -4.54195 50.2148
      vertex -2.395 -5.02478 50.7932
      vertex -3.28834 -4.5978 50.172
    endloop
  endfacet
  facet normal 0.643747 0.382619 -0.662716
    outer loop
      vertex -2.395 -5.02478 50.7932
      vertex -3.27742 -4.54195 50.2148
      vertex -2.395 -1.89843 52.5982
    endloop
  endfacet
  facet normal 0.0209057 0.865825 0.499911
    outer loop
      vertex -3.27742 -1.74167 52.3636
      vertex -3.27801 -2.02821 52.8599
      vertex -2.395 -1.89843 52.5982
    endloop
  endfacet
  facet normal 0.0199703 0.865842 0.499919
    outer loop
      vertex -3.295 -1.74138 52.3638
      vertex -3.27801 -2.02821 52.8599
      vertex -3.27742 -1.74167 52.3636
    endloop
  endfacet
  facet normal 0.0202694 0.865841 0.499909
    outer loop
      vertex -3.27801 -2.02821 52.8599
      vertex -3.295 -1.74138 52.3638
      vertex -3.295 -2.02787 52.86
    endloop
  endfacet
  facet normal 0 0 -1
    outer loop
      vertex -3.3 -4.60562 50.1659
      vertex -3.29988 -4.60567 50.1659
      vertex -3.29988 -4.60568 50.1659
    endloop
  endfacet
  facet normal -0.327304 -0.785529 -0.525182
    outer loop
      vertex -3.29988 -4.60567 50.1659
      vertex -3.3 -4.60562 50.1659
      vertex -3.3 -4.60328 50.1624
    endloop
  endfacet
  facet normal 0 -0.825828 -0.563922
    outer loop
      vertex -3.29988 -4.60567 50.1659
      vertex -3.3 -4.60328 50.1624
      vertex -3.295 -4.60328 50.1624
    endloop
  endfacet
  facet normal 0 -0.825828 -0.563922
    outer loop
      vertex -3.29988 -4.60567 50.1659
      vertex -3.295 -4.60328 50.1624
      vertex -3.28989 -4.60567 50.1659
    endloop
  endfacet
  facet normal -0.0037521 -0.83393 -0.551857
    outer loop
      vertex -3.28988 -4.60568 50.1659
      vertex -2.405 -5.02478 50.7932
      vertex -3.29484 -4.60804 50.1695
    endloop
  endfacet
  facet normal 0 -0.831499 -0.555526
    outer loop
      vertex -2.405 -5.02478 50.7932
      vertex -3.28988 -4.60568 50.1659
      vertex -2.395 -5.02478 50.7932
    endloop
  endfacet
  facet normal 0 0.50702 -0.861934
    outer loop
      vertex -3.3 -4.60328 50.1624
      vertex -3.295 -4.60277 50.1627
      vertex -3.295 -4.60328 50.1624
    endloop
  endfacet
  facet normal 0.00558887 0.465739 -0.884904
    outer loop
      vertex -3.295 -4.60277 50.1627
      vertex -3.3 -4.60328 50.1624
      vertex -3.3 -4.60252 50.1628
    endloop
  endfacet
  facet normal 0 -0.708602 -0.705608
    outer loop
      vertex -2.405 -4.10829 49.5988
      vertex -2.395 -4.10122 49.5917
      vertex -2.395 -4.10829 49.5988
    endloop
  endfacet
  facet normal -0 -0.708602 -0.705608
    outer loop
      vertex -2.395 -4.10122 49.5917
      vertex -2.405 -4.10829 49.5988
      vertex -2.405 -4.10122 49.5917
    endloop
  endfacet
  facet normal 0.304021 -0.579958 0.755791
    outer loop
      vertex -2.395 -1.55563 52.1514
      vertex -3.27742 -1.74167 52.3636
      vertex -3.27742 -4.54195 50.2148
    endloop
  endfacet
  facet normal 1 0 0
    outer loop
      vertex -2.395 -1.55563 52.1514
      vertex -2.395 -4.10122 49.5917
      vertex -2.395 -1.54856 52.1444
    endloop
  endfacet
  facet normal 1 0 -0
    outer loop
      vertex -2.395 -4.10122 49.5917
      vertex -2.395 -1.55563 52.1514
      vertex -2.395 -4.10829 49.5988
    endloop
  endfacet
  facet normal -0.105566 -0.750692 -0.652164
    outer loop
      vertex -3.29988 -4.60567 50.1659
      vertex -3.3 -4.60852 50.1692
      vertex -3.3 -4.60574 50.166
    endloop
  endfacet
  facet normal 0 -0.756823 -0.65362
    outer loop
      vertex -3.3 -4.60852 50.1692
      vertex -3.29988 -4.60567 50.1659
      vertex -3.295 -4.60852 50.1692
    endloop
  endfacet
  facet normal -0 -0.756823 -0.65362
    outer loop
      vertex -3.28989 -4.60567 50.1659
      vertex -3.295 -4.60852 50.1692
      vertex -3.29988 -4.60567 50.1659
    endloop
  endfacet
  facet normal 0.000498369 -0.752194 -0.658941
    outer loop
      vertex -2.405 -4.10829 49.5988
      vertex -3.28989 -4.60567 50.1659
      vertex -3.29484 -4.60287 50.1627
    endloop
  endfacet
  facet normal 0.409533 -0.900879 -0.143875
    outer loop
      vertex -3.28989 -4.60567 50.1659
      vertex -2.395 -4.10829 49.5988
      vertex -3.295 -4.60852 50.1692
    endloop
  endfacet
  facet normal -0 -0.751809 -0.659381
    outer loop
      vertex -2.395 -4.10829 49.5988
      vertex -3.28989 -4.60567 50.1659
      vertex -2.405 -4.10829 49.5988
    endloop
  endfacet
  facet normal 0.643696 -0.54113 0.541142
    outer loop
      vertex -3.27742 -4.54195 50.2148
      vertex -2.395 -4.10829 49.5988
      vertex -2.395 -1.55563 52.1514
    endloop
  endfacet
  facet normal 0.643734 -0.540789 0.541437
    outer loop
      vertex -3.28834 -4.5978 50.172
      vertex -2.395 -4.10829 49.5988
      vertex -3.27742 -4.54195 50.2148
    endloop
  endfacet
  facet normal 0.579576 -0.562013 0.590113
    outer loop
      vertex -3.295 -4.60852 50.1692
      vertex -3.29484 -4.60804 50.1695
      vertex -3.295 -4.6081 50.1696
    endloop
  endfacet
  facet normal 0.643361 -0.548347 0.53423
    outer loop
      vertex -3.29484 -4.60804 50.1695
      vertex -3.295 -4.60852 50.1692
      vertex -2.395 -4.10829 49.5988
    endloop
  endfacet
  facet normal 0.643604 -0.543178 0.539195
    outer loop
      vertex -2.395 -4.10829 49.5988
      vertex -3.28834 -4.5978 50.172
      vertex -3.28988 -4.60568 50.1659
    endloop
  endfacet
  facet normal -0.641033 0.57938 -0.503385
    outer loop
      vertex -2.395 -4.10829 49.5988
      vertex -3.28988 -4.60568 50.1659
      vertex -3.29484 -4.60804 50.1695
    endloop
  endfacet
  facet normal -0 0.707124 0.707089
    outer loop
      vertex -3.3 -1.3362 51.9586
      vertex -3.295 -1.74138 52.3638
      vertex -3.295 -1.3362 51.9586
    endloop
  endfacet
  facet normal 0 0.707124 0.707089
    outer loop
      vertex -3.295 -1.74138 52.3638
      vertex -3.3 -1.3362 51.9586
      vertex -3.3 -1.74138 52.3638
    endloop
  endfacet
  facet normal 0.000927228 -0.695421 0.718602
    outer loop
      vertex -3.3 -4.60852 50.1692
      vertex -3.295 -4.6081 50.1696
      vertex -3.3 -4.6079 50.1698
    endloop
  endfacet
  facet normal 0 -0.689655 0.724138
    outer loop
      vertex -3.295 -4.6081 50.1696
      vertex -3.3 -4.60852 50.1692
      vertex -3.295 -4.60852 50.1692
    endloop
  endfacet
  facet normal 0.643695 0.54114 -0.541132
    outer loop
      vertex -2.395 -4.10122 49.5917
      vertex -3.27742 -3.48516 49.1581
      vertex -2.395 -1.54856 52.1444
    endloop
  endfacet
  facet normal 0.643727 0.541387 -0.540847
    outer loop
      vertex -3.27742 -3.48516 49.1581
      vertex -2.395 -4.10122 49.5917
      vertex -3.28834 -3.52802 49.1022
    endloop
  endfacet
  facet normal 0.643771 0.542167 -0.540012
    outer loop
      vertex -3.28834 -3.52802 49.1022
      vertex -2.395 -4.10122 49.5917
      vertex -3.28988 -3.53406 49.0943
    endloop
  endfacet
  facet normal 0.696194 0.495071 -0.519825
    outer loop
      vertex -3.29484 -3.53052 49.092
      vertex -3.295 -3.53082 49.0915
      vertex -3.295 -3.5304 49.0919
    endloop
  endfacet
  facet normal 0.640905 0.550241 -0.535234
    outer loop
      vertex -3.28988 -3.53406 49.0943
      vertex -3.295 -3.53082 49.0915
      vertex -3.29484 -3.53052 49.092
    endloop
  endfacet
  facet normal -0.495319 -0.86365 -0.0936407
    outer loop
      vertex -3.295 -3.53082 49.0915
      vertex -3.28988 -3.53406 49.0943
      vertex -2.395 -4.10122 49.5917
    endloop
  endfacet
  facet normal 0.304002 0.755797 -0.57996
    outer loop
      vertex -3.27742 -3.48516 49.1581
      vertex -3.27742 -1.33643 51.9583
      vertex -2.395 -1.54856 52.1444
    endloop
  endfacet
  facet normal -0.0494369 -0.706239 -0.706245
    outer loop
      vertex -3.3 -3.53721 49.0975
      vertex -3.295 -4.60277 50.1627
      vertex -3.3 -4.60252 50.1628
    endloop
  endfacet
  facet normal -0.0550392 -0.706061 -0.706008
    outer loop
      vertex -3.295 -4.60277 50.1627
      vertex -3.295 -3.53735 49.0972
      vertex -2.405 -4.10829 49.5988
    endloop
  endfacet
  facet normal -0.0621044 -0.705768 -0.705715
    outer loop
      vertex -3.295 -4.60277 50.1627
      vertex -3.3 -3.53721 49.0975
      vertex -3.295 -3.53735 49.0972
    endloop
  endfacet
  facet normal -0.0568029 -0.707458 -0.704469
    outer loop
      vertex -2.405 -4.10829 49.5988
      vertex -3.295 -3.53735 49.0972
      vertex -2.405 -4.10122 49.5917
    endloop
  endfacet
  facet normal -0.0282188 -0.68389 -0.72904
    outer loop
      vertex -2.405 -4.10122 49.5917
      vertex -3.295 -3.53735 49.0972
      vertex -3.29484 -3.53725 49.0971
    endloop
  endfacet
  facet normal -0.28343 -0.453487 -0.844995
    outer loop
      vertex -3.29484 -4.60287 50.1627
      vertex -3.295 -4.60277 50.1627
      vertex -2.405 -4.10829 49.5988
    endloop
  endfacet
  facet normal -0.0681108 -0.817329 -0.572131
    outer loop
      vertex -3.29988 -4.60568 50.1659
      vertex -3.3 -4.60574 50.166
      vertex -3.3 -4.60567 50.1659
    endloop
  endfacet
  facet normal 0.640184 0 0.768221
    outer loop
      vertex -3.3 -4.60574 50.166
      vertex -3.29988 -4.60568 50.1659
      vertex -3.29988 -4.60567 50.1659
    endloop
  endfacet
  facet normal 0 0 -1
    outer loop
      vertex -3.3 -3.53398 49.0943
      vertex -3.29988 -3.53406 49.0943
      vertex -3.3 -3.53406 49.0943
    endloop
  endfacet
  facet normal -0.00017917 -0.659514 -0.751692
    outer loop
      vertex -2.405 -4.10122 49.5917
      vertex -3.29484 -3.53725 49.0971
      vertex -3.28989 -3.53406 49.0943
    endloop
  endfacet
  facet normal 0 -0.659356 -0.751831
    outer loop
      vertex -3.28989 -3.53406 49.0943
      vertex -2.395 -4.10122 49.5917
      vertex -2.405 -4.10122 49.5917
    endloop
  endfacet
  facet normal 0.546612 0.836878 -0.0291799
    outer loop
      vertex -3.28989 -3.53406 49.0943
      vertex -3.295 -3.53082 49.0915
      vertex -2.395 -4.10122 49.5917
    endloop
  endfacet
  facet normal 0 -0.653863 -0.756613
    outer loop
      vertex -3.29988 -3.53406 49.0943
      vertex -3.295 -3.53082 49.0915
      vertex -3.28989 -3.53406 49.0943
    endloop
  endfacet
  facet normal -0.404366 -0.606549 -0.684534
    outer loop
      vertex -3.3 -3.53082 49.0915
      vertex -3.29988 -3.53406 49.0943
      vertex -3.3 -3.53398 49.0943
    endloop
  endfacet
  facet normal 0 -0.653863 -0.756613
    outer loop
      vertex -3.29988 -3.53406 49.0943
      vertex -3.3 -3.53082 49.0915
      vertex -3.295 -3.53082 49.0915
    endloop
  endfacet
  facet normal 0.0208776 0.707005 0.7069
    outer loop
      vertex -3.27742 -1.74167 52.3636
      vertex -2.395 -1.54856 52.1444
      vertex -3.27742 -1.33643 51.9583
    endloop
  endfacet
  facet normal 0.0225444 0.703401 0.710435
    outer loop
      vertex -2.395 -1.54856 52.1444
      vertex -3.27742 -1.74167 52.3636
      vertex -2.395 -1.55563 52.1514
    endloop
  endfacet
  facet normal 0.0213129 0.706964 0.706929
    outer loop
      vertex -3.295 -1.74138 52.3638
      vertex -3.27742 -1.33643 51.9583
      vertex -3.295 -1.3362 51.9586
    endloop
  endfacet
  facet normal 0.0197053 0.707022 0.706917
    outer loop
      vertex -3.27742 -1.33643 51.9583
      vertex -3.295 -1.74138 52.3638
      vertex -3.27742 -1.74167 52.3636
    endloop
  endfacet
  facet normal 0 0.689655 -0.724138
    outer loop
      vertex -3.3 -3.53082 49.0915
      vertex -3.295 -3.5304 49.0919
      vertex -3.295 -3.53082 49.0915
    endloop
  endfacet
  facet normal -0.000927228 0.695421 -0.718602
    outer loop
      vertex -3.295 -3.5304 49.0919
      vertex -3.3 -3.53082 49.0915
      vertex -3.3 -3.5302 49.0921
    endloop
  endfacet
  facet normal 0.650945 -0.650945 0.390567
    outer loop
      vertex -3.295 -3.53765 49.0967
      vertex -3.29484 -3.53725 49.0971
      vertex -3.295 -3.53735 49.0972
    endloop
  endfacet
  facet normal 0.645081 -0.653697 0.395664
    outer loop
      vertex -3.29484 -3.53725 49.0971
      vertex -3.295 -3.53765 49.0967
      vertex -3.28989 -3.53406 49.0943
    endloop
  endfacet
  facet normal 0.643681 -0.663326 0.381673
    outer loop
      vertex -3.28834 -3.52802 49.1022
      vertex -3.28988 -3.53406 49.0943
      vertex -2.395 -2.90683 48.6752
    endloop
  endfacet
  facet normal 0.303932 -0.755815 0.579973
    outer loop
      vertex -2.395 -1.10183 51.8016
      vertex -3.27742 -1.33643 51.9583
      vertex -3.27742 -3.48516 49.1581
    endloop
  endfacet
  facet normal 0 -0.555769 -0.831337
    outer loop
      vertex -3.295 -3.53765 49.0967
      vertex -3.29988 -3.53406 49.0943
      vertex -3.28989 -3.53406 49.0943
    endloop
  endfacet
  facet normal 0 -0.555769 -0.831337
    outer loop
      vertex -3.3 -3.53765 49.0967
      vertex -3.29988 -3.53406 49.0943
      vertex -3.295 -3.53765 49.0967
    endloop
  endfacet
  facet normal -0.314773 -0.520223 -0.793906
    outer loop
      vertex -3.3 -3.53414 49.0944
      vertex -3.29988 -3.53406 49.0943
      vertex -3.3 -3.53765 49.0967
    endloop
  endfacet
  facet normal 0 -0.555569 -0.831471
    outer loop
      vertex -3.28988 -3.53406 49.0943
      vertex -2.405 -2.90683 48.6752
      vertex -2.395 -2.90683 48.6752
    endloop
  endfacet
  facet normal -0.00548135 -0.550203 -0.835013
    outer loop
      vertex -2.405 -2.90683 48.6752
      vertex -3.28988 -3.53406 49.0943
      vertex -3.29484 -3.53052 49.092
    endloop
  endfacet
  facet normal 0.643717 -0.662835 0.382463
    outer loop
      vertex -2.395 -2.90683 48.6752
      vertex -3.27742 -3.48516 49.1581
      vertex -3.28834 -3.52802 49.1022
    endloop
  endfacet
  facet normal 0.643733 -0.662728 0.382621
    outer loop
      vertex -3.27742 -3.48516 49.1581
      vertex -2.395 -2.90683 48.6752
      vertex -2.395 -1.10183 51.8016
    endloop
  endfacet
  facet normal -0 -0.780869 -0.624695
    outer loop
      vertex -3.29988 -3.53406 49.0943
      vertex -3.3 -3.53414 49.0944
      vertex -3.3 -3.53406 49.0943
    endloop
  endfacet
  facet normal 0.0477031 -0.601153 -0.797709
    outer loop
      vertex -3.295 -3.5304 49.0919
      vertex -2.405 -2.90683 48.6752
      vertex -3.29484 -3.53052 49.092
    endloop
  endfacet
  facet normal -0.0550553 -0.499258 -0.864702
    outer loop
      vertex -3.295 -2.22553 48.3385
      vertex -2.405 -2.90683 48.6752
      vertex -3.295 -3.5304 49.0919
    endloop
  endfacet
  facet normal 0.172348 -0.246212 -0.953769
    outer loop
      vertex -2.405 -2.90683 48.6752
      vertex -3.295 -2.22553 48.3385
      vertex -3.2949 -2.22546 48.3385
    endloop
  endfacet
  facet normal -0.0545599 -0.499272 -0.864726
    outer loop
      vertex -3.3 -3.5302 49.0921
      vertex -3.295 -2.22553 48.3385
      vertex -3.295 -3.5304 49.0919
    endloop
  endfacet
  facet normal -0.0588592 -0.499137 -0.864522
    outer loop
      vertex -3.295 -2.22553 48.3385
      vertex -3.3 -3.5302 49.0921
      vertex -3.3 -2.22546 48.3388
    endloop
  endfacet
  facet normal 0 0 -1
    outer loop
      vertex -3.29995 -2.2216 48.3366
      vertex -3.3 -2.2216 48.3366
      vertex -3.3 -2.22156 48.3366
    endloop
  endfacet
  facet normal 0.0209057 0.499902 0.86583
    outer loop
      vertex -3.27742 -0.840114 51.6718
      vertex -2.395 -1.10183 51.8016
      vertex -2.395 -1.09317 51.7966
    endloop
  endfacet
  facet normal 0.00312235 0.452741 0.891636
    outer loop
      vertex -3.278 -0.84011 51.6718
      vertex -2.395 -1.10183 51.8016
      vertex -3.27742 -0.840114 51.6718
    endloop
  endfacet
  facet normal 0 0.444309 0.895874
    outer loop
      vertex -2.395 -1.10183 51.8016
      vertex -3.278 -0.84011 51.6718
      vertex -3.27801 -0.84011 51.6718
    endloop
  endfacet
  facet normal 0.64371 0.662746 -0.38263
    outer loop
      vertex -2.395 -2.89817 48.6702
      vertex -3.28145 -2.2008 48.3868
      vertex -2.395 -1.09317 51.7966
    endloop
  endfacet
  facet normal 0.643746 0.662989 -0.382147
    outer loop
      vertex -2.395 -2.89817 48.6702
      vertex -3.28834 -2.2178 48.3457
      vertex -3.28145 -2.2008 48.3868
    endloop
  endfacet
  facet normal 0.647605 0.647605 -0.401515
    outer loop
      vertex -3.29484 -2.21758 48.3352
      vertex -3.295 -2.21773 48.3347
      vertex -3.29486 -2.21756 48.3352
    endloop
  endfacet
  facet normal 0.643597 0.661212 -0.385461
    outer loop
      vertex -3.28834 -2.2178 48.3457
      vertex -2.395 -2.89817 48.6702
      vertex -3.295 -2.21773 48.3347
    endloop
  endfacet
  facet normal -0.643163 -0.66179 0.385195
    outer loop
      vertex -3.28988 -2.2216 48.3366
      vertex -3.28834 -2.2178 48.3457
      vertex -3.295 -2.21773 48.3347
    endloop
  endfacet
  facet normal 0.642406 0.652824 -0.401417
    outer loop
      vertex -3.295 -2.21773 48.3347
      vertex -3.29484 -2.21758 48.3352
      vertex -3.28988 -2.2216 48.3366
    endloop
  endfacet
  facet normal 1 0 0
    outer loop
      vertex -2.395 -1.10183 51.8016
      vertex -2.395 -2.89817 48.6702
      vertex -2.395 -1.09317 51.7966
    endloop
  endfacet
  facet normal 1 0 -0
    outer loop
      vertex -2.395 -2.89817 48.6702
      vertex -2.395 -1.10183 51.8016
      vertex -2.395 -2.90683 48.6752
    endloop
  endfacet
  facet normal 0.303969 0.880164 -0.364574
    outer loop
      vertex -2.395 -1.09317 51.7966
      vertex -3.27742 -2.19086 48.4108
      vertex -3.27742 -0.840115 51.6718
    endloop
  endfacet
  facet normal 0.140036 0 -0.990146
    outer loop
      vertex -2.395 -1.09317 51.7966
      vertex -3.27742 -0.840115 51.6718
      vertex -3.27742 -0.840114 51.6718
    endloop
  endfacet
  facet normal 0.00438104 -0.876207 0.481914
    outer loop
      vertex -3.3 -3.53765 49.0967
      vertex -3.295 -3.53735 49.0972
      vertex -3.3 -3.53721 49.0975
    endloop
  endfacet
  facet normal 0 -0.857493 0.514496
    outer loop
      vertex -3.295 -3.53735 49.0972
      vertex -3.3 -3.53765 49.0967
      vertex -3.295 -3.53765 49.0967
    endloop
  endfacet
  facet normal 0 -0.500011 -0.866019
    outer loop
      vertex -2.405 -2.90683 48.6752
      vertex -2.395 -2.89817 48.6702
      vertex -2.395 -2.90683 48.6752
    endloop
  endfacet
  facet normal -0 -0.500011 -0.866019
    outer loop
      vertex -2.395 -2.89817 48.6702
      vertex -2.405 -2.90683 48.6752
      vertex -2.405 -2.89817 48.6702
    endloop
  endfacet
  facet normal -0.0550953 -0.499252 -0.864704
    outer loop
      vertex -3.2949 -2.22546 48.3385
      vertex -2.405 -2.89817 48.6702
      vertex -2.405 -2.90683 48.6752
    endloop
  endfacet
  facet normal 0.186928 -0.224313 -0.956421
    outer loop
      vertex -2.405 -2.89817 48.6702
      vertex -3.2949 -2.22546 48.3385
      vertex -3.29484 -2.22541 48.3385
    endloop
  endfacet
  facet normal -0.581914 -0.727393 -0.363696
    outer loop
      vertex -3.3 -2.22151 48.3365
      vertex -3.29995 -2.2216 48.3366
      vertex -3.3 -2.22156 48.3366
    endloop
  endfacet
  facet normal 0 -0.743294 -0.668965
    outer loop
      vertex -3.29995 -2.2216 48.3366
      vertex -3.3 -2.22151 48.3365
      vertex -3.29988 -2.2216 48.3366
    endloop
  endfacet
  facet normal -0.640184 0 0.768221
    outer loop
      vertex -3.29988 -2.2216 48.3366
      vertex -3.3 -2.22151 48.3365
      vertex -3.29988 -2.22161 48.3366
    endloop
  endfacet
  facet normal -0.00237328 -0.444737 -0.895658
    outer loop
      vertex -2.405 -2.89817 48.6702
      vertex -3.29484 -2.22541 48.3385
      vertex -3.28989 -2.22161 48.3366
    endloop
  endfacet
  facet normal 0 -0.442243 -0.896895
    outer loop
      vertex -3.28989 -2.22161 48.3366
      vertex -2.395 -2.89817 48.6702
      vertex -2.405 -2.89817 48.6702
    endloop
  endfacet
  facet normal 0.496019 0.245391 -0.832915
    outer loop
      vertex -3.28989 -2.22161 48.3366
      vertex -3.295 -2.21773 48.3347
      vertex -2.395 -2.89817 48.6702
    endloop
  endfacet
  facet normal 0 -0.439791 -0.8981
    outer loop
      vertex -3.29988 -2.22161 48.3366
      vertex -3.295 -2.21773 48.3347
      vertex -3.28989 -2.22161 48.3366
    endloop
  endfacet
  facet normal 0.366659 -0.399991 -0.839981
    outer loop
      vertex -3.3 -2.21773 48.3347
      vertex -3.29988 -2.22161 48.3366
      vertex -3.3 -2.22151 48.3365
    endloop
  endfacet
  facet normal 0 -0.439791 -0.8981
    outer loop
      vertex -3.29988 -2.22161 48.3366
      vertex -3.3 -2.21773 48.3347
      vertex -3.295 -2.21773 48.3347
    endloop
  endfacet
  facet normal -0 0.500003 0.866023
    outer loop
      vertex -3.3 -0.839972 51.6721
      vertex -3.295 -1.3362 51.9586
      vertex -3.295 -0.839972 51.6721
    endloop
  endfacet
  facet normal 0 0.500003 0.866023
    outer loop
      vertex -3.295 -1.3362 51.9586
      vertex -3.3 -0.839972 51.6721
      vertex -3.3 -1.3362 51.9586
    endloop
  endfacet
  facet normal 0.0208717 0.499844 0.865864
    outer loop
      vertex -3.27801 -0.84011 51.6718
      vertex -3.27742 -1.33643 51.9583
      vertex -2.395 -1.10183 51.8016
    endloop
  endfacet
  facet normal 0.0193494 0.49991 0.865861
    outer loop
      vertex -3.295 -1.3362 51.9586
      vertex -3.27801 -0.84011 51.6718
      vertex -3.295 -0.839972 51.6721
    endloop
  endfacet
  facet normal 0.0213151 0.499839 0.865856
    outer loop
      vertex -3.27801 -0.84011 51.6718
      vertex -3.295 -1.3362 51.9586
      vertex -3.27742 -1.33643 51.9583
    endloop
  endfacet
  facet normal 0.595598 0.694864 -0.403021
    outer loop
      vertex -3.29486 -2.21756 48.3352
      vertex -3.295 -2.21773 48.3347
      vertex -3.295 -2.21744 48.3352
    endloop
  endfacet
  facet normal 0.643405 0.663033 -0.382645
    outer loop
      vertex -2.395 -1.09317 51.7966
      vertex -3.28145 -2.2008 48.3868
      vertex -3.27742 -2.19086 48.4108
    endloop
  endfacet
  facet normal 0 0.865031 -0.501718
    outer loop
      vertex -3.3 -2.21773 48.3347
      vertex -3.295 -2.21744 48.3352
      vertex -3.295 -2.21773 48.3347
    endloop
  endfacet
  facet normal 0.0041122 0.846629 -0.532167
    outer loop
      vertex -3.295 -2.21744 48.3352
      vertex -3.3 -2.21773 48.3347
      vertex -3.3 -2.21729 48.3354
    endloop
  endfacet
  facet normal 0.554718 -0.792454 0.253585
    outer loop
      vertex -3.295 -2.22569 48.338
      vertex -3.2949 -2.22546 48.3385
      vertex -3.295 -2.22553 48.3385
    endloop
  endfacet
  facet normal 0.624524 -0.749429 0.219832
    outer loop
      vertex -3.295 -2.22569 48.338
      vertex -3.29484 -2.22541 48.3385
      vertex -3.2949 -2.22546 48.3385
    endloop
  endfacet
  facet normal 0.644417 -0.736362 0.20615
    outer loop
      vertex -3.29484 -2.22541 48.3385
      vertex -3.295 -2.22569 48.338
      vertex -3.28989 -2.22161 48.3366
    endloop
  endfacet
  facet normal 0.643769 -0.738745 0.199541
    outer loop
      vertex -3.28834 -2.2178 48.3457
      vertex -3.28988 -2.2216 48.3366
      vertex -2.395 -1.50727 48.0941
    endloop
  endfacet
  facet normal 0.303969 -0.880164 0.364574
    outer loop
      vertex -3.27742 -2.19086 48.4108
      vertex -2.395 -0.572936 51.5811
      vertex -3.27742 -0.840115 51.6718
    endloop
  endfacet
  facet normal 0 -0.324561 -0.945865
    outer loop
      vertex -3.295 -2.22569 48.338
      vertex -3.29988 -2.22161 48.3366
      vertex -3.28989 -2.22161 48.3366
    endloop
  endfacet
  facet normal 0 -0.324561 -0.945865
    outer loop
      vertex -3.3 -2.22569 48.338
      vertex -3.29988 -2.22161 48.3366
      vertex -3.295 -2.22569 48.338
    endloop
  endfacet
  facet normal 0.240997 -0.321329 -0.915788
    outer loop
      vertex -3.3 -2.2217 48.3366
      vertex -3.29988 -2.22161 48.3366
      vertex -3.3 -2.22569 48.338
    endloop
  endfacet
  facet normal -0 0 -1
    outer loop
      vertex -3.29988 -2.22161 48.3366
      vertex -3.3 -2.2217 48.3366
      vertex -3.29988 -2.2216 48.3366
    endloop
  endfacet
  facet normal 0 -0.32146 -0.946923
    outer loop
      vertex -3.28988 -2.2216 48.3366
      vertex -2.405 -1.50727 48.0941
      vertex -2.395 -1.50727 48.0941
    endloop
  endfacet
  facet normal 0.00335783 -0.325186 -0.945644
    outer loop
      vertex -2.405 -1.50727 48.0941
      vertex -3.28988 -2.2216 48.3366
      vertex -3.29484 -2.21758 48.3352
    endloop
  endfacet
  facet normal 0.643716 -0.739191 0.198057
    outer loop
      vertex -2.395 -1.50727 48.0941
      vertex -3.27742 -2.19086 48.4108
      vertex -3.28145 -2.2008 48.3868
    endloop
  endfacet
  facet normal 0.643702 -0.739254 0.197864
    outer loop
      vertex -2.395 -1.50727 48.0941
      vertex -3.28145 -2.2008 48.3868
      vertex -3.28834 -2.2178 48.3457
    endloop
  endfacet
  facet normal 0.643717 -0.739188 0.198064
    outer loop
      vertex -3.27742 -2.19086 48.4108
      vertex -2.395 -1.50727 48.0941
      vertex -2.395 -0.572936 51.5811
    endloop
  endfacet
  facet normal 0 0 -1
    outer loop
      vertex -3.29995 -0.757746 47.9443
      vertex -3.3 -0.757745 47.9443
      vertex -3.3 -0.757703 47.9443
    endloop
  endfacet
  facet normal 0 0 -1
    outer loop
      vertex -3.3 -2.2217 48.3366
      vertex -3.29995 -2.2216 48.3366
      vertex -3.29988 -2.2216 48.3366
    endloop
  endfacet
  facet normal -0 0 -1
    outer loop
      vertex -3.29995 -2.2216 48.3366
      vertex -3.3 -2.2217 48.3366
      vertex -3.3 -2.2216 48.3366
    endloop
  endfacet
  facet normal -0.147365 -0.147365 -0.978043
    outer loop
      vertex -3.29486 -2.21756 48.3352
      vertex -2.405 -1.50727 48.0941
      vertex -3.29484 -2.21758 48.3352
    endloop
  endfacet
  facet normal -0.137144 -0.160001 -0.977544
    outer loop
      vertex -3.295 -2.21744 48.3352
      vertex -2.405 -1.50727 48.0941
      vertex -3.29486 -2.21756 48.3352
    endloop
  endfacet
  facet normal -0.0550454 -0.258445 -0.964456
    outer loop
      vertex -3.295 -0.762052 47.9452
      vertex -2.405 -1.50727 48.0941
      vertex -3.295 -2.21744 48.3352
    endloop
  endfacet
  facet normal 0.0815704 -0.100704 -0.991567
    outer loop
      vertex -2.405 -1.50727 48.0941
      vertex -3.295 -0.762052 47.9452
      vertex -3.2949 -0.761971 47.9452
    endloop
  endfacet
  facet normal -0.0463521 -0.258559 -0.964883
    outer loop
      vertex -3.3 -2.21729 48.3354
      vertex -3.295 -0.762052 47.9452
      vertex -3.295 -2.21744 48.3352
    endloop
  endfacet
  facet normal -0.0578588 -0.258367 -0.964313
    outer loop
      vertex -3.295 -0.762052 47.9452
      vertex -3.3 -2.21729 48.3354
      vertex -3.3 -0.762052 47.9455
    endloop
  endfacet
  facet normal 0.0205394 0.259897 0.965418
    outer loop
      vertex -2.395 -0.563278 51.5785
      vertex -3.27742 -0.840115 51.6718
      vertex -2.395 -0.572936 51.5811
    endloop
  endfacet
  facet normal 0.105146 0 0.994457
    outer loop
      vertex -2.395 -0.563278 51.5785
      vertex -3.27742 -0.840114 51.6718
      vertex -3.27742 -0.840115 51.6718
    endloop
  endfacet
  facet normal 0.00215988 0.313183 0.94969
    outer loop
      vertex -3.27742 -0.840114 51.6718
      vertex -2.395 -0.563278 51.5785
      vertex -3.278 -0.84011 51.6718
    endloop
  endfacet
  facet normal -0 0.258814 0.965927
    outer loop
      vertex -3.3 -0.286497 51.5238
      vertex -3.295 -0.839972 51.6721
      vertex -3.295 -0.286497 51.5238
    endloop
  endfacet
  facet normal 0 0.258814 0.965927
    outer loop
      vertex -3.295 -0.839972 51.6721
      vertex -3.3 -0.286497 51.5238
      vertex -3.3 -0.839972 51.6721
    endloop
  endfacet
  facet normal 0.0209365 0.258698 0.965731
    outer loop
      vertex -3.27743 -0.286545 51.5235
      vertex -3.278 -0.84011 51.6718
      vertex -2.395 -0.563278 51.5785
    endloop
  endfacet
  facet normal 0 0.258775 0.965938
    outer loop
      vertex -3.27743 -0.286545 51.5235
      vertex -3.27801 -0.84011 51.6718
      vertex -3.278 -0.84011 51.6718
    endloop
  endfacet
  facet normal 0.0171974 0.25872 0.965799
    outer loop
      vertex -3.295 -0.286497 51.5238
      vertex -3.27801 -0.84011 51.6718
      vertex -3.27743 -0.286545 51.5235
    endloop
  endfacet
  facet normal 0.0191545 0.258766 0.96575
    outer loop
      vertex -3.27801 -0.84011 51.6718
      vertex -3.295 -0.286497 51.5238
      vertex -3.295 -0.839972 51.6721
    endloop
  endfacet
  facet normal 1 0 0
    outer loop
      vertex -2.395 -0.572936 51.5811
      vertex -2.395 -1.49761 48.0915
      vertex -2.395 -0.563278 51.5785
    endloop
  endfacet
  facet normal 1 0 -0
    outer loop
      vertex -2.395 -1.49761 48.0915
      vertex -2.395 -0.572936 51.5811
      vertex -2.395 -1.50727 48.0941
    endloop
  endfacet
  facet normal 0.643717 0.739188 -0.198063
    outer loop
      vertex -2.395 -1.49761 48.0915
      vertex -3.28145 -0.750651 47.9982
      vertex -2.395 -0.563278 51.5785
    endloop
  endfacet
  facet normal 0.643722 0.739203 -0.197995
    outer loop
      vertex -3.28145 -0.750651 47.9982
      vertex -2.395 -1.49761 48.0915
      vertex -3.28988 -0.757747 47.9443
    endloop
  endfacet
  facet normal 0.675921 0.711496 -0.192104
    outer loop
      vertex -3.29484 -0.753506 47.9441
      vertex -3.295 -0.753516 47.9435
      vertex -3.29486 -0.753487 47.9441
    endloop
  endfacet
  facet normal 0.643622 0.742893 -0.184014
    outer loop
      vertex -3.295 -0.753516 47.9435
      vertex -3.29484 -0.753506 47.9441
      vertex -3.28989 -0.757745 47.9443
    endloop
  endfacet
  facet normal 0.00312346 -0.961065 0.276306
    outer loop
      vertex -3.3 -2.22569 48.338
      vertex -3.295 -2.22553 48.3385
      vertex -3.3 -2.22546 48.3388
    endloop
  endfacet
  facet normal 0 -0.952424 0.304776
    outer loop
      vertex -3.295 -2.22553 48.3385
      vertex -3.3 -2.22569 48.338
      vertex -3.295 -2.22569 48.338
    endloop
  endfacet
  facet normal 0 -0.259902 -0.965635
    outer loop
      vertex -2.405 -1.50727 48.0941
      vertex -2.395 -1.49761 48.0915
      vertex -2.395 -1.50727 48.0941
    endloop
  endfacet
  facet normal -0 -0.259902 -0.965635
    outer loop
      vertex -2.395 -1.49761 48.0915
      vertex -2.405 -1.50727 48.0941
      vertex -2.405 -1.49761 48.0915
    endloop
  endfacet
  facet normal 0 0 -1
    outer loop
      vertex -3.3 -0.757649 47.9443
      vertex -3.29995 -0.757746 47.9443
      vertex -3.3 -0.757703 47.9443
    endloop
  endfacet
  facet normal 0 0 -1
    outer loop
      vertex -3.29995 -0.757746 47.9443
      vertex -3.3 -0.757649 47.9443
      vertex -3.29988 -0.757746 47.9443
    endloop
  endfacet
  facet normal -0.0560098 -0.259494 -0.964119
    outer loop
      vertex -3.2949 -0.761971 47.9452
      vertex -2.405 -1.49761 48.0915
      vertex -2.405 -1.50727 48.0941
    endloop
  endfacet
  facet normal 0.0857457 -0.0935408 -0.991916
    outer loop
      vertex -2.405 -1.49761 48.0915
      vertex -3.2949 -0.761971 47.9452
      vertex -3.29484 -0.761916 47.9452
    endloop
  endfacet
  facet normal 0 -0.185873 -0.982574
    outer loop
      vertex -3.29988 -0.757745 47.9443
      vertex -3.295 -0.753516 47.9435
      vertex -3.28989 -0.757745 47.9443
    endloop
  endfacet
  facet normal 0 0 -1
    outer loop
      vertex -3.3 -0.757649 47.9443
      vertex -3.29988 -0.757745 47.9443
      vertex -3.29988 -0.757746 47.9443
    endloop
  endfacet
  facet normal -0.150302 -0.187878 -0.970624
    outer loop
      vertex -3.29988 -0.757745 47.9443
      vertex -3.3 -0.757649 47.9443
      vertex -3.3 -0.753516 47.9435
    endloop
  endfacet
  facet normal 0 -0.185873 -0.982574
    outer loop
      vertex -3.29988 -0.757745 47.9443
      vertex -3.3 -0.753516 47.9435
      vertex -3.295 -0.753516 47.9435
    endloop
  endfacet
  facet normal 0 -0.195131 -0.980777
    outer loop
      vertex -2.405 -1.49761 48.0915
      vertex -3.28988 -0.757747 47.9443
      vertex -2.395 -1.49761 48.0915
    endloop
  endfacet
  facet normal -0.00694551 -0.203111 -0.979131
    outer loop
      vertex -3.28988 -0.757747 47.9443
      vertex -2.405 -1.49761 48.0915
      vertex -3.29484 -0.761916 47.9452
    endloop
  endfacet
  facet normal 0.303961 0.944534 -0.12435
    outer loop
      vertex -2.395 -0.563278 51.5785
      vertex -3.27742 -0.747262 48.024
      vertex -3.27742 -0.286547 51.5235
    endloop
  endfacet
  facet normal 0.0957592 0.478796 0.872688
    outer loop
      vertex -2.395 -0.563278 51.5785
      vertex -3.27742 -0.286547 51.5235
      vertex -3.27743 -0.286545 51.5235
    endloop
  endfacet
  facet normal 0.641179 0.741526 -0.197557
    outer loop
      vertex -2.395 -0.563278 51.5785
      vertex -3.28145 -0.750651 47.9982
      vertex -3.27742 -0.747262 48.024
    endloop
  endfacet
  facet normal 0.651276 0.735311 -0.187504
    outer loop
      vertex -3.29486 -0.753487 47.9441
      vertex -3.295 -0.753516 47.9435
      vertex -3.295 -0.753363 47.9441
    endloop
  endfacet
  facet normal 0 0.968992 -0.247093
    outer loop
      vertex -3.3 -0.753516 47.9435
      vertex -3.295 -0.753363 47.9441
      vertex -3.295 -0.753516 47.9435
    endloop
  endfacet
  facet normal 0.00331896 0.962016 -0.272972
    outer loop
      vertex -3.295 -0.753363 47.9441
      vertex -3.3 -0.753516 47.9435
      vertex -3.3 -0.753289 47.9443
    endloop
  endfacet
  facet normal -0 0 1
    outer loop
      vertex 2.395 0.00499916 59.505
      vertex 2.405 -0.00499916 59.505
      vertex 2.405 0.00499916 59.505
    endloop
  endfacet
  facet normal 0 0 1
    outer loop
      vertex 2.405 -0.00499916 59.505
      vertex 2.395 0.00499916 59.505
      vertex 2.395 -0.00499916 59.505
    endloop
  endfacet
  facet normal -0.303972 -0.944531 -0.124349
    outer loop
      vertex 3.27742 -0.747262 59.376
      vertex 2.395 -0.00499916 55.895
      vertex 3.27742 -0.286547 55.8765
    endloop
  endfacet
  facet normal -1 0 0
    outer loop
      vertex 2.395 -0.00499916 55.895
      vertex 2.395 0.00499916 59.505
      vertex 2.395 0.00499916 55.895
    endloop
  endfacet
  facet normal -1 -0 0
    outer loop
      vertex 2.395 0.00499916 59.505
      vertex 2.395 -0.00499916 55.895
      vertex 2.395 -0.00499916 59.505
    endloop
  endfacet
  facet normal 0.00780236 -0.0562159 0.998388
    outer loop
      vertex 3.29484 -0.753506 59.4559
      vertex 2.405 -0.00499916 59.505
      vertex 3.28989 -0.757745 59.4557
    endloop
  endfacet
  facet normal -0.0597741 -0.0710187 0.995682
    outer loop
      vertex 3.29988 -0.757745 59.4557
      vertex 3.3 -0.762052 59.4554
      vertex 3.3 -0.757846 59.4557
    endloop
  endfacet
  facet normal 0 -0.0694857 0.997583
    outer loop
      vertex 3.29988 -0.757745 59.4557
      vertex 3.295 -0.762052 59.4554
      vertex 3.3 -0.762052 59.4554
    endloop
  endfacet
  facet normal 0 -0.0694857 0.997583
    outer loop
      vertex 3.28989 -0.757745 59.4557
      vertex 3.295 -0.762052 59.4554
      vertex 3.29988 -0.757745 59.4557
    endloop
  endfacet
  facet normal -0.593882 -0.728404 0.341659
    outer loop
      vertex 3.28989 -0.757745 59.4557
      vertex 2.395 -0.00499916 59.505
      vertex 3.295 -0.762052 59.4554
    endloop
  endfacet
  facet normal 0 -0.0653535 0.997862
    outer loop
      vertex 2.395 -0.00499916 59.505
      vertex 3.28989 -0.757745 59.4557
      vertex 2.405 -0.00499916 59.505
    endloop
  endfacet
  facet normal -0.675667 -0.737091 0.0131038
    outer loop
      vertex 3.2949 -0.761971 59.4548
      vertex 3.295 -0.762052 59.4554
      vertex 3.29484 -0.761916 59.4548
    endloop
  endfacet
  facet normal -0.629422 -0.777064 -0
    outer loop
      vertex 3.295 -0.762052 59.4554
      vertex 3.2949 -0.761971 59.4548
      vertex 3.295 -0.762052 59.4548
    endloop
  endfacet
  facet normal -0.64372 -0.765261 -6.92781e-05
    outer loop
      vertex 2.395 -0.00499916 59.505
      vertex 3.28145 -0.750651 59.4018
      vertex 3.28988 -0.757747 59.4557
    endloop
  endfacet
  facet normal -0.643713 -0.765267 2.62205e-05
    outer loop
      vertex 2.395 -0.00499916 59.505
      vertex 3.27742 -0.747262 59.376
      vertex 3.28145 -0.750651 59.4018
    endloop
  endfacet
  facet normal -0.643716 -0.765265 0
    outer loop
      vertex 3.27742 -0.747262 59.376
      vertex 2.395 -0.00499916 59.505
      vertex 2.395 -0.00499916 55.895
    endloop
  endfacet
  facet normal 0.644298 0.760952 0.0763674
    outer loop
      vertex 3.295 -0.762052 59.4554
      vertex 2.395 -0.00499916 59.505
      vertex 3.28988 -0.757747 59.4557
    endloop
  endfacet
  facet normal -0.643622 -0.765341 -0.00184467
    outer loop
      vertex 3.295 -0.762052 59.4554
      vertex 3.28988 -0.757747 59.4557
      vertex 3.29484 -0.761916 59.4548
    endloop
  endfacet
  facet normal 0 -1 0
    outer loop
      vertex 3.295 -0.762052 59.4548
      vertex 3.3 -0.762052 59.4554
      vertex 3.295 -0.762052 59.4554
    endloop
  endfacet
  facet normal 0 -1 -0
    outer loop
      vertex 3.3 -0.762052 59.4554
      vertex 3.295 -0.762052 59.4548
      vertex 3.3 -0.762052 59.4545
    endloop
  endfacet
  facet normal -0.643622 0.765341 -0.00184467
    outer loop
      vertex 3.295 0.762052 59.4554
      vertex 3.29484 0.761916 59.4548
      vertex 3.28988 0.757747 59.4557
    endloop
  endfacet
  facet normal -0.675667 0.737091 0.0131038
    outer loop
      vertex 3.295 0.762052 59.4554
      vertex 3.2949 0.761971 59.4548
      vertex 3.29484 0.761916 59.4548
    endloop
  endfacet
  facet normal -0.629422 0.777064 0
    outer loop
      vertex 3.2949 0.761971 59.4548
      vertex 3.295 0.762052 59.4554
      vertex 3.295 0.762052 59.4548
    endloop
  endfacet
  facet normal -0.64372 0.765261 -6.92781e-05
    outer loop
      vertex 3.28145 0.750651 59.4018
      vertex 2.395 0.00499916 59.505
      vertex 3.28988 0.757747 59.4557
    endloop
  endfacet
  facet normal -0.643713 0.765267 2.62205e-05
    outer loop
      vertex 3.27742 0.747262 59.376
      vertex 2.395 0.00499916 59.505
      vertex 3.28145 0.750651 59.4018
    endloop
  endfacet
  facet normal -0.643716 0.765265 0
    outer loop
      vertex 2.395 0.00499916 59.505
      vertex 3.27742 0.747262 59.376
      vertex 2.395 0.00499916 55.895
    endloop
  endfacet
  facet normal 0.644298 -0.760952 0.0763674
    outer loop
      vertex 3.28988 0.757747 59.4557
      vertex 2.395 0.00499916 59.505
      vertex 3.295 0.762052 59.4554
    endloop
  endfacet
  facet normal -0.303972 0.944531 -0.124349
    outer loop
      vertex 2.395 0.00499916 55.895
      vertex 3.27742 0.747262 59.376
      vertex 3.27742 0.286547 55.8765
    endloop
  endfacet
  facet normal 0.039968 0 0.999201
    outer loop
      vertex 3.295 0.753363 59.4559
      vertex 3.3 -0.753289 59.4557
      vertex 3.3 0.753289 59.4557
    endloop
  endfacet
  facet normal 0.039968 0 0.999201
    outer loop
      vertex 3.295 0.753363 59.4559
      vertex 3.295 -0.753363 59.4559
      vertex 3.3 -0.753289 59.4557
    endloop
  endfacet
  facet normal 0.0282752 0.0319236 0.99909
    outer loop
      vertex 2.405 0.00499916 59.505
      vertex 3.295 0.753363 59.4559
      vertex 3.29486 0.753487 59.4559
    endloop
  endfacet
  facet normal 0.0550848 0 0.998482
    outer loop
      vertex 3.295 0.753363 59.4559
      vertex 2.405 0.00499916 59.505
      vertex 3.295 -0.753363 59.4559
    endloop
  endfacet
  facet normal 0.0292391 0.030778 0.999098
    outer loop
      vertex 2.405 0.00499916 59.505
      vertex 3.29486 0.753487 59.4559
      vertex 3.29484 0.753506 59.4559
    endloop
  endfacet
  facet normal 0.0550848 -0 0.998482
    outer loop
      vertex 2.405 -0.00499916 59.505
      vertex 3.295 -0.753363 59.4559
      vertex 2.405 0.00499916 59.505
    endloop
  endfacet
  facet normal 0.0282752 -0.0319236 0.99909
    outer loop
      vertex 3.295 -0.753363 59.4559
      vertex 2.405 -0.00499916 59.505
      vertex 3.29486 -0.753487 59.4559
    endloop
  endfacet
  facet normal 0.0292391 -0.030778 0.999098
    outer loop
      vertex 3.29486 -0.753487 59.4559
      vertex 2.405 -0.00499916 59.505
      vertex 3.29484 -0.753506 59.4559
    endloop
  endfacet
  facet normal -0 0 1
    outer loop
      vertex 3.29995 -0.757746 59.4557
      vertex 3.3 -0.757846 59.4557
      vertex 3.3 -0.757745 59.4557
    endloop
  endfacet
  facet normal -0 0 1
    outer loop
      vertex 3.29988 -0.757746 59.4557
      vertex 3.3 -0.757846 59.4557
      vertex 3.29995 -0.757746 59.4557
    endloop
  endfacet
  facet normal 0 0 -1
    outer loop
      vertex 3.3 -0.757846 59.4557
      vertex 3.29988 -0.757746 59.4557
      vertex 3.29988 -0.757745 59.4557
    endloop
  endfacet
  facet normal 0 0 1
    outer loop
      vertex 3.3 0.757846 59.4557
      vertex 3.29995 0.757746 59.4557
      vertex 3.3 0.757745 59.4557
    endloop
  endfacet
  facet normal 0 0 1
    outer loop
      vertex 3.3 0.757846 59.4557
      vertex 3.29988 0.757746 59.4557
      vertex 3.29995 0.757746 59.4557
    endloop
  endfacet
  facet normal 0 0 -1
    outer loop
      vertex 3.29988 0.757746 59.4557
      vertex 3.3 0.757846 59.4557
      vertex 3.29988 0.757745 59.4557
    endloop
  endfacet
  facet normal -0.0597741 0.0710187 0.995682
    outer loop
      vertex 3.3 0.762052 59.4554
      vertex 3.29988 0.757745 59.4557
      vertex 3.3 0.757846 59.4557
    endloop
  endfacet
  facet normal -0 0.0694857 0.997583
    outer loop
      vertex 3.295 0.762052 59.4554
      vertex 3.29988 0.757745 59.4557
      vertex 3.3 0.762052 59.4554
    endloop
  endfacet
  facet normal 0 0.0694857 0.997583
    outer loop
      vertex 3.295 0.762052 59.4554
      vertex 3.28989 0.757745 59.4557
      vertex 3.29988 0.757745 59.4557
    endloop
  endfacet
  facet normal 0 0.0653535 0.997862
    outer loop
      vertex 3.28989 0.757745 59.4557
      vertex 2.395 0.00499916 59.505
      vertex 2.405 0.00499916 59.505
    endloop
  endfacet
  facet normal -0.593882 0.728404 0.341659
    outer loop
      vertex 2.395 0.00499916 59.505
      vertex 3.28989 0.757745 59.4557
      vertex 3.295 0.762052 59.4554
    endloop
  endfacet
  facet normal 0.00780236 0.0562159 0.998388
    outer loop
      vertex 3.29484 0.753506 59.4559
      vertex 3.28989 0.757745 59.4557
      vertex 2.405 0.00499916 59.505
    endloop
  endfacet
  facet normal 0 0 -1
    outer loop
      vertex 3.295 -0.286497 55.8762
      vertex 3.3 0.286497 55.8762
      vertex 3.3 -0.286497 55.8762
    endloop
  endfacet
  facet normal -0 0 -1
    outer loop
      vertex 3.3 0.286497 55.8762
      vertex 3.295 -0.286497 55.8762
      vertex 3.295 0.286497 55.8762
    endloop
  endfacet
  facet normal -0.0170721 0 -0.999854
    outer loop
      vertex 3.27743 -0.286545 55.8765
      vertex 3.295 0.286497 55.8762
      vertex 3.295 -0.286497 55.8762
    endloop
  endfacet
  facet normal -0.0170721 0 -0.999854
    outer loop
      vertex 3.27743 -0.286545 55.8765
      vertex 3.27743 0.286545 55.8765
      vertex 3.295 0.286497 55.8762
    endloop
  endfacet
  facet normal 0 0 -1
    outer loop
      vertex 3.27742 -0.286547 55.8765
      vertex 3.27743 0.286545 55.8765
      vertex 3.27743 -0.286545 55.8765
    endloop
  endfacet
  facet normal 0 0 -1
    outer loop
      vertex 3.27742 -0.286547 55.8765
      vertex 3.27742 0.286547 55.8765
      vertex 3.27743 0.286545 55.8765
    endloop
  endfacet
  facet normal -0.0209605 0 -0.99978
    outer loop
      vertex 2.395 -0.00499916 55.895
      vertex 3.27742 0.286547 55.8765
      vertex 3.27742 -0.286547 55.8765
    endloop
  endfacet
  facet normal -0.0209605 0 -0.99978
    outer loop
      vertex 3.27742 0.286547 55.8765
      vertex 2.395 -0.00499916 55.895
      vertex 2.395 0.00499916 55.895
    endloop
  endfacet
  facet normal 0 1 0
    outer loop
      vertex 3.3 0.762052 59.4554
      vertex 3.295 0.762052 59.4548
      vertex 3.295 0.762052 59.4554
    endloop
  endfacet
  facet normal -0 1 0
    outer loop
      vertex 3.295 0.762052 59.4548
      vertex 3.3 0.762052 59.4554
      vertex 3.3 0.762052 59.4545
    endloop
  endfacet
  facet normal -0.641179 -0.741526 0.197557
    outer loop
      vertex 2.395 0.563278 55.8215
      vertex 3.27742 0.747262 59.376
      vertex 3.28145 0.750651 59.4018
    endloop
  endfacet
  facet normal -0.651276 -0.735311 0.187504
    outer loop
      vertex 3.295 0.753516 59.4565
      vertex 3.29486 0.753487 59.4559
      vertex 3.295 0.753363 59.4559
    endloop
  endfacet
  facet normal -0.0957592 -0.478796 -0.872688
    outer loop
      vertex 3.27742 0.286547 55.8765
      vertex 2.395 0.563278 55.8215
      vertex 3.27743 0.286545 55.8765
    endloop
  endfacet
  facet normal -0.303961 -0.944534 0.12435
    outer loop
      vertex 2.395 0.563278 55.8215
      vertex 3.27742 0.286547 55.8765
      vertex 3.27742 0.747262 59.376
    endloop
  endfacet
  facet normal -0 0.259902 0.965635
    outer loop
      vertex 2.395 1.50727 59.3059
      vertex 2.405 1.49761 59.3085
      vertex 2.405 1.50727 59.3059
    endloop
  endfacet
  facet normal 0 0.259902 0.965635
    outer loop
      vertex 2.405 1.49761 59.3085
      vertex 2.395 1.50727 59.3059
      vertex 2.395 1.49761 59.3085
    endloop
  endfacet
  facet normal -0.643769 0.738745 -0.199541
    outer loop
      vertex 3.28834 2.2178 59.0543
      vertex 2.395 1.50727 59.3059
      vertex 3.28988 2.2216 59.0634
    endloop
  endfacet
  facet normal -0.644417 0.736362 -0.20615
    outer loop
      vertex 3.295 2.22569 59.062
      vertex 3.29484 2.22541 59.0615
      vertex 3.28989 2.22161 59.0634
    endloop
  endfacet
  facet normal -0.624524 0.749429 -0.219832
    outer loop
      vertex 3.295 2.22569 59.062
      vertex 3.2949 2.22546 59.0615
      vertex 3.29484 2.22541 59.0615
    endloop
  endfacet
  facet normal -0.554718 0.792454 -0.253585
    outer loop
      vertex 3.2949 2.22546 59.0615
      vertex 3.295 2.22569 59.062
      vertex 3.295 2.22553 59.0615
    endloop
  endfacet
  facet normal -0.00215988 -0.313183 -0.94969
    outer loop
      vertex 2.395 0.563278 55.8215
      vertex 3.27742 0.840114 55.7282
      vertex 3.278 0.84011 55.7282
    endloop
  endfacet
  facet normal -0.105146 0 -0.994457
    outer loop
      vertex 2.395 0.563278 55.8215
      vertex 3.27742 0.840115 55.7282
      vertex 3.27742 0.840114 55.7282
    endloop
  endfacet
  facet normal -0.0205394 -0.259897 -0.965418
    outer loop
      vertex 3.27742 0.840115 55.7282
      vertex 2.395 0.563278 55.8215
      vertex 2.395 0.572936 55.8189
    endloop
  endfacet
  facet normal 0.0560098 0.259494 0.964119
    outer loop
      vertex 2.405 1.49761 59.3085
      vertex 3.2949 0.761971 59.4548
      vertex 2.405 1.50727 59.3059
    endloop
  endfacet
  facet normal -0.0857457 0.0935408 0.991916
    outer loop
      vertex 3.2949 0.761971 59.4548
      vertex 2.405 1.49761 59.3085
      vertex 3.29484 0.761916 59.4548
    endloop
  endfacet
  facet normal 0 0 1
    outer loop
      vertex 3.29995 0.757746 59.4557
      vertex 3.3 0.757649 59.4557
      vertex 3.3 0.757703 59.4557
    endloop
  endfacet
  facet normal 0 0 1
    outer loop
      vertex 3.3 0.757649 59.4557
      vertex 3.29995 0.757746 59.4557
      vertex 3.29988 0.757746 59.4557
    endloop
  endfacet
  facet normal -1 0 0
    outer loop
      vertex 2.395 0.572936 55.8189
      vertex 2.395 1.49761 59.3085
      vertex 2.395 1.50727 59.3059
    endloop
  endfacet
  facet normal -1 0 0
    outer loop
      vertex 2.395 1.49761 59.3085
      vertex 2.395 0.572936 55.8189
      vertex 2.395 0.563278 55.8215
    endloop
  endfacet
  facet normal -0.643722 -0.739203 0.197995
    outer loop
      vertex 2.395 1.49761 59.3085
      vertex 3.28145 0.750651 59.4018
      vertex 3.28988 0.757747 59.4557
    endloop
  endfacet
  facet normal -0.643717 -0.739188 0.198063
    outer loop
      vertex 3.28145 0.750651 59.4018
      vertex 2.395 1.49761 59.3085
      vertex 2.395 0.563278 55.8215
    endloop
  endfacet
  facet normal -0.643622 -0.742893 0.184014
    outer loop
      vertex 3.295 0.753516 59.4565
      vertex 3.28989 0.757745 59.4557
      vertex 3.29484 0.753506 59.4559
    endloop
  endfacet
  facet normal -0.675921 -0.711496 0.192104
    outer loop
      vertex 3.295 0.753516 59.4565
      vertex 3.29484 0.753506 59.4559
      vertex 3.29486 0.753487 59.4559
    endloop
  endfacet
  facet normal 0 0 1
    outer loop
      vertex 3.3 0.757745 59.4557
      vertex 3.29995 0.757746 59.4557
      vertex 3.3 0.757703 59.4557
    endloop
  endfacet
  facet normal 0 0 1
    outer loop
      vertex 3.3 2.2217 59.0634
      vertex 3.29995 2.2216 59.0634
      vertex 3.3 2.2216 59.0634
    endloop
  endfacet
  facet normal 0 -0 1
    outer loop
      vertex 3.29995 2.2216 59.0634
      vertex 3.3 2.2217 59.0634
      vertex 3.29988 2.2216 59.0634
    endloop
  endfacet
  facet normal 0.0463521 0.258559 0.964883
    outer loop
      vertex 3.295 0.762052 59.4548
      vertex 3.3 2.21729 59.0646
      vertex 3.295 2.21744 59.0648
    endloop
  endfacet
  facet normal 0.0578588 0.258367 0.964313
    outer loop
      vertex 3.3 2.21729 59.0646
      vertex 3.295 0.762052 59.4548
      vertex 3.3 0.762052 59.4545
    endloop
  endfacet
  facet normal 0.0550454 0.258445 0.964456
    outer loop
      vertex 2.405 1.50727 59.3059
      vertex 3.295 0.762052 59.4548
      vertex 3.295 2.21744 59.0648
    endloop
  endfacet
  facet normal 0.137144 0.160001 0.977544
    outer loop
      vertex 2.405 1.50727 59.3059
      vertex 3.295 2.21744 59.0648
      vertex 3.29486 2.21756 59.0648
    endloop
  endfacet
  facet normal 0.147365 0.147365 0.978043
    outer loop
      vertex 2.405 1.50727 59.3059
      vertex 3.29486 2.21756 59.0648
      vertex 3.29484 2.21758 59.0648
    endloop
  endfacet
  facet normal -0.0815704 0.100704 0.991567
    outer loop
      vertex 3.295 0.762052 59.4548
      vertex 2.405 1.50727 59.3059
      vertex 3.2949 0.761971 59.4548
    endloop
  endfacet
  facet normal 0 -0.258814 -0.965927
    outer loop
      vertex 3.295 0.286497 55.8762
      vertex 3.3 0.839972 55.7279
      vertex 3.3 0.286497 55.8762
    endloop
  endfacet
  facet normal -0 -0.258814 -0.965927
    outer loop
      vertex 3.3 0.839972 55.7279
      vertex 3.295 0.286497 55.8762
      vertex 3.295 0.839972 55.7279
    endloop
  endfacet
  facet normal 0 -0.968992 0.247093
    outer loop
      vertex 3.295 0.753363 59.4559
      vertex 3.3 0.753516 59.4565
      vertex 3.295 0.753516 59.4565
    endloop
  endfacet
  facet normal -0.00331896 -0.962016 0.272972
    outer loop
      vertex 3.3 0.753516 59.4565
      vertex 3.295 0.753363 59.4559
      vertex 3.3 0.753289 59.4557
    endloop
  endfacet
  facet normal 0.00694551 0.203111 0.979131
    outer loop
      vertex 2.405 1.49761 59.3085
      vertex 3.28988 0.757747 59.4557
      vertex 3.29484 0.761916 59.4548
    endloop
  endfacet
  facet normal 0 0.195131 0.980777
    outer loop
      vertex 3.28988 0.757747 59.4557
      vertex 2.405 1.49761 59.3085
      vertex 2.395 1.49761 59.3085
    endloop
  endfacet
  facet normal -0 0 1
    outer loop
      vertex 3.29988 0.757745 59.4557
      vertex 3.3 0.757649 59.4557
      vertex 3.29988 0.757746 59.4557
    endloop
  endfacet
  facet normal 0.150302 0.187878 0.970624
    outer loop
      vertex 3.3 0.757649 59.4557
      vertex 3.29988 0.757745 59.4557
      vertex 3.3 0.753516 59.4565
    endloop
  endfacet
  facet normal 0 0.185873 0.982574
    outer loop
      vertex 3.29988 0.757745 59.4557
      vertex 3.295 0.753516 59.4565
      vertex 3.3 0.753516 59.4565
    endloop
  endfacet
  facet normal 0 0.185873 0.982574
    outer loop
      vertex 3.295 0.753516 59.4565
      vertex 3.29988 0.757745 59.4557
      vertex 3.28989 0.757745 59.4557
    endloop
  endfacet
  facet normal -0.643702 0.739254 -0.197864
    outer loop
      vertex 3.28145 2.2008 59.0132
      vertex 2.395 1.50727 59.3059
      vertex 3.28834 2.2178 59.0543
    endloop
  endfacet
  facet normal -0.643716 0.739191 -0.198057
    outer loop
      vertex 3.27742 2.19086 58.9892
      vertex 2.395 1.50727 59.3059
      vertex 3.28145 2.2008 59.0132
    endloop
  endfacet
  facet normal -0.643717 0.739188 -0.198064
    outer loop
      vertex 2.395 1.50727 59.3059
      vertex 3.27742 2.19086 58.9892
      vertex 2.395 0.572936 55.8189
    endloop
  endfacet
  facet normal -0.303969 0.880164 -0.364574
    outer loop
      vertex 3.27742 0.840115 55.7282
      vertex 2.395 0.572936 55.8189
      vertex 3.27742 2.19086 58.9892
    endloop
  endfacet
  facet normal -0.240997 0.321329 0.915788
    outer loop
      vertex 3.29988 2.22161 59.0634
      vertex 3.3 2.2217 59.0634
      vertex 3.3 2.22569 59.062
    endloop
  endfacet
  facet normal 0 0 1
    outer loop
      vertex 3.3 2.2217 59.0634
      vertex 3.29988 2.22161 59.0634
      vertex 3.29988 2.2216 59.0634
    endloop
  endfacet
  facet normal -0 0.324561 0.945865
    outer loop
      vertex 3.295 2.22569 59.062
      vertex 3.29988 2.22161 59.0634
      vertex 3.3 2.22569 59.062
    endloop
  endfacet
  facet normal 0 0.324561 0.945865
    outer loop
      vertex 3.29988 2.22161 59.0634
      vertex 3.295 2.22569 59.062
      vertex 3.28989 2.22161 59.0634
    endloop
  endfacet
  facet normal -0.00335783 0.325186 0.945644
    outer loop
      vertex 3.28988 2.2216 59.0634
      vertex 2.405 1.50727 59.3059
      vertex 3.29484 2.21758 59.0648
    endloop
  endfacet
  facet normal 0 0.32146 0.946923
    outer loop
      vertex 2.405 1.50727 59.3059
      vertex 3.28988 2.2216 59.0634
      vertex 2.395 1.50727 59.3059
    endloop
  endfacet
  facet normal -0.0191545 -0.258766 -0.96575
    outer loop
      vertex 3.295 0.286497 55.8762
      vertex 3.27801 0.84011 55.7282
      vertex 3.295 0.839972 55.7279
    endloop
  endfacet
  facet normal -0.0171974 -0.25872 -0.965799
    outer loop
      vertex 3.27743 0.286545 55.8765
      vertex 3.27801 0.84011 55.7282
      vertex 3.295 0.286497 55.8762
    endloop
  endfacet
  facet normal -0 -0.258775 -0.965938
    outer loop
      vertex 3.27801 0.84011 55.7282
      vertex 3.27743 0.286545 55.8765
      vertex 3.278 0.84011 55.7282
    endloop
  endfacet
  facet normal -0.0209365 -0.258698 -0.965731
    outer loop
      vertex 3.278 0.84011 55.7282
      vertex 3.27743 0.286545 55.8765
      vertex 2.395 0.563278 55.8215
    endloop
  endfacet
  facet normal 0 0.952424 -0.304776
    outer loop
      vertex 3.3 2.22569 59.062
      vertex 3.295 2.22553 59.0615
      vertex 3.295 2.22569 59.062
    endloop
  endfacet
  facet normal -0.00312346 0.961065 -0.276306
    outer loop
      vertex 3.295 2.22553 59.0615
      vertex 3.3 2.22569 59.062
      vertex 3.3 2.22546 59.0612
    endloop
  endfacet
  facet normal -0.643405 -0.663033 0.382645
    outer loop
      vertex 3.28145 2.2008 59.0132
      vertex 2.395 1.09317 55.6034
      vertex 3.27742 2.19086 58.9892
    endloop
  endfacet
  facet normal -0.595598 -0.694864 0.403021
    outer loop
      vertex 3.295 2.21773 59.0653
      vertex 3.29486 2.21756 59.0648
      vertex 3.295 2.21744 59.0648
    endloop
  endfacet
  facet normal -0.140036 0 0.990146
    outer loop
      vertex 3.27742 0.840115 55.7282
      vertex 2.395 1.09317 55.6034
      vertex 3.27742 0.840114 55.7282
    endloop
  endfacet
  facet normal -0.303969 -0.880164 0.364574
    outer loop
      vertex 2.395 1.09317 55.6034
      vertex 3.27742 0.840115 55.7282
      vertex 3.27742 2.19086 58.9892
    endloop
  endfacet
  facet normal -0 0.500011 0.866019
    outer loop
      vertex 2.395 2.90683 58.7248
      vertex 2.405 2.89817 58.7298
      vertex 2.405 2.90683 58.7248
    endloop
  endfacet
  facet normal 0 0.500011 0.866019
    outer loop
      vertex 2.405 2.89817 58.7298
      vertex 2.395 2.90683 58.7248
      vertex 2.395 2.89817 58.7298
    endloop
  endfacet
  facet normal -0.643681 0.663326 -0.381673
    outer loop
      vertex 3.28834 3.52802 58.2978
      vertex 2.395 2.90683 58.7248
      vertex 3.28988 3.53406 58.3057
    endloop
  endfacet
  facet normal -0.645081 0.653697 -0.395664
    outer loop
      vertex 3.295 3.53765 58.3033
      vertex 3.29484 3.53725 58.3029
      vertex 3.28989 3.53406 58.3057
    endloop
  endfacet
  facet normal -0.650945 0.650945 -0.390567
    outer loop
      vertex 3.29484 3.53725 58.3029
      vertex 3.295 3.53765 58.3033
      vertex 3.295 3.53735 58.3028
    endloop
  endfacet
  facet normal 0.0550953 0.499252 0.864704
    outer loop
      vertex 2.405 2.89817 58.7298
      vertex 3.2949 2.22546 59.0615
      vertex 2.405 2.90683 58.7248
    endloop
  endfacet
  facet normal -0.186928 0.224313 0.956421
    outer loop
      vertex 3.2949 2.22546 59.0615
      vertex 2.405 2.89817 58.7298
      vertex 3.29484 2.22541 59.0615
    endloop
  endfacet
  facet normal 0.581914 0.727393 0.363696
    outer loop
      vertex 3.29995 2.2216 59.0634
      vertex 3.3 2.22151 59.0635
      vertex 3.3 2.22156 59.0634
    endloop
  endfacet
  facet normal -0 0.743294 0.668965
    outer loop
      vertex 3.29988 2.2216 59.0634
      vertex 3.3 2.22151 59.0635
      vertex 3.29995 2.2216 59.0634
    endloop
  endfacet
  facet normal 0.640184 0 -0.768221
    outer loop
      vertex 3.3 2.22151 59.0635
      vertex 3.29988 2.2216 59.0634
      vertex 3.29988 2.22161 59.0634
    endloop
  endfacet
  facet normal -0.303932 0.755815 -0.579973
    outer loop
      vertex 3.27742 1.33643 55.4417
      vertex 2.395 1.10183 55.5984
      vertex 3.27742 3.48516 58.2419
    endloop
  endfacet
  facet normal -1 0 0
    outer loop
      vertex 2.395 1.10183 55.5984
      vertex 2.395 2.89817 58.7298
      vertex 2.395 2.90683 58.7248
    endloop
  endfacet
  facet normal -1 0 0
    outer loop
      vertex 2.395 2.89817 58.7298
      vertex 2.395 1.10183 55.5984
      vertex 2.395 1.09317 55.6034
    endloop
  endfacet
  facet normal -0.643614 -0.661402 0.385109
    outer loop
      vertex 2.395 2.89817 58.7298
      vertex 3.28834 2.2178 59.0543
      vertex 3.28988 2.2216 59.0634
    endloop
  endfacet
  facet normal -0.643746 -0.662989 0.382147
    outer loop
      vertex 3.28834 2.2178 59.0543
      vertex 2.395 2.89817 58.7298
      vertex 3.28145 2.2008 59.0132
    endloop
  endfacet
  facet normal -0.64371 -0.662746 0.38263
    outer loop
      vertex 3.28145 2.2008 59.0132
      vertex 2.395 2.89817 58.7298
      vertex 2.395 1.09317 55.6034
    endloop
  endfacet
  facet normal -0.647605 -0.647605 0.401515
    outer loop
      vertex 3.295 2.21773 59.0653
      vertex 3.29484 2.21758 59.0648
      vertex 3.29486 2.21756 59.0648
    endloop
  endfacet
  facet normal -0.642406 -0.652824 0.401417
    outer loop
      vertex 3.29484 2.21758 59.0648
      vertex 3.295 2.21773 59.0653
      vertex 3.28988 2.2216 59.0634
    endloop
  endfacet
  facet normal 0.579354 0.810198 0.0890383
    outer loop
      vertex 3.295 2.21773 59.0653
      vertex 2.395 2.89817 58.7298
      vertex 3.28988 2.2216 59.0634
    endloop
  endfacet
  facet normal 0 0 1
    outer loop
      vertex 3.3 2.2216 59.0634
      vertex 3.29995 2.2216 59.0634
      vertex 3.3 2.22156 59.0634
    endloop
  endfacet
  facet normal 0 0.780869 0.624695
    outer loop
      vertex 3.3 3.53414 58.3056
      vertex 3.29988 3.53406 58.3057
      vertex 3.3 3.53406 58.3057
    endloop
  endfacet
  facet normal 0.0545599 0.499272 0.864726
    outer loop
      vertex 3.295 2.22553 59.0615
      vertex 3.3 3.5302 58.3079
      vertex 3.295 3.5304 58.3081
    endloop
  endfacet
  facet normal 0.0588592 0.499137 0.864522
    outer loop
      vertex 3.3 3.5302 58.3079
      vertex 3.295 2.22553 59.0615
      vertex 3.3 2.22546 59.0612
    endloop
  endfacet
  facet normal 0.0550553 0.499258 0.864702
    outer loop
      vertex 2.405 2.90683 58.7248
      vertex 3.295 2.22553 59.0615
      vertex 3.295 3.5304 58.3081
    endloop
  endfacet
  facet normal -0.0477031 0.601153 0.797709
    outer loop
      vertex 2.405 2.90683 58.7248
      vertex 3.295 3.5304 58.3081
      vertex 3.29484 3.53052 58.308
    endloop
  endfacet
  facet normal -0.172348 0.246212 0.953769
    outer loop
      vertex 3.295 2.22553 59.0615
      vertex 2.405 2.90683 58.7248
      vertex 3.2949 2.22546 59.0615
    endloop
  endfacet
  facet normal -0.0209057 -0.499902 -0.86583
    outer loop
      vertex 2.395 1.10183 55.5984
      vertex 3.27742 0.840114 55.7282
      vertex 2.395 1.09317 55.6034
    endloop
  endfacet
  facet normal -0.00312235 -0.452741 -0.891636
    outer loop
      vertex 3.27742 0.840114 55.7282
      vertex 2.395 1.10183 55.5984
      vertex 3.278 0.84011 55.7282
    endloop
  endfacet
  facet normal 0 -0.444309 -0.895874
    outer loop
      vertex 3.278 0.84011 55.7282
      vertex 2.395 1.10183 55.5984
      vertex 3.27801 0.84011 55.7282
    endloop
  endfacet
  facet normal 0 -0.865031 0.501718
    outer loop
      vertex 3.295 2.21744 59.0648
      vertex 3.3 2.21773 59.0653
      vertex 3.295 2.21773 59.0653
    endloop
  endfacet
  facet normal -0.0041122 -0.846629 0.532167
    outer loop
      vertex 3.3 2.21773 59.0653
      vertex 3.295 2.21744 59.0648
      vertex 3.3 2.21729 59.0646
    endloop
  endfacet
  facet normal 0.00237328 0.444737 0.895658
    outer loop
      vertex 3.29484 2.22541 59.0615
      vertex 2.405 2.89817 58.7298
      vertex 3.28989 2.22161 59.0634
    endloop
  endfacet
  facet normal -0.366659 0.399991 0.839981
    outer loop
      vertex 3.29988 2.22161 59.0634
      vertex 3.3 2.21773 59.0653
      vertex 3.3 2.22151 59.0635
    endloop
  endfacet
  facet normal 0 0.439791 0.8981
    outer loop
      vertex 3.29988 2.22161 59.0634
      vertex 3.295 2.21773 59.0653
      vertex 3.3 2.21773 59.0653
    endloop
  endfacet
  facet normal -0 0.439791 0.8981
    outer loop
      vertex 3.28989 2.22161 59.0634
      vertex 3.295 2.21773 59.0653
      vertex 3.29988 2.22161 59.0634
    endloop
  endfacet
  facet normal -0.496019 -0.245391 0.832915
    outer loop
      vertex 3.28989 2.22161 59.0634
      vertex 2.395 2.89817 58.7298
      vertex 3.295 2.21773 59.0653
    endloop
  endfacet
  facet normal -0 0.442243 0.896895
    outer loop
      vertex 2.395 2.89817 58.7298
      vertex 3.28989 2.22161 59.0634
      vertex 2.405 2.89817 58.7298
    endloop
  endfacet
  facet normal -0.643717 0.662835 -0.382463
    outer loop
      vertex 3.27742 3.48516 58.2419
      vertex 2.395 2.90683 58.7248
      vertex 3.28834 3.52802 58.2978
    endloop
  endfacet
  facet normal -0.643733 0.662728 -0.382621
    outer loop
      vertex 2.395 2.90683 58.7248
      vertex 3.27742 3.48516 58.2419
      vertex 2.395 1.10183 55.5984
    endloop
  endfacet
  facet normal -0.0193494 -0.49991 -0.865861
    outer loop
      vertex 3.27801 0.84011 55.7282
      vertex 3.295 1.3362 55.4414
      vertex 3.295 0.839972 55.7279
    endloop
  endfacet
  facet normal -0.0213151 -0.499839 -0.865856
    outer loop
      vertex 3.27801 0.84011 55.7282
      vertex 3.27742 1.33643 55.4417
      vertex 3.295 1.3362 55.4414
    endloop
  endfacet
  facet normal -0.0208717 -0.499844 -0.865864
    outer loop
      vertex 3.27742 1.33643 55.4417
      vertex 3.27801 0.84011 55.7282
      vertex 2.395 1.10183 55.5984
    endloop
  endfacet
  facet normal 0.314773 0.520223 0.793906
    outer loop
      vertex 3.29988 3.53406 58.3057
      vertex 3.3 3.53414 58.3056
      vertex 3.3 3.53765 58.3033
    endloop
  endfacet
  facet normal -0 0.555769 0.831337
    outer loop
      vertex 3.295 3.53765 58.3033
      vertex 3.29988 3.53406 58.3057
      vertex 3.3 3.53765 58.3033
    endloop
  endfacet
  facet normal 0 0.555769 0.831337
    outer loop
      vertex 3.29988 3.53406 58.3057
      vertex 3.295 3.53765 58.3033
      vertex 3.28989 3.53406 58.3057
    endloop
  endfacet
  facet normal 0.00548135 0.550203 0.835013
    outer loop
      vertex 3.28988 3.53406 58.3057
      vertex 2.405 2.90683 58.7248
      vertex 3.29484 3.53052 58.308
    endloop
  endfacet
  facet normal 0 0.555569 0.831471
    outer loop
      vertex 2.405 2.90683 58.7248
      vertex 3.28988 3.53406 58.3057
      vertex 2.395 2.90683 58.7248
    endloop
  endfacet
  facet normal 0 -0.500003 -0.866023
    outer loop
      vertex 3.295 0.839972 55.7279
      vertex 3.3 1.3362 55.4414
      vertex 3.3 0.839972 55.7279
    endloop
  endfacet
  facet normal -0 -0.500003 -0.866023
    outer loop
      vertex 3.3 1.3362 55.4414
      vertex 3.295 0.839972 55.7279
      vertex 3.295 1.3362 55.4414
    endloop
  endfacet
  facet normal 0 0.857493 -0.514496
    outer loop
      vertex 3.3 3.53765 58.3033
      vertex 3.295 3.53735 58.3028
      vertex 3.295 3.53765 58.3033
    endloop
  endfacet
  facet normal -0.00438104 0.876207 -0.481914
    outer loop
      vertex 3.295 3.53735 58.3028
      vertex 3.3 3.53765 58.3033
      vertex 3.3 3.53721 58.3025
    endloop
  endfacet
  facet normal -0 0.708602 0.705608
    outer loop
      vertex 2.395 4.10829 57.8012
      vertex 2.405 4.10122 57.8083
      vertex 2.405 4.10829 57.8012
    endloop
  endfacet
  facet normal 0 0.708602 0.705608
    outer loop
      vertex 2.405 4.10122 57.8083
      vertex 2.395 4.10829 57.8012
      vertex 2.395 4.10122 57.8083
    endloop
  endfacet
  facet normal -0.304002 -0.755797 0.57996
    outer loop
      vertex 2.395 1.54856 55.2556
      vertex 3.27742 1.33643 55.4417
      vertex 3.27742 3.48516 58.2419
    endloop
  endfacet
  facet normal -0.0213129 -0.706964 -0.706929
    outer loop
      vertex 3.27742 1.33643 55.4417
      vertex 3.295 1.74138 55.0362
      vertex 3.295 1.3362 55.4414
    endloop
  endfacet
  facet normal -0.0197053 -0.707022 -0.706917
    outer loop
      vertex 3.27742 1.33643 55.4417
      vertex 3.27742 1.74167 55.0364
      vertex 3.295 1.74138 55.0362
    endloop
  endfacet
  facet normal -0.0208776 -0.707005 -0.7069
    outer loop
      vertex 2.395 1.54856 55.2556
      vertex 3.27742 1.74167 55.0364
      vertex 3.27742 1.33643 55.4417
    endloop
  endfacet
  facet normal -0.0225444 -0.703401 -0.710435
    outer loop
      vertex 3.27742 1.74167 55.0364
      vertex 2.395 1.54856 55.2556
      vertex 2.395 1.55563 55.2486
    endloop
  endfacet
  facet normal 0.00017917 0.659514 0.751692
    outer loop
      vertex 3.29484 3.53725 58.3029
      vertex 2.405 4.10122 57.8083
      vertex 3.28989 3.53406 58.3057
    endloop
  endfacet
  facet normal 0.404366 0.606549 0.684534
    outer loop
      vertex 3.29988 3.53406 58.3057
      vertex 3.3 3.53082 58.3085
      vertex 3.3 3.53398 58.3057
    endloop
  endfacet
  facet normal 0 0.653863 0.756613
    outer loop
      vertex 3.29988 3.53406 58.3057
      vertex 3.295 3.53082 58.3085
      vertex 3.3 3.53082 58.3085
    endloop
  endfacet
  facet normal -0 0.653863 0.756613
    outer loop
      vertex 3.28989 3.53406 58.3057
      vertex 3.295 3.53082 58.3085
      vertex 3.29988 3.53406 58.3057
    endloop
  endfacet
  facet normal -0.546612 -0.836878 0.0291799
    outer loop
      vertex 3.28989 3.53406 58.3057
      vertex 2.395 4.10122 57.8083
      vertex 3.295 3.53082 58.3085
    endloop
  endfacet
  facet normal -0 0.659356 0.751831
    outer loop
      vertex 2.395 4.10122 57.8083
      vertex 3.28989 3.53406 58.3057
      vertex 2.405 4.10122 57.8083
    endloop
  endfacet
  facet normal -1 0 0
    outer loop
      vertex 2.395 1.55563 55.2486
      vertex 2.395 4.10122 57.8083
      vertex 2.395 4.10829 57.8012
    endloop
  endfacet
  facet normal -1 0 0
    outer loop
      vertex 2.395 4.10122 57.8083
      vertex 2.395 1.55563 55.2486
      vertex 2.395 1.54856 55.2556
    endloop
  endfacet
  facet normal -0.643771 -0.542167 0.540012
    outer loop
      vertex 2.395 4.10122 57.8083
      vertex 3.28834 3.52802 58.2978
      vertex 3.28988 3.53406 58.3057
    endloop
  endfacet
  facet normal -0.643727 -0.541387 0.540847
    outer loop
      vertex 2.395 4.10122 57.8083
      vertex 3.27742 3.48516 58.2419
      vertex 3.28834 3.52802 58.2978
    endloop
  endfacet
  facet normal -0.643695 -0.54114 0.541132
    outer loop
      vertex 3.27742 3.48516 58.2419
      vertex 2.395 4.10122 57.8083
      vertex 2.395 1.54856 55.2556
    endloop
  endfacet
  facet normal 0.495319 0.86365 0.0936407
    outer loop
      vertex 3.28988 3.53406 58.3057
      vertex 3.295 3.53082 58.3085
      vertex 2.395 4.10122 57.8083
    endloop
  endfacet
  facet normal -0.640905 -0.550241 0.535234
    outer loop
      vertex 3.29484 3.53052 58.308
      vertex 3.295 3.53082 58.3085
      vertex 3.28988 3.53406 58.3057
    endloop
  endfacet
  facet normal -0.696194 -0.495071 0.519825
    outer loop
      vertex 3.295 3.53082 58.3085
      vertex 3.29484 3.53052 58.308
      vertex 3.295 3.5304 58.3081
    endloop
  endfacet
  facet normal 0 -0.707124 -0.707089
    outer loop
      vertex 3.295 1.3362 55.4414
      vertex 3.3 1.74138 55.0362
      vertex 3.3 1.3362 55.4414
    endloop
  endfacet
  facet normal -0 -0.707124 -0.707089
    outer loop
      vertex 3.3 1.74138 55.0362
      vertex 3.295 1.3362 55.4414
      vertex 3.295 1.74138 55.0362
    endloop
  endfacet
  facet normal 0 -0.689655 0.724138
    outer loop
      vertex 3.295 3.5304 58.3081
      vertex 3.3 3.53082 58.3085
      vertex 3.295 3.53082 58.3085
    endloop
  endfacet
  facet normal 0.000927228 -0.695421 0.718602
    outer loop
      vertex 3.3 3.53082 58.3085
      vertex 3.295 3.5304 58.3081
      vertex 3.3 3.5302 58.3079
    endloop
  endfacet
  facet normal -0.579576 0.562013 -0.590113
    outer loop
      vertex 3.29484 4.60804 57.2305
      vertex 3.295 4.60852 57.2308
      vertex 3.295 4.6081 57.2304
    endloop
  endfacet
  facet normal -0.646288 0.547594 -0.531463
    outer loop
      vertex 3.28988 4.60568 57.2341
      vertex 3.295 4.60852 57.2308
      vertex 3.29484 4.60804 57.2305
    endloop
  endfacet
  facet normal 0.52612 -0.845806 0.0883768
    outer loop
      vertex 3.28988 4.60568 57.2341
      vertex 2.395 4.10829 57.8012
      vertex 3.295 4.60852 57.2308
    endloop
  endfacet
  facet normal -0.643604 0.543178 -0.539195
    outer loop
      vertex 3.28834 4.5978 57.228
      vertex 2.395 4.10829 57.8012
      vertex 3.28988 4.60568 57.2341
    endloop
  endfacet
  facet normal -0.643734 0.540789 -0.541437
    outer loop
      vertex 3.27742 4.54195 57.1852
      vertex 2.395 4.10829 57.8012
      vertex 3.28834 4.5978 57.228
    endloop
  endfacet
  facet normal -0.643696 0.54113 -0.541142
    outer loop
      vertex 2.395 4.10829 57.8012
      vertex 3.27742 4.54195 57.1852
      vertex 2.395 1.55563 55.2486
    endloop
  endfacet
  facet normal -0.304021 0.579958 -0.755791
    outer loop
      vertex 3.27742 1.74167 55.0364
      vertex 2.395 1.55563 55.2486
      vertex 3.27742 4.54195 57.1852
    endloop
  endfacet
  facet normal -0 0 1
    outer loop
      vertex 3.29988 3.53406 58.3057
      vertex 3.3 3.53398 58.3057
      vertex 3.3 3.53406 58.3057
    endloop
  endfacet
  facet normal 0.0681108 0.817329 0.572131
    outer loop
      vertex 3.3 4.60574 57.234
      vertex 3.29988 4.60568 57.2341
      vertex 3.3 4.60567 57.2341
    endloop
  endfacet
  facet normal -0.640184 -0 -0.768221
    outer loop
      vertex 3.29988 4.60568 57.2341
      vertex 3.3 4.60574 57.234
      vertex 3.29988 4.60567 57.2341
    endloop
  endfacet
  facet normal 0.0282188 0.68389 0.72904
    outer loop
      vertex 3.295 3.53735 58.3028
      vertex 2.405 4.10122 57.8083
      vertex 3.29484 3.53725 58.3029
    endloop
  endfacet
  facet normal 0.0621055 0.705735 0.705748
    outer loop
      vertex 3.295 4.60277 57.2374
      vertex 3.295 3.53735 58.3028
      vertex 3.3 3.53721 58.3025
    endloop
  endfacet
  facet normal 0.0568029 0.707458 0.704469
    outer loop
      vertex 3.295 3.53735 58.3028
      vertex 2.405 4.10829 57.8012
      vertex 2.405 4.10122 57.8083
    endloop
  endfacet
  facet normal 0.0549994 0.70603 0.706043
    outer loop
      vertex 3.295 3.53735 58.3028
      vertex 3.295 4.60277 57.2374
      vertex 2.405 4.10829 57.8012
    endloop
  endfacet
  facet normal 0.0635111 0.705676 0.705683
    outer loop
      vertex 3.295 4.60277 57.2374
      vertex 3.3 3.53721 58.3025
      vertex 3.3 4.60252 57.2372
    endloop
  endfacet
  facet normal 0.0281996 0.729025 0.683906
    outer loop
      vertex 2.405 4.10829 57.8012
      vertex 3.295 4.60277 57.2374
      vertex 3.29484 4.60287 57.2373
    endloop
  endfacet
  facet normal 0.105566 0.750692 0.652164
    outer loop
      vertex 3.3 4.60852 57.2308
      vertex 3.29988 4.60567 57.2341
      vertex 3.3 4.60574 57.234
    endloop
  endfacet
  facet normal -0.000498369 0.752194 0.658941
    outer loop
      vertex 3.28989 4.60567 57.2341
      vertex 2.405 4.10829 57.8012
      vertex 3.29484 4.60287 57.2373
    endloop
  endfacet
  facet normal 0 0.751809 0.659381
    outer loop
      vertex 2.405 4.10829 57.8012
      vertex 3.28989 4.60567 57.2341
      vertex 2.395 4.10829 57.8012
    endloop
  endfacet
  facet normal 0 0.756823 0.65362
    outer loop
      vertex 3.29988 4.60567 57.2341
      vertex 3.3 4.60852 57.2308
      vertex 3.295 4.60852 57.2308
    endloop
  endfacet
  facet normal -0.409533 0.900879 0.143875
    outer loop
      vertex 3.28989 4.60567 57.2341
      vertex 3.295 4.60852 57.2308
      vertex 2.395 4.10829 57.8012
    endloop
  endfacet
  facet normal 0 0.756823 0.65362
    outer loop
      vertex 3.29988 4.60567 57.2341
      vertex 3.295 4.60852 57.2308
      vertex 3.28989 4.60567 57.2341
    endloop
  endfacet
  facet normal 0 0.689655 -0.724138
    outer loop
      vertex 3.3 4.60852 57.2308
      vertex 3.295 4.6081 57.2304
      vertex 3.295 4.60852 57.2308
    endloop
  endfacet
  facet normal -0.000927228 0.695421 -0.718602
    outer loop
      vertex 3.295 4.6081 57.2304
      vertex 3.3 4.60852 57.2308
      vertex 3.3 4.6079 57.2302
    endloop
  endfacet
  facet normal -0.62944 -0.283691 0.723412
    outer loop
      vertex 3.295 4.60328 57.2376
      vertex 3.29484 4.60287 57.2373
      vertex 3.295 4.60277 57.2374
    endloop
  endfacet
  facet normal -0.628718 -0.284267 0.723814
    outer loop
      vertex 3.29484 4.60287 57.2373
      vertex 3.295 4.60328 57.2376
      vertex 3.28989 4.60567 57.2341
    endloop
  endfacet
  facet normal -0.643861 -0.385711 0.660811
    outer loop
      vertex 3.28988 4.60568 57.2341
      vertex 2.395 5.02478 56.6068
      vertex 3.28834 4.5978 57.228
    endloop
  endfacet
  facet normal -0.303968 -0.579968 0.755805
    outer loop
      vertex 3.27742 4.54195 57.1852
      vertex 2.395 1.89843 54.8018
      vertex 3.27742 1.74167 55.0364
    endloop
  endfacet
  facet normal 0.327304 0.785529 0.525182
    outer loop
      vertex 3.29988 4.60567 57.2341
      vertex 3.3 4.60328 57.2376
      vertex 3.3 4.60562 57.2341
    endloop
  endfacet
  facet normal -0 0 1
    outer loop
      vertex 3.29988 4.60567 57.2341
      vertex 3.3 4.60562 57.2341
      vertex 3.29988 4.60568 57.2341
    endloop
  endfacet
  facet normal 0 0.825828 0.563922
    outer loop
      vertex 3.3 4.60328 57.2376
      vertex 3.29988 4.60567 57.2341
      vertex 3.295 4.60328 57.2376
    endloop
  endfacet
  facet normal 0 0.825828 0.563922
    outer loop
      vertex 3.295 4.60328 57.2376
      vertex 3.29988 4.60567 57.2341
      vertex 3.28989 4.60567 57.2341
    endloop
  endfacet
  facet normal 0.0037521 0.83393 0.551857
    outer loop
      vertex 2.405 5.02478 56.6068
      vertex 3.28988 4.60568 57.2341
      vertex 3.29484 4.60804 57.2305
    endloop
  endfacet
  facet normal 0 0.831499 0.555526
    outer loop
      vertex 3.28988 4.60568 57.2341
      vertex 2.405 5.02478 56.6068
      vertex 2.395 5.02478 56.6068
    endloop
  endfacet
  facet normal -1 0 0
    outer loop
      vertex 2.395 1.90342 54.7932
      vertex 2.395 5.02478 56.6068
      vertex 2.395 5.02978 56.5982
    endloop
  endfacet
  facet normal -1 0 0
    outer loop
      vertex 2.395 5.02478 56.6068
      vertex 2.395 1.90342 54.7932
      vertex 2.395 1.89843 54.8018
    endloop
  endfacet
  facet normal -0.643705 -0.382215 0.66299
    outer loop
      vertex 2.395 5.02478 56.6068
      vertex 3.27742 4.54195 57.1852
      vertex 3.28834 4.5978 57.228
    endloop
  endfacet
  facet normal -0.643747 -0.382619 0.662716
    outer loop
      vertex 3.27742 4.54195 57.1852
      vertex 2.395 5.02478 56.6068
      vertex 2.395 1.89843 54.8018
    endloop
  endfacet
  facet normal 0 0 1
    outer loop
      vertex 3.3 4.60567 57.2341
      vertex 3.29988 4.60568 57.2341
      vertex 3.3 4.60562 57.2341
    endloop
  endfacet
  facet normal 0.019002 0.843633 0.536583
    outer loop
      vertex 3.295 4.6081 57.2304
      vertex 2.405 5.02478 56.6068
      vertex 3.29484 4.60804 57.2305
    endloop
  endfacet
  facet normal 0.0545594 0.864742 0.499243
    outer loop
      vertex 3.295 5.36146 55.9255
      vertex 3.295 4.6081 57.2304
      vertex 3.3 4.6079 57.2302
    endloop
  endfacet
  facet normal 0.0550467 0.864719 0.49923
    outer loop
      vertex 3.295 4.6081 57.2304
      vertex 3.295 5.36146 55.9255
      vertex 2.405 5.02478 56.6068
    endloop
  endfacet
  facet normal 0.046714 0.865074 0.499465
    outer loop
      vertex 3.295 5.36146 55.9255
      vertex 3.3 4.6079 57.2302
      vertex 3.3 5.36119 55.9255
    endloop
  endfacet
  facet normal 0.312111 0.624223 0.716193
    outer loop
      vertex 2.405 5.02478 56.6068
      vertex 3.295 5.36146 55.9255
      vertex 3.2949 5.36151 55.9255
    endloop
  endfacet
  facet normal 0 0 1
    outer loop
      vertex 3.3 5.36344 55.9216
      vertex 3.29995 5.36342 55.9216
      vertex 3.3 5.36342 55.9216
    endloop
  endfacet
  facet normal -0.021615 -0.864742 -0.501751
    outer loop
      vertex 3.27742 2.02822 54.5401
      vertex 2.395 1.89843 54.8018
      vertex 2.395 1.90342 54.7932
    endloop
  endfacet
  facet normal 0 0 1
    outer loop
      vertex 3.27801 2.02821 54.5401
      vertex 3.27742 2.02822 54.5401
      vertex 3.278 2.02821 54.5401
    endloop
  endfacet
  facet normal -0.01483 -0.874972 -0.483947
    outer loop
      vertex 3.27742 2.02822 54.5401
      vertex 3.27801 2.02821 54.5401
      vertex 2.395 1.89843 54.8018
    endloop
  endfacet
  facet normal 0 0.182089 -0.983282
    outer loop
      vertex 3.29484 5.36479 55.9176
      vertex 3.295 5.36533 55.9177
      vertex 3.29486 5.36479 55.9176
    endloop
  endfacet
  facet normal -0.646738 0.319849 -0.692406
    outer loop
      vertex 3.28988 5.36342 55.9216
      vertex 3.295 5.36533 55.9177
      vertex 3.29484 5.36479 55.9176
    endloop
  endfacet
  facet normal -0.643735 0.382524 -0.662782
    outer loop
      vertex 2.395 5.02978 56.5982
      vertex 3.28834 5.35425 55.9178
      vertex 3.28145 5.3132 55.9008
    endloop
  endfacet
  facet normal -0.643728 0.382627 -0.66273
    outer loop
      vertex 2.395 5.02978 56.5982
      vertex 3.28145 5.3132 55.9008
      vertex 2.395 1.90342 54.7932
    endloop
  endfacet
  facet normal 0.325115 -0.94499 -0.0359857
    outer loop
      vertex 3.28988 5.36342 55.9216
      vertex 2.395 5.02978 56.5982
      vertex 3.295 5.36533 55.9177
    endloop
  endfacet
  facet normal -0.643727 0.382717 -0.662679
    outer loop
      vertex 3.28834 5.35425 55.9178
      vertex 2.395 5.02978 56.5982
      vertex 3.28988 5.36342 55.9216
    endloop
  endfacet
  facet normal 0 0.864507 0.50262
    outer loop
      vertex 2.405 5.02978 56.5982
      vertex 2.395 5.02478 56.6068
      vertex 2.405 5.02478 56.6068
    endloop
  endfacet
  facet normal 0 0.864507 0.50262
    outer loop
      vertex 2.395 5.02478 56.6068
      vertex 2.405 5.02978 56.5982
      vertex 2.395 5.02978 56.5982
    endloop
  endfacet
  facet normal -0.30401 0.364583 -0.880146
    outer loop
      vertex 3.27742 2.02822 54.5401
      vertex 2.395 1.90342 54.7932
      vertex 3.27742 5.28921 55.8909
    endloop
  endfacet
  facet normal 0 -0.365088 0.930973
    outer loop
      vertex 3.295 4.60277 57.2374
      vertex 3.3 4.60328 57.2376
      vertex 3.295 4.60328 57.2376
    endloop
  endfacet
  facet normal 0.0121085 -0.465712 0.884853
    outer loop
      vertex 3.3 4.60328 57.2376
      vertex 3.295 4.60277 57.2374
      vertex 3.3 4.60252 57.2372
    endloop
  endfacet
  facet normal 0.0575847 0.863073 0.501786
    outer loop
      vertex 3.2949 5.36151 55.9255
      vertex 2.405 5.02978 56.5982
      vertex 2.405 5.02478 56.6068
    endloop
  endfacet
  facet normal -0.0940749 0.936636 0.337436
    outer loop
      vertex 2.405 5.02978 56.5982
      vertex 3.2949 5.36151 55.9255
      vertex 3.29484 5.36154 55.9254
    endloop
  endfacet
  facet normal 0 0.894427 0.447214
    outer loop
      vertex 3.3 5.36347 55.9215
      vertex 3.29988 5.36342 55.9216
      vertex 3.29995 5.36342 55.9216
    endloop
  endfacet
  facet normal -0.357771 0.894427 0.268328
    outer loop
      vertex 3.3 5.36347 55.9215
      vertex 3.29995 5.36342 55.9216
      vertex 3.3 5.36344 55.9216
    endloop
  endfacet
  facet normal -0.0078785 0.898149 0.43962
    outer loop
      vertex 3.3 5.36533 55.9177
      vertex 3.29988 5.36342 55.9216
      vertex 3.3 5.36347 55.9215
    endloop
  endfacet
  facet normal 0.000557854 0.896595 0.442852
    outer loop
      vertex 3.28989 5.36342 55.9216
      vertex 2.405 5.02978 56.5982
      vertex 3.29484 5.36154 55.9254
    endloop
  endfacet
  facet normal 0 0.896884 0.442265
    outer loop
      vertex 2.405 5.02978 56.5982
      vertex 3.28989 5.36342 55.9216
      vertex 2.395 5.02978 56.5982
    endloop
  endfacet
  facet normal 0 0.898081 0.43983
    outer loop
      vertex 3.29988 5.36342 55.9216
      vertex 3.3 5.36533 55.9177
      vertex 3.295 5.36533 55.9177
    endloop
  endfacet
  facet normal -0.26062 0.957023 0.127217
    outer loop
      vertex 3.28989 5.36342 55.9216
      vertex 3.295 5.36533 55.9177
      vertex 2.395 5.02978 56.5982
    endloop
  endfacet
  facet normal 0 0.898081 0.43983
    outer loop
      vertex 3.29988 5.36342 55.9216
      vertex 3.295 5.36533 55.9177
      vertex 3.28989 5.36342 55.9216
    endloop
  endfacet
  facet normal 0 -0.866019 -0.500012
    outer loop
      vertex 3.295 2.02787 54.54
      vertex 3.3 1.74138 55.0362
      vertex 3.295 1.74138 55.0362
    endloop
  endfacet
  facet normal 0 -0.866019 -0.500012
    outer loop
      vertex 3.3 1.74138 55.0362
      vertex 3.295 2.02787 54.54
      vertex 3.3 2.02787 54.54
    endloop
  endfacet
  facet normal -0.0209057 -0.865825 -0.499911
    outer loop
      vertex 3.27801 2.02821 54.5401
      vertex 3.27742 1.74167 55.0364
      vertex 2.395 1.89843 54.8018
    endloop
  endfacet
  facet normal -0.0199703 -0.865842 -0.499919
    outer loop
      vertex 3.27742 1.74167 55.0364
      vertex 3.27801 2.02821 54.5401
      vertex 3.295 1.74138 55.0362
    endloop
  endfacet
  facet normal -0.0202694 -0.865841 -0.499909
    outer loop
      vertex 3.295 1.74138 55.0362
      vertex 3.27801 2.02821 54.5401
      vertex 3.295 2.02787 54.54
    endloop
  endfacet
  facet normal -0.801429 0.303243 -0.515514
    outer loop
      vertex 3.295 5.36482 55.9174
      vertex 3.29486 5.36479 55.9176
      vertex 3.295 5.36533 55.9177
    endloop
  endfacet
  facet normal -0.637999 0.382882 -0.668101
    outer loop
      vertex 3.28145 5.3132 55.9008
      vertex 3.27742 5.28921 55.8909
      vertex 2.395 1.90342 54.7932
    endloop
  endfacet
  facet normal 0.00558887 0.465739 -0.884904
    outer loop
      vertex 3.295 5.36482 55.9174
      vertex 3.3 5.36533 55.9177
      vertex 3.3 5.36457 55.9173
    endloop
  endfacet
  facet normal 0 0.50702 -0.861934
    outer loop
      vertex 3.3 5.36533 55.9177
      vertex 3.295 5.36482 55.9174
      vertex 3.295 5.36533 55.9177
    endloop
  endfacet
  facet normal -0.160872 -0.321745 0.93306
    outer loop
      vertex 3.295 5.36204 55.9257
      vertex 3.2949 5.36151 55.9255
      vertex 3.295 5.36146 55.9255
    endloop
  endfacet
  facet normal -0.860966 -0.0291853 0.507824
    outer loop
      vertex 3.295 5.36204 55.9257
      vertex 3.29484 5.36154 55.9254
      vertex 3.2949 5.36151 55.9255
    endloop
  endfacet
  facet normal -0.646065 -0.229951 0.72782
    outer loop
      vertex 3.29484 5.36154 55.9254
      vertex 3.295 5.36204 55.9257
      vertex 3.28989 5.36342 55.9216
    endloop
  endfacet
  facet normal -0.643708 -0.1982 0.73916
    outer loop
      vertex 3.28988 5.36342 55.9216
      vertex 2.395 5.6059 55.2073
      vertex 3.28834 5.35425 55.9178
    endloop
  endfacet
  facet normal -0.303984 -0.364586 0.880154
    outer loop
      vertex 3.27742 5.28921 55.8909
      vertex 2.395 2.11891 54.2729
      vertex 3.27742 2.02822 54.5401
    endloop
  endfacet
  facet normal -0.0295962 0.947077 0.319639
    outer loop
      vertex 3.29988 5.36342 55.9216
      vertex 3.3 5.36204 55.9257
      vertex 3.3 5.36339 55.9217
    endloop
  endfacet
  facet normal 0 0.947755 0.319
    outer loop
      vertex 3.3 5.36204 55.9257
      vertex 3.29988 5.36342 55.9216
      vertex 3.295 5.36204 55.9257
    endloop
  endfacet
  facet normal 0 0.947755 0.319
    outer loop
      vertex 3.295 5.36204 55.9257
      vertex 3.29988 5.36342 55.9216
      vertex 3.28989 5.36342 55.9216
    endloop
  endfacet
  facet normal -0.00115878 0.946489 0.322735
    outer loop
      vertex 2.405 5.6059 55.2073
      vertex 3.28988 5.36342 55.9216
      vertex 3.29484 5.36479 55.9176
    endloop
  endfacet
  facet normal 0 0.946927 0.321449
    outer loop
      vertex 3.28988 5.36342 55.9216
      vertex 2.405 5.6059 55.2073
      vertex 2.395 5.6059 55.2073
    endloop
  endfacet
  facet normal 0 0.966152 0.257973
    outer loop
      vertex 2.405 5.60849 55.1976
      vertex 2.395 5.6059 55.2073
      vertex 2.405 5.6059 55.2073
    endloop
  endfacet
  facet normal 0 0.966152 0.257973
    outer loop
      vertex 2.395 5.6059 55.2073
      vertex 2.405 5.60849 55.1976
      vertex 2.395 5.60849 55.1976
    endloop
  endfacet
  facet normal -0.643703 -0.198081 0.739196
    outer loop
      vertex 2.395 5.6059 55.2073
      vertex 3.28145 5.3132 55.9008
      vertex 3.28834 5.35425 55.9178
    endloop
  endfacet
  facet normal -0.64363 -0.197063 0.739532
    outer loop
      vertex 2.395 5.6059 55.2073
      vertex 3.27742 5.28921 55.8909
      vertex 3.28145 5.3132 55.9008
    endloop
  endfacet
  facet normal -0.643722 -0.198076 0.739181
    outer loop
      vertex 3.27742 5.28921 55.8909
      vertex 2.395 5.6059 55.2073
      vertex 2.395 2.11891 54.2729
    endloop
  endfacet
  facet normal 0 0 1
    outer loop
      vertex 3.3 5.75567 54.4577
      vertex 3.29995 5.75566 54.4577
      vertex 3.3 5.75566 54.4577
    endloop
  endfacet
  facet normal 0 0.957826 0.287348
    outer loop
      vertex 3.3 5.36339 55.9217
      vertex 3.3 5.36342 55.9216
      vertex 3.29995 5.36342 55.9216
    endloop
  endfacet
  facet normal 0 0.957826 0.287348
    outer loop
      vertex 3.3 5.36339 55.9217
      vertex 3.29995 5.36342 55.9216
      vertex 3.29988 5.36342 55.9216
    endloop
  endfacet
  facet normal 0 0.946932 0.321434
    outer loop
      vertex 3.29486 5.36479 55.9176
      vertex 2.405 5.6059 55.2073
      vertex 3.29484 5.36479 55.9176
    endloop
  endfacet
  facet normal 0.0943664 0.972711 0.211963
    outer loop
      vertex 3.295 5.36482 55.9174
      vertex 2.405 5.6059 55.2073
      vertex 3.29486 5.36479 55.9176
    endloop
  endfacet
  facet normal 0.0533965 0.964544 0.258464
    outer loop
      vertex 3.295 5.75479 54.4621
      vertex 3.295 5.36482 55.9174
      vertex 3.3 5.36457 55.9173
    endloop
  endfacet
  facet normal 0.0559359 0.964412 0.25842
    outer loop
      vertex 3.295 5.75479 54.4621
      vertex 3.3 5.36457 55.9173
      vertex 3.3 5.7545 54.4621
    endloop
  endfacet
  facet normal 0.0550475 0.964457 0.258441
    outer loop
      vertex 3.295 5.36482 55.9174
      vertex 3.295 5.75479 54.4621
      vertex 2.405 5.6059 55.2073
    endloop
  endfacet
  facet normal 8.99521e-05 0.980598 0.19603
    outer loop
      vertex 2.405 5.6059 55.2073
      vertex 3.295 5.75479 54.4621
      vertex 3.2949 5.75481 54.462
    endloop
  endfacet
  facet normal -0.0203484 -0.96528 -0.260424
    outer loop
      vertex 2.395 2.1215 54.2633
      vertex 3.27742 2.02822 54.5401
      vertex 2.395 2.11891 54.2729
    endloop
  endfacet
  facet normal -0.0165918 -0.962323 -0.271404
    outer loop
      vertex 3.27742 2.02822 54.5401
      vertex 2.395 2.1215 54.2633
      vertex 3.278 2.02821 54.5401
    endloop
  endfacet
  facet normal 0 -0.965926 -0.258819
    outer loop
      vertex 3.295 2.17618 53.9865
      vertex 3.3 2.02787 54.54
      vertex 3.295 2.02787 54.54
    endloop
  endfacet
  facet normal 0 -0.965926 -0.258819
    outer loop
      vertex 3.3 2.02787 54.54
      vertex 3.295 2.17618 53.9865
      vertex 3.3 2.17618 53.9865
    endloop
  endfacet
  facet normal 0 -0.965924 -0.258824
    outer loop
      vertex 3.27743 2.17655 53.9865
      vertex 3.27801 2.02821 54.5401
      vertex 3.278 2.02821 54.5401
    endloop
  endfacet
  facet normal -0.0209179 -0.965718 -0.258748
    outer loop
      vertex 3.27743 2.17655 53.9865
      vertex 3.278 2.02821 54.5401
      vertex 2.395 2.1215 54.2633
    endloop
  endfacet
  facet normal -0.0208487 -0.96572 -0.258748
    outer loop
      vertex 3.27801 2.02821 54.5401
      vertex 3.27743 2.17655 53.9865
      vertex 3.295 2.02787 54.54
    endloop
  endfacet
  facet normal -0.0203369 -0.965726 -0.258766
    outer loop
      vertex 3.295 2.02787 54.54
      vertex 3.27743 2.17655 53.9865
      vertex 3.295 2.17618 53.9865
    endloop
  endfacet
  facet normal -1 0 0
    outer loop
      vertex 2.395 2.1215 54.2633
      vertex 2.395 5.6059 55.2073
      vertex 2.395 5.60849 55.1976
    endloop
  endfacet
  facet normal -1 0 0
    outer loop
      vertex 2.395 5.6059 55.2073
      vertex 2.395 2.1215 54.2633
      vertex 2.395 2.11891 54.2729
    endloop
  endfacet
  facet normal -0.643686 0.198064 -0.739215
    outer loop
      vertex 2.395 5.60849 55.1976
      vertex 3.28145 5.70177 54.4507
      vertex 2.395 2.1215 54.2633
    endloop
  endfacet
  facet normal -0.643776 0.196761 -0.739485
    outer loop
      vertex 3.28145 5.70177 54.4507
      vertex 2.395 5.60849 55.1976
      vertex 3.28988 5.75566 54.4577
    endloop
  endfacet
  facet normal 0 0 -1
    outer loop
      vertex 3.29484 5.75594 54.4535
      vertex 3.295 5.7565 54.4535
      vertex 3.29486 5.75594 54.4535
    endloop
  endfacet
  facet normal -0.642012 0.183432 -0.744428
    outer loop
      vertex 3.295 5.7565 54.4535
      vertex 3.29484 5.75594 54.4535
      vertex 3.28989 5.75566 54.4577
    endloop
  endfacet
  facet normal 0 -0.325991 0.945373
    outer loop
      vertex 3.295 5.36146 55.9255
      vertex 3.3 5.36204 55.9257
      vertex 3.295 5.36204 55.9257
    endloop
  endfacet
  facet normal -0.0123672 -0.229022 0.973343
    outer loop
      vertex 3.3 5.36204 55.9257
      vertex 3.295 5.36146 55.9255
      vertex 3.3 5.36119 55.9255
    endloop
  endfacet
  facet normal -0.19518 0.9759 0.09759
    outer loop
      vertex 3.3 5.75568 54.4576
      vertex 3.29995 5.75566 54.4577
      vertex 3.3 5.75567 54.4577
    endloop
  endfacet
  facet normal 0 0.980581 0.196116
    outer loop
      vertex 3.29995 5.75566 54.4577
      vertex 3.3 5.75568 54.4576
      vertex 3.29988 5.75566 54.4577
    endloop
  endfacet
  facet normal 0.0543048 0.964727 0.257592
    outer loop
      vertex 3.2949 5.75481 54.462
      vertex 2.405 5.60849 55.1976
      vertex 2.405 5.6059 55.2073
    endloop
  endfacet
  facet normal 0.000589305 0.980648 0.195776
    outer loop
      vertex 2.405 5.60849 55.1976
      vertex 3.2949 5.75481 54.462
      vertex 3.29484 5.75483 54.4619
    endloop
  endfacet
  facet normal 4.31923e-12 0.980581 0.196116
    outer loop
      vertex 3.29988 5.75566 54.4577
      vertex 3.3 5.75568 54.4576
      vertex 3.3 5.7565 54.4535
    endloop
  endfacet
  facet normal 0 0.980581 0.196116
    outer loop
      vertex 3.29988 5.75566 54.4577
      vertex 3.3 5.7565 54.4535
      vertex 3.295 5.7565 54.4535
    endloop
  endfacet
  facet normal 0 0.980581 0.196116
    outer loop
      vertex 3.29988 5.75566 54.4577
      vertex 3.295 5.7565 54.4535
      vertex 3.28989 5.75566 54.4577
    endloop
  endfacet
  facet normal -0.000530798 0.980908 0.194473
    outer loop
      vertex 3.28988 5.75566 54.4577
      vertex 2.405 5.60849 55.1976
      vertex 3.29484 5.75483 54.4619
    endloop
  endfacet
  facet normal 0 0.980787 0.195084
    outer loop
      vertex 2.405 5.60849 55.1976
      vertex 3.28988 5.75566 54.4577
      vertex 2.395 5.60849 55.1976
    endloop
  endfacet
  facet normal -0.304035 0.12437 -0.944508
    outer loop
      vertex 3.27742 2.17655 53.9865
      vertex 2.395 2.1215 54.2633
      vertex 3.27742 5.67602 54.4473
    endloop
  endfacet
  facet normal 0 -0.980791 -0.19506
    outer loop
      vertex 2.395 2.1215 54.2633
      vertex 3.27742 2.17655 53.9865
      vertex 3.27743 2.17655 53.9865
    endloop
  endfacet
  facet normal -0.645387 0.198403 -0.737639
    outer loop
      vertex 3.28145 5.70177 54.4507
      vertex 3.27742 5.67602 54.4473
      vertex 2.395 2.1215 54.2633
    endloop
  endfacet
  facet normal -0.568593 0.142148 -0.810245
    outer loop
      vertex 3.295 5.75593 54.4534
      vertex 3.29486 5.75594 54.4535
      vertex 3.295 5.7565 54.4535
    endloop
  endfacet
  facet normal -0.00694845 0.231615 -0.972783
    outer loop
      vertex 3.295 5.75593 54.4534
      vertex 3.3 5.7565 54.4535
      vertex 3.3 5.75566 54.4533
    endloop
  endfacet
  facet normal 0 0.172799 -0.984957
    outer loop
      vertex 3.3 5.7565 54.4535
      vertex 3.295 5.75593 54.4534
      vertex 3.295 5.7565 54.4535
    endloop
  endfacet
  facet normal 0 1 -0
    outer loop
      vertex 2.405 5.805 53.695
      vertex 2.395 5.805 53.705
      vertex 2.405 5.805 53.705
    endloop
  endfacet
  facet normal 0 1 0
    outer loop
      vertex 2.395 5.805 53.705
      vertex 2.405 5.805 53.695
      vertex 2.395 5.805 53.695
    endloop
  endfacet
  facet normal -0.303919 -0.124375 0.944544
    outer loop
      vertex 3.27742 5.67602 54.4473
      vertex 2.395 2.195 53.705
      vertex 3.27742 2.17655 53.9865
    endloop
  endfacet
  facet normal 0 -1 0
    outer loop
      vertex 3.27743 2.17655 53.4135
      vertex 3.27743 2.17655 53.9865
      vertex 3.27742 2.17655 53.9865
    endloop
  endfacet
  facet normal -0.0209038 -0.999781 0
    outer loop
      vertex 3.27742 2.17655 53.4135
      vertex 3.27742 2.17655 53.9865
      vertex 2.395 2.195 53.705
    endloop
  endfacet
  facet normal -0.0209038 -0.999781 0
    outer loop
      vertex 3.27742 2.17655 53.4135
      vertex 2.395 2.195 53.705
      vertex 2.395 2.195 53.695
    endloop
  endfacet
  facet normal 0 -1 0
    outer loop
      vertex 3.27743 2.17655 53.4135
      vertex 3.27742 2.17655 53.9865
      vertex 3.27742 2.17655 53.4135
    endloop
  endfacet
  facet normal -0.021054 -0.999778 -0
    outer loop
      vertex 3.295 2.17618 53.9865
      vertex 3.27743 2.17655 53.4135
      vertex 3.295 2.17618 53.4135
    endloop
  endfacet
  facet normal -0.021054 -0.999778 -0
    outer loop
      vertex 3.27743 2.17655 53.9865
      vertex 3.27743 2.17655 53.4135
      vertex 3.295 2.17618 53.9865
    endloop
  endfacet
  facet normal -0.0540697 0.996427 0.0648836
    outer loop
      vertex 3.29988 5.75566 54.4577
      vertex 3.3 5.75538 54.4621
      vertex 3.3 5.75566 54.4578
    endloop
  endfacet
  facet normal 0 0.997981 0.0635079
    outer loop
      vertex 3.3 5.75538 54.4621
      vertex 3.29988 5.75566 54.4577
      vertex 3.295 5.75538 54.4621
    endloop
  endfacet
  facet normal -0 0.997981 0.0635079
    outer loop
      vertex 3.28989 5.75566 54.4577
      vertex 3.295 5.75538 54.4621
      vertex 3.29988 5.75566 54.4577
    endloop
  endfacet
  facet normal -0.000473008 0.997822 0.065964
    outer loop
      vertex 2.405 5.805 53.705
      vertex 3.28989 5.75566 54.4577
      vertex 3.29484 5.75594 54.4535
    endloop
  endfacet
  facet normal 0.0693257 0.997449 -0.0170384
    outer loop
      vertex 3.28989 5.75566 54.4577
      vertex 2.395 5.805 53.705
      vertex 3.295 5.75538 54.4621
    endloop
  endfacet
  facet normal -0 0.997858 0.0654103
    outer loop
      vertex 2.395 5.805 53.705
      vertex 3.28989 5.75566 54.4577
      vertex 2.405 5.805 53.705
    endloop
  endfacet
  facet normal -1 0 0
    outer loop
      vertex 2.395 2.195 53.695
      vertex 2.395 5.805 53.705
      vertex 2.395 5.805 53.695
    endloop
  endfacet
  facet normal -1 -0 0
    outer loop
      vertex 2.395 5.805 53.705
      vertex 2.395 2.195 53.695
      vertex 2.395 2.195 53.705
    endloop
  endfacet
  facet normal -0.707107 0 0.707107
    outer loop
      vertex 3.295 5.75538 54.4621
      vertex 3.2949 5.75481 54.462
      vertex 3.295 5.75479 54.4621
    endloop
  endfacet
  facet normal -0.850932 0.0576903 0.522098
    outer loop
      vertex 3.295 5.75538 54.4621
      vertex 3.29484 5.75483 54.4619
      vertex 3.2949 5.75481 54.462
    endloop
  endfacet
  facet normal -0.652095 -0.0842772 0.753438
    outer loop
      vertex 3.295 5.75538 54.4621
      vertex 3.28988 5.75566 54.4577
      vertex 3.29484 5.75483 54.4619
    endloop
  endfacet
  facet normal -0.0755544 -0.996841 0.0244825
    outer loop
      vertex 2.395 5.805 53.705
      vertex 3.28988 5.75566 54.4577
      vertex 3.295 5.75538 54.4621
    endloop
  endfacet
  facet normal -0.643652 0.00127604 0.765317
    outer loop
      vertex 2.395 5.805 53.705
      vertex 3.28145 5.70177 54.4507
      vertex 3.28988 5.75566 54.4577
    endloop
  endfacet
  facet normal -0.643759 -0.000288383 0.765228
    outer loop
      vertex 2.395 5.805 53.705
      vertex 3.27742 5.67602 54.4473
      vertex 3.28145 5.70177 54.4507
    endloop
  endfacet
  facet normal -0.643735 0 0.765249
    outer loop
      vertex 3.27742 5.67602 54.4473
      vertex 2.395 5.805 53.705
      vertex 2.395 2.195 53.705
    endloop
  endfacet
  facet normal 0 -1 0
    outer loop
      vertex 3.295 2.17618 53.4135
      vertex 3.3 2.17618 53.9865
      vertex 3.295 2.17618 53.9865
    endloop
  endfacet
  facet normal 0 -1 -0
    outer loop
      vertex 3.3 2.17618 53.9865
      vertex 3.295 2.17618 53.4135
      vertex 3.3 2.17618 53.4135
    endloop
  endfacet
  facet normal 0 0 1
    outer loop
      vertex 3.295 5.75479 54.4621
      vertex 3.3 5.75538 54.4621
      vertex 3.295 5.75538 54.4621
    endloop
  endfacet
  facet normal 0 0 1
    outer loop
      vertex 3.3 5.75538 54.4621
      vertex 3.295 5.75479 54.4621
      vertex 3.3 5.7545 54.4621
    endloop
  endfacet
  facet normal 0 0 -1
    outer loop
      vertex 3.2949 5.75481 52.938
      vertex 3.295 5.75538 52.938
      vertex 3.295 5.75479 52.938
    endloop
  endfacet
  facet normal -0.835041 0.146498 -0.530325
    outer loop
      vertex 3.29484 5.75483 52.9381
      vertex 3.295 5.75538 52.938
      vertex 3.2949 5.75481 52.938
    endloop
  endfacet
  facet normal -0.640894 0.0471364 -0.766181
    outer loop
      vertex 3.28988 5.75566 52.9423
      vertex 3.295 5.75538 52.938
      vertex 3.29484 5.75483 52.9381
    endloop
  endfacet
  facet normal -0.643735 -0 -0.765249
    outer loop
      vertex 2.395 5.805 53.695
      vertex 3.27742 5.67602 52.9527
      vertex 2.395 2.195 53.695
    endloop
  endfacet
  facet normal -0.643759 -0.000288383 -0.765228
    outer loop
      vertex 3.27742 5.67602 52.9527
      vertex 2.395 5.805 53.695
      vertex 3.28145 5.70177 52.9493
    endloop
  endfacet
  facet normal -0.221471 0.919908 -0.323606
    outer loop
      vertex 3.28988 5.75566 52.9423
      vertex 2.395 5.805 53.695
      vertex 3.295 5.75538 52.938
    endloop
  endfacet
  facet normal -0.643652 0.00127604 -0.765317
    outer loop
      vertex 3.28145 5.70177 52.9493
      vertex 2.395 5.805 53.695
      vertex 3.28988 5.75566 52.9423
    endloop
  endfacet
  facet normal -0.303919 -0.124375 -0.944544
    outer loop
      vertex 2.395 2.195 53.695
      vertex 3.27742 5.67602 52.9527
      vertex 3.27742 2.17655 53.4135
    endloop
  endfacet
  facet normal 0 0.995037 -0.0995037
    outer loop
      vertex 3.295 5.75593 54.4534
      vertex 3.29484 5.75594 54.4535
      vertex 3.29486 5.75594 54.4535
    endloop
  endfacet
  facet normal 0.0592547 0.99823 -0.00501544
    outer loop
      vertex 3.295 5.75593 54.4534
      vertex 2.405 5.805 53.705
      vertex 3.29484 5.75594 54.4535
    endloop
  endfacet
  facet normal 0.0539214 0.998545 -0
    outer loop
      vertex 3.295 5.75593 52.9466
      vertex 3.295 5.75593 54.4534
      vertex 3.3 5.75566 54.4533
    endloop
  endfacet
  facet normal 0.0550512 0.998484 0
    outer loop
      vertex 3.295 5.75593 54.4534
      vertex 2.405 5.805 53.695
      vertex 2.405 5.805 53.705
    endloop
  endfacet
  facet normal 0.0539214 0.998545 0
    outer loop
      vertex 3.295 5.75593 52.9466
      vertex 3.3 5.75566 54.4533
      vertex 3.3 5.75566 52.9467
    endloop
  endfacet
  facet normal 0.0550512 0.998484 0
    outer loop
      vertex 3.295 5.75593 54.4534
      vertex 3.295 5.75593 52.9466
      vertex 2.405 5.805 53.695
    endloop
  endfacet
  facet normal 0.0638111 0.997907 0.0104551
    outer loop
      vertex 3.29486 5.75594 52.9465
      vertex 2.405 5.805 53.695
      vertex 3.295 5.75593 52.9466
    endloop
  endfacet
  facet normal 0 0.997859 -0.0654041
    outer loop
      vertex 2.405 5.805 53.695
      vertex 3.29486 5.75594 52.9465
      vertex 3.29484 5.75594 52.9465
    endloop
  endfacet
  facet normal 0 1 0
    outer loop
      vertex 3.29995 5.75566 54.4577
      vertex 3.3 5.75566 54.4578
      vertex 3.3 5.75566 54.4577
    endloop
  endfacet
  facet normal 0 1 0
    outer loop
      vertex 3.29988 5.75566 54.4577
      vertex 3.3 5.75566 54.4578
      vertex 3.29995 5.75566 54.4577
    endloop
  endfacet
  facet normal 0 1 -0
    outer loop
      vertex 3.3 5.75566 52.9422
      vertex 3.29995 5.75566 52.9423
      vertex 3.3 5.75566 52.9423
    endloop
  endfacet
  facet normal 0 1 0
    outer loop
      vertex 3.29995 5.75566 52.9423
      vertex 3.3 5.75566 52.9422
      vertex 3.29988 5.75566 52.9423
    endloop
  endfacet
  facet normal -0.0553475 0.996256 -0.066417
    outer loop
      vertex 3.3 5.75538 52.938
      vertex 3.29988 5.75566 52.9423
      vertex 3.3 5.75566 52.9422
    endloop
  endfacet
  facet normal -0.000473008 0.997822 -0.065964
    outer loop
      vertex 3.28989 5.75566 52.9423
      vertex 2.405 5.805 53.695
      vertex 3.29484 5.75594 52.9465
    endloop
  endfacet
  facet normal 0 0.997858 -0.0654103
    outer loop
      vertex 2.405 5.805 53.695
      vertex 3.28989 5.75566 52.9423
      vertex 2.395 5.805 53.695
    endloop
  endfacet
  facet normal 0 0.997887 -0.0649787
    outer loop
      vertex 3.29988 5.75566 52.9423
      vertex 3.3 5.75538 52.938
      vertex 3.295 5.75538 52.938
    endloop
  endfacet
  facet normal 0.516935 0.636059 0.572894
    outer loop
      vertex 3.28989 5.75566 52.9423
      vertex 3.295 5.75538 52.938
      vertex 2.395 5.805 53.695
    endloop
  endfacet
  facet normal 0 0.997887 -0.0649787
    outer loop
      vertex 3.29988 5.75566 52.9423
      vertex 3.295 5.75538 52.938
      vertex 3.28989 5.75566 52.9423
    endloop
  endfacet
  facet normal 0 0 -1
    outer loop
      vertex 3.295 5.75479 52.938
      vertex 3.3 5.75538 52.938
      vertex 3.3 5.7545 52.938
    endloop
  endfacet
  facet normal -0 0 -1
    outer loop
      vertex 3.3 5.75538 52.938
      vertex 3.295 5.75479 52.938
      vertex 3.295 5.75538 52.938
    endloop
  endfacet
  facet normal -0.645387 0.198403 0.737639
    outer loop
      vertex 2.395 2.1215 53.1367
      vertex 3.27742 5.67602 52.9527
      vertex 3.28145 5.70177 52.9493
    endloop
  endfacet
  facet normal -0.568593 0.142148 0.810245
    outer loop
      vertex 3.295 5.7565 52.9465
      vertex 3.29486 5.75594 52.9465
      vertex 3.295 5.75593 52.9466
    endloop
  endfacet
  facet normal -0.304035 0.12437 0.944508
    outer loop
      vertex 3.27742 5.67602 52.9527
      vertex 2.395 2.1215 53.1367
      vertex 3.27742 2.17655 53.4135
    endloop
  endfacet
  facet normal 0 -0.980791 0.19506
    outer loop
      vertex 3.27743 2.17655 53.4135
      vertex 3.27742 2.17655 53.4135
      vertex 2.395 2.1215 53.1367
    endloop
  endfacet
  facet normal 0 0.966152 -0.257973
    outer loop
      vertex 2.405 5.6059 52.1927
      vertex 2.395 5.60849 52.2024
      vertex 2.405 5.60849 52.2024
    endloop
  endfacet
  facet normal 0 0.966152 -0.257973
    outer loop
      vertex 2.395 5.60849 52.2024
      vertex 2.405 5.6059 52.1927
      vertex 2.395 5.6059 52.1927
    endloop
  endfacet
  facet normal -0.643708 -0.1982 -0.73916
    outer loop
      vertex 3.28834 5.35425 51.4822
      vertex 2.395 5.6059 52.1927
      vertex 3.28988 5.36342 51.4784
    endloop
  endfacet
  facet normal -0.160872 -0.321745 -0.93306
    outer loop
      vertex 3.2949 5.36151 51.4745
      vertex 3.295 5.36204 51.4743
      vertex 3.295 5.36146 51.4745
    endloop
  endfacet
  facet normal -0.860966 -0.0291853 -0.507824
    outer loop
      vertex 3.29484 5.36154 51.4746
      vertex 3.295 5.36204 51.4743
      vertex 3.2949 5.36151 51.4745
    endloop
  endfacet
  facet normal -0.646065 -0.229951 -0.72782
    outer loop
      vertex 3.295 5.36204 51.4743
      vertex 3.29484 5.36154 51.4746
      vertex 3.28989 5.36342 51.4784
    endloop
  endfacet
  facet normal -0.0203484 -0.96528 0.260424
    outer loop
      vertex 3.27742 2.02822 52.8599
      vertex 2.395 2.1215 53.1367
      vertex 2.395 2.11891 53.1271
    endloop
  endfacet
  facet normal -0.0165918 -0.962323 0.271404
    outer loop
      vertex 2.395 2.1215 53.1367
      vertex 3.27742 2.02822 52.8599
      vertex 3.278 2.02821 52.8599
    endloop
  endfacet
  facet normal 0.000589305 0.980648 -0.195776
    outer loop
      vertex 3.2949 5.75481 52.938
      vertex 2.405 5.60849 52.2024
      vertex 3.29484 5.75483 52.9381
    endloop
  endfacet
  facet normal 0.0543048 0.964727 -0.257592
    outer loop
      vertex 2.405 5.60849 52.2024
      vertex 3.2949 5.75481 52.938
      vertex 2.405 5.6059 52.1927
    endloop
  endfacet
  facet normal -0.19518 0.9759 -0.09759
    outer loop
      vertex 3.29995 5.75566 52.9423
      vertex 3.3 5.75568 52.9424
      vertex 3.3 5.75567 52.9423
    endloop
  endfacet
  facet normal 0 0.980581 -0.196116
    outer loop
      vertex 3.3 5.75568 52.9424
      vertex 3.29995 5.75566 52.9423
      vertex 3.29988 5.75566 52.9423
    endloop
  endfacet
  facet normal -1 0 0
    outer loop
      vertex 2.395 5.6059 52.1927
      vertex 2.395 2.1215 53.1367
      vertex 2.395 5.60849 52.2024
    endloop
  endfacet
  facet normal -1 0 -0
    outer loop
      vertex 2.395 2.1215 53.1367
      vertex 2.395 5.6059 52.1927
      vertex 2.395 2.11891 53.1271
    endloop
  endfacet
  facet normal -0.643776 0.196761 0.739485
    outer loop
      vertex 2.395 5.60849 52.2024
      vertex 3.28145 5.70177 52.9493
      vertex 3.28988 5.75566 52.9423
    endloop
  endfacet
  facet normal -0.643686 0.198064 0.739215
    outer loop
      vertex 3.28145 5.70177 52.9493
      vertex 2.395 5.60849 52.2024
      vertex 2.395 2.1215 53.1367
    endloop
  endfacet
  facet normal 0 0 1
    outer loop
      vertex 3.295 5.7565 52.9465
      vertex 3.29484 5.75594 52.9465
      vertex 3.29486 5.75594 52.9465
    endloop
  endfacet
  facet normal -0.642012 0.183432 0.744428
    outer loop
      vertex 3.29484 5.75594 52.9465
      vertex 3.295 5.7565 52.9465
      vertex 3.28989 5.75566 52.9423
    endloop
  endfacet
  facet normal 0 0 -1
    outer loop
      vertex 3.3 5.75566 52.9423
      vertex 3.29995 5.75566 52.9423
      vertex 3.3 5.75567 52.9423
    endloop
  endfacet
  facet normal 0 0.957826 -0.287348
    outer loop
      vertex 3.3 5.36339 51.4783
      vertex 3.29995 5.36342 51.4784
      vertex 3.3 5.36342 51.4784
    endloop
  endfacet
  facet normal 0 0.957826 -0.287348
    outer loop
      vertex 3.29995 5.36342 51.4784
      vertex 3.3 5.36339 51.4783
      vertex 3.29988 5.36342 51.4784
    endloop
  endfacet
  facet normal 0.0559361 0.964416 -0.258404
    outer loop
      vertex 3.3 5.36457 51.4827
      vertex 3.295 5.75479 52.938
      vertex 3.3 5.7545 52.938
    endloop
  endfacet
  facet normal 0.0533964 0.964548 -0.258448
    outer loop
      vertex 3.295 5.75479 52.938
      vertex 3.3 5.36457 51.4827
      vertex 3.295 5.36482 51.4826
    endloop
  endfacet
  facet normal 0.0550619 0.964461 -0.258424
    outer loop
      vertex 3.295 5.75479 52.938
      vertex 3.295 5.36482 51.4826
      vertex 2.405 5.6059 52.1927
    endloop
  endfacet
  facet normal 0.0943664 0.972711 -0.211963
    outer loop
      vertex 3.29486 5.36479 51.4824
      vertex 2.405 5.6059 52.1927
      vertex 3.295 5.36482 51.4826
    endloop
  endfacet
  facet normal 0 0.946932 -0.321434
    outer loop
      vertex 2.405 5.6059 52.1927
      vertex 3.29486 5.36479 51.4824
      vertex 3.29484 5.36479 51.4824
    endloop
  endfacet
  facet normal 0.18016 0.900802 -0.395093
    outer loop
      vertex 3.2949 5.75481 52.938
      vertex 3.295 5.75479 52.938
      vertex 2.405 5.6059 52.1927
    endloop
  endfacet
  facet normal 0 -0.965926 0.258819
    outer loop
      vertex 3.295 2.02787 52.86
      vertex 3.3 2.17618 53.4135
      vertex 3.295 2.17618 53.4135
    endloop
  endfacet
  facet normal 0 -0.965926 0.258819
    outer loop
      vertex 3.3 2.17618 53.4135
      vertex 3.295 2.02787 52.86
      vertex 3.3 2.02787 52.86
    endloop
  endfacet
  facet normal 0 0.172799 0.984957
    outer loop
      vertex 3.295 5.75593 52.9466
      vertex 3.3 5.7565 52.9465
      vertex 3.295 5.7565 52.9465
    endloop
  endfacet
  facet normal -0.00694845 0.231615 0.972783
    outer loop
      vertex 3.3 5.7565 52.9465
      vertex 3.295 5.75593 52.9466
      vertex 3.3 5.75566 52.9467
    endloop
  endfacet
  facet normal -0.000530798 0.980908 -0.194473
    outer loop
      vertex 2.405 5.60849 52.2024
      vertex 3.28988 5.75566 52.9423
      vertex 3.29484 5.75483 52.9381
    endloop
  endfacet
  facet normal 0 0.980787 -0.195084
    outer loop
      vertex 3.28988 5.75566 52.9423
      vertex 2.405 5.60849 52.2024
      vertex 2.395 5.60849 52.2024
    endloop
  endfacet
  facet normal -7.29314e-12 0.980581 -0.196116
    outer loop
      vertex 3.29988 5.75566 52.9423
      vertex 3.3 5.7565 52.9465
      vertex 3.3 5.75568 52.9424
    endloop
  endfacet
  facet normal 0 0.980581 -0.196116
    outer loop
      vertex 3.3 5.7565 52.9465
      vertex 3.29988 5.75566 52.9423
      vertex 3.295 5.7565 52.9465
    endloop
  endfacet
  facet normal 0 0.980581 -0.196116
    outer loop
      vertex 3.295 5.7565 52.9465
      vertex 3.29988 5.75566 52.9423
      vertex 3.28989 5.75566 52.9423
    endloop
  endfacet
  facet normal -0.643722 -0.198076 -0.739181
    outer loop
      vertex 2.395 5.6059 52.1927
      vertex 3.27742 5.28921 51.5091
      vertex 2.395 2.11891 53.1271
    endloop
  endfacet
  facet normal -0.64363 -0.197063 -0.739532
    outer loop
      vertex 3.27742 5.28921 51.5091
      vertex 2.395 5.6059 52.1927
      vertex 3.28145 5.3132 51.4992
    endloop
  endfacet
  facet normal -0.643703 -0.198081 -0.739196
    outer loop
      vertex 3.28145 5.3132 51.4992
      vertex 2.395 5.6059 52.1927
      vertex 3.28834 5.35425 51.4822
    endloop
  endfacet
  facet normal -0.303984 -0.364586 -0.880154
    outer loop
      vertex 2.395 2.11891 53.1271
      vertex 3.27742 5.28921 51.5091
      vertex 3.27742 2.02822 52.8599
    endloop
  endfacet
  facet normal -0.0295962 0.947077 -0.319639
    outer loop
      vertex 3.3 5.36204 51.4743
      vertex 3.29988 5.36342 51.4784
      vertex 3.3 5.36339 51.4783
    endloop
  endfacet
  facet normal 0 0.947755 -0.319
    outer loop
      vertex 3.29988 5.36342 51.4784
      vertex 3.3 5.36204 51.4743
      vertex 3.295 5.36204 51.4743
    endloop
  endfacet
  facet normal 0 0.947755 -0.319
    outer loop
      vertex 3.29988 5.36342 51.4784
      vertex 3.295 5.36204 51.4743
      vertex 3.28989 5.36342 51.4784
    endloop
  endfacet
  facet normal -0.00115878 0.946489 -0.322735
    outer loop
      vertex 3.28988 5.36342 51.4784
      vertex 2.405 5.6059 52.1927
      vertex 3.29484 5.36479 51.4824
    endloop
  endfacet
  facet normal 0 0.946927 -0.321449
    outer loop
      vertex 2.405 5.6059 52.1927
      vertex 3.28988 5.36342 51.4784
      vertex 2.395 5.6059 52.1927
    endloop
  endfacet
  facet normal -0.0209179 -0.965718 0.258748
    outer loop
      vertex 3.278 2.02821 52.8599
      vertex 3.27743 2.17655 53.4135
      vertex 2.395 2.1215 53.1367
    endloop
  endfacet
  facet normal 0 -0.965924 0.258824
    outer loop
      vertex 3.27801 2.02821 52.8599
      vertex 3.27743 2.17655 53.4135
      vertex 3.278 2.02821 52.8599
    endloop
  endfacet
  facet normal -0.0203369 -0.96573 0.258751
    outer loop
      vertex 3.27743 2.17655 53.4135
      vertex 3.27801 2.02821 52.8599
      vertex 3.295 2.17618 53.4135
    endloop
  endfacet
  facet normal -0.0208487 -0.965716 0.258763
    outer loop
      vertex 3.295 2.17618 53.4135
      vertex 3.27801 2.02821 52.8599
      vertex 3.295 2.02787 52.86
    endloop
  endfacet
  facet normal -0.0123672 -0.229022 -0.973343
    outer loop
      vertex 3.295 5.36146 51.4745
      vertex 3.3 5.36204 51.4743
      vertex 3.3 5.36119 51.4745
    endloop
  endfacet
  facet normal -0 -0.325991 -0.945373
    outer loop
      vertex 3.3 5.36204 51.4743
      vertex 3.295 5.36146 51.4745
      vertex 3.295 5.36204 51.4743
    endloop
  endfacet
  facet normal -0.637999 0.382882 0.668101
    outer loop
      vertex 2.395 1.90342 52.6068
      vertex 3.27742 5.28921 51.5091
      vertex 3.28145 5.3132 51.4992
    endloop
  endfacet
  facet normal -0.801429 0.303243 0.515514
    outer loop
      vertex 3.295 5.36533 51.4823
      vertex 3.29486 5.36479 51.4824
      vertex 3.295 5.36482 51.4826
    endloop
  endfacet
  facet normal -0.30401 0.364583 0.880146
    outer loop
      vertex 3.27742 5.28921 51.5091
      vertex 2.395 1.90342 52.6068
      vertex 3.27742 2.02822 52.8599
    endloop
  endfacet
  facet normal 0 0.864507 -0.50262
    outer loop
      vertex 2.405 5.02478 50.7932
      vertex 2.395 5.02978 50.8018
      vertex 2.405 5.02978 50.8018
    endloop
  endfacet
  facet normal 0 0.864507 -0.50262
    outer loop
      vertex 2.395 5.02978 50.8018
      vertex 2.405 5.02478 50.7932
      vertex 2.395 5.02478 50.7932
    endloop
  endfacet
  facet normal -0.643861 -0.385711 -0.660811
    outer loop
      vertex 3.28834 4.5978 50.172
      vertex 2.395 5.02478 50.7932
      vertex 3.28988 4.60568 50.1659
    endloop
  endfacet
  facet normal -0.302083 -0.483333 -0.821666
    outer loop
      vertex 3.29484 4.60287 50.1627
      vertex 3.295 4.60328 50.1624
      vertex 3.295 4.60277 50.1627
    endloop
  endfacet
  facet normal -0.628718 -0.284267 -0.723814
    outer loop
      vertex 3.295 4.60328 50.1624
      vertex 3.29484 4.60287 50.1627
      vertex 3.28989 4.60567 50.1659
    endloop
  endfacet
  facet normal -0.0940749 0.936636 -0.337436
    outer loop
      vertex 3.2949 5.36151 51.4745
      vertex 2.405 5.02978 50.8018
      vertex 3.29484 5.36154 51.4746
    endloop
  endfacet
  facet normal 0.0575847 0.863073 -0.501786
    outer loop
      vertex 2.405 5.02978 50.8018
      vertex 3.2949 5.36151 51.4745
      vertex 2.405 5.02478 50.7932
    endloop
  endfacet
  facet normal -0.357771 0.894427 -0.268328
    outer loop
      vertex 3.29995 5.36342 51.4784
      vertex 3.3 5.36347 51.4785
      vertex 3.3 5.36344 51.4784
    endloop
  endfacet
  facet normal 0 0.894427 -0.447214
    outer loop
      vertex 3.29988 5.36342 51.4784
      vertex 3.3 5.36347 51.4785
      vertex 3.29995 5.36342 51.4784
    endloop
  endfacet
  facet normal -0.303968 -0.579968 -0.755805
    outer loop
      vertex 3.27742 1.74167 52.3636
      vertex 2.395 1.89843 52.5982
      vertex 3.27742 4.54195 50.2148
    endloop
  endfacet
  facet normal -1 0 0
    outer loop
      vertex 2.395 5.02478 50.7932
      vertex 2.395 1.90342 52.6068
      vertex 2.395 5.02978 50.8018
    endloop
  endfacet
  facet normal -1 0 -0
    outer loop
      vertex 2.395 1.90342 52.6068
      vertex 2.395 5.02478 50.7932
      vertex 2.395 1.89843 52.5982
    endloop
  endfacet
  facet normal 0 0.182089 0.983282
    outer loop
      vertex 3.295 5.36533 51.4823
      vertex 3.29484 5.36479 51.4824
      vertex 3.29486 5.36479 51.4824
    endloop
  endfacet
  facet normal -0.646738 0.319849 0.692406
    outer loop
      vertex 3.295 5.36533 51.4823
      vertex 3.28988 5.36342 51.4784
      vertex 3.29484 5.36479 51.4824
    endloop
  endfacet
  facet normal -0.643727 0.382717 0.662679
    outer loop
      vertex 2.395 5.02978 50.8018
      vertex 3.28834 5.35425 51.4822
      vertex 3.28988 5.36342 51.4784
    endloop
  endfacet
  facet normal 0.325115 -0.94499 0.0359857
    outer loop
      vertex 2.395 5.02978 50.8018
      vertex 3.28988 5.36342 51.4784
      vertex 3.295 5.36533 51.4823
    endloop
  endfacet
  facet normal -0.643735 0.382524 0.662782
    outer loop
      vertex 3.28834 5.35425 51.4822
      vertex 2.395 5.02978 50.8018
      vertex 3.28145 5.3132 51.4992
    endloop
  endfacet
  facet normal -0.643728 0.382627 0.66273
    outer loop
      vertex 3.28145 5.3132 51.4992
      vertex 2.395 5.02978 50.8018
      vertex 2.395 1.90342 52.6068
    endloop
  endfacet
  facet normal 0 0 -1
    outer loop
      vertex 3.3 5.36342 51.4784
      vertex 3.29995 5.36342 51.4784
      vertex 3.3 5.36344 51.4784
    endloop
  endfacet
  facet normal 0.046714 0.865074 -0.499465
    outer loop
      vertex 3.3 4.6079 50.1698
      vertex 3.295 5.36146 51.4745
      vertex 3.3 5.36119 51.4745
    endloop
  endfacet
  facet normal 0.0545594 0.864742 -0.499243
    outer loop
      vertex 3.295 5.36146 51.4745
      vertex 3.3 4.6079 50.1698
      vertex 3.295 4.6081 50.1696
    endloop
  endfacet
  facet normal 0.0550467 0.864719 -0.49923
    outer loop
      vertex 3.295 5.36146 51.4745
      vertex 3.295 4.6081 50.1696
      vertex 2.405 5.02478 50.7932
    endloop
  endfacet
  facet normal 0.019002 0.843633 -0.536583
    outer loop
      vertex 2.405 5.02478 50.7932
      vertex 3.295 4.6081 50.1696
      vertex 3.29484 4.60804 50.1695
    endloop
  endfacet
  facet normal 0.312111 0.624223 -0.716193
    outer loop
      vertex 3.2949 5.36151 51.4745
      vertex 3.295 5.36146 51.4745
      vertex 2.405 5.02478 50.7932
    endloop
  endfacet
  facet normal 0 0 -1
    outer loop
      vertex 3.3 4.60562 50.1659
      vertex 3.29988 4.60568 50.1659
      vertex 3.3 4.60567 50.1659
    endloop
  endfacet
  facet normal 0 0 -1
    outer loop
      vertex 3.27742 2.02822 52.8599
      vertex 3.27801 2.02821 52.8599
      vertex 3.278 2.02821 52.8599
    endloop
  endfacet
  facet normal -0.021615 -0.864742 0.501751
    outer loop
      vertex 2.395 1.89843 52.5982
      vertex 3.27742 2.02822 52.8599
      vertex 2.395 1.90342 52.6068
    endloop
  endfacet
  facet normal -0.01483 -0.874972 0.483947
    outer loop
      vertex 3.27742 2.02822 52.8599
      vertex 2.395 1.89843 52.5982
      vertex 3.27801 2.02821 52.8599
    endloop
  endfacet
  facet normal 0 0.50702 0.861934
    outer loop
      vertex 3.295 5.36482 51.4826
      vertex 3.3 5.36533 51.4823
      vertex 3.295 5.36533 51.4823
    endloop
  endfacet
  facet normal 0.00558887 0.465739 0.884904
    outer loop
      vertex 3.3 5.36533 51.4823
      vertex 3.295 5.36482 51.4826
      vertex 3.3 5.36457 51.4827
    endloop
  endfacet
  facet normal -0.0078785 0.898149 -0.43962
    outer loop
      vertex 3.29988 5.36342 51.4784
      vertex 3.3 5.36533 51.4823
      vertex 3.3 5.36347 51.4785
    endloop
  endfacet
  facet normal 0 0.898081 -0.43983
    outer loop
      vertex 3.3 5.36533 51.4823
      vertex 3.29988 5.36342 51.4784
      vertex 3.295 5.36533 51.4823
    endloop
  endfacet
  facet normal 0 0.898081 -0.43983
    outer loop
      vertex 3.28989 5.36342 51.4784
      vertex 3.295 5.36533 51.4823
      vertex 3.29988 5.36342 51.4784
    endloop
  endfacet
  facet normal 0.000557854 0.896595 -0.442852
    outer loop
      vertex 2.405 5.02978 50.8018
      vertex 3.28989 5.36342 51.4784
      vertex 3.29484 5.36154 51.4746
    endloop
  endfacet
  facet normal -0.26062 0.957023 -0.127217
    outer loop
      vertex 3.28989 5.36342 51.4784
      vertex 2.395 5.02978 50.8018
      vertex 3.295 5.36533 51.4823
    endloop
  endfacet
  facet normal 0 0.896884 -0.442265
    outer loop
      vertex 2.395 5.02978 50.8018
      vertex 3.28989 5.36342 51.4784
      vertex 2.405 5.02978 50.8018
    endloop
  endfacet
  facet normal -0.643747 -0.382619 -0.662716
    outer loop
      vertex 2.395 5.02478 50.7932
      vertex 3.27742 4.54195 50.2148
      vertex 2.395 1.89843 52.5982
    endloop
  endfacet
  facet normal -0.643705 -0.382215 -0.66299
    outer loop
      vertex 3.27742 4.54195 50.2148
      vertex 2.395 5.02478 50.7932
      vertex 3.28834 4.5978 50.172
    endloop
  endfacet
  facet normal -0.0209057 -0.865825 0.499911
    outer loop
      vertex 3.27742 1.74167 52.3636
      vertex 3.27801 2.02821 52.8599
      vertex 2.395 1.89843 52.5982
    endloop
  endfacet
  facet normal -0.0199703 -0.865842 0.499919
    outer loop
      vertex 3.295 1.74138 52.3638
      vertex 3.27801 2.02821 52.8599
      vertex 3.27742 1.74167 52.3636
    endloop
  endfacet
  facet normal -0.0202694 -0.865841 0.499909
    outer loop
      vertex 3.27801 2.02821 52.8599
      vertex 3.295 1.74138 52.3638
      vertex 3.295 2.02787 52.86
    endloop
  endfacet
  facet normal 0 0 -1
    outer loop
      vertex 3.3 4.60562 50.1659
      vertex 3.29988 4.60567 50.1659
      vertex 3.29988 4.60568 50.1659
    endloop
  endfacet
  facet normal 0.327304 0.785529 -0.525182
    outer loop
      vertex 3.29988 4.60567 50.1659
      vertex 3.3 4.60562 50.1659
      vertex 3.3 4.60328 50.1624
    endloop
  endfacet
  facet normal 0 0.825828 -0.563922
    outer loop
      vertex 3.29988 4.60567 50.1659
      vertex 3.3 4.60328 50.1624
      vertex 3.295 4.60328 50.1624
    endloop
  endfacet
  facet normal 0 0.825828 -0.563922
    outer loop
      vertex 3.29988 4.60567 50.1659
      vertex 3.295 4.60328 50.1624
      vertex 3.28989 4.60567 50.1659
    endloop
  endfacet
  facet normal 0.0037521 0.83393 -0.551857
    outer loop
      vertex 3.28988 4.60568 50.1659
      vertex 2.405 5.02478 50.7932
      vertex 3.29484 4.60804 50.1695
    endloop
  endfacet
  facet normal 0 0.831499 -0.555526
    outer loop
      vertex 2.405 5.02478 50.7932
      vertex 3.28988 4.60568 50.1659
      vertex 2.395 5.02478 50.7932
    endloop
  endfacet
  facet normal 0 -0.866019 0.500012
    outer loop
      vertex 3.295 2.02787 52.86
      vertex 3.295 1.74138 52.3638
      vertex 3.3 2.02787 52.86
    endloop
  endfacet
  facet normal 0 -0.866019 0.500012
    outer loop
      vertex 3.3 2.02787 52.86
      vertex 3.295 1.74138 52.3638
      vertex 3.3 1.74138 52.3638
    endloop
  endfacet
  facet normal -0.00558887 -0.465739 -0.884904
    outer loop
      vertex 3.295 4.60277 50.1627
      vertex 3.3 4.60328 50.1624
      vertex 3.3 4.60252 50.1628
    endloop
  endfacet
  facet normal -0 -0.50702 -0.861934
    outer loop
      vertex 3.3 4.60328 50.1624
      vertex 3.295 4.60277 50.1627
      vertex 3.295 4.60328 50.1624
    endloop
  endfacet
  facet normal 0 0.708602 -0.705608
    outer loop
      vertex 2.395 4.10122 49.5917
      vertex 2.405 4.10829 49.5988
      vertex 2.405 4.10122 49.5917
    endloop
  endfacet
  facet normal 0 0.708602 -0.705608
    outer loop
      vertex 2.405 4.10829 49.5988
      vertex 2.395 4.10122 49.5917
      vertex 2.395 4.10829 49.5988
    endloop
  endfacet
  facet normal -0.304021 0.579958 0.755791
    outer loop
      vertex 2.395 1.55563 52.1514
      vertex 3.27742 1.74167 52.3636
      vertex 3.27742 4.54195 50.2148
    endloop
  endfacet
  facet normal -0.579576 0.562013 0.590113
    outer loop
      vertex 3.295 4.60852 50.1692
      vertex 3.29484 4.60804 50.1695
      vertex 3.295 4.6081 50.1696
    endloop
  endfacet
  facet normal -0.643734 0.540789 0.541437
    outer loop
      vertex 3.28834 4.5978 50.172
      vertex 2.395 4.10829 49.5988
      vertex 3.27742 4.54195 50.2148
    endloop
  endfacet
  facet normal -0.643696 0.54113 0.541142
    outer loop
      vertex 3.27742 4.54195 50.2148
      vertex 2.395 4.10829 49.5988
      vertex 2.395 1.55563 52.1514
    endloop
  endfacet
  facet normal 0.647113 -0.541733 -0.536442
    outer loop
      vertex 3.28834 4.5978 50.172
      vertex 3.28988 4.60568 50.1659
      vertex 3.29484 4.60804 50.1695
    endloop
  endfacet
  facet normal -0.643733 0.540803 0.541424
    outer loop
      vertex 2.395 4.10829 49.5988
      vertex 3.28834 4.5978 50.172
      vertex 3.29484 4.60804 50.1695
    endloop
  endfacet
  facet normal -0.643361 0.548347 0.53423
    outer loop
      vertex 3.29484 4.60804 50.1695
      vertex 3.295 4.60852 50.1692
      vertex 2.395 4.10829 49.5988
    endloop
  endfacet
  facet normal 0.495319 0.86365 -0.0936407
    outer loop
      vertex 3.295 3.53082 49.0915
      vertex 3.28988 3.53406 49.0943
      vertex 2.395 4.10122 49.5917
    endloop
  endfacet
  facet normal -0.640905 -0.550241 -0.535234
    outer loop
      vertex 3.295 3.53082 49.0915
      vertex 3.29484 3.53052 49.092
      vertex 3.28988 3.53406 49.0943
    endloop
  endfacet
  facet normal -0.696194 -0.495071 -0.519825
    outer loop
      vertex 3.29484 3.53052 49.092
      vertex 3.295 3.53082 49.0915
      vertex 3.295 3.5304 49.0919
    endloop
  endfacet
  facet normal -0.643771 -0.542167 -0.540012
    outer loop
      vertex 3.28834 3.52802 49.1022
      vertex 2.395 4.10122 49.5917
      vertex 3.28988 3.53406 49.0943
    endloop
  endfacet
  facet normal -0.643727 -0.541387 -0.540847
    outer loop
      vertex 3.27742 3.48516 49.1581
      vertex 2.395 4.10122 49.5917
      vertex 3.28834 3.52802 49.1022
    endloop
  endfacet
  facet normal -0.643695 -0.54114 -0.541132
    outer loop
      vertex 2.395 4.10122 49.5917
      vertex 3.27742 3.48516 49.1581
      vertex 2.395 1.54856 52.1444
    endloop
  endfacet
  facet normal -0.0197053 -0.707022 0.706917
    outer loop
      vertex 3.27742 1.33643 51.9583
      vertex 3.295 1.74138 52.3638
      vertex 3.27742 1.74167 52.3636
    endloop
  endfacet
  facet normal -0.0213129 -0.706964 0.706929
    outer loop
      vertex 3.295 1.74138 52.3638
      vertex 3.27742 1.33643 51.9583
      vertex 3.295 1.3362 51.9586
    endloop
  endfacet
  facet normal -0.0225444 -0.703401 0.710435
    outer loop
      vertex 2.395 1.54856 52.1444
      vertex 3.27742 1.74167 52.3636
      vertex 2.395 1.55563 52.1514
    endloop
  endfacet
  facet normal -0.0208776 -0.707005 0.7069
    outer loop
      vertex 3.27742 1.74167 52.3636
      vertex 2.395 1.54856 52.1444
      vertex 3.27742 1.33643 51.9583
    endloop
  endfacet
  facet normal 0.105566 0.750692 -0.652164
    outer loop
      vertex 3.29988 4.60567 50.1659
      vertex 3.3 4.60852 50.1692
      vertex 3.3 4.60574 50.166
    endloop
  endfacet
  facet normal 0 0.756823 -0.65362
    outer loop
      vertex 3.3 4.60852 50.1692
      vertex 3.29988 4.60567 50.1659
      vertex 3.295 4.60852 50.1692
    endloop
  endfacet
  facet normal 0 0.756823 -0.65362
    outer loop
      vertex 3.28989 4.60567 50.1659
      vertex 3.295 4.60852 50.1692
      vertex 3.29988 4.60567 50.1659
    endloop
  endfacet
  facet normal -0.000498369 0.752194 -0.658941
    outer loop
      vertex 2.405 4.10829 49.5988
      vertex 3.28989 4.60567 50.1659
      vertex 3.29484 4.60287 50.1627
    endloop
  endfacet
  facet normal -0.409533 0.900879 -0.143875
    outer loop
      vertex 3.28989 4.60567 50.1659
      vertex 2.395 4.10829 49.5988
      vertex 3.295 4.60852 50.1692
    endloop
  endfacet
  facet normal 0 0.751809 -0.659381
    outer loop
      vertex 2.395 4.10829 49.5988
      vertex 3.28989 4.60567 50.1659
      vertex 2.405 4.10829 49.5988
    endloop
  endfacet
  facet normal -1 0 0
    outer loop
      vertex 2.395 4.10122 49.5917
      vertex 2.395 1.55563 52.1514
      vertex 2.395 4.10829 49.5988
    endloop
  endfacet
  facet normal -1 0 -0
    outer loop
      vertex 2.395 1.55563 52.1514
      vertex 2.395 4.10122 49.5917
      vertex 2.395 1.54856 52.1444
    endloop
  endfacet
  facet normal 0 -0.707124 0.707089
    outer loop
      vertex 3.295 1.74138 52.3638
      vertex 3.3 1.3362 51.9586
      vertex 3.3 1.74138 52.3638
    endloop
  endfacet
  facet normal 0 -0.707124 0.707089
    outer loop
      vertex 3.3 1.3362 51.9586
      vertex 3.295 1.74138 52.3638
      vertex 3.295 1.3362 51.9586
    endloop
  endfacet
  facet normal 0 0.689655 0.724138
    outer loop
      vertex 3.295 4.6081 50.1696
      vertex 3.3 4.60852 50.1692
      vertex 3.295 4.60852 50.1692
    endloop
  endfacet
  facet normal -0.000927228 0.695421 0.718602
    outer loop
      vertex 3.3 4.60852 50.1692
      vertex 3.295 4.6081 50.1696
      vertex 3.3 4.6079 50.1698
    endloop
  endfacet
  facet normal -0.304002 -0.755797 -0.57996
    outer loop
      vertex 3.27742 1.33643 51.9583
      vertex 2.395 1.54856 52.1444
      vertex 3.27742 3.48516 49.1581
    endloop
  endfacet
  facet normal 0.0494369 0.706239 -0.706245
    outer loop
      vertex 3.3 3.53721 49.0975
      vertex 3.295 4.60277 50.1627
      vertex 3.3 4.60252 50.1628
    endloop
  endfacet
  facet normal 0.0550392 0.706061 -0.706008
    outer loop
      vertex 3.295 4.60277 50.1627
      vertex 3.295 3.53735 49.0972
      vertex 2.405 4.10829 49.5988
    endloop
  endfacet
  facet normal 0.0621044 0.705768 -0.705715
    outer loop
      vertex 3.295 4.60277 50.1627
      vertex 3.3 3.53721 49.0975
      vertex 3.295 3.53735 49.0972
    endloop
  endfacet
  facet normal 0.0568029 0.707458 -0.704469
    outer loop
      vertex 2.405 4.10829 49.5988
      vertex 3.295 3.53735 49.0972
      vertex 2.405 4.10122 49.5917
    endloop
  endfacet
  facet normal 0.0282188 0.68389 -0.72904
    outer loop
      vertex 2.405 4.10122 49.5917
      vertex 3.295 3.53735 49.0972
      vertex 3.29484 3.53725 49.0971
    endloop
  endfacet
  facet normal 0.28343 0.453487 -0.844995
    outer loop
      vertex 3.29484 4.60287 50.1627
      vertex 3.295 4.60277 50.1627
      vertex 2.405 4.10829 49.5988
    endloop
  endfacet
  facet normal 0.0681108 0.817329 -0.572131
    outer loop
      vertex 3.29988 4.60568 50.1659
      vertex 3.3 4.60574 50.166
      vertex 3.3 4.60567 50.1659
    endloop
  endfacet
  facet normal -0.640184 0 0.768221
    outer loop
      vertex 3.3 4.60574 50.166
      vertex 3.29988 4.60568 50.1659
      vertex 3.29988 4.60567 50.1659
    endloop
  endfacet
  facet normal 0 0 -1
    outer loop
      vertex 3.3 3.53398 49.0943
      vertex 3.29988 3.53406 49.0943
      vertex 3.3 3.53406 49.0943
    endloop
  endfacet
  facet normal 0.404366 0.606549 -0.684534
    outer loop
      vertex 3.3 3.53082 49.0915
      vertex 3.29988 3.53406 49.0943
      vertex 3.3 3.53398 49.0943
    endloop
  endfacet
  facet normal 0 0.653863 -0.756613
    outer loop
      vertex 3.295 3.53082 49.0915
      vertex 3.29988 3.53406 49.0943
      vertex 3.3 3.53082 49.0915
    endloop
  endfacet
  facet normal 0 0.653863 -0.756613
    outer loop
      vertex 3.295 3.53082 49.0915
      vertex 3.28989 3.53406 49.0943
      vertex 3.29988 3.53406 49.0943
    endloop
  endfacet
  facet normal 0 0.659356 -0.751831
    outer loop
      vertex 3.28989 3.53406 49.0943
      vertex 2.395 4.10122 49.5917
      vertex 2.405 4.10122 49.5917
    endloop
  endfacet
  facet normal -0.546612 -0.836878 -0.0291799
    outer loop
      vertex 2.395 4.10122 49.5917
      vertex 3.28989 3.53406 49.0943
      vertex 3.295 3.53082 49.0915
    endloop
  endfacet
  facet normal 0.00017917 0.659514 -0.751692
    outer loop
      vertex 3.29484 3.53725 49.0971
      vertex 3.28989 3.53406 49.0943
      vertex 2.405 4.10122 49.5917
    endloop
  endfacet
  facet normal -0 -0.689655 -0.724138
    outer loop
      vertex 3.3 3.53082 49.0915
      vertex 3.295 3.5304 49.0919
      vertex 3.295 3.53082 49.0915
    endloop
  endfacet
  facet normal 0.000927228 -0.695421 -0.718602
    outer loop
      vertex 3.295 3.5304 49.0919
      vertex 3.3 3.53082 49.0915
      vertex 3.3 3.5302 49.0921
    endloop
  endfacet
  facet normal -0.650945 0.650945 0.390567
    outer loop
      vertex 3.295 3.53765 49.0967
      vertex 3.29484 3.53725 49.0971
      vertex 3.295 3.53735 49.0972
    endloop
  endfacet
  facet normal -0.645081 0.653697 0.395664
    outer loop
      vertex 3.29484 3.53725 49.0971
      vertex 3.295 3.53765 49.0967
      vertex 3.28989 3.53406 49.0943
    endloop
  endfacet
  facet normal -0.643681 0.663326 0.381673
    outer loop
      vertex 3.28988 3.53406 49.0943
      vertex 2.395 2.90683 48.6752
      vertex 3.28834 3.52802 49.1022
    endloop
  endfacet
  facet normal -0.303932 0.755815 0.579973
    outer loop
      vertex 3.27742 3.48516 49.1581
      vertex 2.395 1.10183 51.8016
      vertex 3.27742 1.33643 51.9583
    endloop
  endfacet
  facet normal 0.314773 0.520223 -0.793906
    outer loop
      vertex 3.3 3.53414 49.0944
      vertex 3.29988 3.53406 49.0943
      vertex 3.3 3.53765 49.0967
    endloop
  endfacet
  facet normal 0 0.555769 -0.831337
    outer loop
      vertex 3.29988 3.53406 49.0943
      vertex 3.295 3.53765 49.0967
      vertex 3.3 3.53765 49.0967
    endloop
  endfacet
  facet normal 0 0.555769 -0.831337
    outer loop
      vertex 3.295 3.53765 49.0967
      vertex 3.29988 3.53406 49.0943
      vertex 3.28989 3.53406 49.0943
    endloop
  endfacet
  facet normal 0.00548135 0.550203 -0.835013
    outer loop
      vertex 2.405 2.90683 48.6752
      vertex 3.28988 3.53406 49.0943
      vertex 3.29484 3.53052 49.092
    endloop
  endfacet
  facet normal 0 0.555569 -0.831471
    outer loop
      vertex 3.28988 3.53406 49.0943
      vertex 2.405 2.90683 48.6752
      vertex 2.395 2.90683 48.6752
    endloop
  endfacet
  facet normal -1 0 0
    outer loop
      vertex 2.395 2.89817 48.6702
      vertex 2.395 1.10183 51.8016
      vertex 2.395 2.90683 48.6752
    endloop
  endfacet
  facet normal -1 0 -0
    outer loop
      vertex 2.395 1.10183 51.8016
      vertex 2.395 2.89817 48.6702
      vertex 2.395 1.09317 51.7966
    endloop
  endfacet
  facet normal -0.643717 0.662835 0.382463
    outer loop
      vertex 2.395 2.90683 48.6752
      vertex 3.27742 3.48516 49.1581
      vertex 3.28834 3.52802 49.1022
    endloop
  endfacet
  facet normal -0.643733 0.662728 0.382621
    outer loop
      vertex 3.27742 3.48516 49.1581
      vertex 2.395 2.90683 48.6752
      vertex 2.395 1.10183 51.8016
    endloop
  endfacet
  facet normal 0.0588592 0.499137 -0.864522
    outer loop
      vertex 3.295 2.22553 48.3385
      vertex 3.3 3.5302 49.0921
      vertex 3.3 2.22546 48.3388
    endloop
  endfacet
  facet normal 0.0545599 0.499272 -0.864726
    outer loop
      vertex 3.295 2.22553 48.3385
      vertex 3.295 3.5304 49.0919
      vertex 3.3 3.5302 49.0921
    endloop
  endfacet
  facet normal -0.172348 0.246212 -0.953769
    outer loop
      vertex 2.405 2.90683 48.6752
      vertex 3.295 2.22553 48.3385
      vertex 3.2949 2.22546 48.3385
    endloop
  endfacet
  facet normal 0.0550553 0.499258 -0.864702
    outer loop
      vertex 3.295 2.22553 48.3385
      vertex 2.405 2.90683 48.6752
      vertex 3.295 3.5304 49.0919
    endloop
  endfacet
  facet normal -0.0477031 0.601153 -0.797709
    outer loop
      vertex 3.295 3.5304 49.0919
      vertex 2.405 2.90683 48.6752
      vertex 3.29484 3.53052 49.092
    endloop
  endfacet
  facet normal 0 0 -1
    outer loop
      vertex 3.3 2.22156 48.3366
      vertex 3.29995 2.2216 48.3366
      vertex 3.3 2.2216 48.3366
    endloop
  endfacet
  facet normal 0 0.780869 -0.624695
    outer loop
      vertex 3.3 3.53406 49.0943
      vertex 3.29988 3.53406 49.0943
      vertex 3.3 3.53414 49.0944
    endloop
  endfacet
  facet normal -0.00385346 -0.454708 0.890632
    outer loop
      vertex 2.395 1.10183 51.8016
      vertex 3.27742 0.840114 51.6718
      vertex 3.27801 0.840109 51.6718
    endloop
  endfacet
  facet normal -0.0209057 -0.499902 0.86583
    outer loop
      vertex 3.27742 0.840114 51.6718
      vertex 2.395 1.10183 51.8016
      vertex 2.395 1.09317 51.7966
    endloop
  endfacet
  facet normal -0.64371 -0.662746 -0.38263
    outer loop
      vertex 2.395 2.89817 48.6702
      vertex 3.28145 2.2008 48.3868
      vertex 2.395 1.09317 51.7966
    endloop
  endfacet
  facet normal -0.643746 -0.662989 -0.382147
    outer loop
      vertex 2.395 2.89817 48.6702
      vertex 3.28834 2.2178 48.3457
      vertex 3.28145 2.2008 48.3868
    endloop
  endfacet
  facet normal -0.643614 -0.661402 -0.385109
    outer loop
      vertex 3.28834 2.2178 48.3457
      vertex 2.395 2.89817 48.6702
      vertex 3.28988 2.2216 48.3366
    endloop
  endfacet
  facet normal -0.647605 -0.647605 -0.401515
    outer loop
      vertex 3.29484 2.21758 48.3352
      vertex 3.295 2.21773 48.3347
      vertex 3.29486 2.21756 48.3352
    endloop
  endfacet
  facet normal 0.579354 0.810198 -0.0890383
    outer loop
      vertex 3.28988 2.2216 48.3366
      vertex 2.395 2.89817 48.6702
      vertex 3.295 2.21773 48.3347
    endloop
  endfacet
  facet normal -0.642406 -0.652824 -0.401417
    outer loop
      vertex 3.295 2.21773 48.3347
      vertex 3.29484 2.21758 48.3352
      vertex 3.28988 2.2216 48.3366
    endloop
  endfacet
  facet normal 0 0.500011 -0.866019
    outer loop
      vertex 2.395 2.89817 48.6702
      vertex 2.405 2.90683 48.6752
      vertex 2.405 2.89817 48.6702
    endloop
  endfacet
  facet normal 0 0.500011 -0.866019
    outer loop
      vertex 2.405 2.90683 48.6752
      vertex 2.395 2.89817 48.6702
      vertex 2.395 2.90683 48.6752
    endloop
  endfacet
  facet normal -0.30397 -0.880163 -0.364574
    outer loop
      vertex 2.395 1.09317 51.7966
      vertex 3.27742 2.19086 48.4108
      vertex 3.27742 0.840114 51.6718
    endloop
  endfacet
  facet normal -0.00438104 0.876207 0.481914
    outer loop
      vertex 3.3 3.53765 49.0967
      vertex 3.295 3.53735 49.0972
      vertex 3.3 3.53721 49.0975
    endloop
  endfacet
  facet normal 0 0.857493 0.514496
    outer loop
      vertex 3.295 3.53735 49.0972
      vertex 3.3 3.53765 49.0967
      vertex 3.295 3.53765 49.0967
    endloop
  endfacet
  facet normal -0.186928 0.224313 -0.956421
    outer loop
      vertex 2.405 2.89817 48.6702
      vertex 3.2949 2.22546 48.3385
      vertex 3.29484 2.22541 48.3385
    endloop
  endfacet
  facet normal 0.0550953 0.499252 -0.864704
    outer loop
      vertex 3.2949 2.22546 48.3385
      vertex 2.405 2.89817 48.6702
      vertex 2.405 2.90683 48.6752
    endloop
  endfacet
  facet normal 0.581914 0.727393 -0.363696
    outer loop
      vertex 3.3 2.22151 48.3365
      vertex 3.29995 2.2216 48.3366
      vertex 3.3 2.22156 48.3366
    endloop
  endfacet
  facet normal 0 0.743294 -0.668965
    outer loop
      vertex 3.3 2.22151 48.3365
      vertex 3.29988 2.2216 48.3366
      vertex 3.29995 2.2216 48.3366
    endloop
  endfacet
  facet normal 0.640184 -0 0.768221
    outer loop
      vertex 3.29988 2.2216 48.3366
      vertex 3.3 2.22151 48.3365
      vertex 3.29988 2.22161 48.3366
    endloop
  endfacet
  facet normal -0.366659 0.399991 -0.839981
    outer loop
      vertex 3.3 2.21773 48.3347
      vertex 3.29988 2.22161 48.3366
      vertex 3.3 2.22151 48.3365
    endloop
  endfacet
  facet normal 0 0.439791 -0.8981
    outer loop
      vertex 3.295 2.21773 48.3347
      vertex 3.29988 2.22161 48.3366
      vertex 3.3 2.21773 48.3347
    endloop
  endfacet
  facet normal 0 0.439791 -0.8981
    outer loop
      vertex 3.295 2.21773 48.3347
      vertex 3.28989 2.22161 48.3366
      vertex 3.29988 2.22161 48.3366
    endloop
  endfacet
  facet normal 0 0.442243 -0.896895
    outer loop
      vertex 3.28989 2.22161 48.3366
      vertex 2.395 2.89817 48.6702
      vertex 2.405 2.89817 48.6702
    endloop
  endfacet
  facet normal -0.496019 -0.245391 -0.832915
    outer loop
      vertex 2.395 2.89817 48.6702
      vertex 3.28989 2.22161 48.3366
      vertex 3.295 2.21773 48.3347
    endloop
  endfacet
  facet normal 0.00237328 0.444737 -0.895658
    outer loop
      vertex 3.29484 2.22541 48.3385
      vertex 3.28989 2.22161 48.3366
      vertex 2.405 2.89817 48.6702
    endloop
  endfacet
  facet normal 0 -0.500003 0.866023
    outer loop
      vertex 3.295 1.3362 51.9586
      vertex 3.3 0.839972 51.6721
      vertex 3.3 1.3362 51.9586
    endloop
  endfacet
  facet normal 0 -0.500003 0.866023
    outer loop
      vertex 3.295 1.3362 51.9586
      vertex 3.295 0.839972 51.6721
      vertex 3.3 0.839972 51.6721
    endloop
  endfacet
  facet normal -0.01932 -0.49991 0.865862
    outer loop
      vertex 3.295 1.3362 51.9586
      vertex 3.27801 0.840109 51.6718
      vertex 3.295 0.839972 51.6721
    endloop
  endfacet
  facet normal -0.0213151 -0.499839 0.865856
    outer loop
      vertex 3.27742 1.33643 51.9583
      vertex 3.27801 0.840109 51.6718
      vertex 3.295 1.3362 51.9586
    endloop
  endfacet
  facet normal -0.020872 -0.499843 0.865865
    outer loop
      vertex 3.27801 0.840109 51.6718
      vertex 3.27742 1.33643 51.9583
      vertex 2.395 1.10183 51.8016
    endloop
  endfacet
  facet normal -0.595598 -0.694864 -0.403021
    outer loop
      vertex 3.295 2.21744 48.3352
      vertex 3.29486 2.21756 48.3352
      vertex 3.295 2.21773 48.3347
    endloop
  endfacet
  facet normal -0.643405 -0.663033 -0.382645
    outer loop
      vertex 3.27742 2.19086 48.4108
      vertex 2.395 1.09317 51.7966
      vertex 3.28145 2.2008 48.3868
    endloop
  endfacet
  facet normal -0 -0.865031 -0.501718
    outer loop
      vertex 3.3 2.21773 48.3347
      vertex 3.295 2.21744 48.3352
      vertex 3.295 2.21773 48.3347
    endloop
  endfacet
  facet normal -0.0041122 -0.846629 -0.532167
    outer loop
      vertex 3.295 2.21744 48.3352
      vertex 3.3 2.21773 48.3347
      vertex 3.3 2.21729 48.3354
    endloop
  endfacet
  facet normal -0.554718 0.792454 0.253585
    outer loop
      vertex 3.295 2.22569 48.338
      vertex 3.2949 2.22546 48.3385
      vertex 3.295 2.22553 48.3385
    endloop
  endfacet
  facet normal -0.624524 0.749429 0.219832
    outer loop
      vertex 3.2949 2.22546 48.3385
      vertex 3.295 2.22569 48.338
      vertex 3.29484 2.22541 48.3385
    endloop
  endfacet
  facet normal -0.644417 0.736362 0.20615
    outer loop
      vertex 3.29484 2.22541 48.3385
      vertex 3.295 2.22569 48.338
      vertex 3.28989 2.22161 48.3366
    endloop
  endfacet
  facet normal -0.643769 0.738745 0.199541
    outer loop
      vertex 3.28988 2.2216 48.3366
      vertex 2.395 1.50727 48.0941
      vertex 3.28834 2.2178 48.3457
    endloop
  endfacet
  facet normal -0.303968 0.880164 0.364575
    outer loop
      vertex 3.27742 2.19086 48.4108
      vertex 2.395 0.572936 51.5811
      vertex 3.27742 0.840114 51.6718
    endloop
  endfacet
  facet normal 0 0 -1
    outer loop
      vertex 3.29988 2.22161 48.3366
      vertex 3.3 2.2217 48.3366
      vertex 3.29988 2.2216 48.3366
    endloop
  endfacet
  facet normal -0.240997 0.321329 -0.915788
    outer loop
      vertex 3.3 2.2217 48.3366
      vertex 3.29988 2.22161 48.3366
      vertex 3.3 2.22569 48.338
    endloop
  endfacet
  facet normal 0 0.324561 -0.945865
    outer loop
      vertex 3.29988 2.22161 48.3366
      vertex 3.295 2.22569 48.338
      vertex 3.3 2.22569 48.338
    endloop
  endfacet
  facet normal 0 0.324561 -0.945865
    outer loop
      vertex 3.295 2.22569 48.338
      vertex 3.29988 2.22161 48.3366
      vertex 3.28989 2.22161 48.3366
    endloop
  endfacet
  facet normal -0.00335783 0.325186 -0.945644
    outer loop
      vertex 2.405 1.50727 48.0941
      vertex 3.28988 2.2216 48.3366
      vertex 3.29484 2.21758 48.3352
    endloop
  endfacet
  facet normal 0 0.32146 -0.946923
    outer loop
      vertex 3.28988 2.2216 48.3366
      vertex 2.405 1.50727 48.0941
      vertex 2.395 1.50727 48.0941
    endloop
  endfacet
  facet normal -1 0 0
    outer loop
      vertex 2.395 1.49761 48.0915
      vertex 2.395 0.572936 51.5811
      vertex 2.395 1.50727 48.0941
    endloop
  endfacet
  facet normal -1 0 -0
    outer loop
      vertex 2.395 0.572936 51.5811
      vertex 2.395 1.49761 48.0915
      vertex 2.395 0.563278 51.5785
    endloop
  endfacet
  facet normal 0 0.259902 -0.965635
    outer loop
      vertex 2.395 1.49761 48.0915
      vertex 2.405 1.50727 48.0941
      vertex 2.405 1.49761 48.0915
    endloop
  endfacet
  facet normal 0 0.259902 -0.965635
    outer loop
      vertex 2.405 1.50727 48.0941
      vertex 2.395 1.49761 48.0915
      vertex 2.395 1.50727 48.0941
    endloop
  endfacet
  facet normal -0.643716 0.739191 0.198057
    outer loop
      vertex 2.395 1.50727 48.0941
      vertex 3.27742 2.19086 48.4108
      vertex 3.28145 2.2008 48.3868
    endloop
  endfacet
  facet normal -0.643702 0.739254 0.197864
    outer loop
      vertex 2.395 1.50727 48.0941
      vertex 3.28145 2.2008 48.3868
      vertex 3.28834 2.2178 48.3457
    endloop
  endfacet
  facet normal -0.643717 0.739188 0.198064
    outer loop
      vertex 3.27742 2.19086 48.4108
      vertex 2.395 1.50727 48.0941
      vertex 2.395 0.572936 51.5811
    endloop
  endfacet
  facet normal 0.0578588 0.258367 -0.964313
    outer loop
      vertex 3.295 0.762052 47.9452
      vertex 3.3 2.21729 48.3354
      vertex 3.3 0.762052 47.9455
    endloop
  endfacet
  facet normal 0.0463521 0.258559 -0.964883
    outer loop
      vertex 3.295 0.762052 47.9452
      vertex 3.295 2.21744 48.3352
      vertex 3.3 2.21729 48.3354
    endloop
  endfacet
  facet normal -0.0820808 0.100099 -0.991586
    outer loop
      vertex 2.405 1.50727 48.0941
      vertex 3.295 0.762052 47.9452
      vertex 3.2949 0.76197 47.9452
    endloop
  endfacet
  facet normal 0.0550454 0.258445 -0.964456
    outer loop
      vertex 3.295 0.762052 47.9452
      vertex 2.405 1.50727 48.0941
      vertex 3.295 2.21744 48.3352
    endloop
  endfacet
  facet normal 0.137144 0.160001 -0.977544
    outer loop
      vertex 3.295 2.21744 48.3352
      vertex 2.405 1.50727 48.0941
      vertex 3.29486 2.21756 48.3352
    endloop
  endfacet
  facet normal 0.147365 0.147365 -0.978043
    outer loop
      vertex 3.29486 2.21756 48.3352
      vertex 2.405 1.50727 48.0941
      vertex 3.29484 2.21758 48.3352
    endloop
  endfacet
  facet normal 0 0 -1
    outer loop
      vertex 3.3 0.757702 47.9443
      vertex 3.29995 0.757745 47.9443
      vertex 3.3 0.757745 47.9443
    endloop
  endfacet
  facet normal 0 0 -1
    outer loop
      vertex 3.29995 2.2216 48.3366
      vertex 3.3 2.2217 48.3366
      vertex 3.3 2.2216 48.3366
    endloop
  endfacet
  facet normal 0 0 -1
    outer loop
      vertex 3.3 2.2217 48.3366
      vertex 3.29995 2.2216 48.3366
      vertex 3.29988 2.2216 48.3366
    endloop
  endfacet
  facet normal -0.0205397 -0.259897 0.965418
    outer loop
      vertex 2.395 0.563278 51.5785
      vertex 3.27742 0.840114 51.6718
      vertex 2.395 0.572936 51.5811
    endloop
  endfacet
  facet normal -0.00264235 -0.311798 0.950145
    outer loop
      vertex 3.27742 0.840114 51.6718
      vertex 2.395 0.563278 51.5785
      vertex 3.27801 0.840109 51.6718
    endloop
  endfacet
  facet normal 0 -0.258814 0.965927
    outer loop
      vertex 3.295 0.839972 51.6721
      vertex 3.3 0.286497 51.5238
      vertex 3.3 0.839972 51.6721
    endloop
  endfacet
  facet normal 0 -0.258814 0.965927
    outer loop
      vertex 3.3 0.286497 51.5238
      vertex 3.295 0.839972 51.6721
      vertex 3.295 0.286497 51.5238
    endloop
  endfacet
  facet normal -0.0191393 -0.258766 0.96575
    outer loop
      vertex 3.27801 0.840109 51.6718
      vertex 3.295 0.286497 51.5238
      vertex 3.295 0.839972 51.6721
    endloop
  endfacet
  facet normal -0.0171974 -0.25872 0.965799
    outer loop
      vertex 3.27801 0.840109 51.6718
      vertex 3.27743 0.286545 51.5235
      vertex 3.295 0.286497 51.5238
    endloop
  endfacet
  facet normal -0.0209365 -0.258698 0.965731
    outer loop
      vertex 3.27743 0.286545 51.5235
      vertex 3.27801 0.840109 51.6718
      vertex 2.395 0.563278 51.5785
    endloop
  endfacet
  facet normal -0.643717 -0.739188 -0.198063
    outer loop
      vertex 2.395 1.49761 48.0915
      vertex 3.28145 0.750651 47.9982
      vertex 2.395 0.563278 51.5785
    endloop
  endfacet
  facet normal -0.643722 -0.739203 -0.197995
    outer loop
      vertex 3.28145 0.750651 47.9982
      vertex 2.395 1.49761 48.0915
      vertex 3.28988 0.757747 47.9443
    endloop
  endfacet
  facet normal -0.675921 -0.711496 -0.192104
    outer loop
      vertex 3.29484 0.753506 47.9441
      vertex 3.295 0.753516 47.9435
      vertex 3.29486 0.753487 47.9441
    endloop
  endfacet
  facet normal -0.643622 -0.742893 -0.184014
    outer loop
      vertex 3.295 0.753516 47.9435
      vertex 3.29484 0.753506 47.9441
      vertex 3.28989 0.757745 47.9443
    endloop
  endfacet
  facet normal -0.00312346 0.961065 0.276306
    outer loop
      vertex 3.3 2.22569 48.338
      vertex 3.295 2.22553 48.3385
      vertex 3.3 2.22546 48.3388
    endloop
  endfacet
  facet normal 0 0.952424 0.304776
    outer loop
      vertex 3.295 2.22553 48.3385
      vertex 3.3 2.22569 48.338
      vertex 3.295 2.22569 48.338
    endloop
  endfacet
  facet normal -0.0849975 0.0944416 -0.991895
    outer loop
      vertex 2.405 1.49761 48.0915
      vertex 3.2949 0.76197 47.9452
      vertex 3.29484 0.761916 47.9452
    endloop
  endfacet
  facet normal 0.0560101 0.259494 -0.964119
    outer loop
      vertex 3.2949 0.76197 47.9452
      vertex 2.405 1.49761 48.0915
      vertex 2.405 1.50727 48.0941
    endloop
  endfacet
  facet normal 0 0 -1
    outer loop
      vertex 3.3 0.757649 47.9443
      vertex 3.29995 0.757745 47.9443
      vertex 3.3 0.757702 47.9443
    endloop
  endfacet
  facet normal -0 -0 -1
    outer loop
      vertex 3.29995 0.757745 47.9443
      vertex 3.3 0.757649 47.9443
      vertex 3.29988 0.757746 47.9443
    endloop
  endfacet
  facet normal 0.00694551 0.203111 -0.979131
    outer loop
      vertex 3.28988 0.757747 47.9443
      vertex 2.405 1.49761 48.0915
      vertex 3.29484 0.761916 47.9452
    endloop
  endfacet
  facet normal 0 0.195131 -0.980777
    outer loop
      vertex 2.405 1.49761 48.0915
      vertex 3.28988 0.757747 47.9443
      vertex 2.395 1.49761 48.0915
    endloop
  endfacet
  facet normal 0.150302 0.187878 -0.970624
    outer loop
      vertex 3.29988 0.757745 47.9443
      vertex 3.3 0.757649 47.9443
      vertex 3.3 0.753516 47.9435
    endloop
  endfacet
  facet normal 0 0 -1
    outer loop
      vertex 3.3 0.757649 47.9443
      vertex 3.29988 0.757745 47.9443
      vertex 3.29988 0.757746 47.9443
    endloop
  endfacet
  facet normal 0 0.185873 -0.982574
    outer loop
      vertex 3.295 0.753516 47.9435
      vertex 3.29988 0.757745 47.9443
      vertex 3.3 0.753516 47.9435
    endloop
  endfacet
  facet normal 0 0.185873 -0.982574
    outer loop
      vertex 3.29988 0.757745 47.9443
      vertex 3.295 0.753516 47.9435
      vertex 3.28989 0.757745 47.9443
    endloop
  endfacet
  facet normal -0.30396 -0.944535 -0.124349
    outer loop
      vertex 2.395 0.563278 51.5785
      vertex 3.27742 0.747262 48.024
      vertex 3.27742 0.286548 51.5235
    endloop
  endfacet
  facet normal -0.281268 -0.937559 0.204626
    outer loop
      vertex 2.395 0.563278 51.5785
      vertex 3.27742 0.286548 51.5235
      vertex 3.27743 0.286545 51.5235
    endloop
  endfacet
  facet normal -0.97054 0 -0.240941
    outer loop
      vertex 2.395 0.563278 51.5785
      vertex 3.27742 0.747263 48.024
      vertex 3.27742 0.747262 48.024
    endloop
  endfacet
  facet normal -0.641003 -0.741687 -0.197522
    outer loop
      vertex 3.27742 0.747263 48.024
      vertex 2.395 0.563278 51.5785
      vertex 3.28145 0.750651 47.9982
    endloop
  endfacet
  facet normal -0.651276 -0.735311 -0.187504
    outer loop
      vertex 3.295 0.753363 47.9441
      vertex 3.29486 0.753487 47.9441
      vertex 3.295 0.753516 47.9435
    endloop
  endfacet
  facet normal -0 -0.968992 -0.247093
    outer loop
      vertex 3.3 0.753516 47.9435
      vertex 3.295 0.753363 47.9441
      vertex 3.295 0.753516 47.9435
    endloop
  endfacet
  facet normal -0.00331896 -0.962016 -0.272972
    outer loop
      vertex 3.295 0.753363 47.9441
      vertex 3.3 0.753516 47.9435
      vertex 3.3 0.753289 47.9443
    endloop
  endfacet
  facet normal 0 0 -1
    outer loop
      vertex 2.395 -0.00499916 47.895
      vertex 2.405 0.00499916 47.895
      vertex 2.405 -0.00499916 47.895
    endloop
  endfacet
  facet normal -0 0 -1
    outer loop
      vertex 2.405 0.00499916 47.895
      vertex 2.395 -0.00499916 47.895
      vertex 2.395 0.00499916 47.895
    endloop
  endfacet
  facet normal -0.303973 0.94453 0.124349
    outer loop
      vertex 3.27742 0.747262 48.024
      vertex 2.395 0.00499916 51.505
      vertex 3.27742 0.286548 51.5235
    endloop
  endfacet
  facet normal 0.96934 0 0.245724
    outer loop
      vertex 2.395 0.00499916 51.505
      vertex 3.27742 0.747262 48.024
      vertex 3.27742 0.747263 48.024
    endloop
  endfacet
  facet normal -0.63408 0.773268 0
    outer loop
      vertex 3.295 0.762052 47.9446
      vertex 3.2949 0.76197 47.9452
      vertex 3.295 0.762052 47.9452
    endloop
  endfacet
  facet normal -0.668932 0.743258 -0.0099101
    outer loop
      vertex 3.2949 0.76197 47.9452
      vertex 3.295 0.762052 47.9446
      vertex 3.29484 0.761916 47.9452
    endloop
  endfacet
  facet normal -0.643622 0.765341 0.00184467
    outer loop
      vertex 3.29484 0.761916 47.9452
      vertex 3.295 0.762052 47.9446
      vertex 3.28988 0.757747 47.9443
    endloop
  endfacet
  facet normal -0.643711 0.765268 -5.53524e-05
    outer loop
      vertex 2.395 0.00499916 47.895
      vertex 3.27742 0.747263 48.024
      vertex 3.28145 0.750651 47.9982
    endloop
  endfacet
  facet normal -0.64372 0.765261 6.92781e-05
    outer loop
      vertex 2.395 0.00499916 47.895
      vertex 3.28145 0.750651 47.9982
      vertex 3.28988 0.757747 47.9443
    endloop
  endfacet
  facet normal -0.643716 0.765264 0
    outer loop
      vertex 3.27742 0.747263 48.024
      vertex 2.395 0.00499916 47.895
      vertex 2.395 0.00499916 51.505
    endloop
  endfacet
  facet normal 0.644298 -0.760952 -0.0763674
    outer loop
      vertex 3.28988 0.757747 47.9443
      vertex 3.295 0.762052 47.9446
      vertex 2.395 0.00499916 47.895
    endloop
  endfacet
  facet normal -0.643716 -0.765264 0
    outer loop
      vertex 2.395 -0.00499916 47.895
      vertex 3.27742 -0.747263 48.024
      vertex 2.395 -0.00499916 51.505
    endloop
  endfacet
  facet normal -0.643711 -0.765268 -5.53524e-05
    outer loop
      vertex 3.27742 -0.747263 48.024
      vertex 2.395 -0.00499916 47.895
      vertex 3.28145 -0.750651 47.9982
    endloop
  endfacet
  facet normal -0.64372 -0.765261 6.92781e-05
    outer loop
      vertex 3.28145 -0.750651 47.9982
      vertex 2.395 -0.00499916 47.895
      vertex 3.28988 -0.757747 47.9443
    endloop
  endfacet
  facet normal -0.668932 -0.743258 -0.0099101
    outer loop
      vertex 3.295 -0.762052 47.9446
      vertex 3.2949 -0.76197 47.9452
      vertex 3.29484 -0.761916 47.9452
    endloop
  endfacet
  facet normal -0.63408 -0.773268 0
    outer loop
      vertex 3.2949 -0.76197 47.9452
      vertex 3.295 -0.762052 47.9446
      vertex 3.295 -0.762052 47.9452
    endloop
  endfacet
  facet normal -0.643622 -0.765341 0.00184467
    outer loop
      vertex 3.295 -0.762052 47.9446
      vertex 3.29484 -0.761916 47.9452
      vertex 3.28988 -0.757747 47.9443
    endloop
  endfacet
  facet normal 0.644298 0.760952 -0.0763674
    outer loop
      vertex 3.28988 -0.757747 47.9443
      vertex 2.395 -0.00499916 47.895
      vertex 3.295 -0.762052 47.9446
    endloop
  endfacet
  facet normal -0.0170721 0 0.999854
    outer loop
      vertex 3.27743 0.286545 51.5235
      vertex 3.295 -0.286497 51.5238
      vertex 3.295 0.286497 51.5238
    endloop
  endfacet
  facet normal -0.0170721 0 0.999854
    outer loop
      vertex 3.27743 0.286545 51.5235
      vertex 3.27743 -0.286545 51.5235
      vertex 3.295 -0.286497 51.5238
    endloop
  endfacet
  facet normal 0 0 1
    outer loop
      vertex 3.27742 0.286548 51.5235
      vertex 3.27743 -0.286545 51.5235
      vertex 3.27743 0.286545 51.5235
    endloop
  endfacet
  facet normal 0 0 1
    outer loop
      vertex 3.27742 0.286548 51.5235
      vertex 3.27742 -0.286548 51.5235
      vertex 3.27743 -0.286545 51.5235
    endloop
  endfacet
  facet normal -0.0209605 0 0.99978
    outer loop
      vertex 2.395 0.00499916 51.505
      vertex 3.27742 -0.286548 51.5235
      vertex 3.27742 0.286548 51.5235
    endloop
  endfacet
  facet normal -0.0209605 0 0.99978
    outer loop
      vertex 3.27742 -0.286548 51.5235
      vertex 2.395 0.00499916 51.505
      vertex 2.395 -0.00499916 51.505
    endloop
  endfacet
  facet normal 0.00780236 0.0562159 -0.998388
    outer loop
      vertex 3.29484 0.753506 47.9441
      vertex 2.405 0.00499916 47.895
      vertex 3.28989 0.757745 47.9443
    endloop
  endfacet
  facet normal -0.0597741 0.0710187 -0.995682
    outer loop
      vertex 3.29988 0.757745 47.9443
      vertex 3.3 0.762052 47.9446
      vertex 3.3 0.757846 47.9443
    endloop
  endfacet
  facet normal 0 0.0694857 -0.997583
    outer loop
      vertex 3.29988 0.757745 47.9443
      vertex 3.295 0.762052 47.9446
      vertex 3.3 0.762052 47.9446
    endloop
  endfacet
  facet normal 0 0.0694857 -0.997583
    outer loop
      vertex 3.28989 0.757745 47.9443
      vertex 3.295 0.762052 47.9446
      vertex 3.29988 0.757745 47.9443
    endloop
  endfacet
  facet normal -0.593882 0.728404 -0.341659
    outer loop
      vertex 3.28989 0.757745 47.9443
      vertex 2.395 0.00499916 47.895
      vertex 3.295 0.762052 47.9446
    endloop
  endfacet
  facet normal 0 0.0653535 -0.997862
    outer loop
      vertex 2.395 0.00499916 47.895
      vertex 3.28989 0.757745 47.9443
      vertex 2.405 0.00499916 47.895
    endloop
  endfacet
  facet normal -1 0 0
    outer loop
      vertex 2.395 -0.00499916 47.895
      vertex 2.395 0.00499916 51.505
      vertex 2.395 0.00499916 47.895
    endloop
  endfacet
  facet normal -1 -0 0
    outer loop
      vertex 2.395 0.00499916 51.505
      vertex 2.395 -0.00499916 47.895
      vertex 2.395 -0.00499916 51.505
    endloop
  endfacet
  facet normal -0 0 1
    outer loop
      vertex 3.295 0.286497 51.5238
      vertex 3.3 -0.286497 51.5238
      vertex 3.3 0.286497 51.5238
    endloop
  endfacet
  facet normal 0 0 1
    outer loop
      vertex 3.295 0.286497 51.5238
      vertex 3.295 -0.286497 51.5238
      vertex 3.3 -0.286497 51.5238
    endloop
  endfacet
  facet normal 0 1 -0
    outer loop
      vertex 3.3 0.762052 47.9446
      vertex 3.295 0.762052 47.9452
      vertex 3.3 0.762052 47.9455
    endloop
  endfacet
  facet normal 0 1 0
    outer loop
      vertex 3.295 0.762052 47.9452
      vertex 3.3 0.762052 47.9446
      vertex 3.295 0.762052 47.9446
    endloop
  endfacet
  facet normal -0.303973 -0.94453 0.124349
    outer loop
      vertex 2.395 -0.00499916 51.505
      vertex 3.27742 -0.747262 48.024
      vertex 3.27742 -0.286548 51.5235
    endloop
  endfacet
  facet normal 0.96934 0 0.245724
    outer loop
      vertex 3.27742 -0.747262 48.024
      vertex 2.395 -0.00499916 51.505
      vertex 3.27742 -0.747263 48.024
    endloop
  endfacet
  facet normal 0.039968 0 -0.999201
    outer loop
      vertex 3.295 -0.753363 47.9441
      vertex 3.3 0.753289 47.9443
      vertex 3.3 -0.753289 47.9443
    endloop
  endfacet
  facet normal 0.039968 0 -0.999201
    outer loop
      vertex 3.295 -0.753363 47.9441
      vertex 3.295 0.753363 47.9441
      vertex 3.3 0.753289 47.9443
    endloop
  endfacet
  facet normal 0.0282752 -0.0319236 -0.99909
    outer loop
      vertex 2.405 -0.00499916 47.895
      vertex 3.295 -0.753363 47.9441
      vertex 3.29486 -0.753487 47.9441
    endloop
  endfacet
  facet normal 0.0550848 0 -0.998482
    outer loop
      vertex 3.295 -0.753363 47.9441
      vertex 2.405 -0.00499916 47.895
      vertex 3.295 0.753363 47.9441
    endloop
  endfacet
  facet normal 0.0292391 -0.030778 -0.999098
    outer loop
      vertex 2.405 -0.00499916 47.895
      vertex 3.29486 -0.753487 47.9441
      vertex 3.29484 -0.753506 47.9441
    endloop
  endfacet
  facet normal 0.0550848 0 -0.998482
    outer loop
      vertex 2.405 0.00499916 47.895
      vertex 3.295 0.753363 47.9441
      vertex 2.405 -0.00499916 47.895
    endloop
  endfacet
  facet normal 0.0282752 0.0319236 -0.99909
    outer loop
      vertex 3.295 0.753363 47.9441
      vertex 2.405 0.00499916 47.895
      vertex 3.29486 0.753487 47.9441
    endloop
  endfacet
  facet normal 0.0292391 0.030778 -0.999098
    outer loop
      vertex 3.29486 0.753487 47.9441
      vertex 2.405 0.00499916 47.895
      vertex 3.29484 0.753506 47.9441
    endloop
  endfacet
  facet normal 0 0 -1
    outer loop
      vertex 3.3 -0.757846 47.9443
      vertex 3.29995 -0.757745 47.9443
      vertex 3.3 -0.757745 47.9443
    endloop
  endfacet
  facet normal 0 0 -1
    outer loop
      vertex 3.3 -0.757846 47.9443
      vertex 3.29988 -0.757746 47.9443
      vertex 3.29995 -0.757745 47.9443
    endloop
  endfacet
  facet normal -0 0 1
    outer loop
      vertex 3.29988 -0.757746 47.9443
      vertex 3.3 -0.757846 47.9443
      vertex 3.29988 -0.757745 47.9443
    endloop
  endfacet
  facet normal 0 0 -1
    outer loop
      vertex 3.29995 0.757745 47.9443
      vertex 3.3 0.757846 47.9443
      vertex 3.3 0.757745 47.9443
    endloop
  endfacet
  facet normal 0 0 -1
    outer loop
      vertex 3.29988 0.757746 47.9443
      vertex 3.3 0.757846 47.9443
      vertex 3.29995 0.757745 47.9443
    endloop
  endfacet
  facet normal 0 0 1
    outer loop
      vertex 3.3 0.757846 47.9443
      vertex 3.29988 0.757746 47.9443
      vertex 3.29988 0.757745 47.9443
    endloop
  endfacet
  facet normal -0.0597741 -0.0710187 -0.995682
    outer loop
      vertex 3.3 -0.762052 47.9446
      vertex 3.29988 -0.757745 47.9443
      vertex 3.3 -0.757846 47.9443
    endloop
  endfacet
  facet normal 0 -0.0694857 -0.997583
    outer loop
      vertex 3.295 -0.762052 47.9446
      vertex 3.29988 -0.757745 47.9443
      vertex 3.3 -0.762052 47.9446
    endloop
  endfacet
  facet normal 0 -0.0694857 -0.997583
    outer loop
      vertex 3.295 -0.762052 47.9446
      vertex 3.28989 -0.757745 47.9443
      vertex 3.29988 -0.757745 47.9443
    endloop
  endfacet
  facet normal 0 -0.0653535 -0.997862
    outer loop
      vertex 3.28989 -0.757745 47.9443
      vertex 2.395 -0.00499916 47.895
      vertex 2.405 -0.00499916 47.895
    endloop
  endfacet
  facet normal -0.593882 -0.728404 -0.341659
    outer loop
      vertex 2.395 -0.00499916 47.895
      vertex 3.28989 -0.757745 47.9443
      vertex 3.295 -0.762052 47.9446
    endloop
  endfacet
  facet normal 0.00780236 -0.0562159 -0.998388
    outer loop
      vertex 3.29484 -0.753506 47.9441
      vertex 3.28989 -0.757745 47.9443
      vertex 2.405 -0.00499916 47.895
    endloop
  endfacet
  facet normal 0 -1 0
    outer loop
      vertex 3.3 -0.762052 47.9446
      vertex 3.295 -0.762052 47.9452
      vertex 3.295 -0.762052 47.9446
    endloop
  endfacet
  facet normal 0 -1 0
    outer loop
      vertex 3.295 -0.762052 47.9452
      vertex 3.3 -0.762052 47.9446
      vertex 3.3 -0.762052 47.9455
    endloop
  endfacet
  facet normal -0.97054 0 -0.240941
    outer loop
      vertex 3.27742 -0.747263 48.024
      vertex 2.395 -0.563278 51.5785
      vertex 3.27742 -0.747262 48.024
    endloop
  endfacet
  facet normal -0.641003 0.741687 -0.197522
    outer loop
      vertex 2.395 -0.563278 51.5785
      vertex 3.27742 -0.747263 48.024
      vertex 3.28145 -0.750651 47.9982
    endloop
  endfacet
  facet normal -0.651276 0.735311 -0.187504
    outer loop
      vertex 3.295 -0.753516 47.9435
      vertex 3.29486 -0.753487 47.9441
      vertex 3.295 -0.753363 47.9441
    endloop
  endfacet
  facet normal -0.281268 0.937559 0.204626
    outer loop
      vertex 3.27742 -0.286548 51.5235
      vertex 2.395 -0.563278 51.5785
      vertex 3.27743 -0.286545 51.5235
    endloop
  endfacet
  facet normal -0.30396 0.944535 -0.124349
    outer loop
      vertex 2.395 -0.563278 51.5785
      vertex 3.27742 -0.286548 51.5235
      vertex 3.27742 -0.747262 48.024
    endloop
  endfacet
  facet normal -0.643769 -0.738745 0.199541
    outer loop
      vertex 3.28834 -2.2178 48.3457
      vertex 2.395 -1.50727 48.0941
      vertex 3.28988 -2.2216 48.3366
    endloop
  endfacet
  facet normal -0.624524 -0.749429 0.219832
    outer loop
      vertex 3.295 -2.22569 48.338
      vertex 3.2949 -2.22546 48.3385
      vertex 3.29484 -2.22541 48.3385
    endloop
  endfacet
  facet normal -0.554718 -0.792454 0.253585
    outer loop
      vertex 3.2949 -2.22546 48.3385
      vertex 3.295 -2.22569 48.338
      vertex 3.295 -2.22553 48.3385
    endloop
  endfacet
  facet normal -0.644417 -0.736362 0.20615
    outer loop
      vertex 3.295 -2.22569 48.338
      vertex 3.29484 -2.22541 48.3385
      vertex 3.28989 -2.22161 48.3366
    endloop
  endfacet
  facet normal -0.00264235 0.311798 0.950145
    outer loop
      vertex 2.395 -0.563278 51.5785
      vertex 3.27742 -0.840114 51.6718
      vertex 3.27801 -0.840109 51.6718
    endloop
  endfacet
  facet normal -0.0205397 0.259897 0.965418
    outer loop
      vertex 3.27742 -0.840114 51.6718
      vertex 2.395 -0.563278 51.5785
      vertex 2.395 -0.572936 51.5811
    endloop
  endfacet
  facet normal -1 0 0
    outer loop
      vertex 2.395 -1.49761 48.0915
      vertex 2.395 -0.572936 51.5811
      vertex 2.395 -0.563278 51.5785
    endloop
  endfacet
  facet normal -1 0 0
    outer loop
      vertex 2.395 -0.572936 51.5811
      vertex 2.395 -1.49761 48.0915
      vertex 2.395 -1.50727 48.0941
    endloop
  endfacet
  facet normal 0.0560101 -0.259494 -0.964119
    outer loop
      vertex 2.405 -1.49761 48.0915
      vertex 3.2949 -0.76197 47.9452
      vertex 2.405 -1.50727 48.0941
    endloop
  endfacet
  facet normal -0.0849975 -0.0944416 -0.991895
    outer loop
      vertex 3.2949 -0.76197 47.9452
      vertex 2.405 -1.49761 48.0915
      vertex 3.29484 -0.761916 47.9452
    endloop
  endfacet
  facet normal 0 0 -1
    outer loop
      vertex 3.29995 -0.757745 47.9443
      vertex 3.3 -0.757649 47.9443
      vertex 3.3 -0.757702 47.9443
    endloop
  endfacet
  facet normal 0 0 -1
    outer loop
      vertex 3.3 -0.757649 47.9443
      vertex 3.29995 -0.757745 47.9443
      vertex 3.29988 -0.757746 47.9443
    endloop
  endfacet
  facet normal -0.643717 0.739188 -0.198063
    outer loop
      vertex 3.28145 -0.750651 47.9982
      vertex 2.395 -1.49761 48.0915
      vertex 2.395 -0.563278 51.5785
    endloop
  endfacet
  facet normal -0.643722 0.739203 -0.197995
    outer loop
      vertex 2.395 -1.49761 48.0915
      vertex 3.28145 -0.750651 47.9982
      vertex 3.28988 -0.757747 47.9443
    endloop
  endfacet
  facet normal -0.675921 0.711496 -0.192104
    outer loop
      vertex 3.29486 -0.753487 47.9441
      vertex 3.295 -0.753516 47.9435
      vertex 3.29484 -0.753506 47.9441
    endloop
  endfacet
  facet normal -0.643622 0.742893 -0.184014
    outer loop
      vertex 3.28989 -0.757745 47.9443
      vertex 3.29484 -0.753506 47.9441
      vertex 3.295 -0.753516 47.9435
    endloop
  endfacet
  facet normal 0.00694551 -0.203111 -0.979131
    outer loop
      vertex 2.405 -1.49761 48.0915
      vertex 3.28988 -0.757747 47.9443
      vertex 3.29484 -0.761916 47.9452
    endloop
  endfacet
  facet normal 0 -0.195131 -0.980777
    outer loop
      vertex 3.28988 -0.757747 47.9443
      vertex 2.405 -1.49761 48.0915
      vertex 2.395 -1.49761 48.0915
    endloop
  endfacet
  facet normal 0 0 -1
    outer loop
      vertex 3.29988 -0.757745 47.9443
      vertex 3.3 -0.757649 47.9443
      vertex 3.29988 -0.757746 47.9443
    endloop
  endfacet
  facet normal 0.150302 -0.187878 -0.970624
    outer loop
      vertex 3.3 -0.757649 47.9443
      vertex 3.29988 -0.757745 47.9443
      vertex 3.3 -0.753516 47.9435
    endloop
  endfacet
  facet normal 0 -0.185873 -0.982574
    outer loop
      vertex 3.29988 -0.757745 47.9443
      vertex 3.295 -0.753516 47.9435
      vertex 3.3 -0.753516 47.9435
    endloop
  endfacet
  facet normal 0 -0.185873 -0.982574
    outer loop
      vertex 3.295 -0.753516 47.9435
      vertex 3.29988 -0.757745 47.9443
      vertex 3.28989 -0.757745 47.9443
    endloop
  endfacet
  facet normal 0 0 -1
    outer loop
      vertex 3.3 -0.757745 47.9443
      vertex 3.29995 -0.757745 47.9443
      vertex 3.3 -0.757702 47.9443
    endloop
  endfacet
  facet normal 0 0 -1
    outer loop
      vertex 3.3 -2.2217 48.3366
      vertex 3.29995 -2.2216 48.3366
      vertex 3.3 -2.2216 48.3366
    endloop
  endfacet
  facet normal -0 -0 -1
    outer loop
      vertex 3.29995 -2.2216 48.3366
      vertex 3.3 -2.2217 48.3366
      vertex 3.29988 -2.2216 48.3366
    endloop
  endfacet
  facet normal 0.0463521 -0.258559 -0.964883
    outer loop
      vertex 3.295 -0.762052 47.9452
      vertex 3.3 -2.21729 48.3354
      vertex 3.295 -2.21744 48.3352
    endloop
  endfacet
  facet normal 0.0578588 -0.258367 -0.964313
    outer loop
      vertex 3.3 -2.21729 48.3354
      vertex 3.295 -0.762052 47.9452
      vertex 3.3 -0.762052 47.9455
    endloop
  endfacet
  facet normal 0.0550454 -0.258445 -0.964456
    outer loop
      vertex 2.405 -1.50727 48.0941
      vertex 3.295 -0.762052 47.9452
      vertex 3.295 -2.21744 48.3352
    endloop
  endfacet
  facet normal 0.137144 -0.160001 -0.977544
    outer loop
      vertex 2.405 -1.50727 48.0941
      vertex 3.295 -2.21744 48.3352
      vertex 3.29486 -2.21756 48.3352
    endloop
  endfacet
  facet normal 0.147365 -0.147365 -0.978043
    outer loop
      vertex 2.405 -1.50727 48.0941
      vertex 3.29486 -2.21756 48.3352
      vertex 3.29484 -2.21758 48.3352
    endloop
  endfacet
  facet normal -0.0820808 -0.100099 -0.991586
    outer loop
      vertex 3.295 -0.762052 47.9452
      vertex 2.405 -1.50727 48.0941
      vertex 3.2949 -0.76197 47.9452
    endloop
  endfacet
  facet normal -0.00331896 0.962016 -0.272972
    outer loop
      vertex 3.3 -0.753516 47.9435
      vertex 3.295 -0.753363 47.9441
      vertex 3.3 -0.753289 47.9443
    endloop
  endfacet
  facet normal 0 0.968992 -0.247093
    outer loop
      vertex 3.295 -0.753363 47.9441
      vertex 3.3 -0.753516 47.9435
      vertex 3.295 -0.753516 47.9435
    endloop
  endfacet
  facet normal 0 -0.259902 -0.965635
    outer loop
      vertex 2.395 -1.50727 48.0941
      vertex 2.405 -1.49761 48.0915
      vertex 2.405 -1.50727 48.0941
    endloop
  endfacet
  facet normal -0 -0.259902 -0.965635
    outer loop
      vertex 2.405 -1.49761 48.0915
      vertex 2.395 -1.50727 48.0941
      vertex 2.395 -1.49761 48.0915
    endloop
  endfacet
  facet normal -0.643717 -0.739188 0.198064
    outer loop
      vertex 2.395 -1.50727 48.0941
      vertex 3.27742 -2.19086 48.4108
      vertex 2.395 -0.572936 51.5811
    endloop
  endfacet
  facet normal -0.643716 -0.739191 0.198057
    outer loop
      vertex 3.27742 -2.19086 48.4108
      vertex 2.395 -1.50727 48.0941
      vertex 3.28145 -2.2008 48.3868
    endloop
  endfacet
  facet normal -0.643702 -0.739254 0.197864
    outer loop
      vertex 3.28145 -2.2008 48.3868
      vertex 2.395 -1.50727 48.0941
      vertex 3.28834 -2.2178 48.3457
    endloop
  endfacet
  facet normal -0.303968 -0.880164 0.364575
    outer loop
      vertex 3.27742 -0.840114 51.6718
      vertex 2.395 -0.572936 51.5811
      vertex 3.27742 -2.19086 48.4108
    endloop
  endfacet
  facet normal -0.240997 -0.321329 -0.915788
    outer loop
      vertex 3.29988 -2.22161 48.3366
      vertex 3.3 -2.2217 48.3366
      vertex 3.3 -2.22569 48.338
    endloop
  endfacet
  facet normal 0 0 -1
    outer loop
      vertex 3.3 -2.2217 48.3366
      vertex 3.29988 -2.22161 48.3366
      vertex 3.29988 -2.2216 48.3366
    endloop
  endfacet
  facet normal 0 -0.324561 -0.945865
    outer loop
      vertex 3.295 -2.22569 48.338
      vertex 3.29988 -2.22161 48.3366
      vertex 3.3 -2.22569 48.338
    endloop
  endfacet
  facet normal -0 -0.324561 -0.945865
    outer loop
      vertex 3.29988 -2.22161 48.3366
      vertex 3.295 -2.22569 48.338
      vertex 3.28989 -2.22161 48.3366
    endloop
  endfacet
  facet normal -0.00335783 -0.325186 -0.945644
    outer loop
      vertex 3.28988 -2.2216 48.3366
      vertex 2.405 -1.50727 48.0941
      vertex 3.29484 -2.21758 48.3352
    endloop
  endfacet
  facet normal -0 -0.32146 -0.946923
    outer loop
      vertex 2.405 -1.50727 48.0941
      vertex 3.28988 -2.2216 48.3366
      vertex 2.395 -1.50727 48.0941
    endloop
  endfacet
  facet normal -0 0.258814 0.965927
    outer loop
      vertex 3.295 -0.286497 51.5238
      vertex 3.3 -0.839972 51.6721
      vertex 3.3 -0.286497 51.5238
    endloop
  endfacet
  facet normal 0 0.258814 0.965927
    outer loop
      vertex 3.3 -0.839972 51.6721
      vertex 3.295 -0.286497 51.5238
      vertex 3.295 -0.839972 51.6721
    endloop
  endfacet
  facet normal -0.0191393 0.258766 0.96575
    outer loop
      vertex 3.295 -0.286497 51.5238
      vertex 3.27801 -0.840109 51.6718
      vertex 3.295 -0.839972 51.6721
    endloop
  endfacet
  facet normal -0.0171974 0.25872 0.965799
    outer loop
      vertex 3.27743 -0.286545 51.5235
      vertex 3.27801 -0.840109 51.6718
      vertex 3.295 -0.286497 51.5238
    endloop
  endfacet
  facet normal -0.0209365 0.258698 0.965731
    outer loop
      vertex 3.27801 -0.840109 51.6718
      vertex 3.27743 -0.286545 51.5235
      vertex 2.395 -0.563278 51.5785
    endloop
  endfacet
  facet normal 0 -0.952424 0.304776
    outer loop
      vertex 3.3 -2.22569 48.338
      vertex 3.295 -2.22553 48.3385
      vertex 3.295 -2.22569 48.338
    endloop
  endfacet
  facet normal -0.00312346 -0.961065 0.276306
    outer loop
      vertex 3.295 -2.22553 48.3385
      vertex 3.3 -2.22569 48.338
      vertex 3.3 -2.22546 48.3388
    endloop
  endfacet
  facet normal -0.643405 0.663033 -0.382645
    outer loop
      vertex 3.28145 -2.2008 48.3868
      vertex 2.395 -1.09317 51.7966
      vertex 3.27742 -2.19086 48.4108
    endloop
  endfacet
  facet normal -0.595598 0.694864 -0.403021
    outer loop
      vertex 3.295 -2.21773 48.3347
      vertex 3.29486 -2.21756 48.3352
      vertex 3.295 -2.21744 48.3352
    endloop
  endfacet
  facet normal -0.30397 0.880163 -0.364574
    outer loop
      vertex 3.27742 -2.19086 48.4108
      vertex 2.395 -1.09317 51.7966
      vertex 3.27742 -0.840114 51.6718
    endloop
  endfacet
  facet normal -0.643681 -0.663326 0.381673
    outer loop
      vertex 3.28834 -3.52802 49.1022
      vertex 2.395 -2.90683 48.6752
      vertex 3.28988 -3.53406 49.0943
    endloop
  endfacet
  facet normal -0.650945 -0.650945 0.390567
    outer loop
      vertex 3.29484 -3.53725 49.0971
      vertex 3.295 -3.53765 49.0967
      vertex 3.295 -3.53735 49.0972
    endloop
  endfacet
  facet normal -0.645081 -0.653697 0.395664
    outer loop
      vertex 3.295 -3.53765 49.0967
      vertex 3.29484 -3.53725 49.0971
      vertex 3.28989 -3.53406 49.0943
    endloop
  endfacet
  facet normal -0 0.500003 0.866023
    outer loop
      vertex 3.295 -0.839972 51.6721
      vertex 3.3 -1.3362 51.9586
      vertex 3.3 -0.839972 51.6721
    endloop
  endfacet
  facet normal 0 0.500003 0.866023
    outer loop
      vertex 3.295 -0.839972 51.6721
      vertex 3.295 -1.3362 51.9586
      vertex 3.3 -1.3362 51.9586
    endloop
  endfacet
  facet normal -1 0 0
    outer loop
      vertex 2.395 -2.89817 48.6702
      vertex 2.395 -1.10183 51.8016
      vertex 2.395 -1.09317 51.7966
    endloop
  endfacet
  facet normal -1 0 0
    outer loop
      vertex 2.395 -1.10183 51.8016
      vertex 2.395 -2.89817 48.6702
      vertex 2.395 -2.90683 48.6752
    endloop
  endfacet
  facet normal 0.0550953 -0.499252 -0.864704
    outer loop
      vertex 2.405 -2.89817 48.6702
      vertex 3.2949 -2.22546 48.3385
      vertex 2.405 -2.90683 48.6752
    endloop
  endfacet
  facet normal -0.186928 -0.224313 -0.956421
    outer loop
      vertex 3.2949 -2.22546 48.3385
      vertex 2.405 -2.89817 48.6702
      vertex 3.29484 -2.22541 48.3385
    endloop
  endfacet
  facet normal 0.581914 -0.727393 -0.363696
    outer loop
      vertex 3.29995 -2.2216 48.3366
      vertex 3.3 -2.22151 48.3365
      vertex 3.3 -2.22156 48.3366
    endloop
  endfacet
  facet normal 0 -0.743294 -0.668965
    outer loop
      vertex 3.29988 -2.2216 48.3366
      vertex 3.3 -2.22151 48.3365
      vertex 3.29995 -2.2216 48.3366
    endloop
  endfacet
  facet normal 0.640184 0 0.768221
    outer loop
      vertex 3.3 -2.22151 48.3365
      vertex 3.29988 -2.2216 48.3366
      vertex 3.29988 -2.22161 48.3366
    endloop
  endfacet
  facet normal -0.303932 -0.755815 0.579973
    outer loop
      vertex 2.395 -1.10183 51.8016
      vertex 3.27742 -3.48516 49.1581
      vertex 3.27742 -1.33643 51.9583
    endloop
  endfacet
  facet normal -0.64371 0.662746 -0.38263
    outer loop
      vertex 3.28145 -2.2008 48.3868
      vertex 2.395 -2.89817 48.6702
      vertex 2.395 -1.09317 51.7966
    endloop
  endfacet
  facet normal -0.643746 0.662989 -0.382147
    outer loop
      vertex 3.28834 -2.2178 48.3457
      vertex 2.395 -2.89817 48.6702
      vertex 3.28145 -2.2008 48.3868
    endloop
  endfacet
  facet normal -0.643614 0.661402 -0.385109
    outer loop
      vertex 2.395 -2.89817 48.6702
      vertex 3.28834 -2.2178 48.3457
      vertex 3.28988 -2.2216 48.3366
    endloop
  endfacet
  facet normal -0.642406 0.652824 -0.401417
    outer loop
      vertex 3.29484 -2.21758 48.3352
      vertex 3.295 -2.21773 48.3347
      vertex 3.28988 -2.2216 48.3366
    endloop
  endfacet
  facet normal -0.647605 0.647605 -0.401515
    outer loop
      vertex 3.295 -2.21773 48.3347
      vertex 3.29484 -2.21758 48.3352
      vertex 3.29486 -2.21756 48.3352
    endloop
  endfacet
  facet normal 0.579354 -0.810198 -0.0890383
    outer loop
      vertex 3.28988 -2.2216 48.3366
      vertex 3.295 -2.21773 48.3347
      vertex 2.395 -2.89817 48.6702
    endloop
  endfacet
  facet normal 0.00237328 -0.444737 -0.895658
    outer loop
      vertex 3.29484 -2.22541 48.3385
      vertex 2.405 -2.89817 48.6702
      vertex 3.28989 -2.22161 48.3366
    endloop
  endfacet
  facet normal -0.366659 -0.399991 -0.839981
    outer loop
      vertex 3.29988 -2.22161 48.3366
      vertex 3.3 -2.21773 48.3347
      vertex 3.3 -2.22151 48.3365
    endloop
  endfacet
  facet normal 0 -0.439791 -0.8981
    outer loop
      vertex 3.29988 -2.22161 48.3366
      vertex 3.295 -2.21773 48.3347
      vertex 3.3 -2.21773 48.3347
    endloop
  endfacet
  facet normal 0 -0.439791 -0.8981
    outer loop
      vertex 3.28989 -2.22161 48.3366
      vertex 3.295 -2.21773 48.3347
      vertex 3.29988 -2.22161 48.3366
    endloop
  endfacet
  facet normal -0.496019 0.245391 -0.832915
    outer loop
      vertex 3.28989 -2.22161 48.3366
      vertex 2.395 -2.89817 48.6702
      vertex 3.295 -2.21773 48.3347
    endloop
  endfacet
  facet normal 0 -0.442243 -0.896895
    outer loop
      vertex 2.395 -2.89817 48.6702
      vertex 3.28989 -2.22161 48.3366
      vertex 2.405 -2.89817 48.6702
    endloop
  endfacet
  facet normal 0.0545599 -0.499272 -0.864726
    outer loop
      vertex 3.295 -2.22553 48.3385
      vertex 3.3 -3.5302 49.0921
      vertex 3.295 -3.5304 49.0919
    endloop
  endfacet
  facet normal 0.0588592 -0.499137 -0.864522
    outer loop
      vertex 3.3 -3.5302 49.0921
      vertex 3.295 -2.22553 48.3385
      vertex 3.3 -2.22546 48.3388
    endloop
  endfacet
  facet normal 0.0550553 -0.499258 -0.864702
    outer loop
      vertex 2.405 -2.90683 48.6752
      vertex 3.295 -2.22553 48.3385
      vertex 3.295 -3.5304 49.0919
    endloop
  endfacet
  facet normal -0.0477031 -0.601153 -0.797709
    outer loop
      vertex 2.405 -2.90683 48.6752
      vertex 3.295 -3.5304 49.0919
      vertex 3.29484 -3.53052 49.092
    endloop
  endfacet
  facet normal -0.172348 -0.246212 -0.953769
    outer loop
      vertex 3.295 -2.22553 48.3385
      vertex 2.405 -2.90683 48.6752
      vertex 3.2949 -2.22546 48.3385
    endloop
  endfacet
  facet normal 0 0 -1
    outer loop
      vertex 3.3 -2.2216 48.3366
      vertex 3.29995 -2.2216 48.3366
      vertex 3.3 -2.22156 48.3366
    endloop
  endfacet
  facet normal 0 -0.780869 -0.624695
    outer loop
      vertex 3.3 -3.53414 49.0944
      vertex 3.29988 -3.53406 49.0943
      vertex 3.3 -3.53406 49.0943
    endloop
  endfacet
  facet normal -0.0209057 0.499902 0.86583
    outer loop
      vertex 2.395 -1.10183 51.8016
      vertex 3.27742 -0.840114 51.6718
      vertex 2.395 -1.09317 51.7966
    endloop
  endfacet
  facet normal -0.00385346 0.454708 0.890632
    outer loop
      vertex 3.27742 -0.840114 51.6718
      vertex 2.395 -1.10183 51.8016
      vertex 3.27801 -0.840109 51.6718
    endloop
  endfacet
  facet normal -0.0041122 0.846629 -0.532167
    outer loop
      vertex 3.3 -2.21773 48.3347
      vertex 3.295 -2.21744 48.3352
      vertex 3.3 -2.21729 48.3354
    endloop
  endfacet
  facet normal 0 0.865031 -0.501718
    outer loop
      vertex 3.295 -2.21744 48.3352
      vertex 3.3 -2.21773 48.3347
      vertex 3.295 -2.21773 48.3347
    endloop
  endfacet
  facet normal 0 -0.500011 -0.866019
    outer loop
      vertex 2.395 -2.90683 48.6752
      vertex 2.405 -2.89817 48.6702
      vertex 2.405 -2.90683 48.6752
    endloop
  endfacet
  facet normal -0 -0.500011 -0.866019
    outer loop
      vertex 2.405 -2.89817 48.6702
      vertex 2.395 -2.90683 48.6752
      vertex 2.395 -2.89817 48.6702
    endloop
  endfacet
  facet normal -0.643733 -0.662728 0.382621
    outer loop
      vertex 2.395 -2.90683 48.6752
      vertex 3.27742 -3.48516 49.1581
      vertex 2.395 -1.10183 51.8016
    endloop
  endfacet
  facet normal -0.643717 -0.662835 0.382463
    outer loop
      vertex 3.27742 -3.48516 49.1581
      vertex 2.395 -2.90683 48.6752
      vertex 3.28834 -3.52802 49.1022
    endloop
  endfacet
  facet normal -0.01932 0.49991 0.865862
    outer loop
      vertex 3.27801 -0.840109 51.6718
      vertex 3.295 -1.3362 51.9586
      vertex 3.295 -0.839972 51.6721
    endloop
  endfacet
  facet normal -0.0213151 0.499839 0.865856
    outer loop
      vertex 3.27801 -0.840109 51.6718
      vertex 3.27742 -1.33643 51.9583
      vertex 3.295 -1.3362 51.9586
    endloop
  endfacet
  facet normal -0.020872 0.499843 0.865865
    outer loop
      vertex 3.27742 -1.33643 51.9583
      vertex 3.27801 -0.840109 51.6718
      vertex 2.395 -1.10183 51.8016
    endloop
  endfacet
  facet normal 0.00548135 -0.550203 -0.835013
    outer loop
      vertex 3.28988 -3.53406 49.0943
      vertex 2.405 -2.90683 48.6752
      vertex 3.29484 -3.53052 49.092
    endloop
  endfacet
  facet normal -0 -0.555569 -0.831471
    outer loop
      vertex 2.405 -2.90683 48.6752
      vertex 3.28988 -3.53406 49.0943
      vertex 2.395 -2.90683 48.6752
    endloop
  endfacet
  facet normal 0.314773 -0.520223 -0.793906
    outer loop
      vertex 3.29988 -3.53406 49.0943
      vertex 3.3 -3.53414 49.0944
      vertex 3.3 -3.53765 49.0967
    endloop
  endfacet
  facet normal 0 -0.555769 -0.831337
    outer loop
      vertex 3.295 -3.53765 49.0967
      vertex 3.29988 -3.53406 49.0943
      vertex 3.3 -3.53765 49.0967
    endloop
  endfacet
  facet normal -0 -0.555769 -0.831337
    outer loop
      vertex 3.29988 -3.53406 49.0943
      vertex 3.295 -3.53765 49.0967
      vertex 3.28989 -3.53406 49.0943
    endloop
  endfacet
  facet normal 0 -0.857493 0.514496
    outer loop
      vertex 3.3 -3.53765 49.0967
      vertex 3.295 -3.53735 49.0972
      vertex 3.295 -3.53765 49.0967
    endloop
  endfacet
  facet normal -0.00438104 -0.876207 0.481914
    outer loop
      vertex 3.295 -3.53735 49.0972
      vertex 3.3 -3.53765 49.0967
      vertex 3.3 -3.53721 49.0975
    endloop
  endfacet
  facet normal 0 -0.708602 -0.705608
    outer loop
      vertex 2.395 -4.10829 49.5988
      vertex 2.405 -4.10122 49.5917
      vertex 2.405 -4.10829 49.5988
    endloop
  endfacet
  facet normal -0 -0.708602 -0.705608
    outer loop
      vertex 2.405 -4.10122 49.5917
      vertex 2.395 -4.10829 49.5988
      vertex 2.395 -4.10122 49.5917
    endloop
  endfacet
  facet normal -0.304002 0.755797 -0.57996
    outer loop
      vertex 2.395 -1.54856 52.1444
      vertex 3.27742 -1.33643 51.9583
      vertex 3.27742 -3.48516 49.1581
    endloop
  endfacet
  facet normal -0.696194 0.495071 -0.519825
    outer loop
      vertex 3.295 -3.53082 49.0915
      vertex 3.29484 -3.53052 49.092
      vertex 3.295 -3.5304 49.0919
    endloop
  endfacet
  facet normal -0.640905 0.550241 -0.535234
    outer loop
      vertex 3.295 -3.53082 49.0915
      vertex 3.28988 -3.53406 49.0943
      vertex 3.29484 -3.53052 49.092
    endloop
  endfacet
  facet normal 0.495319 -0.86365 -0.0936407
    outer loop
      vertex 3.28988 -3.53406 49.0943
      vertex 3.295 -3.53082 49.0915
      vertex 2.395 -4.10122 49.5917
    endloop
  endfacet
  facet normal -0.643727 0.541387 -0.540847
    outer loop
      vertex 2.395 -4.10122 49.5917
      vertex 3.27742 -3.48516 49.1581
      vertex 3.28834 -3.52802 49.1022
    endloop
  endfacet
  facet normal -0.643771 0.542167 -0.540012
    outer loop
      vertex 2.395 -4.10122 49.5917
      vertex 3.28834 -3.52802 49.1022
      vertex 3.28988 -3.53406 49.0943
    endloop
  endfacet
  facet normal -0.643695 0.54114 -0.541132
    outer loop
      vertex 3.27742 -3.48516 49.1581
      vertex 2.395 -4.10122 49.5917
      vertex 2.395 -1.54856 52.1444
    endloop
  endfacet
  facet normal -0.643696 -0.54113 0.541142
    outer loop
      vertex 2.395 -4.10829 49.5988
      vertex 3.27742 -4.54195 50.2148
      vertex 2.395 -1.55563 52.1514
    endloop
  endfacet
  facet normal -0.643734 -0.540789 0.541437
    outer loop
      vertex 2.395 -4.10829 49.5988
      vertex 3.28834 -4.5978 50.172
      vertex 3.27742 -4.54195 50.2148
    endloop
  endfacet
  facet normal -0.579576 -0.562013 0.590113
    outer loop
      vertex 3.29484 -4.60804 50.1695
      vertex 3.295 -4.60852 50.1692
      vertex 3.295 -4.6081 50.1696
    endloop
  endfacet
  facet normal -0.643711 -0.54123 0.541024
    outer loop
      vertex 3.28834 -4.5978 50.172
      vertex 2.395 -4.10829 49.5988
      vertex 3.295 -4.60852 50.1692
    endloop
  endfacet
  facet normal -0.646288 -0.547594 0.531463
    outer loop
      vertex 3.295 -4.60852 50.1692
      vertex 3.29484 -4.60804 50.1695
      vertex 3.28988 -4.60568 50.1659
    endloop
  endfacet
  facet normal 0.646614 0.541939 -0.536835
    outer loop
      vertex 3.295 -4.60852 50.1692
      vertex 3.28988 -4.60568 50.1659
      vertex 3.28834 -4.5978 50.172
    endloop
  endfacet
  facet normal -1 0 0
    outer loop
      vertex 2.395 -4.10122 49.5917
      vertex 2.395 -1.55563 52.1514
      vertex 2.395 -1.54856 52.1444
    endloop
  endfacet
  facet normal -1 0 0
    outer loop
      vertex 2.395 -1.55563 52.1514
      vertex 2.395 -4.10122 49.5917
      vertex 2.395 -4.10829 49.5988
    endloop
  endfacet
  facet normal 0.00017917 -0.659514 -0.751692
    outer loop
      vertex 3.29484 -3.53725 49.0971
      vertex 2.405 -4.10122 49.5917
      vertex 3.28989 -3.53406 49.0943
    endloop
  endfacet
  facet normal 0.404366 -0.606549 -0.684534
    outer loop
      vertex 3.29988 -3.53406 49.0943
      vertex 3.3 -3.53082 49.0915
      vertex 3.3 -3.53398 49.0943
    endloop
  endfacet
  facet normal 0 -0.653863 -0.756613
    outer loop
      vertex 3.29988 -3.53406 49.0943
      vertex 3.295 -3.53082 49.0915
      vertex 3.3 -3.53082 49.0915
    endloop
  endfacet
  facet normal 0 -0.653863 -0.756613
    outer loop
      vertex 3.28989 -3.53406 49.0943
      vertex 3.295 -3.53082 49.0915
      vertex 3.29988 -3.53406 49.0943
    endloop
  endfacet
  facet normal -0.546612 0.836878 -0.0291799
    outer loop
      vertex 3.28989 -3.53406 49.0943
      vertex 2.395 -4.10122 49.5917
      vertex 3.295 -3.53082 49.0915
    endloop
  endfacet
  facet normal 0 -0.659356 -0.751831
    outer loop
      vertex 2.395 -4.10122 49.5917
      vertex 3.28989 -3.53406 49.0943
      vertex 2.405 -4.10122 49.5917
    endloop
  endfacet
  facet normal 0.000927228 0.695421 -0.718602
    outer loop
      vertex 3.3 -3.53082 49.0915
      vertex 3.295 -3.5304 49.0919
      vertex 3.3 -3.5302 49.0921
    endloop
  endfacet
  facet normal 0 0.689655 -0.724138
    outer loop
      vertex 3.295 -3.5304 49.0919
      vertex 3.3 -3.53082 49.0915
      vertex 3.295 -3.53082 49.0915
    endloop
  endfacet
  facet normal -0.304021 -0.579958 0.755791
    outer loop
      vertex 3.27742 -1.74167 52.3636
      vertex 2.395 -1.55563 52.1514
      vertex 3.27742 -4.54195 50.2148
    endloop
  endfacet
  facet normal 0 0 -1
    outer loop
      vertex 3.3 -3.53406 49.0943
      vertex 3.29988 -3.53406 49.0943
      vertex 3.3 -3.53398 49.0943
    endloop
  endfacet
  facet normal -0.640184 0 0.768221
    outer loop
      vertex 3.29988 -4.60568 50.1659
      vertex 3.3 -4.60574 50.166
      vertex 3.29988 -4.60567 50.1659
    endloop
  endfacet
  facet normal 0.0681108 -0.817329 -0.572131
    outer loop
      vertex 3.3 -4.60574 50.166
      vertex 3.29988 -4.60568 50.1659
      vertex 3.3 -4.60567 50.1659
    endloop
  endfacet
  facet normal 0.28343 -0.453487 -0.844995
    outer loop
      vertex 3.29484 -4.60287 50.1627
      vertex 2.405 -4.10829 49.5988
      vertex 3.295 -4.60277 50.1627
    endloop
  endfacet
  facet normal 0.0550392 -0.706061 -0.706008
    outer loop
      vertex 3.295 -3.53735 49.0972
      vertex 3.295 -4.60277 50.1627
      vertex 2.405 -4.10829 49.5988
    endloop
  endfacet
  facet normal 0.0568029 -0.707458 -0.704469
    outer loop
      vertex 3.295 -3.53735 49.0972
      vertex 2.405 -4.10829 49.5988
      vertex 2.405 -4.10122 49.5917
    endloop
  endfacet
  facet normal 0.0621044 -0.705768 -0.705715
    outer loop
      vertex 3.3 -3.53721 49.0975
      vertex 3.295 -4.60277 50.1627
      vertex 3.295 -3.53735 49.0972
    endloop
  endfacet
  facet normal 0.0494369 -0.706239 -0.706245
    outer loop
      vertex 3.295 -4.60277 50.1627
      vertex 3.3 -3.53721 49.0975
      vertex 3.3 -4.60252 50.1628
    endloop
  endfacet
  facet normal 0.0282188 -0.68389 -0.72904
    outer loop
      vertex 3.295 -3.53735 49.0972
      vertex 2.405 -4.10122 49.5917
      vertex 3.29484 -3.53725 49.0971
    endloop
  endfacet
  facet normal 0 -0.756823 -0.65362
    outer loop
      vertex 3.29988 -4.60567 50.1659
      vertex 3.3 -4.60852 50.1692
      vertex 3.295 -4.60852 50.1692
    endloop
  endfacet
  facet normal -0 -0.756823 -0.65362
    outer loop
      vertex 3.29988 -4.60567 50.1659
      vertex 3.295 -4.60852 50.1692
      vertex 3.28989 -4.60567 50.1659
    endloop
  endfacet
  facet normal -0.409533 -0.900879 -0.143875
    outer loop
      vertex 2.395 -4.10829 49.5988
      vertex 3.28989 -4.60567 50.1659
      vertex 3.295 -4.60852 50.1692
    endloop
  endfacet
  facet normal -0 -0.751809 -0.659381
    outer loop
      vertex 2.405 -4.10829 49.5988
      vertex 3.28989 -4.60567 50.1659
      vertex 2.395 -4.10829 49.5988
    endloop
  endfacet
  facet normal -0.000498369 -0.752194 -0.658941
    outer loop
      vertex 3.28989 -4.60567 50.1659
      vertex 2.405 -4.10829 49.5988
      vertex 3.29484 -4.60287 50.1627
    endloop
  endfacet
  facet normal 0.105566 -0.750692 -0.652164
    outer loop
      vertex 3.3 -4.60852 50.1692
      vertex 3.29988 -4.60567 50.1659
      vertex 3.3 -4.60574 50.166
    endloop
  endfacet
  facet normal -0 0.707124 0.707089
    outer loop
      vertex 3.295 -1.3362 51.9586
      vertex 3.3 -1.74138 52.3638
      vertex 3.3 -1.3362 51.9586
    endloop
  endfacet
  facet normal 0 0.707124 0.707089
    outer loop
      vertex 3.3 -1.74138 52.3638
      vertex 3.295 -1.3362 51.9586
      vertex 3.295 -1.74138 52.3638
    endloop
  endfacet
  facet normal -0.0213129 0.706964 0.706929
    outer loop
      vertex 3.27742 -1.33643 51.9583
      vertex 3.295 -1.74138 52.3638
      vertex 3.295 -1.3362 51.9586
    endloop
  endfacet
  facet normal -0.0197053 0.707022 0.706917
    outer loop
      vertex 3.27742 -1.33643 51.9583
      vertex 3.27742 -1.74167 52.3636
      vertex 3.295 -1.74138 52.3638
    endloop
  endfacet
  facet normal -0.0208776 0.707005 0.7069
    outer loop
      vertex 2.395 -1.54856 52.1444
      vertex 3.27742 -1.74167 52.3636
      vertex 3.27742 -1.33643 51.9583
    endloop
  endfacet
  facet normal -0.0225444 0.703401 0.710435
    outer loop
      vertex 3.27742 -1.74167 52.3636
      vertex 2.395 -1.54856 52.1444
      vertex 2.395 -1.55563 52.1514
    endloop
  endfacet
  facet normal -0.000927228 -0.695421 0.718602
    outer loop
      vertex 3.295 -4.6081 50.1696
      vertex 3.3 -4.60852 50.1692
      vertex 3.3 -4.6079 50.1698
    endloop
  endfacet
  facet normal 0 -0.689655 0.724138
    outer loop
      vertex 3.3 -4.60852 50.1692
      vertex 3.295 -4.6081 50.1696
      vertex 3.295 -4.60852 50.1692
    endloop
  endfacet
  facet normal -0.302083 0.483333 -0.821666
    outer loop
      vertex 3.295 -4.60328 50.1624
      vertex 3.29484 -4.60287 50.1627
      vertex 3.295 -4.60277 50.1627
    endloop
  endfacet
  facet normal -0.628718 0.284267 -0.723814
    outer loop
      vertex 3.29484 -4.60287 50.1627
      vertex 3.295 -4.60328 50.1624
      vertex 3.28989 -4.60567 50.1659
    endloop
  endfacet
  facet normal -0.643861 0.385711 -0.660811
    outer loop
      vertex 3.28988 -4.60568 50.1659
      vertex 2.395 -5.02478 50.7932
      vertex 3.28834 -4.5978 50.172
    endloop
  endfacet
  facet normal -0.303968 0.579968 -0.755805
    outer loop
      vertex 3.27742 -1.74167 52.3636
      vertex 3.27742 -4.54195 50.2148
      vertex 2.395 -1.89843 52.5982
    endloop
  endfacet
  facet normal 0 -0.825828 -0.563922
    outer loop
      vertex 3.295 -4.60328 50.1624
      vertex 3.29988 -4.60567 50.1659
      vertex 3.28989 -4.60567 50.1659
    endloop
  endfacet
  facet normal -0 -0.825828 -0.563922
    outer loop
      vertex 3.3 -4.60328 50.1624
      vertex 3.29988 -4.60567 50.1659
      vertex 3.295 -4.60328 50.1624
    endloop
  endfacet
  facet normal 0.327304 -0.785529 -0.525182
    outer loop
      vertex 3.3 -4.60562 50.1659
      vertex 3.29988 -4.60567 50.1659
      vertex 3.3 -4.60328 50.1624
    endloop
  endfacet
  facet normal 0 0 -1
    outer loop
      vertex 3.29988 -4.60567 50.1659
      vertex 3.3 -4.60562 50.1659
      vertex 3.29988 -4.60568 50.1659
    endloop
  endfacet
  facet normal 0 -0.831499 -0.555526
    outer loop
      vertex 3.28988 -4.60568 50.1659
      vertex 2.405 -5.02478 50.7932
      vertex 2.395 -5.02478 50.7932
    endloop
  endfacet
  facet normal 0.0037521 -0.83393 -0.551857
    outer loop
      vertex 2.405 -5.02478 50.7932
      vertex 3.28988 -4.60568 50.1659
      vertex 3.29484 -4.60804 50.1695
    endloop
  endfacet
  facet normal -0.643705 0.382215 -0.66299
    outer loop
      vertex 2.395 -5.02478 50.7932
      vertex 3.27742 -4.54195 50.2148
      vertex 3.28834 -4.5978 50.172
    endloop
  endfacet
  facet normal -0.643747 0.382619 -0.662716
    outer loop
      vertex 3.27742 -4.54195 50.2148
      vertex 2.395 -5.02478 50.7932
      vertex 2.395 -1.89843 52.5982
    endloop
  endfacet
  facet normal 0.312111 -0.624223 -0.716193
    outer loop
      vertex 3.2949 -5.36151 51.4745
      vertex 2.405 -5.02478 50.7932
      vertex 3.295 -5.36146 51.4745
    endloop
  endfacet
  facet normal 0.0550467 -0.864719 -0.49923
    outer loop
      vertex 3.295 -4.6081 50.1696
      vertex 3.295 -5.36146 51.4745
      vertex 2.405 -5.02478 50.7932
    endloop
  endfacet
  facet normal 0.0545594 -0.864742 -0.499243
    outer loop
      vertex 3.3 -4.6079 50.1698
      vertex 3.295 -5.36146 51.4745
      vertex 3.295 -4.6081 50.1696
    endloop
  endfacet
  facet normal 0.046714 -0.865074 -0.499465
    outer loop
      vertex 3.295 -5.36146 51.4745
      vertex 3.3 -4.6079 50.1698
      vertex 3.3 -5.36119 51.4745
    endloop
  endfacet
  facet normal 0.019002 -0.843633 -0.536583
    outer loop
      vertex 3.295 -4.6081 50.1696
      vertex 2.405 -5.02478 50.7932
      vertex 3.29484 -4.60804 50.1695
    endloop
  endfacet
  facet normal -0 0 -1
    outer loop
      vertex 3.3 -4.60567 50.1659
      vertex 3.29988 -4.60568 50.1659
      vertex 3.3 -4.60562 50.1659
    endloop
  endfacet
  facet normal 0 0 -1
    outer loop
      vertex 3.3 -5.36344 51.4784
      vertex 3.29995 -5.36342 51.4784
      vertex 3.3 -5.36342 51.4784
    endloop
  endfacet
  facet normal -0 0 -1
    outer loop
      vertex 3.27801 -2.02821 52.8599
      vertex 3.27742 -2.02822 52.8599
      vertex 3.278 -2.02821 52.8599
    endloop
  endfacet
  facet normal -0.01483 0.874972 0.483947
    outer loop
      vertex 2.395 -1.89843 52.5982
      vertex 3.27742 -2.02822 52.8599
      vertex 3.27801 -2.02821 52.8599
    endloop
  endfacet
  facet normal -0.021615 0.864742 0.501751
    outer loop
      vertex 3.27742 -2.02822 52.8599
      vertex 2.395 -1.89843 52.5982
      vertex 2.395 -1.90342 52.6068
    endloop
  endfacet
  facet normal 0 -0.182089 0.983282
    outer loop
      vertex 3.29484 -5.36479 51.4824
      vertex 3.295 -5.36533 51.4823
      vertex 3.29486 -5.36479 51.4824
    endloop
  endfacet
  facet normal -0.646738 -0.319849 0.692406
    outer loop
      vertex 3.28988 -5.36342 51.4784
      vertex 3.295 -5.36533 51.4823
      vertex 3.29484 -5.36479 51.4824
    endloop
  endfacet
  facet normal -0.643735 -0.382524 0.662782
    outer loop
      vertex 2.395 -5.02978 50.8018
      vertex 3.28834 -5.35425 51.4822
      vertex 3.28145 -5.3132 51.4992
    endloop
  endfacet
  facet normal -0.643728 -0.382627 0.66273
    outer loop
      vertex 2.395 -5.02978 50.8018
      vertex 3.28145 -5.3132 51.4992
      vertex 2.395 -1.90342 52.6068
    endloop
  endfacet
  facet normal 0.325115 0.94499 0.0359857
    outer loop
      vertex 3.28988 -5.36342 51.4784
      vertex 2.395 -5.02978 50.8018
      vertex 3.295 -5.36533 51.4823
    endloop
  endfacet
  facet normal -0.643727 -0.382717 0.662679
    outer loop
      vertex 3.28834 -5.35425 51.4822
      vertex 2.395 -5.02978 50.8018
      vertex 3.28988 -5.36342 51.4784
    endloop
  endfacet
  facet normal -1 0 0
    outer loop
      vertex 2.395 -5.02478 50.7932
      vertex 2.395 -1.90342 52.6068
      vertex 2.395 -1.89843 52.5982
    endloop
  endfacet
  facet normal -1 0 0
    outer loop
      vertex 2.395 -1.90342 52.6068
      vertex 2.395 -5.02478 50.7932
      vertex 2.395 -5.02978 50.8018
    endloop
  endfacet
  facet normal -0.30401 -0.364583 0.880146
    outer loop
      vertex 3.27742 -2.02822 52.8599
      vertex 2.395 -1.90342 52.6068
      vertex 3.27742 -5.28921 51.5091
    endloop
  endfacet
  facet normal 0 0.50702 -0.861934
    outer loop
      vertex 3.295 -4.60277 50.1627
      vertex 3.3 -4.60328 50.1624
      vertex 3.295 -4.60328 50.1624
    endloop
  endfacet
  facet normal -0.00558887 0.465739 -0.884904
    outer loop
      vertex 3.3 -4.60328 50.1624
      vertex 3.295 -4.60277 50.1627
      vertex 3.3 -4.60252 50.1628
    endloop
  endfacet
  facet normal 0 -0.864507 -0.50262
    outer loop
      vertex 2.395 -5.02478 50.7932
      vertex 2.405 -5.02978 50.8018
      vertex 2.395 -5.02978 50.8018
    endloop
  endfacet
  facet normal 0 -0.864507 -0.50262
    outer loop
      vertex 2.405 -5.02978 50.8018
      vertex 2.395 -5.02478 50.7932
      vertex 2.405 -5.02478 50.7932
    endloop
  endfacet
  facet normal -0.0940749 -0.936636 -0.337436
    outer loop
      vertex 2.405 -5.02978 50.8018
      vertex 3.2949 -5.36151 51.4745
      vertex 3.29484 -5.36154 51.4746
    endloop
  endfacet
  facet normal 0.0575847 -0.863073 -0.501786
    outer loop
      vertex 3.2949 -5.36151 51.4745
      vertex 2.405 -5.02978 50.8018
      vertex 2.405 -5.02478 50.7932
    endloop
  endfacet
  facet normal -0 -0.894427 -0.447214
    outer loop
      vertex 3.29995 -5.36342 51.4784
      vertex 3.3 -5.36347 51.4785
      vertex 3.29988 -5.36342 51.4784
    endloop
  endfacet
  facet normal -0.357771 -0.894427 -0.268328
    outer loop
      vertex 3.3 -5.36347 51.4785
      vertex 3.29995 -5.36342 51.4784
      vertex 3.3 -5.36344 51.4784
    endloop
  endfacet
  facet normal 0 -0.898081 -0.43983
    outer loop
      vertex 3.29988 -5.36342 51.4784
      vertex 3.3 -5.36533 51.4823
      vertex 3.295 -5.36533 51.4823
    endloop
  endfacet
  facet normal -0 -0.898081 -0.43983
    outer loop
      vertex 3.29988 -5.36342 51.4784
      vertex 3.295 -5.36533 51.4823
      vertex 3.28989 -5.36342 51.4784
    endloop
  endfacet
  facet normal -0.26062 -0.957023 -0.127217
    outer loop
      vertex 2.395 -5.02978 50.8018
      vertex 3.28989 -5.36342 51.4784
      vertex 3.295 -5.36533 51.4823
    endloop
  endfacet
  facet normal -0 -0.896884 -0.442265
    outer loop
      vertex 2.405 -5.02978 50.8018
      vertex 3.28989 -5.36342 51.4784
      vertex 2.395 -5.02978 50.8018
    endloop
  endfacet
  facet normal 0.000557854 -0.896595 -0.442852
    outer loop
      vertex 3.28989 -5.36342 51.4784
      vertex 2.405 -5.02978 50.8018
      vertex 3.29484 -5.36154 51.4746
    endloop
  endfacet
  facet normal -0.0078785 -0.898149 -0.43962
    outer loop
      vertex 3.3 -5.36533 51.4823
      vertex 3.29988 -5.36342 51.4784
      vertex 3.3 -5.36347 51.4785
    endloop
  endfacet
  facet normal 0 0.866019 0.500012
    outer loop
      vertex 3.3 -1.74138 52.3638
      vertex 3.295 -2.02787 52.86
      vertex 3.3 -2.02787 52.86
    endloop
  endfacet
  facet normal -0 0.866019 0.500012
    outer loop
      vertex 3.295 -1.74138 52.3638
      vertex 3.295 -2.02787 52.86
      vertex 3.3 -1.74138 52.3638
    endloop
  endfacet
  facet normal -0.0202694 0.865841 0.499909
    outer loop
      vertex 3.295 -1.74138 52.3638
      vertex 3.27801 -2.02821 52.8599
      vertex 3.295 -2.02787 52.86
    endloop
  endfacet
  facet normal -0.0199703 0.865842 0.499919
    outer loop
      vertex 3.27801 -2.02821 52.8599
      vertex 3.295 -1.74138 52.3638
      vertex 3.27742 -1.74167 52.3636
    endloop
  endfacet
  facet normal -0.0209057 0.865825 0.499911
    outer loop
      vertex 3.27801 -2.02821 52.8599
      vertex 3.27742 -1.74167 52.3636
      vertex 2.395 -1.89843 52.5982
    endloop
  endfacet
  facet normal -0.801429 -0.303243 0.515514
    outer loop
      vertex 3.295 -5.36482 51.4826
      vertex 3.29486 -5.36479 51.4824
      vertex 3.295 -5.36533 51.4823
    endloop
  endfacet
  facet normal -0.637999 -0.382882 0.668101
    outer loop
      vertex 3.28145 -5.3132 51.4992
      vertex 3.27742 -5.28921 51.5091
      vertex 2.395 -1.90342 52.6068
    endloop
  endfacet
  facet normal 0.00558887 -0.465739 0.884904
    outer loop
      vertex 3.295 -5.36482 51.4826
      vertex 3.3 -5.36533 51.4823
      vertex 3.3 -5.36457 51.4827
    endloop
  endfacet
  facet normal 0 -0.50702 0.861934
    outer loop
      vertex 3.3 -5.36533 51.4823
      vertex 3.295 -5.36482 51.4826
      vertex 3.295 -5.36533 51.4823
    endloop
  endfacet
  facet normal -0.160872 0.321745 -0.93306
    outer loop
      vertex 3.295 -5.36204 51.4743
      vertex 3.2949 -5.36151 51.4745
      vertex 3.295 -5.36146 51.4745
    endloop
  endfacet
  facet normal -0.860966 0.0291853 -0.507824
    outer loop
      vertex 3.295 -5.36204 51.4743
      vertex 3.29484 -5.36154 51.4746
      vertex 3.2949 -5.36151 51.4745
    endloop
  endfacet
  facet normal -0.646065 0.229951 -0.72782
    outer loop
      vertex 3.29484 -5.36154 51.4746
      vertex 3.295 -5.36204 51.4743
      vertex 3.28989 -5.36342 51.4784
    endloop
  endfacet
  facet normal -0.643708 0.1982 -0.73916
    outer loop
      vertex 3.28988 -5.36342 51.4784
      vertex 2.395 -5.6059 52.1927
      vertex 3.28834 -5.35425 51.4822
    endloop
  endfacet
  facet normal -0.303984 0.364586 -0.880154
    outer loop
      vertex 3.27742 -5.28921 51.5091
      vertex 2.395 -2.11891 53.1271
      vertex 3.27742 -2.02822 52.8599
    endloop
  endfacet
  facet normal 0 -0.947755 -0.319
    outer loop
      vertex 3.295 -5.36204 51.4743
      vertex 3.29988 -5.36342 51.4784
      vertex 3.28989 -5.36342 51.4784
    endloop
  endfacet
  facet normal -0 -0.947755 -0.319
    outer loop
      vertex 3.3 -5.36204 51.4743
      vertex 3.29988 -5.36342 51.4784
      vertex 3.295 -5.36204 51.4743
    endloop
  endfacet
  facet normal -0.0295962 -0.947077 -0.319639
    outer loop
      vertex 3.29988 -5.36342 51.4784
      vertex 3.3 -5.36204 51.4743
      vertex 3.3 -5.36339 51.4783
    endloop
  endfacet
  facet normal 0 -0.946927 -0.321449
    outer loop
      vertex 3.28988 -5.36342 51.4784
      vertex 2.405 -5.6059 52.1927
      vertex 2.395 -5.6059 52.1927
    endloop
  endfacet
  facet normal -0.00115878 -0.946489 -0.322735
    outer loop
      vertex 2.405 -5.6059 52.1927
      vertex 3.28988 -5.36342 51.4784
      vertex 3.29484 -5.36479 51.4824
    endloop
  endfacet
  facet normal -1 0 0
    outer loop
      vertex 2.395 -5.6059 52.1927
      vertex 2.395 -2.1215 53.1367
      vertex 2.395 -2.11891 53.1271
    endloop
  endfacet
  facet normal -1 0 0
    outer loop
      vertex 2.395 -2.1215 53.1367
      vertex 2.395 -5.6059 52.1927
      vertex 2.395 -5.60849 52.2024
    endloop
  endfacet
  facet normal -0.643703 0.198081 -0.739196
    outer loop
      vertex 2.395 -5.6059 52.1927
      vertex 3.28145 -5.3132 51.4992
      vertex 3.28834 -5.35425 51.4822
    endloop
  endfacet
  facet normal -0.64363 0.197063 -0.739532
    outer loop
      vertex 2.395 -5.6059 52.1927
      vertex 3.27742 -5.28921 51.5091
      vertex 3.28145 -5.3132 51.4992
    endloop
  endfacet
  facet normal -0.643722 0.198076 -0.739181
    outer loop
      vertex 3.27742 -5.28921 51.5091
      vertex 2.395 -5.6059 52.1927
      vertex 2.395 -2.11891 53.1271
    endloop
  endfacet
  facet normal 0 0 -1
    outer loop
      vertex 3.3 -5.75567 52.9423
      vertex 3.29995 -5.75566 52.9423
      vertex 3.3 -5.75566 52.9423
    endloop
  endfacet
  facet normal 0 -0.957826 -0.287348
    outer loop
      vertex 3.3 -5.36339 51.4783
      vertex 3.29995 -5.36342 51.4784
      vertex 3.29988 -5.36342 51.4784
    endloop
  endfacet
  facet normal 0 -0.957826 -0.287348
    outer loop
      vertex 3.29995 -5.36342 51.4784
      vertex 3.3 -5.36339 51.4783
      vertex 3.3 -5.36342 51.4784
    endloop
  endfacet
  facet normal 0.18016 -0.900802 -0.395093
    outer loop
      vertex 2.405 -5.6059 52.1927
      vertex 3.295 -5.75479 52.938
      vertex 3.2949 -5.75481 52.938
    endloop
  endfacet
  facet normal 0.0550619 -0.964461 -0.258424
    outer loop
      vertex 3.295 -5.36482 51.4826
      vertex 3.295 -5.75479 52.938
      vertex 2.405 -5.6059 52.1927
    endloop
  endfacet
  facet normal 0.0533964 -0.964548 -0.258448
    outer loop
      vertex 3.3 -5.36457 51.4827
      vertex 3.295 -5.75479 52.938
      vertex 3.295 -5.36482 51.4826
    endloop
  endfacet
  facet normal 0.0559361 -0.964416 -0.258404
    outer loop
      vertex 3.295 -5.75479 52.938
      vertex 3.3 -5.36457 51.4827
      vertex 3.3 -5.7545 52.938
    endloop
  endfacet
  facet normal 0.0943664 -0.972711 -0.211963
    outer loop
      vertex 2.405 -5.6059 52.1927
      vertex 3.29486 -5.36479 51.4824
      vertex 3.295 -5.36482 51.4826
    endloop
  endfacet
  facet normal -0 -0.946932 -0.321434
    outer loop
      vertex 3.29486 -5.36479 51.4824
      vertex 2.405 -5.6059 52.1927
      vertex 3.29484 -5.36479 51.4824
    endloop
  endfacet
  facet normal -0.0165918 0.962323 0.271404
    outer loop
      vertex 3.27742 -2.02822 52.8599
      vertex 2.395 -2.1215 53.1367
      vertex 3.278 -2.02821 52.8599
    endloop
  endfacet
  facet normal -0.0203484 0.96528 0.260424
    outer loop
      vertex 2.395 -2.1215 53.1367
      vertex 3.27742 -2.02822 52.8599
      vertex 2.395 -2.11891 53.1271
    endloop
  endfacet
  facet normal 0 0.965926 0.258819
    outer loop
      vertex 3.3 -2.02787 52.86
      vertex 3.295 -2.17618 53.4135
      vertex 3.3 -2.17618 53.4135
    endloop
  endfacet
  facet normal 0 0.965926 0.258819
    outer loop
      vertex 3.295 -2.17618 53.4135
      vertex 3.3 -2.02787 52.86
      vertex 3.295 -2.02787 52.86
    endloop
  endfacet
  facet normal -0.0203369 0.96573 0.258751
    outer loop
      vertex 3.27801 -2.02821 52.8599
      vertex 3.27743 -2.17655 53.4135
      vertex 3.295 -2.17618 53.4135
    endloop
  endfacet
  facet normal -0.0208487 0.965716 0.258763
    outer loop
      vertex 3.27801 -2.02821 52.8599
      vertex 3.295 -2.17618 53.4135
      vertex 3.295 -2.02787 52.86
    endloop
  endfacet
  facet normal 0 0.965924 0.258824
    outer loop
      vertex 3.27743 -2.17655 53.4135
      vertex 3.27801 -2.02821 52.8599
      vertex 3.278 -2.02821 52.8599
    endloop
  endfacet
  facet normal -0.0209179 0.965718 0.258748
    outer loop
      vertex 3.27743 -2.17655 53.4135
      vertex 3.278 -2.02821 52.8599
      vertex 2.395 -2.1215 53.1367
    endloop
  endfacet
  facet normal -0.643686 -0.198064 0.739215
    outer loop
      vertex 2.395 -5.60849 52.2024
      vertex 3.28145 -5.70177 52.9493
      vertex 2.395 -2.1215 53.1367
    endloop
  endfacet
  facet normal -0.643776 -0.196761 0.739485
    outer loop
      vertex 3.28145 -5.70177 52.9493
      vertex 2.395 -5.60849 52.2024
      vertex 3.28988 -5.75566 52.9423
    endloop
  endfacet
  facet normal -0 0 1
    outer loop
      vertex 3.29484 -5.75594 52.9465
      vertex 3.295 -5.7565 52.9465
      vertex 3.29486 -5.75594 52.9465
    endloop
  endfacet
  facet normal -0.642012 -0.183432 0.744428
    outer loop
      vertex 3.295 -5.7565 52.9465
      vertex 3.29484 -5.75594 52.9465
      vertex 3.28989 -5.75566 52.9423
    endloop
  endfacet
  facet normal 0 0.325991 -0.945373
    outer loop
      vertex 3.295 -5.36146 51.4745
      vertex 3.3 -5.36204 51.4743
      vertex 3.295 -5.36204 51.4743
    endloop
  endfacet
  facet normal -0.0123672 0.229022 -0.973343
    outer loop
      vertex 3.3 -5.36204 51.4743
      vertex 3.295 -5.36146 51.4745
      vertex 3.3 -5.36119 51.4745
    endloop
  endfacet
  facet normal 0 -0.966152 -0.257973
    outer loop
      vertex 2.395 -5.6059 52.1927
      vertex 2.405 -5.60849 52.2024
      vertex 2.395 -5.60849 52.2024
    endloop
  endfacet
  facet normal 0 -0.966152 -0.257973
    outer loop
      vertex 2.405 -5.60849 52.2024
      vertex 2.395 -5.6059 52.1927
      vertex 2.405 -5.6059 52.1927
    endloop
  endfacet
  facet normal -0 -0.980581 -0.196116
    outer loop
      vertex 3.29995 -5.75566 52.9423
      vertex 3.3 -5.75568 52.9424
      vertex 3.29988 -5.75566 52.9423
    endloop
  endfacet
  facet normal -0.19518 -0.9759 -0.09759
    outer loop
      vertex 3.3 -5.75568 52.9424
      vertex 3.29995 -5.75566 52.9423
      vertex 3.3 -5.75567 52.9423
    endloop
  endfacet
  facet normal 0.000589305 -0.980648 -0.195776
    outer loop
      vertex 2.405 -5.60849 52.2024
      vertex 3.2949 -5.75481 52.938
      vertex 3.29484 -5.75483 52.9381
    endloop
  endfacet
  facet normal 0.0543048 -0.964727 -0.257592
    outer loop
      vertex 3.2949 -5.75481 52.938
      vertex 2.405 -5.60849 52.2024
      vertex 2.405 -5.6059 52.1927
    endloop
  endfacet
  facet normal 0 -0.980581 -0.196116
    outer loop
      vertex 3.29988 -5.75566 52.9423
      vertex 3.3 -5.7565 52.9465
      vertex 3.295 -5.7565 52.9465
    endloop
  endfacet
  facet normal -0 -0.980581 -0.196116
    outer loop
      vertex 3.29988 -5.75566 52.9423
      vertex 3.295 -5.7565 52.9465
      vertex 3.28989 -5.75566 52.9423
    endloop
  endfacet
  facet normal -7.29293e-12 -0.980581 -0.196116
    outer loop
      vertex 3.3 -5.7565 52.9465
      vertex 3.29988 -5.75566 52.9423
      vertex 3.3 -5.75568 52.9424
    endloop
  endfacet
  facet normal -0 -0.980787 -0.195084
    outer loop
      vertex 2.405 -5.60849 52.2024
      vertex 3.28988 -5.75566 52.9423
      vertex 2.395 -5.60849 52.2024
    endloop
  endfacet
  facet normal -0.000530798 -0.980908 -0.194473
    outer loop
      vertex 3.28988 -5.75566 52.9423
      vertex 2.405 -5.60849 52.2024
      vertex 3.29484 -5.75483 52.9381
    endloop
  endfacet
  facet normal -0.304035 -0.12437 0.944508
    outer loop
      vertex 3.27742 -2.17655 53.4135
      vertex 2.395 -2.1215 53.1367
      vertex 3.27742 -5.67602 52.9527
    endloop
  endfacet
  facet normal 0 0.980791 0.19506
    outer loop
      vertex 2.395 -2.1215 53.1367
      vertex 3.27742 -2.17655 53.4135
      vertex 3.27743 -2.17655 53.4135
    endloop
  endfacet
  facet normal -0.645387 -0.198403 0.737639
    outer loop
      vertex 3.28145 -5.70177 52.9493
      vertex 3.27742 -5.67602 52.9527
      vertex 2.395 -2.1215 53.1367
    endloop
  endfacet
  facet normal -0.568593 -0.142148 0.810245
    outer loop
      vertex 3.295 -5.75593 52.9466
      vertex 3.29486 -5.75594 52.9465
      vertex 3.295 -5.7565 52.9465
    endloop
  endfacet
  facet normal -0.00694845 -0.231615 0.972783
    outer loop
      vertex 3.295 -5.75593 52.9466
      vertex 3.3 -5.7565 52.9465
      vertex 3.3 -5.75566 52.9467
    endloop
  endfacet
  facet normal 0 -0.172799 0.984957
    outer loop
      vertex 3.3 -5.7565 52.9465
      vertex 3.295 -5.75593 52.9466
      vertex 3.295 -5.7565 52.9465
    endloop
  endfacet
  facet normal 0 -1 0
    outer loop
      vertex 2.395 -5.805 53.695
      vertex 2.405 -5.805 53.705
      vertex 2.395 -5.805 53.705
    endloop
  endfacet
  facet normal 0 -1 -0
    outer loop
      vertex 2.405 -5.805 53.705
      vertex 2.395 -5.805 53.695
      vertex 2.405 -5.805 53.695
    endloop
  endfacet
  facet normal -0.303919 0.124375 -0.944544
    outer loop
      vertex 3.27742 -5.67602 52.9527
      vertex 2.395 -2.195 53.695
      vertex 3.27742 -2.17655 53.4135
    endloop
  endfacet
  facet normal 0 0 -1
    outer loop
      vertex 3.295 -5.75538 52.938
      vertex 3.2949 -5.75481 52.938
      vertex 3.295 -5.75479 52.938
    endloop
  endfacet
  facet normal -0.835041 -0.146498 -0.530325
    outer loop
      vertex 3.295 -5.75538 52.938
      vertex 3.29484 -5.75483 52.9381
      vertex 3.2949 -5.75481 52.938
    endloop
  endfacet
  facet normal -0.640894 -0.0471364 -0.766181
    outer loop
      vertex 3.295 -5.75538 52.938
      vertex 3.28988 -5.75566 52.9423
      vertex 3.29484 -5.75483 52.9381
    endloop
  endfacet
  facet normal -0.221471 -0.919908 -0.323606
    outer loop
      vertex 2.395 -5.805 53.695
      vertex 3.28988 -5.75566 52.9423
      vertex 3.295 -5.75538 52.938
    endloop
  endfacet
  facet normal -0.643652 -0.00127604 -0.765317
    outer loop
      vertex 2.395 -5.805 53.695
      vertex 3.28145 -5.70177 52.9493
      vertex 3.28988 -5.75566 52.9423
    endloop
  endfacet
  facet normal -0.643759 0.000288383 -0.765228
    outer loop
      vertex 2.395 -5.805 53.695
      vertex 3.27742 -5.67602 52.9527
      vertex 3.28145 -5.70177 52.9493
    endloop
  endfacet
  facet normal -0.643735 0 -0.765249
    outer loop
      vertex 3.27742 -5.67602 52.9527
      vertex 2.395 -5.805 53.695
      vertex 2.395 -2.195 53.695
    endloop
  endfacet
  facet normal -0.707107 0 0.707107
    outer loop
      vertex 3.2949 -5.75481 54.462
      vertex 3.295 -5.75538 54.4621
      vertex 3.295 -5.75479 54.4621
    endloop
  endfacet
  facet normal -0.850932 -0.0576903 0.522098
    outer loop
      vertex 3.29484 -5.75483 54.4619
      vertex 3.295 -5.75538 54.4621
      vertex 3.2949 -5.75481 54.462
    endloop
  endfacet
  facet normal -0.652095 0.0842772 0.753438
    outer loop
      vertex 3.28988 -5.75566 54.4577
      vertex 3.295 -5.75538 54.4621
      vertex 3.29484 -5.75483 54.4619
    endloop
  endfacet
  facet normal -0.643735 0 0.765249
    outer loop
      vertex 2.395 -5.805 53.705
      vertex 3.27742 -5.67602 54.4473
      vertex 2.395 -2.195 53.705
    endloop
  endfacet
  facet normal -0.643759 0.000288383 0.765228
    outer loop
      vertex 3.27742 -5.67602 54.4473
      vertex 2.395 -5.805 53.705
      vertex 3.28145 -5.70177 54.4507
    endloop
  endfacet
  facet normal -0.0755544 0.996841 0.0244825
    outer loop
      vertex 3.28988 -5.75566 54.4577
      vertex 2.395 -5.805 53.705
      vertex 3.295 -5.75538 54.4621
    endloop
  endfacet
  facet normal -0.643652 -0.00127604 0.765317
    outer loop
      vertex 3.28145 -5.70177 54.4507
      vertex 2.395 -5.805 53.705
      vertex 3.28988 -5.75566 54.4577
    endloop
  endfacet
  facet normal -1 0 0
    outer loop
      vertex 2.395 -5.805 53.695
      vertex 2.395 -2.195 53.705
      vertex 2.395 -2.195 53.695
    endloop
  endfacet
  facet normal -1 -0 0
    outer loop
      vertex 2.395 -2.195 53.705
      vertex 2.395 -5.805 53.695
      vertex 2.395 -5.805 53.705
    endloop
  endfacet
  facet normal 0 -0.997858 -0.0654103
    outer loop
      vertex 3.28989 -5.75566 52.9423
      vertex 2.405 -5.805 53.695
      vertex 2.395 -5.805 53.695
    endloop
  endfacet
  facet normal -0.000473008 -0.997822 -0.065964
    outer loop
      vertex 2.405 -5.805 53.695
      vertex 3.28989 -5.75566 52.9423
      vertex 3.29484 -5.75594 52.9465
    endloop
  endfacet
  facet normal 0 -0.997887 -0.0649787
    outer loop
      vertex 3.295 -5.75538 52.938
      vertex 3.29988 -5.75566 52.9423
      vertex 3.28989 -5.75566 52.9423
    endloop
  endfacet
  facet normal 0.516935 -0.636059 0.572894
    outer loop
      vertex 3.295 -5.75538 52.938
      vertex 3.28989 -5.75566 52.9423
      vertex 2.395 -5.805 53.695
    endloop
  endfacet
  facet normal -0 -0.997887 -0.0649787
    outer loop
      vertex 3.3 -5.75538 52.938
      vertex 3.29988 -5.75566 52.9423
      vertex 3.295 -5.75538 52.938
    endloop
  endfacet
  facet normal -0.0553475 -0.996256 -0.066417
    outer loop
      vertex 3.29988 -5.75566 52.9423
      vertex 3.3 -5.75538 52.938
      vertex 3.3 -5.75566 52.9422
    endloop
  endfacet
  facet normal 0 0 -1
    outer loop
      vertex 3.295 -5.75479 52.938
      vertex 3.3 -5.75538 52.938
      vertex 3.295 -5.75538 52.938
    endloop
  endfacet
  facet normal 0 0 -1
    outer loop
      vertex 3.3 -5.75538 52.938
      vertex 3.295 -5.75479 52.938
      vertex 3.3 -5.7545 52.938
    endloop
  endfacet
  facet normal -0.303919 0.124375 0.944544
    outer loop
      vertex 2.395 -2.195 53.705
      vertex 3.27742 -5.67602 54.4473
      vertex 3.27742 -2.17655 53.9865
    endloop
  endfacet
  facet normal 0 -1 0
    outer loop
      vertex 3.29995 -5.75566 52.9423
      vertex 3.3 -5.75566 52.9422
      vertex 3.3 -5.75566 52.9423
    endloop
  endfacet
  facet normal -0 -1 -0
    outer loop
      vertex 3.29995 -5.75566 52.9423
      vertex 3.29988 -5.75566 52.9423
      vertex 3.3 -5.75566 52.9422
    endloop
  endfacet
  facet normal 0 -1 0
    outer loop
      vertex 3.29995 -5.75566 54.4577
      vertex 3.3 -5.75566 54.4578
      vertex 3.29988 -5.75566 54.4577
    endloop
  endfacet
  facet normal 0 -1 -0
    outer loop
      vertex 3.3 -5.75566 54.4578
      vertex 3.29995 -5.75566 54.4577
      vertex 3.3 -5.75566 54.4577
    endloop
  endfacet
  facet normal 0 -0.995037 -0.0995037
    outer loop
      vertex 3.29484 -5.75594 54.4535
      vertex 3.295 -5.75593 54.4534
      vertex 3.29486 -5.75594 54.4535
    endloop
  endfacet
  facet normal 0.0592547 -0.99823 -0.00501544
    outer loop
      vertex 2.405 -5.805 53.705
      vertex 3.295 -5.75593 54.4534
      vertex 3.29484 -5.75594 54.4535
    endloop
  endfacet
  facet normal 0.0550512 -0.998484 0
    outer loop
      vertex 2.405 -5.805 53.695
      vertex 3.295 -5.75593 54.4534
      vertex 2.405 -5.805 53.705
    endloop
  endfacet
  facet normal 0.0550512 -0.998484 0
    outer loop
      vertex 3.295 -5.75593 52.9466
      vertex 3.295 -5.75593 54.4534
      vertex 2.405 -5.805 53.695
    endloop
  endfacet
  facet normal 0.0539214 -0.998545 0
    outer loop
      vertex 3.295 -5.75593 54.4534
      vertex 3.295 -5.75593 52.9466
      vertex 3.3 -5.75566 54.4533
    endloop
  endfacet
  facet normal 0.0539214 -0.998545 0
    outer loop
      vertex 3.3 -5.75566 54.4533
      vertex 3.295 -5.75593 52.9466
      vertex 3.3 -5.75566 52.9467
    endloop
  endfacet
  facet normal 0.0638111 -0.997907 0.0104551
    outer loop
      vertex 2.405 -5.805 53.695
      vertex 3.29486 -5.75594 52.9465
      vertex 3.295 -5.75593 52.9466
    endloop
  endfacet
  facet normal -0 -0.997859 -0.0654041
    outer loop
      vertex 3.29486 -5.75594 52.9465
      vertex 2.405 -5.805 53.695
      vertex 3.29484 -5.75594 52.9465
    endloop
  endfacet
  facet normal 0 -0.997981 0.0635079
    outer loop
      vertex 3.29988 -5.75566 54.4577
      vertex 3.3 -5.75538 54.4621
      vertex 3.295 -5.75538 54.4621
    endloop
  endfacet
  facet normal 0 -0.997981 0.0635079
    outer loop
      vertex 3.29988 -5.75566 54.4577
      vertex 3.295 -5.75538 54.4621
      vertex 3.28989 -5.75566 54.4577
    endloop
  endfacet
  facet normal 0.0693257 -0.997449 -0.0170384
    outer loop
      vertex 2.395 -5.805 53.705
      vertex 3.28989 -5.75566 54.4577
      vertex 3.295 -5.75538 54.4621
    endloop
  endfacet
  facet normal 0 -0.997858 0.0654103
    outer loop
      vertex 2.405 -5.805 53.705
      vertex 3.28989 -5.75566 54.4577
      vertex 2.395 -5.805 53.705
    endloop
  endfacet
  facet normal -0.000473008 -0.997822 0.065964
    outer loop
      vertex 3.28989 -5.75566 54.4577
      vertex 2.405 -5.805 53.705
      vertex 3.29484 -5.75594 54.4535
    endloop
  endfacet
  facet normal -0.0540697 -0.996427 0.0648836
    outer loop
      vertex 3.3 -5.75538 54.4621
      vertex 3.29988 -5.75566 54.4577
      vertex 3.3 -5.75566 54.4578
    endloop
  endfacet
  facet normal 0 1 -0
    outer loop
      vertex 3.3 -2.17618 53.4135
      vertex 3.295 -2.17618 53.9865
      vertex 3.3 -2.17618 53.9865
    endloop
  endfacet
  facet normal 0 1 0
    outer loop
      vertex 3.295 -2.17618 53.9865
      vertex 3.3 -2.17618 53.4135
      vertex 3.295 -2.17618 53.4135
    endloop
  endfacet
  facet normal -0.021054 0.999778 0
    outer loop
      vertex 3.27743 -2.17655 53.4135
      vertex 3.27743 -2.17655 53.9865
      vertex 3.295 -2.17618 53.9865
    endloop
  endfacet
  facet normal 0 1 0
    outer loop
      vertex 3.27743 -2.17655 53.9865
      vertex 3.27743 -2.17655 53.4135
      vertex 3.27742 -2.17655 53.9865
    endloop
  endfacet
  facet normal -0.0209038 0.999781 0
    outer loop
      vertex 3.27742 -2.17655 53.9865
      vertex 3.27742 -2.17655 53.4135
      vertex 2.395 -2.195 53.705
    endloop
  endfacet
  facet normal -0.021054 0.999778 0
    outer loop
      vertex 3.27743 -2.17655 53.4135
      vertex 3.295 -2.17618 53.9865
      vertex 3.295 -2.17618 53.4135
    endloop
  endfacet
  facet normal 0 1 0
    outer loop
      vertex 3.27742 -2.17655 53.9865
      vertex 3.27743 -2.17655 53.4135
      vertex 3.27742 -2.17655 53.4135
    endloop
  endfacet
  facet normal -0.0209038 0.999781 0
    outer loop
      vertex 2.395 -2.195 53.705
      vertex 3.27742 -2.17655 53.4135
      vertex 2.395 -2.195 53.695
    endloop
  endfacet
  facet normal -0 0 1
    outer loop
      vertex 3.295 -5.75479 54.4621
      vertex 3.3 -5.75538 54.4621
      vertex 3.3 -5.7545 54.4621
    endloop
  endfacet
  facet normal 0 0 1
    outer loop
      vertex 3.3 -5.75538 54.4621
      vertex 3.295 -5.75479 54.4621
      vertex 3.295 -5.75538 54.4621
    endloop
  endfacet
  facet normal -0.645387 -0.198403 -0.737639
    outer loop
      vertex 2.395 -2.1215 54.2633
      vertex 3.27742 -5.67602 54.4473
      vertex 3.28145 -5.70177 54.4507
    endloop
  endfacet
  facet normal -0.568593 -0.142148 -0.810245
    outer loop
      vertex 3.295 -5.7565 54.4535
      vertex 3.29486 -5.75594 54.4535
      vertex 3.295 -5.75593 54.4534
    endloop
  endfacet
  facet normal -0.304035 -0.12437 -0.944508
    outer loop
      vertex 3.27742 -5.67602 54.4473
      vertex 2.395 -2.1215 54.2633
      vertex 3.27742 -2.17655 53.9865
    endloop
  endfacet
  facet normal 0 0.980791 -0.19506
    outer loop
      vertex 3.27743 -2.17655 53.9865
      vertex 3.27742 -2.17655 53.9865
      vertex 2.395 -2.1215 54.2633
    endloop
  endfacet
  facet normal -0.643708 0.1982 0.73916
    outer loop
      vertex 3.28834 -5.35425 55.9178
      vertex 2.395 -5.6059 55.2073
      vertex 3.28988 -5.36342 55.9216
    endloop
  endfacet
  facet normal -0.160872 0.321745 0.93306
    outer loop
      vertex 3.2949 -5.36151 55.9255
      vertex 3.295 -5.36204 55.9257
      vertex 3.295 -5.36146 55.9255
    endloop
  endfacet
  facet normal -0.860966 0.0291853 0.507824
    outer loop
      vertex 3.29484 -5.36154 55.9254
      vertex 3.295 -5.36204 55.9257
      vertex 3.2949 -5.36151 55.9255
    endloop
  endfacet
  facet normal -0.646065 0.229951 0.72782
    outer loop
      vertex 3.295 -5.36204 55.9257
      vertex 3.29484 -5.36154 55.9254
      vertex 3.28989 -5.36342 55.9216
    endloop
  endfacet
  facet normal -0.0165918 0.962323 -0.271404
    outer loop
      vertex 2.395 -2.1215 54.2633
      vertex 3.27742 -2.02822 54.5401
      vertex 3.278 -2.02821 54.5401
    endloop
  endfacet
  facet normal -0.0203484 0.96528 -0.260424
    outer loop
      vertex 3.27742 -2.02822 54.5401
      vertex 2.395 -2.1215 54.2633
      vertex 2.395 -2.11891 54.2729
    endloop
  endfacet
  facet normal -1 0 0
    outer loop
      vertex 2.395 -2.1215 54.2633
      vertex 2.395 -5.6059 55.2073
      vertex 2.395 -2.11891 54.2729
    endloop
  endfacet
  facet normal -1 0 -0
    outer loop
      vertex 2.395 -5.6059 55.2073
      vertex 2.395 -2.1215 54.2633
      vertex 2.395 -5.60849 55.1976
    endloop
  endfacet
  facet normal 0.0543048 -0.964727 0.257592
    outer loop
      vertex 2.405 -5.60849 55.1976
      vertex 3.2949 -5.75481 54.462
      vertex 2.405 -5.6059 55.2073
    endloop
  endfacet
  facet normal 0.000589305 -0.980648 0.195776
    outer loop
      vertex 3.2949 -5.75481 54.462
      vertex 2.405 -5.60849 55.1976
      vertex 3.29484 -5.75483 54.4619
    endloop
  endfacet
  facet normal 0 -0.980581 0.196116
    outer loop
      vertex 3.3 -5.75568 54.4576
      vertex 3.29995 -5.75566 54.4577
      vertex 3.29988 -5.75566 54.4577
    endloop
  endfacet
  facet normal -0.19518 -0.9759 0.09759
    outer loop
      vertex 3.29995 -5.75566 54.4577
      vertex 3.3 -5.75568 54.4576
      vertex 3.3 -5.75567 54.4577
    endloop
  endfacet
  facet normal -0.643776 -0.196761 -0.739485
    outer loop
      vertex 2.395 -5.60849 55.1976
      vertex 3.28145 -5.70177 54.4507
      vertex 3.28988 -5.75566 54.4577
    endloop
  endfacet
  facet normal -0.643686 -0.198064 -0.739215
    outer loop
      vertex 3.28145 -5.70177 54.4507
      vertex 2.395 -5.60849 55.1976
      vertex 2.395 -2.1215 54.2633
    endloop
  endfacet
  facet normal 0 0 -1
    outer loop
      vertex 3.295 -5.7565 54.4535
      vertex 3.29484 -5.75594 54.4535
      vertex 3.29486 -5.75594 54.4535
    endloop
  endfacet
  facet normal -0.642012 -0.183432 -0.744428
    outer loop
      vertex 3.29484 -5.75594 54.4535
      vertex 3.295 -5.7565 54.4535
      vertex 3.28989 -5.75566 54.4577
    endloop
  endfacet
  facet normal 0 -0.980787 0.195084
    outer loop
      vertex 3.28988 -5.75566 54.4577
      vertex 2.405 -5.60849 55.1976
      vertex 2.395 -5.60849 55.1976
    endloop
  endfacet
  facet normal -0.000530798 -0.980908 0.194473
    outer loop
      vertex 2.405 -5.60849 55.1976
      vertex 3.28988 -5.75566 54.4577
      vertex 3.29484 -5.75483 54.4619
    endloop
  endfacet
  facet normal 0 -0.980581 0.196116
    outer loop
      vertex 3.295 -5.7565 54.4535
      vertex 3.29988 -5.75566 54.4577
      vertex 3.28989 -5.75566 54.4577
    endloop
  endfacet
  facet normal 0 -0.980581 0.196116
    outer loop
      vertex 3.3 -5.7565 54.4535
      vertex 3.29988 -5.75566 54.4577
      vertex 3.295 -5.7565 54.4535
    endloop
  endfacet
  facet normal 4.31923e-12 -0.980581 0.196116
    outer loop
      vertex 3.3 -5.75568 54.4576
      vertex 3.29988 -5.75566 54.4577
      vertex 3.3 -5.7565 54.4535
    endloop
  endfacet
  facet normal 0 0 1
    outer loop
      vertex 3.3 -5.75566 54.4577
      vertex 3.29995 -5.75566 54.4577
      vertex 3.3 -5.75567 54.4577
    endloop
  endfacet
  facet normal 0 -0.957826 0.287348
    outer loop
      vertex 3.29995 -5.36342 55.9216
      vertex 3.3 -5.36339 55.9217
      vertex 3.29988 -5.36342 55.9216
    endloop
  endfacet
  facet normal 0 -0.957826 0.287348
    outer loop
      vertex 3.3 -5.36339 55.9217
      vertex 3.29995 -5.36342 55.9216
      vertex 3.3 -5.36342 55.9216
    endloop
  endfacet
  facet normal 8.99521e-05 -0.980598 0.19603
    outer loop
      vertex 2.405 -5.6059 55.2073
      vertex 3.2949 -5.75481 54.462
      vertex 3.295 -5.75479 54.4621
    endloop
  endfacet
  facet normal 0 -0.946932 0.321434
    outer loop
      vertex 2.405 -5.6059 55.2073
      vertex 3.29486 -5.36479 55.9176
      vertex 3.29484 -5.36479 55.9176
    endloop
  endfacet
  facet normal 0.0943664 -0.972711 0.211963
    outer loop
      vertex 2.405 -5.6059 55.2073
      vertex 3.295 -5.36482 55.9174
      vertex 3.29486 -5.36479 55.9176
    endloop
  endfacet
  facet normal 0.0550475 -0.964457 0.258441
    outer loop
      vertex 3.295 -5.75479 54.4621
      vertex 3.295 -5.36482 55.9174
      vertex 2.405 -5.6059 55.2073
    endloop
  endfacet
  facet normal 0.0533965 -0.964544 0.258464
    outer loop
      vertex 3.295 -5.36482 55.9174
      vertex 3.295 -5.75479 54.4621
      vertex 3.3 -5.36457 55.9173
    endloop
  endfacet
  facet normal 0.0559359 -0.964412 0.25842
    outer loop
      vertex 3.3 -5.36457 55.9173
      vertex 3.295 -5.75479 54.4621
      vertex 3.3 -5.7545 54.4621
    endloop
  endfacet
  facet normal 0 -0.172799 -0.984957
    outer loop
      vertex 3.295 -5.75593 54.4534
      vertex 3.3 -5.7565 54.4535
      vertex 3.295 -5.7565 54.4535
    endloop
  endfacet
  facet normal -0.00694845 -0.231615 -0.972783
    outer loop
      vertex 3.3 -5.7565 54.4535
      vertex 3.295 -5.75593 54.4534
      vertex 3.3 -5.75566 54.4533
    endloop
  endfacet
  facet normal 0 -0.966152 0.257973
    outer loop
      vertex 2.395 -5.60849 55.1976
      vertex 2.405 -5.6059 55.2073
      vertex 2.395 -5.6059 55.2073
    endloop
  endfacet
  facet normal 0 -0.966152 0.257973
    outer loop
      vertex 2.405 -5.6059 55.2073
      vertex 2.395 -5.60849 55.1976
      vertex 2.405 -5.60849 55.1976
    endloop
  endfacet
  facet normal -0.643722 0.198076 0.739181
    outer loop
      vertex 2.395 -5.6059 55.2073
      vertex 3.27742 -5.28921 55.8909
      vertex 2.395 -2.11891 54.2729
    endloop
  endfacet
  facet normal -0.64363 0.197063 0.739532
    outer loop
      vertex 3.27742 -5.28921 55.8909
      vertex 2.395 -5.6059 55.2073
      vertex 3.28145 -5.3132 55.9008
    endloop
  endfacet
  facet normal -0.643703 0.198081 0.739196
    outer loop
      vertex 3.28145 -5.3132 55.9008
      vertex 2.395 -5.6059 55.2073
      vertex 3.28834 -5.35425 55.9178
    endloop
  endfacet
  facet normal -0.303984 0.364586 0.880154
    outer loop
      vertex 2.395 -2.11891 54.2729
      vertex 3.27742 -5.28921 55.8909
      vertex 3.27742 -2.02822 54.5401
    endloop
  endfacet
  facet normal 0 -0.947755 0.319
    outer loop
      vertex 3.29988 -5.36342 55.9216
      vertex 3.3 -5.36204 55.9257
      vertex 3.295 -5.36204 55.9257
    endloop
  endfacet
  facet normal 0 -0.947755 0.319
    outer loop
      vertex 3.29988 -5.36342 55.9216
      vertex 3.295 -5.36204 55.9257
      vertex 3.28989 -5.36342 55.9216
    endloop
  endfacet
  facet normal -0.0295962 -0.947077 0.319639
    outer loop
      vertex 3.3 -5.36204 55.9257
      vertex 3.29988 -5.36342 55.9216
      vertex 3.3 -5.36339 55.9217
    endloop
  endfacet
  facet normal 0 -0.946927 0.321449
    outer loop
      vertex 2.405 -5.6059 55.2073
      vertex 3.28988 -5.36342 55.9216
      vertex 2.395 -5.6059 55.2073
    endloop
  endfacet
  facet normal -0.00115878 -0.946489 0.322735
    outer loop
      vertex 3.28988 -5.36342 55.9216
      vertex 2.405 -5.6059 55.2073
      vertex 3.29484 -5.36479 55.9176
    endloop
  endfacet
  facet normal 0 0.965926 -0.258819
    outer loop
      vertex 3.3 -2.17618 53.9865
      vertex 3.295 -2.02787 54.54
      vertex 3.3 -2.02787 54.54
    endloop
  endfacet
  facet normal 0 0.965926 -0.258819
    outer loop
      vertex 3.295 -2.02787 54.54
      vertex 3.3 -2.17618 53.9865
      vertex 3.295 -2.17618 53.9865
    endloop
  endfacet
  facet normal -0.0208487 0.96572 -0.258748
    outer loop
      vertex 3.27743 -2.17655 53.9865
      vertex 3.27801 -2.02821 54.5401
      vertex 3.295 -2.02787 54.54
    endloop
  endfacet
  facet normal 0 0.965924 -0.258824
    outer loop
      vertex 3.27801 -2.02821 54.5401
      vertex 3.27743 -2.17655 53.9865
      vertex 3.278 -2.02821 54.5401
    endloop
  endfacet
  facet normal -0.0209179 0.965718 -0.258748
    outer loop
      vertex 3.278 -2.02821 54.5401
      vertex 3.27743 -2.17655 53.9865
      vertex 2.395 -2.1215 54.2633
    endloop
  endfacet
  facet normal -0.0203369 0.965726 -0.258766
    outer loop
      vertex 3.27743 -2.17655 53.9865
      vertex 3.295 -2.02787 54.54
      vertex 3.295 -2.17618 53.9865
    endloop
  endfacet
  facet normal -0.0123672 0.229022 0.973343
    outer loop
      vertex 3.295 -5.36146 55.9255
      vertex 3.3 -5.36204 55.9257
      vertex 3.3 -5.36119 55.9255
    endloop
  endfacet
  facet normal 0 0.325991 0.945373
    outer loop
      vertex 3.3 -5.36204 55.9257
      vertex 3.295 -5.36146 55.9255
      vertex 3.295 -5.36204 55.9257
    endloop
  endfacet
  facet normal -0.637999 -0.382882 -0.668101
    outer loop
      vertex 2.395 -1.90342 54.7932
      vertex 3.27742 -5.28921 55.8909
      vertex 3.28145 -5.3132 55.9008
    endloop
  endfacet
  facet normal -0.801429 -0.303243 -0.515514
    outer loop
      vertex 3.295 -5.36533 55.9177
      vertex 3.29486 -5.36479 55.9176
      vertex 3.295 -5.36482 55.9174
    endloop
  endfacet
  facet normal -0.30401 -0.364583 -0.880146
    outer loop
      vertex 3.27742 -5.28921 55.8909
      vertex 2.395 -1.90342 54.7932
      vertex 3.27742 -2.02822 54.5401
    endloop
  endfacet
  facet normal -0.643861 0.385711 0.660811
    outer loop
      vertex 3.28834 -4.5978 57.228
      vertex 2.395 -5.02478 56.6068
      vertex 3.28988 -4.60568 57.2341
    endloop
  endfacet
  facet normal -0.62944 0.283691 0.723412
    outer loop
      vertex 3.29484 -4.60287 57.2373
      vertex 3.295 -4.60328 57.2376
      vertex 3.295 -4.60277 57.2374
    endloop
  endfacet
  facet normal -0.628718 0.284267 0.723814
    outer loop
      vertex 3.295 -4.60328 57.2376
      vertex 3.29484 -4.60287 57.2373
      vertex 3.28989 -4.60567 57.2341
    endloop
  endfacet
  facet normal 0 0.866019 -0.500012
    outer loop
      vertex 3.3 -2.02787 54.54
      vertex 3.295 -1.74138 55.0362
      vertex 3.3 -1.74138 55.0362
    endloop
  endfacet
  facet normal 0 0.866019 -0.500012
    outer loop
      vertex 3.295 -1.74138 55.0362
      vertex 3.3 -2.02787 54.54
      vertex 3.295 -2.02787 54.54
    endloop
  endfacet
  facet normal -1 0 0
    outer loop
      vertex 2.395 -1.90342 54.7932
      vertex 2.395 -5.02478 56.6068
      vertex 2.395 -1.89843 54.8018
    endloop
  endfacet
  facet normal -1 0 -0
    outer loop
      vertex 2.395 -5.02478 56.6068
      vertex 2.395 -1.90342 54.7932
      vertex 2.395 -5.02978 56.5982
    endloop
  endfacet
  facet normal 0.0575847 -0.863073 0.501786
    outer loop
      vertex 2.405 -5.02978 56.5982
      vertex 3.2949 -5.36151 55.9255
      vertex 2.405 -5.02478 56.6068
    endloop
  endfacet
  facet normal -0.0940749 -0.936636 0.337436
    outer loop
      vertex 3.2949 -5.36151 55.9255
      vertex 2.405 -5.02978 56.5982
      vertex 3.29484 -5.36154 55.9254
    endloop
  endfacet
  facet normal 0 -0.894427 0.447214
    outer loop
      vertex 3.29988 -5.36342 55.9216
      vertex 3.3 -5.36347 55.9215
      vertex 3.29995 -5.36342 55.9216
    endloop
  endfacet
  facet normal -0.357771 -0.894427 0.268328
    outer loop
      vertex 3.29995 -5.36342 55.9216
      vertex 3.3 -5.36347 55.9215
      vertex 3.3 -5.36344 55.9216
    endloop
  endfacet
  facet normal -0.303968 0.579968 0.755805
    outer loop
      vertex 3.27742 -1.74167 55.0364
      vertex 2.395 -1.89843 54.8018
      vertex 3.27742 -4.54195 57.1852
    endloop
  endfacet
  facet normal 0 -0.182089 -0.983282
    outer loop
      vertex 3.295 -5.36533 55.9177
      vertex 3.29484 -5.36479 55.9176
      vertex 3.29486 -5.36479 55.9176
    endloop
  endfacet
  facet normal -0.646738 -0.319849 -0.692406
    outer loop
      vertex 3.295 -5.36533 55.9177
      vertex 3.28988 -5.36342 55.9216
      vertex 3.29484 -5.36479 55.9176
    endloop
  endfacet
  facet normal -0.643727 -0.382717 -0.662679
    outer loop
      vertex 2.395 -5.02978 56.5982
      vertex 3.28834 -5.35425 55.9178
      vertex 3.28988 -5.36342 55.9216
    endloop
  endfacet
  facet normal 0.325115 0.94499 -0.0359857
    outer loop
      vertex 2.395 -5.02978 56.5982
      vertex 3.28988 -5.36342 55.9216
      vertex 3.295 -5.36533 55.9177
    endloop
  endfacet
  facet normal -0.643735 -0.382524 -0.662782
    outer loop
      vertex 3.28834 -5.35425 55.9178
      vertex 2.395 -5.02978 56.5982
      vertex 3.28145 -5.3132 55.9008
    endloop
  endfacet
  facet normal -0.643728 -0.382627 -0.66273
    outer loop
      vertex 3.28145 -5.3132 55.9008
      vertex 2.395 -5.02978 56.5982
      vertex 2.395 -1.90342 54.7932
    endloop
  endfacet
  facet normal 0 -0.896884 0.442265
    outer loop
      vertex 3.28989 -5.36342 55.9216
      vertex 2.405 -5.02978 56.5982
      vertex 2.395 -5.02978 56.5982
    endloop
  endfacet
  facet normal 0.000557854 -0.896595 0.442852
    outer loop
      vertex 2.405 -5.02978 56.5982
      vertex 3.28989 -5.36342 55.9216
      vertex 3.29484 -5.36154 55.9254
    endloop
  endfacet
  facet normal 0 -0.898081 0.43983
    outer loop
      vertex 3.295 -5.36533 55.9177
      vertex 3.29988 -5.36342 55.9216
      vertex 3.28989 -5.36342 55.9216
    endloop
  endfacet
  facet normal -0.26062 -0.957023 0.127217
    outer loop
      vertex 3.295 -5.36533 55.9177
      vertex 3.28989 -5.36342 55.9216
      vertex 2.395 -5.02978 56.5982
    endloop
  endfacet
  facet normal 0 -0.898081 0.43983
    outer loop
      vertex 3.3 -5.36533 55.9177
      vertex 3.29988 -5.36342 55.9216
      vertex 3.295 -5.36533 55.9177
    endloop
  endfacet
  facet normal -0.0078785 -0.898149 0.43962
    outer loop
      vertex 3.29988 -5.36342 55.9216
      vertex 3.3 -5.36533 55.9177
      vertex 3.3 -5.36347 55.9215
    endloop
  endfacet
  facet normal 0 0 1
    outer loop
      vertex 3.3 -5.36342 55.9216
      vertex 3.29995 -5.36342 55.9216
      vertex 3.3 -5.36344 55.9216
    endloop
  endfacet
  facet normal 0 0 1
    outer loop
      vertex 3.3 -4.60562 57.2341
      vertex 3.29988 -4.60568 57.2341
      vertex 3.3 -4.60567 57.2341
    endloop
  endfacet
  facet normal 0.312111 -0.624223 0.716193
    outer loop
      vertex 2.405 -5.02478 56.6068
      vertex 3.2949 -5.36151 55.9255
      vertex 3.295 -5.36146 55.9255
    endloop
  endfacet
  facet normal 0.019002 -0.843633 0.536583
    outer loop
      vertex 2.405 -5.02478 56.6068
      vertex 3.295 -4.6081 57.2304
      vertex 3.29484 -4.60804 57.2305
    endloop
  endfacet
  facet normal 0.0550467 -0.864719 0.49923
    outer loop
      vertex 3.295 -5.36146 55.9255
      vertex 3.295 -4.6081 57.2304
      vertex 2.405 -5.02478 56.6068
    endloop
  endfacet
  facet normal 0.0545594 -0.864742 0.499243
    outer loop
      vertex 3.295 -4.6081 57.2304
      vertex 3.295 -5.36146 55.9255
      vertex 3.3 -4.6079 57.2302
    endloop
  endfacet
  facet normal 0.046714 -0.865074 0.499465
    outer loop
      vertex 3.3 -4.6079 57.2302
      vertex 3.295 -5.36146 55.9255
      vertex 3.3 -5.36119 55.9255
    endloop
  endfacet
  facet normal -0.021615 0.864742 -0.501751
    outer loop
      vertex 2.395 -1.89843 54.8018
      vertex 3.27742 -2.02822 54.5401
      vertex 2.395 -1.90342 54.7932
    endloop
  endfacet
  facet normal -0.01483 0.874972 -0.483947
    outer loop
      vertex 3.27801 -2.02821 54.5401
      vertex 3.27742 -2.02822 54.5401
      vertex 2.395 -1.89843 54.8018
    endloop
  endfacet
  facet normal 0 0 1
    outer loop
      vertex 3.27742 -2.02822 54.5401
      vertex 3.27801 -2.02821 54.5401
      vertex 3.278 -2.02821 54.5401
    endloop
  endfacet
  facet normal 0 -0.50702 -0.861934
    outer loop
      vertex 3.295 -5.36482 55.9174
      vertex 3.3 -5.36533 55.9177
      vertex 3.295 -5.36533 55.9177
    endloop
  endfacet
  facet normal 0.00558887 -0.465739 -0.884904
    outer loop
      vertex 3.3 -5.36533 55.9177
      vertex 3.295 -5.36482 55.9174
      vertex 3.3 -5.36457 55.9173
    endloop
  endfacet
  facet normal 0 -0.864507 0.50262
    outer loop
      vertex 2.395 -5.02978 56.5982
      vertex 2.405 -5.02478 56.6068
      vertex 2.395 -5.02478 56.6068
    endloop
  endfacet
  facet normal 0 -0.864507 0.50262
    outer loop
      vertex 2.405 -5.02478 56.6068
      vertex 2.395 -5.02978 56.5982
      vertex 2.405 -5.02978 56.5982
    endloop
  endfacet
  facet normal -0.643747 0.382619 0.662716
    outer loop
      vertex 2.395 -5.02478 56.6068
      vertex 3.27742 -4.54195 57.1852
      vertex 2.395 -1.89843 54.8018
    endloop
  endfacet
  facet normal -0.643705 0.382215 0.66299
    outer loop
      vertex 3.27742 -4.54195 57.1852
      vertex 2.395 -5.02478 56.6068
      vertex 3.28834 -4.5978 57.228
    endloop
  endfacet
  facet normal -0.0199703 0.865842 -0.499919
    outer loop
      vertex 3.27801 -2.02821 54.5401
      vertex 3.27742 -1.74167 55.0364
      vertex 3.295 -1.74138 55.0362
    endloop
  endfacet
  facet normal -0.0209057 0.865825 -0.499911
    outer loop
      vertex 3.27742 -1.74167 55.0364
      vertex 3.27801 -2.02821 54.5401
      vertex 2.395 -1.89843 54.8018
    endloop
  endfacet
  facet normal -0.0202694 0.865841 -0.499909
    outer loop
      vertex 3.27801 -2.02821 54.5401
      vertex 3.295 -1.74138 55.0362
      vertex 3.295 -2.02787 54.54
    endloop
  endfacet
  facet normal 0 -0.825828 0.563922
    outer loop
      vertex 3.29988 -4.60567 57.2341
      vertex 3.3 -4.60328 57.2376
      vertex 3.295 -4.60328 57.2376
    endloop
  endfacet
  facet normal 0 -0.825828 0.563922
    outer loop
      vertex 3.29988 -4.60567 57.2341
      vertex 3.295 -4.60328 57.2376
      vertex 3.28989 -4.60567 57.2341
    endloop
  endfacet
  facet normal 0.327304 -0.785529 0.525182
    outer loop
      vertex 3.3 -4.60328 57.2376
      vertex 3.29988 -4.60567 57.2341
      vertex 3.3 -4.60562 57.2341
    endloop
  endfacet
  facet normal 0 0 1
    outer loop
      vertex 3.3 -4.60562 57.2341
      vertex 3.29988 -4.60567 57.2341
      vertex 3.29988 -4.60568 57.2341
    endloop
  endfacet
  facet normal 0 -0.831499 0.555526
    outer loop
      vertex 2.405 -5.02478 56.6068
      vertex 3.28988 -4.60568 57.2341
      vertex 2.395 -5.02478 56.6068
    endloop
  endfacet
  facet normal 0.0037521 -0.83393 0.551857
    outer loop
      vertex 3.28988 -4.60568 57.2341
      vertex 2.405 -5.02478 56.6068
      vertex 3.29484 -4.60804 57.2305
    endloop
  endfacet
  facet normal 0.0121085 0.465712 0.884853
    outer loop
      vertex 3.295 -4.60277 57.2374
      vertex 3.3 -4.60328 57.2376
      vertex 3.3 -4.60252 57.2372
    endloop
  endfacet
  facet normal 0 0.365088 0.930973
    outer loop
      vertex 3.3 -4.60328 57.2376
      vertex 3.295 -4.60277 57.2374
      vertex 3.295 -4.60328 57.2376
    endloop
  endfacet
  facet normal 0 -0.708602 0.705608
    outer loop
      vertex 2.395 -4.10122 57.8083
      vertex 2.405 -4.10829 57.8012
      vertex 2.405 -4.10122 57.8083
    endloop
  endfacet
  facet normal 0 -0.708602 0.705608
    outer loop
      vertex 2.405 -4.10829 57.8012
      vertex 2.395 -4.10122 57.8083
      vertex 2.395 -4.10829 57.8012
    endloop
  endfacet
  facet normal -0.304021 -0.579958 -0.755791
    outer loop
      vertex 2.395 -1.55563 55.2486
      vertex 3.27742 -1.74167 55.0364
      vertex 3.27742 -4.54195 57.1852
    endloop
  endfacet
  facet normal -1 0 0
    outer loop
      vertex 2.395 -1.55563 55.2486
      vertex 2.395 -4.10122 57.8083
      vertex 2.395 -1.54856 55.2556
    endloop
  endfacet
  facet normal -1 0 -0
    outer loop
      vertex 2.395 -4.10122 57.8083
      vertex 2.395 -1.55563 55.2486
      vertex 2.395 -4.10829 57.8012
    endloop
  endfacet
  facet normal 0 -0.751809 0.659381
    outer loop
      vertex 3.28989 -4.60567 57.2341
      vertex 2.405 -4.10829 57.8012
      vertex 2.395 -4.10829 57.8012
    endloop
  endfacet
  facet normal -0.000498369 -0.752194 0.658941
    outer loop
      vertex 2.405 -4.10829 57.8012
      vertex 3.28989 -4.60567 57.2341
      vertex 3.29484 -4.60287 57.2373
    endloop
  endfacet
  facet normal 0 -0.756823 0.65362
    outer loop
      vertex 3.295 -4.60852 57.2308
      vertex 3.29988 -4.60567 57.2341
      vertex 3.28989 -4.60567 57.2341
    endloop
  endfacet
  facet normal -0.409533 -0.900879 0.143875
    outer loop
      vertex 3.295 -4.60852 57.2308
      vertex 3.28989 -4.60567 57.2341
      vertex 2.395 -4.10829 57.8012
    endloop
  endfacet
  facet normal 0 -0.756823 0.65362
    outer loop
      vertex 3.3 -4.60852 57.2308
      vertex 3.29988 -4.60567 57.2341
      vertex 3.295 -4.60852 57.2308
    endloop
  endfacet
  facet normal 0.105566 -0.750692 0.652164
    outer loop
      vertex 3.29988 -4.60567 57.2341
      vertex 3.3 -4.60852 57.2308
      vertex 3.3 -4.60574 57.234
    endloop
  endfacet
  facet normal -0.643696 -0.54113 -0.541142
    outer loop
      vertex 3.27742 -4.54195 57.1852
      vertex 2.395 -4.10829 57.8012
      vertex 2.395 -1.55563 55.2486
    endloop
  endfacet
  facet normal -0.643734 -0.540789 -0.541437
    outer loop
      vertex 3.28834 -4.5978 57.228
      vertex 2.395 -4.10829 57.8012
      vertex 3.27742 -4.54195 57.1852
    endloop
  endfacet
  facet normal -0.643604 -0.543178 -0.539195
    outer loop
      vertex 3.28988 -4.60568 57.2341
      vertex 2.395 -4.10829 57.8012
      vertex 3.28834 -4.5978 57.228
    endloop
  endfacet
  facet normal 0.52612 0.845806 0.0883768
    outer loop
      vertex 3.28988 -4.60568 57.2341
      vertex 3.295 -4.60852 57.2308
      vertex 2.395 -4.10829 57.8012
    endloop
  endfacet
  facet normal -0.646288 -0.547594 -0.531463
    outer loop
      vertex 3.29484 -4.60804 57.2305
      vertex 3.295 -4.60852 57.2308
      vertex 3.28988 -4.60568 57.2341
    endloop
  endfacet
  facet normal -0.579576 -0.562013 -0.590113
    outer loop
      vertex 3.295 -4.60852 57.2308
      vertex 3.29484 -4.60804 57.2305
      vertex 3.295 -4.6081 57.2304
    endloop
  endfacet
  facet normal 0 0.707124 -0.707089
    outer loop
      vertex 3.295 -1.74138 55.0362
      vertex 3.3 -1.3362 55.4414
      vertex 3.3 -1.74138 55.0362
    endloop
  endfacet
  facet normal 0 0.707124 -0.707089
    outer loop
      vertex 3.3 -1.3362 55.4414
      vertex 3.295 -1.74138 55.0362
      vertex 3.295 -1.3362 55.4414
    endloop
  endfacet
  facet normal 0 -0.689655 -0.724138
    outer loop
      vertex 3.295 -4.6081 57.2304
      vertex 3.3 -4.60852 57.2308
      vertex 3.295 -4.60852 57.2308
    endloop
  endfacet
  facet normal -0.000927228 -0.695421 -0.718602
    outer loop
      vertex 3.3 -4.60852 57.2308
      vertex 3.295 -4.6081 57.2304
      vertex 3.3 -4.6079 57.2302
    endloop
  endfacet
  facet normal -0.643695 0.54114 0.541132
    outer loop
      vertex 2.395 -4.10122 57.8083
      vertex 3.27742 -3.48516 58.2419
      vertex 2.395 -1.54856 55.2556
    endloop
  endfacet
  facet normal -0.643727 0.541387 0.540847
    outer loop
      vertex 3.27742 -3.48516 58.2419
      vertex 2.395 -4.10122 57.8083
      vertex 3.28834 -3.52802 58.2978
    endloop
  endfacet
  facet normal -0.643771 0.542167 0.540012
    outer loop
      vertex 3.28834 -3.52802 58.2978
      vertex 2.395 -4.10122 57.8083
      vertex 3.28988 -3.53406 58.3057
    endloop
  endfacet
  facet normal -0.696194 0.495071 0.519825
    outer loop
      vertex 3.29484 -3.53052 58.308
      vertex 3.295 -3.53082 58.3085
      vertex 3.295 -3.5304 58.3081
    endloop
  endfacet
  facet normal -0.640905 0.550241 0.535234
    outer loop
      vertex 3.28988 -3.53406 58.3057
      vertex 3.295 -3.53082 58.3085
      vertex 3.29484 -3.53052 58.308
    endloop
  endfacet
  facet normal 0.495319 -0.86365 0.0936407
    outer loop
      vertex 3.295 -3.53082 58.3085
      vertex 3.28988 -3.53406 58.3057
      vertex 2.395 -4.10122 57.8083
    endloop
  endfacet
  facet normal -0.304002 0.755797 0.57996
    outer loop
      vertex 3.27742 -3.48516 58.2419
      vertex 3.27742 -1.33643 55.4417
      vertex 2.395 -1.54856 55.2556
    endloop
  endfacet
  facet normal 0.0281996 -0.729025 0.683906
    outer loop
      vertex 2.405 -4.10829 57.8012
      vertex 3.29484 -4.60287 57.2373
      vertex 3.295 -4.60277 57.2374
    endloop
  endfacet
  facet normal 0.0282188 -0.68389 0.72904
    outer loop
      vertex 2.405 -4.10122 57.8083
      vertex 3.295 -3.53735 58.3028
      vertex 3.29484 -3.53725 58.3029
    endloop
  endfacet
  facet normal 0.0568029 -0.707458 0.704469
    outer loop
      vertex 2.405 -4.10829 57.8012
      vertex 3.295 -3.53735 58.3028
      vertex 2.405 -4.10122 57.8083
    endloop
  endfacet
  facet normal 0.0549994 -0.70603 0.706043
    outer loop
      vertex 3.295 -4.60277 57.2374
      vertex 3.295 -3.53735 58.3028
      vertex 2.405 -4.10829 57.8012
    endloop
  endfacet
  facet normal 0.0621055 -0.705735 0.705748
    outer loop
      vertex 3.295 -3.53735 58.3028
      vertex 3.295 -4.60277 57.2374
      vertex 3.3 -3.53721 58.3025
    endloop
  endfacet
  facet normal 0.0635111 -0.705676 0.705683
    outer loop
      vertex 3.3 -3.53721 58.3025
      vertex 3.295 -4.60277 57.2374
      vertex 3.3 -4.60252 57.2372
    endloop
  endfacet
  facet normal 0.0681108 -0.817329 0.572131
    outer loop
      vertex 3.29988 -4.60568 57.2341
      vertex 3.3 -4.60574 57.234
      vertex 3.3 -4.60567 57.2341
    endloop
  endfacet
  facet normal -0.640184 0 -0.768221
    outer loop
      vertex 3.3 -4.60574 57.234
      vertex 3.29988 -4.60568 57.2341
      vertex 3.29988 -4.60567 57.2341
    endloop
  endfacet
  facet normal 0 0 1
    outer loop
      vertex 3.3 -3.53398 58.3057
      vertex 3.29988 -3.53406 58.3057
      vertex 3.3 -3.53406 58.3057
    endloop
  endfacet
  facet normal 0.404366 -0.606549 0.684534
    outer loop
      vertex 3.3 -3.53082 58.3085
      vertex 3.29988 -3.53406 58.3057
      vertex 3.3 -3.53398 58.3057
    endloop
  endfacet
  facet normal 0 -0.653863 0.756613
    outer loop
      vertex 3.295 -3.53082 58.3085
      vertex 3.29988 -3.53406 58.3057
      vertex 3.3 -3.53082 58.3085
    endloop
  endfacet
  facet normal 0 -0.653863 0.756613
    outer loop
      vertex 3.295 -3.53082 58.3085
      vertex 3.28989 -3.53406 58.3057
      vertex 3.29988 -3.53406 58.3057
    endloop
  endfacet
  facet normal 0 -0.659356 0.751831
    outer loop
      vertex 3.28989 -3.53406 58.3057
      vertex 2.395 -4.10122 57.8083
      vertex 2.405 -4.10122 57.8083
    endloop
  endfacet
  facet normal -0.546612 0.836878 0.0291799
    outer loop
      vertex 2.395 -4.10122 57.8083
      vertex 3.28989 -3.53406 58.3057
      vertex 3.295 -3.53082 58.3085
    endloop
  endfacet
  facet normal 0.00017917 -0.659514 0.751692
    outer loop
      vertex 3.29484 -3.53725 58.3029
      vertex 3.28989 -3.53406 58.3057
      vertex 2.405 -4.10122 57.8083
    endloop
  endfacet
  facet normal -0.0197053 0.707022 -0.706917
    outer loop
      vertex 3.27742 -1.33643 55.4417
      vertex 3.295 -1.74138 55.0362
      vertex 3.27742 -1.74167 55.0364
    endloop
  endfacet
  facet normal -0.0213129 0.706964 -0.706929
    outer loop
      vertex 3.295 -1.74138 55.0362
      vertex 3.27742 -1.33643 55.4417
      vertex 3.295 -1.3362 55.4414
    endloop
  endfacet
  facet normal -0.0225444 0.703401 -0.710435
    outer loop
      vertex 2.395 -1.54856 55.2556
      vertex 3.27742 -1.74167 55.0364
      vertex 2.395 -1.55563 55.2486
    endloop
  endfacet
  facet normal -0.0208776 0.707005 -0.7069
    outer loop
      vertex 3.27742 -1.74167 55.0364
      vertex 2.395 -1.54856 55.2556
      vertex 3.27742 -1.33643 55.4417
    endloop
  endfacet
  facet normal 0 0.689655 0.724138
    outer loop
      vertex 3.3 -3.53082 58.3085
      vertex 3.295 -3.5304 58.3081
      vertex 3.295 -3.53082 58.3085
    endloop
  endfacet
  facet normal 0.000927228 0.695421 0.718602
    outer loop
      vertex 3.295 -3.5304 58.3081
      vertex 3.3 -3.53082 58.3085
      vertex 3.3 -3.5302 58.3079
    endloop
  endfacet
  facet normal -0.645081 -0.653697 -0.395664
    outer loop
      vertex 3.29484 -3.53725 58.3029
      vertex 3.295 -3.53765 58.3033
      vertex 3.28989 -3.53406 58.3057
    endloop
  endfacet
  facet normal -0.650945 -0.650945 -0.390567
    outer loop
      vertex 3.295 -3.53765 58.3033
      vertex 3.29484 -3.53725 58.3029
      vertex 3.295 -3.53735 58.3028
    endloop
  endfacet
  facet normal -0.643681 -0.663326 -0.381673
    outer loop
      vertex 3.28988 -3.53406 58.3057
      vertex 2.395 -2.90683 58.7248
      vertex 3.28834 -3.52802 58.2978
    endloop
  endfacet
  facet normal -0.303932 -0.755815 -0.579973
    outer loop
      vertex 3.27742 -3.48516 58.2419
      vertex 2.395 -1.10183 55.5984
      vertex 3.27742 -1.33643 55.4417
    endloop
  endfacet
  facet normal 0.314773 -0.520223 0.793906
    outer loop
      vertex 3.3 -3.53414 58.3056
      vertex 3.29988 -3.53406 58.3057
      vertex 3.3 -3.53765 58.3033
    endloop
  endfacet
  facet normal 0 -0.555769 0.831337
    outer loop
      vertex 3.29988 -3.53406 58.3057
      vertex 3.295 -3.53765 58.3033
      vertex 3.3 -3.53765 58.3033
    endloop
  endfacet
  facet normal 0 -0.555769 0.831337
    outer loop
      vertex 3.295 -3.53765 58.3033
      vertex 3.29988 -3.53406 58.3057
      vertex 3.28989 -3.53406 58.3057
    endloop
  endfacet
  facet normal 0.00548135 -0.550203 0.835013
    outer loop
      vertex 2.405 -2.90683 58.7248
      vertex 3.28988 -3.53406 58.3057
      vertex 3.29484 -3.53052 58.308
    endloop
  endfacet
  facet normal 0 -0.555569 0.831471
    outer loop
      vertex 3.28988 -3.53406 58.3057
      vertex 2.405 -2.90683 58.7248
      vertex 2.395 -2.90683 58.7248
    endloop
  endfacet
  facet normal -0.643717 -0.662835 -0.382463
    outer loop
      vertex 2.395 -2.90683 58.7248
      vertex 3.27742 -3.48516 58.2419
      vertex 3.28834 -3.52802 58.2978
    endloop
  endfacet
  facet normal -0.643733 -0.662728 -0.382621
    outer loop
      vertex 3.27742 -3.48516 58.2419
      vertex 2.395 -2.90683 58.7248
      vertex 2.395 -1.10183 55.5984
    endloop
  endfacet
  facet normal 0 -0.780869 0.624695
    outer loop
      vertex 3.3 -3.53406 58.3057
      vertex 3.29988 -3.53406 58.3057
      vertex 3.3 -3.53414 58.3056
    endloop
  endfacet
  facet normal 0.0588592 -0.499137 0.864522
    outer loop
      vertex 3.295 -2.22553 59.0615
      vertex 3.3 -3.5302 58.3079
      vertex 3.3 -2.22546 59.0612
    endloop
  endfacet
  facet normal 0.0545599 -0.499272 0.864726
    outer loop
      vertex 3.295 -2.22553 59.0615
      vertex 3.295 -3.5304 58.3081
      vertex 3.3 -3.5302 58.3079
    endloop
  endfacet
  facet normal -0.172348 -0.246212 0.953769
    outer loop
      vertex 2.405 -2.90683 58.7248
      vertex 3.295 -2.22553 59.0615
      vertex 3.2949 -2.22546 59.0615
    endloop
  endfacet
  facet normal 0.0550553 -0.499258 0.864702
    outer loop
      vertex 3.295 -2.22553 59.0615
      vertex 2.405 -2.90683 58.7248
      vertex 3.295 -3.5304 58.3081
    endloop
  endfacet
  facet normal -0.0477031 -0.601153 0.797709
    outer loop
      vertex 3.295 -3.5304 58.3081
      vertex 2.405 -2.90683 58.7248
      vertex 3.29484 -3.53052 58.308
    endloop
  endfacet
  facet normal 0 0 1
    outer loop
      vertex 3.3 -2.22156 59.0634
      vertex 3.29995 -2.2216 59.0634
      vertex 3.3 -2.2216 59.0634
    endloop
  endfacet
  facet normal 0 0.444309 -0.895874
    outer loop
      vertex 2.395 -1.10183 55.5984
      vertex 3.278 -0.84011 55.7282
      vertex 3.27801 -0.84011 55.7282
    endloop
  endfacet
  facet normal -0.00312235 0.452741 -0.891636
    outer loop
      vertex 2.395 -1.10183 55.5984
      vertex 3.27742 -0.840114 55.7282
      vertex 3.278 -0.84011 55.7282
    endloop
  endfacet
  facet normal -0.0209057 0.499902 -0.86583
    outer loop
      vertex 3.27742 -0.840114 55.7282
      vertex 2.395 -1.10183 55.5984
      vertex 2.395 -1.09317 55.6034
    endloop
  endfacet
  facet normal -0.647605 0.647605 0.401515
    outer loop
      vertex 3.29484 -2.21758 59.0648
      vertex 3.295 -2.21773 59.0653
      vertex 3.29486 -2.21756 59.0648
    endloop
  endfacet
  facet normal -0.642406 0.652824 0.401417
    outer loop
      vertex 3.295 -2.21773 59.0653
      vertex 3.29484 -2.21758 59.0648
      vertex 3.28988 -2.2216 59.0634
    endloop
  endfacet
  facet normal -0.643746 0.662989 0.382147
    outer loop
      vertex 2.395 -2.89817 58.7298
      vertex 3.28834 -2.2178 59.0543
      vertex 3.28145 -2.2008 59.0132
    endloop
  endfacet
  facet normal -0.643614 0.661402 0.385109
    outer loop
      vertex 3.28834 -2.2178 59.0543
      vertex 2.395 -2.89817 58.7298
      vertex 3.28988 -2.2216 59.0634
    endloop
  endfacet
  facet normal -0.64371 0.662746 0.38263
    outer loop
      vertex 2.395 -2.89817 58.7298
      vertex 3.28145 -2.2008 59.0132
      vertex 2.395 -1.09317 55.6034
    endloop
  endfacet
  facet normal 0.579354 -0.810198 0.0890383
    outer loop
      vertex 3.28988 -2.2216 59.0634
      vertex 2.395 -2.89817 58.7298
      vertex 3.295 -2.21773 59.0653
    endloop
  endfacet
  facet normal -1 0 0
    outer loop
      vertex 2.395 -1.10183 55.5984
      vertex 2.395 -2.89817 58.7298
      vertex 2.395 -1.09317 55.6034
    endloop
  endfacet
  facet normal -1 0 -0
    outer loop
      vertex 2.395 -2.89817 58.7298
      vertex 2.395 -1.10183 55.5984
      vertex 2.395 -2.90683 58.7248
    endloop
  endfacet
  facet normal -0.140036 0 0.990146
    outer loop
      vertex 3.27742 -0.840114 55.7282
      vertex 2.395 -1.09317 55.6034
      vertex 3.27742 -0.840115 55.7282
    endloop
  endfacet
  facet normal -0.303969 0.880164 0.364574
    outer loop
      vertex 3.27742 -2.19086 58.9892
      vertex 3.27742 -0.840115 55.7282
      vertex 2.395 -1.09317 55.6034
    endloop
  endfacet
  facet normal 0 -0.857493 -0.514496
    outer loop
      vertex 3.295 -3.53735 58.3028
      vertex 3.3 -3.53765 58.3033
      vertex 3.295 -3.53765 58.3033
    endloop
  endfacet
  facet normal -0.00438104 -0.876207 -0.481914
    outer loop
      vertex 3.3 -3.53765 58.3033
      vertex 3.295 -3.53735 58.3028
      vertex 3.3 -3.53721 58.3025
    endloop
  endfacet
  facet normal 0 -0.500011 0.866019
    outer loop
      vertex 2.395 -2.89817 58.7298
      vertex 2.405 -2.90683 58.7248
      vertex 2.405 -2.89817 58.7298
    endloop
  endfacet
  facet normal 0 -0.500011 0.866019
    outer loop
      vertex 2.405 -2.90683 58.7248
      vertex 2.395 -2.89817 58.7298
      vertex 2.395 -2.90683 58.7248
    endloop
  endfacet
  facet normal -0.186928 -0.224313 0.956421
    outer loop
      vertex 2.405 -2.89817 58.7298
      vertex 3.2949 -2.22546 59.0615
      vertex 3.29484 -2.22541 59.0615
    endloop
  endfacet
  facet normal 0.0550953 -0.499252 0.864704
    outer loop
      vertex 3.2949 -2.22546 59.0615
      vertex 2.405 -2.89817 58.7298
      vertex 2.405 -2.90683 58.7248
    endloop
  endfacet
  facet normal 0.581914 -0.727393 0.363696
    outer loop
      vertex 3.3 -2.22151 59.0635
      vertex 3.29995 -2.2216 59.0634
      vertex 3.3 -2.22156 59.0634
    endloop
  endfacet
  facet normal 0 -0.743294 0.668965
    outer loop
      vertex 3.3 -2.22151 59.0635
      vertex 3.29988 -2.2216 59.0634
      vertex 3.29995 -2.2216 59.0634
    endloop
  endfacet
  facet normal 0.640184 0 -0.768221
    outer loop
      vertex 3.29988 -2.2216 59.0634
      vertex 3.3 -2.22151 59.0635
      vertex 3.29988 -2.22161 59.0634
    endloop
  endfacet
  facet normal -0.366659 -0.399991 0.839981
    outer loop
      vertex 3.3 -2.21773 59.0653
      vertex 3.29988 -2.22161 59.0634
      vertex 3.3 -2.22151 59.0635
    endloop
  endfacet
  facet normal 0 -0.439791 0.8981
    outer loop
      vertex 3.295 -2.21773 59.0653
      vertex 3.29988 -2.22161 59.0634
      vertex 3.3 -2.21773 59.0653
    endloop
  endfacet
  facet normal 0 -0.439791 0.8981
    outer loop
      vertex 3.295 -2.21773 59.0653
      vertex 3.28989 -2.22161 59.0634
      vertex 3.29988 -2.22161 59.0634
    endloop
  endfacet
  facet normal 0 -0.442243 0.896895
    outer loop
      vertex 3.28989 -2.22161 59.0634
      vertex 2.395 -2.89817 58.7298
      vertex 2.405 -2.89817 58.7298
    endloop
  endfacet
  facet normal -0.496019 0.245391 0.832915
    outer loop
      vertex 2.395 -2.89817 58.7298
      vertex 3.28989 -2.22161 59.0634
      vertex 3.295 -2.21773 59.0653
    endloop
  endfacet
  facet normal 0.00237328 -0.444737 0.895658
    outer loop
      vertex 3.29484 -2.22541 59.0615
      vertex 3.28989 -2.22161 59.0634
      vertex 2.405 -2.89817 58.7298
    endloop
  endfacet
  facet normal 0 0.500003 -0.866023
    outer loop
      vertex 3.295 -1.3362 55.4414
      vertex 3.3 -0.839972 55.7279
      vertex 3.3 -1.3362 55.4414
    endloop
  endfacet
  facet normal 0 0.500003 -0.866023
    outer loop
      vertex 3.3 -0.839972 55.7279
      vertex 3.295 -1.3362 55.4414
      vertex 3.295 -0.839972 55.7279
    endloop
  endfacet
  facet normal -0.0193494 0.49991 -0.865861
    outer loop
      vertex 3.295 -1.3362 55.4414
      vertex 3.27801 -0.84011 55.7282
      vertex 3.295 -0.839972 55.7279
    endloop
  endfacet
  facet normal -0.0213151 0.499839 -0.865856
    outer loop
      vertex 3.27742 -1.33643 55.4417
      vertex 3.27801 -0.84011 55.7282
      vertex 3.295 -1.3362 55.4414
    endloop
  endfacet
  facet normal -0.0208717 0.499844 -0.865864
    outer loop
      vertex 3.27801 -0.84011 55.7282
      vertex 3.27742 -1.33643 55.4417
      vertex 2.395 -1.10183 55.5984
    endloop
  endfacet
  facet normal -0.595598 0.694864 0.403021
    outer loop
      vertex 3.295 -2.21744 59.0648
      vertex 3.29486 -2.21756 59.0648
      vertex 3.295 -2.21773 59.0653
    endloop
  endfacet
  facet normal -0.643405 0.663033 0.382645
    outer loop
      vertex 3.27742 -2.19086 58.9892
      vertex 2.395 -1.09317 55.6034
      vertex 3.28145 -2.2008 59.0132
    endloop
  endfacet
  facet normal 0 0.865031 0.501718
    outer loop
      vertex 3.3 -2.21773 59.0653
      vertex 3.295 -2.21744 59.0648
      vertex 3.295 -2.21773 59.0653
    endloop
  endfacet
  facet normal -0.0041122 0.846629 0.532167
    outer loop
      vertex 3.295 -2.21744 59.0648
      vertex 3.3 -2.21773 59.0653
      vertex 3.3 -2.21729 59.0646
    endloop
  endfacet
  facet normal -0.644417 -0.736362 -0.20615
    outer loop
      vertex 3.29484 -2.22541 59.0615
      vertex 3.295 -2.22569 59.062
      vertex 3.28989 -2.22161 59.0634
    endloop
  endfacet
  facet normal -0.624524 -0.749429 -0.219832
    outer loop
      vertex 3.2949 -2.22546 59.0615
      vertex 3.295 -2.22569 59.062
      vertex 3.29484 -2.22541 59.0615
    endloop
  endfacet
  facet normal -0.554718 -0.792454 -0.253585
    outer loop
      vertex 3.295 -2.22569 59.062
      vertex 3.2949 -2.22546 59.0615
      vertex 3.295 -2.22553 59.0615
    endloop
  endfacet
  facet normal -0.643769 -0.738745 -0.199541
    outer loop
      vertex 3.28988 -2.2216 59.0634
      vertex 2.395 -1.50727 59.3059
      vertex 3.28834 -2.2178 59.0543
    endloop
  endfacet
  facet normal -0.303969 -0.880164 -0.364574
    outer loop
      vertex 3.27742 -2.19086 58.9892
      vertex 2.395 -0.572936 55.8189
      vertex 3.27742 -0.840115 55.7282
    endloop
  endfacet
  facet normal -0 0 1
    outer loop
      vertex 3.29988 -2.22161 59.0634
      vertex 3.3 -2.2217 59.0634
      vertex 3.29988 -2.2216 59.0634
    endloop
  endfacet
  facet normal -0.240997 -0.321329 0.915788
    outer loop
      vertex 3.3 -2.2217 59.0634
      vertex 3.29988 -2.22161 59.0634
      vertex 3.3 -2.22569 59.062
    endloop
  endfacet
  facet normal 0 -0.324561 0.945865
    outer loop
      vertex 3.29988 -2.22161 59.0634
      vertex 3.295 -2.22569 59.062
      vertex 3.3 -2.22569 59.062
    endloop
  endfacet
  facet normal 0 -0.324561 0.945865
    outer loop
      vertex 3.295 -2.22569 59.062
      vertex 3.29988 -2.22161 59.0634
      vertex 3.28989 -2.22161 59.0634
    endloop
  endfacet
  facet normal -0.00335783 -0.325186 0.945644
    outer loop
      vertex 2.405 -1.50727 59.3059
      vertex 3.28988 -2.2216 59.0634
      vertex 3.29484 -2.21758 59.0648
    endloop
  endfacet
  facet normal 0 -0.32146 0.946923
    outer loop
      vertex 3.28988 -2.2216 59.0634
      vertex 2.405 -1.50727 59.3059
      vertex 2.395 -1.50727 59.3059
    endloop
  endfacet
  facet normal -0.643702 -0.739254 -0.197864
    outer loop
      vertex 2.395 -1.50727 59.3059
      vertex 3.28145 -2.2008 59.0132
      vertex 3.28834 -2.2178 59.0543
    endloop
  endfacet
  facet normal -0.643716 -0.739191 -0.198057
    outer loop
      vertex 2.395 -1.50727 59.3059
      vertex 3.27742 -2.19086 58.9892
      vertex 3.28145 -2.2008 59.0132
    endloop
  endfacet
  facet normal -0.643717 -0.739188 -0.198064
    outer loop
      vertex 3.27742 -2.19086 58.9892
      vertex 2.395 -1.50727 59.3059
      vertex 2.395 -0.572936 55.8189
    endloop
  endfacet
  facet normal 0 0 1
    outer loop
      vertex 3.3 -0.757703 59.4557
      vertex 3.29995 -0.757746 59.4557
      vertex 3.3 -0.757745 59.4557
    endloop
  endfacet
  facet normal -0 0 1
    outer loop
      vertex 3.29995 -2.2216 59.0634
      vertex 3.3 -2.2217 59.0634
      vertex 3.3 -2.2216 59.0634
    endloop
  endfacet
  facet normal 0 0 1
    outer loop
      vertex 3.3 -2.2217 59.0634
      vertex 3.29995 -2.2216 59.0634
      vertex 3.29988 -2.2216 59.0634
    endloop
  endfacet
  facet normal 0.0578588 -0.258367 0.964313
    outer loop
      vertex 3.295 -0.762052 59.4548
      vertex 3.3 -2.21729 59.0646
      vertex 3.3 -0.762052 59.4545
    endloop
  endfacet
  facet normal 0.0463521 -0.258559 0.964883
    outer loop
      vertex 3.295 -0.762052 59.4548
      vertex 3.295 -2.21744 59.0648
      vertex 3.3 -2.21729 59.0646
    endloop
  endfacet
  facet normal -0.0815704 -0.100704 0.991567
    outer loop
      vertex 2.405 -1.50727 59.3059
      vertex 3.295 -0.762052 59.4548
      vertex 3.2949 -0.761971 59.4548
    endloop
  endfacet
  facet normal 0.0550454 -0.258445 0.964456
    outer loop
      vertex 3.295 -0.762052 59.4548
      vertex 2.405 -1.50727 59.3059
      vertex 3.295 -2.21744 59.0648
    endloop
  endfacet
  facet normal 0.137144 -0.160001 0.977544
    outer loop
      vertex 3.295 -2.21744 59.0648
      vertex 2.405 -1.50727 59.3059
      vertex 3.29486 -2.21756 59.0648
    endloop
  endfacet
  facet normal 0.147365 -0.147365 0.978043
    outer loop
      vertex 3.29486 -2.21756 59.0648
      vertex 2.405 -1.50727 59.3059
      vertex 3.29484 -2.21758 59.0648
    endloop
  endfacet
  facet normal -0.0205394 0.259897 -0.965418
    outer loop
      vertex 2.395 -0.563278 55.8215
      vertex 3.27742 -0.840115 55.7282
      vertex 2.395 -0.572936 55.8189
    endloop
  endfacet
  facet normal -0.105146 0 -0.994457
    outer loop
      vertex 3.27742 -0.840115 55.7282
      vertex 2.395 -0.563278 55.8215
      vertex 3.27742 -0.840114 55.7282
    endloop
  endfacet
  facet normal -0.00215988 0.313183 -0.94969
    outer loop
      vertex 3.27742 -0.840114 55.7282
      vertex 2.395 -0.563278 55.8215
      vertex 3.278 -0.84011 55.7282
    endloop
  endfacet
  facet normal 0 0.258814 -0.965927
    outer loop
      vertex 3.295 -0.839972 55.7279
      vertex 3.3 -0.286497 55.8762
      vertex 3.3 -0.839972 55.7279
    endloop
  endfacet
  facet normal 0 0.258814 -0.965927
    outer loop
      vertex 3.3 -0.286497 55.8762
      vertex 3.295 -0.839972 55.7279
      vertex 3.295 -0.286497 55.8762
    endloop
  endfacet
  facet normal -0.0191545 0.258766 -0.96575
    outer loop
      vertex 3.27801 -0.84011 55.7282
      vertex 3.295 -0.286497 55.8762
      vertex 3.295 -0.839972 55.7279
    endloop
  endfacet
  facet normal 0 0.258775 -0.965938
    outer loop
      vertex 3.27743 -0.286545 55.8765
      vertex 3.27801 -0.84011 55.7282
      vertex 3.278 -0.84011 55.7282
    endloop
  endfacet
  facet normal -0.0171974 0.25872 -0.965799
    outer loop
      vertex 3.27801 -0.84011 55.7282
      vertex 3.27743 -0.286545 55.8765
      vertex 3.295 -0.286497 55.8762
    endloop
  endfacet
  facet normal -0.0209365 0.258698 -0.965731
    outer loop
      vertex 3.27743 -0.286545 55.8765
      vertex 3.278 -0.84011 55.7282
      vertex 2.395 -0.563278 55.8215
    endloop
  endfacet
  facet normal -1 0 0
    outer loop
      vertex 2.395 -0.572936 55.8189
      vertex 2.395 -1.49761 59.3085
      vertex 2.395 -0.563278 55.8215
    endloop
  endfacet
  facet normal -1 0 -0
    outer loop
      vertex 2.395 -1.49761 59.3085
      vertex 2.395 -0.572936 55.8189
      vertex 2.395 -1.50727 59.3059
    endloop
  endfacet
  facet normal -0.643722 0.739203 0.197995
    outer loop
      vertex 3.28145 -0.750651 59.4018
      vertex 2.395 -1.49761 59.3085
      vertex 3.28988 -0.757747 59.4557
    endloop
  endfacet
  facet normal -0.643717 0.739188 0.198063
    outer loop
      vertex 2.395 -1.49761 59.3085
      vertex 3.28145 -0.750651 59.4018
      vertex 2.395 -0.563278 55.8215
    endloop
  endfacet
  facet normal -0.675921 0.711496 0.192104
    outer loop
      vertex 3.29484 -0.753506 59.4559
      vertex 3.295 -0.753516 59.4565
      vertex 3.29486 -0.753487 59.4559
    endloop
  endfacet
  facet normal -0.643622 0.742893 0.184014
    outer loop
      vertex 3.295 -0.753516 59.4565
      vertex 3.29484 -0.753506 59.4559
      vertex 3.28989 -0.757745 59.4557
    endloop
  endfacet
  facet normal 0 -0.952424 -0.304776
    outer loop
      vertex 3.295 -2.22553 59.0615
      vertex 3.3 -2.22569 59.062
      vertex 3.295 -2.22569 59.062
    endloop
  endfacet
  facet normal -0.00312346 -0.961065 -0.276306
    outer loop
      vertex 3.3 -2.22569 59.062
      vertex 3.295 -2.22553 59.0615
      vertex 3.3 -2.22546 59.0612
    endloop
  endfacet
  facet normal 0 -0.259902 0.965635
    outer loop
      vertex 2.395 -1.49761 59.3085
      vertex 2.405 -1.50727 59.3059
      vertex 2.405 -1.49761 59.3085
    endloop
  endfacet
  facet normal 0 -0.259902 0.965635
    outer loop
      vertex 2.405 -1.50727 59.3059
      vertex 2.395 -1.49761 59.3085
      vertex 2.395 -1.50727 59.3059
    endloop
  endfacet
  facet normal 0 0 1
    outer loop
      vertex 3.3 -0.757649 59.4557
      vertex 3.29995 -0.757746 59.4557
      vertex 3.3 -0.757703 59.4557
    endloop
  endfacet
  facet normal 0 -0 1
    outer loop
      vertex 3.29995 -0.757746 59.4557
      vertex 3.3 -0.757649 59.4557
      vertex 3.29988 -0.757746 59.4557
    endloop
  endfacet
  facet normal -0.0857457 -0.0935408 0.991916
    outer loop
      vertex 2.405 -1.49761 59.3085
      vertex 3.2949 -0.761971 59.4548
      vertex 3.29484 -0.761916 59.4548
    endloop
  endfacet
  facet normal 0.0560098 -0.259494 0.964119
    outer loop
      vertex 3.2949 -0.761971 59.4548
      vertex 2.405 -1.49761 59.3085
      vertex 2.405 -1.50727 59.3059
    endloop
  endfacet
  facet normal 0.150302 -0.187878 0.970624
    outer loop
      vertex 3.29988 -0.757745 59.4557
      vertex 3.3 -0.757649 59.4557
      vertex 3.3 -0.753516 59.4565
    endloop
  endfacet
  facet normal 0 0 1
    outer loop
      vertex 3.3 -0.757649 59.4557
      vertex 3.29988 -0.757745 59.4557
      vertex 3.29988 -0.757746 59.4557
    endloop
  endfacet
  facet normal 0 -0.185873 0.982574
    outer loop
      vertex 3.295 -0.753516 59.4565
      vertex 3.29988 -0.757745 59.4557
      vertex 3.3 -0.753516 59.4565
    endloop
  endfacet
  facet normal 0 -0.185873 0.982574
    outer loop
      vertex 3.29988 -0.757745 59.4557
      vertex 3.295 -0.753516 59.4565
      vertex 3.28989 -0.757745 59.4557
    endloop
  endfacet
  facet normal 0.00694551 -0.203111 0.979131
    outer loop
      vertex 3.28988 -0.757747 59.4557
      vertex 2.405 -1.49761 59.3085
      vertex 3.29484 -0.761916 59.4548
    endloop
  endfacet
  facet normal 0 -0.195131 0.980777
    outer loop
      vertex 2.405 -1.49761 59.3085
      vertex 3.28988 -0.757747 59.4557
      vertex 2.395 -1.49761 59.3085
    endloop
  endfacet
  facet normal -0.0957592 0.478796 -0.872688
    outer loop
      vertex 3.27743 -0.286545 55.8765
      vertex 2.395 -0.563278 55.8215
      vertex 3.27742 -0.286547 55.8765
    endloop
  endfacet
  facet normal -0.303961 0.944534 0.12435
    outer loop
      vertex 3.27742 -0.747262 59.376
      vertex 3.27742 -0.286547 55.8765
      vertex 2.395 -0.563278 55.8215
    endloop
  endfacet
  facet normal -0.641179 0.741526 0.197557
    outer loop
      vertex 3.27742 -0.747262 59.376
      vertex 2.395 -0.563278 55.8215
      vertex 3.28145 -0.750651 59.4018
    endloop
  endfacet
  facet normal -0.651276 0.735311 0.187504
    outer loop
      vertex 3.295 -0.753363 59.4559
      vertex 3.29486 -0.753487 59.4559
      vertex 3.295 -0.753516 59.4565
    endloop
  endfacet
  facet normal 0 0.968992 0.247093
    outer loop
      vertex 3.3 -0.753516 59.4565
      vertex 3.295 -0.753363 59.4559
      vertex 3.295 -0.753516 59.4565
    endloop
  endfacet
  facet normal -0.00331896 0.962016 0.272972
    outer loop
      vertex 3.295 -0.753363 59.4559
      vertex 3.3 -0.753516 59.4565
      vertex 3.3 -0.753289 59.4557
    endloop
  endfacet
  facet normal 1 -0 0
    outer loop
      vertex 8.3 -8 44.7
      vertex 8.3 8 6
      vertex 8.3 8 44.7
    endloop
  endfacet
  facet normal 1 0 0
    outer loop
      vertex 8.3 8 6
      vertex 8.3 -8 44.7
      vertex 8.3 -8 6
    endloop
  endfacet
  facet normal -0 0 1
    outer loop
      vertex -3.3 8 44.71
      vertex 3.3 -8 44.71
      vertex 3.3 8 44.71
    endloop
  endfacet
  facet normal 0 0 1
    outer loop
      vertex 3.3 -8 44.71
      vertex -3.3 8 44.71
      vertex -3.3 -8 44.71
    endloop
  endfacet
  facet normal -1 0 0
    outer loop
      vertex -8.3 -8 6
      vertex -8.3 8 44.7
      vertex -8.3 8 6
    endloop
  endfacet
  facet normal -1 -0 0
    outer loop
      vertex -8.3 8 44.7
      vertex -8.3 -8 6
      vertex -8.3 -8 44.7
    endloop
  endfacet
endsolid OpenSCAD_Model
