solid OpenSCAD_Model
  facet normal -1 0 0
    outer loop
      vertex 78.5 -3 0
      vertex 78.5 3 9.5
      vertex 78.5 3 0
    endloop
  endfacet
  facet normal -1 -0 0
    outer loop
      vertex 78.5 3 9.5
      vertex 78.5 -3 0
      vertex 78.5 -3 9.5
    endloop
  endfacet
  facet normal 1 -0 0
    outer loop
      vertex 63.5 -3 9.5
      vertex 63.5 3 3
      vertex 63.5 3 9.5
    endloop
  endfacet
  facet normal 1 0 0
    outer loop
      vertex 63.5 3 3
      vertex 63.5 -3 9.5
      vertex 63.5 -3 3
    endloop
  endfacet
  facet normal 0 -1 0
    outer loop
      vertex 76 3 3
      vertex 63.5 3 9.5
      vertex 63.5 3 3
    endloop
  endfacet
  facet normal 0 -1 0
    outer loop
      vertex 63.5 3 9.5
      vertex 76 3 3
      vertex 78.5 3 9.5
    endloop
  endfacet
  facet normal 0 -1 0
    outer loop
      vertex 78.5 3 0
      vertex 76 3 3
      vertex 76 3 0
    endloop
  endfacet
  facet normal 0 -1 0
    outer loop
      vertex 76 3 3
      vertex 78.5 3 0
      vertex 78.5 3 9.5
    endloop
  endfacet
  facet normal 0 1 0
    outer loop
      vertex 78.5 -3 9.5
      vertex 76 -3 3
      vertex 63.5 -3 9.5
    endloop
  endfacet
  facet normal 0 1 -0
    outer loop
      vertex 78.5 -3 0
      vertex 76 -3 3
      vertex 78.5 -3 9.5
    endloop
  endfacet
  facet normal 0 1 0
    outer loop
      vertex 76 -3 3
      vertex 78.5 -3 0
      vertex 76 -3 0
    endloop
  endfacet
  facet normal 0 1 0
    outer loop
      vertex 63.5 -3 9.5
      vertex 76 -3 3
      vertex 63.5 -3 3
    endloop
  endfacet
  facet normal -1 0 0
    outer loop
      vertex 76 3 0
      vertex 76 3.3 3
      vertex 76 3.3 0
    endloop
  endfacet
  facet normal -1 -0 0
    outer loop
      vertex 76 3.3 3
      vertex 76 3 0
      vertex 76 3 3
    endloop
  endfacet
  facet normal -1 0 0
    outer loop
      vertex 76 -3.3 0
      vertex 76 -3 3
      vertex 76 -3 0
    endloop
  endfacet
  facet normal -1 -0 0
    outer loop
      vertex 76 -3 3
      vertex 76 -3.3 0
      vertex 76 -3.3 3
    endloop
  endfacet
  facet normal 0 0 -1
    outer loop
      vertex 76 -3.3 3
      vertex 63.5 -3 3
      vertex 76 -3 3
    endloop
  endfacet
  facet normal 0 0 -1
    outer loop
      vertex 63.5 -3 3
      vertex 56.675 0 3
      vertex 63.5 3 3
    endloop
  endfacet
  facet normal 0 0 -1
    outer loop
      vertex 63.5 -3 3
      vertex 56.6313 -2.22505 3
      vertex 56.675 0 3
    endloop
  endfacet
  facet normal -0 0 -1
    outer loop
      vertex 63.5 -3 3
      vertex 56.5679 -3.3 3
      vertex 56.6313 -2.22505 3
    endloop
  endfacet
  facet normal 0 0 -1
    outer loop
      vertex 56.5679 -3.3 3
      vertex 63.5 -3 3
      vertex 76 -3.3 3
    endloop
  endfacet
  facet normal 0 0 -1
    outer loop
      vertex 63.5 3 3
      vertex 76 3.3 3
      vertex 76 3 3
    endloop
  endfacet
  facet normal 0 0 -1
    outer loop
      vertex 56.6313 2.22505 3
      vertex 63.5 3 3
      vertex 56.675 0 3
    endloop
  endfacet
  facet normal 0 0 -1
    outer loop
      vertex 63.5 3 3
      vertex 56.5679 3.3 3
      vertex 76 3.3 3
    endloop
  endfacet
  facet normal 0 0 -1
    outer loop
      vertex 56.5679 3.3 3
      vertex 63.5 3 3
      vertex 56.6313 2.22505 3
    endloop
  endfacet
  facet normal 0 -1 0
    outer loop
      vertex 56.5679 3.3 0
      vertex 76 3.3 3
      vertex 56.5679 3.3 3
    endloop
  endfacet
  facet normal 0 -1 -0
    outer loop
      vertex 76 3.3 3
      vertex 56.5679 3.3 0
      vertex 76 3.3 0
    endloop
  endfacet
  facet normal 0 1 -0
    outer loop
      vertex 76 -3.3 0
      vertex 56.5679 -3.3 3
      vertex 76 -3.3 3
    endloop
  endfacet
  facet normal 0 1 0
    outer loop
      vertex 56.5679 -3.3 3
      vertex 76 -3.3 0
      vertex 56.5679 -3.3 0
    endloop
  endfacet
  facet normal 0.499997 -0.866027 0
    outer loop
      vertex -41.8481 66.483 0
      vertex -36.6519 69.483 9.5
      vertex -41.8481 66.483 9.5
    endloop
  endfacet
  facet normal 0.499997 -0.866027 0
    outer loop
      vertex -36.6519 69.483 9.5
      vertex -41.8481 66.483 0
      vertex -36.6519 69.483 0
    endloop
  endfacet
  facet normal -0.499997 0.866027 0
    outer loop
      vertex -29.1519 56.4926 3
      vertex -34.3481 53.4926 9.5
      vertex -29.1519 56.4926 9.5
    endloop
  endfacet
  facet normal -0.499997 0.866027 0
    outer loop
      vertex -34.3481 53.4926 9.5
      vertex -29.1519 56.4926 3
      vertex -34.3481 53.4926 3
    endloop
  endfacet
  facet normal 0.866029 0.499994 0
    outer loop
      vertex -41.8481 66.483 9.5
      vertex -40.5981 64.3179 3
      vertex -41.8481 66.483 0
    endloop
  endfacet
  facet normal 0.866026 0.499999 -2.5641e-06
    outer loop
      vertex -34.3481 53.4926 9.5
      vertex -40.5981 64.3179 3
      vertex -41.8481 66.483 9.5
    endloop
  endfacet
  facet normal 0.866025 0.500001 0
    outer loop
      vertex -40.5981 64.3179 3
      vertex -34.3481 53.4926 9.5
      vertex -34.3481 53.4926 3
    endloop
  endfacet
  facet normal 0.866029 0.499994 0
    outer loop
      vertex -41.8481 66.483 0
      vertex -40.5981 64.3179 3
      vertex -40.5981 64.3179 0
    endloop
  endfacet
  facet normal -0.866029 -0.499994 -0
    outer loop
      vertex -35.4019 67.3179 3
      vertex -36.6519 69.483 0
      vertex -35.4019 67.3179 0
    endloop
  endfacet
  facet normal -0.866029 -0.499994 0
    outer loop
      vertex -36.6519 69.483 0
      vertex -35.4019 67.3179 3
      vertex -36.6519 69.483 9.5
    endloop
  endfacet
  facet normal -0.866025 -0.500001 -0
    outer loop
      vertex -29.1519 56.4926 9.5
      vertex -35.4019 67.3179 3
      vertex -29.1519 56.4926 3
    endloop
  endfacet
  facet normal -0.866026 -0.499999 2.5641e-06
    outer loop
      vertex -35.4019 67.3179 3
      vertex -29.1519 56.4926 9.5
      vertex -36.6519 69.483 9.5
    endloop
  endfacet
  facet normal 0.500011 -0.866019 0
    outer loop
      vertex -40.8579 64.1679 0
      vertex -40.5981 64.3179 3
      vertex -40.8579 64.1679 3
    endloop
  endfacet
  facet normal 0.500011 -0.866019 0
    outer loop
      vertex -40.5981 64.3179 3
      vertex -40.8579 64.1679 0
      vertex -40.5981 64.3179 0
    endloop
  endfacet
  facet normal 0.500011 -0.866019 0
    outer loop
      vertex -35.4019 67.3179 0
      vertex -35.1421 67.4679 3
      vertex -35.4019 67.3179 3
    endloop
  endfacet
  facet normal 0.500011 -0.866019 0
    outer loop
      vertex -35.1421 67.4679 3
      vertex -35.4019 67.3179 0
      vertex -35.1421 67.4679 0
    endloop
  endfacet
  facet normal 0 0 -1
    outer loop
      vertex -34.3481 53.4926 3
      vertex -27.6926 49.4487 3
      vertex -29.6126 48.3234 3
    endloop
  endfacet
  facet normal 0 0 -1
    outer loop
      vertex -34.3481 53.4926 3
      vertex -29.6126 48.3234 3
      vertex -31.144 47.3431 3
    endloop
  endfacet
  facet normal 0 0 -1
    outer loop
      vertex -27.6926 49.4487 3
      vertex -34.3481 53.4926 3
      vertex -29.1519 56.4926 3
    endloop
  endfacet
  facet normal 0 0 -1
    outer loop
      vertex -40.8579 64.1679 3
      vertex -34.3481 53.4926 3
      vertex -31.144 47.3431 3
    endloop
  endfacet
  facet normal 0 0 -1
    outer loop
      vertex -34.3481 53.4926 3
      vertex -40.8579 64.1679 3
      vertex -40.5981 64.3179 3
    endloop
  endfacet
  facet normal 0 0 -1
    outer loop
      vertex -29.1519 56.4926 3
      vertex -25.7299 50.4978 3
      vertex -27.6926 49.4487 3
    endloop
  endfacet
  facet normal 0 0 -1
    outer loop
      vertex -29.1519 56.4926 3
      vertex -25.4287 50.6439 3
      vertex -25.7299 50.4978 3
    endloop
  endfacet
  facet normal 0 0 -1
    outer loop
      vertex -29.1519 56.4926 3
      vertex -35.1421 67.4679 3
      vertex -25.4287 50.6439 3
    endloop
  endfacet
  facet normal 0 -0 -1
    outer loop
      vertex -35.1421 67.4679 3
      vertex -29.1519 56.4926 3
      vertex -35.4019 67.3179 3
    endloop
  endfacet
  facet normal 0.866023 0.500004 0
    outer loop
      vertex -31.144 47.3431 3
      vertex -40.8579 64.1679 0
      vertex -40.8579 64.1679 3
    endloop
  endfacet
  facet normal 0.866023 0.500004 0
    outer loop
      vertex -40.8579 64.1679 0
      vertex -31.144 47.3431 3
      vertex -31.144 47.3431 0
    endloop
  endfacet
  facet normal -0.866024 -0.500002 0
    outer loop
      vertex -25.4287 50.6439 0
      vertex -35.1421 67.4679 3
      vertex -35.1421 67.4679 0
    endloop
  endfacet
  facet normal -0.866024 -0.500002 0
    outer loop
      vertex -35.1421 67.4679 3
      vertex -25.4287 50.6439 0
      vertex -25.4287 50.6439 3
    endloop
  endfacet
  facet normal 0.499997 0.866027 -0
    outer loop
      vertex -36.6519 -69.483 0
      vertex -41.8481 -66.483 9.5
      vertex -36.6519 -69.483 9.5
    endloop
  endfacet
  facet normal 0.499997 0.866027 0
    outer loop
      vertex -41.8481 -66.483 9.5
      vertex -36.6519 -69.483 0
      vertex -41.8481 -66.483 0
    endloop
  endfacet
  facet normal -0.499997 -0.866027 0
    outer loop
      vertex -34.3481 -53.4926 3
      vertex -29.1519 -56.4926 9.5
      vertex -34.3481 -53.4926 9.5
    endloop
  endfacet
  facet normal -0.499997 -0.866027 -0
    outer loop
      vertex -29.1519 -56.4926 9.5
      vertex -34.3481 -53.4926 3
      vertex -29.1519 -56.4926 3
    endloop
  endfacet
  facet normal -0.866029 0.499994 0
    outer loop
      vertex -35.4019 -67.3179 0
      vertex -36.6519 -69.483 0
      vertex -35.4019 -67.3179 3
    endloop
  endfacet
  facet normal -0.866025 0.500001 0
    outer loop
      vertex -35.4019 -67.3179 3
      vertex -29.1519 -56.4926 9.5
      vertex -29.1519 -56.4926 3
    endloop
  endfacet
  facet normal -0.866026 0.499999 2.5641e-06
    outer loop
      vertex -35.4019 -67.3179 3
      vertex -36.6519 -69.483 9.5
      vertex -29.1519 -56.4926 9.5
    endloop
  endfacet
  facet normal -0.866029 0.499994 0
    outer loop
      vertex -36.6519 -69.483 9.5
      vertex -35.4019 -67.3179 3
      vertex -36.6519 -69.483 0
    endloop
  endfacet
  facet normal 0.866025 -0.500001 0
    outer loop
      vertex -34.3481 -53.4926 9.5
      vertex -40.5981 -64.3179 3
      vertex -34.3481 -53.4926 3
    endloop
  endfacet
  facet normal 0.866026 -0.499999 -2.5641e-06
    outer loop
      vertex -41.8481 -66.483 9.5
      vertex -40.5981 -64.3179 3
      vertex -34.3481 -53.4926 9.5
    endloop
  endfacet
  facet normal 0.866029 -0.499994 0
    outer loop
      vertex -41.8481 -66.483 0
      vertex -40.5981 -64.3179 3
      vertex -41.8481 -66.483 9.5
    endloop
  endfacet
  facet normal 0.866029 -0.499994 0
    outer loop
      vertex -40.5981 -64.3179 3
      vertex -41.8481 -66.483 0
      vertex -40.5981 -64.3179 0
    endloop
  endfacet
  facet normal 0.500011 0.866019 -0
    outer loop
      vertex -35.1421 -67.4679 0
      vertex -35.4019 -67.3179 3
      vertex -35.1421 -67.4679 3
    endloop
  endfacet
  facet normal 0.500011 0.866019 0
    outer loop
      vertex -35.4019 -67.3179 3
      vertex -35.1421 -67.4679 0
      vertex -35.4019 -67.3179 0
    endloop
  endfacet
  facet normal 0.500011 0.866019 -0
    outer loop
      vertex -40.5981 -64.3179 0
      vertex -40.8579 -64.1679 3
      vertex -40.5981 -64.3179 3
    endloop
  endfacet
  facet normal 0.500011 0.866019 0
    outer loop
      vertex -40.8579 -64.1679 3
      vertex -40.5981 -64.3179 0
      vertex -40.8579 -64.1679 0
    endloop
  endfacet
  facet normal -0 0 -1
    outer loop
      vertex -25.7299 -50.4978 3
      vertex -29.1519 -56.4926 3
      vertex -27.6926 -49.4487 3
    endloop
  endfacet
  facet normal -0 0 -1
    outer loop
      vertex -25.4287 -50.6439 3
      vertex -29.1519 -56.4926 3
      vertex -25.7299 -50.4978 3
    endloop
  endfacet
  facet normal 0 0 -1
    outer loop
      vertex -35.1421 -67.4679 3
      vertex -29.1519 -56.4926 3
      vertex -25.4287 -50.6439 3
    endloop
  endfacet
  facet normal 0 0 -1
    outer loop
      vertex -29.1519 -56.4926 3
      vertex -35.1421 -67.4679 3
      vertex -35.4019 -67.3179 3
    endloop
  endfacet
  facet normal 0 0 -1
    outer loop
      vertex -34.3481 -53.4926 3
      vertex -27.6926 -49.4487 3
      vertex -29.1519 -56.4926 3
    endloop
  endfacet
  facet normal -0 0 -1
    outer loop
      vertex -27.6926 -49.4487 3
      vertex -34.3481 -53.4926 3
      vertex -29.6126 -48.3234 3
    endloop
  endfacet
  facet normal -0 0 -1
    outer loop
      vertex -29.6126 -48.3234 3
      vertex -34.3481 -53.4926 3
      vertex -31.144 -47.3431 3
    endloop
  endfacet
  facet normal 0 0 -1
    outer loop
      vertex -40.8579 -64.1679 3
      vertex -34.3481 -53.4926 3
      vertex -40.5981 -64.3179 3
    endloop
  endfacet
  facet normal -0 0 -1
    outer loop
      vertex -34.3481 -53.4926 3
      vertex -40.8579 -64.1679 3
      vertex -31.144 -47.3431 3
    endloop
  endfacet
  facet normal -0.866024 0.500002 0
    outer loop
      vertex -35.1421 -67.4679 0
      vertex -25.4287 -50.6439 3
      vertex -25.4287 -50.6439 0
    endloop
  endfacet
  facet normal -0.866024 0.500002 0
    outer loop
      vertex -25.4287 -50.6439 3
      vertex -35.1421 -67.4679 0
      vertex -35.1421 -67.4679 3
    endloop
  endfacet
  facet normal 0.866023 -0.500004 0
    outer loop
      vertex -40.8579 -64.1679 3
      vertex -31.144 -47.3431 0
      vertex -31.144 -47.3431 3
    endloop
  endfacet
  facet normal 0.866023 -0.500004 0
    outer loop
      vertex -31.144 -47.3431 0
      vertex -40.8579 -64.1679 3
      vertex -40.8579 -64.1679 0
    endloop
  endfacet
  facet normal 0.998267 0.0588493 0
    outer loop
      vertex 87.4325 3.43523 9.5
      vertex 87.2303 6.86517 0
      vertex 87.2303 6.86517 9.5
    endloop
  endfacet
  facet normal 0.998267 0.0588493 0
    outer loop
      vertex 87.2303 6.86517 0
      vertex 87.4325 3.43523 9.5
      vertex 87.4325 3.43523 0
    endloop
  endfacet
  facet normal 0.999807 0.0196455 0
    outer loop
      vertex 87.5 0 9.5
      vertex 87.4325 3.43523 0
      vertex 87.4325 3.43523 9.5
    endloop
  endfacet
  facet normal 0.999807 0.0196455 0
    outer loop
      vertex 87.4325 3.43523 0
      vertex 87.5 0 9.5
      vertex 87.5 0 0
    endloop
  endfacet
  facet normal 0.995184 0.0980245 0
    outer loop
      vertex 87.2303 6.86517 9.5
      vertex 86.8935 10.2845 0
      vertex 86.8935 10.2845 9.5
    endloop
  endfacet
  facet normal 0.995184 0.0980245 0
    outer loop
      vertex 86.8935 10.2845 0
      vertex 87.2303 6.86517 9.5
      vertex 87.2303 6.86517 0
    endloop
  endfacet
  facet normal -0.862728 0.505669 0
    outer loop
      vertex -76.3434 42.7544 0
      vertex -74.606 45.7186 9.5
      vertex -74.606 45.7186 0
    endloop
  endfacet
  facet normal -0.862728 0.505669 0
    outer loop
      vertex -74.606 45.7186 9.5
      vertex -76.3434 42.7544 0
      vertex -76.3434 42.7544 9.5
    endloop
  endfacet
  facet normal -0.984428 -0.175791 0
    outer loop
      vertex -85.8187 -17.0704 0
      vertex -86.4227 -13.688 9.5
      vertex -86.4227 -13.688 0
    endloop
  endfacet
  facet normal -0.984428 -0.175791 0
    outer loop
      vertex -86.4227 -13.688 9.5
      vertex -85.8187 -17.0704 0
      vertex -85.8187 -17.0704 9.5
    endloop
  endfacet
  facet normal 0.0980245 -0.995184 0
    outer loop
      vertex 6.86517 -87.2303 0
      vertex 10.2845 -86.8935 9.5
      vertex 6.86517 -87.2303 9.5
    endloop
  endfacet
  facet normal 0.0980245 -0.995184 0
    outer loop
      vertex 10.2845 -86.8935 9.5
      vertex 6.86517 -87.2303 0
      vertex 10.2845 -86.8935 0
    endloop
  endfacet
  facet normal 0.252514 -0.967593 0
    outer loop
      vertex 20.4265 -85.0824 0
      vertex 23.751 -84.2148 9.5
      vertex 20.4265 -85.0824 9.5
    endloop
  endfacet
  facet normal 0.252514 -0.967593 0
    outer loop
      vertex 23.751 -84.2148 9.5
      vertex 20.4265 -85.0824 0
      vertex 23.751 -84.2148 0
    endloop
  endfacet
  facet normal -0.400768 -0.916179 0
    outer loop
      vertex -36.6327 -79.4625 0
      vertex -33.4848 -80.8395 9.5
      vertex -36.6327 -79.4625 9.5
    endloop
  endfacet
  facet normal -0.400768 -0.916179 -0
    outer loop
      vertex -33.4848 -80.8395 9.5
      vertex -36.6327 -79.4625 0
      vertex -33.4848 -80.8395 0
    endloop
  endfacet
  facet normal -0.290284 0.956941 0
    outer loop
      vertex -23.751 84.2148 0
      vertex -27.039 83.2174 9.5
      vertex -23.751 84.2148 9.5
    endloop
  endfacet
  facet normal -0.290284 0.956941 0
    outer loop
      vertex -27.039 83.2174 9.5
      vertex -23.751 84.2148 0
      vertex -27.039 83.2174 0
    endloop
  endfacet
  facet normal 0.899758 0.436389 0
    outer loop
      vertex 79.4625 36.6327 9.5
      vertex 77.9631 39.7242 0
      vertex 77.9631 39.7242 9.5
    endloop
  endfacet
  facet normal 0.899758 0.436389 0
    outer loop
      vertex 77.9631 39.7242 0
      vertex 79.4625 36.6327 9.5
      vertex 79.4625 36.6327 0
    endloop
  endfacet
  facet normal 0.773014 -0.634389 0
    outer loop
      vertex 66.5355 -56.8267 9.5
      vertex 68.7152 -54.1707 0
      vertex 68.7152 -54.1707 9.5
    endloop
  endfacet
  facet normal 0.773014 -0.634389 0
    outer loop
      vertex 68.7152 -54.1707 0
      vertex 66.5355 -56.8267 9.5
      vertex 66.5355 -56.8267 0
    endloop
  endfacet
  facet normal 0.400768 0.916179 -0
    outer loop
      vertex 36.6327 79.4625 0
      vertex 33.4848 80.8395 9.5
      vertex 36.6327 79.4625 9.5
    endloop
  endfacet
  facet normal 0.400768 0.916179 0
    outer loop
      vertex 33.4848 80.8395 9.5
      vertex 36.6327 79.4625 0
      vertex 33.4848 80.8395 0
    endloop
  endfacet
  facet normal 0.995184 -0.0980245 0
    outer loop
      vertex 86.8935 -10.2845 9.5
      vertex 87.2303 -6.86517 0
      vertex 87.2303 -6.86517 9.5
    endloop
  endfacet
  facet normal 0.995184 -0.0980245 0
    outer loop
      vertex 87.2303 -6.86517 0
      vertex 86.8935 -10.2845 9.5
      vertex 86.8935 -10.2845 0
    endloop
  endfacet
  facet normal 0.571789 -0.820401 0
    outer loop
      vertex 48.6124 -72.7536 0
      vertex 51.4312 -70.789 9.5
      vertex 48.6124 -72.7536 9.5
    endloop
  endfacet
  facet normal 0.571789 -0.820401 0
    outer loop
      vertex 51.4312 -70.789 9.5
      vertex 48.6124 -72.7536 0
      vertex 51.4312 -70.789 0
    endloop
  endfacet
  facet normal -0.53913 0.842223 0
    outer loop
      vertex -45.7186 74.606 0
      vertex -48.6124 72.7536 9.5
      vertex -45.7186 74.606 9.5
    endloop
  endfacet
  facet normal -0.53913 0.842223 0
    outer loop
      vertex -48.6124 72.7536 9.5
      vertex -45.7186 74.606 0
      vertex -48.6124 72.7536 0
    endloop
  endfacet
  facet normal -0.327634 0.944805 0
    outer loop
      vertex -27.039 83.2174 0
      vertex -30.2852 82.0917 9.5
      vertex -27.039 83.2174 9.5
    endloop
  endfacet
  facet normal -0.327634 0.944805 0
    outer loop
      vertex -30.2852 82.0917 9.5
      vertex -27.039 83.2174 0
      vertex -30.2852 82.0917 0
    endloop
  endfacet
  facet normal 0.53913 0.842223 -0
    outer loop
      vertex 48.6124 72.7536 0
      vertex 45.7186 74.606 9.5
      vertex 48.6124 72.7536 9.5
    endloop
  endfacet
  facet normal 0.53913 0.842223 0
    outer loop
      vertex 45.7186 74.606 9.5
      vertex 48.6124 72.7536 0
      vertex 45.7186 74.606 0
    endloop
  endfacet
  facet normal -0.505669 0.862728 0
    outer loop
      vertex -42.7544 76.3434 0
      vertex -45.7186 74.606 9.5
      vertex -42.7544 76.3434 9.5
    endloop
  endfacet
  facet normal -0.505669 0.862728 0
    outer loop
      vertex -45.7186 74.606 9.5
      vertex -42.7544 76.3434 0
      vertex -45.7186 74.606 0
    endloop
  endfacet
  facet normal 0.252514 0.967593 -0
    outer loop
      vertex 23.751 84.2148 0
      vertex 20.4265 85.0824 9.5
      vertex 23.751 84.2148 9.5
    endloop
  endfacet
  facet normal 0.252514 0.967593 0
    outer loop
      vertex 20.4265 85.0824 9.5
      vertex 23.751 84.2148 0
      vertex 20.4265 85.0824 0
    endloop
  endfacet
  facet normal 0.842223 0.53913 0
    outer loop
      vertex 74.606 45.7186 9.5
      vertex 72.7536 48.6124 0
      vertex 72.7536 48.6124 9.5
    endloop
  endfacet
  facet normal 0.842223 0.53913 0
    outer loop
      vertex 72.7536 48.6124 0
      vertex 74.606 45.7186 9.5
      vertex 74.606 45.7186 0
    endloop
  endfacet
  facet normal -0.999807 -0.0196455 0
    outer loop
      vertex -87.4325 -3.43523 0
      vertex -87.5 0 9.5
      vertex -87.5 0 0
    endloop
  endfacet
  facet normal -0.999807 -0.0196455 0
    outer loop
      vertex -87.5 0 9.5
      vertex -87.4325 -3.43523 0
      vertex -87.4325 -3.43523 9.5
    endloop
  endfacet
  facet normal 0.603566 -0.797313 0
    outer loop
      vertex 51.4312 -70.789 0
      vertex 54.1707 -68.7152 9.5
      vertex 51.4312 -70.789 9.5
    endloop
  endfacet
  facet normal 0.603566 -0.797313 0
    outer loop
      vertex 54.1707 -68.7152 9.5
      vertex 51.4312 -70.789 0
      vertex 54.1707 -68.7152 0
    endloop
  endfacet
  facet normal -0.327634 -0.944805 0
    outer loop
      vertex -30.2852 -82.0917 0
      vertex -27.039 -83.2174 9.5
      vertex -30.2852 -82.0917 9.5
    endloop
  endfacet
  facet normal -0.327634 -0.944805 -0
    outer loop
      vertex -27.039 -83.2174 9.5
      vertex -30.2852 -82.0917 0
      vertex -27.039 -83.2174 0
    endloop
  endfacet
  facet normal -0.364445 0.931225 0
    outer loop
      vertex -30.2852 82.0917 0
      vertex -33.4848 80.8395 9.5
      vertex -30.2852 82.0917 9.5
    endloop
  endfacet
  facet normal -0.364445 0.931225 0
    outer loop
      vertex -33.4848 80.8395 9.5
      vertex -30.2852 82.0917 0
      vertex -33.4848 80.8395 0
    endloop
  endfacet
  facet normal 0.364445 0.931225 -0
    outer loop
      vertex 33.4848 80.8395 0
      vertex 30.2852 82.0917 9.5
      vertex 33.4848 80.8395 9.5
    endloop
  endfacet
  facet normal 0.364445 0.931225 0
    outer loop
      vertex 30.2852 82.0917 9.5
      vertex 33.4848 80.8395 0
      vertex 30.2852 82.0917 0
    endloop
  endfacet
  facet normal 0.0588493 0.998267 -0
    outer loop
      vertex 6.86517 87.2303 0
      vertex 3.43523 87.4325 9.5
      vertex 6.86517 87.2303 9.5
    endloop
  endfacet
  facet normal 0.0588493 0.998267 0
    outer loop
      vertex 3.43523 87.4325 9.5
      vertex 6.86517 87.2303 0
      vertex 3.43523 87.4325 0
    endloop
  endfacet
  facet normal 0.916179 0.400768 0
    outer loop
      vertex 80.8395 33.4848 9.5
      vertex 79.4625 36.6327 0
      vertex 79.4625 36.6327 9.5
    endloop
  endfacet
  facet normal 0.916179 0.400768 0
    outer loop
      vertex 79.4625 36.6327 0
      vertex 80.8395 33.4848 9.5
      vertex 80.8395 33.4848 0
    endloop
  endfacet
  facet normal 0.990568 -0.137023 0
    outer loop
      vertex 86.4227 -13.688 9.5
      vertex 86.8935 -10.2845 0
      vertex 86.8935 -10.2845 9.5
    endloop
  endfacet
  facet normal 0.990568 -0.137023 0
    outer loop
      vertex 86.8935 -10.2845 0
      vertex 86.4227 -13.688 9.5
      vertex 86.4227 -13.688 0
    endloop
  endfacet
  facet normal 0.137023 0.990568 -0
    outer loop
      vertex 13.688 86.4227 0
      vertex 10.2845 86.8935 9.5
      vertex 13.688 86.4227 9.5
    endloop
  endfacet
  facet normal 0.137023 0.990568 0
    outer loop
      vertex 10.2845 86.8935 9.5
      vertex 13.688 86.4227 0
      vertex 10.2845 86.8935 0
    endloop
  endfacet
  facet normal -0.773014 0.634389 0
    outer loop
      vertex -68.7152 54.1707 0
      vertex -66.5355 56.8267 9.5
      vertex -66.5355 56.8267 0
    endloop
  endfacet
  facet normal -0.773014 0.634389 0
    outer loop
      vertex -66.5355 56.8267 9.5
      vertex -68.7152 54.1707 0
      vertex -68.7152 54.1707 9.5
    endloop
  endfacet
  facet normal -0.664246 0.747514 0
    outer loop
      vertex -56.8267 66.5355 0
      vertex -59.3951 64.2532 9.5
      vertex -56.8267 66.5355 9.5
    endloop
  endfacet
  facet normal -0.664246 0.747514 0
    outer loop
      vertex -59.3951 64.2532 9.5
      vertex -56.8267 66.5355 0
      vertex -59.3951 64.2532 0
    endloop
  endfacet
  facet normal 0.842223 -0.53913 0
    outer loop
      vertex 72.7536 -48.6124 9.5
      vertex 74.606 -45.7186 0
      vertex 74.606 -45.7186 9.5
    endloop
  endfacet
  facet normal 0.842223 -0.53913 0
    outer loop
      vertex 74.606 -45.7186 0
      vertex 72.7536 -48.6124 9.5
      vertex 72.7536 -48.6124 0
    endloop
  endfacet
  facet normal 0.747514 0.664246 0
    outer loop
      vertex 66.5355 56.8267 9.5
      vertex 64.2532 59.3951 0
      vertex 64.2532 59.3951 9.5
    endloop
  endfacet
  facet normal 0.747514 0.664246 0
    outer loop
      vertex 64.2532 59.3951 0
      vertex 66.5355 56.8267 9.5
      vertex 66.5355 56.8267 0
    endloop
  endfacet
  facet normal 0.976769 -0.214295 0
    outer loop
      vertex 85.0824 -20.4265 9.5
      vertex 85.8187 -17.0704 0
      vertex 85.8187 -17.0704 9.5
    endloop
  endfacet
  facet normal 0.976769 -0.214295 0
    outer loop
      vertex 85.8187 -17.0704 0
      vertex 85.0824 -20.4265 9.5
      vertex 85.0824 -20.4265 0
    endloop
  endfacet
  facet normal 0.720839 0.693102 0
    outer loop
      vertex 64.2532 59.3951 9.5
      vertex 61.8718 61.8718 0
      vertex 61.8718 61.8718 9.5
    endloop
  endfacet
  facet normal 0.720839 0.693102 0
    outer loop
      vertex 61.8718 61.8718 0
      vertex 64.2532 59.3951 9.5
      vertex 64.2532 59.3951 0
    endloop
  endfacet
  facet normal 0.505669 -0.862728 0
    outer loop
      vertex 42.7544 -76.3434 0
      vertex 45.7186 -74.606 9.5
      vertex 42.7544 -76.3434 9.5
    endloop
  endfacet
  facet normal 0.505669 -0.862728 0
    outer loop
      vertex 45.7186 -74.606 9.5
      vertex 42.7544 -76.3434 0
      vertex 45.7186 -74.606 0
    endloop
  endfacet
  facet normal -0.720839 -0.693102 0
    outer loop
      vertex -61.8718 -61.8718 0
      vertex -64.2532 -59.3951 9.5
      vertex -64.2532 -59.3951 0
    endloop
  endfacet
  facet normal -0.720839 -0.693102 0
    outer loop
      vertex -64.2532 -59.3951 9.5
      vertex -61.8718 -61.8718 0
      vertex -61.8718 -61.8718 9.5
    endloop
  endfacet
  facet normal 0.990568 0.137023 0
    outer loop
      vertex 86.8935 10.2845 9.5
      vertex 86.4227 13.688 0
      vertex 86.4227 13.688 9.5
    endloop
  endfacet
  facet normal 0.990568 0.137023 0
    outer loop
      vertex 86.4227 13.688 0
      vertex 86.8935 10.2845 9.5
      vertex 86.8935 10.2845 0
    endloop
  endfacet
  facet normal -0.881918 0.471402 0
    outer loop
      vertex -77.9631 39.7242 0
      vertex -76.3434 42.7544 9.5
      vertex -76.3434 42.7544 0
    endloop
  endfacet
  facet normal -0.881918 0.471402 0
    outer loop
      vertex -76.3434 42.7544 9.5
      vertex -77.9631 39.7242 0
      vertex -77.9631 39.7242 9.5
    endloop
  endfacet
  facet normal -0.956941 0.290284 0
    outer loop
      vertex -84.2148 23.751 0
      vertex -83.2174 27.039 9.5
      vertex -83.2174 27.039 0
    endloop
  endfacet
  facet normal -0.956941 0.290284 0
    outer loop
      vertex -83.2174 27.039 9.5
      vertex -84.2148 23.751 0
      vertex -84.2148 23.751 9.5
    endloop
  endfacet
  facet normal -0.797313 0.603566 0
    outer loop
      vertex -70.789 51.4312 0
      vertex -68.7152 54.1707 9.5
      vertex -68.7152 54.1707 0
    endloop
  endfacet
  facet normal -0.797313 0.603566 0
    outer loop
      vertex -68.7152 54.1707 9.5
      vertex -70.789 51.4312 0
      vertex -70.789 51.4312 9.5
    endloop
  endfacet
  facet normal 0.505669 0.862728 -0
    outer loop
      vertex 45.7186 74.606 0
      vertex 42.7544 76.3434 9.5
      vertex 45.7186 74.606 9.5
    endloop
  endfacet
  facet normal 0.505669 0.862728 0
    outer loop
      vertex 42.7544 76.3434 9.5
      vertex 45.7186 74.606 0
      vertex 42.7544 76.3434 0
    endloop
  endfacet
  facet normal 0.0588493 -0.998267 0
    outer loop
      vertex 3.43523 -87.4325 0
      vertex 6.86517 -87.2303 9.5
      vertex 3.43523 -87.4325 9.5
    endloop
  endfacet
  facet normal 0.0588493 -0.998267 0
    outer loop
      vertex 6.86517 -87.2303 9.5
      vertex 3.43523 -87.4325 0
      vertex 6.86517 -87.2303 0
    endloop
  endfacet
  facet normal 0.747514 -0.664246 0
    outer loop
      vertex 64.2532 -59.3951 9.5
      vertex 66.5355 -56.8267 0
      vertex 66.5355 -56.8267 9.5
    endloop
  endfacet
  facet normal 0.747514 -0.664246 0
    outer loop
      vertex 66.5355 -56.8267 0
      vertex 64.2532 -59.3951 9.5
      vertex 64.2532 -59.3951 0
    endloop
  endfacet
  facet normal -0.916179 -0.400768 0
    outer loop
      vertex -79.4625 -36.6327 0
      vertex -80.8395 -33.4848 9.5
      vertex -80.8395 -33.4848 0
    endloop
  endfacet
  facet normal -0.916179 -0.400768 0
    outer loop
      vertex -80.8395 -33.4848 9.5
      vertex -79.4625 -36.6327 0
      vertex -79.4625 -36.6327 9.5
    endloop
  endfacet
  facet normal 0.956941 -0.290284 0
    outer loop
      vertex 83.2174 -27.039 9.5
      vertex 84.2148 -23.751 0
      vertex 84.2148 -23.751 9.5
    endloop
  endfacet
  facet normal 0.956941 -0.290284 0
    outer loop
      vertex 84.2148 -23.751 0
      vertex 83.2174 -27.039 9.5
      vertex 83.2174 -27.039 0
    endloop
  endfacet
  facet normal -0.976769 -0.214295 0
    outer loop
      vertex -85.0824 -20.4265 0
      vertex -85.8187 -17.0704 9.5
      vertex -85.8187 -17.0704 0
    endloop
  endfacet
  facet normal -0.976769 -0.214295 0
    outer loop
      vertex -85.8187 -17.0704 9.5
      vertex -85.0824 -20.4265 0
      vertex -85.0824 -20.4265 9.5
    endloop
  endfacet
  facet normal 0.797313 -0.603566 0
    outer loop
      vertex 68.7152 -54.1707 9.5
      vertex 70.789 -51.4312 0
      vertex 70.789 -51.4312 9.5
    endloop
  endfacet
  facet normal 0.797313 -0.603566 0
    outer loop
      vertex 70.789 -51.4312 0
      vertex 68.7152 -54.1707 9.5
      vertex 68.7152 -54.1707 0
    endloop
  endfacet
  facet normal -0.944805 -0.327634 0
    outer loop
      vertex -82.0917 -30.2852 0
      vertex -83.2174 -27.039 9.5
      vertex -83.2174 -27.039 0
    endloop
  endfacet
  facet normal -0.944805 -0.327634 0
    outer loop
      vertex -83.2174 -27.039 9.5
      vertex -82.0917 -30.2852 0
      vertex -82.0917 -30.2852 9.5
    endloop
  endfacet
  facet normal 0.820401 0.571789 0
    outer loop
      vertex 72.7536 48.6124 9.5
      vertex 70.789 51.4312 0
      vertex 70.789 51.4312 9.5
    endloop
  endfacet
  facet normal 0.820401 0.571789 0
    outer loop
      vertex 70.789 51.4312 0
      vertex 72.7536 48.6124 9.5
      vertex 72.7536 48.6124 0
    endloop
  endfacet
  facet normal -0.931225 -0.364445 0
    outer loop
      vertex -80.8395 -33.4848 0
      vertex -82.0917 -30.2852 9.5
      vertex -82.0917 -30.2852 0
    endloop
  endfacet
  facet normal -0.931225 -0.364445 0
    outer loop
      vertex -82.0917 -30.2852 9.5
      vertex -80.8395 -33.4848 0
      vertex -80.8395 -33.4848 9.5
    endloop
  endfacet
  facet normal 0.720839 -0.693102 0
    outer loop
      vertex 61.8718 -61.8718 9.5
      vertex 64.2532 -59.3951 0
      vertex 64.2532 -59.3951 9.5
    endloop
  endfacet
  facet normal 0.720839 -0.693102 0
    outer loop
      vertex 64.2532 -59.3951 0
      vertex 61.8718 -61.8718 9.5
      vertex 61.8718 -61.8718 0
    endloop
  endfacet
  facet normal -0.175791 0.984428 0
    outer loop
      vertex -13.688 86.4227 0
      vertex -17.0704 85.8187 9.5
      vertex -13.688 86.4227 9.5
    endloop
  endfacet
  facet normal -0.175791 0.984428 0
    outer loop
      vertex -17.0704 85.8187 9.5
      vertex -13.688 86.4227 0
      vertex -17.0704 85.8187 0
    endloop
  endfacet
  facet normal 0 0 1
    outer loop
      vertex -34.3481 -53.4926 9.5
      vertex -27.6926 -49.4487 9.5
      vertex -29.6126 -48.3234 9.5
    endloop
  endfacet
  facet normal 0 0 1
    outer loop
      vertex -34.3481 -53.4926 9.5
      vertex -29.6126 -48.3234 9.5
      vertex -31.4869 -47.1235 9.5
    endloop
  endfacet
  facet normal 0 0 1
    outer loop
      vertex -34.3481 -53.4926 9.5
      vertex -31.4869 -47.1235 9.5
      vertex -33.3127 -45.851 9.5
    endloop
  endfacet
  facet normal 0 0 1
    outer loop
      vertex -27.6926 -49.4487 9.5
      vertex -34.3481 -53.4926 9.5
      vertex -29.1519 -56.4926 9.5
    endloop
  endfacet
  facet normal 0 0 1
    outer loop
      vertex -35.0872 -44.5078 9.5
      vertex -34.3481 -53.4926 9.5
      vertex -33.3127 -45.851 9.5
    endloop
  endfacet
  facet normal 0 0 1
    outer loop
      vertex -36.8075 -43.096 9.5
      vertex -34.3481 -53.4926 9.5
      vertex -35.0872 -44.5078 9.5
    endloop
  endfacet
  facet normal 0 0 1
    outer loop
      vertex -38.471 -41.6177 9.5
      vertex -34.3481 -53.4926 9.5
      vertex -36.8075 -43.096 9.5
    endloop
  endfacet
  facet normal 0 0 1
    outer loop
      vertex -59.3951 -64.2532 9.5
      vertex -38.471 -41.6177 9.5
      vertex -40.0753 -40.0753 9.5
    endloop
  endfacet
  facet normal 0 0 1
    outer loop
      vertex -61.8718 -61.8718 9.5
      vertex -40.0753 -40.0753 9.5
      vertex -41.6177 -38.471 9.5
    endloop
  endfacet
  facet normal 0 0 1
    outer loop
      vertex -38.471 -41.6177 9.5
      vertex -59.3951 -64.2532 9.5
      vertex -34.3481 -53.4926 9.5
    endloop
  endfacet
  facet normal 0 0 1
    outer loop
      vertex -34.3481 -53.4926 9.5
      vertex -59.3951 -64.2532 9.5
      vertex -41.8481 -66.483 9.5
    endloop
  endfacet
  facet normal 0 0 1
    outer loop
      vertex -64.2532 -59.3951 9.5
      vertex -41.6177 -38.471 9.5
      vertex -43.096 -36.8075 9.5
    endloop
  endfacet
  facet normal 0 0 1
    outer loop
      vertex -66.5355 -56.8267 9.5
      vertex -43.096 -36.8075 9.5
      vertex -44.5078 -35.0872 9.5
    endloop
  endfacet
  facet normal 0 0 1
    outer loop
      vertex -41.8481 -66.483 9.5
      vertex -45.7186 -74.606 9.5
      vertex -42.7544 -76.3434 9.5
    endloop
  endfacet
  facet normal 0 0 1
    outer loop
      vertex -68.7152 -54.1707 9.5
      vertex -44.5078 -35.0872 9.5
      vertex -45.851 -33.3127 9.5
    endloop
  endfacet
  facet normal 0 0 1
    outer loop
      vertex -70.789 -51.4312 9.5
      vertex -45.851 -33.3127 9.5
      vertex -47.1235 -31.4869 9.5
    endloop
  endfacet
  facet normal 0 0 1
    outer loop
      vertex -72.7536 -48.6124 9.5
      vertex -47.1235 -31.4869 9.5
      vertex -48.3234 -29.6126 9.5
    endloop
  endfacet
  facet normal 0 0 1
    outer loop
      vertex -41.8481 -66.483 9.5
      vertex -48.6124 -72.7536 9.5
      vertex -45.7186 -74.606 9.5
    endloop
  endfacet
  facet normal 0 0 1
    outer loop
      vertex -74.606 -45.7186 9.5
      vertex -48.3234 -29.6126 9.5
      vertex -49.4487 -27.6926 9.5
    endloop
  endfacet
  facet normal 0 0 1
    outer loop
      vertex -76.3434 -42.7544 9.5
      vertex -49.4487 -27.6926 9.5
      vertex -50.4978 -25.7299 9.5
    endloop
  endfacet
  facet normal 0 0 1
    outer loop
      vertex -41.8481 -66.483 9.5
      vertex -51.4312 -70.789 9.5
      vertex -48.6124 -72.7536 9.5
    endloop
  endfacet
  facet normal 0 0 1
    outer loop
      vertex -77.9631 -39.7242 9.5
      vertex -50.4978 -25.7299 9.5
      vertex -51.469 -23.7275 9.5
    endloop
  endfacet
  facet normal 0 0 1
    outer loop
      vertex -79.4625 -36.6327 9.5
      vertex -51.469 -23.7275 9.5
      vertex -52.3609 -21.6886 9.5
    endloop
  endfacet
  facet normal 0 0 1
    outer loop
      vertex -80.8395 -33.4848 9.5
      vertex -52.3609 -21.6886 9.5
      vertex -53.172 -19.6162 9.5
    endloop
  endfacet
  facet normal 0 0 1
    outer loop
      vertex -82.0917 -30.2852 9.5
      vertex -53.172 -19.6162 9.5
      vertex -53.9011 -17.5135 9.5
    endloop
  endfacet
  facet normal 0 0 1
    outer loop
      vertex -41.8481 -66.483 9.5
      vertex -54.1707 -68.7152 9.5
      vertex -51.4312 -70.789 9.5
    endloop
  endfacet
  facet normal 0 0 1
    outer loop
      vertex -83.2174 -27.039 9.5
      vertex -53.9011 -17.5135 9.5
      vertex -54.5471 -15.3839 9.5
    endloop
  endfacet
  facet normal 0 0 1
    outer loop
      vertex -84.2148 -23.751 9.5
      vertex -54.5471 -15.3839 9.5
      vertex -55.1091 -13.2305 9.5
    endloop
  endfacet
  facet normal 0 0 1
    outer loop
      vertex -85.0824 -20.4265 9.5
      vertex -55.1091 -13.2305 9.5
      vertex -55.586 -11.0567 9.5
    endloop
  endfacet
  facet normal 0 0 1
    outer loop
      vertex -85.8187 -17.0704 9.5
      vertex -55.586 -11.0567 9.5
      vertex -55.9772 -8.86592 9.5
    endloop
  endfacet
  facet normal 0 0 1
    outer loop
      vertex -86.4227 -13.688 9.5
      vertex -55.9772 -8.86592 9.5
      vertex -56.2822 -6.66143 9.5
    endloop
  endfacet
  facet normal 0 0 1
    outer loop
      vertex -86.8935 -10.2845 9.5
      vertex -56.2822 -6.66143 9.5
      vertex -56.5003 -4.44667 9.5
    endloop
  endfacet
  facet normal 0 0 1
    outer loop
      vertex -87.2303 -6.86517 9.5
      vertex -56.5003 -4.44667 9.5
      vertex -56.6313 -2.22505 9.5
    endloop
  endfacet
  facet normal 0 0 1
    outer loop
      vertex -41.8481 -66.483 9.5
      vertex -56.8267 -66.5355 9.5
      vertex -54.1707 -68.7152 9.5
    endloop
  endfacet
  facet normal 0 0 1
    outer loop
      vertex -87.4325 -3.43523 9.5
      vertex -56.6313 -2.22505 9.5
      vertex -56.675 0 9.5
    endloop
  endfacet
  facet normal 0 0 1
    outer loop
      vertex -51.469 23.7275 9.5
      vertex -79.4625 36.6327 9.5
      vertex -52.3609 21.6886 9.5
    endloop
  endfacet
  facet normal -0 0 1
    outer loop
      vertex -80.8395 33.4848 9.5
      vertex -52.3609 21.6886 9.5
      vertex -79.4625 36.6327 9.5
    endloop
  endfacet
  facet normal 0 0 1
    outer loop
      vertex -41.8481 -66.483 9.5
      vertex -59.3951 -64.2532 9.5
      vertex -56.8267 -66.5355 9.5
    endloop
  endfacet
  facet normal 0 0 1
    outer loop
      vertex -52.3609 21.6886 9.5
      vertex -80.8395 33.4848 9.5
      vertex -53.172 19.6162 9.5
    endloop
  endfacet
  facet normal 0 0 1
    outer loop
      vertex -40.0753 -40.0753 9.5
      vertex -61.8718 -61.8718 9.5
      vertex -59.3951 -64.2532 9.5
    endloop
  endfacet
  facet normal -0 0 1
    outer loop
      vertex -82.0917 30.2852 9.5
      vertex -53.172 19.6162 9.5
      vertex -80.8395 33.4848 9.5
    endloop
  endfacet
  facet normal 0 0 1
    outer loop
      vertex -41.6177 -38.471 9.5
      vertex -64.2532 -59.3951 9.5
      vertex -61.8718 -61.8718 9.5
    endloop
  endfacet
  facet normal 0 0 1
    outer loop
      vertex -53.172 19.6162 9.5
      vertex -82.0917 30.2852 9.5
      vertex -53.9011 17.5135 9.5
    endloop
  endfacet
  facet normal 0 0 1
    outer loop
      vertex -43.096 -36.8075 9.5
      vertex -66.5355 -56.8267 9.5
      vertex -64.2532 -59.3951 9.5
    endloop
  endfacet
  facet normal -0 0 1
    outer loop
      vertex -83.2174 27.039 9.5
      vertex -53.9011 17.5135 9.5
      vertex -82.0917 30.2852 9.5
    endloop
  endfacet
  facet normal 0 0 1
    outer loop
      vertex -44.5078 -35.0872 9.5
      vertex -68.7152 -54.1707 9.5
      vertex -66.5355 -56.8267 9.5
    endloop
  endfacet
  facet normal 0 0 1
    outer loop
      vertex -53.9011 17.5135 9.5
      vertex -83.2174 27.039 9.5
      vertex -54.5471 15.3839 9.5
    endloop
  endfacet
  facet normal 0 0 1
    outer loop
      vertex -45.851 -33.3127 9.5
      vertex -70.789 -51.4312 9.5
      vertex -68.7152 -54.1707 9.5
    endloop
  endfacet
  facet normal -0 0 1
    outer loop
      vertex -84.2148 23.751 9.5
      vertex -54.5471 15.3839 9.5
      vertex -83.2174 27.039 9.5
    endloop
  endfacet
  facet normal 0 0 1
    outer loop
      vertex -47.1235 -31.4869 9.5
      vertex -72.7536 -48.6124 9.5
      vertex -70.789 -51.4312 9.5
    endloop
  endfacet
  facet normal 0 0 1
    outer loop
      vertex -54.5471 15.3839 9.5
      vertex -84.2148 23.751 9.5
      vertex -55.1091 13.2305 9.5
    endloop
  endfacet
  facet normal 0 0 1
    outer loop
      vertex -48.3234 -29.6126 9.5
      vertex -74.606 -45.7186 9.5
      vertex -72.7536 -48.6124 9.5
    endloop
  endfacet
  facet normal -0 0 1
    outer loop
      vertex -85.0824 20.4265 9.5
      vertex -55.1091 13.2305 9.5
      vertex -84.2148 23.751 9.5
    endloop
  endfacet
  facet normal 0 0 1
    outer loop
      vertex -49.4487 -27.6926 9.5
      vertex -76.3434 -42.7544 9.5
      vertex -74.606 -45.7186 9.5
    endloop
  endfacet
  facet normal 0 0 1
    outer loop
      vertex -55.1091 13.2305 9.5
      vertex -85.0824 20.4265 9.5
      vertex -55.586 11.0567 9.5
    endloop
  endfacet
  facet normal 0 0 1
    outer loop
      vertex -50.4978 -25.7299 9.5
      vertex -77.9631 -39.7242 9.5
      vertex -76.3434 -42.7544 9.5
    endloop
  endfacet
  facet normal -0 0 1
    outer loop
      vertex -85.8187 17.0704 9.5
      vertex -55.586 11.0567 9.5
      vertex -85.0824 20.4265 9.5
    endloop
  endfacet
  facet normal 0 0 1
    outer loop
      vertex -51.469 -23.7275 9.5
      vertex -79.4625 -36.6327 9.5
      vertex -77.9631 -39.7242 9.5
    endloop
  endfacet
  facet normal 0 0 1
    outer loop
      vertex -55.586 11.0567 9.5
      vertex -85.8187 17.0704 9.5
      vertex -55.9772 8.86592 9.5
    endloop
  endfacet
  facet normal 0 0 1
    outer loop
      vertex -52.3609 -21.6886 9.5
      vertex -80.8395 -33.4848 9.5
      vertex -79.4625 -36.6327 9.5
    endloop
  endfacet
  facet normal -0 0 1
    outer loop
      vertex -86.4227 13.688 9.5
      vertex -55.9772 8.86592 9.5
      vertex -85.8187 17.0704 9.5
    endloop
  endfacet
  facet normal 0 0 1
    outer loop
      vertex -53.172 -19.6162 9.5
      vertex -82.0917 -30.2852 9.5
      vertex -80.8395 -33.4848 9.5
    endloop
  endfacet
  facet normal 0 0 1
    outer loop
      vertex -55.9772 8.86592 9.5
      vertex -86.4227 13.688 9.5
      vertex -56.2822 6.66143 9.5
    endloop
  endfacet
  facet normal 0 0 1
    outer loop
      vertex -53.9011 -17.5135 9.5
      vertex -83.2174 -27.039 9.5
      vertex -82.0917 -30.2852 9.5
    endloop
  endfacet
  facet normal -0 0 1
    outer loop
      vertex -86.8935 10.2845 9.5
      vertex -56.2822 6.66143 9.5
      vertex -86.4227 13.688 9.5
    endloop
  endfacet
  facet normal 0 0 1
    outer loop
      vertex -54.5471 -15.3839 9.5
      vertex -84.2148 -23.751 9.5
      vertex -83.2174 -27.039 9.5
    endloop
  endfacet
  facet normal 0 0 1
    outer loop
      vertex -56.2822 6.66143 9.5
      vertex -86.8935 10.2845 9.5
      vertex -56.5003 4.44667 9.5
    endloop
  endfacet
  facet normal 0 0 1
    outer loop
      vertex -55.1091 -13.2305 9.5
      vertex -85.0824 -20.4265 9.5
      vertex -84.2148 -23.751 9.5
    endloop
  endfacet
  facet normal -0 0 1
    outer loop
      vertex -87.2303 6.86517 9.5
      vertex -56.5003 4.44667 9.5
      vertex -86.8935 10.2845 9.5
    endloop
  endfacet
  facet normal 0 0 1
    outer loop
      vertex -55.586 -11.0567 9.5
      vertex -85.8187 -17.0704 9.5
      vertex -85.0824 -20.4265 9.5
    endloop
  endfacet
  facet normal 0 0 1
    outer loop
      vertex -56.5003 4.44667 9.5
      vertex -87.2303 6.86517 9.5
      vertex -56.6313 2.22505 9.5
    endloop
  endfacet
  facet normal 0 0 1
    outer loop
      vertex -55.9772 -8.86592 9.5
      vertex -86.4227 -13.688 9.5
      vertex -85.8187 -17.0704 9.5
    endloop
  endfacet
  facet normal -0 0 1
    outer loop
      vertex -87.4325 3.43523 9.5
      vertex -56.6313 2.22505 9.5
      vertex -87.2303 6.86517 9.5
    endloop
  endfacet
  facet normal 0 0 1
    outer loop
      vertex -56.2822 -6.66143 9.5
      vertex -86.8935 -10.2845 9.5
      vertex -86.4227 -13.688 9.5
    endloop
  endfacet
  facet normal 0 0 1
    outer loop
      vertex -56.6313 2.22505 9.5
      vertex -87.4325 3.43523 9.5
      vertex -56.675 0 9.5
    endloop
  endfacet
  facet normal 0 0 1
    outer loop
      vertex -56.5003 -4.44667 9.5
      vertex -87.2303 -6.86517 9.5
      vertex -86.8935 -10.2845 9.5
    endloop
  endfacet
  facet normal 0 0 1
    outer loop
      vertex -87.5 0 9.5
      vertex -56.675 0 9.5
      vertex -87.4325 3.43523 9.5
    endloop
  endfacet
  facet normal 0 0 1
    outer loop
      vertex -56.6313 -2.22505 9.5
      vertex -87.4325 -3.43523 9.5
      vertex -87.2303 -6.86517 9.5
    endloop
  endfacet
  facet normal 0 0 1
    outer loop
      vertex -56.675 0 9.5
      vertex -87.5 0 9.5
      vertex -87.4325 -3.43523 9.5
    endloop
  endfacet
  facet normal 0 0 1
    outer loop
      vertex 79.4625 -36.6327 9.5
      vertex 51.469 -23.7275 9.5
      vertex 77.9631 -39.7242 9.5
    endloop
  endfacet
  facet normal -0 0 1
    outer loop
      vertex 50.4978 -25.7299 9.5
      vertex 77.9631 -39.7242 9.5
      vertex 51.469 -23.7275 9.5
    endloop
  endfacet
  facet normal 0 0 1
    outer loop
      vertex 77.9631 -39.7242 9.5
      vertex 50.4978 -25.7299 9.5
      vertex 76.3434 -42.7544 9.5
    endloop
  endfacet
  facet normal -0 0 1
    outer loop
      vertex 49.4487 -27.6926 9.5
      vertex 76.3434 -42.7544 9.5
      vertex 50.4978 -25.7299 9.5
    endloop
  endfacet
  facet normal 0 0 1
    outer loop
      vertex 76.3434 -42.7544 9.5
      vertex 49.4487 -27.6926 9.5
      vertex 74.606 -45.7186 9.5
    endloop
  endfacet
  facet normal -0 0 1
    outer loop
      vertex 48.3234 -29.6126 9.5
      vertex 74.606 -45.7186 9.5
      vertex 49.4487 -27.6926 9.5
    endloop
  endfacet
  facet normal 0 0 1
    outer loop
      vertex 74.606 -45.7186 9.5
      vertex 48.3234 -29.6126 9.5
      vertex 72.7536 -48.6124 9.5
    endloop
  endfacet
  facet normal -0 0 1
    outer loop
      vertex 47.1235 -31.4869 9.5
      vertex 72.7536 -48.6124 9.5
      vertex 48.3234 -29.6126 9.5
    endloop
  endfacet
  facet normal 0 0 1
    outer loop
      vertex 72.7536 -48.6124 9.5
      vertex 47.1235 -31.4869 9.5
      vertex 70.789 -51.4312 9.5
    endloop
  endfacet
  facet normal -0 0 1
    outer loop
      vertex 45.851 -33.3127 9.5
      vertex 70.789 -51.4312 9.5
      vertex 47.1235 -31.4869 9.5
    endloop
  endfacet
  facet normal 0 0 1
    outer loop
      vertex 70.789 -51.4312 9.5
      vertex 45.851 -33.3127 9.5
      vertex 68.7152 -54.1707 9.5
    endloop
  endfacet
  facet normal -0 0 1
    outer loop
      vertex 44.5078 -35.0872 9.5
      vertex 68.7152 -54.1707 9.5
      vertex 45.851 -33.3127 9.5
    endloop
  endfacet
  facet normal 0 0 1
    outer loop
      vertex 68.7152 -54.1707 9.5
      vertex 44.5078 -35.0872 9.5
      vertex 66.5355 -56.8267 9.5
    endloop
  endfacet
  facet normal -0 0 1
    outer loop
      vertex 43.096 -36.8075 9.5
      vertex 66.5355 -56.8267 9.5
      vertex 44.5078 -35.0872 9.5
    endloop
  endfacet
  facet normal 0 0 1
    outer loop
      vertex 66.5355 -56.8267 9.5
      vertex 43.096 -36.8075 9.5
      vertex 64.2532 -59.3951 9.5
    endloop
  endfacet
  facet normal -0 0 1
    outer loop
      vertex 41.6177 -38.471 9.5
      vertex 64.2532 -59.3951 9.5
      vertex 43.096 -36.8075 9.5
    endloop
  endfacet
  facet normal 0 0 1
    outer loop
      vertex 64.2532 -59.3951 9.5
      vertex 41.6177 -38.471 9.5
      vertex 61.8718 -61.8718 9.5
    endloop
  endfacet
  facet normal -0 0 1
    outer loop
      vertex 40.0753 -40.0753 9.5
      vertex 61.8718 -61.8718 9.5
      vertex 41.6177 -38.471 9.5
    endloop
  endfacet
  facet normal 0 0 1
    outer loop
      vertex 61.8718 -61.8718 9.5
      vertex 40.0753 -40.0753 9.5
      vertex 59.3951 -64.2532 9.5
    endloop
  endfacet
  facet normal -0 0 1
    outer loop
      vertex 38.471 -41.6177 9.5
      vertex 59.3951 -64.2532 9.5
      vertex 40.0753 -40.0753 9.5
    endloop
  endfacet
  facet normal 0 0 1
    outer loop
      vertex 59.3951 -64.2532 9.5
      vertex 38.471 -41.6177 9.5
      vertex 56.8267 -66.5355 9.5
    endloop
  endfacet
  facet normal -0 0 1
    outer loop
      vertex 36.8075 -43.096 9.5
      vertex 56.8267 -66.5355 9.5
      vertex 38.471 -41.6177 9.5
    endloop
  endfacet
  facet normal 0 0 1
    outer loop
      vertex 56.8267 -66.5355 9.5
      vertex 36.8075 -43.096 9.5
      vertex 54.1707 -68.7152 9.5
    endloop
  endfacet
  facet normal -0 0 1
    outer loop
      vertex 35.0872 -44.5078 9.5
      vertex 54.1707 -68.7152 9.5
      vertex 36.8075 -43.096 9.5
    endloop
  endfacet
  facet normal 0 0 1
    outer loop
      vertex 54.1707 -68.7152 9.5
      vertex 35.0872 -44.5078 9.5
      vertex 51.4312 -70.789 9.5
    endloop
  endfacet
  facet normal -0 0 1
    outer loop
      vertex 33.3127 -45.851 9.5
      vertex 51.4312 -70.789 9.5
      vertex 35.0872 -44.5078 9.5
    endloop
  endfacet
  facet normal 0 0 1
    outer loop
      vertex 51.4312 -70.789 9.5
      vertex 33.3127 -45.851 9.5
      vertex 48.6124 -72.7536 9.5
    endloop
  endfacet
  facet normal -0 0 1
    outer loop
      vertex 31.4869 -47.1235 9.5
      vertex 48.6124 -72.7536 9.5
      vertex 33.3127 -45.851 9.5
    endloop
  endfacet
  facet normal 0 0 1
    outer loop
      vertex 48.6124 -72.7536 9.5
      vertex 31.4869 -47.1235 9.5
      vertex 45.7186 -74.606 9.5
    endloop
  endfacet
  facet normal -0 0 1
    outer loop
      vertex 29.6126 -48.3234 9.5
      vertex 45.7186 -74.606 9.5
      vertex 31.4869 -47.1235 9.5
    endloop
  endfacet
  facet normal 0 0 1
    outer loop
      vertex 45.7186 -74.606 9.5
      vertex 29.6126 -48.3234 9.5
      vertex 42.7544 -76.3434 9.5
    endloop
  endfacet
  facet normal -0 0 1
    outer loop
      vertex 27.6926 -49.4487 9.5
      vertex 42.7544 -76.3434 9.5
      vertex 29.6126 -48.3234 9.5
    endloop
  endfacet
  facet normal 0 0 1
    outer loop
      vertex 42.7544 -76.3434 9.5
      vertex 27.6926 -49.4487 9.5
      vertex 39.7242 -77.9631 9.5
    endloop
  endfacet
  facet normal -0 0 1
    outer loop
      vertex 25.7299 -50.4978 9.5
      vertex 39.7242 -77.9631 9.5
      vertex 27.6926 -49.4487 9.5
    endloop
  endfacet
  facet normal 0 0 1
    outer loop
      vertex 39.7242 -77.9631 9.5
      vertex 25.7299 -50.4978 9.5
      vertex 36.6327 -79.4625 9.5
    endloop
  endfacet
  facet normal -0 0 1
    outer loop
      vertex 23.7275 -51.469 9.5
      vertex 36.6327 -79.4625 9.5
      vertex 25.7299 -50.4978 9.5
    endloop
  endfacet
  facet normal 0 0 1
    outer loop
      vertex 36.6327 -79.4625 9.5
      vertex 23.7275 -51.469 9.5
      vertex 33.4848 -80.8395 9.5
    endloop
  endfacet
  facet normal -0 0 1
    outer loop
      vertex 21.6886 -52.3609 9.5
      vertex 33.4848 -80.8395 9.5
      vertex 23.7275 -51.469 9.5
    endloop
  endfacet
  facet normal 0 0 1
    outer loop
      vertex 33.4848 -80.8395 9.5
      vertex 21.6886 -52.3609 9.5
      vertex 30.2852 -82.0917 9.5
    endloop
  endfacet
  facet normal -0 0 1
    outer loop
      vertex 19.6162 -53.172 9.5
      vertex 30.2852 -82.0917 9.5
      vertex 21.6886 -52.3609 9.5
    endloop
  endfacet
  facet normal 0 0 1
    outer loop
      vertex 30.2852 -82.0917 9.5
      vertex 19.6162 -53.172 9.5
      vertex 27.039 -83.2174 9.5
    endloop
  endfacet
  facet normal -0 0 1
    outer loop
      vertex 17.5135 -53.9011 9.5
      vertex 27.039 -83.2174 9.5
      vertex 19.6162 -53.172 9.5
    endloop
  endfacet
  facet normal 0 0 1
    outer loop
      vertex 27.039 -83.2174 9.5
      vertex 17.5135 -53.9011 9.5
      vertex 23.751 -84.2148 9.5
    endloop
  endfacet
  facet normal -0 0 1
    outer loop
      vertex 15.3839 -54.5471 9.5
      vertex 23.751 -84.2148 9.5
      vertex 17.5135 -53.9011 9.5
    endloop
  endfacet
  facet normal 0 0 1
    outer loop
      vertex 23.751 -84.2148 9.5
      vertex 15.3839 -54.5471 9.5
      vertex 20.4265 -85.0824 9.5
    endloop
  endfacet
  facet normal -0 0 1
    outer loop
      vertex 13.2305 -55.1091 9.5
      vertex 20.4265 -85.0824 9.5
      vertex 15.3839 -54.5471 9.5
    endloop
  endfacet
  facet normal 0 0 1
    outer loop
      vertex 20.4265 -85.0824 9.5
      vertex 13.2305 -55.1091 9.5
      vertex 17.0704 -85.8187 9.5
    endloop
  endfacet
  facet normal -0 0 1
    outer loop
      vertex 11.0567 -55.586 9.5
      vertex 17.0704 -85.8187 9.5
      vertex 13.2305 -55.1091 9.5
    endloop
  endfacet
  facet normal 0 0 1
    outer loop
      vertex 17.0704 -85.8187 9.5
      vertex 11.0567 -55.586 9.5
      vertex 13.688 -86.4227 9.5
    endloop
  endfacet
  facet normal -0 0 1
    outer loop
      vertex 8.86592 -55.9772 9.5
      vertex 13.688 -86.4227 9.5
      vertex 11.0567 -55.586 9.5
    endloop
  endfacet
  facet normal 0 0 1
    outer loop
      vertex 13.688 -86.4227 9.5
      vertex 8.86592 -55.9772 9.5
      vertex 10.2845 -86.8935 9.5
    endloop
  endfacet
  facet normal -0 0 1
    outer loop
      vertex 6.66143 -56.2822 9.5
      vertex 10.2845 -86.8935 9.5
      vertex 8.86592 -55.9772 9.5
    endloop
  endfacet
  facet normal 0 0 1
    outer loop
      vertex 10.2845 -86.8935 9.5
      vertex 6.66143 -56.2822 9.5
      vertex 6.86517 -87.2303 9.5
    endloop
  endfacet
  facet normal -0 0 1
    outer loop
      vertex 4.44667 -56.5003 9.5
      vertex 6.86517 -87.2303 9.5
      vertex 6.66143 -56.2822 9.5
    endloop
  endfacet
  facet normal 0 0 1
    outer loop
      vertex 4.44667 -56.5003 9.5
      vertex 3.43523 -87.4325 9.5
      vertex 6.86517 -87.2303 9.5
    endloop
  endfacet
  facet normal -0 0 1
    outer loop
      vertex 2.22505 -56.6313 9.5
      vertex 3.43523 -87.4325 9.5
      vertex 4.44667 -56.5003 9.5
    endloop
  endfacet
  facet normal -0 0 1
    outer loop
      vertex 0 -56.675 9.5
      vertex 3.43523 -87.4325 9.5
      vertex 2.22505 -56.6313 9.5
    endloop
  endfacet
  facet normal 0 0 1
    outer loop
      vertex 0 -56.675 9.5
      vertex 0 -87.5 9.5
      vertex 3.43523 -87.4325 9.5
    endloop
  endfacet
  facet normal 0 0 1
    outer loop
      vertex -2.22505 -56.6313 9.5
      vertex 0 -87.5 9.5
      vertex 0 -56.675 9.5
    endloop
  endfacet
  facet normal 0 0 1
    outer loop
      vertex -2.22505 -56.6313 9.5
      vertex -3.43523 -87.4325 9.5
      vertex 0 -87.5 9.5
    endloop
  endfacet
  facet normal 0 0 1
    outer loop
      vertex -4.44667 -56.5003 9.5
      vertex -3.43523 -87.4325 9.5
      vertex -2.22505 -56.6313 9.5
    endloop
  endfacet
  facet normal 0 0 1
    outer loop
      vertex -6.86517 -87.2303 9.5
      vertex -4.44667 -56.5003 9.5
      vertex -6.66143 -56.2822 9.5
    endloop
  endfacet
  facet normal 0 0 1
    outer loop
      vertex -4.44667 -56.5003 9.5
      vertex -6.86517 -87.2303 9.5
      vertex -3.43523 -87.4325 9.5
    endloop
  endfacet
  facet normal 0 0 1
    outer loop
      vertex -10.2845 -86.8935 9.5
      vertex -6.66143 -56.2822 9.5
      vertex -8.86592 -55.9772 9.5
    endloop
  endfacet
  facet normal 0 0 1
    outer loop
      vertex -6.66143 -56.2822 9.5
      vertex -10.2845 -86.8935 9.5
      vertex -6.86517 -87.2303 9.5
    endloop
  endfacet
  facet normal 0 0 1
    outer loop
      vertex -13.688 -86.4227 9.5
      vertex -8.86592 -55.9772 9.5
      vertex -11.0567 -55.586 9.5
    endloop
  endfacet
  facet normal 0 0 1
    outer loop
      vertex -17.0704 -85.8187 9.5
      vertex -11.0567 -55.586 9.5
      vertex -13.2305 -55.1091 9.5
    endloop
  endfacet
  facet normal 0 0 1
    outer loop
      vertex -8.86592 -55.9772 9.5
      vertex -13.688 -86.4227 9.5
      vertex -10.2845 -86.8935 9.5
    endloop
  endfacet
  facet normal 0 0 1
    outer loop
      vertex -20.4265 -85.0824 9.5
      vertex -13.2305 -55.1091 9.5
      vertex -15.3839 -54.5471 9.5
    endloop
  endfacet
  facet normal 0 0 1
    outer loop
      vertex -11.0567 -55.586 9.5
      vertex -17.0704 -85.8187 9.5
      vertex -13.688 -86.4227 9.5
    endloop
  endfacet
  facet normal 0 0 1
    outer loop
      vertex -29.1519 -56.4926 9.5
      vertex -15.3839 -54.5471 9.5
      vertex -17.5135 -53.9011 9.5
    endloop
  endfacet
  facet normal 0 0 1
    outer loop
      vertex -29.1519 -56.4926 9.5
      vertex -17.5135 -53.9011 9.5
      vertex -19.6162 -53.172 9.5
    endloop
  endfacet
  facet normal 0 0 1
    outer loop
      vertex -13.2305 -55.1091 9.5
      vertex -20.4265 -85.0824 9.5
      vertex -17.0704 -85.8187 9.5
    endloop
  endfacet
  facet normal 0 0 1
    outer loop
      vertex -29.1519 -56.4926 9.5
      vertex -19.6162 -53.172 9.5
      vertex -21.6886 -52.3609 9.5
    endloop
  endfacet
  facet normal 0 0 1
    outer loop
      vertex -29.1519 -56.4926 9.5
      vertex -21.6886 -52.3609 9.5
      vertex -23.7275 -51.469 9.5
    endloop
  endfacet
  facet normal 0 0 1
    outer loop
      vertex -15.3839 -54.5471 9.5
      vertex -29.1519 -56.4926 9.5
      vertex -23.751 -84.2148 9.5
    endloop
  endfacet
  facet normal 0 0 1
    outer loop
      vertex -29.1519 -56.4926 9.5
      vertex -23.7275 -51.469 9.5
      vertex -25.7299 -50.4978 9.5
    endloop
  endfacet
  facet normal 0 0 1
    outer loop
      vertex -15.3839 -54.5471 9.5
      vertex -23.751 -84.2148 9.5
      vertex -20.4265 -85.0824 9.5
    endloop
  endfacet
  facet normal 0 0 1
    outer loop
      vertex -29.1519 -56.4926 9.5
      vertex -25.7299 -50.4978 9.5
      vertex -27.6926 -49.4487 9.5
    endloop
  endfacet
  facet normal 0 0 1
    outer loop
      vertex -23.751 -84.2148 9.5
      vertex -29.1519 -56.4926 9.5
      vertex -27.039 -83.2174 9.5
    endloop
  endfacet
  facet normal -0 0 1
    outer loop
      vertex -36.6519 -69.483 9.5
      vertex -27.039 -83.2174 9.5
      vertex -29.1519 -56.4926 9.5
    endloop
  endfacet
  facet normal 0 0 1
    outer loop
      vertex -27.039 -83.2174 9.5
      vertex -36.6519 -69.483 9.5
      vertex -30.2852 -82.0917 9.5
    endloop
  endfacet
  facet normal 0 0 1
    outer loop
      vertex -30.2852 -82.0917 9.5
      vertex -36.6519 -69.483 9.5
      vertex -33.4848 -80.8395 9.5
    endloop
  endfacet
  facet normal 0 0 1
    outer loop
      vertex -33.4848 -80.8395 9.5
      vertex -36.6519 -69.483 9.5
      vertex -36.6327 -79.4625 9.5
    endloop
  endfacet
  facet normal 0 0 1
    outer loop
      vertex -36.6519 -69.483 9.5
      vertex -39.7242 -77.9631 9.5
      vertex -36.6327 -79.4625 9.5
    endloop
  endfacet
  facet normal 0 0 1
    outer loop
      vertex -42.7544 -76.3434 9.5
      vertex -36.6519 -69.483 9.5
      vertex -41.8481 -66.483 9.5
    endloop
  endfacet
  facet normal 0 0 1
    outer loop
      vertex -36.6519 -69.483 9.5
      vertex -42.7544 -76.3434 9.5
      vertex -39.7242 -77.9631 9.5
    endloop
  endfacet
  facet normal -0 0 1
    outer loop
      vertex -34.3481 53.4926 9.5
      vertex -27.6926 49.4487 9.5
      vertex -29.1519 56.4926 9.5
    endloop
  endfacet
  facet normal 0 0 1
    outer loop
      vertex -27.6926 49.4487 9.5
      vertex -34.3481 53.4926 9.5
      vertex -29.6126 48.3234 9.5
    endloop
  endfacet
  facet normal 0 0 1
    outer loop
      vertex -29.6126 48.3234 9.5
      vertex -34.3481 53.4926 9.5
      vertex -31.4869 47.1235 9.5
    endloop
  endfacet
  facet normal 0 0 1
    outer loop
      vertex -31.4869 47.1235 9.5
      vertex -34.3481 53.4926 9.5
      vertex -33.3127 45.851 9.5
    endloop
  endfacet
  facet normal 0 0 1
    outer loop
      vertex -34.3481 53.4926 9.5
      vertex -35.0872 44.5078 9.5
      vertex -33.3127 45.851 9.5
    endloop
  endfacet
  facet normal 0 0 1
    outer loop
      vertex -34.3481 53.4926 9.5
      vertex -36.8075 43.096 9.5
      vertex -35.0872 44.5078 9.5
    endloop
  endfacet
  facet normal 0 0 1
    outer loop
      vertex -34.3481 53.4926 9.5
      vertex -38.471 41.6177 9.5
      vertex -36.8075 43.096 9.5
    endloop
  endfacet
  facet normal 0 0 1
    outer loop
      vertex -59.3951 64.2532 9.5
      vertex -38.471 41.6177 9.5
      vertex -34.3481 53.4926 9.5
    endloop
  endfacet
  facet normal 0 0 1
    outer loop
      vertex -41.8481 66.483 9.5
      vertex -59.3951 64.2532 9.5
      vertex -34.3481 53.4926 9.5
    endloop
  endfacet
  facet normal 0 0 1
    outer loop
      vertex -59.3951 64.2532 9.5
      vertex -41.8481 66.483 9.5
      vertex -56.8267 66.5355 9.5
    endloop
  endfacet
  facet normal -0 0 1
    outer loop
      vertex -45.7186 74.606 9.5
      vertex -41.8481 66.483 9.5
      vertex -42.7544 76.3434 9.5
    endloop
  endfacet
  facet normal -0 0 1
    outer loop
      vertex -48.6124 72.7536 9.5
      vertex -41.8481 66.483 9.5
      vertex -45.7186 74.606 9.5
    endloop
  endfacet
  facet normal -0 0 1
    outer loop
      vertex -51.4312 70.789 9.5
      vertex -41.8481 66.483 9.5
      vertex -48.6124 72.7536 9.5
    endloop
  endfacet
  facet normal -0 0 1
    outer loop
      vertex -54.1707 68.7152 9.5
      vertex -41.8481 66.483 9.5
      vertex -51.4312 70.789 9.5
    endloop
  endfacet
  facet normal -0 0 1
    outer loop
      vertex -56.8267 66.5355 9.5
      vertex -41.8481 66.483 9.5
      vertex -54.1707 68.7152 9.5
    endloop
  endfacet
  facet normal 0 0 1
    outer loop
      vertex -38.471 41.6177 9.5
      vertex -59.3951 64.2532 9.5
      vertex -40.0753 40.0753 9.5
    endloop
  endfacet
  facet normal -0 0 1
    outer loop
      vertex -61.8718 61.8718 9.5
      vertex -40.0753 40.0753 9.5
      vertex -59.3951 64.2532 9.5
    endloop
  endfacet
  facet normal 0 0 1
    outer loop
      vertex -40.0753 40.0753 9.5
      vertex -61.8718 61.8718 9.5
      vertex -41.6177 38.471 9.5
    endloop
  endfacet
  facet normal -0 0 1
    outer loop
      vertex -64.2532 59.3951 9.5
      vertex -41.6177 38.471 9.5
      vertex -61.8718 61.8718 9.5
    endloop
  endfacet
  facet normal 0 0 1
    outer loop
      vertex -41.6177 38.471 9.5
      vertex -64.2532 59.3951 9.5
      vertex -43.096 36.8075 9.5
    endloop
  endfacet
  facet normal -0 0 1
    outer loop
      vertex -66.5355 56.8267 9.5
      vertex -43.096 36.8075 9.5
      vertex -64.2532 59.3951 9.5
    endloop
  endfacet
  facet normal 0 0 1
    outer loop
      vertex -43.096 36.8075 9.5
      vertex -66.5355 56.8267 9.5
      vertex -44.5078 35.0872 9.5
    endloop
  endfacet
  facet normal -0 0 1
    outer loop
      vertex -68.7152 54.1707 9.5
      vertex -44.5078 35.0872 9.5
      vertex -66.5355 56.8267 9.5
    endloop
  endfacet
  facet normal 0 0 1
    outer loop
      vertex -44.5078 35.0872 9.5
      vertex -68.7152 54.1707 9.5
      vertex -45.851 33.3127 9.5
    endloop
  endfacet
  facet normal -0 0 1
    outer loop
      vertex -70.789 51.4312 9.5
      vertex -45.851 33.3127 9.5
      vertex -68.7152 54.1707 9.5
    endloop
  endfacet
  facet normal 0 0 1
    outer loop
      vertex -45.851 33.3127 9.5
      vertex -70.789 51.4312 9.5
      vertex -47.1235 31.4869 9.5
    endloop
  endfacet
  facet normal -0 0 1
    outer loop
      vertex -72.7536 48.6124 9.5
      vertex -47.1235 31.4869 9.5
      vertex -70.789 51.4312 9.5
    endloop
  endfacet
  facet normal 0 0 1
    outer loop
      vertex -47.1235 31.4869 9.5
      vertex -72.7536 48.6124 9.5
      vertex -48.3234 29.6126 9.5
    endloop
  endfacet
  facet normal -0 0 1
    outer loop
      vertex -74.606 45.7186 9.5
      vertex -48.3234 29.6126 9.5
      vertex -72.7536 48.6124 9.5
    endloop
  endfacet
  facet normal 0 0 1
    outer loop
      vertex -48.3234 29.6126 9.5
      vertex -74.606 45.7186 9.5
      vertex -49.4487 27.6926 9.5
    endloop
  endfacet
  facet normal -0 0 1
    outer loop
      vertex -76.3434 42.7544 9.5
      vertex -49.4487 27.6926 9.5
      vertex -74.606 45.7186 9.5
    endloop
  endfacet
  facet normal 0 0 1
    outer loop
      vertex -49.4487 27.6926 9.5
      vertex -76.3434 42.7544 9.5
      vertex -50.4978 25.7299 9.5
    endloop
  endfacet
  facet normal -0 0 1
    outer loop
      vertex -77.9631 39.7242 9.5
      vertex -50.4978 25.7299 9.5
      vertex -76.3434 42.7544 9.5
    endloop
  endfacet
  facet normal -0 0 1
    outer loop
      vertex -79.4625 36.6327 9.5
      vertex -51.469 23.7275 9.5
      vertex -77.9631 39.7242 9.5
    endloop
  endfacet
  facet normal 0 0 1
    outer loop
      vertex -50.4978 25.7299 9.5
      vertex -77.9631 39.7242 9.5
      vertex -51.469 23.7275 9.5
    endloop
  endfacet
  facet normal -0 0 1
    outer loop
      vertex 78.5 3 9.5
      vertex 87.5 0 9.5
      vertex 87.4325 3.43523 9.5
    endloop
  endfacet
  facet normal 0 0 1
    outer loop
      vertex 78.5 3 9.5
      vertex 87.4325 3.43523 9.5
      vertex 87.2303 6.86517 9.5
    endloop
  endfacet
  facet normal 0 0 1
    outer loop
      vertex 78.5 -3 9.5
      vertex 87.5 0 9.5
      vertex 78.5 3 9.5
    endloop
  endfacet
  facet normal 0 0 1
    outer loop
      vertex 78.5 3 9.5
      vertex 87.2303 6.86517 9.5
      vertex 86.8935 10.2845 9.5
    endloop
  endfacet
  facet normal 0 0 1
    outer loop
      vertex 87.5 0 9.5
      vertex 78.5 -3 9.5
      vertex 87.4325 -3.43523 9.5
    endloop
  endfacet
  facet normal 0 0 1
    outer loop
      vertex 78.5 3 9.5
      vertex 86.8935 10.2845 9.5
      vertex 86.4227 13.688 9.5
    endloop
  endfacet
  facet normal 0 0 1
    outer loop
      vertex 87.4325 -3.43523 9.5
      vertex 78.5 -3 9.5
      vertex 87.2303 -6.86517 9.5
    endloop
  endfacet
  facet normal 0 0 1
    outer loop
      vertex 78.5 3 9.5
      vertex 86.4227 13.688 9.5
      vertex 85.8187 17.0704 9.5
    endloop
  endfacet
  facet normal 0 0 1
    outer loop
      vertex 87.2303 -6.86517 9.5
      vertex 78.5 -3 9.5
      vertex 86.8935 -10.2845 9.5
    endloop
  endfacet
  facet normal 0 0 1
    outer loop
      vertex 78.5 3 9.5
      vertex 85.8187 17.0704 9.5
      vertex 85.0824 20.4265 9.5
    endloop
  endfacet
  facet normal 0 0 1
    outer loop
      vertex 86.8935 -10.2845 9.5
      vertex 78.5 -3 9.5
      vertex 86.4227 -13.688 9.5
    endloop
  endfacet
  facet normal 0 0 1
    outer loop
      vertex 55.1091 13.2305 9.5
      vertex 85.0824 20.4265 9.5
      vertex 84.2148 23.751 9.5
    endloop
  endfacet
  facet normal 0 0 1
    outer loop
      vertex 86.4227 -13.688 9.5
      vertex 78.5 -3 9.5
      vertex 85.8187 -17.0704 9.5
    endloop
  endfacet
  facet normal 0 0 1
    outer loop
      vertex 54.5471 15.3839 9.5
      vertex 84.2148 23.751 9.5
      vertex 83.2174 27.039 9.5
    endloop
  endfacet
  facet normal 0 0 1
    outer loop
      vertex 85.8187 -17.0704 9.5
      vertex 78.5 -3 9.5
      vertex 85.0824 -20.4265 9.5
    endloop
  endfacet
  facet normal 0 0 1
    outer loop
      vertex 53.9011 17.5135 9.5
      vertex 83.2174 27.039 9.5
      vertex 82.0917 30.2852 9.5
    endloop
  endfacet
  facet normal -0 0 1
    outer loop
      vertex 63.5 -3 9.5
      vertex 85.0824 -20.4265 9.5
      vertex 78.5 -3 9.5
    endloop
  endfacet
  facet normal 0 0 1
    outer loop
      vertex 53.172 19.6162 9.5
      vertex 82.0917 30.2852 9.5
      vertex 80.8395 33.4848 9.5
    endloop
  endfacet
  facet normal 0 0 1
    outer loop
      vertex 55.1091 -13.2305 9.5
      vertex 63.5 -3 9.5
      vertex 55.586 -11.0567 9.5
    endloop
  endfacet
  facet normal 0 0 1
    outer loop
      vertex 53.172 19.6162 9.5
      vertex 80.8395 33.4848 9.5
      vertex 79.4625 36.6327 9.5
    endloop
  endfacet
  facet normal 0 0 1
    outer loop
      vertex 55.9772 -8.86592 9.5
      vertex 63.5 -3 9.5
      vertex 56.2822 -6.66143 9.5
    endloop
  endfacet
  facet normal 0 0 1
    outer loop
      vertex 55.586 -11.0567 9.5
      vertex 63.5 -3 9.5
      vertex 55.9772 -8.86592 9.5
    endloop
  endfacet
  facet normal 0 0 1
    outer loop
      vertex 53.172 19.6162 9.5
      vertex 79.4625 36.6327 9.5
      vertex 77.9631 39.7242 9.5
    endloop
  endfacet
  facet normal 0 0 1
    outer loop
      vertex 53.172 19.6162 9.5
      vertex 77.9631 39.7242 9.5
      vertex 76.3434 42.7544 9.5
    endloop
  endfacet
  facet normal 0 0 1
    outer loop
      vertex 53.172 19.6162 9.5
      vertex 76.3434 42.7544 9.5
      vertex 74.606 45.7186 9.5
    endloop
  endfacet
  facet normal 0 0 1
    outer loop
      vertex 53.172 19.6162 9.5
      vertex 74.606 45.7186 9.5
      vertex 72.7536 48.6124 9.5
    endloop
  endfacet
  facet normal 0 0 1
    outer loop
      vertex 53.172 19.6162 9.5
      vertex 72.7536 48.6124 9.5
      vertex 70.789 51.4312 9.5
    endloop
  endfacet
  facet normal 0 0 1
    outer loop
      vertex 53.172 19.6162 9.5
      vertex 70.789 51.4312 9.5
      vertex 68.7152 54.1707 9.5
    endloop
  endfacet
  facet normal 0 0 1
    outer loop
      vertex 53.172 19.6162 9.5
      vertex 68.7152 54.1707 9.5
      vertex 66.5355 56.8267 9.5
    endloop
  endfacet
  facet normal 0 0 1
    outer loop
      vertex 53.172 19.6162 9.5
      vertex 66.5355 56.8267 9.5
      vertex 64.2532 59.3951 9.5
    endloop
  endfacet
  facet normal 0 0 1
    outer loop
      vertex 82.0917 30.2852 9.5
      vertex 53.172 19.6162 9.5
      vertex 53.9011 17.5135 9.5
    endloop
  endfacet
  facet normal 0 0 1
    outer loop
      vertex 83.2174 27.039 9.5
      vertex 53.9011 17.5135 9.5
      vertex 54.5471 15.3839 9.5
    endloop
  endfacet
  facet normal 0 0 1
    outer loop
      vertex 53.172 19.6162 9.5
      vertex 64.2532 59.3951 9.5
      vertex 61.8718 61.8718 9.5
    endloop
  endfacet
  facet normal 0 0 1
    outer loop
      vertex 56.2822 -6.66143 9.5
      vertex 63.5 -3 9.5
      vertex 56.5003 -4.44667 9.5
    endloop
  endfacet
  facet normal 0 0 1
    outer loop
      vertex 63.5 -3 9.5
      vertex 55.1091 -13.2305 9.5
      vertex 85.0824 -20.4265 9.5
    endloop
  endfacet
  facet normal 0 0 1
    outer loop
      vertex 56.5003 -4.44667 9.5
      vertex 63.5 -3 9.5
      vertex 56.6313 -2.22505 9.5
    endloop
  endfacet
  facet normal 0 0 1
    outer loop
      vertex 85.0824 -20.4265 9.5
      vertex 55.1091 -13.2305 9.5
      vertex 84.2148 -23.751 9.5
    endloop
  endfacet
  facet normal -0 0 1
    outer loop
      vertex 54.5471 -15.3839 9.5
      vertex 84.2148 -23.751 9.5
      vertex 55.1091 -13.2305 9.5
    endloop
  endfacet
  facet normal -0 0 1
    outer loop
      vertex 56.6313 -2.22505 9.5
      vertex 63.5 -3 9.5
      vertex 56.675 0 9.5
    endloop
  endfacet
  facet normal 0 0 1
    outer loop
      vertex 84.2148 -23.751 9.5
      vertex 54.5471 -15.3839 9.5
      vertex 83.2174 -27.039 9.5
    endloop
  endfacet
  facet normal -0 0 1
    outer loop
      vertex 53.9011 -17.5135 9.5
      vertex 83.2174 -27.039 9.5
      vertex 54.5471 -15.3839 9.5
    endloop
  endfacet
  facet normal 0 0 1
    outer loop
      vertex 83.2174 -27.039 9.5
      vertex 53.9011 -17.5135 9.5
      vertex 82.0917 -30.2852 9.5
    endloop
  endfacet
  facet normal -0 0 1
    outer loop
      vertex 53.172 -19.6162 9.5
      vertex 82.0917 -30.2852 9.5
      vertex 53.9011 -17.5135 9.5
    endloop
  endfacet
  facet normal 0 0 1
    outer loop
      vertex 85.0824 20.4265 9.5
      vertex 63.5 3 9.5
      vertex 78.5 3 9.5
    endloop
  endfacet
  facet normal 0 0 1
    outer loop
      vertex 82.0917 -30.2852 9.5
      vertex 53.172 -19.6162 9.5
      vertex 80.8395 -33.4848 9.5
    endloop
  endfacet
  facet normal 0 0 1
    outer loop
      vertex 40.0753 40.0753 9.5
      vertex 61.8718 61.8718 9.5
      vertex 59.3951 64.2532 9.5
    endloop
  endfacet
  facet normal -0 0 1
    outer loop
      vertex 52.3609 -21.6886 9.5
      vertex 80.8395 -33.4848 9.5
      vertex 53.172 -19.6162 9.5
    endloop
  endfacet
  facet normal 0 0 1
    outer loop
      vertex 38.471 41.6177 9.5
      vertex 59.3951 64.2532 9.5
      vertex 56.8267 66.5355 9.5
    endloop
  endfacet
  facet normal 0 0 1
    outer loop
      vertex 80.8395 -33.4848 9.5
      vertex 52.3609 -21.6886 9.5
      vertex 79.4625 -36.6327 9.5
    endloop
  endfacet
  facet normal -0 0 1
    outer loop
      vertex 51.469 -23.7275 9.5
      vertex 79.4625 -36.6327 9.5
      vertex 52.3609 -21.6886 9.5
    endloop
  endfacet
  facet normal 0 0 1
    outer loop
      vertex 63.5 3 9.5
      vertex 56.675 0 9.5
      vertex 63.5 -3 9.5
    endloop
  endfacet
  facet normal 0 -0 1
    outer loop
      vertex 56.675 0 9.5
      vertex 63.5 3 9.5
      vertex 56.6313 2.22505 9.5
    endloop
  endfacet
  facet normal 0 -0 1
    outer loop
      vertex 56.6313 2.22505 9.5
      vertex 63.5 3 9.5
      vertex 56.5003 4.44667 9.5
    endloop
  endfacet
  facet normal -0 -0 1
    outer loop
      vertex 56.5003 4.44667 9.5
      vertex 63.5 3 9.5
      vertex 56.2822 6.66143 9.5
    endloop
  endfacet
  facet normal -0 -0 1
    outer loop
      vertex 56.2822 6.66143 9.5
      vertex 63.5 3 9.5
      vertex 55.9772 8.86592 9.5
    endloop
  endfacet
  facet normal -0 -0 1
    outer loop
      vertex 55.9772 8.86592 9.5
      vertex 63.5 3 9.5
      vertex 55.586 11.0567 9.5
    endloop
  endfacet
  facet normal -0 -0 1
    outer loop
      vertex 55.586 11.0567 9.5
      vertex 63.5 3 9.5
      vertex 55.1091 13.2305 9.5
    endloop
  endfacet
  facet normal 0 0 1
    outer loop
      vertex 36.8075 43.096 9.5
      vertex 56.8267 66.5355 9.5
      vertex 54.1707 68.7152 9.5
    endloop
  endfacet
  facet normal 0 0 1
    outer loop
      vertex 85.0824 20.4265 9.5
      vertex 55.1091 13.2305 9.5
      vertex 63.5 3 9.5
    endloop
  endfacet
  facet normal 0 0 1
    outer loop
      vertex 84.2148 23.751 9.5
      vertex 54.5471 15.3839 9.5
      vertex 55.1091 13.2305 9.5
    endloop
  endfacet
  facet normal 0 0 1
    outer loop
      vertex 61.8718 61.8718 9.5
      vertex 52.3609 21.6886 9.5
      vertex 53.172 19.6162 9.5
    endloop
  endfacet
  facet normal 0 0 1
    outer loop
      vertex 61.8718 61.8718 9.5
      vertex 51.469 23.7275 9.5
      vertex 52.3609 21.6886 9.5
    endloop
  endfacet
  facet normal 0 0 1
    outer loop
      vertex 35.0872 44.5078 9.5
      vertex 54.1707 68.7152 9.5
      vertex 51.4312 70.789 9.5
    endloop
  endfacet
  facet normal 0 0 1
    outer loop
      vertex 61.8718 61.8718 9.5
      vertex 50.4978 25.7299 9.5
      vertex 51.469 23.7275 9.5
    endloop
  endfacet
  facet normal 0 0 1
    outer loop
      vertex 61.8718 61.8718 9.5
      vertex 49.4487 27.6926 9.5
      vertex 50.4978 25.7299 9.5
    endloop
  endfacet
  facet normal 0 0 1
    outer loop
      vertex 33.3127 45.851 9.5
      vertex 51.4312 70.789 9.5
      vertex 48.6124 72.7536 9.5
    endloop
  endfacet
  facet normal 0 0 1
    outer loop
      vertex 61.8718 61.8718 9.5
      vertex 48.3234 29.6126 9.5
      vertex 49.4487 27.6926 9.5
    endloop
  endfacet
  facet normal 0 0 1
    outer loop
      vertex 61.8718 61.8718 9.5
      vertex 47.1235 31.4869 9.5
      vertex 48.3234 29.6126 9.5
    endloop
  endfacet
  facet normal 0 0 1
    outer loop
      vertex 61.8718 61.8718 9.5
      vertex 45.851 33.3127 9.5
      vertex 47.1235 31.4869 9.5
    endloop
  endfacet
  facet normal 0 0 1
    outer loop
      vertex 31.4869 47.1235 9.5
      vertex 48.6124 72.7536 9.5
      vertex 45.7186 74.606 9.5
    endloop
  endfacet
  facet normal 0 0 1
    outer loop
      vertex 61.8718 61.8718 9.5
      vertex 44.5078 35.0872 9.5
      vertex 45.851 33.3127 9.5
    endloop
  endfacet
  facet normal 0 0 1
    outer loop
      vertex 61.8718 61.8718 9.5
      vertex 43.096 36.8075 9.5
      vertex 44.5078 35.0872 9.5
    endloop
  endfacet
  facet normal 0 0 1
    outer loop
      vertex 29.6126 48.3234 9.5
      vertex 45.7186 74.606 9.5
      vertex 42.7544 76.3434 9.5
    endloop
  endfacet
  facet normal 0 0 1
    outer loop
      vertex 61.8718 61.8718 9.5
      vertex 41.6177 38.471 9.5
      vertex 43.096 36.8075 9.5
    endloop
  endfacet
  facet normal 0 0 1
    outer loop
      vertex 61.8718 61.8718 9.5
      vertex 40.0753 40.0753 9.5
      vertex 41.6177 38.471 9.5
    endloop
  endfacet
  facet normal 0 0 1
    outer loop
      vertex 27.6926 49.4487 9.5
      vertex 42.7544 76.3434 9.5
      vertex 39.7242 77.9631 9.5
    endloop
  endfacet
  facet normal 0 0 1
    outer loop
      vertex 59.3951 64.2532 9.5
      vertex 38.471 41.6177 9.5
      vertex 40.0753 40.0753 9.5
    endloop
  endfacet
  facet normal 0 0 1
    outer loop
      vertex 56.8267 66.5355 9.5
      vertex 36.8075 43.096 9.5
      vertex 38.471 41.6177 9.5
    endloop
  endfacet
  facet normal 0 0 1
    outer loop
      vertex 25.7299 50.4978 9.5
      vertex 39.7242 77.9631 9.5
      vertex 36.6327 79.4625 9.5
    endloop
  endfacet
  facet normal 0 0 1
    outer loop
      vertex 54.1707 68.7152 9.5
      vertex 35.0872 44.5078 9.5
      vertex 36.8075 43.096 9.5
    endloop
  endfacet
  facet normal 0 0 1
    outer loop
      vertex 23.7275 51.469 9.5
      vertex 36.6327 79.4625 9.5
      vertex 33.4848 80.8395 9.5
    endloop
  endfacet
  facet normal 0 0 1
    outer loop
      vertex 51.4312 70.789 9.5
      vertex 33.3127 45.851 9.5
      vertex 35.0872 44.5078 9.5
    endloop
  endfacet
  facet normal 0 0 1
    outer loop
      vertex 48.6124 72.7536 9.5
      vertex 31.4869 47.1235 9.5
      vertex 33.3127 45.851 9.5
    endloop
  endfacet
  facet normal 0 0 1
    outer loop
      vertex 21.6886 52.3609 9.5
      vertex 33.4848 80.8395 9.5
      vertex 30.2852 82.0917 9.5
    endloop
  endfacet
  facet normal 0 0 1
    outer loop
      vertex 45.7186 74.606 9.5
      vertex 29.6126 48.3234 9.5
      vertex 31.4869 47.1235 9.5
    endloop
  endfacet
  facet normal 0 0 1
    outer loop
      vertex 42.7544 76.3434 9.5
      vertex 27.6926 49.4487 9.5
      vertex 29.6126 48.3234 9.5
    endloop
  endfacet
  facet normal 0 0 1
    outer loop
      vertex 19.6162 53.172 9.5
      vertex 30.2852 82.0917 9.5
      vertex 27.039 83.2174 9.5
    endloop
  endfacet
  facet normal 0 0 1
    outer loop
      vertex 39.7242 77.9631 9.5
      vertex 25.7299 50.4978 9.5
      vertex 27.6926 49.4487 9.5
    endloop
  endfacet
  facet normal 0 0 1
    outer loop
      vertex 17.5135 53.9011 9.5
      vertex 27.039 83.2174 9.5
      vertex 23.751 84.2148 9.5
    endloop
  endfacet
  facet normal 0 0 1
    outer loop
      vertex 36.6327 79.4625 9.5
      vertex 23.7275 51.469 9.5
      vertex 25.7299 50.4978 9.5
    endloop
  endfacet
  facet normal 0 0 1
    outer loop
      vertex 33.4848 80.8395 9.5
      vertex 21.6886 52.3609 9.5
      vertex 23.7275 51.469 9.5
    endloop
  endfacet
  facet normal 0 0 1
    outer loop
      vertex 15.3839 54.5471 9.5
      vertex 23.751 84.2148 9.5
      vertex 20.4265 85.0824 9.5
    endloop
  endfacet
  facet normal 0 0 1
    outer loop
      vertex 30.2852 82.0917 9.5
      vertex 19.6162 53.172 9.5
      vertex 21.6886 52.3609 9.5
    endloop
  endfacet
  facet normal 0 0 1
    outer loop
      vertex 27.039 83.2174 9.5
      vertex 17.5135 53.9011 9.5
      vertex 19.6162 53.172 9.5
    endloop
  endfacet
  facet normal 0 0 1
    outer loop
      vertex 13.2305 55.1091 9.5
      vertex 20.4265 85.0824 9.5
      vertex 17.0704 85.8187 9.5
    endloop
  endfacet
  facet normal 0 0 1
    outer loop
      vertex 23.751 84.2148 9.5
      vertex 15.3839 54.5471 9.5
      vertex 17.5135 53.9011 9.5
    endloop
  endfacet
  facet normal 0 0 1
    outer loop
      vertex 11.0567 55.586 9.5
      vertex 17.0704 85.8187 9.5
      vertex 13.688 86.4227 9.5
    endloop
  endfacet
  facet normal 0 0 1
    outer loop
      vertex 20.4265 85.0824 9.5
      vertex 13.2305 55.1091 9.5
      vertex 15.3839 54.5471 9.5
    endloop
  endfacet
  facet normal 0 0 1
    outer loop
      vertex 17.0704 85.8187 9.5
      vertex 11.0567 55.586 9.5
      vertex 13.2305 55.1091 9.5
    endloop
  endfacet
  facet normal 0 0 1
    outer loop
      vertex 8.86592 55.9772 9.5
      vertex 13.688 86.4227 9.5
      vertex 10.2845 86.8935 9.5
    endloop
  endfacet
  facet normal 0 0 1
    outer loop
      vertex 13.688 86.4227 9.5
      vertex 8.86592 55.9772 9.5
      vertex 11.0567 55.586 9.5
    endloop
  endfacet
  facet normal 0 0 1
    outer loop
      vertex 6.66143 56.2822 9.5
      vertex 10.2845 86.8935 9.5
      vertex 6.86517 87.2303 9.5
    endloop
  endfacet
  facet normal 0 0 1
    outer loop
      vertex 10.2845 86.8935 9.5
      vertex 6.66143 56.2822 9.5
      vertex 8.86592 55.9772 9.5
    endloop
  endfacet
  facet normal 0 0 1
    outer loop
      vertex 6.86517 87.2303 9.5
      vertex 4.44667 56.5003 9.5
      vertex 6.66143 56.2822 9.5
    endloop
  endfacet
  facet normal 0 0 1
    outer loop
      vertex 3.43523 87.4325 9.5
      vertex 4.44667 56.5003 9.5
      vertex 6.86517 87.2303 9.5
    endloop
  endfacet
  facet normal 0 0 1
    outer loop
      vertex 3.43523 87.4325 9.5
      vertex 2.22505 56.6313 9.5
      vertex 4.44667 56.5003 9.5
    endloop
  endfacet
  facet normal 0 0 1
    outer loop
      vertex 0 87.5 9.5
      vertex 2.22505 56.6313 9.5
      vertex 3.43523 87.4325 9.5
    endloop
  endfacet
  facet normal 0 0 1
    outer loop
      vertex 0 87.5 9.5
      vertex 0 56.675 9.5
      vertex 2.22505 56.6313 9.5
    endloop
  endfacet
  facet normal 0 0 1
    outer loop
      vertex 0 87.5 9.5
      vertex -2.22505 56.6313 9.5
      vertex 0 56.675 9.5
    endloop
  endfacet
  facet normal -0 0 1
    outer loop
      vertex -3.43523 87.4325 9.5
      vertex -2.22505 56.6313 9.5
      vertex 0 87.5 9.5
    endloop
  endfacet
  facet normal 0 0 1
    outer loop
      vertex -3.43523 87.4325 9.5
      vertex -4.44667 56.5003 9.5
      vertex -2.22505 56.6313 9.5
    endloop
  endfacet
  facet normal -0 0 1
    outer loop
      vertex -6.86517 87.2303 9.5
      vertex -4.44667 56.5003 9.5
      vertex -3.43523 87.4325 9.5
    endloop
  endfacet
  facet normal 0 0 1
    outer loop
      vertex -4.44667 56.5003 9.5
      vertex -6.86517 87.2303 9.5
      vertex -6.66143 56.2822 9.5
    endloop
  endfacet
  facet normal -0 0 1
    outer loop
      vertex -10.2845 86.8935 9.5
      vertex -6.66143 56.2822 9.5
      vertex -6.86517 87.2303 9.5
    endloop
  endfacet
  facet normal 0 0 1
    outer loop
      vertex -6.66143 56.2822 9.5
      vertex -10.2845 86.8935 9.5
      vertex -8.86592 55.9772 9.5
    endloop
  endfacet
  facet normal -0 0 1
    outer loop
      vertex -13.688 86.4227 9.5
      vertex -8.86592 55.9772 9.5
      vertex -10.2845 86.8935 9.5
    endloop
  endfacet
  facet normal 0 0 1
    outer loop
      vertex -8.86592 55.9772 9.5
      vertex -13.688 86.4227 9.5
      vertex -11.0567 55.586 9.5
    endloop
  endfacet
  facet normal -0 0 1
    outer loop
      vertex -17.0704 85.8187 9.5
      vertex -11.0567 55.586 9.5
      vertex -13.688 86.4227 9.5
    endloop
  endfacet
  facet normal 0 0 1
    outer loop
      vertex -11.0567 55.586 9.5
      vertex -17.0704 85.8187 9.5
      vertex -13.2305 55.1091 9.5
    endloop
  endfacet
  facet normal -0 0 1
    outer loop
      vertex -20.4265 85.0824 9.5
      vertex -13.2305 55.1091 9.5
      vertex -17.0704 85.8187 9.5
    endloop
  endfacet
  facet normal 0 0 1
    outer loop
      vertex -13.2305 55.1091 9.5
      vertex -20.4265 85.0824 9.5
      vertex -15.3839 54.5471 9.5
    endloop
  endfacet
  facet normal -0 0 1
    outer loop
      vertex -23.751 84.2148 9.5
      vertex -15.3839 54.5471 9.5
      vertex -20.4265 85.0824 9.5
    endloop
  endfacet
  facet normal -0 0 1
    outer loop
      vertex -29.1519 56.4926 9.5
      vertex -15.3839 54.5471 9.5
      vertex -23.751 84.2148 9.5
    endloop
  endfacet
  facet normal 0 0 1
    outer loop
      vertex -15.3839 54.5471 9.5
      vertex -29.1519 56.4926 9.5
      vertex -17.5135 53.9011 9.5
    endloop
  endfacet
  facet normal 0 0 1
    outer loop
      vertex -19.6162 53.172 9.5
      vertex -29.1519 56.4926 9.5
      vertex -21.6886 52.3609 9.5
    endloop
  endfacet
  facet normal 0 0 1
    outer loop
      vertex -17.5135 53.9011 9.5
      vertex -29.1519 56.4926 9.5
      vertex -19.6162 53.172 9.5
    endloop
  endfacet
  facet normal 0 0 1
    outer loop
      vertex -21.6886 52.3609 9.5
      vertex -29.1519 56.4926 9.5
      vertex -23.7275 51.469 9.5
    endloop
  endfacet
  facet normal 0 0 1
    outer loop
      vertex -29.1519 56.4926 9.5
      vertex -23.751 84.2148 9.5
      vertex -27.039 83.2174 9.5
    endloop
  endfacet
  facet normal 0 0 1
    outer loop
      vertex -23.7275 51.469 9.5
      vertex -29.1519 56.4926 9.5
      vertex -25.7299 50.4978 9.5
    endloop
  endfacet
  facet normal 0 0 1
    outer loop
      vertex -25.7299 50.4978 9.5
      vertex -29.1519 56.4926 9.5
      vertex -27.6926 49.4487 9.5
    endloop
  endfacet
  facet normal 0 0 1
    outer loop
      vertex -36.6519 69.483 9.5
      vertex -27.039 83.2174 9.5
      vertex -30.2852 82.0917 9.5
    endloop
  endfacet
  facet normal 0 0 1
    outer loop
      vertex -36.6519 69.483 9.5
      vertex -30.2852 82.0917 9.5
      vertex -33.4848 80.8395 9.5
    endloop
  endfacet
  facet normal 0 0 1
    outer loop
      vertex -36.6519 69.483 9.5
      vertex -33.4848 80.8395 9.5
      vertex -36.6327 79.4625 9.5
    endloop
  endfacet
  facet normal 0 0 1
    outer loop
      vertex -27.039 83.2174 9.5
      vertex -36.6519 69.483 9.5
      vertex -29.1519 56.4926 9.5
    endloop
  endfacet
  facet normal -0 0 1
    outer loop
      vertex -39.7242 77.9631 9.5
      vertex -36.6519 69.483 9.5
      vertex -36.6327 79.4625 9.5
    endloop
  endfacet
  facet normal -0 0 1
    outer loop
      vertex -42.7544 76.3434 9.5
      vertex -36.6519 69.483 9.5
      vertex -39.7242 77.9631 9.5
    endloop
  endfacet
  facet normal 0 0 1
    outer loop
      vertex -36.6519 69.483 9.5
      vertex -42.7544 76.3434 9.5
      vertex -41.8481 66.483 9.5
    endloop
  endfacet
  facet normal -0.956941 -0.290284 0
    outer loop
      vertex -83.2174 -27.039 0
      vertex -84.2148 -23.751 9.5
      vertex -84.2148 -23.751 0
    endloop
  endfacet
  facet normal -0.956941 -0.290284 0
    outer loop
      vertex -84.2148 -23.751 9.5
      vertex -83.2174 -27.039 0
      vertex -83.2174 -27.039 9.5
    endloop
  endfacet
  facet normal 0.471402 0.881918 -0
    outer loop
      vertex 42.7544 76.3434 0
      vertex 39.7242 77.9631 9.5
      vertex 42.7544 76.3434 9.5
    endloop
  endfacet
  facet normal 0.471402 0.881918 0
    outer loop
      vertex 39.7242 77.9631 9.5
      vertex 42.7544 76.3434 0
      vertex 39.7242 77.9631 0
    endloop
  endfacet
  facet normal 0.436389 -0.899758 0
    outer loop
      vertex 36.6327 -79.4625 0
      vertex 39.7242 -77.9631 9.5
      vertex 36.6327 -79.4625 9.5
    endloop
  endfacet
  facet normal 0.436389 -0.899758 0
    outer loop
      vertex 39.7242 -77.9631 9.5
      vertex 36.6327 -79.4625 0
      vertex 39.7242 -77.9631 0
    endloop
  endfacet
  facet normal -0.862728 -0.505669 0
    outer loop
      vertex -74.606 -45.7186 0
      vertex -76.3434 -42.7544 9.5
      vertex -76.3434 -42.7544 0
    endloop
  endfacet
  facet normal -0.862728 -0.505669 0
    outer loop
      vertex -76.3434 -42.7544 9.5
      vertex -74.606 -45.7186 0
      vertex -74.606 -45.7186 9.5
    endloop
  endfacet
  facet normal -0.998267 0.0588493 0
    outer loop
      vertex -87.4325 3.43523 0
      vertex -87.2303 6.86517 9.5
      vertex -87.2303 6.86517 0
    endloop
  endfacet
  facet normal -0.998267 0.0588493 0
    outer loop
      vertex -87.2303 6.86517 9.5
      vertex -87.4325 3.43523 0
      vertex -87.4325 3.43523 9.5
    endloop
  endfacet
  facet normal -0.995184 -0.0980245 0
    outer loop
      vertex -86.8935 -10.2845 0
      vertex -87.2303 -6.86517 9.5
      vertex -87.2303 -6.86517 0
    endloop
  endfacet
  facet normal -0.995184 -0.0980245 0
    outer loop
      vertex -87.2303 -6.86517 9.5
      vertex -86.8935 -10.2845 0
      vertex -86.8935 -10.2845 9.5
    endloop
  endfacet
  facet normal 0.944805 -0.327634 0
    outer loop
      vertex 82.0917 -30.2852 9.5
      vertex 83.2174 -27.039 0
      vertex 83.2174 -27.039 9.5
    endloop
  endfacet
  facet normal 0.944805 -0.327634 0
    outer loop
      vertex 83.2174 -27.039 0
      vertex 82.0917 -30.2852 9.5
      vertex 82.0917 -30.2852 0
    endloop
  endfacet
  facet normal 0.0196455 0.999807 -0
    outer loop
      vertex 3.43523 87.4325 0
      vertex 0 87.5 9.5
      vertex 3.43523 87.4325 9.5
    endloop
  endfacet
  facet normal 0.0196455 0.999807 0
    outer loop
      vertex 0 87.5 9.5
      vertex 3.43523 87.4325 0
      vertex 0 87.5 0
    endloop
  endfacet
  facet normal 0.693102 -0.720839 0
    outer loop
      vertex 59.3951 -64.2532 0
      vertex 61.8718 -61.8718 9.5
      vertex 59.3951 -64.2532 9.5
    endloop
  endfacet
  facet normal 0.693102 -0.720839 0
    outer loop
      vertex 61.8718 -61.8718 9.5
      vertex 59.3951 -64.2532 0
      vertex 61.8718 -61.8718 0
    endloop
  endfacet
  facet normal 0.862728 -0.505669 0
    outer loop
      vertex 74.606 -45.7186 9.5
      vertex 76.3434 -42.7544 0
      vertex 76.3434 -42.7544 9.5
    endloop
  endfacet
  facet normal 0.862728 -0.505669 0
    outer loop
      vertex 76.3434 -42.7544 0
      vertex 74.606 -45.7186 9.5
      vertex 74.606 -45.7186 0
    endloop
  endfacet
  facet normal -0.842223 -0.53913 0
    outer loop
      vertex -72.7536 -48.6124 0
      vertex -74.606 -45.7186 9.5
      vertex -74.606 -45.7186 0
    endloop
  endfacet
  facet normal -0.842223 -0.53913 0
    outer loop
      vertex -74.606 -45.7186 9.5
      vertex -72.7536 -48.6124 0
      vertex -72.7536 -48.6124 9.5
    endloop
  endfacet
  facet normal -0.747514 0.664246 0
    outer loop
      vertex -66.5355 56.8267 0
      vertex -64.2532 59.3951 9.5
      vertex -64.2532 59.3951 0
    endloop
  endfacet
  facet normal -0.747514 0.664246 0
    outer loop
      vertex -64.2532 59.3951 9.5
      vertex -66.5355 56.8267 0
      vertex -66.5355 56.8267 9.5
    endloop
  endfacet
  facet normal 0.773014 0.634389 0
    outer loop
      vertex 68.7152 54.1707 9.5
      vertex 66.5355 56.8267 0
      vertex 66.5355 56.8267 9.5
    endloop
  endfacet
  facet normal 0.773014 0.634389 0
    outer loop
      vertex 66.5355 56.8267 0
      vertex 68.7152 54.1707 9.5
      vertex 68.7152 54.1707 0
    endloop
  endfacet
  facet normal 0.664246 0.747514 -0
    outer loop
      vertex 59.3951 64.2532 0
      vertex 56.8267 66.5355 9.5
      vertex 59.3951 64.2532 9.5
    endloop
  endfacet
  facet normal 0.664246 0.747514 0
    outer loop
      vertex 56.8267 66.5355 9.5
      vertex 59.3951 64.2532 0
      vertex 56.8267 66.5355 0
    endloop
  endfacet
  facet normal 0.0980245 0.995184 -0
    outer loop
      vertex 10.2845 86.8935 0
      vertex 6.86517 87.2303 9.5
      vertex 10.2845 86.8935 9.5
    endloop
  endfacet
  facet normal 0.0980245 0.995184 0
    outer loop
      vertex 6.86517 87.2303 9.5
      vertex 10.2845 86.8935 0
      vertex 6.86517 87.2303 0
    endloop
  endfacet
  facet normal 0.967593 -0.252514 0
    outer loop
      vertex 84.2148 -23.751 9.5
      vertex 85.0824 -20.4265 0
      vertex 85.0824 -20.4265 9.5
    endloop
  endfacet
  facet normal 0.967593 -0.252514 0
    outer loop
      vertex 85.0824 -20.4265 0
      vertex 84.2148 -23.751 9.5
      vertex 84.2148 -23.751 0
    endloop
  endfacet
  facet normal -0.693102 0.720839 0
    outer loop
      vertex -59.3951 64.2532 0
      vertex -61.8718 61.8718 9.5
      vertex -59.3951 64.2532 9.5
    endloop
  endfacet
  facet normal -0.693102 0.720839 0
    outer loop
      vertex -61.8718 61.8718 9.5
      vertex -59.3951 64.2532 0
      vertex -61.8718 61.8718 0
    endloop
  endfacet
  facet normal 0.364445 -0.931225 0
    outer loop
      vertex 30.2852 -82.0917 0
      vertex 33.4848 -80.8395 9.5
      vertex 30.2852 -82.0917 9.5
    endloop
  endfacet
  facet normal 0.364445 -0.931225 0
    outer loop
      vertex 33.4848 -80.8395 9.5
      vertex 30.2852 -82.0917 0
      vertex 33.4848 -80.8395 0
    endloop
  endfacet
  facet normal -0.603566 -0.797313 0
    outer loop
      vertex -54.1707 -68.7152 0
      vertex -51.4312 -70.789 9.5
      vertex -54.1707 -68.7152 9.5
    endloop
  endfacet
  facet normal -0.603566 -0.797313 -0
    outer loop
      vertex -51.4312 -70.789 9.5
      vertex -54.1707 -68.7152 0
      vertex -51.4312 -70.789 0
    endloop
  endfacet
  facet normal 0.956941 0.290284 0
    outer loop
      vertex 84.2148 23.751 9.5
      vertex 83.2174 27.039 0
      vertex 83.2174 27.039 9.5
    endloop
  endfacet
  facet normal 0.956941 0.290284 0
    outer loop
      vertex 83.2174 27.039 0
      vertex 84.2148 23.751 9.5
      vertex 84.2148 23.751 0
    endloop
  endfacet
  facet normal 0.400768 -0.916179 0
    outer loop
      vertex 33.4848 -80.8395 0
      vertex 36.6327 -79.4625 9.5
      vertex 33.4848 -80.8395 9.5
    endloop
  endfacet
  facet normal 0.400768 -0.916179 0
    outer loop
      vertex 36.6327 -79.4625 9.5
      vertex 33.4848 -80.8395 0
      vertex 36.6327 -79.4625 0
    endloop
  endfacet
  facet normal 0.634389 0.773014 -0
    outer loop
      vertex 56.8267 66.5355 0
      vertex 54.1707 68.7152 9.5
      vertex 56.8267 66.5355 9.5
    endloop
  endfacet
  facet normal 0.634389 0.773014 0
    outer loop
      vertex 54.1707 68.7152 9.5
      vertex 56.8267 66.5355 0
      vertex 54.1707 68.7152 0
    endloop
  endfacet
  facet normal 0.0196455 -0.999807 0
    outer loop
      vertex 0 -87.5 0
      vertex 3.43523 -87.4325 9.5
      vertex 0 -87.5 9.5
    endloop
  endfacet
  facet normal 0.0196455 -0.999807 0
    outer loop
      vertex 3.43523 -87.4325 9.5
      vertex 0 -87.5 0
      vertex 3.43523 -87.4325 0
    endloop
  endfacet
  facet normal 0.693102 0.720839 -0
    outer loop
      vertex 61.8718 61.8718 0
      vertex 59.3951 64.2532 9.5
      vertex 61.8718 61.8718 9.5
    endloop
  endfacet
  facet normal 0.693102 0.720839 0
    outer loop
      vertex 59.3951 64.2532 9.5
      vertex 61.8718 61.8718 0
      vertex 59.3951 64.2532 0
    endloop
  endfacet
  facet normal 0.984428 0.175791 0
    outer loop
      vertex 86.4227 13.688 9.5
      vertex 85.8187 17.0704 0
      vertex 85.8187 17.0704 9.5
    endloop
  endfacet
  facet normal 0.984428 0.175791 0
    outer loop
      vertex 85.8187 17.0704 0
      vertex 86.4227 13.688 9.5
      vertex 86.4227 13.688 0
    endloop
  endfacet
  facet normal -0.175791 -0.984428 0
    outer loop
      vertex -17.0704 -85.8187 0
      vertex -13.688 -86.4227 9.5
      vertex -17.0704 -85.8187 9.5
    endloop
  endfacet
  facet normal -0.175791 -0.984428 -0
    outer loop
      vertex -13.688 -86.4227 9.5
      vertex -17.0704 -85.8187 0
      vertex -13.688 -86.4227 0
    endloop
  endfacet
  facet normal 0.571789 0.820401 -0
    outer loop
      vertex 51.4312 70.789 0
      vertex 48.6124 72.7536 9.5
      vertex 51.4312 70.789 9.5
    endloop
  endfacet
  facet normal 0.571789 0.820401 0
    outer loop
      vertex 48.6124 72.7536 9.5
      vertex 51.4312 70.789 0
      vertex 48.6124 72.7536 0
    endloop
  endfacet
  facet normal 0.881918 0.471402 0
    outer loop
      vertex 77.9631 39.7242 9.5
      vertex 76.3434 42.7544 0
      vertex 76.3434 42.7544 9.5
    endloop
  endfacet
  facet normal 0.881918 0.471402 0
    outer loop
      vertex 76.3434 42.7544 0
      vertex 77.9631 39.7242 9.5
      vertex 77.9631 39.7242 0
    endloop
  endfacet
  facet normal 0.214295 0.976769 -0
    outer loop
      vertex 20.4265 85.0824 0
      vertex 17.0704 85.8187 9.5
      vertex 20.4265 85.0824 9.5
    endloop
  endfacet
  facet normal 0.214295 0.976769 0
    outer loop
      vertex 17.0704 85.8187 9.5
      vertex 20.4265 85.0824 0
      vertex 17.0704 85.8187 0
    endloop
  endfacet
  facet normal 0.862728 0.505669 0
    outer loop
      vertex 76.3434 42.7544 9.5
      vertex 74.606 45.7186 0
      vertex 74.606 45.7186 9.5
    endloop
  endfacet
  facet normal 0.862728 0.505669 0
    outer loop
      vertex 74.606 45.7186 0
      vertex 76.3434 42.7544 9.5
      vertex 76.3434 42.7544 0
    endloop
  endfacet
  facet normal -0.571789 -0.820401 0
    outer loop
      vertex -51.4312 -70.789 0
      vertex -48.6124 -72.7536 9.5
      vertex -51.4312 -70.789 9.5
    endloop
  endfacet
  facet normal -0.571789 -0.820401 -0
    outer loop
      vertex -48.6124 -72.7536 9.5
      vertex -51.4312 -70.789 0
      vertex -48.6124 -72.7536 0
    endloop
  endfacet
  facet normal 0.944805 0.327634 0
    outer loop
      vertex 83.2174 27.039 9.5
      vertex 82.0917 30.2852 0
      vertex 82.0917 30.2852 9.5
    endloop
  endfacet
  facet normal 0.944805 0.327634 0
    outer loop
      vertex 82.0917 30.2852 0
      vertex 83.2174 27.039 9.5
      vertex 83.2174 27.039 0
    endloop
  endfacet
  facet normal 0.175791 0.984428 -0
    outer loop
      vertex 17.0704 85.8187 0
      vertex 13.688 86.4227 9.5
      vertex 17.0704 85.8187 9.5
    endloop
  endfacet
  facet normal 0.175791 0.984428 0
    outer loop
      vertex 13.688 86.4227 9.5
      vertex 17.0704 85.8187 0
      vertex 13.688 86.4227 0
    endloop
  endfacet
  facet normal -0.899758 0.436389 0
    outer loop
      vertex -79.4625 36.6327 0
      vertex -77.9631 39.7242 9.5
      vertex -77.9631 39.7242 0
    endloop
  endfacet
  facet normal -0.899758 0.436389 0
    outer loop
      vertex -77.9631 39.7242 9.5
      vertex -79.4625 36.6327 0
      vertex -79.4625 36.6327 9.5
    endloop
  endfacet
  facet normal -0.137023 0.990568 0
    outer loop
      vertex -10.2845 86.8935 0
      vertex -13.688 86.4227 9.5
      vertex -10.2845 86.8935 9.5
    endloop
  endfacet
  facet normal -0.137023 0.990568 0
    outer loop
      vertex -13.688 86.4227 9.5
      vertex -10.2845 86.8935 0
      vertex -13.688 86.4227 0
    endloop
  endfacet
  facet normal 0.967593 0.252514 0
    outer loop
      vertex 85.0824 20.4265 9.5
      vertex 84.2148 23.751 0
      vertex 84.2148 23.751 9.5
    endloop
  endfacet
  facet normal 0.967593 0.252514 0
    outer loop
      vertex 84.2148 23.751 0
      vertex 85.0824 20.4265 9.5
      vertex 85.0824 20.4265 0
    endloop
  endfacet
  facet normal -0.0980245 -0.995184 0
    outer loop
      vertex -10.2845 -86.8935 0
      vertex -6.86517 -87.2303 9.5
      vertex -10.2845 -86.8935 9.5
    endloop
  endfacet
  facet normal -0.0980245 -0.995184 -0
    outer loop
      vertex -6.86517 -87.2303 9.5
      vertex -10.2845 -86.8935 0
      vertex -6.86517 -87.2303 0
    endloop
  endfacet
  facet normal -0.842223 0.53913 0
    outer loop
      vertex -74.606 45.7186 0
      vertex -72.7536 48.6124 9.5
      vertex -72.7536 48.6124 0
    endloop
  endfacet
  facet normal -0.842223 0.53913 0
    outer loop
      vertex -72.7536 48.6124 9.5
      vertex -74.606 45.7186 0
      vertex -74.606 45.7186 9.5
    endloop
  endfacet
  facet normal -0.364445 -0.931225 0
    outer loop
      vertex -33.4848 -80.8395 0
      vertex -30.2852 -82.0917 9.5
      vertex -33.4848 -80.8395 9.5
    endloop
  endfacet
  facet normal -0.364445 -0.931225 -0
    outer loop
      vertex -30.2852 -82.0917 9.5
      vertex -33.4848 -80.8395 0
      vertex -30.2852 -82.0917 0
    endloop
  endfacet
  facet normal -0.664246 -0.747514 0
    outer loop
      vertex -59.3951 -64.2532 0
      vertex -56.8267 -66.5355 9.5
      vertex -59.3951 -64.2532 9.5
    endloop
  endfacet
  facet normal -0.664246 -0.747514 -0
    outer loop
      vertex -56.8267 -66.5355 9.5
      vertex -59.3951 -64.2532 0
      vertex -56.8267 -66.5355 0
    endloop
  endfacet
  facet normal 0.931225 0.364445 0
    outer loop
      vertex 82.0917 30.2852 9.5
      vertex 80.8395 33.4848 0
      vertex 80.8395 33.4848 9.5
    endloop
  endfacet
  facet normal 0.931225 0.364445 0
    outer loop
      vertex 80.8395 33.4848 0
      vertex 82.0917 30.2852 9.5
      vertex 82.0917 30.2852 0
    endloop
  endfacet
  facet normal 0.931225 -0.364445 0
    outer loop
      vertex 80.8395 -33.4848 9.5
      vertex 82.0917 -30.2852 0
      vertex 82.0917 -30.2852 9.5
    endloop
  endfacet
  facet normal 0.931225 -0.364445 0
    outer loop
      vertex 82.0917 -30.2852 0
      vertex 80.8395 -33.4848 9.5
      vertex 80.8395 -33.4848 0
    endloop
  endfacet
  facet normal -0.990568 -0.137023 0
    outer loop
      vertex -86.4227 -13.688 0
      vertex -86.8935 -10.2845 9.5
      vertex -86.8935 -10.2845 0
    endloop
  endfacet
  facet normal -0.990568 -0.137023 0
    outer loop
      vertex -86.8935 -10.2845 9.5
      vertex -86.4227 -13.688 0
      vertex -86.4227 -13.688 9.5
    endloop
  endfacet
  facet normal -0.214295 0.976769 0
    outer loop
      vertex -17.0704 85.8187 0
      vertex -20.4265 85.0824 9.5
      vertex -17.0704 85.8187 9.5
    endloop
  endfacet
  facet normal -0.214295 0.976769 0
    outer loop
      vertex -20.4265 85.0824 9.5
      vertex -17.0704 85.8187 0
      vertex -20.4265 85.0824 0
    endloop
  endfacet
  facet normal 0.327634 0.944805 -0
    outer loop
      vertex 30.2852 82.0917 0
      vertex 27.039 83.2174 9.5
      vertex 30.2852 82.0917 9.5
    endloop
  endfacet
  facet normal 0.327634 0.944805 0
    outer loop
      vertex 27.039 83.2174 9.5
      vertex 30.2852 82.0917 0
      vertex 27.039 83.2174 0
    endloop
  endfacet
  facet normal -0.0980245 0.995184 0
    outer loop
      vertex -6.86517 87.2303 0
      vertex -10.2845 86.8935 9.5
      vertex -6.86517 87.2303 9.5
    endloop
  endfacet
  facet normal -0.0980245 0.995184 0
    outer loop
      vertex -10.2845 86.8935 9.5
      vertex -6.86517 87.2303 0
      vertex -10.2845 86.8935 0
    endloop
  endfacet
  facet normal -0.773014 -0.634389 0
    outer loop
      vertex -66.5355 -56.8267 0
      vertex -68.7152 -54.1707 9.5
      vertex -68.7152 -54.1707 0
    endloop
  endfacet
  facet normal -0.773014 -0.634389 0
    outer loop
      vertex -68.7152 -54.1707 9.5
      vertex -66.5355 -56.8267 0
      vertex -66.5355 -56.8267 9.5
    endloop
  endfacet
  facet normal 0.634389 -0.773014 0
    outer loop
      vertex 54.1707 -68.7152 0
      vertex 56.8267 -66.5355 9.5
      vertex 54.1707 -68.7152 9.5
    endloop
  endfacet
  facet normal 0.634389 -0.773014 0
    outer loop
      vertex 56.8267 -66.5355 9.5
      vertex 54.1707 -68.7152 0
      vertex 56.8267 -66.5355 0
    endloop
  endfacet
  facet normal -0.471402 0.881918 0
    outer loop
      vertex -39.7242 77.9631 0
      vertex -42.7544 76.3434 9.5
      vertex -39.7242 77.9631 9.5
    endloop
  endfacet
  facet normal -0.471402 0.881918 0
    outer loop
      vertex -42.7544 76.3434 9.5
      vertex -39.7242 77.9631 0
      vertex -42.7544 76.3434 0
    endloop
  endfacet
  facet normal -0.0196455 0.999807 0
    outer loop
      vertex 0 87.5 0
      vertex -3.43523 87.4325 9.5
      vertex 0 87.5 9.5
    endloop
  endfacet
  facet normal -0.0196455 0.999807 0
    outer loop
      vertex -3.43523 87.4325 9.5
      vertex 0 87.5 0
      vertex -3.43523 87.4325 0
    endloop
  endfacet
  facet normal 0.881918 -0.471402 0
    outer loop
      vertex 76.3434 -42.7544 9.5
      vertex 77.9631 -39.7242 0
      vertex 77.9631 -39.7242 9.5
    endloop
  endfacet
  facet normal 0.881918 -0.471402 0
    outer loop
      vertex 77.9631 -39.7242 0
      vertex 76.3434 -42.7544 9.5
      vertex 76.3434 -42.7544 0
    endloop
  endfacet
  facet normal -0.436389 -0.899758 0
    outer loop
      vertex -39.7242 -77.9631 0
      vertex -36.6327 -79.4625 9.5
      vertex -39.7242 -77.9631 9.5
    endloop
  endfacet
  facet normal -0.436389 -0.899758 -0
    outer loop
      vertex -36.6327 -79.4625 9.5
      vertex -39.7242 -77.9631 0
      vertex -36.6327 -79.4625 0
    endloop
  endfacet
  facet normal -0.436389 0.899758 0
    outer loop
      vertex -36.6327 79.4625 0
      vertex -39.7242 77.9631 9.5
      vertex -36.6327 79.4625 9.5
    endloop
  endfacet
  facet normal -0.436389 0.899758 0
    outer loop
      vertex -39.7242 77.9631 9.5
      vertex -36.6327 79.4625 0
      vertex -39.7242 77.9631 0
    endloop
  endfacet
  facet normal 0.984428 -0.175791 0
    outer loop
      vertex 85.8187 -17.0704 9.5
      vertex 86.4227 -13.688 0
      vertex 86.4227 -13.688 9.5
    endloop
  endfacet
  facet normal 0.984428 -0.175791 0
    outer loop
      vertex 86.4227 -13.688 0
      vertex 85.8187 -17.0704 9.5
      vertex 85.8187 -17.0704 0
    endloop
  endfacet
  facet normal -0.747514 -0.664246 0
    outer loop
      vertex -64.2532 -59.3951 0
      vertex -66.5355 -56.8267 9.5
      vertex -66.5355 -56.8267 0
    endloop
  endfacet
  facet normal -0.747514 -0.664246 0
    outer loop
      vertex -66.5355 -56.8267 9.5
      vertex -64.2532 -59.3951 0
      vertex -64.2532 -59.3951 9.5
    endloop
  endfacet
  facet normal -0.820401 0.571789 0
    outer loop
      vertex -72.7536 48.6124 0
      vertex -70.789 51.4312 9.5
      vertex -70.789 51.4312 0
    endloop
  endfacet
  facet normal -0.820401 0.571789 0
    outer loop
      vertex -70.789 51.4312 9.5
      vertex -72.7536 48.6124 0
      vertex -72.7536 48.6124 9.5
    endloop
  endfacet
  facet normal -0.0588493 -0.998267 0
    outer loop
      vertex -6.86517 -87.2303 0
      vertex -3.43523 -87.4325 9.5
      vertex -6.86517 -87.2303 9.5
    endloop
  endfacet
  facet normal -0.0588493 -0.998267 -0
    outer loop
      vertex -3.43523 -87.4325 9.5
      vertex -6.86517 -87.2303 0
      vertex -3.43523 -87.4325 0
    endloop
  endfacet
  facet normal 0.999807 -0.0196455 0
    outer loop
      vertex 87.4325 -3.43523 9.5
      vertex 87.5 0 0
      vertex 87.5 0 9.5
    endloop
  endfacet
  facet normal 0.999807 -0.0196455 0
    outer loop
      vertex 87.5 0 0
      vertex 87.4325 -3.43523 9.5
      vertex 87.4325 -3.43523 0
    endloop
  endfacet
  facet normal 0.214295 -0.976769 0
    outer loop
      vertex 17.0704 -85.8187 0
      vertex 20.4265 -85.0824 9.5
      vertex 17.0704 -85.8187 9.5
    endloop
  endfacet
  facet normal 0.214295 -0.976769 0
    outer loop
      vertex 20.4265 -85.0824 9.5
      vertex 17.0704 -85.8187 0
      vertex 20.4265 -85.0824 0
    endloop
  endfacet
  facet normal 0.471402 -0.881918 0
    outer loop
      vertex 39.7242 -77.9631 0
      vertex 42.7544 -76.3434 9.5
      vertex 39.7242 -77.9631 9.5
    endloop
  endfacet
  facet normal 0.471402 -0.881918 0
    outer loop
      vertex 42.7544 -76.3434 9.5
      vertex 39.7242 -77.9631 0
      vertex 42.7544 -76.3434 0
    endloop
  endfacet
  facet normal 0.53913 -0.842223 0
    outer loop
      vertex 45.7186 -74.606 0
      vertex 48.6124 -72.7536 9.5
      vertex 45.7186 -74.606 9.5
    endloop
  endfacet
  facet normal 0.53913 -0.842223 0
    outer loop
      vertex 48.6124 -72.7536 9.5
      vertex 45.7186 -74.606 0
      vertex 48.6124 -72.7536 0
    endloop
  endfacet
  facet normal -0.916179 0.400768 0
    outer loop
      vertex -80.8395 33.4848 0
      vertex -79.4625 36.6327 9.5
      vertex -79.4625 36.6327 0
    endloop
  endfacet
  facet normal -0.916179 0.400768 0
    outer loop
      vertex -79.4625 36.6327 9.5
      vertex -80.8395 33.4848 0
      vertex -80.8395 33.4848 9.5
    endloop
  endfacet
  facet normal -0.944805 0.327634 0
    outer loop
      vertex -83.2174 27.039 0
      vertex -82.0917 30.2852 9.5
      vertex -82.0917 30.2852 0
    endloop
  endfacet
  facet normal -0.944805 0.327634 0
    outer loop
      vertex -82.0917 30.2852 9.5
      vertex -83.2174 27.039 0
      vertex -83.2174 27.039 9.5
    endloop
  endfacet
  facet normal -0.0588493 0.998267 0
    outer loop
      vertex -3.43523 87.4325 0
      vertex -6.86517 87.2303 9.5
      vertex -3.43523 87.4325 9.5
    endloop
  endfacet
  facet normal -0.0588493 0.998267 0
    outer loop
      vertex -6.86517 87.2303 9.5
      vertex -3.43523 87.4325 0
      vertex -6.86517 87.2303 0
    endloop
  endfacet
  facet normal -0.53913 -0.842223 0
    outer loop
      vertex -48.6124 -72.7536 0
      vertex -45.7186 -74.606 9.5
      vertex -48.6124 -72.7536 9.5
    endloop
  endfacet
  facet normal -0.53913 -0.842223 -0
    outer loop
      vertex -45.7186 -74.606 9.5
      vertex -48.6124 -72.7536 0
      vertex -45.7186 -74.606 0
    endloop
  endfacet
  facet normal 0.899758 -0.436389 0
    outer loop
      vertex 77.9631 -39.7242 9.5
      vertex 79.4625 -36.6327 0
      vertex 79.4625 -36.6327 9.5
    endloop
  endfacet
  facet normal 0.899758 -0.436389 0
    outer loop
      vertex 79.4625 -36.6327 0
      vertex 77.9631 -39.7242 9.5
      vertex 77.9631 -39.7242 0
    endloop
  endfacet
  facet normal 0.175791 -0.984428 0
    outer loop
      vertex 13.688 -86.4227 0
      vertex 17.0704 -85.8187 9.5
      vertex 13.688 -86.4227 9.5
    endloop
  endfacet
  facet normal 0.175791 -0.984428 0
    outer loop
      vertex 17.0704 -85.8187 9.5
      vertex 13.688 -86.4227 0
      vertex 17.0704 -85.8187 0
    endloop
  endfacet
  facet normal -0.931225 0.364445 0
    outer loop
      vertex -82.0917 30.2852 0
      vertex -80.8395 33.4848 9.5
      vertex -80.8395 33.4848 0
    endloop
  endfacet
  facet normal -0.931225 0.364445 0
    outer loop
      vertex -80.8395 33.4848 9.5
      vertex -82.0917 30.2852 0
      vertex -82.0917 30.2852 9.5
    endloop
  endfacet
  facet normal 0.137023 -0.990568 0
    outer loop
      vertex 10.2845 -86.8935 0
      vertex 13.688 -86.4227 9.5
      vertex 10.2845 -86.8935 9.5
    endloop
  endfacet
  facet normal 0.137023 -0.990568 0
    outer loop
      vertex 13.688 -86.4227 9.5
      vertex 10.2845 -86.8935 0
      vertex 13.688 -86.4227 0
    endloop
  endfacet
  facet normal 0.998267 -0.0588493 0
    outer loop
      vertex 87.2303 -6.86517 9.5
      vertex 87.4325 -3.43523 0
      vertex 87.4325 -3.43523 9.5
    endloop
  endfacet
  facet normal 0.998267 -0.0588493 0
    outer loop
      vertex 87.4325 -3.43523 0
      vertex 87.2303 -6.86517 9.5
      vertex 87.2303 -6.86517 0
    endloop
  endfacet
  facet normal 0.976769 0.214295 0
    outer loop
      vertex 85.8187 17.0704 9.5
      vertex 85.0824 20.4265 0
      vertex 85.0824 20.4265 9.5
    endloop
  endfacet
  facet normal 0.976769 0.214295 0
    outer loop
      vertex 85.0824 20.4265 0
      vertex 85.8187 17.0704 9.5
      vertex 85.8187 17.0704 0
    endloop
  endfacet
  facet normal 0.290284 -0.956941 0
    outer loop
      vertex 23.751 -84.2148 0
      vertex 27.039 -83.2174 9.5
      vertex 23.751 -84.2148 9.5
    endloop
  endfacet
  facet normal 0.290284 -0.956941 0
    outer loop
      vertex 27.039 -83.2174 9.5
      vertex 23.751 -84.2148 0
      vertex 27.039 -83.2174 0
    endloop
  endfacet
  facet normal -0.571789 0.820401 0
    outer loop
      vertex -48.6124 72.7536 0
      vertex -51.4312 70.789 9.5
      vertex -48.6124 72.7536 9.5
    endloop
  endfacet
  facet normal -0.571789 0.820401 0
    outer loop
      vertex -51.4312 70.789 9.5
      vertex -48.6124 72.7536 0
      vertex -51.4312 70.789 0
    endloop
  endfacet
  facet normal -0.252514 0.967593 0
    outer loop
      vertex -20.4265 85.0824 0
      vertex -23.751 84.2148 9.5
      vertex -20.4265 85.0824 9.5
    endloop
  endfacet
  facet normal -0.252514 0.967593 0
    outer loop
      vertex -23.751 84.2148 9.5
      vertex -20.4265 85.0824 0
      vertex -23.751 84.2148 0
    endloop
  endfacet
  facet normal 0.603566 0.797313 -0
    outer loop
      vertex 54.1707 68.7152 0
      vertex 51.4312 70.789 9.5
      vertex 54.1707 68.7152 9.5
    endloop
  endfacet
  facet normal 0.603566 0.797313 0
    outer loop
      vertex 51.4312 70.789 9.5
      vertex 54.1707 68.7152 0
      vertex 51.4312 70.789 0
    endloop
  endfacet
  facet normal -0.976769 0.214295 0
    outer loop
      vertex -85.8187 17.0704 0
      vertex -85.0824 20.4265 9.5
      vertex -85.0824 20.4265 0
    endloop
  endfacet
  facet normal -0.976769 0.214295 0
    outer loop
      vertex -85.0824 20.4265 9.5
      vertex -85.8187 17.0704 0
      vertex -85.8187 17.0704 9.5
    endloop
  endfacet
  facet normal -0.998267 -0.0588493 0
    outer loop
      vertex -87.2303 -6.86517 0
      vertex -87.4325 -3.43523 9.5
      vertex -87.4325 -3.43523 0
    endloop
  endfacet
  facet normal -0.998267 -0.0588493 0
    outer loop
      vertex -87.4325 -3.43523 9.5
      vertex -87.2303 -6.86517 0
      vertex -87.2303 -6.86517 9.5
    endloop
  endfacet
  facet normal -0.797313 -0.603566 0
    outer loop
      vertex -68.7152 -54.1707 0
      vertex -70.789 -51.4312 9.5
      vertex -70.789 -51.4312 0
    endloop
  endfacet
  facet normal -0.797313 -0.603566 0
    outer loop
      vertex -70.789 -51.4312 9.5
      vertex -68.7152 -54.1707 0
      vertex -68.7152 -54.1707 9.5
    endloop
  endfacet
  facet normal 0.820401 -0.571789 0
    outer loop
      vertex 70.789 -51.4312 9.5
      vertex 72.7536 -48.6124 0
      vertex 72.7536 -48.6124 9.5
    endloop
  endfacet
  facet normal 0.820401 -0.571789 0
    outer loop
      vertex 72.7536 -48.6124 0
      vertex 70.789 -51.4312 9.5
      vertex 70.789 -51.4312 0
    endloop
  endfacet
  facet normal -0.990568 0.137023 0
    outer loop
      vertex -86.8935 10.2845 0
      vertex -86.4227 13.688 9.5
      vertex -86.4227 13.688 0
    endloop
  endfacet
  facet normal -0.990568 0.137023 0
    outer loop
      vertex -86.4227 13.688 9.5
      vertex -86.8935 10.2845 0
      vertex -86.8935 10.2845 9.5
    endloop
  endfacet
  facet normal -0.984428 0.175791 0
    outer loop
      vertex -86.4227 13.688 0
      vertex -85.8187 17.0704 9.5
      vertex -85.8187 17.0704 0
    endloop
  endfacet
  facet normal -0.984428 0.175791 0
    outer loop
      vertex -85.8187 17.0704 9.5
      vertex -86.4227 13.688 0
      vertex -86.4227 13.688 9.5
    endloop
  endfacet
  facet normal -0.995184 0.0980245 0
    outer loop
      vertex -87.2303 6.86517 0
      vertex -86.8935 10.2845 9.5
      vertex -86.8935 10.2845 0
    endloop
  endfacet
  facet normal -0.995184 0.0980245 0
    outer loop
      vertex -86.8935 10.2845 9.5
      vertex -87.2303 6.86517 0
      vertex -87.2303 6.86517 9.5
    endloop
  endfacet
  facet normal -0.0196455 -0.999807 0
    outer loop
      vertex -3.43523 -87.4325 0
      vertex 0 -87.5 9.5
      vertex -3.43523 -87.4325 9.5
    endloop
  endfacet
  facet normal -0.0196455 -0.999807 -0
    outer loop
      vertex 0 -87.5 9.5
      vertex -3.43523 -87.4325 0
      vertex 0 -87.5 0
    endloop
  endfacet
  facet normal -0.137023 -0.990568 0
    outer loop
      vertex -13.688 -86.4227 0
      vertex -10.2845 -86.8935 9.5
      vertex -13.688 -86.4227 9.5
    endloop
  endfacet
  facet normal -0.137023 -0.990568 -0
    outer loop
      vertex -10.2845 -86.8935 9.5
      vertex -13.688 -86.4227 0
      vertex -10.2845 -86.8935 0
    endloop
  endfacet
  facet normal -0.820401 -0.571789 0
    outer loop
      vertex -70.789 -51.4312 0
      vertex -72.7536 -48.6124 9.5
      vertex -72.7536 -48.6124 0
    endloop
  endfacet
  facet normal -0.820401 -0.571789 0
    outer loop
      vertex -72.7536 -48.6124 9.5
      vertex -70.789 -51.4312 0
      vertex -70.789 -51.4312 9.5
    endloop
  endfacet
  facet normal -0.214295 -0.976769 0
    outer loop
      vertex -20.4265 -85.0824 0
      vertex -17.0704 -85.8187 9.5
      vertex -20.4265 -85.0824 9.5
    endloop
  endfacet
  facet normal -0.214295 -0.976769 -0
    outer loop
      vertex -17.0704 -85.8187 9.5
      vertex -20.4265 -85.0824 0
      vertex -17.0704 -85.8187 0
    endloop
  endfacet
  facet normal -0.252514 -0.967593 0
    outer loop
      vertex -23.751 -84.2148 0
      vertex -20.4265 -85.0824 9.5
      vertex -23.751 -84.2148 9.5
    endloop
  endfacet
  facet normal -0.252514 -0.967593 -0
    outer loop
      vertex -20.4265 -85.0824 9.5
      vertex -23.751 -84.2148 0
      vertex -20.4265 -85.0824 0
    endloop
  endfacet
  facet normal -0.999807 0.0196455 0
    outer loop
      vertex -87.5 0 0
      vertex -87.4325 3.43523 9.5
      vertex -87.4325 3.43523 0
    endloop
  endfacet
  facet normal -0.999807 0.0196455 0
    outer loop
      vertex -87.4325 3.43523 9.5
      vertex -87.5 0 0
      vertex -87.5 0 9.5
    endloop
  endfacet
  facet normal 0.327634 -0.944805 0
    outer loop
      vertex 27.039 -83.2174 0
      vertex 30.2852 -82.0917 9.5
      vertex 27.039 -83.2174 9.5
    endloop
  endfacet
  facet normal 0.327634 -0.944805 0
    outer loop
      vertex 30.2852 -82.0917 9.5
      vertex 27.039 -83.2174 0
      vertex 30.2852 -82.0917 0
    endloop
  endfacet
  facet normal 0.916179 -0.400768 0
    outer loop
      vertex 79.4625 -36.6327 9.5
      vertex 80.8395 -33.4848 0
      vertex 80.8395 -33.4848 9.5
    endloop
  endfacet
  facet normal 0.916179 -0.400768 0
    outer loop
      vertex 80.8395 -33.4848 0
      vertex 79.4625 -36.6327 9.5
      vertex 79.4625 -36.6327 0
    endloop
  endfacet
  facet normal 0.436389 0.899758 -0
    outer loop
      vertex 39.7242 77.9631 0
      vertex 36.6327 79.4625 9.5
      vertex 39.7242 77.9631 9.5
    endloop
  endfacet
  facet normal 0.436389 0.899758 0
    outer loop
      vertex 36.6327 79.4625 9.5
      vertex 39.7242 77.9631 0
      vertex 36.6327 79.4625 0
    endloop
  endfacet
  facet normal 0.664246 -0.747514 0
    outer loop
      vertex 56.8267 -66.5355 0
      vertex 59.3951 -64.2532 9.5
      vertex 56.8267 -66.5355 9.5
    endloop
  endfacet
  facet normal 0.664246 -0.747514 0
    outer loop
      vertex 59.3951 -64.2532 9.5
      vertex 56.8267 -66.5355 0
      vertex 59.3951 -64.2532 0
    endloop
  endfacet
  facet normal -0.967593 -0.252514 0
    outer loop
      vertex -84.2148 -23.751 0
      vertex -85.0824 -20.4265 9.5
      vertex -85.0824 -20.4265 0
    endloop
  endfacet
  facet normal -0.967593 -0.252514 0
    outer loop
      vertex -85.0824 -20.4265 9.5
      vertex -84.2148 -23.751 0
      vertex -84.2148 -23.751 9.5
    endloop
  endfacet
  facet normal -0.720839 0.693102 0
    outer loop
      vertex -64.2532 59.3951 0
      vertex -61.8718 61.8718 9.5
      vertex -61.8718 61.8718 0
    endloop
  endfacet
  facet normal -0.720839 0.693102 0
    outer loop
      vertex -61.8718 61.8718 9.5
      vertex -64.2532 59.3951 0
      vertex -64.2532 59.3951 9.5
    endloop
  endfacet
  facet normal -0.967593 0.252514 0
    outer loop
      vertex -85.0824 20.4265 0
      vertex -84.2148 23.751 9.5
      vertex -84.2148 23.751 0
    endloop
  endfacet
  facet normal -0.967593 0.252514 0
    outer loop
      vertex -84.2148 23.751 9.5
      vertex -85.0824 20.4265 0
      vertex -85.0824 20.4265 9.5
    endloop
  endfacet
  facet normal -0.693102 -0.720839 0
    outer loop
      vertex -61.8718 -61.8718 0
      vertex -59.3951 -64.2532 9.5
      vertex -61.8718 -61.8718 9.5
    endloop
  endfacet
  facet normal -0.693102 -0.720839 -0
    outer loop
      vertex -59.3951 -64.2532 9.5
      vertex -61.8718 -61.8718 0
      vertex -59.3951 -64.2532 0
    endloop
  endfacet
  facet normal -0.471402 -0.881918 0
    outer loop
      vertex -42.7544 -76.3434 0
      vertex -39.7242 -77.9631 9.5
      vertex -42.7544 -76.3434 9.5
    endloop
  endfacet
  facet normal -0.471402 -0.881918 -0
    outer loop
      vertex -39.7242 -77.9631 9.5
      vertex -42.7544 -76.3434 0
      vertex -39.7242 -77.9631 0
    endloop
  endfacet
  facet normal 0.797313 0.603566 0
    outer loop
      vertex 70.789 51.4312 9.5
      vertex 68.7152 54.1707 0
      vertex 68.7152 54.1707 9.5
    endloop
  endfacet
  facet normal 0.797313 0.603566 0
    outer loop
      vertex 68.7152 54.1707 0
      vertex 70.789 51.4312 9.5
      vertex 70.789 51.4312 0
    endloop
  endfacet
  facet normal -0.400768 0.916179 0
    outer loop
      vertex -33.4848 80.8395 0
      vertex -36.6327 79.4625 9.5
      vertex -33.4848 80.8395 9.5
    endloop
  endfacet
  facet normal -0.400768 0.916179 0
    outer loop
      vertex -36.6327 79.4625 9.5
      vertex -33.4848 80.8395 0
      vertex -36.6327 79.4625 0
    endloop
  endfacet
  facet normal -0.634389 -0.773014 0
    outer loop
      vertex -56.8267 -66.5355 0
      vertex -54.1707 -68.7152 9.5
      vertex -56.8267 -66.5355 9.5
    endloop
  endfacet
  facet normal -0.634389 -0.773014 -0
    outer loop
      vertex -54.1707 -68.7152 9.5
      vertex -56.8267 -66.5355 0
      vertex -54.1707 -68.7152 0
    endloop
  endfacet
  facet normal -0.634389 0.773014 0
    outer loop
      vertex -54.1707 68.7152 0
      vertex -56.8267 66.5355 9.5
      vertex -54.1707 68.7152 9.5
    endloop
  endfacet
  facet normal -0.634389 0.773014 0
    outer loop
      vertex -56.8267 66.5355 9.5
      vertex -54.1707 68.7152 0
      vertex -56.8267 66.5355 0
    endloop
  endfacet
  facet normal -0.603566 0.797313 0
    outer loop
      vertex -51.4312 70.789 0
      vertex -54.1707 68.7152 9.5
      vertex -51.4312 70.789 9.5
    endloop
  endfacet
  facet normal -0.603566 0.797313 0
    outer loop
      vertex -54.1707 68.7152 9.5
      vertex -51.4312 70.789 0
      vertex -54.1707 68.7152 0
    endloop
  endfacet
  facet normal -0.505669 -0.862728 0
    outer loop
      vertex -45.7186 -74.606 0
      vertex -42.7544 -76.3434 9.5
      vertex -45.7186 -74.606 9.5
    endloop
  endfacet
  facet normal -0.505669 -0.862728 -0
    outer loop
      vertex -42.7544 -76.3434 9.5
      vertex -45.7186 -74.606 0
      vertex -42.7544 -76.3434 0
    endloop
  endfacet
  facet normal 0.290284 0.956941 -0
    outer loop
      vertex 27.039 83.2174 0
      vertex 23.751 84.2148 9.5
      vertex 27.039 83.2174 9.5
    endloop
  endfacet
  facet normal 0.290284 0.956941 0
    outer loop
      vertex 23.751 84.2148 9.5
      vertex 27.039 83.2174 0
      vertex 23.751 84.2148 0
    endloop
  endfacet
  facet normal -0.881918 -0.471402 0
    outer loop
      vertex -76.3434 -42.7544 0
      vertex -77.9631 -39.7242 9.5
      vertex -77.9631 -39.7242 0
    endloop
  endfacet
  facet normal -0.881918 -0.471402 0
    outer loop
      vertex -77.9631 -39.7242 9.5
      vertex -76.3434 -42.7544 0
      vertex -76.3434 -42.7544 9.5
    endloop
  endfacet
  facet normal 0 0 -1
    outer loop
      vertex 49.4487 -27.6926 0
      vertex 76.3434 -42.7544 0
      vertex 74.606 -45.7186 0
    endloop
  endfacet
  facet normal 0 0 -1
    outer loop
      vertex 48.3234 -29.6126 0
      vertex 74.606 -45.7186 0
      vertex 72.7536 -48.6124 0
    endloop
  endfacet
  facet normal 0 0 -1
    outer loop
      vertex 47.1235 -31.4869 0
      vertex 72.7536 -48.6124 0
      vertex 70.789 -51.4312 0
    endloop
  endfacet
  facet normal 0 0 -1
    outer loop
      vertex 45.851 -33.3127 0
      vertex 70.789 -51.4312 0
      vertex 68.7152 -54.1707 0
    endloop
  endfacet
  facet normal 0 0 -1
    outer loop
      vertex 44.5078 -35.0872 0
      vertex 68.7152 -54.1707 0
      vertex 66.5355 -56.8267 0
    endloop
  endfacet
  facet normal 0 0 -1
    outer loop
      vertex 43.096 -36.8075 0
      vertex 66.5355 -56.8267 0
      vertex 64.2532 -59.3951 0
    endloop
  endfacet
  facet normal 0 0 -1
    outer loop
      vertex 41.6177 -38.471 0
      vertex 64.2532 -59.3951 0
      vertex 61.8718 -61.8718 0
    endloop
  endfacet
  facet normal 0 0 -1
    outer loop
      vertex 40.0753 -40.0753 0
      vertex 61.8718 -61.8718 0
      vertex 59.3951 -64.2532 0
    endloop
  endfacet
  facet normal 0 0 -1
    outer loop
      vertex 38.471 -41.6177 0
      vertex 59.3951 -64.2532 0
      vertex 56.8267 -66.5355 0
    endloop
  endfacet
  facet normal 0 0 -1
    outer loop
      vertex 76.3434 -42.7544 0
      vertex 51.469 -23.7275 0
      vertex 52.3609 -21.6886 0
    endloop
  endfacet
  facet normal -0 0 -1
    outer loop
      vertex 76 -3.3 0
      vertex 56.5003 -4.44667 0
      vertex 56.5679 -3.3 0
    endloop
  endfacet
  facet normal 0 0 -1
    outer loop
      vertex 76 -3.3 0
      vertex 56.2822 -6.66143 0
      vertex 56.5003 -4.44667 0
    endloop
  endfacet
  facet normal 0 0 -1
    outer loop
      vertex 76 -3.3 0
      vertex 55.9772 -8.86592 0
      vertex 56.2822 -6.66143 0
    endloop
  endfacet
  facet normal 0 0 -1
    outer loop
      vertex 76 -3.3 0
      vertex 55.586 -11.0567 0
      vertex 55.9772 -8.86592 0
    endloop
  endfacet
  facet normal 0 0 -1
    outer loop
      vertex 76 -3.3 0
      vertex 55.1091 -13.2305 0
      vertex 55.586 -11.0567 0
    endloop
  endfacet
  facet normal 0 0 -1
    outer loop
      vertex 76 -3.3 0
      vertex 54.5471 -15.3839 0
      vertex 55.1091 -13.2305 0
    endloop
  endfacet
  facet normal 0 0 -1
    outer loop
      vertex 36.8075 -43.096 0
      vertex 56.8267 -66.5355 0
      vertex 54.1707 -68.7152 0
    endloop
  endfacet
  facet normal 0 0 -1
    outer loop
      vertex 76 -3.3 0
      vertex 53.9011 -17.5135 0
      vertex 54.5471 -15.3839 0
    endloop
  endfacet
  facet normal 0 0 -1
    outer loop
      vertex 76.3434 -42.7544 0
      vertex 53.9011 -17.5135 0
      vertex 76 -3.3 0
    endloop
  endfacet
  facet normal 0 0 -1
    outer loop
      vertex 76.3434 -42.7544 0
      vertex 53.172 -19.6162 0
      vertex 53.9011 -17.5135 0
    endloop
  endfacet
  facet normal 0 0 -1
    outer loop
      vertex 76.3434 -42.7544 0
      vertex 52.3609 -21.6886 0
      vertex 53.172 -19.6162 0
    endloop
  endfacet
  facet normal 0 0 -1
    outer loop
      vertex 35.0872 -44.5078 0
      vertex 54.1707 -68.7152 0
      vertex 51.4312 -70.789 0
    endloop
  endfacet
  facet normal 0 0 -1
    outer loop
      vertex 76.3434 -42.7544 0
      vertex 50.4978 -25.7299 0
      vertex 51.469 -23.7275 0
    endloop
  endfacet
  facet normal 0 0 -1
    outer loop
      vertex 76.3434 -42.7544 0
      vertex 49.4487 -27.6926 0
      vertex 50.4978 -25.7299 0
    endloop
  endfacet
  facet normal 0 0 -1
    outer loop
      vertex 33.3127 -45.851 0
      vertex 51.4312 -70.789 0
      vertex 48.6124 -72.7536 0
    endloop
  endfacet
  facet normal 0 0 -1
    outer loop
      vertex 74.606 -45.7186 0
      vertex 48.3234 -29.6126 0
      vertex 49.4487 -27.6926 0
    endloop
  endfacet
  facet normal 0 0 -1
    outer loop
      vertex 72.7536 -48.6124 0
      vertex 47.1235 -31.4869 0
      vertex 48.3234 -29.6126 0
    endloop
  endfacet
  facet normal 0 0 -1
    outer loop
      vertex 70.789 -51.4312 0
      vertex 45.851 -33.3127 0
      vertex 47.1235 -31.4869 0
    endloop
  endfacet
  facet normal 0 0 -1
    outer loop
      vertex 31.4869 -47.1235 0
      vertex 48.6124 -72.7536 0
      vertex 45.7186 -74.606 0
    endloop
  endfacet
  facet normal 0 0 -1
    outer loop
      vertex 68.7152 -54.1707 0
      vertex 44.5078 -35.0872 0
      vertex 45.851 -33.3127 0
    endloop
  endfacet
  facet normal 0 0 -1
    outer loop
      vertex 66.5355 -56.8267 0
      vertex 43.096 -36.8075 0
      vertex 44.5078 -35.0872 0
    endloop
  endfacet
  facet normal 0 0 -1
    outer loop
      vertex 29.6126 -48.3234 0
      vertex 45.7186 -74.606 0
      vertex 42.7544 -76.3434 0
    endloop
  endfacet
  facet normal 0 0 -1
    outer loop
      vertex 64.2532 -59.3951 0
      vertex 41.6177 -38.471 0
      vertex 43.096 -36.8075 0
    endloop
  endfacet
  facet normal 0 0 -1
    outer loop
      vertex 61.8718 -61.8718 0
      vertex 40.0753 -40.0753 0
      vertex 41.6177 -38.471 0
    endloop
  endfacet
  facet normal 0 0 -1
    outer loop
      vertex 27.6926 -49.4487 0
      vertex 42.7544 -76.3434 0
      vertex 39.7242 -77.9631 0
    endloop
  endfacet
  facet normal 0 0 -1
    outer loop
      vertex 59.3951 -64.2532 0
      vertex 38.471 -41.6177 0
      vertex 40.0753 -40.0753 0
    endloop
  endfacet
  facet normal 0 0 -1
    outer loop
      vertex 56.8267 -66.5355 0
      vertex 36.8075 -43.096 0
      vertex 38.471 -41.6177 0
    endloop
  endfacet
  facet normal 0 0 -1
    outer loop
      vertex 25.7299 -50.4978 0
      vertex 39.7242 -77.9631 0
      vertex 36.6327 -79.4625 0
    endloop
  endfacet
  facet normal 0 0 -1
    outer loop
      vertex 54.1707 -68.7152 0
      vertex 35.0872 -44.5078 0
      vertex 36.8075 -43.096 0
    endloop
  endfacet
  facet normal 0 0 -1
    outer loop
      vertex 23.7275 -51.469 0
      vertex 36.6327 -79.4625 0
      vertex 33.4848 -80.8395 0
    endloop
  endfacet
  facet normal 0 0 -1
    outer loop
      vertex 51.4312 -70.789 0
      vertex 33.3127 -45.851 0
      vertex 35.0872 -44.5078 0
    endloop
  endfacet
  facet normal 0 0 -1
    outer loop
      vertex 48.6124 -72.7536 0
      vertex 31.4869 -47.1235 0
      vertex 33.3127 -45.851 0
    endloop
  endfacet
  facet normal 0 0 -1
    outer loop
      vertex 21.6886 -52.3609 0
      vertex 33.4848 -80.8395 0
      vertex 30.2852 -82.0917 0
    endloop
  endfacet
  facet normal 0 0 -1
    outer loop
      vertex 45.7186 -74.606 0
      vertex 29.6126 -48.3234 0
      vertex 31.4869 -47.1235 0
    endloop
  endfacet
  facet normal 0 0 -1
    outer loop
      vertex 42.7544 -76.3434 0
      vertex 27.6926 -49.4487 0
      vertex 29.6126 -48.3234 0
    endloop
  endfacet
  facet normal 0 0 -1
    outer loop
      vertex 19.6162 -53.172 0
      vertex 30.2852 -82.0917 0
      vertex 27.039 -83.2174 0
    endloop
  endfacet
  facet normal 0 0 -1
    outer loop
      vertex 39.7242 -77.9631 0
      vertex 25.7299 -50.4978 0
      vertex 27.6926 -49.4487 0
    endloop
  endfacet
  facet normal 0 0 -1
    outer loop
      vertex 17.5135 -53.9011 0
      vertex 27.039 -83.2174 0
      vertex 23.751 -84.2148 0
    endloop
  endfacet
  facet normal 0 0 -1
    outer loop
      vertex 36.6327 -79.4625 0
      vertex 23.7275 -51.469 0
      vertex 25.7299 -50.4978 0
    endloop
  endfacet
  facet normal 0 0 -1
    outer loop
      vertex 33.4848 -80.8395 0
      vertex 21.6886 -52.3609 0
      vertex 23.7275 -51.469 0
    endloop
  endfacet
  facet normal 0 0 -1
    outer loop
      vertex 15.3839 -54.5471 0
      vertex 23.751 -84.2148 0
      vertex 20.4265 -85.0824 0
    endloop
  endfacet
  facet normal 0 0 -1
    outer loop
      vertex 30.2852 -82.0917 0
      vertex 19.6162 -53.172 0
      vertex 21.6886 -52.3609 0
    endloop
  endfacet
  facet normal 0 0 -1
    outer loop
      vertex 27.039 -83.2174 0
      vertex 17.5135 -53.9011 0
      vertex 19.6162 -53.172 0
    endloop
  endfacet
  facet normal 0 0 -1
    outer loop
      vertex 13.2305 -55.1091 0
      vertex 20.4265 -85.0824 0
      vertex 17.0704 -85.8187 0
    endloop
  endfacet
  facet normal 0 0 -1
    outer loop
      vertex 23.751 -84.2148 0
      vertex 15.3839 -54.5471 0
      vertex 17.5135 -53.9011 0
    endloop
  endfacet
  facet normal 0 0 -1
    outer loop
      vertex 11.0567 -55.586 0
      vertex 17.0704 -85.8187 0
      vertex 13.688 -86.4227 0
    endloop
  endfacet
  facet normal 0 0 -1
    outer loop
      vertex 20.4265 -85.0824 0
      vertex 13.2305 -55.1091 0
      vertex 15.3839 -54.5471 0
    endloop
  endfacet
  facet normal 0 0 -1
    outer loop
      vertex 17.0704 -85.8187 0
      vertex 11.0567 -55.586 0
      vertex 13.2305 -55.1091 0
    endloop
  endfacet
  facet normal 0 0 -1
    outer loop
      vertex 8.86592 -55.9772 0
      vertex 13.688 -86.4227 0
      vertex 10.2845 -86.8935 0
    endloop
  endfacet
  facet normal 0 0 -1
    outer loop
      vertex 13.688 -86.4227 0
      vertex 8.86592 -55.9772 0
      vertex 11.0567 -55.586 0
    endloop
  endfacet
  facet normal 0 0 -1
    outer loop
      vertex 6.66143 -56.2822 0
      vertex 10.2845 -86.8935 0
      vertex 6.86517 -87.2303 0
    endloop
  endfacet
  facet normal 0 0 -1
    outer loop
      vertex 10.2845 -86.8935 0
      vertex 6.66143 -56.2822 0
      vertex 8.86592 -55.9772 0
    endloop
  endfacet
  facet normal 0 0 -1
    outer loop
      vertex 6.86517 -87.2303 0
      vertex 4.44667 -56.5003 0
      vertex 6.66143 -56.2822 0
    endloop
  endfacet
  facet normal 0 0 -1
    outer loop
      vertex 3.43523 -87.4325 0
      vertex 4.44667 -56.5003 0
      vertex 6.86517 -87.2303 0
    endloop
  endfacet
  facet normal 0 0 -1
    outer loop
      vertex 3.43523 -87.4325 0
      vertex 2.22505 -56.6313 0
      vertex 4.44667 -56.5003 0
    endloop
  endfacet
  facet normal 0 0 -1
    outer loop
      vertex 0 -87.5 0
      vertex 2.22505 -56.6313 0
      vertex 3.43523 -87.4325 0
    endloop
  endfacet
  facet normal 0 0 -1
    outer loop
      vertex 0 -87.5 0
      vertex 0 -56.675 0
      vertex 2.22505 -56.6313 0
    endloop
  endfacet
  facet normal 0 0 -1
    outer loop
      vertex 0 -87.5 0
      vertex -2.22505 -56.6313 0
      vertex 0 -56.675 0
    endloop
  endfacet
  facet normal 0 0 -1
    outer loop
      vertex -3.43523 -87.4325 0
      vertex -2.22505 -56.6313 0
      vertex 0 -87.5 0
    endloop
  endfacet
  facet normal 0 0 -1
    outer loop
      vertex -3.43523 -87.4325 0
      vertex -4.44667 -56.5003 0
      vertex -2.22505 -56.6313 0
    endloop
  endfacet
  facet normal 0 0 -1
    outer loop
      vertex -6.86517 -87.2303 0
      vertex -4.44667 -56.5003 0
      vertex -3.43523 -87.4325 0
    endloop
  endfacet
  facet normal -0 0 -1
    outer loop
      vertex -4.44667 -56.5003 0
      vertex -6.86517 -87.2303 0
      vertex -6.66143 -56.2822 0
    endloop
  endfacet
  facet normal 0 0 -1
    outer loop
      vertex -10.2845 -86.8935 0
      vertex -6.66143 -56.2822 0
      vertex -6.86517 -87.2303 0
    endloop
  endfacet
  facet normal -0 0 -1
    outer loop
      vertex -6.66143 -56.2822 0
      vertex -10.2845 -86.8935 0
      vertex -8.86592 -55.9772 0
    endloop
  endfacet
  facet normal 0 0 -1
    outer loop
      vertex -13.688 -86.4227 0
      vertex -8.86592 -55.9772 0
      vertex -10.2845 -86.8935 0
    endloop
  endfacet
  facet normal -0 0 -1
    outer loop
      vertex -8.86592 -55.9772 0
      vertex -13.688 -86.4227 0
      vertex -11.0567 -55.586 0
    endloop
  endfacet
  facet normal 0 0 -1
    outer loop
      vertex -17.0704 -85.8187 0
      vertex -11.0567 -55.586 0
      vertex -13.688 -86.4227 0
    endloop
  endfacet
  facet normal -0 0 -1
    outer loop
      vertex -11.0567 -55.586 0
      vertex -17.0704 -85.8187 0
      vertex -13.2305 -55.1091 0
    endloop
  endfacet
  facet normal 0 0 -1
    outer loop
      vertex -20.4265 -85.0824 0
      vertex -13.2305 -55.1091 0
      vertex -17.0704 -85.8187 0
    endloop
  endfacet
  facet normal -0 0 -1
    outer loop
      vertex -13.2305 -55.1091 0
      vertex -20.4265 -85.0824 0
      vertex -15.3839 -54.5471 0
    endloop
  endfacet
  facet normal 0 0 -1
    outer loop
      vertex -23.751 -84.2148 0
      vertex -15.3839 -54.5471 0
      vertex -20.4265 -85.0824 0
    endloop
  endfacet
  facet normal 0 0 -1
    outer loop
      vertex -35.1421 -67.4679 0
      vertex -15.3839 -54.5471 0
      vertex -23.751 -84.2148 0
    endloop
  endfacet
  facet normal -0 0 -1
    outer loop
      vertex -15.3839 -54.5471 0
      vertex -35.1421 -67.4679 0
      vertex -17.5135 -53.9011 0
    endloop
  endfacet
  facet normal -0 0 -1
    outer loop
      vertex -17.5135 -53.9011 0
      vertex -35.1421 -67.4679 0
      vertex -19.6162 -53.172 0
    endloop
  endfacet
  facet normal -0 0 -1
    outer loop
      vertex -19.6162 -53.172 0
      vertex -35.1421 -67.4679 0
      vertex -21.6886 -52.3609 0
    endloop
  endfacet
  facet normal -0 0 -1
    outer loop
      vertex -21.6886 -52.3609 0
      vertex -35.1421 -67.4679 0
      vertex -23.7275 -51.469 0
    endloop
  endfacet
  facet normal 0 0 -1
    outer loop
      vertex -35.1421 -67.4679 0
      vertex -23.751 -84.2148 0
      vertex -27.039 -83.2174 0
    endloop
  endfacet
  facet normal 0 0 -1
    outer loop
      vertex -35.1421 -67.4679 0
      vertex -27.039 -83.2174 0
      vertex -30.2852 -82.0917 0
    endloop
  endfacet
  facet normal 0 0 -1
    outer loop
      vertex -35.1421 -67.4679 0
      vertex -30.2852 -82.0917 0
      vertex -33.4848 -80.8395 0
    endloop
  endfacet
  facet normal -0 0 -1
    outer loop
      vertex -23.7275 -51.469 0
      vertex -35.1421 -67.4679 0
      vertex -25.4287 -50.6439 0
    endloop
  endfacet
  facet normal 0 0 -1
    outer loop
      vertex -36.6519 -69.483 0
      vertex -35.1421 -67.4679 0
      vertex -33.4848 -80.8395 0
    endloop
  endfacet
  facet normal 0 0 -1
    outer loop
      vertex -36.6519 -69.483 0
      vertex -33.4848 -80.8395 0
      vertex -36.6327 -79.4625 0
    endloop
  endfacet
  facet normal -0 0 -1
    outer loop
      vertex -35.1421 -67.4679 0
      vertex -36.6519 -69.483 0
      vertex -35.4019 -67.3179 0
    endloop
  endfacet
  facet normal 0 0 -1
    outer loop
      vertex -39.7242 -77.9631 0
      vertex -36.6519 -69.483 0
      vertex -36.6327 -79.4625 0
    endloop
  endfacet
  facet normal 0 0 -1
    outer loop
      vertex -42.7544 -76.3434 0
      vertex -36.6519 -69.483 0
      vertex -39.7242 -77.9631 0
    endloop
  endfacet
  facet normal -0 0 -1
    outer loop
      vertex -36.6519 -69.483 0
      vertex -42.7544 -76.3434 0
      vertex -41.8481 -66.483 0
    endloop
  endfacet
  facet normal 0 0 -1
    outer loop
      vertex 78.5 -3 0
      vertex 87.5 0 0
      vertex 87.4325 -3.43523 0
    endloop
  endfacet
  facet normal 0 0 -1
    outer loop
      vertex 78.5 -3 0
      vertex 87.4325 -3.43523 0
      vertex 87.2303 -6.86517 0
    endloop
  endfacet
  facet normal 0 0 -1
    outer loop
      vertex 78.5 3 0
      vertex 87.5 0 0
      vertex 78.5 -3 0
    endloop
  endfacet
  facet normal 0 0 -1
    outer loop
      vertex 78.5 -3 0
      vertex 87.2303 -6.86517 0
      vertex 86.8935 -10.2845 0
    endloop
  endfacet
  facet normal 0 0 -1
    outer loop
      vertex 87.5 0 0
      vertex 78.5 3 0
      vertex 87.4325 3.43523 0
    endloop
  endfacet
  facet normal 0 0 -1
    outer loop
      vertex 78.5 -3 0
      vertex 86.8935 -10.2845 0
      vertex 86.4227 -13.688 0
    endloop
  endfacet
  facet normal -0 0 -1
    outer loop
      vertex 87.4325 3.43523 0
      vertex 78.5 3 0
      vertex 87.2303 6.86517 0
    endloop
  endfacet
  facet normal 0 0 -1
    outer loop
      vertex 76 -3.3 0
      vertex 86.4227 -13.688 0
      vertex 85.8187 -17.0704 0
    endloop
  endfacet
  facet normal -0 0 -1
    outer loop
      vertex 87.2303 6.86517 0
      vertex 78.5 3 0
      vertex 86.8935 10.2845 0
    endloop
  endfacet
  facet normal 0 0 -1
    outer loop
      vertex 76 -3.3 0
      vertex 85.8187 -17.0704 0
      vertex 85.0824 -20.4265 0
    endloop
  endfacet
  facet normal -0 0 -1
    outer loop
      vertex 86.8935 10.2845 0
      vertex 78.5 3 0
      vertex 86.4227 13.688 0
    endloop
  endfacet
  facet normal 0 0 -1
    outer loop
      vertex 76 -3.3 0
      vertex 85.0824 -20.4265 0
      vertex 84.2148 -23.751 0
    endloop
  endfacet
  facet normal 0 0 -1
    outer loop
      vertex 76 3.3 0
      vertex 86.4227 13.688 0
      vertex 78.5 3 0
    endloop
  endfacet
  facet normal 0 0 -1
    outer loop
      vertex 76 -3.3 0
      vertex 84.2148 -23.751 0
      vertex 83.2174 -27.039 0
    endloop
  endfacet
  facet normal -0 0 -1
    outer loop
      vertex 86.4227 13.688 0
      vertex 76 3.3 0
      vertex 85.8187 17.0704 0
    endloop
  endfacet
  facet normal 0 0 -1
    outer loop
      vertex 76 -3.3 0
      vertex 83.2174 -27.039 0
      vertex 82.0917 -30.2852 0
    endloop
  endfacet
  facet normal -0 0 -1
    outer loop
      vertex 85.8187 17.0704 0
      vertex 76 3.3 0
      vertex 85.0824 20.4265 0
    endloop
  endfacet
  facet normal 0 0 -1
    outer loop
      vertex 76 -3.3 0
      vertex 82.0917 -30.2852 0
      vertex 80.8395 -33.4848 0
    endloop
  endfacet
  facet normal 0 0 -1
    outer loop
      vertex 55.1091 13.2305 0
      vertex 85.0824 20.4265 0
      vertex 76 3.3 0
    endloop
  endfacet
  facet normal 0 0 -1
    outer loop
      vertex 76 -3.3 0
      vertex 80.8395 -33.4848 0
      vertex 79.4625 -36.6327 0
    endloop
  endfacet
  facet normal -0 0 -1
    outer loop
      vertex 85.0824 20.4265 0
      vertex 55.1091 13.2305 0
      vertex 84.2148 23.751 0
    endloop
  endfacet
  facet normal 0 0 -1
    outer loop
      vertex 54.5471 15.3839 0
      vertex 84.2148 23.751 0
      vertex 55.1091 13.2305 0
    endloop
  endfacet
  facet normal 0 0 -1
    outer loop
      vertex 76 -3.3 0
      vertex 79.4625 -36.6327 0
      vertex 77.9631 -39.7242 0
    endloop
  endfacet
  facet normal 0 0 -1
    outer loop
      vertex 76 -3.3 0
      vertex 77.9631 -39.7242 0
      vertex 76.3434 -42.7544 0
    endloop
  endfacet
  facet normal 0 0 -1
    outer loop
      vertex 86.4227 -13.688 0
      vertex 76 -3.3 0
      vertex 78.5 -3 0
    endloop
  endfacet
  facet normal -0 0 -1
    outer loop
      vertex 78.5 -3 0
      vertex 76 -3.3 0
      vertex 76 -3 0
    endloop
  endfacet
  facet normal 0 0 -1
    outer loop
      vertex 53.9011 17.5135 0
      vertex 83.2174 27.039 0
      vertex 54.5471 15.3839 0
    endloop
  endfacet
  facet normal -0 0 -1
    outer loop
      vertex 83.2174 27.039 0
      vertex 53.9011 17.5135 0
      vertex 82.0917 30.2852 0
    endloop
  endfacet
  facet normal 0 0 -1
    outer loop
      vertex 53.172 19.6162 0
      vertex 82.0917 30.2852 0
      vertex 53.9011 17.5135 0
    endloop
  endfacet
  facet normal 0 0 -1
    outer loop
      vertex 76 3.3 0
      vertex 78.5 3 0
      vertex 76 3 0
    endloop
  endfacet
  facet normal 0 0 -1
    outer loop
      vertex 52.3609 21.6886 0
      vertex 80.8395 33.4848 0
      vertex 53.172 19.6162 0
    endloop
  endfacet
  facet normal -0 0 -1
    outer loop
      vertex 80.8395 33.4848 0
      vertex 52.3609 21.6886 0
      vertex 79.4625 36.6327 0
    endloop
  endfacet
  facet normal 0 0 -1
    outer loop
      vertex 51.469 23.7275 0
      vertex 79.4625 36.6327 0
      vertex 52.3609 21.6886 0
    endloop
  endfacet
  facet normal 0 0 -1
    outer loop
      vertex 50.4978 25.7299 0
      vertex 77.9631 39.7242 0
      vertex 51.469 23.7275 0
    endloop
  endfacet
  facet normal -0 0 -1
    outer loop
      vertex 77.9631 39.7242 0
      vertex 50.4978 25.7299 0
      vertex 76.3434 42.7544 0
    endloop
  endfacet
  facet normal 0 0 -1
    outer loop
      vertex 49.4487 27.6926 0
      vertex 76.3434 42.7544 0
      vertex 50.4978 25.7299 0
    endloop
  endfacet
  facet normal 0 0 -1
    outer loop
      vertex 48.3234 29.6126 0
      vertex 74.606 45.7186 0
      vertex 49.4487 27.6926 0
    endloop
  endfacet
  facet normal -0 0 -1
    outer loop
      vertex 74.606 45.7186 0
      vertex 48.3234 29.6126 0
      vertex 72.7536 48.6124 0
    endloop
  endfacet
  facet normal -0 0 -1
    outer loop
      vertex 72.7536 48.6124 0
      vertex 47.1235 31.4869 0
      vertex 70.789 51.4312 0
    endloop
  endfacet
  facet normal 0 0 -1
    outer loop
      vertex 45.851 33.3127 0
      vertex 70.789 51.4312 0
      vertex 47.1235 31.4869 0
    endloop
  endfacet
  facet normal 0 0 -1
    outer loop
      vertex 56.5003 4.44667 0
      vertex 76 3.3 0
      vertex 56.5679 3.3 0
    endloop
  endfacet
  facet normal 0 0 -1
    outer loop
      vertex 56.2822 6.66143 0
      vertex 76 3.3 0
      vertex 56.5003 4.44667 0
    endloop
  endfacet
  facet normal 0 0 -1
    outer loop
      vertex 55.9772 8.86592 0
      vertex 76 3.3 0
      vertex 56.2822 6.66143 0
    endloop
  endfacet
  facet normal 0 0 -1
    outer loop
      vertex 55.586 11.0567 0
      vertex 76 3.3 0
      vertex 55.9772 8.86592 0
    endloop
  endfacet
  facet normal 0 0 -1
    outer loop
      vertex 55.1091 13.2305 0
      vertex 76 3.3 0
      vertex 55.586 11.0567 0
    endloop
  endfacet
  facet normal -0 0 -1
    outer loop
      vertex 84.2148 23.751 0
      vertex 54.5471 15.3839 0
      vertex 83.2174 27.039 0
    endloop
  endfacet
  facet normal -0 0 -1
    outer loop
      vertex 82.0917 30.2852 0
      vertex 53.172 19.6162 0
      vertex 80.8395 33.4848 0
    endloop
  endfacet
  facet normal -0 0 -1
    outer loop
      vertex 79.4625 36.6327 0
      vertex 51.469 23.7275 0
      vertex 77.9631 39.7242 0
    endloop
  endfacet
  facet normal -0 0 -1
    outer loop
      vertex 76.3434 42.7544 0
      vertex 49.4487 27.6926 0
      vertex 74.606 45.7186 0
    endloop
  endfacet
  facet normal 0 0 -1
    outer loop
      vertex 47.1235 31.4869 0
      vertex 72.7536 48.6124 0
      vertex 48.3234 29.6126 0
    endloop
  endfacet
  facet normal -0 0 -1
    outer loop
      vertex 70.789 51.4312 0
      vertex 45.851 33.3127 0
      vertex 68.7152 54.1707 0
    endloop
  endfacet
  facet normal 0 0 -1
    outer loop
      vertex 44.5078 35.0872 0
      vertex 68.7152 54.1707 0
      vertex 45.851 33.3127 0
    endloop
  endfacet
  facet normal -0 0 -1
    outer loop
      vertex 68.7152 54.1707 0
      vertex 44.5078 35.0872 0
      vertex 66.5355 56.8267 0
    endloop
  endfacet
  facet normal 0 0 -1
    outer loop
      vertex 43.096 36.8075 0
      vertex 66.5355 56.8267 0
      vertex 44.5078 35.0872 0
    endloop
  endfacet
  facet normal -0 0 -1
    outer loop
      vertex 66.5355 56.8267 0
      vertex 43.096 36.8075 0
      vertex 64.2532 59.3951 0
    endloop
  endfacet
  facet normal 0 0 -1
    outer loop
      vertex 41.6177 38.471 0
      vertex 64.2532 59.3951 0
      vertex 43.096 36.8075 0
    endloop
  endfacet
  facet normal -0 0 -1
    outer loop
      vertex 64.2532 59.3951 0
      vertex 41.6177 38.471 0
      vertex 61.8718 61.8718 0
    endloop
  endfacet
  facet normal 0 0 -1
    outer loop
      vertex 40.0753 40.0753 0
      vertex 61.8718 61.8718 0
      vertex 41.6177 38.471 0
    endloop
  endfacet
  facet normal -0 0 -1
    outer loop
      vertex 61.8718 61.8718 0
      vertex 40.0753 40.0753 0
      vertex 59.3951 64.2532 0
    endloop
  endfacet
  facet normal 0 0 -1
    outer loop
      vertex 38.471 41.6177 0
      vertex 59.3951 64.2532 0
      vertex 40.0753 40.0753 0
    endloop
  endfacet
  facet normal -0 0 -1
    outer loop
      vertex 59.3951 64.2532 0
      vertex 38.471 41.6177 0
      vertex 56.8267 66.5355 0
    endloop
  endfacet
  facet normal 0 0 -1
    outer loop
      vertex 36.8075 43.096 0
      vertex 56.8267 66.5355 0
      vertex 38.471 41.6177 0
    endloop
  endfacet
  facet normal -0 0 -1
    outer loop
      vertex 56.8267 66.5355 0
      vertex 36.8075 43.096 0
      vertex 54.1707 68.7152 0
    endloop
  endfacet
  facet normal 0 0 -1
    outer loop
      vertex 35.0872 44.5078 0
      vertex 54.1707 68.7152 0
      vertex 36.8075 43.096 0
    endloop
  endfacet
  facet normal -0 0 -1
    outer loop
      vertex 54.1707 68.7152 0
      vertex 35.0872 44.5078 0
      vertex 51.4312 70.789 0
    endloop
  endfacet
  facet normal 0 0 -1
    outer loop
      vertex 33.3127 45.851 0
      vertex 51.4312 70.789 0
      vertex 35.0872 44.5078 0
    endloop
  endfacet
  facet normal -0 0 -1
    outer loop
      vertex 51.4312 70.789 0
      vertex 33.3127 45.851 0
      vertex 48.6124 72.7536 0
    endloop
  endfacet
  facet normal 0 0 -1
    outer loop
      vertex 31.4869 47.1235 0
      vertex 48.6124 72.7536 0
      vertex 33.3127 45.851 0
    endloop
  endfacet
  facet normal -0 0 -1
    outer loop
      vertex 48.6124 72.7536 0
      vertex 31.4869 47.1235 0
      vertex 45.7186 74.606 0
    endloop
  endfacet
  facet normal 0 0 -1
    outer loop
      vertex 29.6126 48.3234 0
      vertex 45.7186 74.606 0
      vertex 31.4869 47.1235 0
    endloop
  endfacet
  facet normal -0 0 -1
    outer loop
      vertex 45.7186 74.606 0
      vertex 29.6126 48.3234 0
      vertex 42.7544 76.3434 0
    endloop
  endfacet
  facet normal 0 0 -1
    outer loop
      vertex 27.6926 49.4487 0
      vertex 42.7544 76.3434 0
      vertex 29.6126 48.3234 0
    endloop
  endfacet
  facet normal -0 0 -1
    outer loop
      vertex 42.7544 76.3434 0
      vertex 27.6926 49.4487 0
      vertex 39.7242 77.9631 0
    endloop
  endfacet
  facet normal 0 0 -1
    outer loop
      vertex 25.7299 50.4978 0
      vertex 39.7242 77.9631 0
      vertex 27.6926 49.4487 0
    endloop
  endfacet
  facet normal -0 0 -1
    outer loop
      vertex 39.7242 77.9631 0
      vertex 25.7299 50.4978 0
      vertex 36.6327 79.4625 0
    endloop
  endfacet
  facet normal 0 0 -1
    outer loop
      vertex 23.7275 51.469 0
      vertex 36.6327 79.4625 0
      vertex 25.7299 50.4978 0
    endloop
  endfacet
  facet normal -0 0 -1
    outer loop
      vertex 36.6327 79.4625 0
      vertex 23.7275 51.469 0
      vertex 33.4848 80.8395 0
    endloop
  endfacet
  facet normal 0 0 -1
    outer loop
      vertex 21.6886 52.3609 0
      vertex 33.4848 80.8395 0
      vertex 23.7275 51.469 0
    endloop
  endfacet
  facet normal -0 0 -1
    outer loop
      vertex 33.4848 80.8395 0
      vertex 21.6886 52.3609 0
      vertex 30.2852 82.0917 0
    endloop
  endfacet
  facet normal 0 0 -1
    outer loop
      vertex 19.6162 53.172 0
      vertex 30.2852 82.0917 0
      vertex 21.6886 52.3609 0
    endloop
  endfacet
  facet normal -0 0 -1
    outer loop
      vertex 30.2852 82.0917 0
      vertex 19.6162 53.172 0
      vertex 27.039 83.2174 0
    endloop
  endfacet
  facet normal 0 0 -1
    outer loop
      vertex 17.5135 53.9011 0
      vertex 27.039 83.2174 0
      vertex 19.6162 53.172 0
    endloop
  endfacet
  facet normal -0 0 -1
    outer loop
      vertex 27.039 83.2174 0
      vertex 17.5135 53.9011 0
      vertex 23.751 84.2148 0
    endloop
  endfacet
  facet normal 0 0 -1
    outer loop
      vertex 15.3839 54.5471 0
      vertex 23.751 84.2148 0
      vertex 17.5135 53.9011 0
    endloop
  endfacet
  facet normal -0 0 -1
    outer loop
      vertex 23.751 84.2148 0
      vertex 15.3839 54.5471 0
      vertex 20.4265 85.0824 0
    endloop
  endfacet
  facet normal 0 0 -1
    outer loop
      vertex 13.2305 55.1091 0
      vertex 20.4265 85.0824 0
      vertex 15.3839 54.5471 0
    endloop
  endfacet
  facet normal -0 0 -1
    outer loop
      vertex 20.4265 85.0824 0
      vertex 13.2305 55.1091 0
      vertex 17.0704 85.8187 0
    endloop
  endfacet
  facet normal 0 0 -1
    outer loop
      vertex 11.0567 55.586 0
      vertex 17.0704 85.8187 0
      vertex 13.2305 55.1091 0
    endloop
  endfacet
  facet normal -0 0 -1
    outer loop
      vertex 17.0704 85.8187 0
      vertex 11.0567 55.586 0
      vertex 13.688 86.4227 0
    endloop
  endfacet
  facet normal 0 0 -1
    outer loop
      vertex 8.86592 55.9772 0
      vertex 13.688 86.4227 0
      vertex 11.0567 55.586 0
    endloop
  endfacet
  facet normal -0 0 -1
    outer loop
      vertex 13.688 86.4227 0
      vertex 8.86592 55.9772 0
      vertex 10.2845 86.8935 0
    endloop
  endfacet
  facet normal 0 0 -1
    outer loop
      vertex 6.66143 56.2822 0
      vertex 10.2845 86.8935 0
      vertex 8.86592 55.9772 0
    endloop
  endfacet
  facet normal -0 0 -1
    outer loop
      vertex 10.2845 86.8935 0
      vertex 6.66143 56.2822 0
      vertex 6.86517 87.2303 0
    endloop
  endfacet
  facet normal 0 0 -1
    outer loop
      vertex 4.44667 56.5003 0
      vertex 6.86517 87.2303 0
      vertex 6.66143 56.2822 0
    endloop
  endfacet
  facet normal 0 0 -1
    outer loop
      vertex 4.44667 56.5003 0
      vertex 3.43523 87.4325 0
      vertex 6.86517 87.2303 0
    endloop
  endfacet
  facet normal 0 0 -1
    outer loop
      vertex 2.22505 56.6313 0
      vertex 3.43523 87.4325 0
      vertex 4.44667 56.5003 0
    endloop
  endfacet
  facet normal 0 0 -1
    outer loop
      vertex 0 56.675 0
      vertex 3.43523 87.4325 0
      vertex 2.22505 56.6313 0
    endloop
  endfacet
  facet normal 0 0 -1
    outer loop
      vertex 0 56.675 0
      vertex 0 87.5 0
      vertex 3.43523 87.4325 0
    endloop
  endfacet
  facet normal 0 0 -1
    outer loop
      vertex -2.22505 56.6313 0
      vertex 0 87.5 0
      vertex 0 56.675 0
    endloop
  endfacet
  facet normal 0 0 -1
    outer loop
      vertex -2.22505 56.6313 0
      vertex -3.43523 87.4325 0
      vertex 0 87.5 0
    endloop
  endfacet
  facet normal 0 0 -1
    outer loop
      vertex -4.44667 56.5003 0
      vertex -3.43523 87.4325 0
      vertex -2.22505 56.6313 0
    endloop
  endfacet
  facet normal 0 0 -1
    outer loop
      vertex -6.86517 87.2303 0
      vertex -4.44667 56.5003 0
      vertex -6.66143 56.2822 0
    endloop
  endfacet
  facet normal 0 0 -1
    outer loop
      vertex -4.44667 56.5003 0
      vertex -6.86517 87.2303 0
      vertex -3.43523 87.4325 0
    endloop
  endfacet
  facet normal 0 0 -1
    outer loop
      vertex -10.2845 86.8935 0
      vertex -6.66143 56.2822 0
      vertex -8.86592 55.9772 0
    endloop
  endfacet
  facet normal 0 0 -1
    outer loop
      vertex -6.66143 56.2822 0
      vertex -10.2845 86.8935 0
      vertex -6.86517 87.2303 0
    endloop
  endfacet
  facet normal 0 0 -1
    outer loop
      vertex -13.688 86.4227 0
      vertex -8.86592 55.9772 0
      vertex -11.0567 55.586 0
    endloop
  endfacet
  facet normal 0 0 -1
    outer loop
      vertex -17.0704 85.8187 0
      vertex -11.0567 55.586 0
      vertex -13.2305 55.1091 0
    endloop
  endfacet
  facet normal 0 0 -1
    outer loop
      vertex -8.86592 55.9772 0
      vertex -13.688 86.4227 0
      vertex -10.2845 86.8935 0
    endloop
  endfacet
  facet normal 0 0 -1
    outer loop
      vertex -20.4265 85.0824 0
      vertex -13.2305 55.1091 0
      vertex -15.3839 54.5471 0
    endloop
  endfacet
  facet normal 0 0 -1
    outer loop
      vertex -11.0567 55.586 0
      vertex -17.0704 85.8187 0
      vertex -13.688 86.4227 0
    endloop
  endfacet
  facet normal 0 0 -1
    outer loop
      vertex -35.1421 67.4679 0
      vertex -15.3839 54.5471 0
      vertex -17.5135 53.9011 0
    endloop
  endfacet
  facet normal 0 0 -1
    outer loop
      vertex -35.1421 67.4679 0
      vertex -17.5135 53.9011 0
      vertex -19.6162 53.172 0
    endloop
  endfacet
  facet normal 0 0 -1
    outer loop
      vertex -13.2305 55.1091 0
      vertex -20.4265 85.0824 0
      vertex -17.0704 85.8187 0
    endloop
  endfacet
  facet normal 0 0 -1
    outer loop
      vertex -35.1421 67.4679 0
      vertex -19.6162 53.172 0
      vertex -21.6886 52.3609 0
    endloop
  endfacet
  facet normal 0 0 -1
    outer loop
      vertex -35.1421 67.4679 0
      vertex -21.6886 52.3609 0
      vertex -23.7275 51.469 0
    endloop
  endfacet
  facet normal 0 0 -1
    outer loop
      vertex -15.3839 54.5471 0
      vertex -23.751 84.2148 0
      vertex -20.4265 85.0824 0
    endloop
  endfacet
  facet normal 0 0 -1
    outer loop
      vertex -35.1421 67.4679 0
      vertex -23.7275 51.469 0
      vertex -25.4287 50.6439 0
    endloop
  endfacet
  facet normal 0 0 -1
    outer loop
      vertex -15.3839 54.5471 0
      vertex -35.1421 67.4679 0
      vertex -23.751 84.2148 0
    endloop
  endfacet
  facet normal 0 0 -1
    outer loop
      vertex -23.751 84.2148 0
      vertex -35.1421 67.4679 0
      vertex -27.039 83.2174 0
    endloop
  endfacet
  facet normal 0 0 -1
    outer loop
      vertex -27.039 83.2174 0
      vertex -35.1421 67.4679 0
      vertex -30.2852 82.0917 0
    endloop
  endfacet
  facet normal 0 0 -1
    outer loop
      vertex -30.2852 82.0917 0
      vertex -35.1421 67.4679 0
      vertex -33.4848 80.8395 0
    endloop
  endfacet
  facet normal 0 0 -1
    outer loop
      vertex -36.6519 69.483 0
      vertex -35.1421 67.4679 0
      vertex -35.4019 67.3179 0
    endloop
  endfacet
  facet normal 0 0 -1
    outer loop
      vertex -35.1421 67.4679 0
      vertex -36.6519 69.483 0
      vertex -33.4848 80.8395 0
    endloop
  endfacet
  facet normal 0 0 -1
    outer loop
      vertex -33.4848 80.8395 0
      vertex -36.6519 69.483 0
      vertex -36.6327 79.4625 0
    endloop
  endfacet
  facet normal 0 0 -1
    outer loop
      vertex -36.6519 69.483 0
      vertex -39.7242 77.9631 0
      vertex -36.6327 79.4625 0
    endloop
  endfacet
  facet normal 0 0 -1
    outer loop
      vertex -42.7544 76.3434 0
      vertex -36.6519 69.483 0
      vertex -41.8481 66.483 0
    endloop
  endfacet
  facet normal 0 0 -1
    outer loop
      vertex -36.6519 69.483 0
      vertex -42.7544 76.3434 0
      vertex -39.7242 77.9631 0
    endloop
  endfacet
  facet normal 0 0 -1
    outer loop
      vertex -31.4869 47.1235 0
      vertex -40.8579 64.1679 0
      vertex -31.144 47.3431 0
    endloop
  endfacet
  facet normal 0 0 -1
    outer loop
      vertex -33.3127 45.851 0
      vertex -40.8579 64.1679 0
      vertex -31.4869 47.1235 0
    endloop
  endfacet
  facet normal 0 0 -1
    outer loop
      vertex -35.0872 44.5078 0
      vertex -40.8579 64.1679 0
      vertex -33.3127 45.851 0
    endloop
  endfacet
  facet normal 0 0 -1
    outer loop
      vertex -36.8075 43.096 0
      vertex -40.8579 64.1679 0
      vertex -35.0872 44.5078 0
    endloop
  endfacet
  facet normal 0 0 -1
    outer loop
      vertex -38.471 41.6177 0
      vertex -40.8579 64.1679 0
      vertex -36.8075 43.096 0
    endloop
  endfacet
  facet normal 0 0 -1
    outer loop
      vertex -40.0753 40.0753 0
      vertex -40.8579 64.1679 0
      vertex -38.471 41.6177 0
    endloop
  endfacet
  facet normal 0 0 -1
    outer loop
      vertex -61.8718 61.8718 0
      vertex -40.0753 40.0753 0
      vertex -41.6177 38.471 0
    endloop
  endfacet
  facet normal 0 0 -1
    outer loop
      vertex -40.8579 64.1679 0
      vertex -41.8481 66.483 0
      vertex -40.5981 64.3179 0
    endloop
  endfacet
  facet normal 0 0 -1
    outer loop
      vertex -40.0753 40.0753 0
      vertex -61.8718 61.8718 0
      vertex -40.8579 64.1679 0
    endloop
  endfacet
  facet normal 0 -0 -1
    outer loop
      vertex -56.8267 66.5355 0
      vertex -40.8579 64.1679 0
      vertex -59.3951 64.2532 0
    endloop
  endfacet
  facet normal 0 0 -1
    outer loop
      vertex -64.2532 59.3951 0
      vertex -41.6177 38.471 0
      vertex -43.096 36.8075 0
    endloop
  endfacet
  facet normal 0 0 -1
    outer loop
      vertex -66.5355 56.8267 0
      vertex -43.096 36.8075 0
      vertex -44.5078 35.0872 0
    endloop
  endfacet
  facet normal 0 0 -1
    outer loop
      vertex -41.8481 66.483 0
      vertex -45.7186 74.606 0
      vertex -42.7544 76.3434 0
    endloop
  endfacet
  facet normal 0 0 -1
    outer loop
      vertex -68.7152 54.1707 0
      vertex -44.5078 35.0872 0
      vertex -45.851 33.3127 0
    endloop
  endfacet
  facet normal 0 0 -1
    outer loop
      vertex -70.789 51.4312 0
      vertex -45.851 33.3127 0
      vertex -47.1235 31.4869 0
    endloop
  endfacet
  facet normal 0 0 -1
    outer loop
      vertex -72.7536 48.6124 0
      vertex -47.1235 31.4869 0
      vertex -48.3234 29.6126 0
    endloop
  endfacet
  facet normal 0 0 -1
    outer loop
      vertex -41.8481 66.483 0
      vertex -48.6124 72.7536 0
      vertex -45.7186 74.606 0
    endloop
  endfacet
  facet normal 0 0 -1
    outer loop
      vertex -74.606 45.7186 0
      vertex -48.3234 29.6126 0
      vertex -49.4487 27.6926 0
    endloop
  endfacet
  facet normal 0 0 -1
    outer loop
      vertex -76.3434 42.7544 0
      vertex -49.4487 27.6926 0
      vertex -50.4978 25.7299 0
    endloop
  endfacet
  facet normal 0 0 -1
    outer loop
      vertex -41.8481 66.483 0
      vertex -51.4312 70.789 0
      vertex -48.6124 72.7536 0
    endloop
  endfacet
  facet normal 0 0 -1
    outer loop
      vertex -77.9631 39.7242 0
      vertex -50.4978 25.7299 0
      vertex -51.469 23.7275 0
    endloop
  endfacet
  facet normal 0 0 -1
    outer loop
      vertex -79.4625 36.6327 0
      vertex -51.469 23.7275 0
      vertex -52.3609 21.6886 0
    endloop
  endfacet
  facet normal 0 0 -1
    outer loop
      vertex -80.8395 33.4848 0
      vertex -52.3609 21.6886 0
      vertex -53.172 19.6162 0
    endloop
  endfacet
  facet normal 0 0 -1
    outer loop
      vertex -82.0917 30.2852 0
      vertex -53.172 19.6162 0
      vertex -53.9011 17.5135 0
    endloop
  endfacet
  facet normal 0 0 -1
    outer loop
      vertex -41.8481 66.483 0
      vertex -54.1707 68.7152 0
      vertex -51.4312 70.789 0
    endloop
  endfacet
  facet normal 0 0 -1
    outer loop
      vertex -83.2174 27.039 0
      vertex -53.9011 17.5135 0
      vertex -54.5471 15.3839 0
    endloop
  endfacet
  facet normal 0 0 -1
    outer loop
      vertex -84.2148 23.751 0
      vertex -54.5471 15.3839 0
      vertex -55.1091 13.2305 0
    endloop
  endfacet
  facet normal 0 0 -1
    outer loop
      vertex -85.0824 20.4265 0
      vertex -55.1091 13.2305 0
      vertex -55.586 11.0567 0
    endloop
  endfacet
  facet normal 0 0 -1
    outer loop
      vertex -85.8187 17.0704 0
      vertex -55.586 11.0567 0
      vertex -55.9772 8.86592 0
    endloop
  endfacet
  facet normal 0 0 -1
    outer loop
      vertex -86.4227 13.688 0
      vertex -55.9772 8.86592 0
      vertex -56.2822 6.66143 0
    endloop
  endfacet
  facet normal 0 0 -1
    outer loop
      vertex -86.8935 10.2845 0
      vertex -56.2822 6.66143 0
      vertex -56.5003 4.44667 0
    endloop
  endfacet
  facet normal 0 0 -1
    outer loop
      vertex -87.2303 6.86517 0
      vertex -56.5003 4.44667 0
      vertex -56.6313 2.22505 0
    endloop
  endfacet
  facet normal 0 0 -1
    outer loop
      vertex -40.8579 64.1679 0
      vertex -54.1707 68.7152 0
      vertex -41.8481 66.483 0
    endloop
  endfacet
  facet normal 0 0 -1
    outer loop
      vertex -87.4325 3.43523 0
      vertex -56.6313 2.22505 0
      vertex -56.675 0 0
    endloop
  endfacet
  facet normal -0 0 -1
    outer loop
      vertex -51.469 -23.7275 0
      vertex -79.4625 -36.6327 0
      vertex -52.3609 -21.6886 0
    endloop
  endfacet
  facet normal 0 0 -1
    outer loop
      vertex -80.8395 -33.4848 0
      vertex -52.3609 -21.6886 0
      vertex -79.4625 -36.6327 0
    endloop
  endfacet
  facet normal 0 -0 -1
    outer loop
      vertex -54.1707 68.7152 0
      vertex -40.8579 64.1679 0
      vertex -56.8267 66.5355 0
    endloop
  endfacet
  facet normal -0 0 -1
    outer loop
      vertex -52.3609 -21.6886 0
      vertex -80.8395 -33.4848 0
      vertex -53.172 -19.6162 0
    endloop
  endfacet
  facet normal -0 0 -1
    outer loop
      vertex -40.8579 64.1679 0
      vertex -61.8718 61.8718 0
      vertex -59.3951 64.2532 0
    endloop
  endfacet
  facet normal 0 0 -1
    outer loop
      vertex -82.0917 -30.2852 0
      vertex -53.172 -19.6162 0
      vertex -80.8395 -33.4848 0
    endloop
  endfacet
  facet normal 0 0 -1
    outer loop
      vertex -41.6177 38.471 0
      vertex -64.2532 59.3951 0
      vertex -61.8718 61.8718 0
    endloop
  endfacet
  facet normal -0 0 -1
    outer loop
      vertex -53.172 -19.6162 0
      vertex -82.0917 -30.2852 0
      vertex -53.9011 -17.5135 0
    endloop
  endfacet
  facet normal 0 0 -1
    outer loop
      vertex -43.096 36.8075 0
      vertex -66.5355 56.8267 0
      vertex -64.2532 59.3951 0
    endloop
  endfacet
  facet normal 0 0 -1
    outer loop
      vertex -83.2174 -27.039 0
      vertex -53.9011 -17.5135 0
      vertex -82.0917 -30.2852 0
    endloop
  endfacet
  facet normal 0 0 -1
    outer loop
      vertex -44.5078 35.0872 0
      vertex -68.7152 54.1707 0
      vertex -66.5355 56.8267 0
    endloop
  endfacet
  facet normal -0 0 -1
    outer loop
      vertex -53.9011 -17.5135 0
      vertex -83.2174 -27.039 0
      vertex -54.5471 -15.3839 0
    endloop
  endfacet
  facet normal 0 0 -1
    outer loop
      vertex -45.851 33.3127 0
      vertex -70.789 51.4312 0
      vertex -68.7152 54.1707 0
    endloop
  endfacet
  facet normal 0 0 -1
    outer loop
      vertex -84.2148 -23.751 0
      vertex -54.5471 -15.3839 0
      vertex -83.2174 -27.039 0
    endloop
  endfacet
  facet normal 0 0 -1
    outer loop
      vertex -47.1235 31.4869 0
      vertex -72.7536 48.6124 0
      vertex -70.789 51.4312 0
    endloop
  endfacet
  facet normal -0 0 -1
    outer loop
      vertex -54.5471 -15.3839 0
      vertex -84.2148 -23.751 0
      vertex -55.1091 -13.2305 0
    endloop
  endfacet
  facet normal 0 0 -1
    outer loop
      vertex -48.3234 29.6126 0
      vertex -74.606 45.7186 0
      vertex -72.7536 48.6124 0
    endloop
  endfacet
  facet normal 0 0 -1
    outer loop
      vertex -85.0824 -20.4265 0
      vertex -55.1091 -13.2305 0
      vertex -84.2148 -23.751 0
    endloop
  endfacet
  facet normal 0 0 -1
    outer loop
      vertex -49.4487 27.6926 0
      vertex -76.3434 42.7544 0
      vertex -74.606 45.7186 0
    endloop
  endfacet
  facet normal -0 0 -1
    outer loop
      vertex -55.1091 -13.2305 0
      vertex -85.0824 -20.4265 0
      vertex -55.586 -11.0567 0
    endloop
  endfacet
  facet normal 0 0 -1
    outer loop
      vertex -50.4978 25.7299 0
      vertex -77.9631 39.7242 0
      vertex -76.3434 42.7544 0
    endloop
  endfacet
  facet normal 0 0 -1
    outer loop
      vertex -85.8187 -17.0704 0
      vertex -55.586 -11.0567 0
      vertex -85.0824 -20.4265 0
    endloop
  endfacet
  facet normal 0 0 -1
    outer loop
      vertex -51.469 23.7275 0
      vertex -79.4625 36.6327 0
      vertex -77.9631 39.7242 0
    endloop
  endfacet
  facet normal -0 0 -1
    outer loop
      vertex -55.586 -11.0567 0
      vertex -85.8187 -17.0704 0
      vertex -55.9772 -8.86592 0
    endloop
  endfacet
  facet normal 0 0 -1
    outer loop
      vertex -52.3609 21.6886 0
      vertex -80.8395 33.4848 0
      vertex -79.4625 36.6327 0
    endloop
  endfacet
  facet normal 0 0 -1
    outer loop
      vertex -86.4227 -13.688 0
      vertex -55.9772 -8.86592 0
      vertex -85.8187 -17.0704 0
    endloop
  endfacet
  facet normal 0 0 -1
    outer loop
      vertex -53.172 19.6162 0
      vertex -82.0917 30.2852 0
      vertex -80.8395 33.4848 0
    endloop
  endfacet
  facet normal -0 0 -1
    outer loop
      vertex -55.9772 -8.86592 0
      vertex -86.4227 -13.688 0
      vertex -56.2822 -6.66143 0
    endloop
  endfacet
  facet normal 0 0 -1
    outer loop
      vertex -53.9011 17.5135 0
      vertex -83.2174 27.039 0
      vertex -82.0917 30.2852 0
    endloop
  endfacet
  facet normal 0 0 -1
    outer loop
      vertex -86.8935 -10.2845 0
      vertex -56.2822 -6.66143 0
      vertex -86.4227 -13.688 0
    endloop
  endfacet
  facet normal 0 0 -1
    outer loop
      vertex -54.5471 15.3839 0
      vertex -84.2148 23.751 0
      vertex -83.2174 27.039 0
    endloop
  endfacet
  facet normal -0 0 -1
    outer loop
      vertex -56.2822 -6.66143 0
      vertex -86.8935 -10.2845 0
      vertex -56.5003 -4.44667 0
    endloop
  endfacet
  facet normal 0 0 -1
    outer loop
      vertex -55.1091 13.2305 0
      vertex -85.0824 20.4265 0
      vertex -84.2148 23.751 0
    endloop
  endfacet
  facet normal 0 0 -1
    outer loop
      vertex -87.2303 -6.86517 0
      vertex -56.5003 -4.44667 0
      vertex -86.8935 -10.2845 0
    endloop
  endfacet
  facet normal 0 0 -1
    outer loop
      vertex -55.586 11.0567 0
      vertex -85.8187 17.0704 0
      vertex -85.0824 20.4265 0
    endloop
  endfacet
  facet normal -0 0 -1
    outer loop
      vertex -56.5003 -4.44667 0
      vertex -87.2303 -6.86517 0
      vertex -56.6313 -2.22505 0
    endloop
  endfacet
  facet normal 0 0 -1
    outer loop
      vertex -55.9772 8.86592 0
      vertex -86.4227 13.688 0
      vertex -85.8187 17.0704 0
    endloop
  endfacet
  facet normal 0 0 -1
    outer loop
      vertex -87.4325 -3.43523 0
      vertex -56.6313 -2.22505 0
      vertex -87.2303 -6.86517 0
    endloop
  endfacet
  facet normal 0 0 -1
    outer loop
      vertex -56.2822 6.66143 0
      vertex -86.8935 10.2845 0
      vertex -86.4227 13.688 0
    endloop
  endfacet
  facet normal -0 0 -1
    outer loop
      vertex -56.6313 -2.22505 0
      vertex -87.4325 -3.43523 0
      vertex -56.675 0 0
    endloop
  endfacet
  facet normal 0 0 -1
    outer loop
      vertex -56.5003 4.44667 0
      vertex -87.2303 6.86517 0
      vertex -86.8935 10.2845 0
    endloop
  endfacet
  facet normal 0 0 -1
    outer loop
      vertex -87.5 0 0
      vertex -56.675 0 0
      vertex -87.4325 -3.43523 0
    endloop
  endfacet
  facet normal 0 0 -1
    outer loop
      vertex -56.6313 2.22505 0
      vertex -87.4325 3.43523 0
      vertex -87.2303 6.86517 0
    endloop
  endfacet
  facet normal 0 0 -1
    outer loop
      vertex -56.675 0 0
      vertex -87.5 0 0
      vertex -87.4325 3.43523 0
    endloop
  endfacet
  facet normal 0 0 -1
    outer loop
      vertex -41.8481 -66.483 0
      vertex -40.8579 -64.1679 0
      vertex -40.5981 -64.3179 0
    endloop
  endfacet
  facet normal 0 0 -1
    outer loop
      vertex -54.1707 -68.7152 0
      vertex -40.8579 -64.1679 0
      vertex -41.8481 -66.483 0
    endloop
  endfacet
  facet normal 0 0 -1
    outer loop
      vertex -45.7186 -74.606 0
      vertex -41.8481 -66.483 0
      vertex -42.7544 -76.3434 0
    endloop
  endfacet
  facet normal 0 0 -1
    outer loop
      vertex -48.6124 -72.7536 0
      vertex -41.8481 -66.483 0
      vertex -45.7186 -74.606 0
    endloop
  endfacet
  facet normal 0 0 -1
    outer loop
      vertex -51.4312 -70.789 0
      vertex -41.8481 -66.483 0
      vertex -48.6124 -72.7536 0
    endloop
  endfacet
  facet normal 0 0 -1
    outer loop
      vertex -54.1707 -68.7152 0
      vertex -41.8481 -66.483 0
      vertex -51.4312 -70.789 0
    endloop
  endfacet
  facet normal 0 0 -1
    outer loop
      vertex -40.8579 -64.1679 0
      vertex -54.1707 -68.7152 0
      vertex -56.8267 -66.5355 0
    endloop
  endfacet
  facet normal 0 0 -1
    outer loop
      vertex -59.3951 -64.2532 0
      vertex -40.8579 -64.1679 0
      vertex -56.8267 -66.5355 0
    endloop
  endfacet
  facet normal 0 0 -1
    outer loop
      vertex -40.8579 -64.1679 0
      vertex -61.8718 -61.8718 0
      vertex -40.0753 -40.0753 0
    endloop
  endfacet
  facet normal -0 0 -1
    outer loop
      vertex -40.0753 -40.0753 0
      vertex -61.8718 -61.8718 0
      vertex -41.6177 -38.471 0
    endloop
  endfacet
  facet normal 0 0 -1
    outer loop
      vertex -64.2532 -59.3951 0
      vertex -41.6177 -38.471 0
      vertex -61.8718 -61.8718 0
    endloop
  endfacet
  facet normal -0 0 -1
    outer loop
      vertex -41.6177 -38.471 0
      vertex -64.2532 -59.3951 0
      vertex -43.096 -36.8075 0
    endloop
  endfacet
  facet normal 0 0 -1
    outer loop
      vertex -66.5355 -56.8267 0
      vertex -43.096 -36.8075 0
      vertex -64.2532 -59.3951 0
    endloop
  endfacet
  facet normal -0 0 -1
    outer loop
      vertex -43.096 -36.8075 0
      vertex -66.5355 -56.8267 0
      vertex -44.5078 -35.0872 0
    endloop
  endfacet
  facet normal 0 0 -1
    outer loop
      vertex -68.7152 -54.1707 0
      vertex -44.5078 -35.0872 0
      vertex -66.5355 -56.8267 0
    endloop
  endfacet
  facet normal -0 0 -1
    outer loop
      vertex -44.5078 -35.0872 0
      vertex -68.7152 -54.1707 0
      vertex -45.851 -33.3127 0
    endloop
  endfacet
  facet normal 0 0 -1
    outer loop
      vertex -70.789 -51.4312 0
      vertex -45.851 -33.3127 0
      vertex -68.7152 -54.1707 0
    endloop
  endfacet
  facet normal -0 0 -1
    outer loop
      vertex -45.851 -33.3127 0
      vertex -70.789 -51.4312 0
      vertex -47.1235 -31.4869 0
    endloop
  endfacet
  facet normal 0 0 -1
    outer loop
      vertex -72.7536 -48.6124 0
      vertex -47.1235 -31.4869 0
      vertex -70.789 -51.4312 0
    endloop
  endfacet
  facet normal -0 0 -1
    outer loop
      vertex -47.1235 -31.4869 0
      vertex -72.7536 -48.6124 0
      vertex -48.3234 -29.6126 0
    endloop
  endfacet
  facet normal 0 0 -1
    outer loop
      vertex -74.606 -45.7186 0
      vertex -48.3234 -29.6126 0
      vertex -72.7536 -48.6124 0
    endloop
  endfacet
  facet normal -0 0 -1
    outer loop
      vertex -48.3234 -29.6126 0
      vertex -74.606 -45.7186 0
      vertex -49.4487 -27.6926 0
    endloop
  endfacet
  facet normal 0 0 -1
    outer loop
      vertex -76.3434 -42.7544 0
      vertex -49.4487 -27.6926 0
      vertex -74.606 -45.7186 0
    endloop
  endfacet
  facet normal -0 0 -1
    outer loop
      vertex -49.4487 -27.6926 0
      vertex -76.3434 -42.7544 0
      vertex -50.4978 -25.7299 0
    endloop
  endfacet
  facet normal 0 0 -1
    outer loop
      vertex -77.9631 -39.7242 0
      vertex -50.4978 -25.7299 0
      vertex -76.3434 -42.7544 0
    endloop
  endfacet
  facet normal 0 0 -1
    outer loop
      vertex -79.4625 -36.6327 0
      vertex -51.469 -23.7275 0
      vertex -77.9631 -39.7242 0
    endloop
  endfacet
  facet normal -0 0 -1
    outer loop
      vertex -50.4978 -25.7299 0
      vertex -77.9631 -39.7242 0
      vertex -51.469 -23.7275 0
    endloop
  endfacet
  facet normal 0 0 -1
    outer loop
      vertex -40.8579 -64.1679 0
      vertex -31.4869 -47.1235 0
      vertex -31.144 -47.3431 0
    endloop
  endfacet
  facet normal 0 0 -1
    outer loop
      vertex -40.8579 -64.1679 0
      vertex -33.3127 -45.851 0
      vertex -31.4869 -47.1235 0
    endloop
  endfacet
  facet normal 0 0 -1
    outer loop
      vertex -40.8579 -64.1679 0
      vertex -35.0872 -44.5078 0
      vertex -33.3127 -45.851 0
    endloop
  endfacet
  facet normal 0 0 -1
    outer loop
      vertex -40.8579 -64.1679 0
      vertex -36.8075 -43.096 0
      vertex -35.0872 -44.5078 0
    endloop
  endfacet
  facet normal 0 0 -1
    outer loop
      vertex -40.8579 -64.1679 0
      vertex -38.471 -41.6177 0
      vertex -36.8075 -43.096 0
    endloop
  endfacet
  facet normal 0 0 -1
    outer loop
      vertex -40.8579 -64.1679 0
      vertex -40.0753 -40.0753 0
      vertex -38.471 -41.6177 0
    endloop
  endfacet
  facet normal 0 0 -1
    outer loop
      vertex -61.8718 -61.8718 0
      vertex -40.8579 -64.1679 0
      vertex -59.3951 -64.2532 0
    endloop
  endfacet
  facet normal -0.290284 -0.956941 0
    outer loop
      vertex -27.039 -83.2174 0
      vertex -23.751 -84.2148 9.5
      vertex -27.039 -83.2174 9.5
    endloop
  endfacet
  facet normal -0.290284 -0.956941 -0
    outer loop
      vertex -23.751 -84.2148 9.5
      vertex -27.039 -83.2174 0
      vertex -23.751 -84.2148 0
    endloop
  endfacet
  facet normal -0.899758 -0.436389 0
    outer loop
      vertex -77.9631 -39.7242 0
      vertex -79.4625 -36.6327 9.5
      vertex -79.4625 -36.6327 0
    endloop
  endfacet
  facet normal -0.899758 -0.436389 0
    outer loop
      vertex -79.4625 -36.6327 9.5
      vertex -77.9631 -39.7242 0
      vertex -77.9631 -39.7242 9.5
    endloop
  endfacet
  facet normal 0.0196362 0.999807 -0
    outer loop
      vertex 0 -56.675 0
      vertex -2.22505 -56.6313 9.5
      vertex 0 -56.675 9.5
    endloop
  endfacet
  facet normal 0.0196362 0.999807 0
    outer loop
      vertex -2.22505 -56.6313 9.5
      vertex 0 -56.675 0
      vertex -2.22505 -56.6313 0
    endloop
  endfacet
  facet normal -0.603538 0.797334 0
    outer loop
      vertex 35.0872 -44.5078 0
      vertex 33.3127 -45.851 9.5
      vertex 35.0872 -44.5078 9.5
    endloop
  endfacet
  facet normal -0.603538 0.797334 0
    outer loop
      vertex 33.3127 -45.851 9.5
      vertex 35.0872 -44.5078 0
      vertex 33.3127 -45.851 0
    endloop
  endfacet
  facet normal 0.664272 -0.747491 0
    outer loop
      vertex -38.471 41.6177 0
      vertex -36.8075 43.096 9.5
      vertex -38.471 41.6177 9.5
    endloop
  endfacet
  facet normal 0.664272 -0.747491 0
    outer loop
      vertex -36.8075 43.096 9.5
      vertex -38.471 41.6177 0
      vertex -36.8075 43.096 0
    endloop
  endfacet
  facet normal -0.8422 0.539165 0
    outer loop
      vertex 47.1235 -31.4869 0
      vertex 48.3234 -29.6126 9.5
      vertex 48.3234 -29.6126 0
    endloop
  endfacet
  facet normal -0.8422 0.539165 0
    outer loop
      vertex 48.3234 -29.6126 9.5
      vertex 47.1235 -31.4869 0
      vertex 47.1235 -31.4869 9.5
    endloop
  endfacet
  facet normal -0.97677 0.214289 0
    outer loop
      vertex 55.1091 -13.2305 0
      vertex 55.586 -11.0567 9.5
      vertex 55.586 -11.0567 0
    endloop
  endfacet
  facet normal -0.97677 0.214289 0
    outer loop
      vertex 55.586 -11.0567 9.5
      vertex 55.1091 -13.2305 0
      vertex 55.1091 -13.2305 9.5
    endloop
  endfacet
  facet normal -0.862741 -0.505647 0
    outer loop
      vertex 49.4487 27.6926 0
      vertex 48.3234 29.6126 9.5
      vertex 48.3234 29.6126 0
    endloop
  endfacet
  facet normal -0.862741 -0.505647 0
    outer loop
      vertex 48.3234 29.6126 9.5
      vertex 49.4487 27.6926 0
      vertex 49.4487 27.6926 9.5
    endloop
  endfacet
  facet normal 0.773013 -0.63439 0
    outer loop
      vertex -44.5078 35.0872 9.5
      vertex -43.096 36.8075 0
      vertex -43.096 36.8075 9.5
    endloop
  endfacet
  facet normal 0.773013 -0.63439 0
    outer loop
      vertex -43.096 36.8075 0
      vertex -44.5078 35.0872 9.5
      vertex -44.5078 35.0872 0
    endloop
  endfacet
  facet normal -0.720877 0.693063 0
    outer loop
      vertex 40.0753 -40.0753 0
      vertex 41.6177 -38.471 9.5
      vertex 41.6177 -38.471 0
    endloop
  endfacet
  facet normal -0.720877 0.693063 0
    outer loop
      vertex 41.6177 -38.471 9.5
      vertex 40.0753 -40.0753 0
      vertex 40.0753 -40.0753 9.5
    endloop
  endfacet
  facet normal 0.137049 -0.990564 0
    outer loop
      vertex -8.86592 55.9772 0
      vertex -6.66143 56.2822 9.5
      vertex -8.86592 55.9772 9.5
    endloop
  endfacet
  facet normal 0.137049 -0.990564 0
    outer loop
      vertex -6.66143 56.2822 9.5
      vertex -8.86592 55.9772 0
      vertex -6.66143 56.2822 0
    endloop
  endfacet
  facet normal 0.63439 -0.773013 0
    outer loop
      vertex -36.8075 43.096 0
      vertex -35.0872 44.5078 9.5
      vertex -36.8075 43.096 9.5
    endloop
  endfacet
  facet normal 0.63439 -0.773013 0
    outer loop
      vertex -35.0872 44.5078 9.5
      vertex -36.8075 43.096 0
      vertex -35.0872 44.5078 0
    endloop
  endfacet
  facet normal 0.327609 -0.944813 0
    outer loop
      vertex -19.6162 53.172 0
      vertex -17.5135 53.9011 9.5
      vertex -19.6162 53.172 9.5
    endloop
  endfacet
  facet normal 0.327609 -0.944813 0
    outer loop
      vertex -17.5135 53.9011 9.5
      vertex -19.6162 53.172 0
      vertex -17.5135 53.9011 0
    endloop
  endfacet
  facet normal -0.956941 0.290282 0
    outer loop
      vertex 53.9011 -17.5135 0
      vertex 54.5471 -15.3839 9.5
      vertex 54.5471 -15.3839 0
    endloop
  endfacet
  facet normal -0.956941 0.290282 0
    outer loop
      vertex 54.5471 -15.3839 9.5
      vertex 53.9011 -17.5135 0
      vertex 53.9011 -17.5135 9.5
    endloop
  endfacet
  facet normal -0.290282 0.956941 0
    outer loop
      vertex 17.5135 -53.9011 0
      vertex 15.3839 -54.5471 9.5
      vertex 17.5135 -53.9011 9.5
    endloop
  endfacet
  facet normal -0.290282 0.956941 0
    outer loop
      vertex 15.3839 -54.5471 9.5
      vertex 17.5135 -53.9011 0
      vertex 15.3839 -54.5471 0
    endloop
  endfacet
  facet normal 0.0196362 -0.999807 0
    outer loop
      vertex -2.22505 56.6313 0
      vertex 0 56.675 9.5
      vertex -2.22505 56.6313 9.5
    endloop
  endfacet
  facet normal 0.0196362 -0.999807 0
    outer loop
      vertex 0 56.675 9.5
      vertex -2.22505 56.6313 0
      vertex 0 56.675 0
    endloop
  endfacet
  facet normal -0.0196362 0.999807 0
    outer loop
      vertex 2.22505 -56.6313 0
      vertex 0 -56.675 9.5
      vertex 2.22505 -56.6313 9.5
    endloop
  endfacet
  facet normal -0.0196362 0.999807 0
    outer loop
      vertex 0 -56.675 9.5
      vertex 2.22505 -56.6313 0
      vertex 0 -56.675 0
    endloop
  endfacet
  facet normal -0.0196362 -0.999807 0
    outer loop
      vertex 0 56.675 0
      vertex 2.22505 56.6313 9.5
      vertex 0 56.675 9.5
    endloop
  endfacet
  facet normal -0.0196362 -0.999807 -0
    outer loop
      vertex 2.22505 56.6313 9.5
      vertex 0 56.675 0
      vertex 2.22505 56.6313 0
    endloop
  endfacet
  facet normal 0.8422 -0.539165 0
    outer loop
      vertex -48.3234 29.6126 9.5
      vertex -47.1235 31.4869 0
      vertex -47.1235 31.4869 9.5
    endloop
  endfacet
  facet normal 0.8422 -0.539165 0
    outer loop
      vertex -47.1235 31.4869 0
      vertex -48.3234 29.6126 9.5
      vertex -48.3234 29.6126 0
    endloop
  endfacet
  facet normal 0.603538 0.797334 -0
    outer loop
      vertex -33.3127 -45.851 0
      vertex -35.0872 -44.5078 9.5
      vertex -33.3127 -45.851 9.5
    endloop
  endfacet
  facet normal 0.603538 0.797334 0
    outer loop
      vertex -35.0872 -44.5078 9.5
      vertex -33.3127 -45.851 0
      vertex -35.0872 -44.5078 0
    endloop
  endfacet
  facet normal -0.998267 -0.0588511 -0
    outer loop
      vertex 56.5679 3.3 3
      vertex 56.5003 4.44667 0
      vertex 56.5679 3.3 0
    endloop
  endfacet
  facet normal -0.998267 -0.0588511 0
    outer loop
      vertex 56.5003 4.44667 0
      vertex 56.5679 3.3 3
      vertex 56.5003 4.44667 9.5
    endloop
  endfacet
  facet normal -0.998265 -0.0588772 -0
    outer loop
      vertex 56.6313 2.22505 9.5
      vertex 56.5679 3.3 3
      vertex 56.6313 2.22505 3
    endloop
  endfacet
  facet normal -0.998266 -0.0588637 2.22998e-06
    outer loop
      vertex 56.5679 3.3 3
      vertex 56.6313 2.22505 9.5
      vertex 56.5003 4.44667 9.5
    endloop
  endfacet
  facet normal -0.400774 -0.916177 0
    outer loop
      vertex 21.6886 52.3609 0
      vertex 23.7275 51.469 9.5
      vertex 21.6886 52.3609 9.5
    endloop
  endfacet
  facet normal -0.400774 -0.916177 -0
    outer loop
      vertex 23.7275 51.469 9.5
      vertex 21.6886 52.3609 0
      vertex 23.7275 51.469 0
    endloop
  endfacet
  facet normal -0.137049 0.990564 0
    outer loop
      vertex 8.86592 -55.9772 0
      vertex 6.66143 -56.2822 9.5
      vertex 8.86592 -55.9772 9.5
    endloop
  endfacet
  facet normal -0.137049 0.990564 0
    outer loop
      vertex 6.66143 -56.2822 9.5
      vertex 8.86592 -55.9772 0
      vertex 6.66143 -56.2822 0
    endloop
  endfacet
  facet normal 0.505647 -0.862741 0
    outer loop
      vertex -29.6126 48.3234 3
      vertex -27.6926 49.4487 9.5
      vertex -29.6126 48.3234 9.5
    endloop
  endfacet
  facet normal 0.505647 -0.862741 0
    outer loop
      vertex -27.6926 49.4487 9.5
      vertex -29.6126 48.3234 3
      vertex -27.6926 49.4487 3
    endloop
  endfacet
  facet normal 0.175786 0.984428 -0
    outer loop
      vertex -8.86592 -55.9772 0
      vertex -11.0567 -55.586 9.5
      vertex -8.86592 -55.9772 9.5
    endloop
  endfacet
  facet normal 0.175786 0.984428 0
    outer loop
      vertex -11.0567 -55.586 9.5
      vertex -8.86592 -55.9772 0
      vertex -11.0567 -55.586 0
    endloop
  endfacet
  facet normal 0.881918 -0.471402 0
    outer loop
      vertex -50.4978 25.7299 9.5
      vertex -49.4487 27.6926 0
      vertex -49.4487 27.6926 9.5
    endloop
  endfacet
  facet normal 0.881918 -0.471402 0
    outer loop
      vertex -49.4487 27.6926 0
      vertex -50.4978 25.7299 9.5
      vertex -50.4978 25.7299 0
    endloop
  endfacet
  facet normal -0.999807 -0.0196362 0
    outer loop
      vertex 56.675 0 3
      vertex 56.6313 2.22505 9.5
      vertex 56.6313 2.22505 3
    endloop
  endfacet
  facet normal -0.999807 -0.0196362 0
    outer loop
      vertex 56.6313 2.22505 9.5
      vertex 56.675 0 3
      vertex 56.675 0 9.5
    endloop
  endfacet
  facet normal -0.944813 0.327609 0
    outer loop
      vertex 53.172 -19.6162 0
      vertex 53.9011 -17.5135 9.5
      vertex 53.9011 -17.5135 0
    endloop
  endfacet
  facet normal -0.944813 0.327609 0
    outer loop
      vertex 53.9011 -17.5135 9.5
      vertex 53.172 -19.6162 0
      vertex 53.172 -19.6162 9.5
    endloop
  endfacet
  facet normal -0.916177 0.400774 0
    outer loop
      vertex 51.469 -23.7275 0
      vertex 52.3609 -21.6886 9.5
      vertex 52.3609 -21.6886 0
    endloop
  endfacet
  facet normal -0.916177 0.400774 0
    outer loop
      vertex 52.3609 -21.6886 9.5
      vertex 51.469 -23.7275 0
      vertex 51.469 -23.7275 9.5
    endloop
  endfacet
  facet normal 0.693063 -0.720877 0
    outer loop
      vertex -40.0753 40.0753 0
      vertex -38.471 41.6177 9.5
      vertex -40.0753 40.0753 9.5
    endloop
  endfacet
  facet normal 0.693063 -0.720877 0
    outer loop
      vertex -38.471 41.6177 9.5
      vertex -40.0753 40.0753 0
      vertex -38.471 41.6177 0
    endloop
  endfacet
  facet normal 0.327609 0.944813 -0
    outer loop
      vertex -17.5135 -53.9011 0
      vertex -19.6162 -53.172 9.5
      vertex -17.5135 -53.9011 9.5
    endloop
  endfacet
  facet normal 0.327609 0.944813 0
    outer loop
      vertex -19.6162 -53.172 9.5
      vertex -17.5135 -53.9011 0
      vertex -19.6162 -53.172 0
    endloop
  endfacet
  facet normal -0.956941 -0.290282 0
    outer loop
      vertex 54.5471 15.3839 0
      vertex 53.9011 17.5135 9.5
      vertex 53.9011 17.5135 0
    endloop
  endfacet
  facet normal -0.956941 -0.290282 0
    outer loop
      vertex 53.9011 17.5135 9.5
      vertex 54.5471 15.3839 0
      vertex 54.5471 15.3839 9.5
    endloop
  endfacet
  facet normal 0.999807 0.0196362 0
    outer loop
      vertex -56.6313 -2.22505 9.5
      vertex -56.675 0 0
      vertex -56.675 0 9.5
    endloop
  endfacet
  facet normal 0.999807 0.0196362 0
    outer loop
      vertex -56.675 0 0
      vertex -56.6313 -2.22505 9.5
      vertex -56.6313 -2.22505 0
    endloop
  endfacet
  facet normal 0.862741 -0.505647 0
    outer loop
      vertex -49.4487 27.6926 9.5
      vertex -48.3234 29.6126 0
      vertex -48.3234 29.6126 9.5
    endloop
  endfacet
  facet normal 0.862741 -0.505647 0
    outer loop
      vertex -48.3234 29.6126 0
      vertex -49.4487 27.6926 9.5
      vertex -49.4487 27.6926 0
    endloop
  endfacet
  facet normal -0.290282 -0.956941 0
    outer loop
      vertex 15.3839 54.5471 0
      vertex 17.5135 53.9011 9.5
      vertex 15.3839 54.5471 9.5
    endloop
  endfacet
  facet normal -0.290282 -0.956941 -0
    outer loop
      vertex 17.5135 53.9011 9.5
      vertex 15.3839 54.5471 0
      vertex 17.5135 53.9011 0
    endloop
  endfacet
  facet normal -0.720877 -0.693063 0
    outer loop
      vertex 41.6177 38.471 0
      vertex 40.0753 40.0753 9.5
      vertex 40.0753 40.0753 0
    endloop
  endfacet
  facet normal -0.720877 -0.693063 0
    outer loop
      vertex 40.0753 40.0753 9.5
      vertex 41.6177 38.471 0
      vertex 41.6177 38.471 9.5
    endloop
  endfacet
  facet normal -0.175786 -0.984428 0
    outer loop
      vertex 8.86592 55.9772 0
      vertex 11.0567 55.586 9.5
      vertex 8.86592 55.9772 9.5
    endloop
  endfacet
  facet normal -0.175786 -0.984428 -0
    outer loop
      vertex 11.0567 55.586 9.5
      vertex 8.86592 55.9772 0
      vertex 11.0567 55.586 0
    endloop
  endfacet
  facet normal -0.967591 -0.252524 0
    outer loop
      vertex 55.1091 13.2305 0
      vertex 54.5471 15.3839 9.5
      vertex 54.5471 15.3839 0
    endloop
  endfacet
  facet normal -0.967591 -0.252524 0
    outer loop
      vertex 54.5471 15.3839 9.5
      vertex 55.1091 13.2305 0
      vertex 55.1091 13.2305 9.5
    endloop
  endfacet
  facet normal 0.944813 0.327609 0
    outer loop
      vertex -53.172 -19.6162 9.5
      vertex -53.9011 -17.5135 0
      vertex -53.9011 -17.5135 9.5
    endloop
  endfacet
  facet normal 0.944813 0.327609 0
    outer loop
      vertex -53.9011 -17.5135 0
      vertex -53.172 -19.6162 9.5
      vertex -53.172 -19.6162 0
    endloop
  endfacet
  facet normal -0.327609 0.944813 0
    outer loop
      vertex 19.6162 -53.172 0
      vertex 17.5135 -53.9011 9.5
      vertex 19.6162 -53.172 9.5
    endloop
  endfacet
  facet normal -0.327609 0.944813 0
    outer loop
      vertex 17.5135 -53.9011 9.5
      vertex 19.6162 -53.172 0
      vertex 17.5135 -53.9011 0
    endloop
  endfacet
  facet normal -0.797334 0.603538 0
    outer loop
      vertex 44.5078 -35.0872 0
      vertex 45.851 -33.3127 9.5
      vertex 45.851 -33.3127 0
    endloop
  endfacet
  facet normal -0.797334 0.603538 0
    outer loop
      vertex 45.851 -33.3127 9.5
      vertex 44.5078 -35.0872 0
      vertex 44.5078 -35.0872 9.5
    endloop
  endfacet
  facet normal 0.214289 -0.97677 0
    outer loop
      vertex -13.2305 55.1091 0
      vertex -11.0567 55.586 9.5
      vertex -13.2305 55.1091 9.5
    endloop
  endfacet
  facet normal 0.214289 -0.97677 0
    outer loop
      vertex -11.0567 55.586 9.5
      vertex -13.2305 55.1091 0
      vertex -11.0567 55.586 0
    endloop
  endfacet
  facet normal -0.820404 0.571784 0
    outer loop
      vertex 45.851 -33.3127 0
      vertex 47.1235 -31.4869 9.5
      vertex 47.1235 -31.4869 0
    endloop
  endfacet
  facet normal -0.820404 0.571784 0
    outer loop
      vertex 47.1235 -31.4869 9.5
      vertex 45.851 -33.3127 0
      vertex 45.851 -33.3127 9.5
    endloop
  endfacet
  facet normal -0.995186 0.0980016 0
    outer loop
      vertex 56.2822 -6.66143 0
      vertex 56.5003 -4.44667 9.5
      vertex 56.5003 -4.44667 0
    endloop
  endfacet
  facet normal -0.995186 0.0980016 0
    outer loop
      vertex 56.5003 -4.44667 9.5
      vertex 56.2822 -6.66143 0
      vertex 56.2822 -6.66143 9.5
    endloop
  endfacet
  facet normal 0.995186 0.0980016 0
    outer loop
      vertex -56.2822 -6.66143 9.5
      vertex -56.5003 -4.44667 0
      vertex -56.5003 -4.44667 9.5
    endloop
  endfacet
  facet normal 0.995186 0.0980016 0
    outer loop
      vertex -56.5003 -4.44667 0
      vertex -56.2822 -6.66143 9.5
      vertex -56.2822 -6.66143 0
    endloop
  endfacet
  facet normal -0.505647 -0.862741 0
    outer loop
      vertex 27.6926 49.4487 0
      vertex 29.6126 48.3234 9.5
      vertex 27.6926 49.4487 9.5
    endloop
  endfacet
  facet normal -0.505647 -0.862741 -0
    outer loop
      vertex 29.6126 48.3234 9.5
      vertex 27.6926 49.4487 0
      vertex 29.6126 48.3234 0
    endloop
  endfacet
  facet normal -0.97677 -0.214289 0
    outer loop
      vertex 55.586 11.0567 0
      vertex 55.1091 13.2305 9.5
      vertex 55.1091 13.2305 0
    endloop
  endfacet
  facet normal -0.97677 -0.214289 0
    outer loop
      vertex 55.1091 13.2305 9.5
      vertex 55.586 11.0567 0
      vertex 55.586 11.0567 9.5
    endloop
  endfacet
  facet normal -0.995186 -0.0980016 0
    outer loop
      vertex 56.5003 4.44667 0
      vertex 56.2822 6.66143 9.5
      vertex 56.2822 6.66143 0
    endloop
  endfacet
  facet normal -0.995186 -0.0980016 0
    outer loop
      vertex 56.2822 6.66143 9.5
      vertex 56.5003 4.44667 0
      vertex 56.5003 4.44667 9.5
    endloop
  endfacet
  facet normal 0.998266 -0.0588637 0
    outer loop
      vertex -56.6313 2.22505 9.5
      vertex -56.5003 4.44667 0
      vertex -56.5003 4.44667 9.5
    endloop
  endfacet
  facet normal 0.998266 -0.0588637 0
    outer loop
      vertex -56.5003 4.44667 0
      vertex -56.6313 2.22505 9.5
      vertex -56.6313 2.22505 0
    endloop
  endfacet
  facet normal 0.984428 -0.175786 0
    outer loop
      vertex -55.9772 8.86592 9.5
      vertex -55.586 11.0567 0
      vertex -55.586 11.0567 9.5
    endloop
  endfacet
  facet normal 0.984428 -0.175786 0
    outer loop
      vertex -55.586 11.0567 0
      vertex -55.9772 8.86592 9.5
      vertex -55.9772 8.86592 0
    endloop
  endfacet
  facet normal 0.8422 0.539165 0
    outer loop
      vertex -47.1235 -31.4869 9.5
      vertex -48.3234 -29.6126 0
      vertex -48.3234 -29.6126 9.5
    endloop
  endfacet
  facet normal 0.8422 0.539165 0
    outer loop
      vertex -48.3234 -29.6126 0
      vertex -47.1235 -31.4869 9.5
      vertex -47.1235 -31.4869 0
    endloop
  endfacet
  facet normal 0.956941 0.290282 0
    outer loop
      vertex -53.9011 -17.5135 9.5
      vertex -54.5471 -15.3839 0
      vertex -54.5471 -15.3839 9.5
    endloop
  endfacet
  facet normal 0.956941 0.290282 0
    outer loop
      vertex -54.5471 -15.3839 0
      vertex -53.9011 -17.5135 9.5
      vertex -53.9011 -17.5135 0
    endloop
  endfacet
  facet normal -0.881918 -0.471402 0
    outer loop
      vertex 50.4978 25.7299 0
      vertex 49.4487 27.6926 9.5
      vertex 49.4487 27.6926 0
    endloop
  endfacet
  facet normal -0.881918 -0.471402 0
    outer loop
      vertex 49.4487 27.6926 9.5
      vertex 50.4978 25.7299 0
      vertex 50.4978 25.7299 9.5
    endloop
  endfacet
  facet normal -0.916177 -0.400774 0
    outer loop
      vertex 52.3609 21.6886 0
      vertex 51.469 23.7275 9.5
      vertex 51.469 23.7275 0
    endloop
  endfacet
  facet normal -0.916177 -0.400774 0
    outer loop
      vertex 51.469 23.7275 9.5
      vertex 52.3609 21.6886 0
      vertex 52.3609 21.6886 9.5
    endloop
  endfacet
  facet normal 0.862741 0.505647 0
    outer loop
      vertex -48.3234 -29.6126 9.5
      vertex -49.4487 -27.6926 0
      vertex -49.4487 -27.6926 9.5
    endloop
  endfacet
  facet normal 0.862741 0.505647 0
    outer loop
      vertex -49.4487 -27.6926 0
      vertex -48.3234 -29.6126 9.5
      vertex -48.3234 -29.6126 0
    endloop
  endfacet
  facet normal -0.693063 -0.720877 0
    outer loop
      vertex 38.471 41.6177 0
      vertex 40.0753 40.0753 9.5
      vertex 38.471 41.6177 9.5
    endloop
  endfacet
  facet normal -0.693063 -0.720877 -0
    outer loop
      vertex 40.0753 40.0753 9.5
      vertex 38.471 41.6177 0
      vertex 40.0753 40.0753 0
    endloop
  endfacet
  facet normal 0.998266 0.0588637 0
    outer loop
      vertex -56.5003 -4.44667 9.5
      vertex -56.6313 -2.22505 0
      vertex -56.6313 -2.22505 9.5
    endloop
  endfacet
  facet normal 0.998266 0.0588637 0
    outer loop
      vertex -56.6313 -2.22505 0
      vertex -56.5003 -4.44667 9.5
      vertex -56.5003 -4.44667 0
    endloop
  endfacet
  facet normal 0.916177 0.400774 0
    outer loop
      vertex -51.469 -23.7275 9.5
      vertex -52.3609 -21.6886 0
      vertex -52.3609 -21.6886 9.5
    endloop
  endfacet
  facet normal 0.916177 0.400774 0
    outer loop
      vertex -52.3609 -21.6886 0
      vertex -51.469 -23.7275 9.5
      vertex -51.469 -23.7275 0
    endloop
  endfacet
  facet normal -0.571784 -0.820404 0
    outer loop
      vertex 31.4869 47.1235 0
      vertex 33.3127 45.851 9.5
      vertex 31.4869 47.1235 9.5
    endloop
  endfacet
  facet normal -0.571784 -0.820404 -0
    outer loop
      vertex 33.3127 45.851 9.5
      vertex 31.4869 47.1235 0
      vertex 33.3127 45.851 0
    endloop
  endfacet
  facet normal -0.539165 -0.8422 0
    outer loop
      vertex 29.6126 48.3234 0
      vertex 31.4869 47.1235 9.5
      vertex 29.6126 48.3234 9.5
    endloop
  endfacet
  facet normal -0.539165 -0.8422 -0
    outer loop
      vertex 31.4869 47.1235 9.5
      vertex 29.6126 48.3234 0
      vertex 31.4869 47.1235 0
    endloop
  endfacet
  facet normal -0.327609 -0.944813 0
    outer loop
      vertex 17.5135 53.9011 0
      vertex 19.6162 53.172 9.5
      vertex 17.5135 53.9011 9.5
    endloop
  endfacet
  facet normal -0.327609 -0.944813 -0
    outer loop
      vertex 19.6162 53.172 9.5
      vertex 17.5135 53.9011 0
      vertex 19.6162 53.172 0
    endloop
  endfacet
  facet normal -0.175786 0.984428 0
    outer loop
      vertex 11.0567 -55.586 0
      vertex 8.86592 -55.9772 9.5
      vertex 11.0567 -55.586 9.5
    endloop
  endfacet
  facet normal -0.175786 0.984428 0
    outer loop
      vertex 8.86592 -55.9772 9.5
      vertex 11.0567 -55.586 0
      vertex 8.86592 -55.9772 0
    endloop
  endfacet
  facet normal -0.984428 -0.175786 0
    outer loop
      vertex 55.9772 8.86592 0
      vertex 55.586 11.0567 9.5
      vertex 55.586 11.0567 0
    endloop
  endfacet
  facet normal -0.984428 -0.175786 0
    outer loop
      vertex 55.586 11.0567 9.5
      vertex 55.9772 8.86592 0
      vertex 55.9772 8.86592 9.5
    endloop
  endfacet
  facet normal -0.137049 -0.990564 0
    outer loop
      vertex 6.66143 56.2822 0
      vertex 8.86592 55.9772 9.5
      vertex 6.66143 56.2822 9.5
    endloop
  endfacet
  facet normal -0.137049 -0.990564 -0
    outer loop
      vertex 8.86592 55.9772 9.5
      vertex 6.66143 56.2822 0
      vertex 8.86592 55.9772 0
    endloop
  endfacet
  facet normal 0.984428 0.175786 0
    outer loop
      vertex -55.586 -11.0567 9.5
      vertex -55.9772 -8.86592 0
      vertex -55.9772 -8.86592 9.5
    endloop
  endfacet
  facet normal 0.984428 0.175786 0
    outer loop
      vertex -55.9772 -8.86592 0
      vertex -55.586 -11.0567 9.5
      vertex -55.586 -11.0567 0
    endloop
  endfacet
  facet normal 0.967591 0.252524 0
    outer loop
      vertex -54.5471 -15.3839 9.5
      vertex -55.1091 -13.2305 0
      vertex -55.1091 -13.2305 9.5
    endloop
  endfacet
  facet normal 0.967591 0.252524 0
    outer loop
      vertex -55.1091 -13.2305 0
      vertex -54.5471 -15.3839 9.5
      vertex -54.5471 -15.3839 0
    endloop
  endfacet
  facet normal -0.931218 0.364462 0
    outer loop
      vertex 52.3609 -21.6886 0
      vertex 53.172 -19.6162 9.5
      vertex 53.172 -19.6162 0
    endloop
  endfacet
  facet normal -0.931218 0.364462 0
    outer loop
      vertex 53.172 -19.6162 9.5
      vertex 52.3609 -21.6886 0
      vertex 52.3609 -21.6886 9.5
    endloop
  endfacet
  facet normal 0.63439 0.773013 -0
    outer loop
      vertex -35.0872 -44.5078 0
      vertex -36.8075 -43.096 9.5
      vertex -35.0872 -44.5078 9.5
    endloop
  endfacet
  facet normal 0.63439 0.773013 0
    outer loop
      vertex -36.8075 -43.096 9.5
      vertex -35.0872 -44.5078 0
      vertex -36.8075 -43.096 0
    endloop
  endfacet
  facet normal 0.747491 0.664272 0
    outer loop
      vertex -41.6177 -38.471 9.5
      vertex -43.096 -36.8075 0
      vertex -43.096 -36.8075 9.5
    endloop
  endfacet
  facet normal 0.747491 0.664272 0
    outer loop
      vertex -43.096 -36.8075 0
      vertex -41.6177 -38.471 9.5
      vertex -41.6177 -38.471 0
    endloop
  endfacet
  facet normal -0.693063 0.720877 0
    outer loop
      vertex 40.0753 -40.0753 0
      vertex 38.471 -41.6177 9.5
      vertex 40.0753 -40.0753 9.5
    endloop
  endfacet
  facet normal -0.693063 0.720877 0
    outer loop
      vertex 38.471 -41.6177 9.5
      vertex 40.0753 -40.0753 0
      vertex 38.471 -41.6177 0
    endloop
  endfacet
  facet normal -0.0980016 0.995186 0
    outer loop
      vertex 6.66143 -56.2822 0
      vertex 4.44667 -56.5003 9.5
      vertex 6.66143 -56.2822 9.5
    endloop
  endfacet
  facet normal -0.0980016 0.995186 0
    outer loop
      vertex 4.44667 -56.5003 9.5
      vertex 6.66143 -56.2822 0
      vertex 4.44667 -56.5003 0
    endloop
  endfacet
  facet normal 0.720877 0.693063 0
    outer loop
      vertex -40.0753 -40.0753 9.5
      vertex -41.6177 -38.471 0
      vertex -41.6177 -38.471 9.5
    endloop
  endfacet
  facet normal 0.720877 0.693063 0
    outer loop
      vertex -41.6177 -38.471 0
      vertex -40.0753 -40.0753 9.5
      vertex -40.0753 -40.0753 0
    endloop
  endfacet
  facet normal 0.990564 -0.137049 0
    outer loop
      vertex -56.2822 6.66143 9.5
      vertex -55.9772 8.86592 0
      vertex -55.9772 8.86592 9.5
    endloop
  endfacet
  facet normal 0.990564 -0.137049 0
    outer loop
      vertex -55.9772 8.86592 0
      vertex -56.2822 6.66143 9.5
      vertex -56.2822 6.66143 0
    endloop
  endfacet
  facet normal 0.999807 -0.0196362 0
    outer loop
      vertex -56.675 0 9.5
      vertex -56.6313 2.22505 0
      vertex -56.6313 2.22505 9.5
    endloop
  endfacet
  facet normal 0.999807 -0.0196362 0
    outer loop
      vertex -56.6313 2.22505 0
      vertex -56.675 0 9.5
      vertex -56.675 0 0
    endloop
  endfacet
  facet normal 0.252524 -0.967591 0
    outer loop
      vertex -15.3839 54.5471 0
      vertex -13.2305 55.1091 9.5
      vertex -15.3839 54.5471 9.5
    endloop
  endfacet
  facet normal 0.252524 -0.967591 0
    outer loop
      vertex -13.2305 55.1091 9.5
      vertex -15.3839 54.5471 0
      vertex -13.2305 55.1091 0
    endloop
  endfacet
  facet normal 0.400774 -0.916177 0
    outer loop
      vertex -23.7275 51.469 0
      vertex -21.6886 52.3609 9.5
      vertex -23.7275 51.469 9.5
    endloop
  endfacet
  facet normal 0.400774 -0.916177 0
    outer loop
      vertex -21.6886 52.3609 9.5
      vertex -23.7275 51.469 0
      vertex -21.6886 52.3609 0
    endloop
  endfacet
  facet normal 0.931218 -0.364462 0
    outer loop
      vertex -53.172 19.6162 9.5
      vertex -52.3609 21.6886 0
      vertex -52.3609 21.6886 9.5
    endloop
  endfacet
  facet normal 0.931218 -0.364462 0
    outer loop
      vertex -52.3609 21.6886 0
      vertex -53.172 19.6162 9.5
      vertex -53.172 19.6162 0
    endloop
  endfacet
  facet normal 0.97677 -0.214289 0
    outer loop
      vertex -55.586 11.0567 9.5
      vertex -55.1091 13.2305 0
      vertex -55.1091 13.2305 9.5
    endloop
  endfacet
  facet normal 0.97677 -0.214289 0
    outer loop
      vertex -55.1091 13.2305 0
      vertex -55.586 11.0567 9.5
      vertex -55.586 11.0567 0
    endloop
  endfacet
  facet normal 0.820404 0.571784 0
    outer loop
      vertex -45.851 -33.3127 9.5
      vertex -47.1235 -31.4869 0
      vertex -47.1235 -31.4869 9.5
    endloop
  endfacet
  facet normal 0.820404 0.571784 0
    outer loop
      vertex -47.1235 -31.4869 0
      vertex -45.851 -33.3127 9.5
      vertex -45.851 -33.3127 0
    endloop
  endfacet
  facet normal -0.364462 0.931218 0
    outer loop
      vertex 21.6886 -52.3609 0
      vertex 19.6162 -53.172 9.5
      vertex 21.6886 -52.3609 9.5
    endloop
  endfacet
  facet normal -0.364462 0.931218 0
    outer loop
      vertex 19.6162 -53.172 9.5
      vertex 21.6886 -52.3609 0
      vertex 19.6162 -53.172 0
    endloop
  endfacet
  facet normal 0.471402 -0.881918 0
    outer loop
      vertex -27.6926 49.4487 3
      vertex -25.7299 50.4978 9.5
      vertex -27.6926 49.4487 9.5
    endloop
  endfacet
  facet normal 0.471402 -0.881918 0
    outer loop
      vertex -25.7299 50.4978 9.5
      vertex -27.6926 49.4487 3
      vertex -25.7299 50.4978 3
    endloop
  endfacet
  facet normal -0.773013 -0.63439 0
    outer loop
      vertex 44.5078 35.0872 0
      vertex 43.096 36.8075 9.5
      vertex 43.096 36.8075 0
    endloop
  endfacet
  facet normal -0.773013 -0.63439 0
    outer loop
      vertex 43.096 36.8075 9.5
      vertex 44.5078 35.0872 0
      vertex 44.5078 35.0872 9.5
    endloop
  endfacet
  facet normal 0.944813 -0.327609 0
    outer loop
      vertex -53.9011 17.5135 9.5
      vertex -53.172 19.6162 0
      vertex -53.172 19.6162 9.5
    endloop
  endfacet
  facet normal 0.944813 -0.327609 0
    outer loop
      vertex -53.172 19.6162 0
      vertex -53.9011 17.5135 9.5
      vertex -53.9011 17.5135 0
    endloop
  endfacet
  facet normal -0.0588637 0.998266 0
    outer loop
      vertex 4.44667 -56.5003 0
      vertex 2.22505 -56.6313 9.5
      vertex 4.44667 -56.5003 9.5
    endloop
  endfacet
  facet normal -0.0588637 0.998266 0
    outer loop
      vertex 2.22505 -56.6313 9.5
      vertex 4.44667 -56.5003 0
      vertex 2.22505 -56.6313 0
    endloop
  endfacet
  facet normal 0.797334 -0.603538 0
    outer loop
      vertex -45.851 33.3127 9.5
      vertex -44.5078 35.0872 0
      vertex -44.5078 35.0872 9.5
    endloop
  endfacet
  facet normal 0.797334 -0.603538 0
    outer loop
      vertex -44.5078 35.0872 0
      vertex -45.851 33.3127 9.5
      vertex -45.851 33.3127 0
    endloop
  endfacet
  facet normal -0.364462 -0.931218 0
    outer loop
      vertex 19.6162 53.172 0
      vertex 21.6886 52.3609 9.5
      vertex 19.6162 53.172 9.5
    endloop
  endfacet
  facet normal -0.364462 -0.931218 -0
    outer loop
      vertex 21.6886 52.3609 9.5
      vertex 19.6162 53.172 0
      vertex 21.6886 52.3609 0
    endloop
  endfacet
  facet normal -0.664272 -0.747491 0
    outer loop
      vertex 36.8075 43.096 0
      vertex 38.471 41.6177 9.5
      vertex 36.8075 43.096 9.5
    endloop
  endfacet
  facet normal -0.664272 -0.747491 -0
    outer loop
      vertex 38.471 41.6177 9.5
      vertex 36.8075 43.096 0
      vertex 38.471 41.6177 0
    endloop
  endfacet
  facet normal 0.175786 -0.984428 0
    outer loop
      vertex -11.0567 55.586 0
      vertex -8.86592 55.9772 9.5
      vertex -11.0567 55.586 9.5
    endloop
  endfacet
  facet normal 0.175786 -0.984428 0
    outer loop
      vertex -8.86592 55.9772 9.5
      vertex -11.0567 55.586 0
      vertex -8.86592 55.9772 0
    endloop
  endfacet
  facet normal -0.899754 -0.436397 0
    outer loop
      vertex 51.469 23.7275 0
      vertex 50.4978 25.7299 9.5
      vertex 50.4978 25.7299 0
    endloop
  endfacet
  facet normal -0.899754 -0.436397 0
    outer loop
      vertex 50.4978 25.7299 9.5
      vertex 51.469 23.7275 0
      vertex 51.469 23.7275 9.5
    endloop
  endfacet
  facet normal -0.984428 0.175786 0
    outer loop
      vertex 55.586 -11.0567 0
      vertex 55.9772 -8.86592 9.5
      vertex 55.9772 -8.86592 0
    endloop
  endfacet
  facet normal -0.984428 0.175786 0
    outer loop
      vertex 55.9772 -8.86592 9.5
      vertex 55.586 -11.0567 0
      vertex 55.586 -11.0567 9.5
    endloop
  endfacet
  facet normal -0.400774 0.916177 0
    outer loop
      vertex 23.7275 -51.469 0
      vertex 21.6886 -52.3609 9.5
      vertex 23.7275 -51.469 9.5
    endloop
  endfacet
  facet normal -0.400774 0.916177 0
    outer loop
      vertex 21.6886 -52.3609 9.5
      vertex 23.7275 -51.469 0
      vertex 21.6886 -52.3609 0
    endloop
  endfacet
  facet normal -0.8422 -0.539165 0
    outer loop
      vertex 48.3234 29.6126 0
      vertex 47.1235 31.4869 9.5
      vertex 47.1235 31.4869 0
    endloop
  endfacet
  facet normal -0.8422 -0.539165 0
    outer loop
      vertex 47.1235 31.4869 9.5
      vertex 48.3234 29.6126 0
      vertex 48.3234 29.6126 9.5
    endloop
  endfacet
  facet normal 0.97677 0.214289 0
    outer loop
      vertex -55.1091 -13.2305 9.5
      vertex -55.586 -11.0567 0
      vertex -55.586 -11.0567 9.5
    endloop
  endfacet
  facet normal 0.97677 0.214289 0
    outer loop
      vertex -55.586 -11.0567 0
      vertex -55.1091 -13.2305 9.5
      vertex -55.1091 -13.2305 0
    endloop
  endfacet
  facet normal -0.747491 -0.664272 0
    outer loop
      vertex 43.096 36.8075 0
      vertex 41.6177 38.471 9.5
      vertex 41.6177 38.471 0
    endloop
  endfacet
  facet normal -0.747491 -0.664272 0
    outer loop
      vertex 41.6177 38.471 9.5
      vertex 43.096 36.8075 0
      vertex 43.096 36.8075 9.5
    endloop
  endfacet
  facet normal -0.214289 0.97677 0
    outer loop
      vertex 13.2305 -55.1091 0
      vertex 11.0567 -55.586 9.5
      vertex 13.2305 -55.1091 9.5
    endloop
  endfacet
  facet normal -0.214289 0.97677 0
    outer loop
      vertex 11.0567 -55.586 9.5
      vertex 13.2305 -55.1091 0
      vertex 11.0567 -55.586 0
    endloop
  endfacet
  facet normal 0.956941 -0.290282 0
    outer loop
      vertex -54.5471 15.3839 9.5
      vertex -53.9011 17.5135 0
      vertex -53.9011 17.5135 9.5
    endloop
  endfacet
  facet normal 0.956941 -0.290282 0
    outer loop
      vertex -53.9011 17.5135 0
      vertex -54.5471 15.3839 9.5
      vertex -54.5471 15.3839 0
    endloop
  endfacet
  facet normal -0.505647 0.862741 0
    outer loop
      vertex 29.6126 -48.3234 0
      vertex 27.6926 -49.4487 9.5
      vertex 29.6126 -48.3234 9.5
    endloop
  endfacet
  facet normal -0.505647 0.862741 0
    outer loop
      vertex 27.6926 -49.4487 9.5
      vertex 29.6126 -48.3234 0
      vertex 27.6926 -49.4487 0
    endloop
  endfacet
  facet normal -0.998267 0.0588511 0
    outer loop
      vertex 56.5679 -3.3 0
      vertex 56.5003 -4.44667 0
      vertex 56.5679 -3.3 3
    endloop
  endfacet
  facet normal -0.998265 0.0588772 0
    outer loop
      vertex 56.5679 -3.3 3
      vertex 56.6313 -2.22505 9.5
      vertex 56.6313 -2.22505 3
    endloop
  endfacet
  facet normal -0.998267 0.0588511 0
    outer loop
      vertex 56.5003 -4.44667 9.5
      vertex 56.5679 -3.3 3
      vertex 56.5003 -4.44667 0
    endloop
  endfacet
  facet normal -0.998266 0.0588637 2.22998e-06
    outer loop
      vertex 56.5679 -3.3 3
      vertex 56.5003 -4.44667 9.5
      vertex 56.6313 -2.22505 9.5
    endloop
  endfacet
  facet normal 0.364462 -0.931218 0
    outer loop
      vertex -21.6886 52.3609 0
      vertex -19.6162 53.172 9.5
      vertex -21.6886 52.3609 9.5
    endloop
  endfacet
  facet normal 0.364462 -0.931218 0
    outer loop
      vertex -19.6162 53.172 9.5
      vertex -21.6886 52.3609 0
      vertex -19.6162 53.172 0
    endloop
  endfacet
  facet normal 0.720877 -0.693063 0
    outer loop
      vertex -41.6177 38.471 9.5
      vertex -40.0753 40.0753 0
      vertex -40.0753 40.0753 9.5
    endloop
  endfacet
  facet normal 0.720877 -0.693063 0
    outer loop
      vertex -40.0753 40.0753 0
      vertex -41.6177 38.471 9.5
      vertex -41.6177 38.471 0
    endloop
  endfacet
  facet normal 0.290282 0.956941 -0
    outer loop
      vertex -15.3839 -54.5471 0
      vertex -17.5135 -53.9011 9.5
      vertex -15.3839 -54.5471 9.5
    endloop
  endfacet
  facet normal 0.290282 0.956941 0
    outer loop
      vertex -17.5135 -53.9011 9.5
      vertex -15.3839 -54.5471 0
      vertex -17.5135 -53.9011 0
    endloop
  endfacet
  facet normal -0.747491 0.664272 0
    outer loop
      vertex 41.6177 -38.471 0
      vertex 43.096 -36.8075 9.5
      vertex 43.096 -36.8075 0
    endloop
  endfacet
  facet normal -0.747491 0.664272 0
    outer loop
      vertex 43.096 -36.8075 9.5
      vertex 41.6177 -38.471 0
      vertex 41.6177 -38.471 9.5
    endloop
  endfacet
  facet normal -0.944813 -0.327609 0
    outer loop
      vertex 53.9011 17.5135 0
      vertex 53.172 19.6162 9.5
      vertex 53.172 19.6162 0
    endloop
  endfacet
  facet normal -0.944813 -0.327609 0
    outer loop
      vertex 53.172 19.6162 9.5
      vertex 53.9011 17.5135 0
      vertex 53.9011 17.5135 9.5
    endloop
  endfacet
  facet normal -0.539165 0.8422 0
    outer loop
      vertex 31.4869 -47.1235 0
      vertex 29.6126 -48.3234 9.5
      vertex 31.4869 -47.1235 9.5
    endloop
  endfacet
  facet normal -0.539165 0.8422 0
    outer loop
      vertex 29.6126 -48.3234 9.5
      vertex 31.4869 -47.1235 0
      vertex 29.6126 -48.3234 0
    endloop
  endfacet
  facet normal 0.899754 0.436397 0
    outer loop
      vertex -50.4978 -25.7299 9.5
      vertex -51.469 -23.7275 0
      vertex -51.469 -23.7275 9.5
    endloop
  endfacet
  facet normal 0.899754 0.436397 0
    outer loop
      vertex -51.469 -23.7275 0
      vertex -50.4978 -25.7299 9.5
      vertex -50.4978 -25.7299 0
    endloop
  endfacet
  facet normal 0.693063 0.720877 -0
    outer loop
      vertex -38.471 -41.6177 0
      vertex -40.0753 -40.0753 9.5
      vertex -38.471 -41.6177 9.5
    endloop
  endfacet
  facet normal 0.693063 0.720877 0
    outer loop
      vertex -40.0753 -40.0753 9.5
      vertex -38.471 -41.6177 0
      vertex -40.0753 -40.0753 0
    endloop
  endfacet
  facet normal 0.364462 0.931218 -0
    outer loop
      vertex -19.6162 -53.172 0
      vertex -21.6886 -52.3609 9.5
      vertex -19.6162 -53.172 9.5
    endloop
  endfacet
  facet normal 0.364462 0.931218 0
    outer loop
      vertex -21.6886 -52.3609 9.5
      vertex -19.6162 -53.172 0
      vertex -21.6886 -52.3609 0
    endloop
  endfacet
  facet normal -0.471402 -0.881918 0
    outer loop
      vertex 25.7299 50.4978 0
      vertex 27.6926 49.4487 9.5
      vertex 25.7299 50.4978 9.5
    endloop
  endfacet
  facet normal -0.471402 -0.881918 -0
    outer loop
      vertex 27.6926 49.4487 9.5
      vertex 25.7299 50.4978 0
      vertex 27.6926 49.4487 0
    endloop
  endfacet
  facet normal -0.252524 -0.967591 0
    outer loop
      vertex 13.2305 55.1091 0
      vertex 15.3839 54.5471 9.5
      vertex 13.2305 55.1091 9.5
    endloop
  endfacet
  facet normal -0.252524 -0.967591 -0
    outer loop
      vertex 15.3839 54.5471 9.5
      vertex 13.2305 55.1091 0
      vertex 15.3839 54.5471 0
    endloop
  endfacet
  facet normal 0.400774 0.916177 -0
    outer loop
      vertex -21.6886 -52.3609 0
      vertex -23.7275 -51.469 9.5
      vertex -21.6886 -52.3609 9.5
    endloop
  endfacet
  facet normal 0.400774 0.916177 0
    outer loop
      vertex -23.7275 -51.469 9.5
      vertex -21.6886 -52.3609 0
      vertex -23.7275 -51.469 0
    endloop
  endfacet
  facet normal -0.999807 0.0196362 0
    outer loop
      vertex 56.6313 -2.22505 3
      vertex 56.675 0 9.5
      vertex 56.675 0 3
    endloop
  endfacet
  facet normal -0.999807 0.0196362 0
    outer loop
      vertex 56.675 0 9.5
      vertex 56.6313 -2.22505 3
      vertex 56.6313 -2.22505 9.5
    endloop
  endfacet
  facet normal -0.990564 0.137049 0
    outer loop
      vertex 55.9772 -8.86592 0
      vertex 56.2822 -6.66143 9.5
      vertex 56.2822 -6.66143 0
    endloop
  endfacet
  facet normal -0.990564 0.137049 0
    outer loop
      vertex 56.2822 -6.66143 9.5
      vertex 55.9772 -8.86592 0
      vertex 55.9772 -8.86592 9.5
    endloop
  endfacet
  facet normal 0.990564 0.137049 0
    outer loop
      vertex -55.9772 -8.86592 9.5
      vertex -56.2822 -6.66143 0
      vertex -56.2822 -6.66143 9.5
    endloop
  endfacet
  facet normal 0.990564 0.137049 0
    outer loop
      vertex -56.2822 -6.66143 0
      vertex -55.9772 -8.86592 9.5
      vertex -55.9772 -8.86592 0
    endloop
  endfacet
  facet normal 0.931218 0.364462 0
    outer loop
      vertex -52.3609 -21.6886 9.5
      vertex -53.172 -19.6162 0
      vertex -53.172 -19.6162 9.5
    endloop
  endfacet
  facet normal 0.931218 0.364462 0
    outer loop
      vertex -53.172 -19.6162 0
      vertex -52.3609 -21.6886 9.5
      vertex -52.3609 -21.6886 0
    endloop
  endfacet
  facet normal -0.881918 0.471402 0
    outer loop
      vertex 49.4487 -27.6926 0
      vertex 50.4978 -25.7299 9.5
      vertex 50.4978 -25.7299 0
    endloop
  endfacet
  facet normal -0.881918 0.471402 0
    outer loop
      vertex 50.4978 -25.7299 9.5
      vertex 49.4487 -27.6926 0
      vertex 49.4487 -27.6926 9.5
    endloop
  endfacet
  facet normal 0.664272 0.747491 -0
    outer loop
      vertex -36.8075 -43.096 0
      vertex -38.471 -41.6177 9.5
      vertex -36.8075 -43.096 9.5
    endloop
  endfacet
  facet normal 0.664272 0.747491 0
    outer loop
      vertex -38.471 -41.6177 9.5
      vertex -36.8075 -43.096 0
      vertex -38.471 -41.6177 0
    endloop
  endfacet
  facet normal -0.436397 0.899754 0
    outer loop
      vertex 25.7299 -50.4978 0
      vertex 23.7275 -51.469 9.5
      vertex 25.7299 -50.4978 9.5
    endloop
  endfacet
  facet normal -0.436397 0.899754 0
    outer loop
      vertex 23.7275 -51.469 9.5
      vertex 25.7299 -50.4978 0
      vertex 23.7275 -51.469 0
    endloop
  endfacet
  facet normal -0.931218 -0.364462 0
    outer loop
      vertex 53.172 19.6162 0
      vertex 52.3609 21.6886 9.5
      vertex 52.3609 21.6886 0
    endloop
  endfacet
  facet normal -0.931218 -0.364462 0
    outer loop
      vertex 52.3609 21.6886 9.5
      vertex 53.172 19.6162 0
      vertex 53.172 19.6162 9.5
    endloop
  endfacet
  facet normal 0.571784 0.820404 -0
    outer loop
      vertex -31.4869 -47.1235 0
      vertex -33.3127 -45.851 9.5
      vertex -31.4869 -47.1235 9.5
    endloop
  endfacet
  facet normal 0.571784 0.820404 0
    outer loop
      vertex -33.3127 -45.851 9.5
      vertex -31.4869 -47.1235 0
      vertex -33.3127 -45.851 0
    endloop
  endfacet
  facet normal 0.505647 0.862741 -0
    outer loop
      vertex -27.6926 -49.4487 3
      vertex -29.6126 -48.3234 9.5
      vertex -27.6926 -49.4487 9.5
    endloop
  endfacet
  facet normal 0.505647 0.862741 0
    outer loop
      vertex -29.6126 -48.3234 9.5
      vertex -27.6926 -49.4487 3
      vertex -29.6126 -48.3234 3
    endloop
  endfacet
  facet normal 0.820404 -0.571784 0
    outer loop
      vertex -47.1235 31.4869 9.5
      vertex -45.851 33.3127 0
      vertex -45.851 33.3127 9.5
    endloop
  endfacet
  facet normal 0.820404 -0.571784 0
    outer loop
      vertex -45.851 33.3127 0
      vertex -47.1235 31.4869 9.5
      vertex -47.1235 31.4869 0
    endloop
  endfacet
  facet normal -0.252524 0.967591 0
    outer loop
      vertex 15.3839 -54.5471 0
      vertex 13.2305 -55.1091 9.5
      vertex 15.3839 -54.5471 9.5
    endloop
  endfacet
  facet normal -0.252524 0.967591 0
    outer loop
      vertex 13.2305 -55.1091 9.5
      vertex 15.3839 -54.5471 0
      vertex 13.2305 -55.1091 0
    endloop
  endfacet
  facet normal -0.571784 0.820404 0
    outer loop
      vertex 33.3127 -45.851 0
      vertex 31.4869 -47.1235 9.5
      vertex 33.3127 -45.851 9.5
    endloop
  endfacet
  facet normal -0.571784 0.820404 0
    outer loop
      vertex 31.4869 -47.1235 9.5
      vertex 33.3127 -45.851 0
      vertex 31.4869 -47.1235 0
    endloop
  endfacet
  facet normal 0.0980016 -0.995186 0
    outer loop
      vertex -6.66143 56.2822 0
      vertex -4.44667 56.5003 9.5
      vertex -6.66143 56.2822 9.5
    endloop
  endfacet
  facet normal 0.0980016 -0.995186 0
    outer loop
      vertex -4.44667 56.5003 9.5
      vertex -6.66143 56.2822 0
      vertex -4.44667 56.5003 0
    endloop
  endfacet
  facet normal -0.990564 -0.137049 0
    outer loop
      vertex 56.2822 6.66143 0
      vertex 55.9772 8.86592 9.5
      vertex 55.9772 8.86592 0
    endloop
  endfacet
  facet normal -0.990564 -0.137049 0
    outer loop
      vertex 55.9772 8.86592 9.5
      vertex 56.2822 6.66143 0
      vertex 56.2822 6.66143 9.5
    endloop
  endfacet
  facet normal -0.436397 -0.899754 0
    outer loop
      vertex 23.7275 51.469 0
      vertex 25.7299 50.4978 9.5
      vertex 23.7275 51.469 9.5
    endloop
  endfacet
  facet normal -0.436397 -0.899754 -0
    outer loop
      vertex 25.7299 50.4978 9.5
      vertex 23.7275 51.469 0
      vertex 25.7299 50.4978 0
    endloop
  endfacet
  facet normal -0.63439 -0.773013 0
    outer loop
      vertex 35.0872 44.5078 0
      vertex 36.8075 43.096 9.5
      vertex 35.0872 44.5078 9.5
    endloop
  endfacet
  facet normal -0.63439 -0.773013 -0
    outer loop
      vertex 36.8075 43.096 9.5
      vertex 35.0872 44.5078 0
      vertex 36.8075 43.096 0
    endloop
  endfacet
  facet normal 0.916177 -0.400774 0
    outer loop
      vertex -52.3609 21.6886 9.5
      vertex -51.469 23.7275 0
      vertex -51.469 23.7275 9.5
    endloop
  endfacet
  facet normal 0.916177 -0.400774 0
    outer loop
      vertex -51.469 23.7275 0
      vertex -52.3609 21.6886 9.5
      vertex -52.3609 21.6886 0
    endloop
  endfacet
  facet normal 0.539133 0.84222 0
    outer loop
      vertex -31.144 -47.3431 3
      vertex -29.6126 -48.3234 9.5
      vertex -29.6126 -48.3234 3
    endloop
  endfacet
  facet normal 0.539165 0.8422 -1.04088e-05
    outer loop
      vertex -29.6126 -48.3234 9.5
      vertex -31.144 -47.3431 3
      vertex -31.4869 -47.1235 9.5
    endloop
  endfacet
  facet normal 0.539305 0.842111 0
    outer loop
      vertex -31.4869 -47.1235 0
      vertex -31.144 -47.3431 3
      vertex -31.144 -47.3431 0
    endloop
  endfacet
  facet normal 0.539305 0.842111 0
    outer loop
      vertex -31.144 -47.3431 3
      vertex -31.4869 -47.1235 0
      vertex -31.4869 -47.1235 9.5
    endloop
  endfacet
  facet normal -0.820404 -0.571784 0
    outer loop
      vertex 47.1235 31.4869 0
      vertex 45.851 33.3127 9.5
      vertex 45.851 33.3127 0
    endloop
  endfacet
  facet normal -0.820404 -0.571784 0
    outer loop
      vertex 45.851 33.3127 9.5
      vertex 47.1235 31.4869 0
      vertex 47.1235 31.4869 9.5
    endloop
  endfacet
  facet normal -0.603538 -0.797334 0
    outer loop
      vertex 33.3127 45.851 0
      vertex 35.0872 44.5078 9.5
      vertex 33.3127 45.851 9.5
    endloop
  endfacet
  facet normal -0.603538 -0.797334 -0
    outer loop
      vertex 35.0872 44.5078 9.5
      vertex 33.3127 45.851 0
      vertex 35.0872 44.5078 0
    endloop
  endfacet
  facet normal 0.290282 -0.956941 0
    outer loop
      vertex -17.5135 53.9011 0
      vertex -15.3839 54.5471 9.5
      vertex -17.5135 53.9011 9.5
    endloop
  endfacet
  facet normal 0.290282 -0.956941 0
    outer loop
      vertex -15.3839 54.5471 9.5
      vertex -17.5135 53.9011 0
      vertex -15.3839 54.5471 0
    endloop
  endfacet
  facet normal 0.539165 -0.8422 -1.04088e-05
    outer loop
      vertex -31.4869 47.1235 9.5
      vertex -31.144 47.3431 3
      vertex -29.6126 48.3234 9.5
    endloop
  endfacet
  facet normal 0.539305 -0.842111 0
    outer loop
      vertex -31.4869 47.1235 0
      vertex -31.144 47.3431 3
      vertex -31.4869 47.1235 9.5
    endloop
  endfacet
  facet normal 0.539305 -0.842111 0
    outer loop
      vertex -31.144 47.3431 3
      vertex -31.4869 47.1235 0
      vertex -31.144 47.3431 0
    endloop
  endfacet
  facet normal 0.539133 -0.84222 0
    outer loop
      vertex -29.6126 48.3234 9.5
      vertex -31.144 47.3431 3
      vertex -29.6126 48.3234 3
    endloop
  endfacet
  facet normal 0.0588637 -0.998266 0
    outer loop
      vertex -4.44667 56.5003 0
      vertex -2.22505 56.6313 9.5
      vertex -4.44667 56.5003 9.5
    endloop
  endfacet
  facet normal 0.0588637 -0.998266 0
    outer loop
      vertex -2.22505 56.6313 9.5
      vertex -4.44667 56.5003 0
      vertex -2.22505 56.6313 0
    endloop
  endfacet
  facet normal 0.436397 0.899754 -1.74205e-06
    outer loop
      vertex -23.7275 -51.469 9.5
      vertex -25.4287 -50.6439 3
      vertex -25.7299 -50.4978 9.5
    endloop
  endfacet
  facet normal 0.436392 0.899757 -0
    outer loop
      vertex -23.7275 -51.469 0
      vertex -25.4287 -50.6439 3
      vertex -23.7275 -51.469 9.5
    endloop
  endfacet
  facet normal 0.436392 0.899757 0
    outer loop
      vertex -25.4287 -50.6439 3
      vertex -23.7275 -51.469 0
      vertex -25.4287 -50.6439 0
    endloop
  endfacet
  facet normal 0.436427 0.899739 0
    outer loop
      vertex -25.7299 -50.4978 9.5
      vertex -25.4287 -50.6439 3
      vertex -25.7299 -50.4978 3
    endloop
  endfacet
  facet normal 0.571784 -0.820404 0
    outer loop
      vertex -33.3127 45.851 0
      vertex -31.4869 47.1235 9.5
      vertex -33.3127 45.851 9.5
    endloop
  endfacet
  facet normal 0.571784 -0.820404 0
    outer loop
      vertex -31.4869 47.1235 9.5
      vertex -33.3127 45.851 0
      vertex -31.4869 47.1235 0
    endloop
  endfacet
  facet normal 0.214289 0.97677 -0
    outer loop
      vertex -11.0567 -55.586 0
      vertex -13.2305 -55.1091 9.5
      vertex -11.0567 -55.586 9.5
    endloop
  endfacet
  facet normal 0.214289 0.97677 0
    outer loop
      vertex -13.2305 -55.1091 9.5
      vertex -11.0567 -55.586 0
      vertex -13.2305 -55.1091 0
    endloop
  endfacet
  facet normal -0.0588637 -0.998266 0
    outer loop
      vertex 2.22505 56.6313 0
      vertex 4.44667 56.5003 9.5
      vertex 2.22505 56.6313 9.5
    endloop
  endfacet
  facet normal -0.0588637 -0.998266 -0
    outer loop
      vertex 4.44667 56.5003 9.5
      vertex 2.22505 56.6313 0
      vertex 4.44667 56.5003 0
    endloop
  endfacet
  facet normal 0.137049 0.990564 -0
    outer loop
      vertex -6.66143 -56.2822 0
      vertex -8.86592 -55.9772 9.5
      vertex -6.66143 -56.2822 9.5
    endloop
  endfacet
  facet normal 0.137049 0.990564 0
    outer loop
      vertex -8.86592 -55.9772 9.5
      vertex -6.66143 -56.2822 0
      vertex -8.86592 -55.9772 0
    endloop
  endfacet
  facet normal -0.967591 0.252524 0
    outer loop
      vertex 54.5471 -15.3839 0
      vertex 55.1091 -13.2305 9.5
      vertex 55.1091 -13.2305 0
    endloop
  endfacet
  facet normal -0.967591 0.252524 0
    outer loop
      vertex 55.1091 -13.2305 9.5
      vertex 54.5471 -15.3839 0
      vertex 54.5471 -15.3839 9.5
    endloop
  endfacet
  facet normal -0.214289 -0.97677 0
    outer loop
      vertex 11.0567 55.586 0
      vertex 13.2305 55.1091 9.5
      vertex 11.0567 55.586 9.5
    endloop
  endfacet
  facet normal -0.214289 -0.97677 -0
    outer loop
      vertex 13.2305 55.1091 9.5
      vertex 11.0567 55.586 0
      vertex 13.2305 55.1091 0
    endloop
  endfacet
  facet normal -0.0980016 -0.995186 0
    outer loop
      vertex 4.44667 56.5003 0
      vertex 6.66143 56.2822 9.5
      vertex 4.44667 56.5003 9.5
    endloop
  endfacet
  facet normal -0.0980016 -0.995186 -0
    outer loop
      vertex 6.66143 56.2822 9.5
      vertex 4.44667 56.5003 0
      vertex 6.66143 56.2822 0
    endloop
  endfacet
  facet normal 0.471402 0.881918 -0
    outer loop
      vertex -25.7299 -50.4978 3
      vertex -27.6926 -49.4487 9.5
      vertex -25.7299 -50.4978 9.5
    endloop
  endfacet
  facet normal 0.471402 0.881918 0
    outer loop
      vertex -27.6926 -49.4487 9.5
      vertex -25.7299 -50.4978 3
      vertex -27.6926 -49.4487 3
    endloop
  endfacet
  facet normal 0.773013 0.63439 0
    outer loop
      vertex -43.096 -36.8075 9.5
      vertex -44.5078 -35.0872 0
      vertex -44.5078 -35.0872 9.5
    endloop
  endfacet
  facet normal 0.773013 0.63439 0
    outer loop
      vertex -44.5078 -35.0872 0
      vertex -43.096 -36.8075 9.5
      vertex -43.096 -36.8075 0
    endloop
  endfacet
  facet normal -0.471402 0.881918 0
    outer loop
      vertex 27.6926 -49.4487 0
      vertex 25.7299 -50.4978 9.5
      vertex 27.6926 -49.4487 9.5
    endloop
  endfacet
  facet normal -0.471402 0.881918 0
    outer loop
      vertex 25.7299 -50.4978 9.5
      vertex 27.6926 -49.4487 0
      vertex 25.7299 -50.4978 0
    endloop
  endfacet
  facet normal 0.0588637 0.998266 -0
    outer loop
      vertex -2.22505 -56.6313 0
      vertex -4.44667 -56.5003 9.5
      vertex -2.22505 -56.6313 9.5
    endloop
  endfacet
  facet normal 0.0588637 0.998266 0
    outer loop
      vertex -4.44667 -56.5003 9.5
      vertex -2.22505 -56.6313 0
      vertex -4.44667 -56.5003 0
    endloop
  endfacet
  facet normal 0.0980016 0.995186 -0
    outer loop
      vertex -4.44667 -56.5003 0
      vertex -6.66143 -56.2822 9.5
      vertex -4.44667 -56.5003 9.5
    endloop
  endfacet
  facet normal 0.0980016 0.995186 0
    outer loop
      vertex -6.66143 -56.2822 9.5
      vertex -4.44667 -56.5003 0
      vertex -6.66143 -56.2822 0
    endloop
  endfacet
  facet normal -0.664272 0.747491 0
    outer loop
      vertex 38.471 -41.6177 0
      vertex 36.8075 -43.096 9.5
      vertex 38.471 -41.6177 9.5
    endloop
  endfacet
  facet normal -0.664272 0.747491 0
    outer loop
      vertex 36.8075 -43.096 9.5
      vertex 38.471 -41.6177 0
      vertex 36.8075 -43.096 0
    endloop
  endfacet
  facet normal 0.252524 0.967591 -0
    outer loop
      vertex -13.2305 -55.1091 0
      vertex -15.3839 -54.5471 9.5
      vertex -13.2305 -55.1091 9.5
    endloop
  endfacet
  facet normal 0.252524 0.967591 0
    outer loop
      vertex -15.3839 -54.5471 9.5
      vertex -13.2305 -55.1091 0
      vertex -15.3839 -54.5471 0
    endloop
  endfacet
  facet normal -0.773013 0.63439 0
    outer loop
      vertex 43.096 -36.8075 0
      vertex 44.5078 -35.0872 9.5
      vertex 44.5078 -35.0872 0
    endloop
  endfacet
  facet normal -0.773013 0.63439 0
    outer loop
      vertex 44.5078 -35.0872 9.5
      vertex 43.096 -36.8075 0
      vertex 43.096 -36.8075 9.5
    endloop
  endfacet
  facet normal -0.797334 -0.603538 0
    outer loop
      vertex 45.851 33.3127 0
      vertex 44.5078 35.0872 9.5
      vertex 44.5078 35.0872 0
    endloop
  endfacet
  facet normal -0.797334 -0.603538 0
    outer loop
      vertex 44.5078 35.0872 9.5
      vertex 45.851 33.3127 0
      vertex 45.851 33.3127 9.5
    endloop
  endfacet
  facet normal -0.862741 0.505647 0
    outer loop
      vertex 48.3234 -29.6126 0
      vertex 49.4487 -27.6926 9.5
      vertex 49.4487 -27.6926 0
    endloop
  endfacet
  facet normal -0.862741 0.505647 0
    outer loop
      vertex 49.4487 -27.6926 9.5
      vertex 48.3234 -29.6126 0
      vertex 48.3234 -29.6126 9.5
    endloop
  endfacet
  facet normal 0.995186 -0.0980016 0
    outer loop
      vertex -56.5003 4.44667 9.5
      vertex -56.2822 6.66143 0
      vertex -56.2822 6.66143 9.5
    endloop
  endfacet
  facet normal 0.995186 -0.0980016 0
    outer loop
      vertex -56.2822 6.66143 0
      vertex -56.5003 4.44667 9.5
      vertex -56.5003 4.44667 0
    endloop
  endfacet
  facet normal -0.899754 0.436397 0
    outer loop
      vertex 50.4978 -25.7299 0
      vertex 51.469 -23.7275 9.5
      vertex 51.469 -23.7275 0
    endloop
  endfacet
  facet normal -0.899754 0.436397 0
    outer loop
      vertex 51.469 -23.7275 9.5
      vertex 50.4978 -25.7299 0
      vertex 50.4978 -25.7299 9.5
    endloop
  endfacet
  facet normal -0.63439 0.773013 0
    outer loop
      vertex 36.8075 -43.096 0
      vertex 35.0872 -44.5078 9.5
      vertex 36.8075 -43.096 9.5
    endloop
  endfacet
  facet normal -0.63439 0.773013 0
    outer loop
      vertex 35.0872 -44.5078 9.5
      vertex 36.8075 -43.096 0
      vertex 35.0872 -44.5078 0
    endloop
  endfacet
  facet normal 0.899754 -0.436397 0
    outer loop
      vertex -51.469 23.7275 9.5
      vertex -50.4978 25.7299 0
      vertex -50.4978 25.7299 9.5
    endloop
  endfacet
  facet normal 0.899754 -0.436397 0
    outer loop
      vertex -50.4978 25.7299 0
      vertex -51.469 23.7275 9.5
      vertex -51.469 23.7275 0
    endloop
  endfacet
  facet normal 0.603538 -0.797334 0
    outer loop
      vertex -35.0872 44.5078 0
      vertex -33.3127 45.851 9.5
      vertex -35.0872 44.5078 9.5
    endloop
  endfacet
  facet normal 0.603538 -0.797334 0
    outer loop
      vertex -33.3127 45.851 9.5
      vertex -35.0872 44.5078 0
      vertex -33.3127 45.851 0
    endloop
  endfacet
  facet normal 0.967591 -0.252524 0
    outer loop
      vertex -55.1091 13.2305 9.5
      vertex -54.5471 15.3839 0
      vertex -54.5471 15.3839 9.5
    endloop
  endfacet
  facet normal 0.967591 -0.252524 0
    outer loop
      vertex -54.5471 15.3839 0
      vertex -55.1091 13.2305 9.5
      vertex -55.1091 13.2305 0
    endloop
  endfacet
  facet normal 0.797334 0.603538 0
    outer loop
      vertex -44.5078 -35.0872 9.5
      vertex -45.851 -33.3127 0
      vertex -45.851 -33.3127 9.5
    endloop
  endfacet
  facet normal 0.797334 0.603538 0
    outer loop
      vertex -45.851 -33.3127 0
      vertex -44.5078 -35.0872 9.5
      vertex -44.5078 -35.0872 0
    endloop
  endfacet
  facet normal 0.881918 0.471402 0
    outer loop
      vertex -49.4487 -27.6926 9.5
      vertex -50.4978 -25.7299 0
      vertex -50.4978 -25.7299 9.5
    endloop
  endfacet
  facet normal 0.881918 0.471402 0
    outer loop
      vertex -50.4978 -25.7299 0
      vertex -49.4487 -27.6926 9.5
      vertex -49.4487 -27.6926 0
    endloop
  endfacet
  facet normal 0.747491 -0.664272 0
    outer loop
      vertex -43.096 36.8075 9.5
      vertex -41.6177 38.471 0
      vertex -41.6177 38.471 9.5
    endloop
  endfacet
  facet normal 0.747491 -0.664272 0
    outer loop
      vertex -41.6177 38.471 0
      vertex -43.096 36.8075 9.5
      vertex -43.096 36.8075 0
    endloop
  endfacet
  facet normal 0.436427 -0.899739 0
    outer loop
      vertex -25.4287 50.6439 3
      vertex -25.7299 50.4978 9.5
      vertex -25.7299 50.4978 3
    endloop
  endfacet
  facet normal 0.436397 -0.899754 -1.74205e-06
    outer loop
      vertex -25.7299 50.4978 9.5
      vertex -25.4287 50.6439 3
      vertex -23.7275 51.469 9.5
    endloop
  endfacet
  facet normal 0.436392 -0.899757 0
    outer loop
      vertex -23.7275 51.469 0
      vertex -25.4287 50.6439 3
      vertex -25.4287 50.6439 0
    endloop
  endfacet
  facet normal 0.436392 -0.899757 0
    outer loop
      vertex -25.4287 50.6439 3
      vertex -23.7275 51.469 0
      vertex -23.7275 51.469 9.5
    endloop
  endfacet
endsolid OpenSCAD_Model
