solid OpenSCAD_Model
  facet normal 1 0 0
    outer loop
      vertex 77.5 -1.7 14
      vertex 77.5 -2.5 10.5
      vertex 77.5 -1.7 10.5
    endloop
  endfacet
  facet normal 1 -0 0
    outer loop
      vertex 77.5 -4.2 14
      vertex 77.5 -2.5 10.5
      vertex 77.5 -1.7 14
    endloop
  endfacet
  facet normal 1 0 0
    outer loop
      vertex 77.5 -2.5 10.5
      vertex 77.5 -4.2 14
      vertex 77.5 -4.2 10.5
    endloop
  endfacet
  facet normal 1 0 0
    outer loop
      vertex 77.5 4.2 14
      vertex 77.5 2.5 10.5
      vertex 77.5 4.2 10.5
    endloop
  endfacet
  facet normal 1 0 0
    outer loop
      vertex 77.5 1.7 10.5
      vertex 77.5 2.5 10.5
      vertex 77.5 1.7 14
    endloop
  endfacet
  facet normal 1 -0 0
    outer loop
      vertex 77.5 1.7 14
      vertex 77.5 2.5 10.5
      vertex 77.5 4.2 14
    endloop
  endfacet
  facet normal 1 -0 0
    outer loop
      vertex 77.5 2.5 3
      vertex 77.5 3 0
      vertex 77.5 3 3
    endloop
  endfacet
  facet normal 1 0 0
    outer loop
      vertex 77.5 2.5 10.5
      vertex 77.5 1.7 10.5
      vertex 77.5 2.5 3
    endloop
  endfacet
  facet normal 1 -0 0
    outer loop
      vertex 77.5 -1.7 10.5
      vertex 77.5 2.5 3
      vertex 77.5 1.7 10.5
    endloop
  endfacet
  facet normal 1 0 0
    outer loop
      vertex 77.5 -2.5 3
      vertex 77.5 2.5 3
      vertex 77.5 -1.7 10.5
    endloop
  endfacet
  facet normal 1 0 0
    outer loop
      vertex 77.5 -2.5 3
      vertex 77.5 -1.7 10.5
      vertex 77.5 -2.5 10.5
    endloop
  endfacet
  facet normal 1 0 0
    outer loop
      vertex 77.5 2.5 3
      vertex 77.5 -2.5 3
      vertex 77.5 3 0
    endloop
  endfacet
  facet normal 1 0 0
    outer loop
      vertex 77.5 -3 0
      vertex 77.5 -2.5 3
      vertex 77.5 -3 3
    endloop
  endfacet
  facet normal 1 0 0
    outer loop
      vertex 77.5 -2.5 3
      vertex 77.5 -3 0
      vertex 77.5 3 0
    endloop
  endfacet
  facet normal 0 0 -1
    outer loop
      vertex 72.5 2.5 10.5
      vertex 77.5 4.2 10.5
      vertex 77.5 2.5 10.5
    endloop
  endfacet
  facet normal -0 0 -1
    outer loop
      vertex 77.5 4.2 10.5
      vertex 72.5 2.5 10.5
      vertex 72.5 4.2 10.5
    endloop
  endfacet
  facet normal 0 0 -1
    outer loop
      vertex 72.5 -4.2 10.5
      vertex 77.5 -2.5 10.5
      vertex 77.5 -4.2 10.5
    endloop
  endfacet
  facet normal -0 0 -1
    outer loop
      vertex 77.5 -2.5 10.5
      vertex 72.5 -4.2 10.5
      vertex 72.5 -2.5 10.5
    endloop
  endfacet
  facet normal -0 0 1
    outer loop
      vertex 72.5 1.7 10.5
      vertex 77.5 -1.7 10.5
      vertex 77.5 1.7 10.5
    endloop
  endfacet
  facet normal 0 0 1
    outer loop
      vertex 77.5 -1.7 10.5
      vertex 72.5 1.7 10.5
      vertex 72.5 -1.7 10.5
    endloop
  endfacet
  facet normal -1 0 0
    outer loop
      vertex 72.5 2.5 9
      vertex 72.5 1.7 10.5
      vertex 72.5 2.5 10.5
    endloop
  endfacet
  facet normal -1 0 0
    outer loop
      vertex 72.5 2.5 9
      vertex 72.5 -1.7 10.5
      vertex 72.5 1.7 10.5
    endloop
  endfacet
  facet normal -1 0 0
    outer loop
      vertex 72.5 -2.5 9
      vertex 72.5 -1.7 10.5
      vertex 72.5 2.5 9
    endloop
  endfacet
  facet normal -1 0 0
    outer loop
      vertex 72.5 -2.5 10.5
      vertex 72.5 -1.7 10.5
      vertex 72.5 -2.5 9
    endloop
  endfacet
  facet normal -1 0 0
    outer loop
      vertex 72.5 -1.7 10.5
      vertex 72.5 -2.5 10.5
      vertex 72.5 -1.7 14
    endloop
  endfacet
  facet normal -1 0 0
    outer loop
      vertex 72.5 -4.2 14
      vertex 72.5 -2.5 10.5
      vertex 72.5 -4.2 10.5
    endloop
  endfacet
  facet normal -1 0 0
    outer loop
      vertex 72.5 -2.5 10.5
      vertex 72.5 -4.2 14
      vertex 72.5 -1.7 14
    endloop
  endfacet
  facet normal -1 0 0
    outer loop
      vertex 72.5 2.5 10.5
      vertex 72.5 4.2 14
      vertex 72.5 4.2 10.5
    endloop
  endfacet
  facet normal -1 0 0
    outer loop
      vertex 72.5 1.7 14
      vertex 72.5 2.5 10.5
      vertex 72.5 1.7 10.5
    endloop
  endfacet
  facet normal -1 0 0
    outer loop
      vertex 72.5 2.5 10.5
      vertex 72.5 1.7 14
      vertex 72.5 4.2 14
    endloop
  endfacet
  facet normal 0 1 0
    outer loop
      vertex 75 -1.7 14.975
      vertex 75 -1.7 16.5
      vertex 75.245 -1.7 16.488
    endloop
  endfacet
  facet normal 0 1 0
    outer loop
      vertex 75.0956 -1.7 14.9703
      vertex 75.245 -1.7 16.488
      vertex 75.4877 -1.7 16.452
    endloop
  endfacet
  facet normal 0 1 0
    outer loop
      vertex 75 -1.7 16.5
      vertex 75 -1.7 14.975
      vertex 74.755 -1.7 16.488
    endloop
  endfacet
  facet normal 0 1 0
    outer loop
      vertex 75.1902 -1.7 14.9563
      vertex 75.4877 -1.7 16.452
      vertex 75.7257 -1.7 16.3923
    endloop
  endfacet
  facet normal 0 1 -0
    outer loop
      vertex 74.9044 -1.7 14.9703
      vertex 74.755 -1.7 16.488
      vertex 75 -1.7 14.975
    endloop
  endfacet
  facet normal 0 1 0
    outer loop
      vertex 75.283 -1.7 14.933
      vertex 75.7257 -1.7 16.3923
      vertex 75.9567 -1.7 16.3097
    endloop
  endfacet
  facet normal 0 1 0
    outer loop
      vertex 74.755 -1.7 16.488
      vertex 74.9044 -1.7 14.9703
      vertex 74.5123 -1.7 16.452
    endloop
  endfacet
  facet normal 0 1 0
    outer loop
      vertex 75.3731 -1.7 14.9008
      vertex 75.9567 -1.7 16.3097
      vertex 76.1785 -1.7 16.2048
    endloop
  endfacet
  facet normal 0 1 -0
    outer loop
      vertex 74.8098 -1.7 14.9563
      vertex 74.5123 -1.7 16.452
      vertex 74.9044 -1.7 14.9703
    endloop
  endfacet
  facet normal 0 1 0
    outer loop
      vertex 75.4596 -1.7 14.8599
      vertex 76.1785 -1.7 16.2048
      vertex 76.3889 -1.7 16.0787
    endloop
  endfacet
  facet normal 0 1 0
    outer loop
      vertex 74.5123 -1.7 16.452
      vertex 74.8098 -1.7 14.9563
      vertex 74.2743 -1.7 16.3923
    endloop
  endfacet
  facet normal 0 1 0
    outer loop
      vertex 75.5417 -1.7 14.8107
      vertex 76.3889 -1.7 16.0787
      vertex 76.586 -1.7 15.9325
    endloop
  endfacet
  facet normal 0 1 -0
    outer loop
      vertex 74.717 -1.7 14.933
      vertex 74.2743 -1.7 16.3923
      vertex 74.8098 -1.7 14.9563
    endloop
  endfacet
  facet normal 0 1 0
    outer loop
      vertex 75.6185 -1.7 14.7537
      vertex 76.586 -1.7 15.9325
      vertex 76.7678 -1.7 15.7678
    endloop
  endfacet
  facet normal 0 1 0
    outer loop
      vertex 74.2743 -1.7 16.3923
      vertex 74.717 -1.7 14.933
      vertex 74.0433 -1.7 16.3097
    endloop
  endfacet
  facet normal 0 1 0
    outer loop
      vertex 75.6894 -1.7 14.6894
      vertex 76.7678 -1.7 15.7678
      vertex 76.9325 -1.7 15.586
    endloop
  endfacet
  facet normal 0 1 -0
    outer loop
      vertex 74.6269 -1.7 14.9008
      vertex 74.0433 -1.7 16.3097
      vertex 74.717 -1.7 14.933
    endloop
  endfacet
  facet normal 0 1 0
    outer loop
      vertex 75.7537 -1.7 14.6185
      vertex 76.9325 -1.7 15.586
      vertex 77.0787 -1.7 15.3889
    endloop
  endfacet
  facet normal 0 1 0
    outer loop
      vertex 74.0433 -1.7 16.3097
      vertex 74.6269 -1.7 14.9008
      vertex 73.8215 -1.7 16.2048
    endloop
  endfacet
  facet normal 0 1 0
    outer loop
      vertex 75.8107 -1.7 14.5417
      vertex 77.0787 -1.7 15.3889
      vertex 77.2048 -1.7 15.1785
    endloop
  endfacet
  facet normal 0 1 -0
    outer loop
      vertex 74.5404 -1.7 14.8599
      vertex 73.8215 -1.7 16.2048
      vertex 74.6269 -1.7 14.9008
    endloop
  endfacet
  facet normal 0 1 0
    outer loop
      vertex 73.8215 -1.7 16.2048
      vertex 74.5404 -1.7 14.8599
      vertex 73.6111 -1.7 16.0787
    endloop
  endfacet
  facet normal 0 1 0
    outer loop
      vertex 75.245 -1.7 16.488
      vertex 75.0956 -1.7 14.9703
      vertex 75 -1.7 14.975
    endloop
  endfacet
  facet normal 0 1 0
    outer loop
      vertex 75.8599 -1.7 14.4596
      vertex 77.2048 -1.7 15.1785
      vertex 77.3097 -1.7 14.9567
    endloop
  endfacet
  facet normal 0 1 0
    outer loop
      vertex 75.4877 -1.7 16.452
      vertex 75.1902 -1.7 14.9563
      vertex 75.0956 -1.7 14.9703
    endloop
  endfacet
  facet normal 0 1 0
    outer loop
      vertex 75.7257 -1.7 16.3923
      vertex 75.283 -1.7 14.933
      vertex 75.1902 -1.7 14.9563
    endloop
  endfacet
  facet normal 0 1 0
    outer loop
      vertex 75.9567 -1.7 16.3097
      vertex 75.3731 -1.7 14.9008
      vertex 75.283 -1.7 14.933
    endloop
  endfacet
  facet normal 0 1 0
    outer loop
      vertex 76.1785 -1.7 16.2048
      vertex 75.4596 -1.7 14.8599
      vertex 75.3731 -1.7 14.9008
    endloop
  endfacet
  facet normal 0 1 0
    outer loop
      vertex 76.3889 -1.7 16.0787
      vertex 75.5417 -1.7 14.8107
      vertex 75.4596 -1.7 14.8599
    endloop
  endfacet
  facet normal 0 1 0
    outer loop
      vertex 76.586 -1.7 15.9325
      vertex 75.6185 -1.7 14.7537
      vertex 75.5417 -1.7 14.8107
    endloop
  endfacet
  facet normal 0 1 0
    outer loop
      vertex 75.9008 -1.7 14.3731
      vertex 77.3097 -1.7 14.9567
      vertex 77.3923 -1.7 14.7257
    endloop
  endfacet
  facet normal 0 1 0
    outer loop
      vertex 76.7678 -1.7 15.7678
      vertex 75.6894 -1.7 14.6894
      vertex 75.6185 -1.7 14.7537
    endloop
  endfacet
  facet normal 0 1 0
    outer loop
      vertex 76.9325 -1.7 15.586
      vertex 75.7537 -1.7 14.6185
      vertex 75.6894 -1.7 14.6894
    endloop
  endfacet
  facet normal 0 1 0
    outer loop
      vertex 77.0787 -1.7 15.3889
      vertex 75.8107 -1.7 14.5417
      vertex 75.7537 -1.7 14.6185
    endloop
  endfacet
  facet normal 0 1 0
    outer loop
      vertex 75.933 -1.7 14.283
      vertex 77.3923 -1.7 14.7257
      vertex 77.452 -1.7 14.4877
    endloop
  endfacet
  facet normal 0 1 0
    outer loop
      vertex 77.2048 -1.7 15.1785
      vertex 75.8599 -1.7 14.4596
      vertex 75.8107 -1.7 14.5417
    endloop
  endfacet
  facet normal 0 1 0
    outer loop
      vertex 77.3097 -1.7 14.9567
      vertex 75.9008 -1.7 14.3731
      vertex 75.8599 -1.7 14.4596
    endloop
  endfacet
  facet normal 0 1 0
    outer loop
      vertex 77.3923 -1.7 14.7257
      vertex 75.933 -1.7 14.283
      vertex 75.9008 -1.7 14.3731
    endloop
  endfacet
  facet normal 0 1 0
    outer loop
      vertex 75.9563 -1.7 14.1902
      vertex 77.452 -1.7 14.4877
      vertex 77.488 -1.7 14.245
    endloop
  endfacet
  facet normal 0 1 0
    outer loop
      vertex 77.452 -1.7 14.4877
      vertex 75.9563 -1.7 14.1902
      vertex 75.933 -1.7 14.283
    endloop
  endfacet
  facet normal 0 1 0
    outer loop
      vertex 77.488 -1.7 14.245
      vertex 75.9703 -1.7 14.0956
      vertex 75.9563 -1.7 14.1902
    endloop
  endfacet
  facet normal 0 1 0
    outer loop
      vertex 77.5 -1.7 14
      vertex 75.9703 -1.7 14.0956
      vertex 77.488 -1.7 14.245
    endloop
  endfacet
  facet normal 0 1 0
    outer loop
      vertex 77.5 -1.7 14
      vertex 75.975 -1.7 14
      vertex 75.9703 -1.7 14.0956
    endloop
  endfacet
  facet normal 0 1 0
    outer loop
      vertex 77.5 -1.7 14
      vertex 75.9703 -1.7 13.9044
      vertex 75.975 -1.7 14
    endloop
  endfacet
  facet normal 0 1 0
    outer loop
      vertex 77.5 -1.7 14
      vertex 75.9563 -1.7 13.8098
      vertex 75.9703 -1.7 13.9044
    endloop
  endfacet
  facet normal 0 1 0
    outer loop
      vertex 77.5 -1.7 14
      vertex 75.933 -1.7 13.717
      vertex 75.9563 -1.7 13.8098
    endloop
  endfacet
  facet normal 0 1 0
    outer loop
      vertex 77.5 -1.7 14
      vertex 75.9008 -1.7 13.6269
      vertex 75.933 -1.7 13.717
    endloop
  endfacet
  facet normal 0 1 0
    outer loop
      vertex 77.5 -1.7 14
      vertex 75.8599 -1.7 13.5404
      vertex 75.9008 -1.7 13.6269
    endloop
  endfacet
  facet normal 0 1 0
    outer loop
      vertex 77.5 -1.7 14
      vertex 75.8107 -1.7 13.4583
      vertex 75.8599 -1.7 13.5404
    endloop
  endfacet
  facet normal 0 1 0
    outer loop
      vertex 77.5 -1.7 14
      vertex 75.7537 -1.7 13.3815
      vertex 75.8107 -1.7 13.4583
    endloop
  endfacet
  facet normal 0 1 -0
    outer loop
      vertex 77.5 -1.7 10.5
      vertex 75.7537 -1.7 13.3815
      vertex 77.5 -1.7 14
    endloop
  endfacet
  facet normal 0 1 0
    outer loop
      vertex 75.7537 -1.7 13.3815
      vertex 77.5 -1.7 10.5
      vertex 75.6894 -1.7 13.3106
    endloop
  endfacet
  facet normal 0 1 0
    outer loop
      vertex 75.6894 -1.7 13.3106
      vertex 77.5 -1.7 10.5
      vertex 75.6185 -1.7 13.2463
    endloop
  endfacet
  facet normal 0 1 0
    outer loop
      vertex 75.6185 -1.7 13.2463
      vertex 77.5 -1.7 10.5
      vertex 75.5417 -1.7 13.1893
    endloop
  endfacet
  facet normal 0 1 0
    outer loop
      vertex 75.5417 -1.7 13.1893
      vertex 77.5 -1.7 10.5
      vertex 75.4596 -1.7 13.1401
    endloop
  endfacet
  facet normal 0 1 0
    outer loop
      vertex 75.0956 -1.7 13.0297
      vertex 77.5 -1.7 10.5
      vertex 75 -1.7 13.025
    endloop
  endfacet
  facet normal 0 1 0
    outer loop
      vertex 75.1902 -1.7 13.0437
      vertex 77.5 -1.7 10.5
      vertex 75.0956 -1.7 13.0297
    endloop
  endfacet
  facet normal 0 1 0
    outer loop
      vertex 75.283 -1.7 13.067
      vertex 77.5 -1.7 10.5
      vertex 75.1902 -1.7 13.0437
    endloop
  endfacet
  facet normal 0 1 0
    outer loop
      vertex 75.3731 -1.7 13.0992
      vertex 77.5 -1.7 10.5
      vertex 75.283 -1.7 13.067
    endloop
  endfacet
  facet normal 0 1 0
    outer loop
      vertex 75.4596 -1.7 13.1401
      vertex 77.5 -1.7 10.5
      vertex 75.3731 -1.7 13.0992
    endloop
  endfacet
  facet normal 0 1 -0
    outer loop
      vertex 74.4583 -1.7 14.8107
      vertex 73.6111 -1.7 16.0787
      vertex 74.5404 -1.7 14.8599
    endloop
  endfacet
  facet normal 0 1 0
    outer loop
      vertex 73.6111 -1.7 16.0787
      vertex 74.4583 -1.7 14.8107
      vertex 73.414 -1.7 15.9325
    endloop
  endfacet
  facet normal 0 1 -0
    outer loop
      vertex 74.3815 -1.7 14.7537
      vertex 73.414 -1.7 15.9325
      vertex 74.4583 -1.7 14.8107
    endloop
  endfacet
  facet normal 0 1 0
    outer loop
      vertex 73.414 -1.7 15.9325
      vertex 74.3815 -1.7 14.7537
      vertex 73.2322 -1.7 15.7678
    endloop
  endfacet
  facet normal 0 1 -0
    outer loop
      vertex 74.3106 -1.7 14.6894
      vertex 73.2322 -1.7 15.7678
      vertex 74.3815 -1.7 14.7537
    endloop
  endfacet
  facet normal 0 1 0
    outer loop
      vertex 73.2322 -1.7 15.7678
      vertex 74.3106 -1.7 14.6894
      vertex 73.0675 -1.7 15.586
    endloop
  endfacet
  facet normal 0 1 -0
    outer loop
      vertex 74.2463 -1.7 14.6185
      vertex 73.0675 -1.7 15.586
      vertex 74.3106 -1.7 14.6894
    endloop
  endfacet
  facet normal 0 1 0
    outer loop
      vertex 73.0675 -1.7 15.586
      vertex 74.2463 -1.7 14.6185
      vertex 72.9213 -1.7 15.3889
    endloop
  endfacet
  facet normal 0 1 -0
    outer loop
      vertex 74.1893 -1.7 14.5417
      vertex 72.9213 -1.7 15.3889
      vertex 74.2463 -1.7 14.6185
    endloop
  endfacet
  facet normal 0 1 0
    outer loop
      vertex 72.9213 -1.7 15.3889
      vertex 74.1893 -1.7 14.5417
      vertex 72.7952 -1.7 15.1785
    endloop
  endfacet
  facet normal 0 1 -0
    outer loop
      vertex 74.1401 -1.7 14.4596
      vertex 72.7952 -1.7 15.1785
      vertex 74.1893 -1.7 14.5417
    endloop
  endfacet
  facet normal 0 1 0
    outer loop
      vertex 72.7952 -1.7 15.1785
      vertex 74.1401 -1.7 14.4596
      vertex 72.6903 -1.7 14.9567
    endloop
  endfacet
  facet normal 0 1 -0
    outer loop
      vertex 74.0992 -1.7 14.3731
      vertex 72.6903 -1.7 14.9567
      vertex 74.1401 -1.7 14.4596
    endloop
  endfacet
  facet normal 0 1 0
    outer loop
      vertex 72.6903 -1.7 14.9567
      vertex 74.0992 -1.7 14.3731
      vertex 72.6077 -1.7 14.7257
    endloop
  endfacet
  facet normal 0 1 -0
    outer loop
      vertex 74.067 -1.7 14.283
      vertex 72.6077 -1.7 14.7257
      vertex 74.0992 -1.7 14.3731
    endloop
  endfacet
  facet normal 0 1 0
    outer loop
      vertex 72.6077 -1.7 14.7257
      vertex 74.067 -1.7 14.283
      vertex 72.548 -1.7 14.4877
    endloop
  endfacet
  facet normal 0 1 -0
    outer loop
      vertex 74.0437 -1.7 14.1902
      vertex 72.548 -1.7 14.4877
      vertex 74.067 -1.7 14.283
    endloop
  endfacet
  facet normal 0 1 0
    outer loop
      vertex 72.548 -1.7 14.4877
      vertex 74.0437 -1.7 14.1902
      vertex 72.512 -1.7 14.245
    endloop
  endfacet
  facet normal 0 1 -0
    outer loop
      vertex 74.0297 -1.7 14.0956
      vertex 72.512 -1.7 14.245
      vertex 74.0437 -1.7 14.1902
    endloop
  endfacet
  facet normal 0 1 -0
    outer loop
      vertex 74.025 -1.7 14
      vertex 72.512 -1.7 14.245
      vertex 74.0297 -1.7 14.0956
    endloop
  endfacet
  facet normal 0 1 0
    outer loop
      vertex 74.025 -1.7 14
      vertex 72.5 -1.7 14
      vertex 72.512 -1.7 14.245
    endloop
  endfacet
  facet normal 0 1 0
    outer loop
      vertex 74.0297 -1.7 13.9044
      vertex 72.5 -1.7 14
      vertex 74.025 -1.7 14
    endloop
  endfacet
  facet normal 0 1 0
    outer loop
      vertex 74.0437 -1.7 13.8098
      vertex 72.5 -1.7 14
      vertex 74.0297 -1.7 13.9044
    endloop
  endfacet
  facet normal 0 1 0
    outer loop
      vertex 74.067 -1.7 13.717
      vertex 72.5 -1.7 14
      vertex 74.0437 -1.7 13.8098
    endloop
  endfacet
  facet normal 0 1 0
    outer loop
      vertex 74.0992 -1.7 13.6269
      vertex 72.5 -1.7 14
      vertex 74.067 -1.7 13.717
    endloop
  endfacet
  facet normal 0 1 0
    outer loop
      vertex 74.1401 -1.7 13.5404
      vertex 72.5 -1.7 14
      vertex 74.0992 -1.7 13.6269
    endloop
  endfacet
  facet normal 0 1 0
    outer loop
      vertex 74.1893 -1.7 13.4583
      vertex 72.5 -1.7 14
      vertex 74.1401 -1.7 13.5404
    endloop
  endfacet
  facet normal 0 1 0
    outer loop
      vertex 74.2463 -1.7 13.3815
      vertex 72.5 -1.7 14
      vertex 74.1893 -1.7 13.4583
    endloop
  endfacet
  facet normal 0 1 0
    outer loop
      vertex 72.5 -1.7 10.5
      vertex 74.2463 -1.7 13.3815
      vertex 74.3106 -1.7 13.3106
    endloop
  endfacet
  facet normal 0 1 0
    outer loop
      vertex 72.5 -1.7 10.5
      vertex 74.3106 -1.7 13.3106
      vertex 74.3815 -1.7 13.2463
    endloop
  endfacet
  facet normal 0 1 0
    outer loop
      vertex 72.5 -1.7 10.5
      vertex 74.3815 -1.7 13.2463
      vertex 74.4583 -1.7 13.1893
    endloop
  endfacet
  facet normal 0 1 0
    outer loop
      vertex 72.5 -1.7 10.5
      vertex 74.4583 -1.7 13.1893
      vertex 74.5404 -1.7 13.1401
    endloop
  endfacet
  facet normal 0 1 0
    outer loop
      vertex 72.5 -1.7 10.5
      vertex 74.5404 -1.7 13.1401
      vertex 74.6269 -1.7 13.0992
    endloop
  endfacet
  facet normal 0 1 0
    outer loop
      vertex 72.5 -1.7 10.5
      vertex 75 -1.7 13.025
      vertex 77.5 -1.7 10.5
    endloop
  endfacet
  facet normal 0 1 0
    outer loop
      vertex 75 -1.7 13.025
      vertex 72.5 -1.7 10.5
      vertex 74.9044 -1.7 13.0297
    endloop
  endfacet
  facet normal 0 1 0
    outer loop
      vertex 74.9044 -1.7 13.0297
      vertex 72.5 -1.7 10.5
      vertex 74.8098 -1.7 13.0437
    endloop
  endfacet
  facet normal 0 1 0
    outer loop
      vertex 74.8098 -1.7 13.0437
      vertex 72.5 -1.7 10.5
      vertex 74.717 -1.7 13.067
    endloop
  endfacet
  facet normal 0 1 0
    outer loop
      vertex 74.717 -1.7 13.067
      vertex 72.5 -1.7 10.5
      vertex 74.6269 -1.7 13.0992
    endloop
  endfacet
  facet normal 0 1 0
    outer loop
      vertex 74.2463 -1.7 13.3815
      vertex 72.5 -1.7 10.5
      vertex 72.5 -1.7 14
    endloop
  endfacet
  facet normal 0 -1 0
    outer loop
      vertex 75 -4.2 14.975
      vertex 75 -4.2 16.5
      vertex 74.755 -4.2 16.488
    endloop
  endfacet
  facet normal 0 -1 0
    outer loop
      vertex 74.9044 -4.2 14.9703
      vertex 74.755 -4.2 16.488
      vertex 74.5123 -4.2 16.452
    endloop
  endfacet
  facet normal 0 -1 0
    outer loop
      vertex 75 -4.2 16.5
      vertex 75 -4.2 14.975
      vertex 75.245 -4.2 16.488
    endloop
  endfacet
  facet normal 0 -1 0
    outer loop
      vertex 74.8098 -4.2 14.9563
      vertex 74.5123 -4.2 16.452
      vertex 74.2743 -4.2 16.3923
    endloop
  endfacet
  facet normal 0 -1 0
    outer loop
      vertex 75.0956 -4.2 14.9703
      vertex 75.245 -4.2 16.488
      vertex 75 -4.2 14.975
    endloop
  endfacet
  facet normal 0 -1 0
    outer loop
      vertex 74.717 -4.2 14.933
      vertex 74.2743 -4.2 16.3923
      vertex 74.0433 -4.2 16.3097
    endloop
  endfacet
  facet normal 0 -1 -0
    outer loop
      vertex 75.245 -4.2 16.488
      vertex 75.0956 -4.2 14.9703
      vertex 75.4877 -4.2 16.452
    endloop
  endfacet
  facet normal 0 -1 0
    outer loop
      vertex 74.6269 -4.2 14.9008
      vertex 74.0433 -4.2 16.3097
      vertex 73.8215 -4.2 16.2048
    endloop
  endfacet
  facet normal 0 -1 0
    outer loop
      vertex 75.1902 -4.2 14.9563
      vertex 75.4877 -4.2 16.452
      vertex 75.0956 -4.2 14.9703
    endloop
  endfacet
  facet normal 0 -1 0
    outer loop
      vertex 74.5404 -4.2 14.8599
      vertex 73.8215 -4.2 16.2048
      vertex 73.6111 -4.2 16.0787
    endloop
  endfacet
  facet normal 0 -1 -0
    outer loop
      vertex 75.4877 -4.2 16.452
      vertex 75.1902 -4.2 14.9563
      vertex 75.7257 -4.2 16.3923
    endloop
  endfacet
  facet normal 0 -1 0
    outer loop
      vertex 74.4583 -4.2 14.8107
      vertex 73.6111 -4.2 16.0787
      vertex 73.414 -4.2 15.9325
    endloop
  endfacet
  facet normal 0 -1 0
    outer loop
      vertex 75.283 -4.2 14.933
      vertex 75.7257 -4.2 16.3923
      vertex 75.1902 -4.2 14.9563
    endloop
  endfacet
  facet normal 0 -1 0
    outer loop
      vertex 74.3815 -4.2 14.7537
      vertex 73.414 -4.2 15.9325
      vertex 73.2322 -4.2 15.7678
    endloop
  endfacet
  facet normal 0 -1 -0
    outer loop
      vertex 75.7257 -4.2 16.3923
      vertex 75.283 -4.2 14.933
      vertex 75.9567 -4.2 16.3097
    endloop
  endfacet
  facet normal 0 -1 0
    outer loop
      vertex 74.3106 -4.2 14.6894
      vertex 73.2322 -4.2 15.7678
      vertex 73.0675 -4.2 15.586
    endloop
  endfacet
  facet normal 0 -1 0
    outer loop
      vertex 75.3731 -4.2 14.9008
      vertex 75.9567 -4.2 16.3097
      vertex 75.283 -4.2 14.933
    endloop
  endfacet
  facet normal 0 -1 0
    outer loop
      vertex 74.2463 -4.2 14.6185
      vertex 73.0675 -4.2 15.586
      vertex 72.9213 -4.2 15.3889
    endloop
  endfacet
  facet normal 0 -1 -0
    outer loop
      vertex 75.9567 -4.2 16.3097
      vertex 75.3731 -4.2 14.9008
      vertex 76.1785 -4.2 16.2048
    endloop
  endfacet
  facet normal 0 -1 0
    outer loop
      vertex 74.1893 -4.2 14.5417
      vertex 72.9213 -4.2 15.3889
      vertex 72.7952 -4.2 15.1785
    endloop
  endfacet
  facet normal 0 -1 0
    outer loop
      vertex 75.4596 -4.2 14.8599
      vertex 76.1785 -4.2 16.2048
      vertex 75.3731 -4.2 14.9008
    endloop
  endfacet
  facet normal 0 -1 -0
    outer loop
      vertex 76.1785 -4.2 16.2048
      vertex 75.4596 -4.2 14.8599
      vertex 76.3889 -4.2 16.0787
    endloop
  endfacet
  facet normal 0 -1 0
    outer loop
      vertex 74.755 -4.2 16.488
      vertex 74.9044 -4.2 14.9703
      vertex 75 -4.2 14.975
    endloop
  endfacet
  facet normal 0 -1 0
    outer loop
      vertex 74.1401 -4.2 14.4596
      vertex 72.7952 -4.2 15.1785
      vertex 72.6903 -4.2 14.9567
    endloop
  endfacet
  facet normal 0 -1 0
    outer loop
      vertex 74.5123 -4.2 16.452
      vertex 74.8098 -4.2 14.9563
      vertex 74.9044 -4.2 14.9703
    endloop
  endfacet
  facet normal 0 -1 0
    outer loop
      vertex 74.2743 -4.2 16.3923
      vertex 74.717 -4.2 14.933
      vertex 74.8098 -4.2 14.9563
    endloop
  endfacet
  facet normal 0 -1 0
    outer loop
      vertex 74.0433 -4.2 16.3097
      vertex 74.6269 -4.2 14.9008
      vertex 74.717 -4.2 14.933
    endloop
  endfacet
  facet normal 0 -1 0
    outer loop
      vertex 73.8215 -4.2 16.2048
      vertex 74.5404 -4.2 14.8599
      vertex 74.6269 -4.2 14.9008
    endloop
  endfacet
  facet normal 0 -1 0
    outer loop
      vertex 73.6111 -4.2 16.0787
      vertex 74.4583 -4.2 14.8107
      vertex 74.5404 -4.2 14.8599
    endloop
  endfacet
  facet normal 0 -1 0
    outer loop
      vertex 73.414 -4.2 15.9325
      vertex 74.3815 -4.2 14.7537
      vertex 74.4583 -4.2 14.8107
    endloop
  endfacet
  facet normal 0 -1 0
    outer loop
      vertex 74.0992 -4.2 14.3731
      vertex 72.6903 -4.2 14.9567
      vertex 72.6077 -4.2 14.7257
    endloop
  endfacet
  facet normal 0 -1 0
    outer loop
      vertex 73.2322 -4.2 15.7678
      vertex 74.3106 -4.2 14.6894
      vertex 74.3815 -4.2 14.7537
    endloop
  endfacet
  facet normal 0 -1 0
    outer loop
      vertex 73.0675 -4.2 15.586
      vertex 74.2463 -4.2 14.6185
      vertex 74.3106 -4.2 14.6894
    endloop
  endfacet
  facet normal 0 -1 0
    outer loop
      vertex 72.9213 -4.2 15.3889
      vertex 74.1893 -4.2 14.5417
      vertex 74.2463 -4.2 14.6185
    endloop
  endfacet
  facet normal 0 -1 0
    outer loop
      vertex 74.067 -4.2 14.283
      vertex 72.6077 -4.2 14.7257
      vertex 72.548 -4.2 14.4877
    endloop
  endfacet
  facet normal 0 -1 0
    outer loop
      vertex 72.7952 -4.2 15.1785
      vertex 74.1401 -4.2 14.4596
      vertex 74.1893 -4.2 14.5417
    endloop
  endfacet
  facet normal 0 -1 0
    outer loop
      vertex 72.6903 -4.2 14.9567
      vertex 74.0992 -4.2 14.3731
      vertex 74.1401 -4.2 14.4596
    endloop
  endfacet
  facet normal 0 -1 0
    outer loop
      vertex 72.6077 -4.2 14.7257
      vertex 74.067 -4.2 14.283
      vertex 74.0992 -4.2 14.3731
    endloop
  endfacet
  facet normal 0 -1 0
    outer loop
      vertex 74.0437 -4.2 14.1902
      vertex 72.548 -4.2 14.4877
      vertex 72.512 -4.2 14.245
    endloop
  endfacet
  facet normal 0 -1 0
    outer loop
      vertex 72.548 -4.2 14.4877
      vertex 74.0437 -4.2 14.1902
      vertex 74.067 -4.2 14.283
    endloop
  endfacet
  facet normal 0 -1 0
    outer loop
      vertex 72.512 -4.2 14.245
      vertex 74.0297 -4.2 14.0956
      vertex 74.0437 -4.2 14.1902
    endloop
  endfacet
  facet normal 0 -1 0
    outer loop
      vertex 72.5 -4.2 14
      vertex 74.0297 -4.2 14.0956
      vertex 72.512 -4.2 14.245
    endloop
  endfacet
  facet normal 0 -1 0
    outer loop
      vertex 72.5 -4.2 14
      vertex 74.025 -4.2 14
      vertex 74.0297 -4.2 14.0956
    endloop
  endfacet
  facet normal 0 -1 0
    outer loop
      vertex 72.5 -4.2 14
      vertex 74.0297 -4.2 13.9044
      vertex 74.025 -4.2 14
    endloop
  endfacet
  facet normal 0 -1 0
    outer loop
      vertex 72.5 -4.2 14
      vertex 74.0437 -4.2 13.8098
      vertex 74.0297 -4.2 13.9044
    endloop
  endfacet
  facet normal 0 -1 0
    outer loop
      vertex 72.5 -4.2 14
      vertex 74.067 -4.2 13.717
      vertex 74.0437 -4.2 13.8098
    endloop
  endfacet
  facet normal 0 -1 0
    outer loop
      vertex 72.5 -4.2 14
      vertex 74.0992 -4.2 13.6269
      vertex 74.067 -4.2 13.717
    endloop
  endfacet
  facet normal 0 -1 0
    outer loop
      vertex 72.5 -4.2 14
      vertex 74.1401 -4.2 13.5404
      vertex 74.0992 -4.2 13.6269
    endloop
  endfacet
  facet normal 0 -1 0
    outer loop
      vertex 72.5 -4.2 14
      vertex 74.1893 -4.2 13.4583
      vertex 74.1401 -4.2 13.5404
    endloop
  endfacet
  facet normal 0 -1 0
    outer loop
      vertex 72.5 -4.2 14
      vertex 74.2463 -4.2 13.3815
      vertex 74.1893 -4.2 13.4583
    endloop
  endfacet
  facet normal 0 -1 0
    outer loop
      vertex 72.5 -4.2 10.5
      vertex 74.2463 -4.2 13.3815
      vertex 72.5 -4.2 14
    endloop
  endfacet
  facet normal 0 -1 -0
    outer loop
      vertex 74.2463 -4.2 13.3815
      vertex 72.5 -4.2 10.5
      vertex 74.3106 -4.2 13.3106
    endloop
  endfacet
  facet normal 0 -1 -0
    outer loop
      vertex 74.3106 -4.2 13.3106
      vertex 72.5 -4.2 10.5
      vertex 74.3815 -4.2 13.2463
    endloop
  endfacet
  facet normal 0 -1 -0
    outer loop
      vertex 74.3815 -4.2 13.2463
      vertex 72.5 -4.2 10.5
      vertex 74.4583 -4.2 13.1893
    endloop
  endfacet
  facet normal 0 -1 -0
    outer loop
      vertex 74.4583 -4.2 13.1893
      vertex 72.5 -4.2 10.5
      vertex 74.5404 -4.2 13.1401
    endloop
  endfacet
  facet normal 0 -1 -0
    outer loop
      vertex 74.9044 -4.2 13.0297
      vertex 72.5 -4.2 10.5
      vertex 75 -4.2 13.025
    endloop
  endfacet
  facet normal 0 -1 -0
    outer loop
      vertex 74.8098 -4.2 13.0437
      vertex 72.5 -4.2 10.5
      vertex 74.9044 -4.2 13.0297
    endloop
  endfacet
  facet normal 0 -1 -0
    outer loop
      vertex 74.717 -4.2 13.067
      vertex 72.5 -4.2 10.5
      vertex 74.8098 -4.2 13.0437
    endloop
  endfacet
  facet normal 0 -1 -0
    outer loop
      vertex 74.6269 -4.2 13.0992
      vertex 72.5 -4.2 10.5
      vertex 74.717 -4.2 13.067
    endloop
  endfacet
  facet normal 0 -1 -0
    outer loop
      vertex 74.5404 -4.2 13.1401
      vertex 72.5 -4.2 10.5
      vertex 74.6269 -4.2 13.0992
    endloop
  endfacet
  facet normal 0 -1 0
    outer loop
      vertex 75.5417 -4.2 14.8107
      vertex 76.3889 -4.2 16.0787
      vertex 75.4596 -4.2 14.8599
    endloop
  endfacet
  facet normal 0 -1 -0
    outer loop
      vertex 76.3889 -4.2 16.0787
      vertex 75.5417 -4.2 14.8107
      vertex 76.586 -4.2 15.9325
    endloop
  endfacet
  facet normal 0 -1 0
    outer loop
      vertex 75.6185 -4.2 14.7537
      vertex 76.586 -4.2 15.9325
      vertex 75.5417 -4.2 14.8107
    endloop
  endfacet
  facet normal 0 -1 -0
    outer loop
      vertex 76.586 -4.2 15.9325
      vertex 75.6185 -4.2 14.7537
      vertex 76.7678 -4.2 15.7678
    endloop
  endfacet
  facet normal 0 -1 0
    outer loop
      vertex 75.6894 -4.2 14.6894
      vertex 76.7678 -4.2 15.7678
      vertex 75.6185 -4.2 14.7537
    endloop
  endfacet
  facet normal 0 -1 -0
    outer loop
      vertex 76.7678 -4.2 15.7678
      vertex 75.6894 -4.2 14.6894
      vertex 76.9325 -4.2 15.586
    endloop
  endfacet
  facet normal 0 -1 0
    outer loop
      vertex 75.7537 -4.2 14.6185
      vertex 76.9325 -4.2 15.586
      vertex 75.6894 -4.2 14.6894
    endloop
  endfacet
  facet normal 0 -1 -0
    outer loop
      vertex 76.9325 -4.2 15.586
      vertex 75.7537 -4.2 14.6185
      vertex 77.0787 -4.2 15.3889
    endloop
  endfacet
  facet normal 0 -1 0
    outer loop
      vertex 75.8107 -4.2 14.5417
      vertex 77.0787 -4.2 15.3889
      vertex 75.7537 -4.2 14.6185
    endloop
  endfacet
  facet normal 0 -1 -0
    outer loop
      vertex 77.0787 -4.2 15.3889
      vertex 75.8107 -4.2 14.5417
      vertex 77.2048 -4.2 15.1785
    endloop
  endfacet
  facet normal 0 -1 0
    outer loop
      vertex 75.8599 -4.2 14.4596
      vertex 77.2048 -4.2 15.1785
      vertex 75.8107 -4.2 14.5417
    endloop
  endfacet
  facet normal 0 -1 -0
    outer loop
      vertex 77.2048 -4.2 15.1785
      vertex 75.8599 -4.2 14.4596
      vertex 77.3097 -4.2 14.9567
    endloop
  endfacet
  facet normal 0 -1 0
    outer loop
      vertex 75.9008 -4.2 14.3731
      vertex 77.3097 -4.2 14.9567
      vertex 75.8599 -4.2 14.4596
    endloop
  endfacet
  facet normal 0 -1 -0
    outer loop
      vertex 77.3097 -4.2 14.9567
      vertex 75.9008 -4.2 14.3731
      vertex 77.3923 -4.2 14.7257
    endloop
  endfacet
  facet normal 0 -1 0
    outer loop
      vertex 75.933 -4.2 14.283
      vertex 77.3923 -4.2 14.7257
      vertex 75.9008 -4.2 14.3731
    endloop
  endfacet
  facet normal 0 -1 -0
    outer loop
      vertex 77.3923 -4.2 14.7257
      vertex 75.933 -4.2 14.283
      vertex 77.452 -4.2 14.4877
    endloop
  endfacet
  facet normal 0 -1 0
    outer loop
      vertex 75.9563 -4.2 14.1902
      vertex 77.452 -4.2 14.4877
      vertex 75.933 -4.2 14.283
    endloop
  endfacet
  facet normal 0 -1 -0
    outer loop
      vertex 77.452 -4.2 14.4877
      vertex 75.9563 -4.2 14.1902
      vertex 77.488 -4.2 14.245
    endloop
  endfacet
  facet normal 0 -1 0
    outer loop
      vertex 75.9703 -4.2 14.0956
      vertex 77.488 -4.2 14.245
      vertex 75.9563 -4.2 14.1902
    endloop
  endfacet
  facet normal 0 -1 0
    outer loop
      vertex 75.975 -4.2 14
      vertex 77.488 -4.2 14.245
      vertex 75.9703 -4.2 14.0956
    endloop
  endfacet
  facet normal 0 -1 0
    outer loop
      vertex 75.975 -4.2 14
      vertex 77.5 -4.2 14
      vertex 77.488 -4.2 14.245
    endloop
  endfacet
  facet normal 0 -1 0
    outer loop
      vertex 75.9703 -4.2 13.9044
      vertex 77.5 -4.2 14
      vertex 75.975 -4.2 14
    endloop
  endfacet
  facet normal 0 -1 0
    outer loop
      vertex 75.9563 -4.2 13.8098
      vertex 77.5 -4.2 14
      vertex 75.9703 -4.2 13.9044
    endloop
  endfacet
  facet normal 0 -1 0
    outer loop
      vertex 75.933 -4.2 13.717
      vertex 77.5 -4.2 14
      vertex 75.9563 -4.2 13.8098
    endloop
  endfacet
  facet normal 0 -1 0
    outer loop
      vertex 75.9008 -4.2 13.6269
      vertex 77.5 -4.2 14
      vertex 75.933 -4.2 13.717
    endloop
  endfacet
  facet normal 0 -1 0
    outer loop
      vertex 75.8599 -4.2 13.5404
      vertex 77.5 -4.2 14
      vertex 75.9008 -4.2 13.6269
    endloop
  endfacet
  facet normal 0 -1 0
    outer loop
      vertex 75.8107 -4.2 13.4583
      vertex 77.5 -4.2 14
      vertex 75.8599 -4.2 13.5404
    endloop
  endfacet
  facet normal 0 -1 0
    outer loop
      vertex 75.7537 -4.2 13.3815
      vertex 77.5 -4.2 14
      vertex 75.8107 -4.2 13.4583
    endloop
  endfacet
  facet normal 0 -1 0
    outer loop
      vertex 77.5 -4.2 10.5
      vertex 75.7537 -4.2 13.3815
      vertex 75.6894 -4.2 13.3106
    endloop
  endfacet
  facet normal 0 -1 0
    outer loop
      vertex 77.5 -4.2 10.5
      vertex 75.6894 -4.2 13.3106
      vertex 75.6185 -4.2 13.2463
    endloop
  endfacet
  facet normal 0 -1 0
    outer loop
      vertex 77.5 -4.2 10.5
      vertex 75.6185 -4.2 13.2463
      vertex 75.5417 -4.2 13.1893
    endloop
  endfacet
  facet normal 0 -1 0
    outer loop
      vertex 77.5 -4.2 10.5
      vertex 75.5417 -4.2 13.1893
      vertex 75.4596 -4.2 13.1401
    endloop
  endfacet
  facet normal 0 -1 0
    outer loop
      vertex 77.5 -4.2 10.5
      vertex 75.4596 -4.2 13.1401
      vertex 75.3731 -4.2 13.0992
    endloop
  endfacet
  facet normal 0 -1 0
    outer loop
      vertex 77.5 -4.2 10.5
      vertex 75 -4.2 13.025
      vertex 72.5 -4.2 10.5
    endloop
  endfacet
  facet normal 0 -1 0
    outer loop
      vertex 75 -4.2 13.025
      vertex 77.5 -4.2 10.5
      vertex 75.0956 -4.2 13.0297
    endloop
  endfacet
  facet normal 0 -1 0
    outer loop
      vertex 75.0956 -4.2 13.0297
      vertex 77.5 -4.2 10.5
      vertex 75.1902 -4.2 13.0437
    endloop
  endfacet
  facet normal 0 -1 0
    outer loop
      vertex 75.1902 -4.2 13.0437
      vertex 77.5 -4.2 10.5
      vertex 75.283 -4.2 13.067
    endloop
  endfacet
  facet normal 0 -1 0
    outer loop
      vertex 75.283 -4.2 13.067
      vertex 77.5 -4.2 10.5
      vertex 75.3731 -4.2 13.0992
    endloop
  endfacet
  facet normal 0 -1 0
    outer loop
      vertex 75.7537 -4.2 13.3815
      vertex 77.5 -4.2 10.5
      vertex 77.5 -4.2 14
    endloop
  endfacet
  facet normal 0.336698 0 0.941613
    outer loop
      vertex 75.7257 -1.7 16.3923
      vertex 75.9567 -4.2 16.3097
      vertex 75.9567 -1.7 16.3097
    endloop
  endfacet
  facet normal 0.336698 0 0.941613
    outer loop
      vertex 75.9567 -4.2 16.3097
      vertex 75.7257 -1.7 16.3923
      vertex 75.7257 -4.2 16.3923
    endloop
  endfacet
  facet normal -0.146726 0 0.989177
    outer loop
      vertex 74.5123 -1.7 16.452
      vertex 74.755 -4.2 16.488
      vertex 74.755 -1.7 16.488
    endloop
  endfacet
  facet normal -0.146726 0 0.989177
    outer loop
      vertex 74.755 -4.2 16.488
      vertex 74.5123 -1.7 16.452
      vertex 74.5123 -4.2 16.452
    endloop
  endfacet
  facet normal -0.941613 0 0.336698
    outer loop
      vertex 72.6077 -4.2 14.7257
      vertex 72.6903 -1.7 14.9567
      vertex 72.6077 -1.7 14.7257
    endloop
  endfacet
  facet normal -0.941613 0 0.336698
    outer loop
      vertex 72.6903 -1.7 14.9567
      vertex 72.6077 -4.2 14.7257
      vertex 72.6903 -4.2 14.9567
    endloop
  endfacet
  facet normal 0.998803 -0 0.0489209
    outer loop
      vertex 77.488 -4.2 14.245
      vertex 77.5 -1.7 14
      vertex 77.488 -1.7 14.245
    endloop
  endfacet
  facet normal 0.998803 0 0.0489209
    outer loop
      vertex 77.5 -1.7 14
      vertex 77.488 -4.2 14.245
      vertex 77.5 -4.2 14
    endloop
  endfacet
  facet normal -0.803167 0 0.595754
    outer loop
      vertex 72.9213 -4.2 15.3889
      vertex 73.0675 -1.7 15.586
      vertex 72.9213 -1.7 15.3889
    endloop
  endfacet
  facet normal -0.803167 0 0.595754
    outer loop
      vertex 73.0675 -1.7 15.586
      vertex 72.9213 -4.2 15.3889
      vertex 73.0675 -4.2 15.586
    endloop
  endfacet
  facet normal 0.514076 0 0.857745
    outer loop
      vertex 76.1785 -1.7 16.2048
      vertex 76.3889 -4.2 16.0787
      vertex 76.3889 -1.7 16.0787
    endloop
  endfacet
  facet normal 0.514076 0 0.857745
    outer loop
      vertex 76.3889 -4.2 16.0787
      vertex 76.1785 -1.7 16.2048
      vertex 76.1785 -4.2 16.2048
    endloop
  endfacet
  facet normal 0.427543 0 0.903995
    outer loop
      vertex 75.9567 -1.7 16.3097
      vertex 76.1785 -4.2 16.2048
      vertex 76.1785 -1.7 16.2048
    endloop
  endfacet
  facet normal 0.427543 0 0.903995
    outer loop
      vertex 76.1785 -4.2 16.2048
      vertex 75.9567 -1.7 16.3097
      vertex 75.9567 -4.2 16.3097
    endloop
  endfacet
  facet normal 0.803167 -0 0.595754
    outer loop
      vertex 76.9325 -4.2 15.586
      vertex 77.0787 -1.7 15.3889
      vertex 76.9325 -1.7 15.586
    endloop
  endfacet
  facet normal 0.803167 0 0.595754
    outer loop
      vertex 77.0787 -1.7 15.3889
      vertex 76.9325 -4.2 15.586
      vertex 77.0787 -4.2 15.3889
    endloop
  endfacet
  facet normal -0.741101 0 0.671394
    outer loop
      vertex 73.0675 -4.2 15.586
      vertex 73.2322 -1.7 15.7678
      vertex 73.0675 -1.7 15.586
    endloop
  endfacet
  facet normal -0.741101 0 0.671394
    outer loop
      vertex 73.2322 -1.7 15.7678
      vertex 73.0675 -4.2 15.586
      vertex 73.2322 -4.2 15.7678
    endloop
  endfacet
  facet normal 0.243303 0 0.96995
    outer loop
      vertex 75.4877 -1.7 16.452
      vertex 75.7257 -4.2 16.3923
      vertex 75.7257 -1.7 16.3923
    endloop
  endfacet
  facet normal 0.243303 0 0.96995
    outer loop
      vertex 75.7257 -4.2 16.3923
      vertex 75.4877 -1.7 16.452
      vertex 75.4877 -4.2 16.452
    endloop
  endfacet
  facet normal -0.243303 0 0.96995
    outer loop
      vertex 74.2743 -1.7 16.3923
      vertex 74.5123 -4.2 16.452
      vertex 74.5123 -1.7 16.452
    endloop
  endfacet
  facet normal -0.243303 0 0.96995
    outer loop
      vertex 74.5123 -4.2 16.452
      vertex 74.2743 -1.7 16.3923
      vertex 74.2743 -4.2 16.3923
    endloop
  endfacet
  facet normal 0.903995 -0 0.427543
    outer loop
      vertex 77.2048 -4.2 15.1785
      vertex 77.3097 -1.7 14.9567
      vertex 77.2048 -1.7 15.1785
    endloop
  endfacet
  facet normal 0.903995 0 0.427543
    outer loop
      vertex 77.3097 -1.7 14.9567
      vertex 77.2048 -4.2 15.1785
      vertex 77.3097 -4.2 14.9567
    endloop
  endfacet
  facet normal 0.671394 0 0.741101
    outer loop
      vertex 76.586 -1.7 15.9325
      vertex 76.7678 -4.2 15.7678
      vertex 76.7678 -1.7 15.7678
    endloop
  endfacet
  facet normal 0.671394 0 0.741101
    outer loop
      vertex 76.7678 -4.2 15.7678
      vertex 76.586 -1.7 15.9325
      vertex 76.586 -4.2 15.9325
    endloop
  endfacet
  facet normal 0.0489209 0 0.998803
    outer loop
      vertex 75 -1.7 16.5
      vertex 75.245 -4.2 16.488
      vertex 75.245 -1.7 16.488
    endloop
  endfacet
  facet normal 0.0489209 0 0.998803
    outer loop
      vertex 75.245 -4.2 16.488
      vertex 75 -1.7 16.5
      vertex 75 -4.2 16.5
    endloop
  endfacet
  facet normal -0.514076 0 0.857745
    outer loop
      vertex 73.6111 -1.7 16.0787
      vertex 73.8215 -4.2 16.2048
      vertex 73.8215 -1.7 16.2048
    endloop
  endfacet
  facet normal -0.514076 0 0.857745
    outer loop
      vertex 73.8215 -4.2 16.2048
      vertex 73.6111 -1.7 16.0787
      vertex 73.6111 -4.2 16.0787
    endloop
  endfacet
  facet normal 0.96995 -0 0.243303
    outer loop
      vertex 77.3923 -4.2 14.7257
      vertex 77.452 -1.7 14.4877
      vertex 77.3923 -1.7 14.7257
    endloop
  endfacet
  facet normal 0.96995 0 0.243303
    outer loop
      vertex 77.452 -1.7 14.4877
      vertex 77.3923 -4.2 14.7257
      vertex 77.452 -4.2 14.4877
    endloop
  endfacet
  facet normal -0.903995 0 0.427543
    outer loop
      vertex 72.6903 -4.2 14.9567
      vertex 72.7952 -1.7 15.1785
      vertex 72.6903 -1.7 14.9567
    endloop
  endfacet
  facet normal -0.903995 0 0.427543
    outer loop
      vertex 72.7952 -1.7 15.1785
      vertex 72.6903 -4.2 14.9567
      vertex 72.7952 -4.2 15.1785
    endloop
  endfacet
  facet normal 0.989177 -0 0.146726
    outer loop
      vertex 77.452 -4.2 14.4877
      vertex 77.488 -1.7 14.245
      vertex 77.452 -1.7 14.4877
    endloop
  endfacet
  facet normal 0.989177 0 0.146726
    outer loop
      vertex 77.488 -1.7 14.245
      vertex 77.452 -4.2 14.4877
      vertex 77.488 -4.2 14.245
    endloop
  endfacet
  facet normal 0.741101 -0 0.671394
    outer loop
      vertex 76.7678 -4.2 15.7678
      vertex 76.9325 -1.7 15.586
      vertex 76.7678 -1.7 15.7678
    endloop
  endfacet
  facet normal 0.741101 0 0.671394
    outer loop
      vertex 76.9325 -1.7 15.586
      vertex 76.7678 -4.2 15.7678
      vertex 76.9325 -4.2 15.586
    endloop
  endfacet
  facet normal 0.941613 -0 0.336698
    outer loop
      vertex 77.3097 -4.2 14.9567
      vertex 77.3923 -1.7 14.7257
      vertex 77.3097 -1.7 14.9567
    endloop
  endfacet
  facet normal 0.941613 0 0.336698
    outer loop
      vertex 77.3923 -1.7 14.7257
      vertex 77.3097 -4.2 14.9567
      vertex 77.3923 -4.2 14.7257
    endloop
  endfacet
  facet normal -0.989177 0 0.146726
    outer loop
      vertex 72.512 -4.2 14.245
      vertex 72.548 -1.7 14.4877
      vertex 72.512 -1.7 14.245
    endloop
  endfacet
  facet normal -0.989177 0 0.146726
    outer loop
      vertex 72.548 -1.7 14.4877
      vertex 72.512 -4.2 14.245
      vertex 72.548 -4.2 14.4877
    endloop
  endfacet
  facet normal 0.857745 -0 0.514076
    outer loop
      vertex 77.0787 -4.2 15.3889
      vertex 77.2048 -1.7 15.1785
      vertex 77.0787 -1.7 15.3889
    endloop
  endfacet
  facet normal 0.857745 0 0.514076
    outer loop
      vertex 77.2048 -1.7 15.1785
      vertex 77.0787 -4.2 15.3889
      vertex 77.2048 -4.2 15.1785
    endloop
  endfacet
  facet normal -0.427543 0 0.903995
    outer loop
      vertex 73.8215 -1.7 16.2048
      vertex 74.0433 -4.2 16.3097
      vertex 74.0433 -1.7 16.3097
    endloop
  endfacet
  facet normal -0.427543 0 0.903995
    outer loop
      vertex 74.0433 -4.2 16.3097
      vertex 73.8215 -1.7 16.2048
      vertex 73.8215 -4.2 16.2048
    endloop
  endfacet
  facet normal 0.146726 0 0.989177
    outer loop
      vertex 75.245 -1.7 16.488
      vertex 75.4877 -4.2 16.452
      vertex 75.4877 -1.7 16.452
    endloop
  endfacet
  facet normal 0.146726 0 0.989177
    outer loop
      vertex 75.4877 -4.2 16.452
      vertex 75.245 -1.7 16.488
      vertex 75.245 -4.2 16.488
    endloop
  endfacet
  facet normal -0.857745 0 0.514076
    outer loop
      vertex 72.7952 -4.2 15.1785
      vertex 72.9213 -1.7 15.3889
      vertex 72.7952 -1.7 15.1785
    endloop
  endfacet
  facet normal -0.857745 0 0.514076
    outer loop
      vertex 72.9213 -1.7 15.3889
      vertex 72.7952 -4.2 15.1785
      vertex 72.9213 -4.2 15.3889
    endloop
  endfacet
  facet normal -0.96995 0 0.243303
    outer loop
      vertex 72.548 -4.2 14.4877
      vertex 72.6077 -1.7 14.7257
      vertex 72.548 -1.7 14.4877
    endloop
  endfacet
  facet normal -0.96995 0 0.243303
    outer loop
      vertex 72.6077 -1.7 14.7257
      vertex 72.548 -4.2 14.4877
      vertex 72.6077 -4.2 14.7257
    endloop
  endfacet
  facet normal 0.595754 0 0.803167
    outer loop
      vertex 76.3889 -1.7 16.0787
      vertex 76.586 -4.2 15.9325
      vertex 76.586 -1.7 15.9325
    endloop
  endfacet
  facet normal 0.595754 0 0.803167
    outer loop
      vertex 76.586 -4.2 15.9325
      vertex 76.3889 -1.7 16.0787
      vertex 76.3889 -4.2 16.0787
    endloop
  endfacet
  facet normal -0.0489209 0 0.998803
    outer loop
      vertex 74.755 -1.7 16.488
      vertex 75 -4.2 16.5
      vertex 75 -1.7 16.5
    endloop
  endfacet
  facet normal -0.0489209 0 0.998803
    outer loop
      vertex 75 -4.2 16.5
      vertex 74.755 -1.7 16.488
      vertex 74.755 -4.2 16.488
    endloop
  endfacet
  facet normal -0.998803 0 0.0489209
    outer loop
      vertex 72.5 -4.2 14
      vertex 72.512 -1.7 14.245
      vertex 72.5 -1.7 14
    endloop
  endfacet
  facet normal -0.998803 0 0.0489209
    outer loop
      vertex 72.512 -1.7 14.245
      vertex 72.5 -4.2 14
      vertex 72.512 -4.2 14.245
    endloop
  endfacet
  facet normal -0.671394 0 0.741101
    outer loop
      vertex 73.2322 -1.7 15.7678
      vertex 73.414 -4.2 15.9325
      vertex 73.414 -1.7 15.9325
    endloop
  endfacet
  facet normal -0.671394 0 0.741101
    outer loop
      vertex 73.414 -4.2 15.9325
      vertex 73.2322 -1.7 15.7678
      vertex 73.2322 -4.2 15.7678
    endloop
  endfacet
  facet normal -0.336698 0 0.941613
    outer loop
      vertex 74.0433 -1.7 16.3097
      vertex 74.2743 -4.2 16.3923
      vertex 74.2743 -1.7 16.3923
    endloop
  endfacet
  facet normal -0.336698 0 0.941613
    outer loop
      vertex 74.2743 -4.2 16.3923
      vertex 74.0433 -1.7 16.3097
      vertex 74.0433 -4.2 16.3097
    endloop
  endfacet
  facet normal -0.595754 0 0.803167
    outer loop
      vertex 73.414 -1.7 15.9325
      vertex 73.6111 -4.2 16.0787
      vertex 73.6111 -1.7 16.0787
    endloop
  endfacet
  facet normal -0.595754 0 0.803167
    outer loop
      vertex 73.6111 -4.2 16.0787
      vertex 73.414 -1.7 15.9325
      vertex 73.414 -4.2 15.9325
    endloop
  endfacet
  facet normal 0 1 0
    outer loop
      vertex 75 4.2 14.975
      vertex 75 4.2 16.5
      vertex 75.245 4.2 16.488
    endloop
  endfacet
  facet normal 0 1 0
    outer loop
      vertex 75.0956 4.2 14.9703
      vertex 75.245 4.2 16.488
      vertex 75.4877 4.2 16.452
    endloop
  endfacet
  facet normal 0 1 0
    outer loop
      vertex 75 4.2 16.5
      vertex 75 4.2 14.975
      vertex 74.755 4.2 16.488
    endloop
  endfacet
  facet normal 0 1 0
    outer loop
      vertex 75.1902 4.2 14.9563
      vertex 75.4877 4.2 16.452
      vertex 75.7257 4.2 16.3923
    endloop
  endfacet
  facet normal 0 1 -0
    outer loop
      vertex 74.9044 4.2 14.9703
      vertex 74.755 4.2 16.488
      vertex 75 4.2 14.975
    endloop
  endfacet
  facet normal 0 1 0
    outer loop
      vertex 75.283 4.2 14.933
      vertex 75.7257 4.2 16.3923
      vertex 75.9567 4.2 16.3097
    endloop
  endfacet
  facet normal 0 1 0
    outer loop
      vertex 74.755 4.2 16.488
      vertex 74.9044 4.2 14.9703
      vertex 74.5123 4.2 16.452
    endloop
  endfacet
  facet normal 0 1 0
    outer loop
      vertex 75.3731 4.2 14.9008
      vertex 75.9567 4.2 16.3097
      vertex 76.1785 4.2 16.2048
    endloop
  endfacet
  facet normal 0 1 -0
    outer loop
      vertex 74.8098 4.2 14.9563
      vertex 74.5123 4.2 16.452
      vertex 74.9044 4.2 14.9703
    endloop
  endfacet
  facet normal 0 1 0
    outer loop
      vertex 75.4596 4.2 14.8599
      vertex 76.1785 4.2 16.2048
      vertex 76.3889 4.2 16.0787
    endloop
  endfacet
  facet normal 0 1 0
    outer loop
      vertex 74.5123 4.2 16.452
      vertex 74.8098 4.2 14.9563
      vertex 74.2743 4.2 16.3923
    endloop
  endfacet
  facet normal 0 1 0
    outer loop
      vertex 75.5417 4.2 14.8107
      vertex 76.3889 4.2 16.0787
      vertex 76.586 4.2 15.9325
    endloop
  endfacet
  facet normal 0 1 -0
    outer loop
      vertex 74.717 4.2 14.933
      vertex 74.2743 4.2 16.3923
      vertex 74.8098 4.2 14.9563
    endloop
  endfacet
  facet normal 0 1 0
    outer loop
      vertex 75.6185 4.2 14.7537
      vertex 76.586 4.2 15.9325
      vertex 76.7678 4.2 15.7678
    endloop
  endfacet
  facet normal 0 1 0
    outer loop
      vertex 74.2743 4.2 16.3923
      vertex 74.717 4.2 14.933
      vertex 74.0433 4.2 16.3097
    endloop
  endfacet
  facet normal 0 1 0
    outer loop
      vertex 75.6894 4.2 14.6894
      vertex 76.7678 4.2 15.7678
      vertex 76.9325 4.2 15.586
    endloop
  endfacet
  facet normal 0 1 -0
    outer loop
      vertex 74.6269 4.2 14.9008
      vertex 74.0433 4.2 16.3097
      vertex 74.717 4.2 14.933
    endloop
  endfacet
  facet normal 0 1 0
    outer loop
      vertex 75.7537 4.2 14.6185
      vertex 76.9325 4.2 15.586
      vertex 77.0787 4.2 15.3889
    endloop
  endfacet
  facet normal 0 1 0
    outer loop
      vertex 74.0433 4.2 16.3097
      vertex 74.6269 4.2 14.9008
      vertex 73.8215 4.2 16.2048
    endloop
  endfacet
  facet normal 0 1 0
    outer loop
      vertex 75.8107 4.2 14.5417
      vertex 77.0787 4.2 15.3889
      vertex 77.2048 4.2 15.1785
    endloop
  endfacet
  facet normal 0 1 -0
    outer loop
      vertex 74.5404 4.2 14.8599
      vertex 73.8215 4.2 16.2048
      vertex 74.6269 4.2 14.9008
    endloop
  endfacet
  facet normal 0 1 0
    outer loop
      vertex 73.8215 4.2 16.2048
      vertex 74.5404 4.2 14.8599
      vertex 73.6111 4.2 16.0787
    endloop
  endfacet
  facet normal 0 1 0
    outer loop
      vertex 75.245 4.2 16.488
      vertex 75.0956 4.2 14.9703
      vertex 75 4.2 14.975
    endloop
  endfacet
  facet normal 0 1 0
    outer loop
      vertex 75.8599 4.2 14.4596
      vertex 77.2048 4.2 15.1785
      vertex 77.3097 4.2 14.9567
    endloop
  endfacet
  facet normal 0 1 0
    outer loop
      vertex 75.4877 4.2 16.452
      vertex 75.1902 4.2 14.9563
      vertex 75.0956 4.2 14.9703
    endloop
  endfacet
  facet normal 0 1 0
    outer loop
      vertex 75.7257 4.2 16.3923
      vertex 75.283 4.2 14.933
      vertex 75.1902 4.2 14.9563
    endloop
  endfacet
  facet normal 0 1 0
    outer loop
      vertex 75.9567 4.2 16.3097
      vertex 75.3731 4.2 14.9008
      vertex 75.283 4.2 14.933
    endloop
  endfacet
  facet normal 0 1 0
    outer loop
      vertex 76.1785 4.2 16.2048
      vertex 75.4596 4.2 14.8599
      vertex 75.3731 4.2 14.9008
    endloop
  endfacet
  facet normal 0 1 0
    outer loop
      vertex 76.3889 4.2 16.0787
      vertex 75.5417 4.2 14.8107
      vertex 75.4596 4.2 14.8599
    endloop
  endfacet
  facet normal 0 1 0
    outer loop
      vertex 76.586 4.2 15.9325
      vertex 75.6185 4.2 14.7537
      vertex 75.5417 4.2 14.8107
    endloop
  endfacet
  facet normal 0 1 0
    outer loop
      vertex 75.9008 4.2 14.3731
      vertex 77.3097 4.2 14.9567
      vertex 77.3923 4.2 14.7257
    endloop
  endfacet
  facet normal 0 1 0
    outer loop
      vertex 76.7678 4.2 15.7678
      vertex 75.6894 4.2 14.6894
      vertex 75.6185 4.2 14.7537
    endloop
  endfacet
  facet normal 0 1 0
    outer loop
      vertex 76.9325 4.2 15.586
      vertex 75.7537 4.2 14.6185
      vertex 75.6894 4.2 14.6894
    endloop
  endfacet
  facet normal 0 1 0
    outer loop
      vertex 77.0787 4.2 15.3889
      vertex 75.8107 4.2 14.5417
      vertex 75.7537 4.2 14.6185
    endloop
  endfacet
  facet normal 0 1 0
    outer loop
      vertex 75.933 4.2 14.283
      vertex 77.3923 4.2 14.7257
      vertex 77.452 4.2 14.4877
    endloop
  endfacet
  facet normal 0 1 0
    outer loop
      vertex 77.2048 4.2 15.1785
      vertex 75.8599 4.2 14.4596
      vertex 75.8107 4.2 14.5417
    endloop
  endfacet
  facet normal 0 1 0
    outer loop
      vertex 77.3097 4.2 14.9567
      vertex 75.9008 4.2 14.3731
      vertex 75.8599 4.2 14.4596
    endloop
  endfacet
  facet normal 0 1 0
    outer loop
      vertex 77.3923 4.2 14.7257
      vertex 75.933 4.2 14.283
      vertex 75.9008 4.2 14.3731
    endloop
  endfacet
  facet normal 0 1 0
    outer loop
      vertex 75.9563 4.2 14.1902
      vertex 77.452 4.2 14.4877
      vertex 77.488 4.2 14.245
    endloop
  endfacet
  facet normal 0 1 0
    outer loop
      vertex 77.452 4.2 14.4877
      vertex 75.9563 4.2 14.1902
      vertex 75.933 4.2 14.283
    endloop
  endfacet
  facet normal 0 1 0
    outer loop
      vertex 77.488 4.2 14.245
      vertex 75.9703 4.2 14.0956
      vertex 75.9563 4.2 14.1902
    endloop
  endfacet
  facet normal 0 1 0
    outer loop
      vertex 77.5 4.2 14
      vertex 75.9703 4.2 14.0956
      vertex 77.488 4.2 14.245
    endloop
  endfacet
  facet normal 0 1 0
    outer loop
      vertex 77.5 4.2 14
      vertex 75.975 4.2 14
      vertex 75.9703 4.2 14.0956
    endloop
  endfacet
  facet normal 0 1 0
    outer loop
      vertex 77.5 4.2 14
      vertex 75.9703 4.2 13.9044
      vertex 75.975 4.2 14
    endloop
  endfacet
  facet normal 0 1 0
    outer loop
      vertex 77.5 4.2 14
      vertex 75.9563 4.2 13.8098
      vertex 75.9703 4.2 13.9044
    endloop
  endfacet
  facet normal 0 1 0
    outer loop
      vertex 77.5 4.2 14
      vertex 75.933 4.2 13.717
      vertex 75.9563 4.2 13.8098
    endloop
  endfacet
  facet normal 0 1 0
    outer loop
      vertex 77.5 4.2 14
      vertex 75.9008 4.2 13.6269
      vertex 75.933 4.2 13.717
    endloop
  endfacet
  facet normal 0 1 0
    outer loop
      vertex 77.5 4.2 14
      vertex 75.8599 4.2 13.5404
      vertex 75.9008 4.2 13.6269
    endloop
  endfacet
  facet normal 0 1 0
    outer loop
      vertex 77.5 4.2 14
      vertex 75.8107 4.2 13.4583
      vertex 75.8599 4.2 13.5404
    endloop
  endfacet
  facet normal 0 1 0
    outer loop
      vertex 77.5 4.2 14
      vertex 75.7537 4.2 13.3815
      vertex 75.8107 4.2 13.4583
    endloop
  endfacet
  facet normal 0 1 -0
    outer loop
      vertex 77.5 4.2 10.5
      vertex 75.7537 4.2 13.3815
      vertex 77.5 4.2 14
    endloop
  endfacet
  facet normal 0 1 0
    outer loop
      vertex 75.7537 4.2 13.3815
      vertex 77.5 4.2 10.5
      vertex 75.6894 4.2 13.3106
    endloop
  endfacet
  facet normal 0 1 0
    outer loop
      vertex 75.6894 4.2 13.3106
      vertex 77.5 4.2 10.5
      vertex 75.6185 4.2 13.2463
    endloop
  endfacet
  facet normal 0 1 0
    outer loop
      vertex 75.6185 4.2 13.2463
      vertex 77.5 4.2 10.5
      vertex 75.5417 4.2 13.1893
    endloop
  endfacet
  facet normal 0 1 0
    outer loop
      vertex 75.5417 4.2 13.1893
      vertex 77.5 4.2 10.5
      vertex 75.4596 4.2 13.1401
    endloop
  endfacet
  facet normal 0 1 0
    outer loop
      vertex 75.0956 4.2 13.0297
      vertex 77.5 4.2 10.5
      vertex 75 4.2 13.025
    endloop
  endfacet
  facet normal 0 1 0
    outer loop
      vertex 75.1902 4.2 13.0437
      vertex 77.5 4.2 10.5
      vertex 75.0956 4.2 13.0297
    endloop
  endfacet
  facet normal 0 1 0
    outer loop
      vertex 75.283 4.2 13.067
      vertex 77.5 4.2 10.5
      vertex 75.1902 4.2 13.0437
    endloop
  endfacet
  facet normal 0 1 0
    outer loop
      vertex 75.3731 4.2 13.0992
      vertex 77.5 4.2 10.5
      vertex 75.283 4.2 13.067
    endloop
  endfacet
  facet normal 0 1 0
    outer loop
      vertex 75.4596 4.2 13.1401
      vertex 77.5 4.2 10.5
      vertex 75.3731 4.2 13.0992
    endloop
  endfacet
  facet normal 0 1 -0
    outer loop
      vertex 74.4583 4.2 14.8107
      vertex 73.6111 4.2 16.0787
      vertex 74.5404 4.2 14.8599
    endloop
  endfacet
  facet normal 0 1 0
    outer loop
      vertex 73.6111 4.2 16.0787
      vertex 74.4583 4.2 14.8107
      vertex 73.414 4.2 15.9325
    endloop
  endfacet
  facet normal 0 1 -0
    outer loop
      vertex 74.3815 4.2 14.7537
      vertex 73.414 4.2 15.9325
      vertex 74.4583 4.2 14.8107
    endloop
  endfacet
  facet normal 0 1 0
    outer loop
      vertex 73.414 4.2 15.9325
      vertex 74.3815 4.2 14.7537
      vertex 73.2322 4.2 15.7678
    endloop
  endfacet
  facet normal 0 1 -0
    outer loop
      vertex 74.3106 4.2 14.6894
      vertex 73.2322 4.2 15.7678
      vertex 74.3815 4.2 14.7537
    endloop
  endfacet
  facet normal 0 1 0
    outer loop
      vertex 73.2322 4.2 15.7678
      vertex 74.3106 4.2 14.6894
      vertex 73.0675 4.2 15.586
    endloop
  endfacet
  facet normal 0 1 -0
    outer loop
      vertex 74.2463 4.2 14.6185
      vertex 73.0675 4.2 15.586
      vertex 74.3106 4.2 14.6894
    endloop
  endfacet
  facet normal 0 1 0
    outer loop
      vertex 73.0675 4.2 15.586
      vertex 74.2463 4.2 14.6185
      vertex 72.9213 4.2 15.3889
    endloop
  endfacet
  facet normal 0 1 -0
    outer loop
      vertex 74.1893 4.2 14.5417
      vertex 72.9213 4.2 15.3889
      vertex 74.2463 4.2 14.6185
    endloop
  endfacet
  facet normal 0 1 0
    outer loop
      vertex 72.9213 4.2 15.3889
      vertex 74.1893 4.2 14.5417
      vertex 72.7952 4.2 15.1785
    endloop
  endfacet
  facet normal 0 1 -0
    outer loop
      vertex 74.1401 4.2 14.4596
      vertex 72.7952 4.2 15.1785
      vertex 74.1893 4.2 14.5417
    endloop
  endfacet
  facet normal 0 1 0
    outer loop
      vertex 72.7952 4.2 15.1785
      vertex 74.1401 4.2 14.4596
      vertex 72.6903 4.2 14.9567
    endloop
  endfacet
  facet normal 0 1 -0
    outer loop
      vertex 74.0992 4.2 14.3731
      vertex 72.6903 4.2 14.9567
      vertex 74.1401 4.2 14.4596
    endloop
  endfacet
  facet normal 0 1 0
    outer loop
      vertex 72.6903 4.2 14.9567
      vertex 74.0992 4.2 14.3731
      vertex 72.6077 4.2 14.7257
    endloop
  endfacet
  facet normal 0 1 -0
    outer loop
      vertex 74.067 4.2 14.283
      vertex 72.6077 4.2 14.7257
      vertex 74.0992 4.2 14.3731
    endloop
  endfacet
  facet normal 0 1 0
    outer loop
      vertex 72.6077 4.2 14.7257
      vertex 74.067 4.2 14.283
      vertex 72.548 4.2 14.4877
    endloop
  endfacet
  facet normal 0 1 -0
    outer loop
      vertex 74.0437 4.2 14.1902
      vertex 72.548 4.2 14.4877
      vertex 74.067 4.2 14.283
    endloop
  endfacet
  facet normal 0 1 0
    outer loop
      vertex 72.548 4.2 14.4877
      vertex 74.0437 4.2 14.1902
      vertex 72.512 4.2 14.245
    endloop
  endfacet
  facet normal 0 1 -0
    outer loop
      vertex 74.0297 4.2 14.0956
      vertex 72.512 4.2 14.245
      vertex 74.0437 4.2 14.1902
    endloop
  endfacet
  facet normal 0 1 -0
    outer loop
      vertex 74.025 4.2 14
      vertex 72.512 4.2 14.245
      vertex 74.0297 4.2 14.0956
    endloop
  endfacet
  facet normal 0 1 0
    outer loop
      vertex 74.025 4.2 14
      vertex 72.5 4.2 14
      vertex 72.512 4.2 14.245
    endloop
  endfacet
  facet normal 0 1 0
    outer loop
      vertex 74.0297 4.2 13.9044
      vertex 72.5 4.2 14
      vertex 74.025 4.2 14
    endloop
  endfacet
  facet normal 0 1 0
    outer loop
      vertex 74.0437 4.2 13.8098
      vertex 72.5 4.2 14
      vertex 74.0297 4.2 13.9044
    endloop
  endfacet
  facet normal 0 1 0
    outer loop
      vertex 74.067 4.2 13.717
      vertex 72.5 4.2 14
      vertex 74.0437 4.2 13.8098
    endloop
  endfacet
  facet normal 0 1 0
    outer loop
      vertex 74.0992 4.2 13.6269
      vertex 72.5 4.2 14
      vertex 74.067 4.2 13.717
    endloop
  endfacet
  facet normal 0 1 0
    outer loop
      vertex 74.1401 4.2 13.5404
      vertex 72.5 4.2 14
      vertex 74.0992 4.2 13.6269
    endloop
  endfacet
  facet normal 0 1 0
    outer loop
      vertex 74.1893 4.2 13.4583
      vertex 72.5 4.2 14
      vertex 74.1401 4.2 13.5404
    endloop
  endfacet
  facet normal 0 1 0
    outer loop
      vertex 74.2463 4.2 13.3815
      vertex 72.5 4.2 14
      vertex 74.1893 4.2 13.4583
    endloop
  endfacet
  facet normal 0 1 0
    outer loop
      vertex 72.5 4.2 10.5
      vertex 74.2463 4.2 13.3815
      vertex 74.3106 4.2 13.3106
    endloop
  endfacet
  facet normal 0 1 0
    outer loop
      vertex 72.5 4.2 10.5
      vertex 74.3106 4.2 13.3106
      vertex 74.3815 4.2 13.2463
    endloop
  endfacet
  facet normal 0 1 0
    outer loop
      vertex 72.5 4.2 10.5
      vertex 74.3815 4.2 13.2463
      vertex 74.4583 4.2 13.1893
    endloop
  endfacet
  facet normal 0 1 0
    outer loop
      vertex 72.5 4.2 10.5
      vertex 74.4583 4.2 13.1893
      vertex 74.5404 4.2 13.1401
    endloop
  endfacet
  facet normal 0 1 0
    outer loop
      vertex 72.5 4.2 10.5
      vertex 74.5404 4.2 13.1401
      vertex 74.6269 4.2 13.0992
    endloop
  endfacet
  facet normal 0 1 0
    outer loop
      vertex 72.5 4.2 10.5
      vertex 75 4.2 13.025
      vertex 77.5 4.2 10.5
    endloop
  endfacet
  facet normal 0 1 0
    outer loop
      vertex 75 4.2 13.025
      vertex 72.5 4.2 10.5
      vertex 74.9044 4.2 13.0297
    endloop
  endfacet
  facet normal 0 1 0
    outer loop
      vertex 74.9044 4.2 13.0297
      vertex 72.5 4.2 10.5
      vertex 74.8098 4.2 13.0437
    endloop
  endfacet
  facet normal 0 1 0
    outer loop
      vertex 74.8098 4.2 13.0437
      vertex 72.5 4.2 10.5
      vertex 74.717 4.2 13.067
    endloop
  endfacet
  facet normal 0 1 0
    outer loop
      vertex 74.717 4.2 13.067
      vertex 72.5 4.2 10.5
      vertex 74.6269 4.2 13.0992
    endloop
  endfacet
  facet normal 0 1 0
    outer loop
      vertex 74.2463 4.2 13.3815
      vertex 72.5 4.2 10.5
      vertex 72.5 4.2 14
    endloop
  endfacet
  facet normal 0 -1 0
    outer loop
      vertex 75 1.7 14.975
      vertex 75 1.7 16.5
      vertex 74.755 1.7 16.488
    endloop
  endfacet
  facet normal 0 -1 0
    outer loop
      vertex 74.9044 1.7 14.9703
      vertex 74.755 1.7 16.488
      vertex 74.5123 1.7 16.452
    endloop
  endfacet
  facet normal 0 -1 0
    outer loop
      vertex 75 1.7 16.5
      vertex 75 1.7 14.975
      vertex 75.245 1.7 16.488
    endloop
  endfacet
  facet normal 0 -1 0
    outer loop
      vertex 74.8098 1.7 14.9563
      vertex 74.5123 1.7 16.452
      vertex 74.2743 1.7 16.3923
    endloop
  endfacet
  facet normal 0 -1 0
    outer loop
      vertex 75.0956 1.7 14.9703
      vertex 75.245 1.7 16.488
      vertex 75 1.7 14.975
    endloop
  endfacet
  facet normal 0 -1 0
    outer loop
      vertex 74.717 1.7 14.933
      vertex 74.2743 1.7 16.3923
      vertex 74.0433 1.7 16.3097
    endloop
  endfacet
  facet normal 0 -1 -0
    outer loop
      vertex 75.245 1.7 16.488
      vertex 75.0956 1.7 14.9703
      vertex 75.4877 1.7 16.452
    endloop
  endfacet
  facet normal 0 -1 0
    outer loop
      vertex 74.6269 1.7 14.9008
      vertex 74.0433 1.7 16.3097
      vertex 73.8215 1.7 16.2048
    endloop
  endfacet
  facet normal 0 -1 0
    outer loop
      vertex 75.1902 1.7 14.9563
      vertex 75.4877 1.7 16.452
      vertex 75.0956 1.7 14.9703
    endloop
  endfacet
  facet normal 0 -1 0
    outer loop
      vertex 74.5404 1.7 14.8599
      vertex 73.8215 1.7 16.2048
      vertex 73.6111 1.7 16.0787
    endloop
  endfacet
  facet normal 0 -1 -0
    outer loop
      vertex 75.4877 1.7 16.452
      vertex 75.1902 1.7 14.9563
      vertex 75.7257 1.7 16.3923
    endloop
  endfacet
  facet normal 0 -1 0
    outer loop
      vertex 74.4583 1.7 14.8107
      vertex 73.6111 1.7 16.0787
      vertex 73.414 1.7 15.9325
    endloop
  endfacet
  facet normal 0 -1 0
    outer loop
      vertex 75.283 1.7 14.933
      vertex 75.7257 1.7 16.3923
      vertex 75.1902 1.7 14.9563
    endloop
  endfacet
  facet normal 0 -1 0
    outer loop
      vertex 74.3815 1.7 14.7537
      vertex 73.414 1.7 15.9325
      vertex 73.2322 1.7 15.7678
    endloop
  endfacet
  facet normal 0 -1 -0
    outer loop
      vertex 75.7257 1.7 16.3923
      vertex 75.283 1.7 14.933
      vertex 75.9567 1.7 16.3097
    endloop
  endfacet
  facet normal 0 -1 0
    outer loop
      vertex 74.3106 1.7 14.6894
      vertex 73.2322 1.7 15.7678
      vertex 73.0675 1.7 15.586
    endloop
  endfacet
  facet normal 0 -1 0
    outer loop
      vertex 75.3731 1.7 14.9008
      vertex 75.9567 1.7 16.3097
      vertex 75.283 1.7 14.933
    endloop
  endfacet
  facet normal 0 -1 0
    outer loop
      vertex 74.2463 1.7 14.6185
      vertex 73.0675 1.7 15.586
      vertex 72.9213 1.7 15.3889
    endloop
  endfacet
  facet normal 0 -1 -0
    outer loop
      vertex 75.9567 1.7 16.3097
      vertex 75.3731 1.7 14.9008
      vertex 76.1785 1.7 16.2048
    endloop
  endfacet
  facet normal 0 -1 0
    outer loop
      vertex 74.1893 1.7 14.5417
      vertex 72.9213 1.7 15.3889
      vertex 72.7952 1.7 15.1785
    endloop
  endfacet
  facet normal 0 -1 0
    outer loop
      vertex 75.4596 1.7 14.8599
      vertex 76.1785 1.7 16.2048
      vertex 75.3731 1.7 14.9008
    endloop
  endfacet
  facet normal 0 -1 -0
    outer loop
      vertex 76.1785 1.7 16.2048
      vertex 75.4596 1.7 14.8599
      vertex 76.3889 1.7 16.0787
    endloop
  endfacet
  facet normal 0 -1 0
    outer loop
      vertex 74.755 1.7 16.488
      vertex 74.9044 1.7 14.9703
      vertex 75 1.7 14.975
    endloop
  endfacet
  facet normal 0 -1 0
    outer loop
      vertex 74.1401 1.7 14.4596
      vertex 72.7952 1.7 15.1785
      vertex 72.6903 1.7 14.9567
    endloop
  endfacet
  facet normal 0 -1 0
    outer loop
      vertex 74.5123 1.7 16.452
      vertex 74.8098 1.7 14.9563
      vertex 74.9044 1.7 14.9703
    endloop
  endfacet
  facet normal 0 -1 0
    outer loop
      vertex 74.2743 1.7 16.3923
      vertex 74.717 1.7 14.933
      vertex 74.8098 1.7 14.9563
    endloop
  endfacet
  facet normal 0 -1 0
    outer loop
      vertex 74.0433 1.7 16.3097
      vertex 74.6269 1.7 14.9008
      vertex 74.717 1.7 14.933
    endloop
  endfacet
  facet normal 0 -1 0
    outer loop
      vertex 73.8215 1.7 16.2048
      vertex 74.5404 1.7 14.8599
      vertex 74.6269 1.7 14.9008
    endloop
  endfacet
  facet normal 0 -1 0
    outer loop
      vertex 73.6111 1.7 16.0787
      vertex 74.4583 1.7 14.8107
      vertex 74.5404 1.7 14.8599
    endloop
  endfacet
  facet normal 0 -1 0
    outer loop
      vertex 73.414 1.7 15.9325
      vertex 74.3815 1.7 14.7537
      vertex 74.4583 1.7 14.8107
    endloop
  endfacet
  facet normal 0 -1 0
    outer loop
      vertex 74.0992 1.7 14.3731
      vertex 72.6903 1.7 14.9567
      vertex 72.6077 1.7 14.7257
    endloop
  endfacet
  facet normal 0 -1 0
    outer loop
      vertex 73.2322 1.7 15.7678
      vertex 74.3106 1.7 14.6894
      vertex 74.3815 1.7 14.7537
    endloop
  endfacet
  facet normal 0 -1 0
    outer loop
      vertex 73.0675 1.7 15.586
      vertex 74.2463 1.7 14.6185
      vertex 74.3106 1.7 14.6894
    endloop
  endfacet
  facet normal 0 -1 0
    outer loop
      vertex 72.9213 1.7 15.3889
      vertex 74.1893 1.7 14.5417
      vertex 74.2463 1.7 14.6185
    endloop
  endfacet
  facet normal 0 -1 0
    outer loop
      vertex 74.067 1.7 14.283
      vertex 72.6077 1.7 14.7257
      vertex 72.548 1.7 14.4877
    endloop
  endfacet
  facet normal 0 -1 0
    outer loop
      vertex 72.7952 1.7 15.1785
      vertex 74.1401 1.7 14.4596
      vertex 74.1893 1.7 14.5417
    endloop
  endfacet
  facet normal 0 -1 0
    outer loop
      vertex 72.6903 1.7 14.9567
      vertex 74.0992 1.7 14.3731
      vertex 74.1401 1.7 14.4596
    endloop
  endfacet
  facet normal 0 -1 0
    outer loop
      vertex 72.6077 1.7 14.7257
      vertex 74.067 1.7 14.283
      vertex 74.0992 1.7 14.3731
    endloop
  endfacet
  facet normal 0 -1 0
    outer loop
      vertex 74.0437 1.7 14.1902
      vertex 72.548 1.7 14.4877
      vertex 72.512 1.7 14.245
    endloop
  endfacet
  facet normal 0 -1 0
    outer loop
      vertex 72.548 1.7 14.4877
      vertex 74.0437 1.7 14.1902
      vertex 74.067 1.7 14.283
    endloop
  endfacet
  facet normal 0 -1 0
    outer loop
      vertex 72.512 1.7 14.245
      vertex 74.0297 1.7 14.0956
      vertex 74.0437 1.7 14.1902
    endloop
  endfacet
  facet normal 0 -1 0
    outer loop
      vertex 72.5 1.7 14
      vertex 74.0297 1.7 14.0956
      vertex 72.512 1.7 14.245
    endloop
  endfacet
  facet normal 0 -1 0
    outer loop
      vertex 72.5 1.7 14
      vertex 74.025 1.7 14
      vertex 74.0297 1.7 14.0956
    endloop
  endfacet
  facet normal 0 -1 0
    outer loop
      vertex 72.5 1.7 14
      vertex 74.0297 1.7 13.9044
      vertex 74.025 1.7 14
    endloop
  endfacet
  facet normal 0 -1 0
    outer loop
      vertex 72.5 1.7 14
      vertex 74.0437 1.7 13.8098
      vertex 74.0297 1.7 13.9044
    endloop
  endfacet
  facet normal 0 -1 0
    outer loop
      vertex 72.5 1.7 14
      vertex 74.067 1.7 13.717
      vertex 74.0437 1.7 13.8098
    endloop
  endfacet
  facet normal 0 -1 0
    outer loop
      vertex 72.5 1.7 14
      vertex 74.0992 1.7 13.6269
      vertex 74.067 1.7 13.717
    endloop
  endfacet
  facet normal 0 -1 0
    outer loop
      vertex 72.5 1.7 14
      vertex 74.1401 1.7 13.5404
      vertex 74.0992 1.7 13.6269
    endloop
  endfacet
  facet normal 0 -1 0
    outer loop
      vertex 72.5 1.7 14
      vertex 74.1893 1.7 13.4583
      vertex 74.1401 1.7 13.5404
    endloop
  endfacet
  facet normal 0 -1 0
    outer loop
      vertex 72.5 1.7 14
      vertex 74.2463 1.7 13.3815
      vertex 74.1893 1.7 13.4583
    endloop
  endfacet
  facet normal 0 -1 0
    outer loop
      vertex 72.5 1.7 10.5
      vertex 74.2463 1.7 13.3815
      vertex 72.5 1.7 14
    endloop
  endfacet
  facet normal 0 -1 -0
    outer loop
      vertex 74.2463 1.7 13.3815
      vertex 72.5 1.7 10.5
      vertex 74.3106 1.7 13.3106
    endloop
  endfacet
  facet normal 0 -1 -0
    outer loop
      vertex 74.3106 1.7 13.3106
      vertex 72.5 1.7 10.5
      vertex 74.3815 1.7 13.2463
    endloop
  endfacet
  facet normal 0 -1 -0
    outer loop
      vertex 74.3815 1.7 13.2463
      vertex 72.5 1.7 10.5
      vertex 74.4583 1.7 13.1893
    endloop
  endfacet
  facet normal 0 -1 -0
    outer loop
      vertex 74.4583 1.7 13.1893
      vertex 72.5 1.7 10.5
      vertex 74.5404 1.7 13.1401
    endloop
  endfacet
  facet normal 0 -1 -0
    outer loop
      vertex 74.9044 1.7 13.0297
      vertex 72.5 1.7 10.5
      vertex 75 1.7 13.025
    endloop
  endfacet
  facet normal 0 -1 -0
    outer loop
      vertex 74.8098 1.7 13.0437
      vertex 72.5 1.7 10.5
      vertex 74.9044 1.7 13.0297
    endloop
  endfacet
  facet normal 0 -1 -0
    outer loop
      vertex 74.717 1.7 13.067
      vertex 72.5 1.7 10.5
      vertex 74.8098 1.7 13.0437
    endloop
  endfacet
  facet normal 0 -1 -0
    outer loop
      vertex 74.6269 1.7 13.0992
      vertex 72.5 1.7 10.5
      vertex 74.717 1.7 13.067
    endloop
  endfacet
  facet normal 0 -1 -0
    outer loop
      vertex 74.5404 1.7 13.1401
      vertex 72.5 1.7 10.5
      vertex 74.6269 1.7 13.0992
    endloop
  endfacet
  facet normal 0 -1 0
    outer loop
      vertex 75.5417 1.7 14.8107
      vertex 76.3889 1.7 16.0787
      vertex 75.4596 1.7 14.8599
    endloop
  endfacet
  facet normal 0 -1 -0
    outer loop
      vertex 76.3889 1.7 16.0787
      vertex 75.5417 1.7 14.8107
      vertex 76.586 1.7 15.9325
    endloop
  endfacet
  facet normal 0 -1 0
    outer loop
      vertex 75.6185 1.7 14.7537
      vertex 76.586 1.7 15.9325
      vertex 75.5417 1.7 14.8107
    endloop
  endfacet
  facet normal 0 -1 -0
    outer loop
      vertex 76.586 1.7 15.9325
      vertex 75.6185 1.7 14.7537
      vertex 76.7678 1.7 15.7678
    endloop
  endfacet
  facet normal 0 -1 0
    outer loop
      vertex 75.6894 1.7 14.6894
      vertex 76.7678 1.7 15.7678
      vertex 75.6185 1.7 14.7537
    endloop
  endfacet
  facet normal 0 -1 -0
    outer loop
      vertex 76.7678 1.7 15.7678
      vertex 75.6894 1.7 14.6894
      vertex 76.9325 1.7 15.586
    endloop
  endfacet
  facet normal 0 -1 0
    outer loop
      vertex 75.7537 1.7 14.6185
      vertex 76.9325 1.7 15.586
      vertex 75.6894 1.7 14.6894
    endloop
  endfacet
  facet normal 0 -1 -0
    outer loop
      vertex 76.9325 1.7 15.586
      vertex 75.7537 1.7 14.6185
      vertex 77.0787 1.7 15.3889
    endloop
  endfacet
  facet normal 0 -1 0
    outer loop
      vertex 75.8107 1.7 14.5417
      vertex 77.0787 1.7 15.3889
      vertex 75.7537 1.7 14.6185
    endloop
  endfacet
  facet normal 0 -1 -0
    outer loop
      vertex 77.0787 1.7 15.3889
      vertex 75.8107 1.7 14.5417
      vertex 77.2048 1.7 15.1785
    endloop
  endfacet
  facet normal 0 -1 0
    outer loop
      vertex 75.8599 1.7 14.4596
      vertex 77.2048 1.7 15.1785
      vertex 75.8107 1.7 14.5417
    endloop
  endfacet
  facet normal 0 -1 -0
    outer loop
      vertex 77.2048 1.7 15.1785
      vertex 75.8599 1.7 14.4596
      vertex 77.3097 1.7 14.9567
    endloop
  endfacet
  facet normal 0 -1 0
    outer loop
      vertex 75.9008 1.7 14.3731
      vertex 77.3097 1.7 14.9567
      vertex 75.8599 1.7 14.4596
    endloop
  endfacet
  facet normal 0 -1 -0
    outer loop
      vertex 77.3097 1.7 14.9567
      vertex 75.9008 1.7 14.3731
      vertex 77.3923 1.7 14.7257
    endloop
  endfacet
  facet normal 0 -1 0
    outer loop
      vertex 75.933 1.7 14.283
      vertex 77.3923 1.7 14.7257
      vertex 75.9008 1.7 14.3731
    endloop
  endfacet
  facet normal 0 -1 -0
    outer loop
      vertex 77.3923 1.7 14.7257
      vertex 75.933 1.7 14.283
      vertex 77.452 1.7 14.4877
    endloop
  endfacet
  facet normal 0 -1 0
    outer loop
      vertex 75.9563 1.7 14.1902
      vertex 77.452 1.7 14.4877
      vertex 75.933 1.7 14.283
    endloop
  endfacet
  facet normal 0 -1 -0
    outer loop
      vertex 77.452 1.7 14.4877
      vertex 75.9563 1.7 14.1902
      vertex 77.488 1.7 14.245
    endloop
  endfacet
  facet normal 0 -1 0
    outer loop
      vertex 75.9703 1.7 14.0956
      vertex 77.488 1.7 14.245
      vertex 75.9563 1.7 14.1902
    endloop
  endfacet
  facet normal 0 -1 0
    outer loop
      vertex 75.975 1.7 14
      vertex 77.488 1.7 14.245
      vertex 75.9703 1.7 14.0956
    endloop
  endfacet
  facet normal 0 -1 0
    outer loop
      vertex 75.975 1.7 14
      vertex 77.5 1.7 14
      vertex 77.488 1.7 14.245
    endloop
  endfacet
  facet normal 0 -1 0
    outer loop
      vertex 75.9703 1.7 13.9044
      vertex 77.5 1.7 14
      vertex 75.975 1.7 14
    endloop
  endfacet
  facet normal 0 -1 0
    outer loop
      vertex 75.9563 1.7 13.8098
      vertex 77.5 1.7 14
      vertex 75.9703 1.7 13.9044
    endloop
  endfacet
  facet normal 0 -1 0
    outer loop
      vertex 75.933 1.7 13.717
      vertex 77.5 1.7 14
      vertex 75.9563 1.7 13.8098
    endloop
  endfacet
  facet normal 0 -1 0
    outer loop
      vertex 75.9008 1.7 13.6269
      vertex 77.5 1.7 14
      vertex 75.933 1.7 13.717
    endloop
  endfacet
  facet normal 0 -1 0
    outer loop
      vertex 75.8599 1.7 13.5404
      vertex 77.5 1.7 14
      vertex 75.9008 1.7 13.6269
    endloop
  endfacet
  facet normal 0 -1 0
    outer loop
      vertex 75.8107 1.7 13.4583
      vertex 77.5 1.7 14
      vertex 75.8599 1.7 13.5404
    endloop
  endfacet
  facet normal 0 -1 0
    outer loop
      vertex 75.7537 1.7 13.3815
      vertex 77.5 1.7 14
      vertex 75.8107 1.7 13.4583
    endloop
  endfacet
  facet normal 0 -1 0
    outer loop
      vertex 77.5 1.7 10.5
      vertex 75.7537 1.7 13.3815
      vertex 75.6894 1.7 13.3106
    endloop
  endfacet
  facet normal 0 -1 0
    outer loop
      vertex 77.5 1.7 10.5
      vertex 75.6894 1.7 13.3106
      vertex 75.6185 1.7 13.2463
    endloop
  endfacet
  facet normal 0 -1 0
    outer loop
      vertex 77.5 1.7 10.5
      vertex 75.6185 1.7 13.2463
      vertex 75.5417 1.7 13.1893
    endloop
  endfacet
  facet normal 0 -1 0
    outer loop
      vertex 77.5 1.7 10.5
      vertex 75.5417 1.7 13.1893
      vertex 75.4596 1.7 13.1401
    endloop
  endfacet
  facet normal 0 -1 0
    outer loop
      vertex 77.5 1.7 10.5
      vertex 75.4596 1.7 13.1401
      vertex 75.3731 1.7 13.0992
    endloop
  endfacet
  facet normal 0 -1 0
    outer loop
      vertex 77.5 1.7 10.5
      vertex 75 1.7 13.025
      vertex 72.5 1.7 10.5
    endloop
  endfacet
  facet normal 0 -1 0
    outer loop
      vertex 75 1.7 13.025
      vertex 77.5 1.7 10.5
      vertex 75.0956 1.7 13.0297
    endloop
  endfacet
  facet normal 0 -1 0
    outer loop
      vertex 75.0956 1.7 13.0297
      vertex 77.5 1.7 10.5
      vertex 75.1902 1.7 13.0437
    endloop
  endfacet
  facet normal 0 -1 0
    outer loop
      vertex 75.1902 1.7 13.0437
      vertex 77.5 1.7 10.5
      vertex 75.283 1.7 13.067
    endloop
  endfacet
  facet normal 0 -1 0
    outer loop
      vertex 75.283 1.7 13.067
      vertex 77.5 1.7 10.5
      vertex 75.3731 1.7 13.0992
    endloop
  endfacet
  facet normal 0 -1 0
    outer loop
      vertex 75.7537 1.7 13.3815
      vertex 77.5 1.7 10.5
      vertex 77.5 1.7 14
    endloop
  endfacet
  facet normal 0.336698 0 0.941613
    outer loop
      vertex 75.7257 4.2 16.3923
      vertex 75.9567 1.7 16.3097
      vertex 75.9567 4.2 16.3097
    endloop
  endfacet
  facet normal 0.336698 0 0.941613
    outer loop
      vertex 75.9567 1.7 16.3097
      vertex 75.7257 4.2 16.3923
      vertex 75.7257 1.7 16.3923
    endloop
  endfacet
  facet normal -0.146726 0 0.989177
    outer loop
      vertex 74.5123 4.2 16.452
      vertex 74.755 1.7 16.488
      vertex 74.755 4.2 16.488
    endloop
  endfacet
  facet normal -0.146726 0 0.989177
    outer loop
      vertex 74.755 1.7 16.488
      vertex 74.5123 4.2 16.452
      vertex 74.5123 1.7 16.452
    endloop
  endfacet
  facet normal -0.941613 0 0.336698
    outer loop
      vertex 72.6077 1.7 14.7257
      vertex 72.6903 4.2 14.9567
      vertex 72.6077 4.2 14.7257
    endloop
  endfacet
  facet normal -0.941613 0 0.336698
    outer loop
      vertex 72.6903 4.2 14.9567
      vertex 72.6077 1.7 14.7257
      vertex 72.6903 1.7 14.9567
    endloop
  endfacet
  facet normal 0.998803 -0 0.0489209
    outer loop
      vertex 77.488 1.7 14.245
      vertex 77.5 4.2 14
      vertex 77.488 4.2 14.245
    endloop
  endfacet
  facet normal 0.998803 0 0.0489209
    outer loop
      vertex 77.5 4.2 14
      vertex 77.488 1.7 14.245
      vertex 77.5 1.7 14
    endloop
  endfacet
  facet normal -0.803167 0 0.595754
    outer loop
      vertex 72.9213 1.7 15.3889
      vertex 73.0675 4.2 15.586
      vertex 72.9213 4.2 15.3889
    endloop
  endfacet
  facet normal -0.803167 0 0.595754
    outer loop
      vertex 73.0675 4.2 15.586
      vertex 72.9213 1.7 15.3889
      vertex 73.0675 1.7 15.586
    endloop
  endfacet
  facet normal 0.514076 0 0.857745
    outer loop
      vertex 76.1785 4.2 16.2048
      vertex 76.3889 1.7 16.0787
      vertex 76.3889 4.2 16.0787
    endloop
  endfacet
  facet normal 0.514076 0 0.857745
    outer loop
      vertex 76.3889 1.7 16.0787
      vertex 76.1785 4.2 16.2048
      vertex 76.1785 1.7 16.2048
    endloop
  endfacet
  facet normal 0.427543 0 0.903995
    outer loop
      vertex 75.9567 4.2 16.3097
      vertex 76.1785 1.7 16.2048
      vertex 76.1785 4.2 16.2048
    endloop
  endfacet
  facet normal 0.427543 0 0.903995
    outer loop
      vertex 76.1785 1.7 16.2048
      vertex 75.9567 4.2 16.3097
      vertex 75.9567 1.7 16.3097
    endloop
  endfacet
  facet normal 0.803167 -0 0.595754
    outer loop
      vertex 76.9325 1.7 15.586
      vertex 77.0787 4.2 15.3889
      vertex 76.9325 4.2 15.586
    endloop
  endfacet
  facet normal 0.803167 0 0.595754
    outer loop
      vertex 77.0787 4.2 15.3889
      vertex 76.9325 1.7 15.586
      vertex 77.0787 1.7 15.3889
    endloop
  endfacet
  facet normal -0.741101 0 0.671394
    outer loop
      vertex 73.0675 1.7 15.586
      vertex 73.2322 4.2 15.7678
      vertex 73.0675 4.2 15.586
    endloop
  endfacet
  facet normal -0.741101 0 0.671394
    outer loop
      vertex 73.2322 4.2 15.7678
      vertex 73.0675 1.7 15.586
      vertex 73.2322 1.7 15.7678
    endloop
  endfacet
  facet normal 0.243303 0 0.96995
    outer loop
      vertex 75.4877 4.2 16.452
      vertex 75.7257 1.7 16.3923
      vertex 75.7257 4.2 16.3923
    endloop
  endfacet
  facet normal 0.243303 0 0.96995
    outer loop
      vertex 75.7257 1.7 16.3923
      vertex 75.4877 4.2 16.452
      vertex 75.4877 1.7 16.452
    endloop
  endfacet
  facet normal -0.243303 0 0.96995
    outer loop
      vertex 74.2743 4.2 16.3923
      vertex 74.5123 1.7 16.452
      vertex 74.5123 4.2 16.452
    endloop
  endfacet
  facet normal -0.243303 0 0.96995
    outer loop
      vertex 74.5123 1.7 16.452
      vertex 74.2743 4.2 16.3923
      vertex 74.2743 1.7 16.3923
    endloop
  endfacet
  facet normal 0.903995 -0 0.427543
    outer loop
      vertex 77.2048 1.7 15.1785
      vertex 77.3097 4.2 14.9567
      vertex 77.2048 4.2 15.1785
    endloop
  endfacet
  facet normal 0.903995 0 0.427543
    outer loop
      vertex 77.3097 4.2 14.9567
      vertex 77.2048 1.7 15.1785
      vertex 77.3097 1.7 14.9567
    endloop
  endfacet
  facet normal 0.671394 0 0.741101
    outer loop
      vertex 76.586 4.2 15.9325
      vertex 76.7678 1.7 15.7678
      vertex 76.7678 4.2 15.7678
    endloop
  endfacet
  facet normal 0.671394 0 0.741101
    outer loop
      vertex 76.7678 1.7 15.7678
      vertex 76.586 4.2 15.9325
      vertex 76.586 1.7 15.9325
    endloop
  endfacet
  facet normal 0.0489209 0 0.998803
    outer loop
      vertex 75 4.2 16.5
      vertex 75.245 1.7 16.488
      vertex 75.245 4.2 16.488
    endloop
  endfacet
  facet normal 0.0489209 0 0.998803
    outer loop
      vertex 75.245 1.7 16.488
      vertex 75 4.2 16.5
      vertex 75 1.7 16.5
    endloop
  endfacet
  facet normal -0.514076 0 0.857745
    outer loop
      vertex 73.6111 4.2 16.0787
      vertex 73.8215 1.7 16.2048
      vertex 73.8215 4.2 16.2048
    endloop
  endfacet
  facet normal -0.514076 0 0.857745
    outer loop
      vertex 73.8215 1.7 16.2048
      vertex 73.6111 4.2 16.0787
      vertex 73.6111 1.7 16.0787
    endloop
  endfacet
  facet normal 0.857745 -0 0.514076
    outer loop
      vertex 77.0787 1.7 15.3889
      vertex 77.2048 4.2 15.1785
      vertex 77.0787 4.2 15.3889
    endloop
  endfacet
  facet normal 0.857745 0 0.514076
    outer loop
      vertex 77.2048 4.2 15.1785
      vertex 77.0787 1.7 15.3889
      vertex 77.2048 1.7 15.1785
    endloop
  endfacet
  facet normal 0.96995 -0 0.243303
    outer loop
      vertex 77.3923 1.7 14.7257
      vertex 77.452 4.2 14.4877
      vertex 77.3923 4.2 14.7257
    endloop
  endfacet
  facet normal 0.96995 0 0.243303
    outer loop
      vertex 77.452 4.2 14.4877
      vertex 77.3923 1.7 14.7257
      vertex 77.452 1.7 14.4877
    endloop
  endfacet
  facet normal -0.903995 0 0.427543
    outer loop
      vertex 72.6903 1.7 14.9567
      vertex 72.7952 4.2 15.1785
      vertex 72.6903 4.2 14.9567
    endloop
  endfacet
  facet normal -0.903995 0 0.427543
    outer loop
      vertex 72.7952 4.2 15.1785
      vertex 72.6903 1.7 14.9567
      vertex 72.7952 1.7 15.1785
    endloop
  endfacet
  facet normal 0.989177 -0 0.146726
    outer loop
      vertex 77.452 1.7 14.4877
      vertex 77.488 4.2 14.245
      vertex 77.452 4.2 14.4877
    endloop
  endfacet
  facet normal 0.989177 0 0.146726
    outer loop
      vertex 77.488 4.2 14.245
      vertex 77.452 1.7 14.4877
      vertex 77.488 1.7 14.245
    endloop
  endfacet
  facet normal 0.741101 -0 0.671394
    outer loop
      vertex 76.7678 1.7 15.7678
      vertex 76.9325 4.2 15.586
      vertex 76.7678 4.2 15.7678
    endloop
  endfacet
  facet normal 0.741101 0 0.671394
    outer loop
      vertex 76.9325 4.2 15.586
      vertex 76.7678 1.7 15.7678
      vertex 76.9325 1.7 15.586
    endloop
  endfacet
  facet normal 0.941613 -0 0.336698
    outer loop
      vertex 77.3097 1.7 14.9567
      vertex 77.3923 4.2 14.7257
      vertex 77.3097 4.2 14.9567
    endloop
  endfacet
  facet normal 0.941613 0 0.336698
    outer loop
      vertex 77.3923 4.2 14.7257
      vertex 77.3097 1.7 14.9567
      vertex 77.3923 1.7 14.7257
    endloop
  endfacet
  facet normal -0.989177 0 0.146726
    outer loop
      vertex 72.512 1.7 14.245
      vertex 72.548 4.2 14.4877
      vertex 72.512 4.2 14.245
    endloop
  endfacet
  facet normal -0.989177 0 0.146726
    outer loop
      vertex 72.548 4.2 14.4877
      vertex 72.512 1.7 14.245
      vertex 72.548 1.7 14.4877
    endloop
  endfacet
  facet normal -0.427543 0 0.903995
    outer loop
      vertex 73.8215 4.2 16.2048
      vertex 74.0433 1.7 16.3097
      vertex 74.0433 4.2 16.3097
    endloop
  endfacet
  facet normal -0.427543 0 0.903995
    outer loop
      vertex 74.0433 1.7 16.3097
      vertex 73.8215 4.2 16.2048
      vertex 73.8215 1.7 16.2048
    endloop
  endfacet
  facet normal 0.146726 0 0.989177
    outer loop
      vertex 75.245 4.2 16.488
      vertex 75.4877 1.7 16.452
      vertex 75.4877 4.2 16.452
    endloop
  endfacet
  facet normal 0.146726 0 0.989177
    outer loop
      vertex 75.4877 1.7 16.452
      vertex 75.245 4.2 16.488
      vertex 75.245 1.7 16.488
    endloop
  endfacet
  facet normal -0.857745 0 0.514076
    outer loop
      vertex 72.7952 1.7 15.1785
      vertex 72.9213 4.2 15.3889
      vertex 72.7952 4.2 15.1785
    endloop
  endfacet
  facet normal -0.857745 0 0.514076
    outer loop
      vertex 72.9213 4.2 15.3889
      vertex 72.7952 1.7 15.1785
      vertex 72.9213 1.7 15.3889
    endloop
  endfacet
  facet normal -0.96995 0 0.243303
    outer loop
      vertex 72.548 1.7 14.4877
      vertex 72.6077 4.2 14.7257
      vertex 72.548 4.2 14.4877
    endloop
  endfacet
  facet normal -0.96995 0 0.243303
    outer loop
      vertex 72.6077 4.2 14.7257
      vertex 72.548 1.7 14.4877
      vertex 72.6077 1.7 14.7257
    endloop
  endfacet
  facet normal 0.595754 0 0.803167
    outer loop
      vertex 76.3889 4.2 16.0787
      vertex 76.586 1.7 15.9325
      vertex 76.586 4.2 15.9325
    endloop
  endfacet
  facet normal 0.595754 0 0.803167
    outer loop
      vertex 76.586 1.7 15.9325
      vertex 76.3889 4.2 16.0787
      vertex 76.3889 1.7 16.0787
    endloop
  endfacet
  facet normal -0.0489209 0 0.998803
    outer loop
      vertex 74.755 4.2 16.488
      vertex 75 1.7 16.5
      vertex 75 4.2 16.5
    endloop
  endfacet
  facet normal -0.0489209 0 0.998803
    outer loop
      vertex 75 1.7 16.5
      vertex 74.755 4.2 16.488
      vertex 74.755 1.7 16.488
    endloop
  endfacet
  facet normal -0.998803 0 0.0489209
    outer loop
      vertex 72.5 1.7 14
      vertex 72.512 4.2 14.245
      vertex 72.5 4.2 14
    endloop
  endfacet
  facet normal -0.998803 0 0.0489209
    outer loop
      vertex 72.512 4.2 14.245
      vertex 72.5 1.7 14
      vertex 72.512 1.7 14.245
    endloop
  endfacet
  facet normal -0.671394 0 0.741101
    outer loop
      vertex 73.2322 4.2 15.7678
      vertex 73.414 1.7 15.9325
      vertex 73.414 4.2 15.9325
    endloop
  endfacet
  facet normal -0.671394 0 0.741101
    outer loop
      vertex 73.414 1.7 15.9325
      vertex 73.2322 4.2 15.7678
      vertex 73.2322 1.7 15.7678
    endloop
  endfacet
  facet normal -0.336698 0 0.941613
    outer loop
      vertex 74.0433 4.2 16.3097
      vertex 74.2743 1.7 16.3923
      vertex 74.2743 4.2 16.3923
    endloop
  endfacet
  facet normal -0.336698 0 0.941613
    outer loop
      vertex 74.2743 1.7 16.3923
      vertex 74.0433 4.2 16.3097
      vertex 74.0433 1.7 16.3097
    endloop
  endfacet
  facet normal -0.595754 0 0.803167
    outer loop
      vertex 73.414 4.2 15.9325
      vertex 73.6111 1.7 16.0787
      vertex 73.6111 4.2 16.0787
    endloop
  endfacet
  facet normal -0.595754 0 0.803167
    outer loop
      vertex 73.6111 1.7 16.0787
      vertex 73.414 4.2 15.9325
      vertex 73.414 1.7 15.9325
    endloop
  endfacet
  facet normal -0.595977 0 -0.803001
    outer loop
      vertex 75.5417 -4.2 14.8107
      vertex 75.6185 -1.7 14.7537
      vertex 75.6185 -4.2 14.7537
    endloop
  endfacet
  facet normal -0.595977 0 -0.803001
    outer loop
      vertex 75.6185 -1.7 14.7537
      vertex 75.5417 -4.2 14.8107
      vertex 75.5417 -1.7 14.8107
    endloop
  endfacet
  facet normal -0.595977 0 -0.803001
    outer loop
      vertex 75.5417 1.7 14.8107
      vertex 75.6185 4.2 14.7537
      vertex 75.6185 1.7 14.7537
    endloop
  endfacet
  facet normal -0.595977 0 -0.803001
    outer loop
      vertex 75.6185 4.2 14.7537
      vertex 75.5417 1.7 14.8107
      vertex 75.5417 4.2 14.8107
    endloop
  endfacet
  facet normal -0.989226 0 -0.146397
    outer loop
      vertex 75.9703 -4.2 14.0956
      vertex 75.9563 -1.7 14.1902
      vertex 75.9703 -1.7 14.0956
    endloop
  endfacet
  facet normal -0.989226 -0 -0.146397
    outer loop
      vertex 75.9563 -1.7 14.1902
      vertex 75.9703 -4.2 14.0956
      vertex 75.9563 -4.2 14.1902
    endloop
  endfacet
  facet normal -0.989226 0 -0.146397
    outer loop
      vertex 75.9703 1.7 14.0956
      vertex 75.9563 4.2 14.1902
      vertex 75.9703 4.2 14.0956
    endloop
  endfacet
  facet normal -0.989226 -0 -0.146397
    outer loop
      vertex 75.9563 4.2 14.1902
      vertex 75.9703 1.7 14.0956
      vertex 75.9563 1.7 14.1902
    endloop
  endfacet
  facet normal -0.998794 0 -0.0491039
    outer loop
      vertex 75.975 -4.2 14
      vertex 75.9703 -1.7 14.0956
      vertex 75.975 -1.7 14
    endloop
  endfacet
  facet normal -0.998794 -0 -0.0491039
    outer loop
      vertex 75.9703 -1.7 14.0956
      vertex 75.975 -4.2 14
      vertex 75.9703 -4.2 14.0956
    endloop
  endfacet
  facet normal -0.998794 0 -0.0491039
    outer loop
      vertex 75.975 1.7 14
      vertex 75.9703 4.2 14.0956
      vertex 75.975 4.2 14
    endloop
  endfacet
  facet normal -0.998794 -0 -0.0491039
    outer loop
      vertex 75.9703 4.2 14.0956
      vertex 75.975 1.7 14
      vertex 75.9703 1.7 14.0956
    endloop
  endfacet
  facet normal -0.969896 0 -0.243519
    outer loop
      vertex 75.9563 -4.2 14.1902
      vertex 75.933 -1.7 14.283
      vertex 75.9563 -1.7 14.1902
    endloop
  endfacet
  facet normal -0.969896 -0 -0.243519
    outer loop
      vertex 75.933 -1.7 14.283
      vertex 75.9563 -4.2 14.1902
      vertex 75.933 -4.2 14.283
    endloop
  endfacet
  facet normal -0.969896 0 -0.243519
    outer loop
      vertex 75.9563 1.7 14.1902
      vertex 75.933 4.2 14.283
      vertex 75.9563 4.2 14.1902
    endloop
  endfacet
  facet normal -0.969896 -0 -0.243519
    outer loop
      vertex 75.933 4.2 14.283
      vertex 75.9563 1.7 14.1902
      vertex 75.933 1.7 14.283
    endloop
  endfacet
  facet normal -0.857769 0 0.514035
    outer loop
      vertex 75.8107 -4.2 13.4583
      vertex 75.8599 -1.7 13.5404
      vertex 75.8107 -1.7 13.4583
    endloop
  endfacet
  facet normal -0.857769 0 0.514035
    outer loop
      vertex 75.8599 -1.7 13.5404
      vertex 75.8107 -4.2 13.4583
      vertex 75.8599 -4.2 13.5404
    endloop
  endfacet
  facet normal -0.857769 0 0.514035
    outer loop
      vertex 75.8107 1.7 13.4583
      vertex 75.8599 4.2 13.5404
      vertex 75.8107 4.2 13.4583
    endloop
  endfacet
  facet normal -0.857769 0 0.514035
    outer loop
      vertex 75.8599 4.2 13.5404
      vertex 75.8107 1.7 13.4583
      vertex 75.8599 1.7 13.5404
    endloop
  endfacet
  facet normal 0.146397 0 -0.989226
    outer loop
      vertex 74.8098 -4.2 14.9563
      vertex 74.9044 -1.7 14.9703
      vertex 74.9044 -4.2 14.9703
    endloop
  endfacet
  facet normal 0.146397 0 -0.989226
    outer loop
      vertex 74.9044 -1.7 14.9703
      vertex 74.8098 -4.2 14.9563
      vertex 74.8098 -1.7 14.9563
    endloop
  endfacet
  facet normal 0.146397 0 -0.989226
    outer loop
      vertex 74.8098 1.7 14.9563
      vertex 74.9044 4.2 14.9703
      vertex 74.9044 1.7 14.9703
    endloop
  endfacet
  facet normal 0.146397 0 -0.989226
    outer loop
      vertex 74.9044 4.2 14.9703
      vertex 74.8098 1.7 14.9563
      vertex 74.8098 4.2 14.9563
    endloop
  endfacet
  facet normal -0.857769 0 -0.514035
    outer loop
      vertex 75.8599 -4.2 14.4596
      vertex 75.8107 -1.7 14.5417
      vertex 75.8599 -1.7 14.4596
    endloop
  endfacet
  facet normal -0.857769 -0 -0.514035
    outer loop
      vertex 75.8107 -1.7 14.5417
      vertex 75.8599 -4.2 14.4596
      vertex 75.8107 -4.2 14.5417
    endloop
  endfacet
  facet normal -0.857769 0 -0.514035
    outer loop
      vertex 75.8599 1.7 14.4596
      vertex 75.8107 4.2 14.5417
      vertex 75.8599 4.2 14.4596
    endloop
  endfacet
  facet normal -0.857769 -0 -0.514035
    outer loop
      vertex 75.8107 4.2 14.5417
      vertex 75.8599 1.7 14.4596
      vertex 75.8107 1.7 14.5417
    endloop
  endfacet
  facet normal -0.969896 0 0.243519
    outer loop
      vertex 75.933 -4.2 13.717
      vertex 75.9563 -1.7 13.8098
      vertex 75.933 -1.7 13.717
    endloop
  endfacet
  facet normal -0.969896 0 0.243519
    outer loop
      vertex 75.9563 -1.7 13.8098
      vertex 75.933 -4.2 13.717
      vertex 75.9563 -4.2 13.8098
    endloop
  endfacet
  facet normal -0.969896 0 0.243519
    outer loop
      vertex 75.933 1.7 13.717
      vertex 75.9563 4.2 13.8098
      vertex 75.933 4.2 13.717
    endloop
  endfacet
  facet normal -0.969896 0 0.243519
    outer loop
      vertex 75.9563 4.2 13.8098
      vertex 75.933 1.7 13.717
      vertex 75.9563 1.7 13.8098
    endloop
  endfacet
  facet normal -0.146397 0 0.989226
    outer loop
      vertex 75.0956 -1.7 13.0297
      vertex 75.1902 -4.2 13.0437
      vertex 75.1902 -1.7 13.0437
    endloop
  endfacet
  facet normal -0.146397 0 0.989226
    outer loop
      vertex 75.1902 -4.2 13.0437
      vertex 75.0956 -1.7 13.0297
      vertex 75.0956 -4.2 13.0297
    endloop
  endfacet
  facet normal -0.146397 0 0.989226
    outer loop
      vertex 75.0956 4.2 13.0297
      vertex 75.1902 1.7 13.0437
      vertex 75.1902 4.2 13.0437
    endloop
  endfacet
  facet normal -0.146397 0 0.989226
    outer loop
      vertex 75.1902 1.7 13.0437
      vertex 75.0956 4.2 13.0297
      vertex 75.0956 1.7 13.0297
    endloop
  endfacet
  facet normal 0.0491039 0 0.998794
    outer loop
      vertex 74.9044 -1.7 13.0297
      vertex 75 -4.2 13.025
      vertex 75 -1.7 13.025
    endloop
  endfacet
  facet normal 0.0491039 0 0.998794
    outer loop
      vertex 75 -4.2 13.025
      vertex 74.9044 -1.7 13.0297
      vertex 74.9044 -4.2 13.0297
    endloop
  endfacet
  facet normal 0.0491039 0 0.998794
    outer loop
      vertex 74.9044 4.2 13.0297
      vertex 75 1.7 13.025
      vertex 75 4.2 13.025
    endloop
  endfacet
  facet normal 0.0491039 0 0.998794
    outer loop
      vertex 75 1.7 13.025
      vertex 74.9044 4.2 13.0297
      vertex 74.9044 1.7 13.0297
    endloop
  endfacet
  facet normal -0.336535 0 0.941671
    outer loop
      vertex 75.283 -1.7 13.067
      vertex 75.3731 -4.2 13.0992
      vertex 75.3731 -1.7 13.0992
    endloop
  endfacet
  facet normal -0.336535 0 0.941671
    outer loop
      vertex 75.3731 -4.2 13.0992
      vertex 75.283 -1.7 13.067
      vertex 75.283 -4.2 13.067
    endloop
  endfacet
  facet normal -0.336535 0 0.941671
    outer loop
      vertex 75.283 4.2 13.067
      vertex 75.3731 1.7 13.0992
      vertex 75.3731 4.2 13.0992
    endloop
  endfacet
  facet normal -0.336535 0 0.941671
    outer loop
      vertex 75.3731 1.7 13.0992
      vertex 75.283 4.2 13.067
      vertex 75.283 1.7 13.067
    endloop
  endfacet
  facet normal 0.989226 0 -0.146397
    outer loop
      vertex 74.0437 -4.2 14.1902
      vertex 74.0297 -1.7 14.0956
      vertex 74.0437 -1.7 14.1902
    endloop
  endfacet
  facet normal 0.989226 0 -0.146397
    outer loop
      vertex 74.0297 -1.7 14.0956
      vertex 74.0437 -4.2 14.1902
      vertex 74.0297 -4.2 14.0956
    endloop
  endfacet
  facet normal 0.989226 0 -0.146397
    outer loop
      vertex 74.0437 1.7 14.1902
      vertex 74.0297 4.2 14.0956
      vertex 74.0437 4.2 14.1902
    endloop
  endfacet
  facet normal 0.989226 0 -0.146397
    outer loop
      vertex 74.0297 4.2 14.0956
      vertex 74.0437 1.7 14.1902
      vertex 74.0297 1.7 14.0956
    endloop
  endfacet
  facet normal 0.0491039 0 -0.998794
    outer loop
      vertex 74.9044 -4.2 14.9703
      vertex 75 -1.7 14.975
      vertex 75 -4.2 14.975
    endloop
  endfacet
  facet normal 0.0491039 0 -0.998794
    outer loop
      vertex 75 -1.7 14.975
      vertex 74.9044 -4.2 14.9703
      vertex 74.9044 -1.7 14.9703
    endloop
  endfacet
  facet normal 0.0491039 0 -0.998794
    outer loop
      vertex 74.9044 1.7 14.9703
      vertex 75 4.2 14.975
      vertex 75 1.7 14.975
    endloop
  endfacet
  facet normal 0.0491039 0 -0.998794
    outer loop
      vertex 75 4.2 14.975
      vertex 74.9044 1.7 14.9703
      vertex 74.9044 4.2 14.9703
    endloop
  endfacet
  facet normal 0.998794 -0 0.0491039
    outer loop
      vertex 74.025 -4.2 14
      vertex 74.0297 -1.7 13.9044
      vertex 74.025 -1.7 14
    endloop
  endfacet
  facet normal 0.998794 0 0.0491039
    outer loop
      vertex 74.0297 -1.7 13.9044
      vertex 74.025 -4.2 14
      vertex 74.0297 -4.2 13.9044
    endloop
  endfacet
  facet normal 0.998794 -0 0.0491039
    outer loop
      vertex 74.025 1.7 14
      vertex 74.0297 4.2 13.9044
      vertex 74.025 4.2 14
    endloop
  endfacet
  facet normal 0.998794 0 0.0491039
    outer loop
      vertex 74.0297 4.2 13.9044
      vertex 74.025 1.7 14
      vertex 74.0297 1.7 13.9044
    endloop
  endfacet
  facet normal 0.243519 0 -0.969896
    outer loop
      vertex 74.717 -4.2 14.933
      vertex 74.8098 -1.7 14.9563
      vertex 74.8098 -4.2 14.9563
    endloop
  endfacet
  facet normal 0.243519 0 -0.969896
    outer loop
      vertex 74.8098 -1.7 14.9563
      vertex 74.717 -4.2 14.933
      vertex 74.717 -1.7 14.933
    endloop
  endfacet
  facet normal 0.243519 0 -0.969896
    outer loop
      vertex 74.717 1.7 14.933
      vertex 74.8098 4.2 14.9563
      vertex 74.8098 1.7 14.9563
    endloop
  endfacet
  facet normal 0.243519 0 -0.969896
    outer loop
      vertex 74.8098 4.2 14.9563
      vertex 74.717 1.7 14.933
      vertex 74.717 4.2 14.933
    endloop
  endfacet
  facet normal 0.989226 -0 0.146397
    outer loop
      vertex 74.0297 -4.2 13.9044
      vertex 74.0437 -1.7 13.8098
      vertex 74.0297 -1.7 13.9044
    endloop
  endfacet
  facet normal 0.989226 0 0.146397
    outer loop
      vertex 74.0437 -1.7 13.8098
      vertex 74.0297 -4.2 13.9044
      vertex 74.0437 -4.2 13.8098
    endloop
  endfacet
  facet normal 0.989226 -0 0.146397
    outer loop
      vertex 74.0297 1.7 13.9044
      vertex 74.0437 4.2 13.8098
      vertex 74.0297 4.2 13.9044
    endloop
  endfacet
  facet normal 0.989226 0 0.146397
    outer loop
      vertex 74.0437 4.2 13.8098
      vertex 74.0297 1.7 13.9044
      vertex 74.0437 1.7 13.8098
    endloop
  endfacet
  facet normal -0.941671 0 -0.336535
    outer loop
      vertex 75.933 -4.2 14.283
      vertex 75.9008 -1.7 14.3731
      vertex 75.933 -1.7 14.283
    endloop
  endfacet
  facet normal -0.941671 -0 -0.336535
    outer loop
      vertex 75.9008 -1.7 14.3731
      vertex 75.933 -4.2 14.283
      vertex 75.9008 -4.2 14.3731
    endloop
  endfacet
  facet normal -0.941671 0 -0.336535
    outer loop
      vertex 75.933 1.7 14.283
      vertex 75.9008 4.2 14.3731
      vertex 75.933 4.2 14.283
    endloop
  endfacet
  facet normal -0.941671 -0 -0.336535
    outer loop
      vertex 75.9008 4.2 14.3731
      vertex 75.933 1.7 14.283
      vertex 75.9008 1.7 14.3731
    endloop
  endfacet
  facet normal -0.514035 0 -0.857769
    outer loop
      vertex 75.4596 -4.2 14.8599
      vertex 75.5417 -1.7 14.8107
      vertex 75.5417 -4.2 14.8107
    endloop
  endfacet
  facet normal -0.514035 0 -0.857769
    outer loop
      vertex 75.5417 -1.7 14.8107
      vertex 75.4596 -4.2 14.8599
      vertex 75.4596 -1.7 14.8599
    endloop
  endfacet
  facet normal -0.514035 0 -0.857769
    outer loop
      vertex 75.4596 1.7 14.8599
      vertex 75.5417 4.2 14.8107
      vertex 75.5417 1.7 14.8107
    endloop
  endfacet
  facet normal -0.514035 0 -0.857769
    outer loop
      vertex 75.5417 4.2 14.8107
      vertex 75.4596 1.7 14.8599
      vertex 75.4596 4.2 14.8599
    endloop
  endfacet
  facet normal 0.969896 -0 0.243519
    outer loop
      vertex 74.0437 -4.2 13.8098
      vertex 74.067 -1.7 13.717
      vertex 74.0437 -1.7 13.8098
    endloop
  endfacet
  facet normal 0.969896 0 0.243519
    outer loop
      vertex 74.067 -1.7 13.717
      vertex 74.0437 -4.2 13.8098
      vertex 74.067 -4.2 13.717
    endloop
  endfacet
  facet normal 0.969896 -0 0.243519
    outer loop
      vertex 74.0437 1.7 13.8098
      vertex 74.067 4.2 13.717
      vertex 74.0437 4.2 13.8098
    endloop
  endfacet
  facet normal 0.969896 0 0.243519
    outer loop
      vertex 74.067 4.2 13.717
      vertex 74.0437 1.7 13.8098
      vertex 74.067 1.7 13.717
    endloop
  endfacet
  facet normal -0.0491039 0 0.998794
    outer loop
      vertex 75 -1.7 13.025
      vertex 75.0956 -4.2 13.0297
      vertex 75.0956 -1.7 13.0297
    endloop
  endfacet
  facet normal -0.0491039 0 0.998794
    outer loop
      vertex 75.0956 -4.2 13.0297
      vertex 75 -1.7 13.025
      vertex 75 -4.2 13.025
    endloop
  endfacet
  facet normal -0.0491039 0 0.998794
    outer loop
      vertex 75 4.2 13.025
      vertex 75.0956 1.7 13.0297
      vertex 75.0956 4.2 13.0297
    endloop
  endfacet
  facet normal -0.0491039 0 0.998794
    outer loop
      vertex 75.0956 1.7 13.0297
      vertex 75 4.2 13.025
      vertex 75 1.7 13.025
    endloop
  endfacet
  facet normal 0.857769 -0 0.514035
    outer loop
      vertex 74.1401 -4.2 13.5404
      vertex 74.1893 -1.7 13.4583
      vertex 74.1401 -1.7 13.5404
    endloop
  endfacet
  facet normal 0.857769 0 0.514035
    outer loop
      vertex 74.1893 -1.7 13.4583
      vertex 74.1401 -4.2 13.5404
      vertex 74.1893 -4.2 13.4583
    endloop
  endfacet
  facet normal 0.857769 -0 0.514035
    outer loop
      vertex 74.1401 1.7 13.5404
      vertex 74.1893 4.2 13.4583
      vertex 74.1401 4.2 13.5404
    endloop
  endfacet
  facet normal 0.857769 0 0.514035
    outer loop
      vertex 74.1893 4.2 13.4583
      vertex 74.1401 1.7 13.5404
      vertex 74.1893 1.7 13.4583
    endloop
  endfacet
  facet normal 0.595977 0 -0.803001
    outer loop
      vertex 74.3815 -4.2 14.7537
      vertex 74.4583 -1.7 14.8107
      vertex 74.4583 -4.2 14.8107
    endloop
  endfacet
  facet normal 0.595977 0 -0.803001
    outer loop
      vertex 74.4583 -1.7 14.8107
      vertex 74.3815 -4.2 14.7537
      vertex 74.3815 -1.7 14.7537
    endloop
  endfacet
  facet normal 0.595977 0 -0.803001
    outer loop
      vertex 74.3815 1.7 14.7537
      vertex 74.4583 4.2 14.8107
      vertex 74.4583 1.7 14.8107
    endloop
  endfacet
  facet normal 0.595977 0 -0.803001
    outer loop
      vertex 74.4583 4.2 14.8107
      vertex 74.3815 1.7 14.7537
      vertex 74.3815 4.2 14.7537
    endloop
  endfacet
  facet normal -0.740743 0 -0.671788
    outer loop
      vertex 75.7537 -4.2 14.6185
      vertex 75.6894 -1.7 14.6894
      vertex 75.7537 -1.7 14.6185
    endloop
  endfacet
  facet normal -0.740743 -0 -0.671788
    outer loop
      vertex 75.6894 -1.7 14.6894
      vertex 75.7537 -4.2 14.6185
      vertex 75.6894 -4.2 14.6894
    endloop
  endfacet
  facet normal -0.740743 0 -0.671788
    outer loop
      vertex 75.7537 1.7 14.6185
      vertex 75.6894 4.2 14.6894
      vertex 75.7537 4.2 14.6185
    endloop
  endfacet
  facet normal -0.740743 -0 -0.671788
    outer loop
      vertex 75.6894 4.2 14.6894
      vertex 75.7537 1.7 14.6185
      vertex 75.6894 1.7 14.6894
    endloop
  endfacet
  facet normal -0.803001 0 -0.595977
    outer loop
      vertex 75.8107 -4.2 14.5417
      vertex 75.7537 -1.7 14.6185
      vertex 75.8107 -1.7 14.5417
    endloop
  endfacet
  facet normal -0.803001 -0 -0.595977
    outer loop
      vertex 75.7537 -1.7 14.6185
      vertex 75.8107 -4.2 14.5417
      vertex 75.7537 -4.2 14.6185
    endloop
  endfacet
  facet normal -0.803001 0 -0.595977
    outer loop
      vertex 75.8107 1.7 14.5417
      vertex 75.7537 4.2 14.6185
      vertex 75.8107 4.2 14.5417
    endloop
  endfacet
  facet normal -0.803001 -0 -0.595977
    outer loop
      vertex 75.7537 4.2 14.6185
      vertex 75.8107 1.7 14.5417
      vertex 75.7537 1.7 14.6185
    endloop
  endfacet
  facet normal 0.671788 0 -0.740743
    outer loop
      vertex 74.3106 -4.2 14.6894
      vertex 74.3815 -1.7 14.7537
      vertex 74.3815 -4.2 14.7537
    endloop
  endfacet
  facet normal 0.671788 0 -0.740743
    outer loop
      vertex 74.3815 -1.7 14.7537
      vertex 74.3106 -4.2 14.6894
      vertex 74.3106 -1.7 14.6894
    endloop
  endfacet
  facet normal 0.671788 0 -0.740743
    outer loop
      vertex 74.3106 1.7 14.6894
      vertex 74.3815 4.2 14.7537
      vertex 74.3815 1.7 14.7537
    endloop
  endfacet
  facet normal 0.671788 0 -0.740743
    outer loop
      vertex 74.3815 4.2 14.7537
      vertex 74.3106 1.7 14.6894
      vertex 74.3106 4.2 14.6894
    endloop
  endfacet
  facet normal -0.336535 0 -0.941671
    outer loop
      vertex 75.283 -4.2 14.933
      vertex 75.3731 -1.7 14.9008
      vertex 75.3731 -4.2 14.9008
    endloop
  endfacet
  facet normal -0.336535 0 -0.941671
    outer loop
      vertex 75.3731 -1.7 14.9008
      vertex 75.283 -4.2 14.933
      vertex 75.283 -1.7 14.933
    endloop
  endfacet
  facet normal -0.336535 0 -0.941671
    outer loop
      vertex 75.283 1.7 14.933
      vertex 75.3731 4.2 14.9008
      vertex 75.3731 1.7 14.9008
    endloop
  endfacet
  facet normal -0.336535 0 -0.941671
    outer loop
      vertex 75.3731 4.2 14.9008
      vertex 75.283 1.7 14.933
      vertex 75.283 4.2 14.933
    endloop
  endfacet
  facet normal 0.336535 0 -0.941671
    outer loop
      vertex 74.6269 -4.2 14.9008
      vertex 74.717 -1.7 14.933
      vertex 74.717 -4.2 14.933
    endloop
  endfacet
  facet normal 0.336535 0 -0.941671
    outer loop
      vertex 74.717 -1.7 14.933
      vertex 74.6269 -4.2 14.9008
      vertex 74.6269 -1.7 14.9008
    endloop
  endfacet
  facet normal 0.336535 0 -0.941671
    outer loop
      vertex 74.6269 1.7 14.9008
      vertex 74.717 4.2 14.933
      vertex 74.717 1.7 14.933
    endloop
  endfacet
  facet normal 0.336535 0 -0.941671
    outer loop
      vertex 74.717 4.2 14.933
      vertex 74.6269 1.7 14.9008
      vertex 74.6269 4.2 14.9008
    endloop
  endfacet
  facet normal 0.514035 0 -0.857769
    outer loop
      vertex 74.4583 -4.2 14.8107
      vertex 74.5404 -1.7 14.8599
      vertex 74.5404 -4.2 14.8599
    endloop
  endfacet
  facet normal 0.514035 0 -0.857769
    outer loop
      vertex 74.5404 -1.7 14.8599
      vertex 74.4583 -4.2 14.8107
      vertex 74.4583 -1.7 14.8107
    endloop
  endfacet
  facet normal 0.514035 0 -0.857769
    outer loop
      vertex 74.4583 1.7 14.8107
      vertex 74.5404 4.2 14.8599
      vertex 74.5404 1.7 14.8599
    endloop
  endfacet
  facet normal 0.514035 0 -0.857769
    outer loop
      vertex 74.5404 4.2 14.8599
      vertex 74.4583 1.7 14.8107
      vertex 74.4583 4.2 14.8107
    endloop
  endfacet
  facet normal 0.427457 0 0.904036
    outer loop
      vertex 74.5404 -1.7 13.1401
      vertex 74.6269 -4.2 13.0992
      vertex 74.6269 -1.7 13.0992
    endloop
  endfacet
  facet normal 0.427457 0 0.904036
    outer loop
      vertex 74.6269 -4.2 13.0992
      vertex 74.5404 -1.7 13.1401
      vertex 74.5404 -4.2 13.1401
    endloop
  endfacet
  facet normal 0.427457 0 0.904036
    outer loop
      vertex 74.5404 4.2 13.1401
      vertex 74.6269 1.7 13.0992
      vertex 74.6269 4.2 13.0992
    endloop
  endfacet
  facet normal 0.427457 0 0.904036
    outer loop
      vertex 74.6269 1.7 13.0992
      vertex 74.5404 4.2 13.1401
      vertex 74.5404 1.7 13.1401
    endloop
  endfacet
  facet normal 0.904036 0 -0.427457
    outer loop
      vertex 74.1401 -4.2 14.4596
      vertex 74.0992 -1.7 14.3731
      vertex 74.1401 -1.7 14.4596
    endloop
  endfacet
  facet normal 0.904036 0 -0.427457
    outer loop
      vertex 74.0992 -1.7 14.3731
      vertex 74.1401 -4.2 14.4596
      vertex 74.0992 -4.2 14.3731
    endloop
  endfacet
  facet normal 0.904036 0 -0.427457
    outer loop
      vertex 74.1401 1.7 14.4596
      vertex 74.0992 4.2 14.3731
      vertex 74.1401 4.2 14.4596
    endloop
  endfacet
  facet normal 0.904036 0 -0.427457
    outer loop
      vertex 74.0992 4.2 14.3731
      vertex 74.1401 1.7 14.4596
      vertex 74.0992 1.7 14.3731
    endloop
  endfacet
  facet normal -0.941671 0 0.336535
    outer loop
      vertex 75.9008 -4.2 13.6269
      vertex 75.933 -1.7 13.717
      vertex 75.9008 -1.7 13.6269
    endloop
  endfacet
  facet normal -0.941671 0 0.336535
    outer loop
      vertex 75.933 -1.7 13.717
      vertex 75.9008 -4.2 13.6269
      vertex 75.933 -4.2 13.717
    endloop
  endfacet
  facet normal -0.941671 0 0.336535
    outer loop
      vertex 75.9008 1.7 13.6269
      vertex 75.933 4.2 13.717
      vertex 75.9008 4.2 13.6269
    endloop
  endfacet
  facet normal -0.941671 0 0.336535
    outer loop
      vertex 75.933 4.2 13.717
      vertex 75.9008 1.7 13.6269
      vertex 75.933 1.7 13.717
    endloop
  endfacet
  facet normal 0.941671 0 -0.336535
    outer loop
      vertex 74.0992 -4.2 14.3731
      vertex 74.067 -1.7 14.283
      vertex 74.0992 -1.7 14.3731
    endloop
  endfacet
  facet normal 0.941671 0 -0.336535
    outer loop
      vertex 74.067 -1.7 14.283
      vertex 74.0992 -4.2 14.3731
      vertex 74.067 -4.2 14.283
    endloop
  endfacet
  facet normal 0.941671 0 -0.336535
    outer loop
      vertex 74.0992 1.7 14.3731
      vertex 74.067 4.2 14.283
      vertex 74.0992 4.2 14.3731
    endloop
  endfacet
  facet normal 0.941671 0 -0.336535
    outer loop
      vertex 74.067 4.2 14.283
      vertex 74.0992 1.7 14.3731
      vertex 74.067 1.7 14.283
    endloop
  endfacet
  facet normal -0.0491039 0 -0.998794
    outer loop
      vertex 75 -4.2 14.975
      vertex 75.0956 -1.7 14.9703
      vertex 75.0956 -4.2 14.9703
    endloop
  endfacet
  facet normal -0.0491039 0 -0.998794
    outer loop
      vertex 75.0956 -1.7 14.9703
      vertex 75 -4.2 14.975
      vertex 75 -1.7 14.975
    endloop
  endfacet
  facet normal -0.0491039 0 -0.998794
    outer loop
      vertex 75 1.7 14.975
      vertex 75.0956 4.2 14.9703
      vertex 75.0956 1.7 14.9703
    endloop
  endfacet
  facet normal -0.0491039 0 -0.998794
    outer loop
      vertex 75.0956 4.2 14.9703
      vertex 75 1.7 14.975
      vertex 75 4.2 14.975
    endloop
  endfacet
  facet normal -0.989226 0 0.146397
    outer loop
      vertex 75.9563 -4.2 13.8098
      vertex 75.9703 -1.7 13.9044
      vertex 75.9563 -1.7 13.8098
    endloop
  endfacet
  facet normal -0.989226 0 0.146397
    outer loop
      vertex 75.9703 -1.7 13.9044
      vertex 75.9563 -4.2 13.8098
      vertex 75.9703 -4.2 13.9044
    endloop
  endfacet
  facet normal -0.989226 0 0.146397
    outer loop
      vertex 75.9563 1.7 13.8098
      vertex 75.9703 4.2 13.9044
      vertex 75.9563 4.2 13.8098
    endloop
  endfacet
  facet normal -0.989226 0 0.146397
    outer loop
      vertex 75.9703 4.2 13.9044
      vertex 75.9563 1.7 13.8098
      vertex 75.9703 1.7 13.9044
    endloop
  endfacet
  facet normal 0.740743 -0 0.671788
    outer loop
      vertex 74.2463 -4.2 13.3815
      vertex 74.3106 -1.7 13.3106
      vertex 74.2463 -1.7 13.3815
    endloop
  endfacet
  facet normal 0.740743 0 0.671788
    outer loop
      vertex 74.3106 -1.7 13.3106
      vertex 74.2463 -4.2 13.3815
      vertex 74.3106 -4.2 13.3106
    endloop
  endfacet
  facet normal 0.740743 -0 0.671788
    outer loop
      vertex 74.2463 1.7 13.3815
      vertex 74.3106 4.2 13.3106
      vertex 74.2463 4.2 13.3815
    endloop
  endfacet
  facet normal 0.740743 0 0.671788
    outer loop
      vertex 74.3106 4.2 13.3106
      vertex 74.2463 1.7 13.3815
      vertex 74.3106 1.7 13.3106
    endloop
  endfacet
  facet normal -0.427457 0 -0.904036
    outer loop
      vertex 75.3731 -4.2 14.9008
      vertex 75.4596 -1.7 14.8599
      vertex 75.4596 -4.2 14.8599
    endloop
  endfacet
  facet normal -0.427457 0 -0.904036
    outer loop
      vertex 75.4596 -1.7 14.8599
      vertex 75.3731 -4.2 14.9008
      vertex 75.3731 -1.7 14.9008
    endloop
  endfacet
  facet normal -0.427457 0 -0.904036
    outer loop
      vertex 75.3731 1.7 14.9008
      vertex 75.4596 4.2 14.8599
      vertex 75.4596 1.7 14.8599
    endloop
  endfacet
  facet normal -0.427457 0 -0.904036
    outer loop
      vertex 75.4596 4.2 14.8599
      vertex 75.3731 1.7 14.9008
      vertex 75.3731 4.2 14.9008
    endloop
  endfacet
  facet normal 0.336535 0 0.941671
    outer loop
      vertex 74.6269 -1.7 13.0992
      vertex 74.717 -4.2 13.067
      vertex 74.717 -1.7 13.067
    endloop
  endfacet
  facet normal 0.336535 0 0.941671
    outer loop
      vertex 74.717 -4.2 13.067
      vertex 74.6269 -1.7 13.0992
      vertex 74.6269 -4.2 13.0992
    endloop
  endfacet
  facet normal 0.336535 0 0.941671
    outer loop
      vertex 74.6269 4.2 13.0992
      vertex 74.717 1.7 13.067
      vertex 74.717 4.2 13.067
    endloop
  endfacet
  facet normal 0.336535 0 0.941671
    outer loop
      vertex 74.717 1.7 13.067
      vertex 74.6269 4.2 13.0992
      vertex 74.6269 1.7 13.0992
    endloop
  endfacet
  facet normal 0.969896 0 -0.243519
    outer loop
      vertex 74.067 -4.2 14.283
      vertex 74.0437 -1.7 14.1902
      vertex 74.067 -1.7 14.283
    endloop
  endfacet
  facet normal 0.969896 0 -0.243519
    outer loop
      vertex 74.0437 -1.7 14.1902
      vertex 74.067 -4.2 14.283
      vertex 74.0437 -4.2 14.1902
    endloop
  endfacet
  facet normal 0.969896 0 -0.243519
    outer loop
      vertex 74.067 1.7 14.283
      vertex 74.0437 4.2 14.1902
      vertex 74.067 4.2 14.283
    endloop
  endfacet
  facet normal 0.969896 0 -0.243519
    outer loop
      vertex 74.0437 4.2 14.1902
      vertex 74.067 1.7 14.283
      vertex 74.0437 1.7 14.1902
    endloop
  endfacet
  facet normal -0.904036 0 -0.427457
    outer loop
      vertex 75.9008 -4.2 14.3731
      vertex 75.8599 -1.7 14.4596
      vertex 75.9008 -1.7 14.3731
    endloop
  endfacet
  facet normal -0.904036 -0 -0.427457
    outer loop
      vertex 75.8599 -1.7 14.4596
      vertex 75.9008 -4.2 14.3731
      vertex 75.8599 -4.2 14.4596
    endloop
  endfacet
  facet normal -0.904036 0 -0.427457
    outer loop
      vertex 75.9008 1.7 14.3731
      vertex 75.8599 4.2 14.4596
      vertex 75.9008 4.2 14.3731
    endloop
  endfacet
  facet normal -0.904036 -0 -0.427457
    outer loop
      vertex 75.8599 4.2 14.4596
      vertex 75.9008 1.7 14.3731
      vertex 75.8599 1.7 14.4596
    endloop
  endfacet
  facet normal -0.998794 0 0.0491039
    outer loop
      vertex 75.9703 -4.2 13.9044
      vertex 75.975 -1.7 14
      vertex 75.9703 -1.7 13.9044
    endloop
  endfacet
  facet normal -0.998794 0 0.0491039
    outer loop
      vertex 75.975 -1.7 14
      vertex 75.9703 -4.2 13.9044
      vertex 75.975 -4.2 14
    endloop
  endfacet
  facet normal -0.998794 0 0.0491039
    outer loop
      vertex 75.9703 1.7 13.9044
      vertex 75.975 4.2 14
      vertex 75.9703 4.2 13.9044
    endloop
  endfacet
  facet normal -0.998794 0 0.0491039
    outer loop
      vertex 75.975 4.2 14
      vertex 75.9703 1.7 13.9044
      vertex 75.975 1.7 14
    endloop
  endfacet
  facet normal -0.427457 0 0.904036
    outer loop
      vertex 75.3731 -1.7 13.0992
      vertex 75.4596 -4.2 13.1401
      vertex 75.4596 -1.7 13.1401
    endloop
  endfacet
  facet normal -0.427457 0 0.904036
    outer loop
      vertex 75.4596 -4.2 13.1401
      vertex 75.3731 -1.7 13.0992
      vertex 75.3731 -4.2 13.0992
    endloop
  endfacet
  facet normal -0.427457 0 0.904036
    outer loop
      vertex 75.3731 4.2 13.0992
      vertex 75.4596 1.7 13.1401
      vertex 75.4596 4.2 13.1401
    endloop
  endfacet
  facet normal -0.427457 0 0.904036
    outer loop
      vertex 75.4596 1.7 13.1401
      vertex 75.3731 4.2 13.0992
      vertex 75.3731 1.7 13.0992
    endloop
  endfacet
  facet normal 0.671788 0 0.740743
    outer loop
      vertex 74.3106 -1.7 13.3106
      vertex 74.3815 -4.2 13.2463
      vertex 74.3815 -1.7 13.2463
    endloop
  endfacet
  facet normal 0.671788 0 0.740743
    outer loop
      vertex 74.3815 -4.2 13.2463
      vertex 74.3106 -1.7 13.3106
      vertex 74.3106 -4.2 13.3106
    endloop
  endfacet
  facet normal 0.671788 0 0.740743
    outer loop
      vertex 74.3106 4.2 13.3106
      vertex 74.3815 1.7 13.2463
      vertex 74.3815 4.2 13.2463
    endloop
  endfacet
  facet normal 0.671788 0 0.740743
    outer loop
      vertex 74.3815 1.7 13.2463
      vertex 74.3106 4.2 13.3106
      vertex 74.3106 1.7 13.3106
    endloop
  endfacet
  facet normal -0.803001 0 0.595977
    outer loop
      vertex 75.7537 -4.2 13.3815
      vertex 75.8107 -1.7 13.4583
      vertex 75.7537 -1.7 13.3815
    endloop
  endfacet
  facet normal -0.803001 0 0.595977
    outer loop
      vertex 75.8107 -1.7 13.4583
      vertex 75.7537 -4.2 13.3815
      vertex 75.8107 -4.2 13.4583
    endloop
  endfacet
  facet normal -0.803001 0 0.595977
    outer loop
      vertex 75.7537 1.7 13.3815
      vertex 75.8107 4.2 13.4583
      vertex 75.7537 4.2 13.3815
    endloop
  endfacet
  facet normal -0.803001 0 0.595977
    outer loop
      vertex 75.8107 4.2 13.4583
      vertex 75.7537 1.7 13.3815
      vertex 75.8107 1.7 13.4583
    endloop
  endfacet
  facet normal -0.671788 0 -0.740743
    outer loop
      vertex 75.6185 -4.2 14.7537
      vertex 75.6894 -1.7 14.6894
      vertex 75.6894 -4.2 14.6894
    endloop
  endfacet
  facet normal -0.671788 0 -0.740743
    outer loop
      vertex 75.6894 -1.7 14.6894
      vertex 75.6185 -4.2 14.7537
      vertex 75.6185 -1.7 14.7537
    endloop
  endfacet
  facet normal -0.671788 0 -0.740743
    outer loop
      vertex 75.6185 1.7 14.7537
      vertex 75.6894 4.2 14.6894
      vertex 75.6894 1.7 14.6894
    endloop
  endfacet
  facet normal -0.671788 0 -0.740743
    outer loop
      vertex 75.6894 4.2 14.6894
      vertex 75.6185 1.7 14.7537
      vertex 75.6185 4.2 14.7537
    endloop
  endfacet
  facet normal 0.427457 0 -0.904036
    outer loop
      vertex 74.5404 -4.2 14.8599
      vertex 74.6269 -1.7 14.9008
      vertex 74.6269 -4.2 14.9008
    endloop
  endfacet
  facet normal 0.427457 0 -0.904036
    outer loop
      vertex 74.6269 -1.7 14.9008
      vertex 74.5404 -4.2 14.8599
      vertex 74.5404 -1.7 14.8599
    endloop
  endfacet
  facet normal 0.427457 0 -0.904036
    outer loop
      vertex 74.5404 1.7 14.8599
      vertex 74.6269 4.2 14.9008
      vertex 74.6269 1.7 14.9008
    endloop
  endfacet
  facet normal 0.427457 0 -0.904036
    outer loop
      vertex 74.6269 4.2 14.9008
      vertex 74.5404 1.7 14.8599
      vertex 74.5404 4.2 14.8599
    endloop
  endfacet
  facet normal -0.243519 0 -0.969896
    outer loop
      vertex 75.1902 -4.2 14.9563
      vertex 75.283 -1.7 14.933
      vertex 75.283 -4.2 14.933
    endloop
  endfacet
  facet normal -0.243519 0 -0.969896
    outer loop
      vertex 75.283 -1.7 14.933
      vertex 75.1902 -4.2 14.9563
      vertex 75.1902 -1.7 14.9563
    endloop
  endfacet
  facet normal -0.243519 0 -0.969896
    outer loop
      vertex 75.1902 1.7 14.9563
      vertex 75.283 4.2 14.933
      vertex 75.283 1.7 14.933
    endloop
  endfacet
  facet normal -0.243519 0 -0.969896
    outer loop
      vertex 75.283 4.2 14.933
      vertex 75.1902 1.7 14.9563
      vertex 75.1902 4.2 14.9563
    endloop
  endfacet
  facet normal 0.146397 0 0.989226
    outer loop
      vertex 74.8098 -1.7 13.0437
      vertex 74.9044 -4.2 13.0297
      vertex 74.9044 -1.7 13.0297
    endloop
  endfacet
  facet normal 0.146397 0 0.989226
    outer loop
      vertex 74.9044 -4.2 13.0297
      vertex 74.8098 -1.7 13.0437
      vertex 74.8098 -4.2 13.0437
    endloop
  endfacet
  facet normal 0.146397 0 0.989226
    outer loop
      vertex 74.8098 4.2 13.0437
      vertex 74.9044 1.7 13.0297
      vertex 74.9044 4.2 13.0297
    endloop
  endfacet
  facet normal 0.146397 0 0.989226
    outer loop
      vertex 74.9044 1.7 13.0297
      vertex 74.8098 4.2 13.0437
      vertex 74.8098 1.7 13.0437
    endloop
  endfacet
  facet normal 0.941671 -0 0.336535
    outer loop
      vertex 74.067 -4.2 13.717
      vertex 74.0992 -1.7 13.6269
      vertex 74.067 -1.7 13.717
    endloop
  endfacet
  facet normal 0.941671 0 0.336535
    outer loop
      vertex 74.0992 -1.7 13.6269
      vertex 74.067 -4.2 13.717
      vertex 74.0992 -4.2 13.6269
    endloop
  endfacet
  facet normal 0.941671 -0 0.336535
    outer loop
      vertex 74.067 1.7 13.717
      vertex 74.0992 4.2 13.6269
      vertex 74.067 4.2 13.717
    endloop
  endfacet
  facet normal 0.941671 0 0.336535
    outer loop
      vertex 74.0992 4.2 13.6269
      vertex 74.067 1.7 13.717
      vertex 74.0992 1.7 13.6269
    endloop
  endfacet
  facet normal 0.904036 -0 0.427457
    outer loop
      vertex 74.0992 -4.2 13.6269
      vertex 74.1401 -1.7 13.5404
      vertex 74.0992 -1.7 13.6269
    endloop
  endfacet
  facet normal 0.904036 0 0.427457
    outer loop
      vertex 74.1401 -1.7 13.5404
      vertex 74.0992 -4.2 13.6269
      vertex 74.1401 -4.2 13.5404
    endloop
  endfacet
  facet normal 0.904036 -0 0.427457
    outer loop
      vertex 74.0992 1.7 13.6269
      vertex 74.1401 4.2 13.5404
      vertex 74.0992 4.2 13.6269
    endloop
  endfacet
  facet normal 0.904036 0 0.427457
    outer loop
      vertex 74.1401 4.2 13.5404
      vertex 74.0992 1.7 13.6269
      vertex 74.1401 1.7 13.5404
    endloop
  endfacet
  facet normal -0.243519 0 0.969896
    outer loop
      vertex 75.1902 -1.7 13.0437
      vertex 75.283 -4.2 13.067
      vertex 75.283 -1.7 13.067
    endloop
  endfacet
  facet normal -0.243519 0 0.969896
    outer loop
      vertex 75.283 -4.2 13.067
      vertex 75.1902 -1.7 13.0437
      vertex 75.1902 -4.2 13.0437
    endloop
  endfacet
  facet normal -0.243519 0 0.969896
    outer loop
      vertex 75.1902 4.2 13.0437
      vertex 75.283 1.7 13.067
      vertex 75.283 4.2 13.067
    endloop
  endfacet
  facet normal -0.243519 0 0.969896
    outer loop
      vertex 75.283 1.7 13.067
      vertex 75.1902 4.2 13.0437
      vertex 75.1902 1.7 13.0437
    endloop
  endfacet
  facet normal -0.146397 0 -0.989226
    outer loop
      vertex 75.0956 -4.2 14.9703
      vertex 75.1902 -1.7 14.9563
      vertex 75.1902 -4.2 14.9563
    endloop
  endfacet
  facet normal -0.146397 0 -0.989226
    outer loop
      vertex 75.1902 -1.7 14.9563
      vertex 75.0956 -4.2 14.9703
      vertex 75.0956 -1.7 14.9703
    endloop
  endfacet
  facet normal -0.146397 0 -0.989226
    outer loop
      vertex 75.0956 1.7 14.9703
      vertex 75.1902 4.2 14.9563
      vertex 75.1902 1.7 14.9563
    endloop
  endfacet
  facet normal -0.146397 0 -0.989226
    outer loop
      vertex 75.1902 4.2 14.9563
      vertex 75.0956 1.7 14.9703
      vertex 75.0956 4.2 14.9703
    endloop
  endfacet
  facet normal 0.740743 0 -0.671788
    outer loop
      vertex 74.3106 -4.2 14.6894
      vertex 74.2463 -1.7 14.6185
      vertex 74.3106 -1.7 14.6894
    endloop
  endfacet
  facet normal 0.740743 0 -0.671788
    outer loop
      vertex 74.2463 -1.7 14.6185
      vertex 74.3106 -4.2 14.6894
      vertex 74.2463 -4.2 14.6185
    endloop
  endfacet
  facet normal 0.740743 0 -0.671788
    outer loop
      vertex 74.3106 1.7 14.6894
      vertex 74.2463 4.2 14.6185
      vertex 74.3106 4.2 14.6894
    endloop
  endfacet
  facet normal 0.740743 0 -0.671788
    outer loop
      vertex 74.2463 4.2 14.6185
      vertex 74.3106 1.7 14.6894
      vertex 74.2463 1.7 14.6185
    endloop
  endfacet
  facet normal 0.857769 0 -0.514035
    outer loop
      vertex 74.1893 -4.2 14.5417
      vertex 74.1401 -1.7 14.4596
      vertex 74.1893 -1.7 14.5417
    endloop
  endfacet
  facet normal 0.857769 0 -0.514035
    outer loop
      vertex 74.1401 -1.7 14.4596
      vertex 74.1893 -4.2 14.5417
      vertex 74.1401 -4.2 14.4596
    endloop
  endfacet
  facet normal 0.857769 0 -0.514035
    outer loop
      vertex 74.1893 1.7 14.5417
      vertex 74.1401 4.2 14.4596
      vertex 74.1893 4.2 14.5417
    endloop
  endfacet
  facet normal 0.857769 0 -0.514035
    outer loop
      vertex 74.1401 4.2 14.4596
      vertex 74.1893 1.7 14.5417
      vertex 74.1401 1.7 14.4596
    endloop
  endfacet
  facet normal 0.803001 0 -0.595977
    outer loop
      vertex 74.2463 -4.2 14.6185
      vertex 74.1893 -1.7 14.5417
      vertex 74.2463 -1.7 14.6185
    endloop
  endfacet
  facet normal 0.803001 0 -0.595977
    outer loop
      vertex 74.1893 -1.7 14.5417
      vertex 74.2463 -4.2 14.6185
      vertex 74.1893 -4.2 14.5417
    endloop
  endfacet
  facet normal 0.803001 0 -0.595977
    outer loop
      vertex 74.2463 1.7 14.6185
      vertex 74.1893 4.2 14.5417
      vertex 74.2463 4.2 14.6185
    endloop
  endfacet
  facet normal 0.803001 0 -0.595977
    outer loop
      vertex 74.1893 4.2 14.5417
      vertex 74.2463 1.7 14.6185
      vertex 74.1893 1.7 14.5417
    endloop
  endfacet
  facet normal 0.595977 0 0.803001
    outer loop
      vertex 74.3815 -1.7 13.2463
      vertex 74.4583 -4.2 13.1893
      vertex 74.4583 -1.7 13.1893
    endloop
  endfacet
  facet normal 0.595977 0 0.803001
    outer loop
      vertex 74.4583 -4.2 13.1893
      vertex 74.3815 -1.7 13.2463
      vertex 74.3815 -4.2 13.2463
    endloop
  endfacet
  facet normal 0.595977 0 0.803001
    outer loop
      vertex 74.3815 4.2 13.2463
      vertex 74.4583 1.7 13.1893
      vertex 74.4583 4.2 13.1893
    endloop
  endfacet
  facet normal 0.595977 0 0.803001
    outer loop
      vertex 74.4583 1.7 13.1893
      vertex 74.3815 4.2 13.2463
      vertex 74.3815 1.7 13.2463
    endloop
  endfacet
  facet normal -0.595977 0 0.803001
    outer loop
      vertex 75.5417 -1.7 13.1893
      vertex 75.6185 -4.2 13.2463
      vertex 75.6185 -1.7 13.2463
    endloop
  endfacet
  facet normal -0.595977 0 0.803001
    outer loop
      vertex 75.6185 -4.2 13.2463
      vertex 75.5417 -1.7 13.1893
      vertex 75.5417 -4.2 13.1893
    endloop
  endfacet
  facet normal -0.595977 0 0.803001
    outer loop
      vertex 75.5417 4.2 13.1893
      vertex 75.6185 1.7 13.2463
      vertex 75.6185 4.2 13.2463
    endloop
  endfacet
  facet normal -0.595977 0 0.803001
    outer loop
      vertex 75.6185 1.7 13.2463
      vertex 75.5417 4.2 13.1893
      vertex 75.5417 1.7 13.1893
    endloop
  endfacet
  facet normal -0.904036 0 0.427457
    outer loop
      vertex 75.8599 -4.2 13.5404
      vertex 75.9008 -1.7 13.6269
      vertex 75.8599 -1.7 13.5404
    endloop
  endfacet
  facet normal -0.904036 0 0.427457
    outer loop
      vertex 75.9008 -1.7 13.6269
      vertex 75.8599 -4.2 13.5404
      vertex 75.9008 -4.2 13.6269
    endloop
  endfacet
  facet normal -0.904036 0 0.427457
    outer loop
      vertex 75.8599 1.7 13.5404
      vertex 75.9008 4.2 13.6269
      vertex 75.8599 4.2 13.5404
    endloop
  endfacet
  facet normal -0.904036 0 0.427457
    outer loop
      vertex 75.9008 4.2 13.6269
      vertex 75.8599 1.7 13.5404
      vertex 75.9008 1.7 13.6269
    endloop
  endfacet
  facet normal -0.514035 0 0.857769
    outer loop
      vertex 75.4596 -1.7 13.1401
      vertex 75.5417 -4.2 13.1893
      vertex 75.5417 -1.7 13.1893
    endloop
  endfacet
  facet normal -0.514035 0 0.857769
    outer loop
      vertex 75.5417 -4.2 13.1893
      vertex 75.4596 -1.7 13.1401
      vertex 75.4596 -4.2 13.1401
    endloop
  endfacet
  facet normal -0.514035 0 0.857769
    outer loop
      vertex 75.4596 4.2 13.1401
      vertex 75.5417 1.7 13.1893
      vertex 75.5417 4.2 13.1893
    endloop
  endfacet
  facet normal -0.514035 0 0.857769
    outer loop
      vertex 75.5417 1.7 13.1893
      vertex 75.4596 4.2 13.1401
      vertex 75.4596 1.7 13.1401
    endloop
  endfacet
  facet normal 0.514035 0 0.857769
    outer loop
      vertex 74.4583 -1.7 13.1893
      vertex 74.5404 -4.2 13.1401
      vertex 74.5404 -1.7 13.1401
    endloop
  endfacet
  facet normal 0.514035 0 0.857769
    outer loop
      vertex 74.5404 -4.2 13.1401
      vertex 74.4583 -1.7 13.1893
      vertex 74.4583 -4.2 13.1893
    endloop
  endfacet
  facet normal 0.514035 0 0.857769
    outer loop
      vertex 74.4583 4.2 13.1893
      vertex 74.5404 1.7 13.1401
      vertex 74.5404 4.2 13.1401
    endloop
  endfacet
  facet normal 0.514035 0 0.857769
    outer loop
      vertex 74.5404 1.7 13.1401
      vertex 74.4583 4.2 13.1893
      vertex 74.4583 1.7 13.1893
    endloop
  endfacet
  facet normal 0.803001 -0 0.595977
    outer loop
      vertex 74.1893 -4.2 13.4583
      vertex 74.2463 -1.7 13.3815
      vertex 74.1893 -1.7 13.4583
    endloop
  endfacet
  facet normal 0.803001 0 0.595977
    outer loop
      vertex 74.2463 -1.7 13.3815
      vertex 74.1893 -4.2 13.4583
      vertex 74.2463 -4.2 13.3815
    endloop
  endfacet
  facet normal 0.803001 -0 0.595977
    outer loop
      vertex 74.1893 1.7 13.4583
      vertex 74.2463 4.2 13.3815
      vertex 74.1893 4.2 13.4583
    endloop
  endfacet
  facet normal 0.803001 0 0.595977
    outer loop
      vertex 74.2463 4.2 13.3815
      vertex 74.1893 1.7 13.4583
      vertex 74.2463 1.7 13.3815
    endloop
  endfacet
  facet normal -0.671788 0 0.740743
    outer loop
      vertex 75.6185 -1.7 13.2463
      vertex 75.6894 -4.2 13.3106
      vertex 75.6894 -1.7 13.3106
    endloop
  endfacet
  facet normal -0.671788 0 0.740743
    outer loop
      vertex 75.6894 -4.2 13.3106
      vertex 75.6185 -1.7 13.2463
      vertex 75.6185 -4.2 13.2463
    endloop
  endfacet
  facet normal -0.671788 0 0.740743
    outer loop
      vertex 75.6185 4.2 13.2463
      vertex 75.6894 1.7 13.3106
      vertex 75.6894 4.2 13.3106
    endloop
  endfacet
  facet normal -0.671788 0 0.740743
    outer loop
      vertex 75.6894 1.7 13.3106
      vertex 75.6185 4.2 13.2463
      vertex 75.6185 1.7 13.2463
    endloop
  endfacet
  facet normal -0.740743 0 0.671788
    outer loop
      vertex 75.6894 -4.2 13.3106
      vertex 75.7537 -1.7 13.3815
      vertex 75.6894 -1.7 13.3106
    endloop
  endfacet
  facet normal -0.740743 0 0.671788
    outer loop
      vertex 75.7537 -1.7 13.3815
      vertex 75.6894 -4.2 13.3106
      vertex 75.7537 -4.2 13.3815
    endloop
  endfacet
  facet normal -0.740743 0 0.671788
    outer loop
      vertex 75.6894 1.7 13.3106
      vertex 75.7537 4.2 13.3815
      vertex 75.6894 4.2 13.3106
    endloop
  endfacet
  facet normal -0.740743 0 0.671788
    outer loop
      vertex 75.7537 4.2 13.3815
      vertex 75.6894 1.7 13.3106
      vertex 75.7537 1.7 13.3815
    endloop
  endfacet
  facet normal 0.998794 0 -0.0491039
    outer loop
      vertex 74.0297 -4.2 14.0956
      vertex 74.025 -1.7 14
      vertex 74.0297 -1.7 14.0956
    endloop
  endfacet
  facet normal 0.998794 0 -0.0491039
    outer loop
      vertex 74.025 -1.7 14
      vertex 74.0297 -4.2 14.0956
      vertex 74.025 -4.2 14
    endloop
  endfacet
  facet normal 0.998794 0 -0.0491039
    outer loop
      vertex 74.0297 1.7 14.0956
      vertex 74.025 4.2 14
      vertex 74.0297 4.2 14.0956
    endloop
  endfacet
  facet normal 0.998794 0 -0.0491039
    outer loop
      vertex 74.025 4.2 14
      vertex 74.0297 1.7 14.0956
      vertex 74.025 1.7 14
    endloop
  endfacet
  facet normal 0.243519 0 0.969896
    outer loop
      vertex 74.717 -1.7 13.067
      vertex 74.8098 -4.2 13.0437
      vertex 74.8098 -1.7 13.0437
    endloop
  endfacet
  facet normal 0.243519 0 0.969896
    outer loop
      vertex 74.8098 -4.2 13.0437
      vertex 74.717 -1.7 13.067
      vertex 74.717 -4.2 13.067
    endloop
  endfacet
  facet normal 0.243519 0 0.969896
    outer loop
      vertex 74.717 4.2 13.067
      vertex 74.8098 1.7 13.0437
      vertex 74.8098 4.2 13.0437
    endloop
  endfacet
  facet normal 0.243519 0 0.969896
    outer loop
      vertex 74.8098 1.7 13.0437
      vertex 74.717 4.2 13.067
      vertex 74.717 1.7 13.067
    endloop
  endfacet
  facet normal -0 0 1
    outer loop
      vertex -21.2492 8.80172 3
      vertex -2.77164 1.14805 3
      vertex -20.2842 10.8421 3
    endloop
  endfacet
  facet normal 0 0 1
    outer loop
      vertex -2.77164 1.14805 3
      vertex -21.2492 8.80172 3
      vertex -2.87082 0.870853 3
    endloop
  endfacet
  facet normal 0 -0 1
    outer loop
      vertex -14.591 -17.7792 3
      vertex -3 0 3
      vertex -16.2635 -16.2635 3
    endloop
  endfacet
  facet normal 0 0 1
    outer loop
      vertex -3 0 3
      vertex -14.591 -17.7792 3
      vertex -13.9874 -18.2269 3
    endloop
  endfacet
  facet normal -0 0 1
    outer loop
      vertex -22.0096 6.67655 3
      vertex -2.87082 0.870853 3
      vertex -21.2492 8.80172 3
    endloop
  endfacet
  facet normal 0 0 1
    outer loop
      vertex -3 0 3
      vertex -17.7792 -14.591 3
      vertex -16.2635 -16.2635 3
    endloop
  endfacet
  facet normal 0 0 1
    outer loop
      vertex -2.87082 0.870853 3
      vertex -22.0096 6.67655 3
      vertex -2.94236 0.585271 3
    endloop
  endfacet
  facet normal 0 0 1
    outer loop
      vertex -3 0 3
      vertex -19.1238 -12.7781 3
      vertex -17.7792 -14.591 3
    endloop
  endfacet
  facet normal -0 0 1
    outer loop
      vertex -22.5581 4.48708 3
      vertex -2.94236 0.585271 3
      vertex -22.0096 6.67655 3
    endloop
  endfacet
  facet normal 0 0 1
    outer loop
      vertex -3 0 3
      vertex -20.2842 -10.8421 3
      vertex -19.1238 -12.7781 3
    endloop
  endfacet
  facet normal 0 0 1
    outer loop
      vertex -2.94236 0.585271 3
      vertex -22.5581 4.48708 3
      vertex -2.98555 0.294051 3
    endloop
  endfacet
  facet normal 0 0 1
    outer loop
      vertex -3 0 3
      vertex -21.2492 -8.80172 3
      vertex -20.2842 -10.8421 3
    endloop
  endfacet
  facet normal -0 0 1
    outer loop
      vertex -22.8892 2.25439 3
      vertex -2.98555 0.294051 3
      vertex -22.5581 4.48708 3
    endloop
  endfacet
  facet normal 0 0 1
    outer loop
      vertex -3 0 3
      vertex -22.0096 -6.67655 3
      vertex -21.2492 -8.80172 3
    endloop
  endfacet
  facet normal 0 0 1
    outer loop
      vertex -2.98555 0.294051 3
      vertex -22.8892 2.25439 3
      vertex -3 0 3
    endloop
  endfacet
  facet normal 0 0 1
    outer loop
      vertex -3 0 3
      vertex -22.5581 -4.48708 3
      vertex -22.0096 -6.67655 3
    endloop
  endfacet
  facet normal 0 0 1
    outer loop
      vertex -23 0 3
      vertex -3 0 3
      vertex -22.8892 2.25439 3
    endloop
  endfacet
  facet normal 0 0 1
    outer loop
      vertex -3 0 3
      vertex -22.8892 -2.25439 3
      vertex -22.5581 -4.48708 3
    endloop
  endfacet
  facet normal 0 0 1
    outer loop
      vertex -3 0 3
      vertex -23 0 3
      vertex -22.8892 -2.25439 3
    endloop
  endfacet
  facet normal 0 0 1
    outer loop
      vertex -1.41419 -2.64576 3
      vertex -13.9874 -18.2269 3
      vertex -8.80363 -21.2483 3
    endloop
  endfacet
  facet normal 0 0 1
    outer loop
      vertex -13.9874 -18.2269 3
      vertex -29.6519 -57.3586 3
      vertex -8.80363 -21.2483 3
    endloop
  endfacet
  facet normal 0 -0 1
    outer loop
      vertex -29.6519 -57.3586 3
      vertex -13.9874 -18.2269 3
      vertex -34.8481 -54.3586 3
    endloop
  endfacet
  facet normal -0 0 1
    outer loop
      vertex 22.7786 3 3
      vertex 64.5 -3 3
      vertex 64.5 3 3
    endloop
  endfacet
  facet normal 0 0 1
    outer loop
      vertex 22.7786 3 3
      vertex 22.7786 -3 3
      vertex 64.5 -3 3
    endloop
  endfacet
  facet normal 0 0 1
    outer loop
      vertex 2.94236 0.585271 3
      vertex 22.7786 3 3
      vertex 22.5581 4.48708 3
    endloop
  endfacet
  facet normal 0 0 1
    outer loop
      vertex 22.7786 3 3
      vertex 3 0 3
      vertex 22.7786 -3 3
    endloop
  endfacet
  facet normal 0 0 1
    outer loop
      vertex 2.94236 0.585271 3
      vertex 22.5581 4.48708 3
      vertex 22.0096 6.67655 3
    endloop
  endfacet
  facet normal -0 0 1
    outer loop
      vertex 2.98555 -0.294051 3
      vertex 22.7786 -3 3
      vertex 3 0 3
    endloop
  endfacet
  facet normal 0 0 1
    outer loop
      vertex 2.87082 0.870853 3
      vertex 22.0096 6.67655 3
      vertex 21.2492 8.80172 3
    endloop
  endfacet
  facet normal -0 0 1
    outer loop
      vertex 2.94236 -0.585271 3
      vertex 22.7786 -3 3
      vertex 2.98555 -0.294051 3
    endloop
  endfacet
  facet normal 0 0 1
    outer loop
      vertex 2.77164 1.14805 3
      vertex 21.2492 8.80172 3
      vertex 20.2842 10.8421 3
    endloop
  endfacet
  facet normal 0 0 1
    outer loop
      vertex 22.7786 -3 3
      vertex 2.94236 -0.585271 3
      vertex 22.5581 -4.48708 3
    endloop
  endfacet
  facet normal 0 0 1
    outer loop
      vertex 2.64576 1.41419 3
      vertex 20.2842 10.8421 3
      vertex 19.1238 12.7781 3
    endloop
  endfacet
  facet normal 0 0 1
    outer loop
      vertex 22.5581 -4.48708 3
      vertex 2.94236 -0.585271 3
      vertex 22.0096 -6.67655 3
    endloop
  endfacet
  facet normal 0 0 1
    outer loop
      vertex 2.49441 1.66671 3
      vertex 19.1238 12.7781 3
      vertex 17.7792 14.591 3
    endloop
  endfacet
  facet normal -0 0 1
    outer loop
      vertex 2.87082 -0.870853 3
      vertex 22.0096 -6.67655 3
      vertex 2.94236 -0.585271 3
    endloop
  endfacet
  facet normal 0 0 1
    outer loop
      vertex 2.31903 1.90318 3
      vertex 17.7792 14.591 3
      vertex 16.2635 16.2635 3
    endloop
  endfacet
  facet normal 0 0 1
    outer loop
      vertex 22.0096 -6.67655 3
      vertex 2.87082 -0.870853 3
      vertex 21.2492 -8.80172 3
    endloop
  endfacet
  facet normal 0 0 1
    outer loop
      vertex 2.12132 2.12132 3
      vertex 16.2635 16.2635 3
      vertex 14.591 17.7792 3
    endloop
  endfacet
  facet normal -0 0 1
    outer loop
      vertex 2.77164 -1.14805 3
      vertex 21.2492 -8.80172 3
      vertex 2.87082 -0.870853 3
    endloop
  endfacet
  facet normal 0 0 1
    outer loop
      vertex 1.90318 2.31903 3
      vertex 14.591 17.7792 3
      vertex 12.7781 19.1238 3
    endloop
  endfacet
  facet normal 0 0 1
    outer loop
      vertex 21.2492 -8.80172 3
      vertex 2.77164 -1.14805 3
      vertex 20.2842 -10.8421 3
    endloop
  endfacet
  facet normal 0 0 1
    outer loop
      vertex 1.66671 2.49441 3
      vertex 12.7781 19.1238 3
      vertex 10.8421 20.2842 3
    endloop
  endfacet
  facet normal -0 0 1
    outer loop
      vertex 2.64576 -1.41419 3
      vertex 20.2842 -10.8421 3
      vertex 2.77164 -1.14805 3
    endloop
  endfacet
  facet normal 0 0 1
    outer loop
      vertex 1.41419 2.64576 3
      vertex 10.8421 20.2842 3
      vertex 8.80172 21.2492 3
    endloop
  endfacet
  facet normal 0 0 1
    outer loop
      vertex 20.2842 -10.8421 3
      vertex 2.64576 -1.41419 3
      vertex 19.1238 -12.7781 3
    endloop
  endfacet
  facet normal 0 0 1
    outer loop
      vertex 1.14805 2.77164 3
      vertex 8.80172 21.2492 3
      vertex 6.67655 22.0096 3
    endloop
  endfacet
  facet normal -0 0 1
    outer loop
      vertex 2.49441 -1.66671 3
      vertex 19.1238 -12.7781 3
      vertex 2.64576 -1.41419 3
    endloop
  endfacet
  facet normal 0 0 1
    outer loop
      vertex 0.870853 2.87082 3
      vertex 6.67655 22.0096 3
      vertex 4.48708 22.5581 3
    endloop
  endfacet
  facet normal 0 0 1
    outer loop
      vertex 19.1238 -12.7781 3
      vertex 2.49441 -1.66671 3
      vertex 17.7792 -14.591 3
    endloop
  endfacet
  facet normal -0 0 1
    outer loop
      vertex 2.31903 -1.90318 3
      vertex 17.7792 -14.591 3
      vertex 2.49441 -1.66671 3
    endloop
  endfacet
  facet normal 0 0 1
    outer loop
      vertex 22.7786 3 3
      vertex 2.98555 0.294051 3
      vertex 3 0 3
    endloop
  endfacet
  facet normal 0 0 1
    outer loop
      vertex 22.7786 3 3
      vertex 2.94236 0.585271 3
      vertex 2.98555 0.294051 3
    endloop
  endfacet
  facet normal 0 0 1
    outer loop
      vertex 22.0096 6.67655 3
      vertex 2.87082 0.870853 3
      vertex 2.94236 0.585271 3
    endloop
  endfacet
  facet normal 0 0 1
    outer loop
      vertex 21.2492 8.80172 3
      vertex 2.77164 1.14805 3
      vertex 2.87082 0.870853 3
    endloop
  endfacet
  facet normal 0 0 1
    outer loop
      vertex 20.2842 10.8421 3
      vertex 2.64576 1.41419 3
      vertex 2.77164 1.14805 3
    endloop
  endfacet
  facet normal 0 0 1
    outer loop
      vertex 19.1238 12.7781 3
      vertex 2.49441 1.66671 3
      vertex 2.64576 1.41419 3
    endloop
  endfacet
  facet normal 0 0 1
    outer loop
      vertex 17.7792 14.591 3
      vertex 2.31903 1.90318 3
      vertex 2.49441 1.66671 3
    endloop
  endfacet
  facet normal 0 0 1
    outer loop
      vertex 0.585271 2.94236 3
      vertex 4.48708 22.5581 3
      vertex 2.25439 22.8892 3
    endloop
  endfacet
  facet normal 0 0 1
    outer loop
      vertex 16.2635 16.2635 3
      vertex 2.12132 2.12132 3
      vertex 2.31903 1.90318 3
    endloop
  endfacet
  facet normal 0 0 1
    outer loop
      vertex 14.591 17.7792 3
      vertex 1.90318 2.31903 3
      vertex 2.12132 2.12132 3
    endloop
  endfacet
  facet normal 0 0 1
    outer loop
      vertex 12.7781 19.1238 3
      vertex 1.66671 2.49441 3
      vertex 1.90318 2.31903 3
    endloop
  endfacet
  facet normal 0 0 1
    outer loop
      vertex 10.8421 20.2842 3
      vertex 1.41419 2.64576 3
      vertex 1.66671 2.49441 3
    endloop
  endfacet
  facet normal 0 0 1
    outer loop
      vertex 8.80172 21.2492 3
      vertex 1.14805 2.77164 3
      vertex 1.41419 2.64576 3
    endloop
  endfacet
  facet normal 0 0 1
    outer loop
      vertex 6.67655 22.0096 3
      vertex 0.870853 2.87082 3
      vertex 1.14805 2.77164 3
    endloop
  endfacet
  facet normal 0 0 1
    outer loop
      vertex 4.48708 22.5581 3
      vertex 0.585271 2.94236 3
      vertex 0.870853 2.87082 3
    endloop
  endfacet
  facet normal 0 0 1
    outer loop
      vertex 2.25439 22.8892 3
      vertex 0.294051 2.98555 3
      vertex 0.585271 2.94236 3
    endloop
  endfacet
  facet normal 0 0 1
    outer loop
      vertex 0 23 3
      vertex 0.294051 2.98555 3
      vertex 2.25439 22.8892 3
    endloop
  endfacet
  facet normal 0 0 1
    outer loop
      vertex 0 23 3
      vertex 0 3 3
      vertex 0.294051 2.98555 3
    endloop
  endfacet
  facet normal 0 0 1
    outer loop
      vertex 0 23 3
      vertex -0.294051 2.98555 3
      vertex 0 3 3
    endloop
  endfacet
  facet normal -0 0 1
    outer loop
      vertex -2.25439 22.8892 3
      vertex -0.294051 2.98555 3
      vertex 0 23 3
    endloop
  endfacet
  facet normal 0 0 1
    outer loop
      vertex -0.294051 2.98555 3
      vertex -2.25439 22.8892 3
      vertex -0.585271 2.94236 3
    endloop
  endfacet
  facet normal -0 0 1
    outer loop
      vertex -4.48708 22.5581 3
      vertex -0.585271 2.94236 3
      vertex -2.25439 22.8892 3
    endloop
  endfacet
  facet normal 0 0 1
    outer loop
      vertex -0.585271 2.94236 3
      vertex -4.48708 22.5581 3
      vertex -0.870853 2.87082 3
    endloop
  endfacet
  facet normal -0 0 1
    outer loop
      vertex -6.67655 22.0096 3
      vertex -0.870853 2.87082 3
      vertex -4.48708 22.5581 3
    endloop
  endfacet
  facet normal 0 0 1
    outer loop
      vertex -0.870853 2.87082 3
      vertex -6.67655 22.0096 3
      vertex -1.14805 2.77164 3
    endloop
  endfacet
  facet normal -0 0 1
    outer loop
      vertex -8.80172 21.2492 3
      vertex -1.14805 2.77164 3
      vertex -6.67655 22.0096 3
    endloop
  endfacet
  facet normal -0 0 1
    outer loop
      vertex -8.80363 21.2483 3
      vertex -1.14805 2.77164 3
      vertex -8.80172 21.2492 3
    endloop
  endfacet
  facet normal 0 0 1
    outer loop
      vertex -1.14805 2.77164 3
      vertex -8.80363 21.2483 3
      vertex -1.41419 2.64576 3
    endloop
  endfacet
  facet normal -0 0 1
    outer loop
      vertex -13.9874 18.2269 3
      vertex -1.41419 2.64576 3
      vertex -8.80363 21.2483 3
    endloop
  endfacet
  facet normal 0 0 1
    outer loop
      vertex -1.41419 2.64576 3
      vertex -13.9874 18.2269 3
      vertex -1.66671 2.49441 3
    endloop
  endfacet
  facet normal 0 0 1
    outer loop
      vertex -1.66671 2.49441 3
      vertex -13.9874 18.2269 3
      vertex -1.90318 2.31903 3
    endloop
  endfacet
  facet normal -0 0 1
    outer loop
      vertex -14.591 17.7792 3
      vertex -1.90318 2.31903 3
      vertex -13.9874 18.2269 3
    endloop
  endfacet
  facet normal -0 0 1
    outer loop
      vertex -16.2635 16.2635 3
      vertex -2.12132 2.12132 3
      vertex -14.591 17.7792 3
    endloop
  endfacet
  facet normal 0 0 1
    outer loop
      vertex -2.12132 2.12132 3
      vertex -16.2635 16.2635 3
      vertex -2.31903 1.90318 3
    endloop
  endfacet
  facet normal -0 0 1
    outer loop
      vertex -17.7792 14.591 3
      vertex -2.31903 1.90318 3
      vertex -16.2635 16.2635 3
    endloop
  endfacet
  facet normal 0 0 1
    outer loop
      vertex -2.31903 1.90318 3
      vertex -17.7792 14.591 3
      vertex -2.49441 1.66671 3
    endloop
  endfacet
  facet normal 0 0 1
    outer loop
      vertex 17.7792 -14.591 3
      vertex 2.31903 -1.90318 3
      vertex 16.2635 -16.2635 3
    endloop
  endfacet
  facet normal -0 0 1
    outer loop
      vertex 2.12132 -2.12132 3
      vertex 16.2635 -16.2635 3
      vertex 2.31903 -1.90318 3
    endloop
  endfacet
  facet normal 0 0 1
    outer loop
      vertex 16.2635 -16.2635 3
      vertex 2.12132 -2.12132 3
      vertex 14.591 -17.7792 3
    endloop
  endfacet
  facet normal -0 0 1
    outer loop
      vertex 1.90318 -2.31903 3
      vertex 14.591 -17.7792 3
      vertex 2.12132 -2.12132 3
    endloop
  endfacet
  facet normal 0 0 1
    outer loop
      vertex 14.591 -17.7792 3
      vertex 1.90318 -2.31903 3
      vertex 12.7781 -19.1238 3
    endloop
  endfacet
  facet normal -0 0 1
    outer loop
      vertex 1.66671 -2.49441 3
      vertex 12.7781 -19.1238 3
      vertex 1.90318 -2.31903 3
    endloop
  endfacet
  facet normal 0 0 1
    outer loop
      vertex 12.7781 -19.1238 3
      vertex 1.66671 -2.49441 3
      vertex 10.8421 -20.2842 3
    endloop
  endfacet
  facet normal -0 0 1
    outer loop
      vertex 1.41419 -2.64576 3
      vertex 10.8421 -20.2842 3
      vertex 1.66671 -2.49441 3
    endloop
  endfacet
  facet normal 0 0 1
    outer loop
      vertex 10.8421 -20.2842 3
      vertex 1.41419 -2.64576 3
      vertex 8.80172 -21.2492 3
    endloop
  endfacet
  facet normal -0 0 1
    outer loop
      vertex 1.14805 -2.77164 3
      vertex 8.80172 -21.2492 3
      vertex 1.41419 -2.64576 3
    endloop
  endfacet
  facet normal 0 0 1
    outer loop
      vertex 8.80172 -21.2492 3
      vertex 1.14805 -2.77164 3
      vertex 6.67655 -22.0096 3
    endloop
  endfacet
  facet normal -0 0 1
    outer loop
      vertex 0.870853 -2.87082 3
      vertex 6.67655 -22.0096 3
      vertex 1.14805 -2.77164 3
    endloop
  endfacet
  facet normal 0 0 1
    outer loop
      vertex 6.67655 -22.0096 3
      vertex 0.870853 -2.87082 3
      vertex 4.48708 -22.5581 3
    endloop
  endfacet
  facet normal -0 0 1
    outer loop
      vertex 0.585271 -2.94236 3
      vertex 4.48708 -22.5581 3
      vertex 0.870853 -2.87082 3
    endloop
  endfacet
  facet normal 0 0 1
    outer loop
      vertex 4.48708 -22.5581 3
      vertex 0.585271 -2.94236 3
      vertex 2.25439 -22.8892 3
    endloop
  endfacet
  facet normal -0 0 1
    outer loop
      vertex 0.294051 -2.98555 3
      vertex 2.25439 -22.8892 3
      vertex 0.585271 -2.94236 3
    endloop
  endfacet
  facet normal -0 0 1
    outer loop
      vertex 0 -3 3
      vertex 2.25439 -22.8892 3
      vertex 0.294051 -2.98555 3
    endloop
  endfacet
  facet normal 0 0 1
    outer loop
      vertex 0 -3 3
      vertex 0 -23 3
      vertex 2.25439 -22.8892 3
    endloop
  endfacet
  facet normal 0 0 1
    outer loop
      vertex -0.294051 -2.98555 3
      vertex 0 -23 3
      vertex 0 -3 3
    endloop
  endfacet
  facet normal 0 0 1
    outer loop
      vertex -2.25439 -22.8892 3
      vertex -0.294051 -2.98555 3
      vertex -0.585271 -2.94236 3
    endloop
  endfacet
  facet normal 0 0 1
    outer loop
      vertex -4.48708 -22.5581 3
      vertex -0.585271 -2.94236 3
      vertex -0.870853 -2.87082 3
    endloop
  endfacet
  facet normal 0 0 1
    outer loop
      vertex -6.67655 -22.0096 3
      vertex -0.870853 -2.87082 3
      vertex -1.14805 -2.77164 3
    endloop
  endfacet
  facet normal 0 0 1
    outer loop
      vertex -8.80363 -21.2483 3
      vertex -1.14805 -2.77164 3
      vertex -1.41419 -2.64576 3
    endloop
  endfacet
  facet normal 0 0 1
    outer loop
      vertex -13.9874 -18.2269 3
      vertex -1.41419 -2.64576 3
      vertex -1.66671 -2.49441 3
    endloop
  endfacet
  facet normal 0 0 1
    outer loop
      vertex -13.9874 -18.2269 3
      vertex -1.66671 -2.49441 3
      vertex -1.90318 -2.31903 3
    endloop
  endfacet
  facet normal 0 0 1
    outer loop
      vertex -13.9874 -18.2269 3
      vertex -1.90318 -2.31903 3
      vertex -2.12132 -2.12132 3
    endloop
  endfacet
  facet normal 0 0 1
    outer loop
      vertex -0.294051 -2.98555 3
      vertex -2.25439 -22.8892 3
      vertex 0 -23 3
    endloop
  endfacet
  facet normal 0 0 1
    outer loop
      vertex -13.9874 -18.2269 3
      vertex -2.12132 -2.12132 3
      vertex -2.31903 -1.90318 3
    endloop
  endfacet
  facet normal 0 0 1
    outer loop
      vertex -13.9874 -18.2269 3
      vertex -2.31903 -1.90318 3
      vertex -2.49441 -1.66671 3
    endloop
  endfacet
  facet normal 0 0 1
    outer loop
      vertex -13.9874 -18.2269 3
      vertex -2.49441 -1.66671 3
      vertex -2.64576 -1.41419 3
    endloop
  endfacet
  facet normal 0 0 1
    outer loop
      vertex -13.9874 -18.2269 3
      vertex -2.64576 -1.41419 3
      vertex -2.77164 -1.14805 3
    endloop
  endfacet
  facet normal 0 0 1
    outer loop
      vertex -13.9874 -18.2269 3
      vertex -2.77164 -1.14805 3
      vertex -2.87082 -0.870853 3
    endloop
  endfacet
  facet normal 0 0 1
    outer loop
      vertex -13.9874 -18.2269 3
      vertex -2.87082 -0.870853 3
      vertex -2.94236 -0.585271 3
    endloop
  endfacet
  facet normal 0 0 1
    outer loop
      vertex -13.9874 -18.2269 3
      vertex -2.94236 -0.585271 3
      vertex -2.98555 -0.294051 3
    endloop
  endfacet
  facet normal 0 0 1
    outer loop
      vertex -2.64576 1.41419 3
      vertex -20.2842 10.8421 3
      vertex -2.77164 1.14805 3
    endloop
  endfacet
  facet normal -0 0 1
    outer loop
      vertex -19.1238 12.7781 3
      vertex -2.49441 1.66671 3
      vertex -17.7792 14.591 3
    endloop
  endfacet
  facet normal 0 0 1
    outer loop
      vertex -0.585271 -2.94236 3
      vertex -4.48708 -22.5581 3
      vertex -2.25439 -22.8892 3
    endloop
  endfacet
  facet normal 0 0 1
    outer loop
      vertex -2.49441 1.66671 3
      vertex -19.1238 12.7781 3
      vertex -2.64576 1.41419 3
    endloop
  endfacet
  facet normal 0 0 1
    outer loop
      vertex -0.870853 -2.87082 3
      vertex -6.67655 -22.0096 3
      vertex -4.48708 -22.5581 3
    endloop
  endfacet
  facet normal 0 0 1
    outer loop
      vertex -1.90318 2.31903 3
      vertex -14.591 17.7792 3
      vertex -2.12132 2.12132 3
    endloop
  endfacet
  facet normal -0 0 1
    outer loop
      vertex -20.2842 10.8421 3
      vertex -2.64576 1.41419 3
      vertex -19.1238 12.7781 3
    endloop
  endfacet
  facet normal 0 0 1
    outer loop
      vertex -1.14805 -2.77164 3
      vertex -8.80363 -21.2483 3
      vertex -8.80172 -21.2492 3
    endloop
  endfacet
  facet normal 0 0 1
    outer loop
      vertex -1.14805 -2.77164 3
      vertex -8.80172 -21.2492 3
      vertex -6.67655 -22.0096 3
    endloop
  endfacet
  facet normal 0 0 1
    outer loop
      vertex -3 0 3
      vertex -13.9874 -18.2269 3
      vertex -2.98555 -0.294051 3
    endloop
  endfacet
  facet normal 0 0 1
    outer loop
      vertex -29.6519 57.3586 3
      vertex -13.9874 18.2269 3
      vertex -8.80363 21.2483 3
    endloop
  endfacet
  facet normal 0 0 1
    outer loop
      vertex -13.9874 18.2269 3
      vertex -29.6519 57.3586 3
      vertex -34.8481 54.3586 3
    endloop
  endfacet
  facet normal 0 0 1
    outer loop
      vertex 77.5 3 3
      vertex 72.5 2.5 3
      vertex 77.5 2.5 3
    endloop
  endfacet
  facet normal 0 -0 1
    outer loop
      vertex 72.5 2.5 3
      vertex 77.5 3 3
      vertex 65.5 3 3
    endloop
  endfacet
  facet normal -0 0 1
    outer loop
      vertex 72.5 -2.5 3
      vertex 77.5 -3 3
      vertex 77.5 -2.5 3
    endloop
  endfacet
  facet normal 0 0 1
    outer loop
      vertex 77.5 -3 3
      vertex 72.5 -2.5 3
      vertex 65.5 -3 3
    endloop
  endfacet
  facet normal 0 0 -1
    outer loop
      vertex -16.2635 -16.2635 0
      vertex -13.9874 -18.2269 0
      vertex -14.591 -17.7792 0
    endloop
  endfacet
  facet normal 0 0 -1
    outer loop
      vertex -13.9874 -18.2269 0
      vertex -16.2635 -16.2635 0
      vertex -13.9874 18.2269 0
    endloop
  endfacet
  facet normal 0 0 -1
    outer loop
      vertex -16.2635 16.2635 0
      vertex -13.9874 18.2269 0
      vertex -16.2635 -16.2635 0
    endloop
  endfacet
  facet normal 0 0 -1
    outer loop
      vertex -13.9874 18.2269 0
      vertex -16.2635 16.2635 0
      vertex -14.591 17.7792 0
    endloop
  endfacet
  facet normal 0 0 -1
    outer loop
      vertex -17.7792 -14.591 0
      vertex -16.2635 16.2635 0
      vertex -16.2635 -16.2635 0
    endloop
  endfacet
  facet normal 0 0 -1
    outer loop
      vertex -17.7792 -14.591 0
      vertex -17.7792 14.591 0
      vertex -16.2635 16.2635 0
    endloop
  endfacet
  facet normal 0 0 -1
    outer loop
      vertex -19.1238 -12.7781 0
      vertex -17.7792 14.591 0
      vertex -17.7792 -14.591 0
    endloop
  endfacet
  facet normal 0 0 -1
    outer loop
      vertex -19.1238 -12.7781 0
      vertex -19.1238 12.7781 0
      vertex -17.7792 14.591 0
    endloop
  endfacet
  facet normal 0 0 -1
    outer loop
      vertex -20.2842 -10.8421 0
      vertex -19.1238 12.7781 0
      vertex -19.1238 -12.7781 0
    endloop
  endfacet
  facet normal 0 0 -1
    outer loop
      vertex -20.2842 -10.8421 0
      vertex -20.2842 10.8421 0
      vertex -19.1238 12.7781 0
    endloop
  endfacet
  facet normal 0 0 -1
    outer loop
      vertex -21.2492 -8.80172 0
      vertex -20.2842 10.8421 0
      vertex -20.2842 -10.8421 0
    endloop
  endfacet
  facet normal 0 0 -1
    outer loop
      vertex -21.2492 -8.80172 0
      vertex -21.2492 8.80172 0
      vertex -20.2842 10.8421 0
    endloop
  endfacet
  facet normal 0 0 -1
    outer loop
      vertex -22.0096 -6.67655 0
      vertex -21.2492 8.80172 0
      vertex -21.2492 -8.80172 0
    endloop
  endfacet
  facet normal 0 0 -1
    outer loop
      vertex -22.0096 -6.67655 0
      vertex -22.0096 6.67655 0
      vertex -21.2492 8.80172 0
    endloop
  endfacet
  facet normal 0 0 -1
    outer loop
      vertex -22.5581 -4.48708 0
      vertex -22.0096 6.67655 0
      vertex -22.0096 -6.67655 0
    endloop
  endfacet
  facet normal 0 0 -1
    outer loop
      vertex -22.5581 -4.48708 0
      vertex -22.5581 4.48708 0
      vertex -22.0096 6.67655 0
    endloop
  endfacet
  facet normal 0 0 -1
    outer loop
      vertex -22.8892 -2.25439 0
      vertex -22.5581 4.48708 0
      vertex -22.5581 -4.48708 0
    endloop
  endfacet
  facet normal 0 0 -1
    outer loop
      vertex -22.8892 -2.25439 0
      vertex -22.8892 2.25439 0
      vertex -22.5581 4.48708 0
    endloop
  endfacet
  facet normal 0 -0 -1
    outer loop
      vertex -22.8892 2.25439 0
      vertex -22.8892 -2.25439 0
      vertex -23 0 0
    endloop
  endfacet
  facet normal 0 0 -1
    outer loop
      vertex 22.7786 -3 0
      vertex 77.5 3 0
      vertex 77.5 -3 0
    endloop
  endfacet
  facet normal 0 0 -1
    outer loop
      vertex 22.7786 -3 0
      vertex 22.7786 3 0
      vertex 77.5 3 0
    endloop
  endfacet
  facet normal 0 0 -1
    outer loop
      vertex 22.0096 -6.67655 0
      vertex 22.7786 -3 0
      vertex 22.5581 -4.48708 0
    endloop
  endfacet
  facet normal -0 0 -1
    outer loop
      vertex 22.7786 -3 0
      vertex 22.0096 -6.67655 0
      vertex 22.7786 3 0
    endloop
  endfacet
  facet normal 0 0 -1
    outer loop
      vertex 22.0096 6.67655 0
      vertex 22.7786 3 0
      vertex 22.0096 -6.67655 0
    endloop
  endfacet
  facet normal 0 0 -1
    outer loop
      vertex 22.7786 3 0
      vertex 22.0096 6.67655 0
      vertex 22.5581 4.48708 0
    endloop
  endfacet
  facet normal 0 0 -1
    outer loop
      vertex 21.2492 -8.80172 0
      vertex 22.0096 6.67655 0
      vertex 22.0096 -6.67655 0
    endloop
  endfacet
  facet normal 0 0 -1
    outer loop
      vertex 21.2492 -8.80172 0
      vertex 21.2492 8.80172 0
      vertex 22.0096 6.67655 0
    endloop
  endfacet
  facet normal 0 0 -1
    outer loop
      vertex 20.2842 -10.8421 0
      vertex 21.2492 8.80172 0
      vertex 21.2492 -8.80172 0
    endloop
  endfacet
  facet normal 0 0 -1
    outer loop
      vertex 20.2842 -10.8421 0
      vertex 20.2842 10.8421 0
      vertex 21.2492 8.80172 0
    endloop
  endfacet
  facet normal 0 0 -1
    outer loop
      vertex 19.1238 -12.7781 0
      vertex 20.2842 10.8421 0
      vertex 20.2842 -10.8421 0
    endloop
  endfacet
  facet normal 0 0 -1
    outer loop
      vertex 19.1238 -12.7781 0
      vertex 19.1238 12.7781 0
      vertex 20.2842 10.8421 0
    endloop
  endfacet
  facet normal 0 0 -1
    outer loop
      vertex 17.7792 -14.591 0
      vertex 19.1238 12.7781 0
      vertex 19.1238 -12.7781 0
    endloop
  endfacet
  facet normal 0 0 -1
    outer loop
      vertex 17.7792 -14.591 0
      vertex 17.7792 14.591 0
      vertex 19.1238 12.7781 0
    endloop
  endfacet
  facet normal 0 0 -1
    outer loop
      vertex 16.2635 -16.2635 0
      vertex 17.7792 14.591 0
      vertex 17.7792 -14.591 0
    endloop
  endfacet
  facet normal 0 0 -1
    outer loop
      vertex 16.2635 -16.2635 0
      vertex 16.2635 16.2635 0
      vertex 17.7792 14.591 0
    endloop
  endfacet
  facet normal 0 0 -1
    outer loop
      vertex 14.591 -17.7792 0
      vertex 16.2635 16.2635 0
      vertex 16.2635 -16.2635 0
    endloop
  endfacet
  facet normal 0 0 -1
    outer loop
      vertex 14.591 -17.7792 0
      vertex 14.591 17.7792 0
      vertex 16.2635 16.2635 0
    endloop
  endfacet
  facet normal 0 0 -1
    outer loop
      vertex 12.7781 -19.1238 0
      vertex 14.591 17.7792 0
      vertex 14.591 -17.7792 0
    endloop
  endfacet
  facet normal 0 0 -1
    outer loop
      vertex 12.7781 -19.1238 0
      vertex 12.7781 19.1238 0
      vertex 14.591 17.7792 0
    endloop
  endfacet
  facet normal 0 0 -1
    outer loop
      vertex 10.8421 -20.2842 0
      vertex 12.7781 19.1238 0
      vertex 12.7781 -19.1238 0
    endloop
  endfacet
  facet normal 0 0 -1
    outer loop
      vertex 10.8421 -20.2842 0
      vertex 10.8421 20.2842 0
      vertex 12.7781 19.1238 0
    endloop
  endfacet
  facet normal 0 0 -1
    outer loop
      vertex 8.80172 -21.2492 0
      vertex 10.8421 20.2842 0
      vertex 10.8421 -20.2842 0
    endloop
  endfacet
  facet normal 0 0 -1
    outer loop
      vertex 8.80172 -21.2492 0
      vertex 8.80172 21.2492 0
      vertex 10.8421 20.2842 0
    endloop
  endfacet
  facet normal 0 0 -1
    outer loop
      vertex 6.67655 -22.0096 0
      vertex 8.80172 21.2492 0
      vertex 8.80172 -21.2492 0
    endloop
  endfacet
  facet normal 0 0 -1
    outer loop
      vertex 6.67655 -22.0096 0
      vertex 6.67655 22.0096 0
      vertex 8.80172 21.2492 0
    endloop
  endfacet
  facet normal 0 0 -1
    outer loop
      vertex 4.48708 -22.5581 0
      vertex 6.67655 22.0096 0
      vertex 6.67655 -22.0096 0
    endloop
  endfacet
  facet normal 0 0 -1
    outer loop
      vertex 4.48708 -22.5581 0
      vertex 4.48708 22.5581 0
      vertex 6.67655 22.0096 0
    endloop
  endfacet
  facet normal 0 0 -1
    outer loop
      vertex 2.25439 -22.8892 0
      vertex 4.48708 22.5581 0
      vertex 4.48708 -22.5581 0
    endloop
  endfacet
  facet normal 0 0 -1
    outer loop
      vertex 2.25439 -22.8892 0
      vertex 2.25439 22.8892 0
      vertex 4.48708 22.5581 0
    endloop
  endfacet
  facet normal 0 0 -1
    outer loop
      vertex 0 -23 0
      vertex 2.25439 22.8892 0
      vertex 2.25439 -22.8892 0
    endloop
  endfacet
  facet normal 0 0 -1
    outer loop
      vertex 0 -23 0
      vertex 0 23 0
      vertex 2.25439 22.8892 0
    endloop
  endfacet
  facet normal 0 0 -1
    outer loop
      vertex -2.25439 -22.8892 0
      vertex 0 23 0
      vertex 0 -23 0
    endloop
  endfacet
  facet normal 0 0 -1
    outer loop
      vertex -2.25439 -22.8892 0
      vertex -2.25439 22.8892 0
      vertex 0 23 0
    endloop
  endfacet
  facet normal 0 0 -1
    outer loop
      vertex -4.48708 -22.5581 0
      vertex -2.25439 22.8892 0
      vertex -2.25439 -22.8892 0
    endloop
  endfacet
  facet normal 0 0 -1
    outer loop
      vertex -4.48708 -22.5581 0
      vertex -4.48708 22.5581 0
      vertex -2.25439 22.8892 0
    endloop
  endfacet
  facet normal 0 0 -1
    outer loop
      vertex -6.67655 -22.0096 0
      vertex -4.48708 22.5581 0
      vertex -4.48708 -22.5581 0
    endloop
  endfacet
  facet normal 0 0 -1
    outer loop
      vertex -6.67655 -22.0096 0
      vertex -6.67655 22.0096 0
      vertex -4.48708 22.5581 0
    endloop
  endfacet
  facet normal 0 0 -1
    outer loop
      vertex -8.80363 -21.2483 0
      vertex -6.67655 -22.0096 0
      vertex -8.80172 -21.2492 0
    endloop
  endfacet
  facet normal 0 0 -1
    outer loop
      vertex -6.67655 -22.0096 0
      vertex -8.80363 -21.2483 0
      vertex -6.67655 22.0096 0
    endloop
  endfacet
  facet normal 0 0 -1
    outer loop
      vertex -8.80363 21.2483 0
      vertex -6.67655 22.0096 0
      vertex -8.80363 -21.2483 0
    endloop
  endfacet
  facet normal 0 0 -1
    outer loop
      vertex -6.67655 22.0096 0
      vertex -8.80363 21.2483 0
      vertex -8.80172 21.2492 0
    endloop
  endfacet
  facet normal 0 0 -1
    outer loop
      vertex -8.80363 -21.2483 0
      vertex -13.9874 -18.2269 0
      vertex -8.80363 21.2483 0
    endloop
  endfacet
  facet normal 0 0 -1
    outer loop
      vertex -36.1519 -68.617 0
      vertex -13.9874 -18.2269 0
      vertex -8.80363 -21.2483 0
    endloop
  endfacet
  facet normal 0 0 -1
    outer loop
      vertex -13.9874 -18.2269 0
      vertex -36.1519 -68.617 0
      vertex -41.3481 -65.617 0
    endloop
  endfacet
  facet normal 0 0 -1
    outer loop
      vertex -13.9874 18.2269 0
      vertex -8.80363 21.2483 0
      vertex -13.9874 -18.2269 0
    endloop
  endfacet
  facet normal 0 0 -1
    outer loop
      vertex -13.9874 18.2269 0
      vertex -36.1519 68.617 0
      vertex -8.80363 21.2483 0
    endloop
  endfacet
  facet normal 0 -0 -1
    outer loop
      vertex -36.1519 68.617 0
      vertex -13.9874 18.2269 0
      vertex -41.3481 65.617 0
    endloop
  endfacet
  facet normal 0 1 -0
    outer loop
      vertex 77.5 3 0
      vertex 65.5 3 3
      vertex 77.5 3 3
    endloop
  endfacet
  facet normal 0 1 0
    outer loop
      vertex 65.5 3 3
      vertex 77.5 3 0
      vertex 64.5 3 3
    endloop
  endfacet
  facet normal 0 1 0
    outer loop
      vertex 22.7786 3 0
      vertex 64.5 3 3
      vertex 77.5 3 0
    endloop
  endfacet
  facet normal 0 1 0
    outer loop
      vertex 64.5 3 3
      vertex 22.7786 3 0
      vertex 22.7786 3 3
    endloop
  endfacet
  facet normal 0 -1 0
    outer loop
      vertex 22.7786 -3 0
      vertex 64.5 -3 3
      vertex 22.7786 -3 3
    endloop
  endfacet
  facet normal 0 -1 0
    outer loop
      vertex 77.5 -3 0
      vertex 64.5 -3 3
      vertex 22.7786 -3 0
    endloop
  endfacet
  facet normal 0 -1 0
    outer loop
      vertex 64.5 -3 3
      vertex 77.5 -3 0
      vertex 65.5 -3 3
    endloop
  endfacet
  facet normal 0 -1 0
    outer loop
      vertex 65.5 -3 3
      vertex 77.5 -3 0
      vertex 77.5 -3 3
    endloop
  endfacet
  facet normal 0 1 0
    outer loop
      vertex 77.5 2.5 10.5
      vertex 72.5 2.5 9
      vertex 72.5 2.5 10.5
    endloop
  endfacet
  facet normal 0 1 -0
    outer loop
      vertex 77.5 2.5 3
      vertex 72.5 2.5 9
      vertex 77.5 2.5 10.5
    endloop
  endfacet
  facet normal 0 1 0
    outer loop
      vertex 72.5 2.5 9
      vertex 77.5 2.5 3
      vertex 72.5 2.5 3
    endloop
  endfacet
  facet normal 0 -1 0
    outer loop
      vertex 72.5 -2.5 9
      vertex 77.5 -2.5 10.5
      vertex 72.5 -2.5 10.5
    endloop
  endfacet
  facet normal 0 -1 0
    outer loop
      vertex 77.5 -2.5 3
      vertex 72.5 -2.5 9
      vertex 72.5 -2.5 3
    endloop
  endfacet
  facet normal 0 -1 0
    outer loop
      vertex 72.5 -2.5 9
      vertex 77.5 -2.5 3
      vertex 77.5 -2.5 10.5
    endloop
  endfacet
  facet normal 0.071247 -0.997459 0
    outer loop
      vertex 72.5 -2.5 9
      vertex 65.5 -3 3
      vertex 72.5 -2.5 3
    endloop
  endfacet
  facet normal 0 -0.996546 0.0830455
    outer loop
      vertex 65.5 -3 3
      vertex 72 -2.5 9
      vertex 64.5 -3 3
    endloop
  endfacet
  facet normal 0 -0.996546 0.0830455
    outer loop
      vertex 72 -2.5 9
      vertex 65.5 -3 3
      vertex 72.5 -2.5 9
    endloop
  endfacet
  facet normal -0.624695 0 0.780869
    outer loop
      vertex 64.5 3 3
      vertex 72 -2.5 9
      vertex 72 2.5 9
    endloop
  endfacet
  facet normal -0.624695 0 0.780869
    outer loop
      vertex 72 -2.5 9
      vertex 64.5 3 3
      vertex 64.5 -3 3
    endloop
  endfacet
  facet normal 0.071247 0.997459 -0
    outer loop
      vertex 72.5 2.5 3
      vertex 65.5 3 3
      vertex 72.5 2.5 9
    endloop
  endfacet
  facet normal -0 0 1
    outer loop
      vertex 72 2.5 9
      vertex 72.5 -2.5 9
      vertex 72.5 2.5 9
    endloop
  endfacet
  facet normal 0 0 1
    outer loop
      vertex 72.5 -2.5 9
      vertex 72 2.5 9
      vertex 72 -2.5 9
    endloop
  endfacet
  facet normal 0 0.996546 0.0830455
    outer loop
      vertex 65.5 3 3
      vertex 72 2.5 9
      vertex 72.5 2.5 9
    endloop
  endfacet
  facet normal 0 0.996546 0.0830455
    outer loop
      vertex 72 2.5 9
      vertex 65.5 3 3
      vertex 64.5 3 3
    endloop
  endfacet
  facet normal -0.500011 0.866019 0
    outer loop
      vertex -36.1519 68.617 0
      vertex -36.5849 68.367 3
      vertex -36.1519 68.617 3
    endloop
  endfacet
  facet normal -0.499994 0.866029 3.33329e-06
    outer loop
      vertex -36.5849 68.367 3
      vertex -36.1519 68.617 0
      vertex -40.9151 65.867 3
    endloop
  endfacet
  facet normal -0.499997 0.866027 -2.77776e-06
    outer loop
      vertex -41.3481 65.617 0
      vertex -40.9151 65.867 3
      vertex -36.1519 68.617 0
    endloop
  endfacet
  facet normal -0.500011 0.866019 0
    outer loop
      vertex -40.9151 65.867 3
      vertex -41.3481 65.617 0
      vertex -41.3481 65.617 3
    endloop
  endfacet
  facet normal -0.499957 0.86605 0
    outer loop
      vertex -40.9151 65.867 10.5
      vertex -40.2222 66.267 14
      vertex -40.2222 66.267 10.5
    endloop
  endfacet
  facet normal -0.499994 0.866029 9.71416e-06
    outer loop
      vertex -40.2222 66.267 14
      vertex -40.9151 65.867 10.5
      vertex -42.3873 65.017 14
    endloop
  endfacet
  facet normal -0.500011 0.866019 0
    outer loop
      vertex -42.3873 65.017 14
      vertex -40.9151 65.867 10.5
      vertex -42.3873 65.017 10.5
    endloop
  endfacet
  facet normal -0.500011 0.866019 0
    outer loop
      vertex -36.5849 68.367 10.5
      vertex -35.1127 69.217 14
      vertex -35.1127 69.217 10.5
    endloop
  endfacet
  facet normal -0.499994 0.866029 -9.71416e-06
    outer loop
      vertex -35.1127 69.217 14
      vertex -36.5849 68.367 10.5
      vertex -37.2778 67.967 14
    endloop
  endfacet
  facet normal -0.499957 0.86605 0
    outer loop
      vertex -36.5849 68.367 10.5
      vertex -37.2778 67.967 10.5
      vertex -37.2778 67.967 14
    endloop
  endfacet
  facet normal -0.499957 0.86605 0
    outer loop
      vertex -36.5849 68.367 3
      vertex -37.2778 67.967 10.5
      vertex -36.5849 68.367 10.5
    endloop
  endfacet
  facet normal -0.500011 0.866019 -6.66681e-06
    outer loop
      vertex -37.2778 67.967 10.5
      vertex -36.5849 68.367 3
      vertex -40.2222 66.267 10.5
    endloop
  endfacet
  facet normal -0.499994 0.866029 4.53328e-06
    outer loop
      vertex -40.9151 65.867 3
      vertex -40.2222 66.267 10.5
      vertex -36.5849 68.367 3
    endloop
  endfacet
  facet normal -0.499957 0.86605 0
    outer loop
      vertex -40.2222 66.267 10.5
      vertex -40.9151 65.867 3
      vertex -40.9151 65.867 10.5
    endloop
  endfacet
  facet normal 0 0 -1
    outer loop
      vertex -39.8873 60.6868 10.5
      vertex -40.9151 65.867 10.5
      vertex -38.4151 61.5368 10.5
    endloop
  endfacet
  facet normal 0 -0 -1
    outer loop
      vertex -40.9151 65.867 10.5
      vertex -39.8873 60.6868 10.5
      vertex -42.3873 65.017 10.5
    endloop
  endfacet
  facet normal 0 0 -1
    outer loop
      vertex -34.0849 64.0368 10.5
      vertex -35.1127 69.217 10.5
      vertex -32.6127 64.8868 10.5
    endloop
  endfacet
  facet normal 0 -0 -1
    outer loop
      vertex -35.1127 69.217 10.5
      vertex -34.0849 64.0368 10.5
      vertex -36.5849 68.367 10.5
    endloop
  endfacet
  facet normal 0 0 1
    outer loop
      vertex -37.2778 67.967 10.5
      vertex -37.7222 61.9368 10.5
      vertex -34.7778 63.6368 10.5
    endloop
  endfacet
  facet normal 0 -0 1
    outer loop
      vertex -37.7222 61.9368 10.5
      vertex -37.2778 67.967 10.5
      vertex -40.2222 66.267 10.5
    endloop
  endfacet
  facet normal 0.499957 -0.86605 0
    outer loop
      vertex -34.0849 64.0368 10.5
      vertex -34.7778 63.6368 14
      vertex -34.7778 63.6368 10.5
    endloop
  endfacet
  facet normal 0.499994 -0.866029 9.71416e-06
    outer loop
      vertex -34.7778 63.6368 14
      vertex -34.0849 64.0368 10.5
      vertex -32.6127 64.8868 14
    endloop
  endfacet
  facet normal 0.500011 -0.866019 0
    outer loop
      vertex -32.6127 64.8868 14
      vertex -34.0849 64.0368 10.5
      vertex -32.6127 64.8868 10.5
    endloop
  endfacet
  facet normal 0.500011 -0.866019 0
    outer loop
      vertex -38.4151 61.5368 10.5
      vertex -39.8873 60.6868 14
      vertex -39.8873 60.6868 10.5
    endloop
  endfacet
  facet normal 0.499994 -0.866029 -9.71416e-06
    outer loop
      vertex -39.8873 60.6868 14
      vertex -38.4151 61.5368 10.5
      vertex -37.7222 61.9368 14
    endloop
  endfacet
  facet normal 0.499957 -0.86605 0
    outer loop
      vertex -38.4151 61.5368 10.5
      vertex -37.7222 61.9368 10.5
      vertex -37.7222 61.9368 14
    endloop
  endfacet
  facet normal 0.499957 -0.86605 0
    outer loop
      vertex -38.4151 61.5368 9
      vertex -37.7222 61.9368 10.5
      vertex -38.4151 61.5368 10.5
    endloop
  endfacet
  facet normal 0.500011 -0.866019 -3.33341e-05
    outer loop
      vertex -37.7222 61.9368 10.5
      vertex -38.4151 61.5368 9
      vertex -34.7778 63.6368 10.5
    endloop
  endfacet
  facet normal 0.499994 -0.866029 2.26664e-05
    outer loop
      vertex -34.0849 64.0368 9
      vertex -34.7778 63.6368 10.5
      vertex -38.4151 61.5368 9
    endloop
  endfacet
  facet normal 0.499957 -0.86605 0
    outer loop
      vertex -34.7778 63.6368 10.5
      vertex -34.0849 64.0368 9
      vertex -34.0849 64.0368 10.5
    endloop
  endfacet
  facet normal -0.866022 -0.500007 0
    outer loop
      vertex -36.4046 66.4546 13.3815
      vertex -37.2778 67.967 14
      vertex -37.2778 67.967 10.5
    endloop
  endfacet
  facet normal -0.865963 -0.500108 0.00033061
    outer loop
      vertex -36.4331 66.504 13.4583
      vertex -37.2778 67.967 14
      vertex -36.4046 66.4546 13.3815
    endloop
  endfacet
  facet normal -0.865954 -0.500124 0.000449896
    outer loop
      vertex -36.4781 66.582 13.6269
      vertex -37.2778 67.967 14
      vertex -36.4577 66.5466 13.5404
    endloop
  endfacet
  facet normal -0.865976 -0.500084 0.000607512
    outer loop
      vertex -36.5059 66.6301 13.8098
      vertex -37.2778 67.967 14
      vertex -36.4943 66.6099 13.717
    endloop
  endfacet
  facet normal -0.866027 -0.499997 -0.000297892
    outer loop
      vertex -36.5153 66.6463 14
      vertex -37.2778 67.967 14
      vertex -36.5129 66.6422 13.9044
    endloop
  endfacet
  facet normal -0.866022 -0.500006 0.000133367
    outer loop
      vertex -37.2778 67.967 14
      vertex -36.5129 66.6422 14.0956
      vertex -37.2717 67.9565 14.245
    endloop
  endfacet
  facet normal -0.866022 -0.500005 0.000127836
    outer loop
      vertex -36.5059 66.6301 14.1902
      vertex -37.2717 67.9565 14.245
      vertex -36.5129 66.6422 14.0956
    endloop
  endfacet
  facet normal -0.866092 -0.499884 -0.000549519
    outer loop
      vertex -36.4943 66.6099 14.283
      vertex -37.2537 67.9254 14.4877
      vertex -36.5059 66.6301 14.1902
    endloop
  endfacet
  facet normal -0.865919 -0.500184 0.000807608
    outer loop
      vertex -36.4781 66.582 14.3731
      vertex -37.2239 67.8737 14.7257
      vertex -36.4943 66.6099 14.283
    endloop
  endfacet
  facet normal -0.866087 -0.499893 -0.000324045
    outer loop
      vertex -36.4577 66.5466 14.4596
      vertex -37.1826 67.8022 14.9567
      vertex -36.4781 66.582 14.3731
    endloop
  endfacet
  facet normal -0.866077 -0.49991 -0.000267493
    outer loop
      vertex -37.1826 67.8022 14.9567
      vertex -36.4577 66.5466 14.4596
      vertex -37.1302 67.7113 15.1785
    endloop
  endfacet
  facet normal -0.866 -0.500043 2.14019e-05
    outer loop
      vertex -36.4331 66.504 14.5417
      vertex -37.1302 67.7113 15.1785
      vertex -36.4577 66.5466 14.4596
    endloop
  endfacet
  facet normal -0.866008 -0.500031 6.02417e-05
    outer loop
      vertex -37.2239 67.8737 14.7257
      vertex -36.4781 66.582 14.3731
      vertex -37.1826 67.8022 14.9567
    endloop
  endfacet
  facet normal -0.866066 -0.49993 -0.000158083
    outer loop
      vertex -37.2537 67.9254 14.4877
      vertex -36.4943 66.6099 14.283
      vertex -37.2239 67.8737 14.7257
    endloop
  endfacet
  facet normal -0.866022 -0.500006 0.000157404
    outer loop
      vertex -37.2717 67.9565 14.245
      vertex -36.5059 66.6301 14.1902
      vertex -37.2537 67.9254 14.4877
    endloop
  endfacet
  facet normal -0.866027 -0.499997 0.000297892
    outer loop
      vertex -36.5129 66.6422 14.0956
      vertex -37.2778 67.967 14
      vertex -36.5153 66.6463 14
    endloop
  endfacet
  facet normal -0.866022 -0.500006 -0.000127704
    outer loop
      vertex -36.5129 66.6422 13.9044
      vertex -37.2778 67.967 14
      vertex -36.5059 66.6301 13.8098
    endloop
  endfacet
  facet normal -0.866117 -0.499841 -0.000949344
    outer loop
      vertex -36.4943 66.6099 13.717
      vertex -37.2778 67.967 14
      vertex -36.4781 66.582 13.6269
    endloop
  endfacet
  facet normal -0.866024 -0.500002 -4.98003e-05
    outer loop
      vertex -36.4577 66.5466 13.5404
      vertex -37.2778 67.967 14
      vertex -36.4331 66.504 13.4583
    endloop
  endfacet
  facet normal -0.866027 -0.499998 6.08782e-06
    outer loop
      vertex -37.2778 67.967 10.5
      vertex -36.3725 66.399 13.3106
      vertex -36.4046 66.4546 13.3815
    endloop
  endfacet
  facet normal -0.865829 -0.500341 -0.000248861
    outer loop
      vertex -37.2778 67.967 10.5
      vertex -36.337 66.3376 13.2463
      vertex -36.3725 66.399 13.3106
    endloop
  endfacet
  facet normal -0.866213 -0.499675 0.00027741
    outer loop
      vertex -37.2778 67.967 10.5
      vertex -36.2986 66.271 13.1893
      vertex -36.337 66.3376 13.2463
    endloop
  endfacet
  facet normal -0.866207 -0.499686 0.000268454
    outer loop
      vertex -37.2778 67.967 10.5
      vertex -36.2576 66.1999 13.1401
      vertex -36.2986 66.271 13.1893
    endloop
  endfacet
  facet normal -0.86582 -0.500355 -0.000328509
    outer loop
      vertex -37.2778 67.967 10.5
      vertex -36.2143 66.125 13.0992
      vertex -36.2576 66.1999 13.1401
    endloop
  endfacet
  facet normal -0.866148 -0.499787 0.000208233
    outer loop
      vertex -37.2778 67.967 10.5
      vertex -36.1693 66.047 13.067
      vertex -36.2143 66.125 13.0992
    endloop
  endfacet
  facet normal -0.866099 -0.499873 0.000122091
    outer loop
      vertex -37.2778 67.967 10.5
      vertex -36.1229 65.9666 13.0437
      vertex -36.1693 66.047 13.067
    endloop
  endfacet
  facet normal -0.865561 -0.500802 -0.000852067
    outer loop
      vertex -37.2778 67.967 10.5
      vertex -36.0755 65.8847 13.0297
      vertex -36.1229 65.9666 13.0437
    endloop
  endfacet
  facet normal -0.866477 -0.499216 0.00088815
    outer loop
      vertex -37.2778 67.967 10.5
      vertex -36.0278 65.8019 13.025
      vertex -36.0755 65.8847 13.0297
    endloop
  endfacet
  facet normal -0.866029 -0.499994 7.03499e-16
    outer loop
      vertex -34.7778 63.6368 10.5
      vertex -36.0278 65.8019 13.025
      vertex -37.2778 67.967 10.5
    endloop
  endfacet
  facet normal -0.866045 -0.499965 -3.24699e-05
    outer loop
      vertex -36.0278 65.8019 13.025
      vertex -34.7778 63.6368 10.5
      vertex -35.98 65.7191 13.0297
    endloop
  endfacet
  facet normal -0.865965 -0.500104 0.000119488
    outer loop
      vertex -35.98 65.7191 13.0297
      vertex -34.7778 63.6368 10.5
      vertex -35.9327 65.6372 13.0437
    endloop
  endfacet
  facet normal -0.865718 -0.500531 0.000567578
    outer loop
      vertex -35.9327 65.6372 13.0437
      vertex -34.7778 63.6368 10.5
      vertex -35.8862 65.5568 13.067
    endloop
  endfacet
  facet normal -0.866153 -0.499779 -0.000182452
    outer loop
      vertex -35.8862 65.5568 13.067
      vertex -34.7778 63.6368 10.5
      vertex -35.8412 65.4788 13.0992
    endloop
  endfacet
  facet normal -0.866187 -0.49972 -0.000238218
    outer loop
      vertex -35.8412 65.4788 13.0992
      vertex -34.7778 63.6368 10.5
      vertex -35.798 65.4039 13.1401
    endloop
  endfacet
  facet normal -0.865846 -0.50031 0.000288739
    outer loop
      vertex -35.798 65.4039 13.1401
      vertex -34.7778 63.6368 10.5
      vertex -35.7569 65.3328 13.1893
    endloop
  endfacet
  facet normal -0.866027 -0.499997 -0.000607994
    outer loop
      vertex -34.7778 63.6368 14
      vertex -35.5403 64.9575 14
      vertex -35.5426 64.9616 13.9044
    endloop
  endfacet
  facet normal -0.866004 -0.500037 2.39414e-05
    outer loop
      vertex -35.5403 64.9575 14
      vertex -35.3333 64.5991 16.0787
      vertex -35.4385 64.7813 16.2048
    endloop
  endfacet
  facet normal -0.866034 -0.499985 -0.000397305
    outer loop
      vertex -34.7778 63.6368 14
      vertex -35.5426 64.9616 13.9044
      vertex -35.5496 64.9738 13.8098
    endloop
  endfacet
  facet normal -0.866118 -0.49984 6.91223e-05
    outer loop
      vertex -35.5403 64.9575 14
      vertex -35.2348 64.4284 15.9325
      vertex -35.3333 64.5991 16.0787
    endloop
  endfacet
  facet normal -0.866057 -0.499946 -2.86644e-05
    outer loop
      vertex -34.7778 63.6368 14
      vertex -35.5496 64.9738 13.8098
      vertex -35.5612 64.9939 13.717
    endloop
  endfacet
  facet normal -0.865975 -0.500087 -2.10011e-05
    outer loop
      vertex -35.5403 64.9575 14
      vertex -35.1439 64.271 15.7678
      vertex -35.2348 64.4284 15.9325
    endloop
  endfacet
  facet normal -0.866146 -0.49979 0.000970504
    outer loop
      vertex -34.7778 63.6368 14
      vertex -35.5612 64.9939 13.717
      vertex -35.5774 65.0218 13.6269
    endloop
  endfacet
  facet normal -0.865995 -0.500052 -3.03156e-06
    outer loop
      vertex -35.5403 64.9575 14
      vertex -35.0615 64.1283 15.586
      vertex -35.1439 64.271 15.7678
    endloop
  endfacet
  facet normal -0.865984 -0.500071 -0.000421152
    outer loop
      vertex -34.7778 63.6368 14
      vertex -35.5774 65.0218 13.6269
      vertex -35.5978 65.0572 13.5404
    endloop
  endfacet
  facet normal -0.866001 -0.500043 3.70916e-06
    outer loop
      vertex -35.5403 64.9575 14
      vertex -34.9884 64.0017 15.3889
      vertex -35.0615 64.1283 15.586
    endloop
  endfacet
  facet normal -0.866056 -0.499947 8.78231e-05
    outer loop
      vertex -34.7778 63.6368 14
      vertex -35.5978 65.0572 13.5404
      vertex -35.6224 65.0998 13.4583
    endloop
  endfacet
  facet normal -0.866079 -0.499907 0.000127861
    outer loop
      vertex -35.5403 64.9575 14
      vertex -34.9254 63.8925 15.1785
      vertex -34.9884 64.0017 15.3889
    endloop
  endfacet
  facet normal -0.865997 -0.50005 -0.000280645
    outer loop
      vertex -34.7778 63.6368 14
      vertex -35.6224 65.0998 13.4583
      vertex -35.6509 65.1492 13.3815
    endloop
  endfacet
  facet normal -0.865996 -0.500051 -4.56275e-05
    outer loop
      vertex -35.5403 64.9575 14
      vertex -34.8729 63.8016 14.9567
      vertex -34.9254 63.8925 15.1785
    endloop
  endfacet
  facet normal -0.866054 -0.49995 4.37542e-05
    outer loop
      vertex -34.7778 63.6368 14
      vertex -35.6509 65.1492 13.3815
      vertex -35.683 65.2048 13.3106
    endloop
  endfacet
  facet normal -0.865994 -0.500054 -5.05267e-05
    outer loop
      vertex -35.5403 64.9575 14
      vertex -34.8316 63.7301 14.7257
      vertex -34.8729 63.8016 14.9567
    endloop
  endfacet
  facet normal -0.865837 -0.500325 0.000268309
    outer loop
      vertex -34.7778 63.6368 10.5
      vertex -35.683 65.2048 13.3106
      vertex -35.7185 65.2662 13.2463
    endloop
  endfacet
  facet normal -0.86622 -0.499662 -0.000256493
    outer loop
      vertex -35.7569 65.3328 13.1893
      vertex -34.7778 63.6368 10.5
      vertex -35.7185 65.2662 13.2463
    endloop
  endfacet
  facet normal -0.866027 -0.499997 0.000219604
    outer loop
      vertex -35.5403 64.9575 14
      vertex -34.7778 63.6368 14
      vertex -34.7838 63.6473 14.245
    endloop
  endfacet
  facet normal -0.86605 -0.499958 0.000166227
    outer loop
      vertex -35.5403 64.9575 14
      vertex -34.8018 63.6784 14.4877
      vertex -34.8316 63.7301 14.7257
    endloop
  endfacet
  facet normal -0.866046 -0.499965 0
    outer loop
      vertex -35.683 65.2048 13.3106
      vertex -34.7778 63.6368 10.5
      vertex -34.7778 63.6368 14
    endloop
  endfacet
  facet normal -0.865997 -0.500049 -0.000150138
    outer loop
      vertex -35.5403 64.9575 14
      vertex -34.7838 63.6473 14.245
      vertex -34.8018 63.6784 14.4877
    endloop
  endfacet
  facet normal -0.866051 -0.499956 -0.000200091
    outer loop
      vertex -36.4046 66.4546 14.6185
      vertex -37.1302 67.7113 15.1785
      vertex -36.4331 66.504 14.5417
    endloop
  endfacet
  facet normal -0.86598 -0.500078 0.000165582
    outer loop
      vertex -37.1302 67.7113 15.1785
      vertex -36.4046 66.4546 14.6185
      vertex -37.0671 67.6021 15.3889
    endloop
  endfacet
  facet normal -0.866029 -0.499994 -1.74333e-06
    outer loop
      vertex -36.3725 66.399 14.6894
      vertex -37.0671 67.6021 15.3889
      vertex -36.4046 66.4546 14.6185
    endloop
  endfacet
  facet normal -0.866022 -0.500006 2.72553e-05
    outer loop
      vertex -37.0671 67.6021 15.3889
      vertex -36.3725 66.399 14.6894
      vertex -36.994 67.4755 15.586
    endloop
  endfacet
  facet normal -0.865892 -0.500232 0.000387759
    outer loop
      vertex -36.337 66.3376 14.7537
      vertex -36.994 67.4755 15.586
      vertex -36.3725 66.399 14.6894
    endloop
  endfacet
  facet normal -0.866007 -0.500032 2.40942e-05
    outer loop
      vertex -36.994 67.4755 15.586
      vertex -36.337 66.3376 14.7537
      vertex -36.9116 67.3328 15.7678
    endloop
  endfacet
  facet normal -0.866179 -0.499733 -0.0003672
    outer loop
      vertex -36.2986 66.271 14.8107
      vertex -36.9116 67.3328 15.7678
      vertex -36.337 66.3376 14.7537
    endloop
  endfacet
  facet normal -0.866004 -0.500038 8.35873e-05
    outer loop
      vertex -36.9116 67.3328 15.7678
      vertex -36.2986 66.271 14.8107
      vertex -36.8207 67.1754 15.9325
    endloop
  endfacet
  facet normal -0.866202 -0.499695 -0.000285187
    outer loop
      vertex -36.2576 66.1999 14.8599
      vertex -36.8207 67.1754 15.9325
      vertex -36.2986 66.271 14.8107
    endloop
  endfacet
  facet normal -0.866038 -0.499978 5.82229e-05
    outer loop
      vertex -36.8207 67.1754 15.9325
      vertex -36.2576 66.1999 14.8599
      vertex -36.7222 67.0048 16.0787
    endloop
  endfacet
  facet normal -0.865831 -0.500336 0.000373843
    outer loop
      vertex -36.2143 66.125 14.9008
      vertex -36.7222 67.0048 16.0787
      vertex -36.2576 66.1999 14.8599
    endloop
  endfacet
  facet normal -0.866102 -0.499867 -9.3638e-05
    outer loop
      vertex -36.7222 67.0048 16.0787
      vertex -36.2143 66.125 14.9008
      vertex -36.617 66.8225 16.2048
    endloop
  endfacet
  facet normal -0.866039 -0.499976 -1.58402e-05
    outer loop
      vertex -36.617 66.8225 16.2048
      vertex -36.2143 66.125 14.9008
      vertex -36.5061 66.6304 16.3097
    endloop
  endfacet
  facet normal -0.866164 -0.499759 -0.000119454
    outer loop
      vertex -36.1693 66.047 14.933
      vertex -36.5061 66.6304 16.3097
      vertex -36.2143 66.125 14.9008
    endloop
  endfacet
  facet normal -0.86598 -0.500078 6.07604e-05
    outer loop
      vertex -36.5061 66.6304 16.3097
      vertex -36.1693 66.047 14.933
      vertex -36.3906 66.4304 16.3923
    endloop
  endfacet
  facet normal -0.866111 -0.499851 -1.89328e-05
    outer loop
      vertex -36.1229 65.9666 14.9563
      vertex -36.3906 66.4304 16.3923
      vertex -36.1693 66.047 14.933
    endloop
  endfacet
  facet normal -0.866017 -0.500014 5.14555e-05
    outer loop
      vertex -36.3906 66.4304 16.3923
      vertex -36.1229 65.9666 14.9563
      vertex -36.2716 66.2243 16.452
    endloop
  endfacet
  facet normal -0.865517 -0.500879 0.000250172
    outer loop
      vertex -36.0755 65.8847 14.9703
      vertex -36.2716 66.2243 16.452
      vertex -36.1229 65.9666 14.9563
    endloop
  endfacet
  facet normal -0.866125 -0.499827 -7.1553e-05
    outer loop
      vertex -36.2716 66.2243 16.452
      vertex -36.0755 65.8847 14.9703
      vertex -36.1503 66.0141 16.488
    endloop
  endfacet
  facet normal -0.866495 -0.499185 -0.000144515
    outer loop
      vertex -36.0278 65.8019 14.975
      vertex -36.1503 66.0141 16.488
      vertex -36.0755 65.8847 14.9703
    endloop
  endfacet
  facet normal -0.86605 -0.499958 0
    outer loop
      vertex -36.0278 65.8019 14.975
      vertex -36.0278 65.8019 16.5
      vertex -36.1503 66.0141 16.488
    endloop
  endfacet
  facet normal -0.866045 -0.499966 5.56908e-05
    outer loop
      vertex -35.9052 65.5897 16.488
      vertex -36.0278 65.8019 14.975
      vertex -35.98 65.7191 14.9703
    endloop
  endfacet
  facet normal -0.865958 -0.500117 -1.70986e-05
    outer loop
      vertex -35.7839 65.3795 16.452
      vertex -35.98 65.7191 14.9703
      vertex -35.9327 65.6372 14.9563
    endloop
  endfacet
  facet normal -0.865873 -0.500264 0
    outer loop
      vertex -36.0278 65.8019 14.975
      vertex -35.9052 65.5897 16.488
      vertex -36.0278 65.8019 16.5
    endloop
  endfacet
  facet normal -0.865678 -0.500601 -0.000243946
    outer loop
      vertex -35.6649 65.1734 16.3923
      vertex -35.9327 65.6372 14.9563
      vertex -35.8862 65.5568 14.933
    endloop
  endfacet
  facet normal -0.866164 -0.499759 0.000119454
    outer loop
      vertex -35.5494 64.9734 16.3097
      vertex -35.8862 65.5568 14.933
      vertex -35.8412 65.4788 14.9008
    endloop
  endfacet
  facet normal -0.866194 -0.499707 0.000207493
    outer loop
      vertex -35.4385 64.7813 16.2048
      vertex -35.8412 65.4788 14.9008
      vertex -35.798 65.4039 14.8599
    endloop
  endfacet
  facet normal -0.866125 -0.499827 7.1553e-05
    outer loop
      vertex -35.98 65.7191 14.9703
      vertex -35.7839 65.3795 16.452
      vertex -35.9052 65.5897 16.488
    endloop
  endfacet
  facet normal -0.865818 -0.500359 -0.000194828
    outer loop
      vertex -35.4385 64.7813 16.2048
      vertex -35.798 65.4039 14.8599
      vertex -35.7569 65.3328 14.8107
    endloop
  endfacet
  facet normal -0.866244 -0.499622 0.000194043
    outer loop
      vertex -35.4385 64.7813 16.2048
      vertex -35.7569 65.3328 14.8107
      vertex -35.7185 65.2662 14.7537
    endloop
  endfacet
  facet normal -0.865787 -0.500412 -0.000158003
    outer loop
      vertex -35.4385 64.7813 16.2048
      vertex -35.7185 65.2662 14.7537
      vertex -35.683 65.2048 14.6894
    endloop
  endfacet
  facet normal -0.86601 -0.500026 3.69257e-06
    outer loop
      vertex -35.9327 65.6372 14.9563
      vertex -35.6649 65.1734 16.3923
      vertex -35.7839 65.3795 16.452
    endloop
  endfacet
  facet normal -0.866031 -0.499991 -1.1367e-06
    outer loop
      vertex -35.4385 64.7813 16.2048
      vertex -35.683 65.2048 14.6894
      vertex -35.6509 65.1492 14.6185
    endloop
  endfacet
  facet normal -0.866145 -0.499793 6.01975e-05
    outer loop
      vertex -35.4385 64.7813 16.2048
      vertex -35.6509 65.1492 14.6185
      vertex -35.6224 65.0998 14.5417
    endloop
  endfacet
  facet normal -0.86599 -0.500062 -8.57089e-06
    outer loop
      vertex -35.4385 64.7813 16.2048
      vertex -35.6224 65.0998 14.5417
      vertex -35.5978 65.0572 14.4596
    endloop
  endfacet
  facet normal -0.866314 -0.4995 0.00010985
    outer loop
      vertex -35.4385 64.7813 16.2048
      vertex -35.5978 65.0572 14.4596
      vertex -35.5774 65.0218 14.3731
    endloop
  endfacet
  facet normal -0.865135 -0.501538 -0.000247153
    outer loop
      vertex -35.4385 64.7813 16.2048
      vertex -35.5774 65.0218 14.3731
      vertex -35.5612 64.9939 14.283
    endloop
  endfacet
  facet normal -0.866111 -0.499852 1.63256e-06
    outer loop
      vertex -35.4385 64.7813 16.2048
      vertex -35.5612 64.9939 14.283
      vertex -35.5496 64.9738 14.1902
    endloop
  endfacet
  facet normal -0.86598 -0.500078 -6.07604e-05
    outer loop
      vertex -35.8862 65.5568 14.933
      vertex -35.5494 64.9734 16.3097
      vertex -35.6649 65.1734 16.3923
    endloop
  endfacet
  facet normal -0.866829 -0.498605 0.000160447
    outer loop
      vertex -35.4385 64.7813 16.2048
      vertex -35.5496 64.9738 14.1902
      vertex -35.5426 64.9616 14.0956
    endloop
  endfacet
  facet normal -0.868069 -0.496443 0.000406461
    outer loop
      vertex -35.4385 64.7813 16.2048
      vertex -35.5426 64.9616 14.0956
      vertex -35.5403 64.9575 14
    endloop
  endfacet
  facet normal -0.866039 -0.499976 1.58402e-05
    outer loop
      vertex -35.8412 65.4788 14.9008
      vertex -35.4385 64.7813 16.2048
      vertex -35.5494 64.9734 16.3097
    endloop
  endfacet
  facet normal 0.866027 0.499997 -0.000297892
    outer loop
      vertex -35.1127 69.217 14
      vertex -34.3478 67.8922 14.0956
      vertex -34.3502 67.8963 14
    endloop
  endfacet
  facet normal 0.866051 0.499955 -3.55608e-05
    outer loop
      vertex -34.0493 67.375 14.9008
      vertex -34.4519 68.0725 16.2048
      vertex -34.341 67.8804 16.3097
    endloop
  endfacet
  facet normal 0.865814 0.500366 -6.62384e-05
    outer loop
      vertex -34.5572 68.2548 16.0787
      vertex -34.3408 67.8801 14.1902
      vertex -34.3478 67.8922 14.0956
    endloop
  endfacet
  facet normal 0.8666 0.499003 0.000294255
    outer loop
      vertex -34.5572 68.2548 16.0787
      vertex -34.3292 67.8599 14.283
      vertex -34.3408 67.8801 14.1902
    endloop
  endfacet
  facet normal 0.866087 0.499893 3.34586e-05
    outer loop
      vertex -34.5572 68.2548 16.0787
      vertex -34.3131 67.832 14.3731
      vertex -34.3292 67.8599 14.283
    endloop
  endfacet
  facet normal 0.865619 0.500704 -0.000234462
    outer loop
      vertex -34.5572 68.2548 16.0787
      vertex -34.2926 67.7966 14.4596
      vertex -34.3131 67.832 14.3731
    endloop
  endfacet
  facet normal 0.865981 0.500077 1.94982e-06
    outer loop
      vertex -34.5572 68.2548 16.0787
      vertex -34.268 67.754 14.5417
      vertex -34.2926 67.7966 14.4596
    endloop
  endfacet
  facet normal 0.866116 0.499843 0.00010358
    outer loop
      vertex -34.5572 68.2548 16.0787
      vertex -34.2395 67.7046 14.6185
      vertex -34.268 67.754 14.5417
    endloop
  endfacet
  facet normal 0.86598 0.500078 -6.07604e-05
    outer loop
      vertex -34.0042 67.297 14.933
      vertex -34.341 67.8804 16.3097
      vertex -34.2255 67.6804 16.3923
    endloop
  endfacet
  facet normal 0.866019 0.500011 1.94536e-05
    outer loop
      vertex -34.5572 68.2548 16.0787
      vertex -34.2074 67.649 14.6894
      vertex -34.2395 67.7046 14.6185
    endloop
  endfacet
  facet normal 0.866224 0.499656 0.00022587
    outer loop
      vertex -34.5572 68.2548 16.0787
      vertex -34.172 67.5876 14.7537
      vertex -34.2074 67.649 14.6894
    endloop
  endfacet
  facet normal 0.865836 0.500328 -0.000225449
    outer loop
      vertex -34.5572 68.2548 16.0787
      vertex -34.1335 67.521 14.8107
      vertex -34.172 67.5876 14.7537
    endloop
  endfacet
  facet normal 0.866183 0.499726 7.26618e-05
    outer loop
      vertex -33.9578 67.2166 14.9563
      vertex -34.2255 67.6804 16.3923
      vertex -34.1066 67.4743 16.452
    endloop
  endfacet
  facet normal 0.866206 0.499687 0.000269416
    outer loop
      vertex -34.5572 68.2548 16.0787
      vertex -34.0925 67.4499 14.8599
      vertex -34.1335 67.521 14.8107
    endloop
  endfacet
  facet normal 0.866187 0.49972 0.000239545
    outer loop
      vertex -34.5572 68.2548 16.0787
      vertex -34.0493 67.375 14.9008
      vertex -34.0925 67.4499 14.8599
    endloop
  endfacet
  facet normal 0.865755 0.500468 -0.000280927
    outer loop
      vertex -34.341 67.8804 16.3097
      vertex -34.0042 67.297 14.933
      vertex -34.0493 67.375 14.9008
    endloop
  endfacet
  facet normal 0.865954 0.500124 -1.9316e-05
    outer loop
      vertex -33.9105 67.1347 14.9703
      vertex -34.1066 67.4743 16.452
      vertex -33.9852 67.2641 16.488
    endloop
  endfacet
  facet normal 0.866111 0.499851 1.89328e-05
    outer loop
      vertex -34.2255 67.6804 16.3923
      vertex -33.9578 67.2166 14.9563
      vertex -34.0042 67.297 14.933
    endloop
  endfacet
  facet normal 0.865958 0.500117 -1.70986e-05
    outer loop
      vertex -34.1066 67.4743 16.452
      vertex -33.9105 67.1347 14.9703
      vertex -33.9578 67.2166 14.9563
    endloop
  endfacet
  facet normal 0.86605 0.499958 -0
    outer loop
      vertex -33.8627 67.0519 14.975
      vertex -33.9852 67.2641 16.488
      vertex -33.8627 67.0519 16.5
    endloop
  endfacet
  facet normal 0.866046 0.499964 -1.09736e-06
    outer loop
      vertex -33.9852 67.2641 16.488
      vertex -33.8627 67.0519 14.975
      vertex -33.9105 67.1347 14.9703
    endloop
  endfacet
  facet normal 0.86605 0.499958 0
    outer loop
      vertex -33.7402 66.8397 16.488
      vertex -33.8627 67.0519 14.975
      vertex -33.8627 67.0519 16.5
    endloop
  endfacet
  facet normal 0.866046 0.499964 1.09736e-06
    outer loop
      vertex -33.8627 67.0519 14.975
      vertex -33.7402 66.8397 16.488
      vertex -33.8149 66.9691 14.9703
    endloop
  endfacet
  facet normal 0.865954 0.500124 1.9316e-05
    outer loop
      vertex -33.6188 66.6295 16.452
      vertex -33.8149 66.9691 14.9703
      vertex -33.7402 66.8397 16.488
    endloop
  endfacet
  facet normal 0.865958 0.500117 1.70986e-05
    outer loop
      vertex -33.8149 66.9691 14.9703
      vertex -33.6188 66.6295 16.452
      vertex -33.7676 66.8872 14.9563
    endloop
  endfacet
  facet normal 0.86601 0.500026 -3.69257e-06
    outer loop
      vertex -33.4998 66.4234 16.3923
      vertex -33.7676 66.8872 14.9563
      vertex -33.6188 66.6295 16.452
    endloop
  endfacet
  facet normal 0.866105 0.499863 -7.40841e-05
    outer loop
      vertex -33.7676 66.8872 14.9563
      vertex -33.4998 66.4234 16.3923
      vertex -33.7212 66.8068 14.933
    endloop
  endfacet
  facet normal 0.865971 0.500095 7.22693e-06
    outer loop
      vertex -33.3843 66.2234 16.3097
      vertex -33.7212 66.8068 14.933
      vertex -33.4998 66.4234 16.3923
    endloop
  endfacet
  facet normal 0.865745 0.500485 0.000227401
    outer loop
      vertex -33.7212 66.8068 14.933
      vertex -33.3843 66.2234 16.3097
      vertex -33.6761 66.7288 14.9008
    endloop
  endfacet
  facet normal 0.866039 0.499976 -1.58402e-05
    outer loop
      vertex -33.2734 66.0313 16.2048
      vertex -33.6761 66.7288 14.9008
      vertex -33.3843 66.2234 16.3097
    endloop
  endfacet
  facet normal 0.866015 0.500017 1.34607e-05
    outer loop
      vertex -33.1682 65.8491 16.0787
      vertex -33.6761 66.7288 14.9008
      vertex -33.2734 66.0313 16.2048
    endloop
  endfacet
  facet normal 0.86618 0.499733 -0.000269678
    outer loop
      vertex -33.6761 66.7288 14.9008
      vertex -33.1682 65.8491 16.0787
      vertex -33.6329 66.6539 14.8599
    endloop
  endfacet
  facet normal 0.866093 0.499884 -0.000136916
    outer loop
      vertex -33.0697 65.6784 15.9325
      vertex -33.6329 66.6539 14.8599
      vertex -33.1682 65.8491 16.0787
    endloop
  endfacet
  facet normal 0.866187 0.49972 -0.000334745
    outer loop
      vertex -33.6329 66.6539 14.8599
      vertex -33.0697 65.6784 15.9325
      vertex -33.5919 66.5828 14.8107
    endloop
  endfacet
  facet normal 0.865985 0.500071 4.17129e-05
    outer loop
      vertex -32.9788 65.521 15.7678
      vertex -33.5919 66.5828 14.8107
      vertex -33.0697 65.6784 15.9325
    endloop
  endfacet
  facet normal 0.865873 0.500263 0.000326378
    outer loop
      vertex -33.5919 66.5828 14.8107
      vertex -32.9788 65.521 15.7678
      vertex -33.5534 66.5162 14.7537
    endloop
  endfacet
  facet normal 0.866007 0.500032 2.40942e-05
    outer loop
      vertex -32.8964 65.3783 15.586
      vertex -33.5534 66.5162 14.7537
      vertex -32.9788 65.521 15.7678
    endloop
  endfacet
  facet normal 0.866143 0.499797 -0.000405226
    outer loop
      vertex -33.5534 66.5162 14.7537
      vertex -32.8964 65.3783 15.586
      vertex -33.518 66.4548 14.6894
    endloop
  endfacet
  facet normal 0.866102 0.499867 -0.000292683
    outer loop
      vertex -32.8234 65.2517 15.3889
      vertex -33.518 66.4548 14.6894
      vertex -32.8964 65.3783 15.586
    endloop
  endfacet
  facet normal 0.866029 0.499994 -1.74333e-06
    outer loop
      vertex -33.518 66.4548 14.6894
      vertex -32.8234 65.2517 15.3889
      vertex -33.4859 66.3992 14.6185
    endloop
  endfacet
  facet normal 0.86598 0.500078 0.000165582
    outer loop
      vertex -32.7603 65.1425 15.1785
      vertex -33.4859 66.3992 14.6185
      vertex -32.8234 65.2517 15.3889
    endloop
  endfacet
  facet normal 0.866051 0.499956 -0.000200091
    outer loop
      vertex -33.4859 66.3992 14.6185
      vertex -32.7603 65.1425 15.1785
      vertex -33.4574 66.3498 14.5417
    endloop
  endfacet
  facet normal 0.866011 0.500025 0.000221205
    outer loop
      vertex -34.3478 67.8922 14.0956
      vertex -35.1127 69.217 14
      vertex -35.1067 69.2065 14.245
    endloop
  endfacet
  facet normal 0.865993 0.500056 -0.000148807
    outer loop
      vertex -34.3478 67.8922 14.0956
      vertex -35.1067 69.2065 14.245
      vertex -35.0887 69.1754 14.4877
    endloop
  endfacet
  facet normal 0.866035 0.499983 0.000173301
    outer loop
      vertex -34.3478 67.8922 14.0956
      vertex -35.0887 69.1754 14.4877
      vertex -35.0589 69.1237 14.7257
    endloop
  endfacet
  facet normal 0.865915 0.500191 -0.000369066
    outer loop
      vertex -34.3478 67.8922 14.0956
      vertex -35.0589 69.1237 14.7257
      vertex -35.0175 69.0522 14.9567
    endloop
  endfacet
  facet normal 0.86611 0.499853 0.000236762
    outer loop
      vertex -34.3478 67.8922 14.0956
      vertex -35.0175 69.0522 14.9567
      vertex -34.9651 68.9613 15.1785
    endloop
  endfacet
  facet normal 0.86595 0.500131 -0.000128811
    outer loop
      vertex -34.3478 67.8922 14.0956
      vertex -34.9651 68.9613 15.1785
      vertex -34.902 68.8521 15.3889
    endloop
  endfacet
  facet normal 0.866152 0.49978 0.000218472
    outer loop
      vertex -34.3478 67.8922 14.0956
      vertex -34.902 68.8521 15.3889
      vertex -34.829 68.7255 15.586
    endloop
  endfacet
  facet normal 0.865989 0.500063 7.89481e-06
    outer loop
      vertex -34.3478 67.8922 14.0956
      vertex -34.829 68.7255 15.586
      vertex -34.7466 68.5828 15.7678
    endloop
  endfacet
  facet normal 0.86597 0.500095 -1.01542e-05
    outer loop
      vertex -34.3478 67.8922 14.0956
      vertex -34.7466 68.5828 15.7678
      vertex -34.6557 68.4254 15.9325
    endloop
  endfacet
  facet normal 0.86601 0.500026 1.6686e-05
    outer loop
      vertex -34.3478 67.8922 14.0956
      vertex -34.6557 68.4254 15.9325
      vertex -34.5572 68.2548 16.0787
    endloop
  endfacet
  facet normal 0.865967 0.500102 -0.000140315
    outer loop
      vertex -34.0493 67.375 14.9008
      vertex -34.5572 68.2548 16.0787
      vertex -34.4519 68.0725 16.2048
    endloop
  endfacet
  facet normal 0.866027 0.499997 0.000297892
    outer loop
      vertex -35.1127 69.217 14
      vertex -34.3502 67.8963 14
      vertex -34.3478 67.8922 13.9044
    endloop
  endfacet
  facet normal 0.866022 0.500006 0.000127704
    outer loop
      vertex -35.1127 69.217 14
      vertex -34.3478 67.8922 13.9044
      vertex -34.3408 67.8801 13.8098
    endloop
  endfacet
  facet normal 0.865976 0.500084 -0.000607512
    outer loop
      vertex -35.1127 69.217 14
      vertex -34.3408 67.8801 13.8098
      vertex -34.3292 67.8599 13.717
    endloop
  endfacet
  facet normal 0.866024 0.500002 -7.82896e-05
    outer loop
      vertex -35.1127 69.217 14
      vertex -34.3292 67.8599 13.717
      vertex -34.3131 67.832 13.6269
    endloop
  endfacet
  facet normal 0.866115 0.499843 0.000704139
    outer loop
      vertex -35.1127 69.217 14
      vertex -34.3131 67.832 13.6269
      vertex -34.2926 67.7966 13.5404
    endloop
  endfacet
  facet normal 0.866024 0.500002 4.98003e-05
    outer loop
      vertex -35.1127 69.217 14
      vertex -34.2926 67.7966 13.5404
      vertex -34.268 67.754 13.4583
    endloop
  endfacet
  facet normal 0.865963 0.500108 -0.00033061
    outer loop
      vertex -35.1127 69.217 14
      vertex -34.268 67.754 13.4583
      vertex -34.2395 67.7046 13.3815
    endloop
  endfacet
  facet normal 0.866022 0.500007 0
    outer loop
      vertex -35.1127 69.217 14
      vertex -34.2395 67.7046 13.3815
      vertex -35.1127 69.217 10.5
    endloop
  endfacet
  facet normal 0.866027 0.499998 -6.08782e-06
    outer loop
      vertex -34.2074 67.649 13.3106
      vertex -35.1127 69.217 10.5
      vertex -34.2395 67.7046 13.3815
    endloop
  endfacet
  facet normal 0.866214 0.499673 -0.000247831
    outer loop
      vertex -34.172 67.5876 13.2463
      vertex -35.1127 69.217 10.5
      vertex -34.2074 67.649 13.3106
    endloop
  endfacet
  facet normal 0.865847 0.500309 0.00025519
    outer loop
      vertex -34.1335 67.521 13.1893
      vertex -35.1127 69.217 10.5
      vertex -34.172 67.5876 13.2463
    endloop
  endfacet
  facet normal 0.866207 0.499686 -0.000268454
    outer loop
      vertex -34.0925 67.4499 13.1401
      vertex -35.1127 69.217 10.5
      vertex -34.1335 67.521 13.1893
    endloop
  endfacet
  facet normal 0.866187 0.49972 -0.000238218
    outer loop
      vertex -34.0493 67.375 13.0992
      vertex -35.1127 69.217 10.5
      vertex -34.0925 67.4499 13.1401
    endloop
  endfacet
  facet normal 0.865781 0.500423 0.0004262
    outer loop
      vertex -34.0042 67.297 13.067
      vertex -35.1127 69.217 10.5
      vertex -34.0493 67.375 13.0992
    endloop
  endfacet
  facet normal 0.866099 0.499873 -0.000122091
    outer loop
      vertex -33.9578 67.2166 13.0437
      vertex -35.1127 69.217 10.5
      vertex -34.0042 67.297 13.067
    endloop
  endfacet
  facet normal 0.865965 0.500104 0.000119488
    outer loop
      vertex -33.9105 67.1347 13.0297
      vertex -35.1127 69.217 10.5
      vertex -33.9578 67.2166 13.0437
    endloop
  endfacet
  facet normal 0.866045 0.499965 -3.24699e-05
    outer loop
      vertex -33.8627 67.0519 13.025
      vertex -35.1127 69.217 10.5
      vertex -33.9105 67.1347 13.0297
    endloop
  endfacet
  facet normal 0.866045 0.499965 3.24699e-05
    outer loop
      vertex -32.6127 64.8868 10.5
      vertex -33.8627 67.0519 13.025
      vertex -33.8149 66.9691 13.0297
    endloop
  endfacet
  facet normal 0.865965 0.500104 -0.000119488
    outer loop
      vertex -32.6127 64.8868 10.5
      vertex -33.8149 66.9691 13.0297
      vertex -33.7676 66.8872 13.0437
    endloop
  endfacet
  facet normal 0.866099 0.499873 0.000122091
    outer loop
      vertex -32.6127 64.8868 10.5
      vertex -33.7676 66.8872 13.0437
      vertex -33.7212 66.8068 13.067
    endloop
  endfacet
  facet normal 0.865781 0.500423 -0.0004262
    outer loop
      vertex -32.6127 64.8868 10.5
      vertex -33.7212 66.8068 13.067
      vertex -33.6761 66.7288 13.0992
    endloop
  endfacet
  facet normal 0.866187 0.49972 0.000238218
    outer loop
      vertex -32.6127 64.8868 10.5
      vertex -33.6761 66.7288 13.0992
      vertex -33.6329 66.6539 13.1401
    endloop
  endfacet
  facet normal 0.866207 0.499686 0.000268454
    outer loop
      vertex -32.6127 64.8868 10.5
      vertex -33.6329 66.6539 13.1401
      vertex -33.5919 66.5828 13.1893
    endloop
  endfacet
  facet normal 0.865847 0.500309 -0.00025519
    outer loop
      vertex -32.6127 64.8868 10.5
      vertex -33.5919 66.5828 13.1893
      vertex -33.5534 66.5162 13.2463
    endloop
  endfacet
  facet normal 0.866 0.500043 2.14019e-05
    outer loop
      vertex -33.4574 66.3498 14.5417
      vertex -32.7603 65.1425 15.1785
      vertex -33.4328 66.3072 14.4596
    endloop
  endfacet
  facet normal 0.865946 0.500137 0.000224109
    outer loop
      vertex -32.7078 65.0517 14.9567
      vertex -33.4328 66.3072 14.4596
      vertex -32.7603 65.1425 15.1785
    endloop
  endfacet
  facet normal 0.865899 0.500219 0.000499169
    outer loop
      vertex -33.4328 66.3072 14.4596
      vertex -32.7078 65.0517 14.9567
      vertex -33.4123 66.2718 14.3731
    endloop
  endfacet
  facet normal 0.866031 0.49999 -0.000139339
    outer loop
      vertex -32.6665 64.9801 14.7257
      vertex -33.4123 66.2718 14.3731
      vertex -32.7078 65.0517 14.9567
    endloop
  endfacet
  facet normal 0.866024 0.500002 -7.85612e-05
    outer loop
      vertex -33.4123 66.2718 14.3731
      vertex -32.6665 64.9801 14.7257
      vertex -33.3962 66.2439 14.283
    endloop
  endfacet
  facet normal 0.866038 0.499978 -0.000171912
    outer loop
      vertex -32.6367 64.9284 14.4877
      vertex -33.3962 66.2439 14.283
      vertex -32.6665 64.9801 14.7257
    endloop
  endfacet
  facet normal 0.866029 0.499993 -4.22059e-05
    outer loop
      vertex -33.3962 66.2439 14.283
      vertex -32.6367 64.9284 14.4877
      vertex -33.3846 66.2238 14.1902
    endloop
  endfacet
  facet normal 0.86601 0.500027 0.000153885
    outer loop
      vertex -32.6187 64.8973 14.245
      vertex -33.3846 66.2238 14.1902
      vertex -32.6367 64.9284 14.4877
    endloop
  endfacet
  facet normal 0.866003 0.500038 0.000509145
    outer loop
      vertex -33.3846 66.2238 14.1902
      vertex -32.6187 64.8973 14.245
      vertex -33.3775 66.2116 14.0956
    endloop
  endfacet
  facet normal 0.866039 0.499976 -0.000218402
    outer loop
      vertex -32.6127 64.8868 14
      vertex -33.3775 66.2116 14.0956
      vertex -32.6187 64.8973 14.245
    endloop
  endfacet
  facet normal 0.866027 0.499997 -0.000607994
    outer loop
      vertex -33.3775 66.2116 14.0956
      vertex -32.6127 64.8868 14
      vertex -33.3752 66.2075 14
    endloop
  endfacet
  facet normal 0.866027 0.499997 0.000607994
    outer loop
      vertex -33.3752 66.2075 14
      vertex -32.6127 64.8868 14
      vertex -33.3775 66.2116 13.9044
    endloop
  endfacet
  facet normal 0.866063 0.499935 -0.000526781
    outer loop
      vertex -33.3775 66.2116 13.9044
      vertex -32.6127 64.8868 14
      vertex -33.3846 66.2238 13.8098
    endloop
  endfacet
  facet normal 0.866028 0.499996 4.31391e-05
    outer loop
      vertex -33.3846 66.2238 13.8098
      vertex -32.6127 64.8868 14
      vertex -33.3962 66.2439 13.717
    endloop
  endfacet
  facet normal 0.866024 0.500002 7.82896e-05
    outer loop
      vertex -33.3962 66.2439 13.717
      vertex -32.6127 64.8868 14
      vertex -33.4123 66.2718 13.6269
    endloop
  endfacet
  facet normal 0.866115 0.499843 -0.000704139
    outer loop
      vertex -33.4123 66.2718 13.6269
      vertex -32.6127 64.8868 14
      vertex -33.4328 66.3072 13.5404
    endloop
  endfacet
  facet normal 0.866024 0.500002 -4.98003e-05
    outer loop
      vertex -33.4328 66.3072 13.5404
      vertex -32.6127 64.8868 14
      vertex -33.4574 66.3498 13.4583
    endloop
  endfacet
  facet normal 0.865963 0.500108 0.00033061
    outer loop
      vertex -33.4574 66.3498 13.4583
      vertex -32.6127 64.8868 14
      vertex -33.4859 66.3992 13.3815
    endloop
  endfacet
  facet normal 0.866018 0.500013 2.23517e-05
    outer loop
      vertex -33.4859 66.3992 13.3815
      vertex -32.6127 64.8868 14
      vertex -33.518 66.4548 13.3106
    endloop
  endfacet
  facet normal 0.866022 0.500006 -0
    outer loop
      vertex -32.6127 64.8868 10.5
      vertex -33.518 66.4548 13.3106
      vertex -32.6127 64.8868 14
    endloop
  endfacet
  facet normal 0.866214 0.499673 0.000247831
    outer loop
      vertex -33.518 66.4548 13.3106
      vertex -32.6127 64.8868 10.5
      vertex -33.5534 66.5162 13.2463
    endloop
  endfacet
  facet normal 0.866029 0.499994 -1.407e-15
    outer loop
      vertex -33.8627 67.0519 13.025
      vertex -32.6127 64.8868 10.5
      vertex -35.1127 69.217 10.5
    endloop
  endfacet
  facet normal -0.168376 0.29164 0.941592
    outer loop
      vertex -34.341 67.8804 16.3097
      vertex -36.3906 66.4304 16.3923
      vertex -34.2255 67.6804 16.3923
    endloop
  endfacet
  facet normal -0.168376 0.29164 0.941592
    outer loop
      vertex -36.3906 66.4304 16.3923
      vertex -34.341 67.8804 16.3097
      vertex -36.5061 66.6304 16.3097
    endloop
  endfacet
  facet normal 0.0733506 -0.127049 0.989181
    outer loop
      vertex -33.7402 66.8397 16.488
      vertex -35.7839 65.3795 16.452
      vertex -33.6188 66.6295 16.452
    endloop
  endfacet
  facet normal 0.073368 -0.127073 0.989176
    outer loop
      vertex -35.7839 65.3795 16.452
      vertex -33.7402 66.8397 16.488
      vertex -35.9052 65.5897 16.488
    endloop
  endfacet
  facet normal 0.470848 -0.81548 0.336592
    outer loop
      vertex -34.8316 63.7301 14.7257
      vertex -32.7078 65.0517 14.9567
      vertex -34.8729 63.8016 14.9567
    endloop
  endfacet
  facet normal 0.470763 -0.8154 0.336905
    outer loop
      vertex -32.7078 65.0517 14.9567
      vertex -34.8316 63.7301 14.7257
      vertex -32.6665 64.9801 14.7257
    endloop
  endfacet
  facet normal -0.499403 0.864966 0.0493002
    outer loop
      vertex -35.1127 69.217 14
      vertex -37.2717 67.9565 14.245
      vertex -35.1067 69.2065 14.245
    endloop
  endfacet
  facet normal -0.499381 0.864967 0.0495036
    outer loop
      vertex -37.2717 67.9565 14.245
      vertex -35.1127 69.217 14
      vertex -37.2778 67.967 14
    endloop
  endfacet
  facet normal 0.401589 -0.695585 0.595724
    outer loop
      vertex -34.9884 64.0017 15.3889
      vertex -32.8964 65.3783 15.586
      vertex -35.0615 64.1283 15.586
    endloop
  endfacet
  facet normal 0.401652 -0.695661 0.595593
    outer loop
      vertex -32.8964 65.3783 15.586
      vertex -34.9884 64.0017 15.3889
      vertex -32.8234 65.2517 15.3889
    endloop
  endfacet
  facet normal -0.256921 0.445008 0.857881
    outer loop
      vertex -34.5572 68.2548 16.0787
      vertex -36.617 66.8225 16.2048
      vertex -34.4519 68.0725 16.2048
    endloop
  endfacet
  facet normal -0.256975 0.445081 0.857827
    outer loop
      vertex -36.617 66.8225 16.2048
      vertex -34.5572 68.2548 16.0787
      vertex -36.7222 67.0048 16.0787
    endloop
  endfacet
  facet normal -0.213758 0.370246 0.904005
    outer loop
      vertex -34.4519 68.0725 16.2048
      vertex -36.5061 66.6304 16.3097
      vertex -34.341 67.8804 16.3097
    endloop
  endfacet
  facet normal -0.213758 0.370246 0.904005
    outer loop
      vertex -36.5061 66.6304 16.3097
      vertex -34.4519 68.0725 16.2048
      vertex -36.617 66.8225 16.2048
    endloop
  endfacet
  facet normal -0.401652 0.695661 0.595593
    outer loop
      vertex -34.902 68.8521 15.3889
      vertex -36.994 67.4755 15.586
      vertex -34.829 68.7255 15.586
    endloop
  endfacet
  facet normal -0.401589 0.695585 0.595724
    outer loop
      vertex -36.994 67.4755 15.586
      vertex -34.902 68.8521 15.3889
      vertex -37.0671 67.6021 15.3889
    endloop
  endfacet
  facet normal 0.370463 -0.641671 0.671577
    outer loop
      vertex -32.9788 65.521 15.7678
      vertex -35.0615 64.1283 15.586
      vertex -32.8964 65.3783 15.586
    endloop
  endfacet
  facet normal 0.370463 -0.641671 0.671577
    outer loop
      vertex -35.0615 64.1283 15.586
      vertex -32.9788 65.521 15.7678
      vertex -35.1439 64.271 15.7678
    endloop
  endfacet
  facet normal -0.121684 0.210757 0.969935
    outer loop
      vertex -34.2255 67.6804 16.3923
      vertex -36.2716 66.2243 16.452
      vertex -34.1066 67.4743 16.452
    endloop
  endfacet
  facet normal -0.121656 0.210717 0.969947
    outer loop
      vertex -36.2716 66.2243 16.452
      vertex -34.2255 67.6804 16.3923
      vertex -36.3906 66.4304 16.3923
    endloop
  endfacet
  facet normal 0.121656 -0.210717 0.969947
    outer loop
      vertex -33.6188 66.6295 16.452
      vertex -35.6649 65.1734 16.3923
      vertex -33.4998 66.4234 16.3923
    endloop
  endfacet
  facet normal 0.121656 -0.210717 0.969947
    outer loop
      vertex -35.6649 65.1734 16.3923
      vertex -33.6188 66.6295 16.452
      vertex -35.7839 65.3795 16.452
    endloop
  endfacet
  facet normal -0.451975 0.782856 0.427615
    outer loop
      vertex -35.0175 69.0522 14.9567
      vertex -37.1302 67.7113 15.1785
      vertex -34.9651 68.9613 15.1785
    endloop
  endfacet
  facet normal -0.451975 0.782856 0.427615
    outer loop
      vertex -37.1302 67.7113 15.1785
      vertex -35.0175 69.0522 14.9567
      vertex -37.1826 67.8022 14.9567
    endloop
  endfacet
  facet normal -0.335742 0.581506 0.741032
    outer loop
      vertex -34.7466 68.5828 15.7678
      vertex -36.8207 67.1754 15.9325
      vertex -34.6557 68.4254 15.9325
    endloop
  endfacet
  facet normal -0.335742 0.581506 0.741032
    outer loop
      vertex -36.8207 67.1754 15.9325
      vertex -34.7466 68.5828 15.7678
      vertex -36.9116 67.3328 15.7678
    endloop
  endfacet
  facet normal -0.0244581 0.0423634 0.998803
    outer loop
      vertex -33.9852 67.2641 16.488
      vertex -36.0278 65.8019 16.5
      vertex -33.8627 67.0519 16.5
    endloop
  endfacet
  facet normal -0.0244581 0.0423634 0.998803
    outer loop
      vertex -36.0278 65.8019 16.5
      vertex -33.9852 67.2641 16.488
      vertex -36.1503 66.0141 16.488
    endloop
  endfacet
  facet normal 0.257044 -0.445221 0.857734
    outer loop
      vertex -33.2734 66.0313 16.2048
      vertex -35.3333 64.5991 16.0787
      vertex -33.1682 65.8491 16.0787
    endloop
  endfacet
  facet normal 0.257044 -0.445221 0.857734
    outer loop
      vertex -35.3333 64.5991 16.0787
      vertex -33.2734 66.0313 16.2048
      vertex -35.4385 64.7813 16.2048
    endloop
  endfacet
  facet normal -0.484999 0.840018 0.243201
    outer loop
      vertex -35.0887 69.1754 14.4877
      vertex -37.2239 67.8737 14.7257
      vertex -35.0589 69.1237 14.7257
    endloop
  endfacet
  facet normal -0.484999 0.840018 0.243201
    outer loop
      vertex -37.2239 67.8737 14.7257
      vertex -35.0887 69.1754 14.4877
      vertex -37.2537 67.9254 14.4877
    endloop
  endfacet
  facet normal 0.451935 -0.782788 0.427782
    outer loop
      vertex -34.8729 63.8016 14.9567
      vertex -32.7603 65.1425 15.1785
      vertex -34.9254 63.8925 15.1785
    endloop
  endfacet
  facet normal 0.452031 -0.782891 0.427494
    outer loop
      vertex -32.7603 65.1425 15.1785
      vertex -34.8729 63.8016 14.9567
      vertex -32.7078 65.0517 14.9567
    endloop
  endfacet
  facet normal -0.494619 0.85668 0.14646
    outer loop
      vertex -35.1067 69.2065 14.245
      vertex -37.2537 67.9254 14.4877
      vertex -35.0887 69.1754 14.4877
    endloop
  endfacet
  facet normal -0.494619 0.85668 0.14646
    outer loop
      vertex -37.2537 67.9254 14.4877
      vertex -35.1067 69.2065 14.245
      vertex -37.2717 67.9565 14.245
    endloop
  endfacet
  facet normal -0.370476 0.641664 0.671577
    outer loop
      vertex -34.829 68.7255 15.586
      vertex -36.9116 67.3328 15.7678
      vertex -34.7466 68.5828 15.7678
    endloop
  endfacet
  facet normal -0.370476 0.641664 0.671577
    outer loop
      vertex -36.9116 67.3328 15.7678
      vertex -34.829 68.7255 15.586
      vertex -36.994 67.4755 15.586
    endloop
  endfacet
  facet normal -0.470787 0.815441 0.336773
    outer loop
      vertex -35.0589 69.1237 14.7257
      vertex -37.1826 67.8022 14.9567
      vertex -35.0175 69.0522 14.9567
    endloop
  endfacet
  facet normal -0.470836 0.815487 0.336592
    outer loop
      vertex -37.1826 67.8022 14.9567
      vertex -35.0589 69.1237 14.7257
      vertex -37.2239 67.8737 14.7257
    endloop
  endfacet
  facet normal 0.494602 -0.85669 0.14646
    outer loop
      vertex -34.7838 63.6473 14.245
      vertex -32.6367 64.9284 14.4877
      vertex -34.8018 63.6784 14.4877
    endloop
  endfacet
  facet normal 0.494602 -0.85669 0.14646
    outer loop
      vertex -32.6367 64.9284 14.4877
      vertex -34.7838 63.6473 14.245
      vertex -32.6187 64.8973 14.245
    endloop
  endfacet
  facet normal -0.428849 0.742801 0.514136
    outer loop
      vertex -34.9651 68.9613 15.1785
      vertex -37.0671 67.6021 15.3889
      vertex -34.902 68.8521 15.3889
    endloop
  endfacet
  facet normal -0.428849 0.742801 0.514136
    outer loop
      vertex -37.0671 67.6021 15.3889
      vertex -34.9651 68.9613 15.1785
      vertex -37.1302 67.7113 15.1785
    endloop
  endfacet
  facet normal 0.213758 -0.370246 0.904005
    outer loop
      vertex -33.3843 66.2234 16.3097
      vertex -35.4385 64.7813 16.2048
      vertex -33.2734 66.0313 16.2048
    endloop
  endfacet
  facet normal 0.213758 -0.370246 0.904005
    outer loop
      vertex -35.4385 64.7813 16.2048
      vertex -33.3843 66.2234 16.3097
      vertex -35.5494 64.9734 16.3097
    endloop
  endfacet
  facet normal -0.0733506 0.127049 0.989181
    outer loop
      vertex -34.1066 67.4743 16.452
      vertex -36.1503 66.0141 16.488
      vertex -33.9852 67.2641 16.488
    endloop
  endfacet
  facet normal -0.073368 0.127073 0.989176
    outer loop
      vertex -36.1503 66.0141 16.488
      vertex -34.1066 67.4743 16.452
      vertex -36.2716 66.2243 16.452
    endloop
  endfacet
  facet normal 0.428909 -0.74287 0.513986
    outer loop
      vertex -34.9254 63.8925 15.1785
      vertex -32.8234 65.2517 15.3889
      vertex -34.9884 64.0017 15.3889
    endloop
  endfacet
  facet normal 0.428849 -0.742801 0.514136
    outer loop
      vertex -32.8234 65.2517 15.3889
      vertex -34.9254 63.8925 15.1785
      vertex -32.7603 65.1425 15.1785
    endloop
  endfacet
  facet normal 0.484982 -0.840027 0.243201
    outer loop
      vertex -34.8018 63.6784 14.4877
      vertex -32.6665 64.9801 14.7257
      vertex -34.8316 63.7301 14.7257
    endloop
  endfacet
  facet normal 0.484982 -0.840027 0.243201
    outer loop
      vertex -32.6665 64.9801 14.7257
      vertex -34.8018 63.6784 14.4877
      vertex -32.6367 64.9284 14.4877
    endloop
  endfacet
  facet normal -0.297987 0.516113 0.803014
    outer loop
      vertex -34.6557 68.4254 15.9325
      vertex -36.7222 67.0048 16.0787
      vertex -34.5572 68.2548 16.0787
    endloop
  endfacet
  facet normal -0.297987 0.516113 0.803014
    outer loop
      vertex -36.7222 67.0048 16.0787
      vertex -34.6557 68.4254 15.9325
      vertex -36.8207 67.1754 15.9325
    endloop
  endfacet
  facet normal 0.024459 -0.0423629 0.998803
    outer loop
      vertex -33.8627 67.0519 16.5
      vertex -35.9052 65.5897 16.488
      vertex -33.7402 66.8397 16.488
    endloop
  endfacet
  facet normal 0.0244531 -0.0423548 0.998803
    outer loop
      vertex -35.9052 65.5897 16.488
      vertex -33.8627 67.0519 16.5
      vertex -36.0278 65.8019 16.5
    endloop
  endfacet
  facet normal 0.499386 -0.864976 0.0493003
    outer loop
      vertex -34.7778 63.6368 14
      vertex -32.6187 64.8973 14.245
      vertex -34.7838 63.6473 14.245
    endloop
  endfacet
  facet normal 0.499386 -0.864976 0.0493003
    outer loop
      vertex -32.6187 64.8973 14.245
      vertex -34.7778 63.6368 14
      vertex -32.6127 64.8868 14
    endloop
  endfacet
  facet normal 0.335731 -0.581512 0.741032
    outer loop
      vertex -33.0697 65.6784 15.9325
      vertex -35.1439 64.271 15.7678
      vertex -32.9788 65.521 15.7678
    endloop
  endfacet
  facet normal 0.335731 -0.581512 0.741032
    outer loop
      vertex -35.1439 64.271 15.7678
      vertex -33.0697 65.6784 15.9325
      vertex -35.2348 64.4284 15.9325
    endloop
  endfacet
  facet normal 0.168376 -0.29164 0.941592
    outer loop
      vertex -33.4998 66.4234 16.3923
      vertex -35.5494 64.9734 16.3097
      vertex -33.3843 66.2234 16.3097
    endloop
  endfacet
  facet normal 0.168376 -0.29164 0.941592
    outer loop
      vertex -35.5494 64.9734 16.3097
      vertex -33.4998 66.4234 16.3923
      vertex -35.6649 65.1734 16.3923
    endloop
  endfacet
  facet normal 0.297892 -0.515973 0.803139
    outer loop
      vertex -33.1682 65.8491 16.0787
      vertex -35.2348 64.4284 15.9325
      vertex -33.0697 65.6784 15.9325
    endloop
  endfacet
  facet normal 0.297892 -0.515973 0.803139
    outer loop
      vertex -35.2348 64.4284 15.9325
      vertex -33.1682 65.8491 16.0787
      vertex -35.3333 64.5991 16.0787
    endloop
  endfacet
  facet normal -0.866022 -0.500007 0
    outer loop
      vertex -41.5141 63.5046 13.3815
      vertex -42.3873 65.017 14
      vertex -42.3873 65.017 10.5
    endloop
  endfacet
  facet normal -0.865963 -0.500108 0.00033061
    outer loop
      vertex -41.5426 63.554 13.4583
      vertex -42.3873 65.017 14
      vertex -41.5141 63.5046 13.3815
    endloop
  endfacet
  facet normal -0.866115 -0.499843 -0.000704139
    outer loop
      vertex -41.5877 63.632 13.6269
      vertex -42.3873 65.017 14
      vertex -41.5672 63.5966 13.5404
    endloop
  endfacet
  facet normal -0.865976 -0.500084 0.000607512
    outer loop
      vertex -41.6154 63.6801 13.8098
      vertex -42.3873 65.017 14
      vertex -41.6038 63.6599 13.717
    endloop
  endfacet
  facet normal -0.866027 -0.499997 0.000607994
    outer loop
      vertex -41.6248 63.6963 14
      vertex -42.3873 65.017 14
      vertex -41.6225 63.6922 13.9044
    endloop
  endfacet
  facet normal -0.866039 -0.499976 -0.000218402
    outer loop
      vertex -42.3873 65.017 14
      vertex -41.6225 63.6922 14.0956
      vertex -42.3813 65.0065 14.245
    endloop
  endfacet
  facet normal -0.865978 -0.500082 0.00103012
    outer loop
      vertex -41.6154 63.6801 14.1902
      vertex -42.3813 65.0065 14.245
      vertex -41.6225 63.6922 14.0956
    endloop
  endfacet
  facet normal -0.866064 -0.499932 -0.000563363
    outer loop
      vertex -41.6038 63.6599 14.283
      vertex -42.3633 64.9754 14.4877
      vertex -41.6154 63.6801 14.1902
    endloop
  endfacet
  facet normal -0.866024 -0.500002 -7.85612e-05
    outer loop
      vertex -41.5877 63.632 14.3731
      vertex -42.3335 64.9237 14.7257
      vertex -41.6038 63.6599 14.283
    endloop
  endfacet
  facet normal -0.865914 -0.500193 0.000513208
    outer loop
      vertex -41.5672 63.5966 14.4596
      vertex -42.2922 64.8522 14.9567
      vertex -41.5877 63.632 14.3731
    endloop
  endfacet
  facet normal -0.865994 -0.500054 4.41454e-05
    outer loop
      vertex -42.2922 64.8522 14.9567
      vertex -41.5672 63.5966 14.4596
      vertex -42.2397 64.7613 15.1785
    endloop
  endfacet
  facet normal -0.866 -0.500043 2.14019e-05
    outer loop
      vertex -41.5426 63.554 14.5417
      vertex -42.2397 64.7613 15.1785
      vertex -41.5672 63.5966 14.4596
    endloop
  endfacet
  facet normal -0.866008 -0.500031 6.02417e-05
    outer loop
      vertex -42.3335 64.9237 14.7257
      vertex -41.5877 63.632 14.3731
      vertex -42.2922 64.8522 14.9567
    endloop
  endfacet
  facet normal -0.866038 -0.499978 -0.000171912
    outer loop
      vertex -42.3633 64.9754 14.4877
      vertex -41.6038 63.6599 14.283
      vertex -42.3335 64.9237 14.7257
    endloop
  endfacet
  facet normal -0.865994 -0.500055 0.000149077
    outer loop
      vertex -42.3813 65.0065 14.245
      vertex -41.6154 63.6801 14.1902
      vertex -42.3633 64.9754 14.4877
    endloop
  endfacet
  facet normal -0.866027 -0.499997 -0.000607994
    outer loop
      vertex -41.6225 63.6922 14.0956
      vertex -42.3873 65.017 14
      vertex -41.6248 63.6963 14
    endloop
  endfacet
  facet normal -0.866079 -0.499906 -0.0010602
    outer loop
      vertex -41.6225 63.6922 13.9044
      vertex -42.3873 65.017 14
      vertex -41.6154 63.6801 13.8098
    endloop
  endfacet
  facet normal -0.866024 -0.500002 7.82896e-05
    outer loop
      vertex -41.6038 63.6599 13.717
      vertex -42.3873 65.017 14
      vertex -41.5877 63.632 13.6269
    endloop
  endfacet
  facet normal -0.866024 -0.500002 -4.98003e-05
    outer loop
      vertex -41.5672 63.5966 13.5404
      vertex -42.3873 65.017 14
      vertex -41.5426 63.554 13.4583
    endloop
  endfacet
  facet normal -0.866027 -0.499998 6.08782e-06
    outer loop
      vertex -42.3873 65.017 10.5
      vertex -41.482 63.449 13.3106
      vertex -41.5141 63.5046 13.3815
    endloop
  endfacet
  facet normal -0.866214 -0.499673 0.000247831
    outer loop
      vertex -42.3873 65.017 10.5
      vertex -41.4466 63.3876 13.2463
      vertex -41.482 63.449 13.3106
    endloop
  endfacet
  facet normal -0.865847 -0.500309 -0.00025519
    outer loop
      vertex -42.3873 65.017 10.5
      vertex -41.4081 63.321 13.1893
      vertex -41.4466 63.3876 13.2463
    endloop
  endfacet
  facet normal -0.866207 -0.499686 0.000268454
    outer loop
      vertex -42.3873 65.017 10.5
      vertex -41.3671 63.2499 13.1401
      vertex -41.4081 63.321 13.1893
    endloop
  endfacet
  facet normal -0.866187 -0.49972 0.000238218
    outer loop
      vertex -42.3873 65.017 10.5
      vertex -41.3239 63.175 13.0992
      vertex -41.3671 63.2499 13.1401
    endloop
  endfacet
  facet normal -0.865781 -0.500423 -0.0004262
    outer loop
      vertex -42.3873 65.017 10.5
      vertex -41.2788 63.097 13.067
      vertex -41.3239 63.175 13.0992
    endloop
  endfacet
  facet normal -0.866099 -0.499873 0.000122091
    outer loop
      vertex -42.3873 65.017 10.5
      vertex -41.2324 63.0166 13.0437
      vertex -41.2788 63.097 13.067
    endloop
  endfacet
  facet normal -0.865965 -0.500104 -0.000119488
    outer loop
      vertex -42.3873 65.017 10.5
      vertex -41.1851 62.9347 13.0297
      vertex -41.2324 63.0166 13.0437
    endloop
  endfacet
  facet normal -0.866045 -0.499965 3.24699e-05
    outer loop
      vertex -42.3873 65.017 10.5
      vertex -41.1373 62.8519 13.025
      vertex -41.1851 62.9347 13.0297
    endloop
  endfacet
  facet normal -0.866029 -0.499994 7.03499e-16
    outer loop
      vertex -39.8873 60.6868 10.5
      vertex -41.1373 62.8519 13.025
      vertex -42.3873 65.017 10.5
    endloop
  endfacet
  facet normal -0.866045 -0.499965 -3.24699e-05
    outer loop
      vertex -41.1373 62.8519 13.025
      vertex -39.8873 60.6868 10.5
      vertex -41.0895 62.7691 13.0297
    endloop
  endfacet
  facet normal -0.865965 -0.500104 0.000119488
    outer loop
      vertex -41.0895 62.7691 13.0297
      vertex -39.8873 60.6868 10.5
      vertex -41.0422 62.6872 13.0437
    endloop
  endfacet
  facet normal -0.866099 -0.499873 -0.000122091
    outer loop
      vertex -41.0422 62.6872 13.0437
      vertex -39.8873 60.6868 10.5
      vertex -40.9958 62.6068 13.067
    endloop
  endfacet
  facet normal -0.865781 -0.500423 0.0004262
    outer loop
      vertex -40.9958 62.6068 13.067
      vertex -39.8873 60.6868 10.5
      vertex -40.9507 62.5288 13.0992
    endloop
  endfacet
  facet normal -0.866187 -0.49972 -0.000238218
    outer loop
      vertex -40.9507 62.5288 13.0992
      vertex -39.8873 60.6868 10.5
      vertex -40.9075 62.4539 13.1401
    endloop
  endfacet
  facet normal -0.866207 -0.499686 -0.000268454
    outer loop
      vertex -40.9075 62.4539 13.1401
      vertex -39.8873 60.6868 10.5
      vertex -40.8665 62.3828 13.1893
    endloop
  endfacet
  facet normal -0.866027 -0.499997 0.000297892
    outer loop
      vertex -39.8873 60.6868 14
      vertex -40.6498 62.0075 14
      vertex -40.6522 62.0116 13.9044
    endloop
  endfacet
  facet normal -0.86582 -0.500355 -4.92615e-05
    outer loop
      vertex -40.6498 62.0075 14
      vertex -40.4428 61.6491 16.0787
      vertex -40.5481 61.8313 16.2048
    endloop
  endfacet
  facet normal -0.866005 -0.500035 -0.000405801
    outer loop
      vertex -39.8873 60.6868 14
      vertex -40.6522 62.0116 13.9044
      vertex -40.6592 62.0238 13.8098
    endloop
  endfacet
  facet normal -0.866118 -0.49984 6.91223e-05
    outer loop
      vertex -40.6498 62.0075 14
      vertex -40.3443 61.4784 15.9325
      vertex -40.4428 61.6491 16.0787
    endloop
  endfacet
  facet normal -0.866028 -0.499996 -4.31391e-05
    outer loop
      vertex -39.8873 60.6868 14
      vertex -40.6592 62.0238 13.8098
      vertex -40.6708 62.0439 13.717
    endloop
  endfacet
  facet normal -0.865975 -0.500087 -2.10011e-05
    outer loop
      vertex -40.6498 62.0075 14
      vertex -40.2534 61.321 15.7678
      vertex -40.3443 61.4784 15.9325
    endloop
  endfacet
  facet normal -0.866024 -0.500002 -7.82896e-05
    outer loop
      vertex -39.8873 60.6868 14
      vertex -40.6708 62.0439 13.717
      vertex -40.6869 62.0718 13.6269
    endloop
  endfacet
  facet normal -0.865995 -0.500052 -3.03156e-06
    outer loop
      vertex -40.6498 62.0075 14
      vertex -40.171 61.1783 15.586
      vertex -40.2534 61.321 15.7678
    endloop
  endfacet
  facet normal -0.866115 -0.499843 0.000704139
    outer loop
      vertex -39.8873 60.6868 14
      vertex -40.6869 62.0718 13.6269
      vertex -40.7074 62.1072 13.5404
    endloop
  endfacet
  facet normal -0.866164 -0.49976 0.000200903
    outer loop
      vertex -40.6498 62.0075 14
      vertex -40.098 61.0517 15.3889
      vertex -40.171 61.1783 15.586
    endloop
  endfacet
  facet normal -0.866024 -0.500002 4.98003e-05
    outer loop
      vertex -39.8873 60.6868 14
      vertex -40.7074 62.1072 13.5404
      vertex -40.732 62.1498 13.4583
    endloop
  endfacet
  facet normal -0.865954 -0.500124 -0.000133587
    outer loop
      vertex -40.6498 62.0075 14
      vertex -40.0349 60.9425 15.1785
      vertex -40.098 61.0517 15.3889
    endloop
  endfacet
  facet normal -0.865963 -0.500108 -0.00033061
    outer loop
      vertex -39.8873 60.6868 14
      vertex -40.732 62.1498 13.4583
      vertex -40.7605 62.1992 13.3815
    endloop
  endfacet
  facet normal -0.866124 -0.499828 0.000223025
    outer loop
      vertex -40.6498 62.0075 14
      vertex -39.9825 60.8516 14.9567
      vertex -40.0349 60.9425 15.1785
    endloop
  endfacet
  facet normal -0.866018 -0.500013 -2.23517e-05
    outer loop
      vertex -39.8873 60.6868 14
      vertex -40.7605 62.1992 13.3815
      vertex -40.7926 62.2548 13.3106
    endloop
  endfacet
  facet normal -0.865913 -0.500195 -0.000367388
    outer loop
      vertex -40.6498 62.0075 14
      vertex -39.9411 60.7801 14.7257
      vertex -39.9825 60.8516 14.9567
    endloop
  endfacet
  facet normal -0.866214 -0.499673 -0.000247831
    outer loop
      vertex -39.8873 60.6868 10.5
      vertex -40.7926 62.2548 13.3106
      vertex -40.828 62.3162 13.2463
    endloop
  endfacet
  facet normal -0.865847 -0.500309 0.00025519
    outer loop
      vertex -40.8665 62.3828 13.1893
      vertex -39.8873 60.6868 10.5
      vertex -40.828 62.3162 13.2463
    endloop
  endfacet
  facet normal -0.866027 -0.499997 0.000219604
    outer loop
      vertex -40.6498 62.0075 14
      vertex -39.8873 60.6868 14
      vertex -39.8933 60.6973 14.245
    endloop
  endfacet
  facet normal -0.86605 -0.499958 0.000166227
    outer loop
      vertex -40.6498 62.0075 14
      vertex -39.9113 60.7284 14.4877
      vertex -39.9411 60.7801 14.7257
    endloop
  endfacet
  facet normal -0.866022 -0.500006 0
    outer loop
      vertex -40.7926 62.2548 13.3106
      vertex -39.8873 60.6868 10.5
      vertex -39.8873 60.6868 14
    endloop
  endfacet
  facet normal -0.865997 -0.500049 -0.000150138
    outer loop
      vertex -40.6498 62.0075 14
      vertex -39.8933 60.6973 14.245
      vertex -39.9113 60.7284 14.4877
    endloop
  endfacet
  facet normal -0.866051 -0.499956 -0.000200091
    outer loop
      vertex -41.5141 63.5046 14.6185
      vertex -42.2397 64.7613 15.1785
      vertex -41.5426 63.554 14.5417
    endloop
  endfacet
  facet normal -0.86598 -0.500078 0.000165582
    outer loop
      vertex -42.2397 64.7613 15.1785
      vertex -41.5141 63.5046 14.6185
      vertex -42.1766 64.6521 15.3889
    endloop
  endfacet
  facet normal -0.866029 -0.499994 -1.74333e-06
    outer loop
      vertex -41.482 63.449 14.6894
      vertex -42.1766 64.6521 15.3889
      vertex -41.5141 63.5046 14.6185
    endloop
  endfacet
  facet normal -0.866102 -0.499867 -0.000292683
    outer loop
      vertex -42.1766 64.6521 15.3889
      vertex -41.482 63.449 14.6894
      vertex -42.1036 64.5255 15.586
    endloop
  endfacet
  facet normal -0.866143 -0.499797 -0.000405226
    outer loop
      vertex -41.4466 63.3876 14.7537
      vertex -42.1036 64.5255 15.586
      vertex -41.482 63.449 14.6894
    endloop
  endfacet
  facet normal -0.866007 -0.500032 2.40942e-05
    outer loop
      vertex -42.1036 64.5255 15.586
      vertex -41.4466 63.3876 14.7537
      vertex -42.0212 64.3828 15.7678
    endloop
  endfacet
  facet normal -0.865873 -0.500263 0.000326378
    outer loop
      vertex -41.4081 63.321 14.8107
      vertex -42.0212 64.3828 15.7678
      vertex -41.4466 63.3876 14.7537
    endloop
  endfacet
  facet normal -0.865985 -0.500071 4.17129e-05
    outer loop
      vertex -42.0212 64.3828 15.7678
      vertex -41.4081 63.321 14.8107
      vertex -41.9303 64.2254 15.9325
    endloop
  endfacet
  facet normal -0.866187 -0.49972 -0.000334745
    outer loop
      vertex -41.3671 63.2499 14.8599
      vertex -41.9303 64.2254 15.9325
      vertex -41.4081 63.321 14.8107
    endloop
  endfacet
  facet normal -0.866093 -0.499884 -0.000136916
    outer loop
      vertex -41.9303 64.2254 15.9325
      vertex -41.3671 63.2499 14.8599
      vertex -41.8318 64.0547 16.0787
    endloop
  endfacet
  facet normal -0.86618 -0.499733 -0.000269678
    outer loop
      vertex -41.3239 63.175 14.9008
      vertex -41.8318 64.0547 16.0787
      vertex -41.3671 63.2499 14.8599
    endloop
  endfacet
  facet normal -0.866015 -0.500017 1.34607e-05
    outer loop
      vertex -41.8318 64.0547 16.0787
      vertex -41.3239 63.175 14.9008
      vertex -41.7266 63.8725 16.2048
    endloop
  endfacet
  facet normal -0.866039 -0.499976 -1.58402e-05
    outer loop
      vertex -41.7266 63.8725 16.2048
      vertex -41.3239 63.175 14.9008
      vertex -41.6157 63.6804 16.3097
    endloop
  endfacet
  facet normal -0.865745 -0.500485 0.000227401
    outer loop
      vertex -41.2788 63.097 14.933
      vertex -41.6157 63.6804 16.3097
      vertex -41.3239 63.175 14.9008
    endloop
  endfacet
  facet normal -0.865971 -0.500095 7.22693e-06
    outer loop
      vertex -41.6157 63.6804 16.3097
      vertex -41.2788 63.097 14.933
      vertex -41.5002 63.4804 16.3923
    endloop
  endfacet
  facet normal -0.866105 -0.499863 -7.40841e-05
    outer loop
      vertex -41.2324 63.0166 14.9563
      vertex -41.5002 63.4804 16.3923
      vertex -41.2788 63.097 14.933
    endloop
  endfacet
  facet normal -0.86601 -0.500026 -3.69257e-06
    outer loop
      vertex -41.5002 63.4804 16.3923
      vertex -41.2324 63.0166 14.9563
      vertex -41.3812 63.2743 16.452
    endloop
  endfacet
  facet normal -0.865958 -0.500117 1.70986e-05
    outer loop
      vertex -41.1851 62.9347 14.9703
      vertex -41.3812 63.2743 16.452
      vertex -41.2324 63.0166 14.9563
    endloop
  endfacet
  facet normal -0.865954 -0.500124 1.9316e-05
    outer loop
      vertex -41.3812 63.2743 16.452
      vertex -41.1851 62.9347 14.9703
      vertex -41.2598 63.0641 16.488
    endloop
  endfacet
  facet normal -0.866046 -0.499964 1.09736e-06
    outer loop
      vertex -41.1373 62.8519 14.975
      vertex -41.2598 63.0641 16.488
      vertex -41.1851 62.9347 14.9703
    endloop
  endfacet
  facet normal -0.86605 -0.499958 0
    outer loop
      vertex -41.1373 62.8519 14.975
      vertex -41.1373 62.8519 16.5
      vertex -41.2598 63.0641 16.488
    endloop
  endfacet
  facet normal -0.866046 -0.499964 -1.09736e-06
    outer loop
      vertex -41.0148 62.6397 16.488
      vertex -41.1373 62.8519 14.975
      vertex -41.0895 62.7691 14.9703
    endloop
  endfacet
  facet normal -0.865958 -0.500117 -1.70986e-05
    outer loop
      vertex -40.8934 62.4295 16.452
      vertex -41.0895 62.7691 14.9703
      vertex -41.0422 62.6872 14.9563
    endloop
  endfacet
  facet normal -0.86605 -0.499958 0
    outer loop
      vertex -41.1373 62.8519 14.975
      vertex -41.0148 62.6397 16.488
      vertex -41.1373 62.8519 16.5
    endloop
  endfacet
  facet normal -0.866111 -0.499851 1.89328e-05
    outer loop
      vertex -40.7745 62.2234 16.3923
      vertex -41.0422 62.6872 14.9563
      vertex -40.9958 62.6068 14.933
    endloop
  endfacet
  facet normal -0.865755 -0.500468 -0.000280927
    outer loop
      vertex -40.659 62.0234 16.3097
      vertex -40.9958 62.6068 14.933
      vertex -40.9507 62.5288 14.9008
    endloop
  endfacet
  facet normal -0.866206 -0.499686 0.000156085
    outer loop
      vertex -40.5481 61.8313 16.2048
      vertex -40.9507 62.5288 14.9008
      vertex -40.9075 62.4539 14.8599
    endloop
  endfacet
  facet normal -0.865954 -0.500124 -1.9316e-05
    outer loop
      vertex -41.0895 62.7691 14.9703
      vertex -40.8934 62.4295 16.452
      vertex -41.0148 62.6397 16.488
    endloop
  endfacet
  facet normal -0.866232 -0.499642 0.000183463
    outer loop
      vertex -40.5481 61.8313 16.2048
      vertex -40.9075 62.4539 14.8599
      vertex -40.8665 62.3828 14.8107
    endloop
  endfacet
  facet normal -0.865823 -0.50035 -0.000190257
    outer loop
      vertex -40.5481 61.8313 16.2048
      vertex -40.8665 62.3828 14.8107
      vertex -40.828 62.3162 14.7537
    endloop
  endfacet
  facet normal -0.86626 -0.499594 0.000146926
    outer loop
      vertex -40.5481 61.8313 16.2048
      vertex -40.828 62.3162 14.7537
      vertex -40.7926 62.2548 14.6894
    endloop
  endfacet
  facet normal -0.866183 -0.499726 7.26618e-05
    outer loop
      vertex -41.0422 62.6872 14.9563
      vertex -40.7745 62.2234 16.3923
      vertex -40.8934 62.4295 16.452
    endloop
  endfacet
  facet normal -0.866031 -0.499991 -1.1367e-06
    outer loop
      vertex -40.5481 61.8313 16.2048
      vertex -40.7926 62.2548 14.6894
      vertex -40.7605 62.1992 14.6185
    endloop
  endfacet
  facet normal -0.866145 -0.499793 6.01975e-05
    outer loop
      vertex -40.5481 61.8313 16.2048
      vertex -40.7605 62.1992 14.6185
      vertex -40.732 62.1498 14.5417
    endloop
  endfacet
  facet normal -0.86599 -0.500062 -8.57089e-06
    outer loop
      vertex -40.5481 61.8313 16.2048
      vertex -40.732 62.1498 14.5417
      vertex -40.7074 62.1072 14.4596
    endloop
  endfacet
  facet normal -0.86555 -0.500823 -0.000169077
    outer loop
      vertex -40.5481 61.8313 16.2048
      vertex -40.7074 62.1072 14.4596
      vertex -40.6869 62.0718 14.3731
    endloop
  endfacet
  facet normal -0.866126 -0.499826 5.59379e-06
    outer loop
      vertex -40.5481 61.8313 16.2048
      vertex -40.6869 62.0718 14.3731
      vertex -40.6708 62.0439 14.283
    endloop
  endfacet
  facet normal -0.866111 -0.499852 1.63256e-06
    outer loop
      vertex -40.5481 61.8313 16.2048
      vertex -40.6708 62.0439 14.283
      vertex -40.6592 62.0238 14.1902
    endloop
  endfacet
  facet normal -0.86598 -0.500078 -6.07604e-05
    outer loop
      vertex -40.9958 62.6068 14.933
      vertex -40.659 62.0234 16.3097
      vertex -40.7745 62.2234 16.3923
    endloop
  endfacet
  facet normal -0.866829 -0.498605 0.000160447
    outer loop
      vertex -40.5481 61.8313 16.2048
      vertex -40.6592 62.0238 14.1902
      vertex -40.6522 62.0116 14.0956
    endloop
  endfacet
  facet normal -0.865015 -0.501745 -0.000197503
    outer loop
      vertex -40.5481 61.8313 16.2048
      vertex -40.6522 62.0116 14.0956
      vertex -40.6498 62.0075 14
    endloop
  endfacet
  facet normal -0.866051 -0.499955 -3.55608e-05
    outer loop
      vertex -40.9507 62.5288 14.9008
      vertex -40.5481 61.8313 16.2048
      vertex -40.659 62.0234 16.3097
    endloop
  endfacet
  facet normal 0.866027 0.499997 0.000607994
    outer loop
      vertex -40.2222 66.267 14
      vertex -39.4574 64.9422 14.0956
      vertex -39.4597 64.9463 14
    endloop
  endfacet
  facet normal 0.866039 0.499976 1.58402e-05
    outer loop
      vertex -39.1588 64.425 14.9008
      vertex -39.5615 65.1225 16.2048
      vertex -39.4506 64.9304 16.3097
    endloop
  endfacet
  facet normal 0.86584 0.500322 -7.38269e-05
    outer loop
      vertex -39.6667 65.3047 16.0787
      vertex -39.4504 64.9301 14.1902
      vertex -39.4574 64.9422 14.0956
    endloop
  endfacet
  facet normal 0.86662 0.498968 0.000284077
    outer loop
      vertex -39.6667 65.3047 16.0787
      vertex -39.4388 64.9099 14.283
      vertex -39.4504 64.9301 14.1902
    endloop
  endfacet
  facet normal 0.865317 0.501224 -0.00037725
    outer loop
      vertex -39.6667 65.3047 16.0787
      vertex -39.4226 64.882 14.3731
      vertex -39.4388 64.9099 14.283
    endloop
  endfacet
  facet normal 0.866259 0.499595 0.000161382
    outer loop
      vertex -39.6667 65.3047 16.0787
      vertex -39.4022 64.8466 14.4596
      vertex -39.4226 64.882 14.3731
    endloop
  endfacet
  facet normal 0.865993 0.500056 -1.2675e-05
    outer loop
      vertex -39.6667 65.3047 16.0787
      vertex -39.3776 64.804 14.5417
      vertex -39.4022 64.8466 14.4596
    endloop
  endfacet
  facet normal 0.866127 0.499825 8.77625e-05
    outer loop
      vertex -39.6667 65.3047 16.0787
      vertex -39.3491 64.7546 14.6185
      vertex -39.3776 64.804 14.5417
    endloop
  endfacet
  facet normal 0.86598 0.500078 -6.07604e-05
    outer loop
      vertex -39.1138 64.347 14.933
      vertex -39.4506 64.9304 16.3097
      vertex -39.3351 64.7304 16.3923
    endloop
  endfacet
  facet normal 0.866029 0.499995 2.52194e-06
    outer loop
      vertex -39.6667 65.3047 16.0787
      vertex -39.317 64.699 14.6894
      vertex -39.3491 64.7546 14.6185
    endloop
  endfacet
  facet normal 0.865813 0.500368 -0.000214416
    outer loop
      vertex -39.6667 65.3047 16.0787
      vertex -39.2815 64.6376 14.7537
      vertex -39.317 64.699 14.6894
    endloop
  endfacet
  facet normal 0.86622 0.499663 0.000258488
    outer loop
      vertex -39.6667 65.3047 16.0787
      vertex -39.2431 64.571 14.8107
      vertex -39.2815 64.6376 14.7537
    endloop
  endfacet
  facet normal 0.86601 0.500026 3.69257e-06
    outer loop
      vertex -39.0673 64.2666 14.9563
      vertex -39.3351 64.7304 16.3923
      vertex -39.2161 64.5243 16.452
    endloop
  endfacet
  facet normal 0.865836 0.500328 -0.000254499
    outer loop
      vertex -39.6667 65.3047 16.0787
      vertex -39.202 64.4999 14.8599
      vertex -39.2431 64.571 14.8107
    endloop
  endfacet
  facet normal 0.86618 0.499733 0.000269678
    outer loop
      vertex -39.6667 65.3047 16.0787
      vertex -39.1588 64.425 14.9008
      vertex -39.202 64.4999 14.8599
    endloop
  endfacet
  facet normal 0.866164 0.499759 0.000119454
    outer loop
      vertex -39.4506 64.9304 16.3097
      vertex -39.1138 64.347 14.933
      vertex -39.1588 64.425 14.9008
    endloop
  endfacet
  facet normal 0.866125 0.499827 7.1553e-05
    outer loop
      vertex -39.02 64.1847 14.9703
      vertex -39.2161 64.5243 16.452
      vertex -39.0948 64.3141 16.488
    endloop
  endfacet
  facet normal 0.865678 0.500601 -0.000243946
    outer loop
      vertex -39.3351 64.7304 16.3923
      vertex -39.0673 64.2666 14.9563
      vertex -39.1138 64.347 14.933
    endloop
  endfacet
  facet normal 0.865958 0.500117 -1.70986e-05
    outer loop
      vertex -39.2161 64.5243 16.452
      vertex -39.02 64.1847 14.9703
      vertex -39.0673 64.2666 14.9563
    endloop
  endfacet
  facet normal 0.865873 0.500264 -0
    outer loop
      vertex -38.9722 64.1019 14.975
      vertex -39.0948 64.3141 16.488
      vertex -38.9722 64.1019 16.5
    endloop
  endfacet
  facet normal 0.866045 0.499966 5.56908e-05
    outer loop
      vertex -39.0948 64.3141 16.488
      vertex -38.9722 64.1019 14.975
      vertex -39.02 64.1847 14.9703
    endloop
  endfacet
  facet normal 0.86605 0.499958 0
    outer loop
      vertex -38.8497 63.8897 16.488
      vertex -38.9722 64.1019 14.975
      vertex -38.9722 64.1019 16.5
    endloop
  endfacet
  facet normal 0.866495 0.499185 -0.000144515
    outer loop
      vertex -38.9722 64.1019 14.975
      vertex -38.8497 63.8897 16.488
      vertex -38.9245 64.0191 14.9703
    endloop
  endfacet
  facet normal 0.866125 0.499827 -7.1553e-05
    outer loop
      vertex -38.7284 63.6795 16.452
      vertex -38.9245 64.0191 14.9703
      vertex -38.8497 63.8897 16.488
    endloop
  endfacet
  facet normal 0.865517 0.500879 0.000250172
    outer loop
      vertex -38.9245 64.0191 14.9703
      vertex -38.7284 63.6795 16.452
      vertex -38.8771 63.9372 14.9563
    endloop
  endfacet
  facet normal 0.866017 0.500014 5.14555e-05
    outer loop
      vertex -38.6094 63.4734 16.3923
      vertex -38.8771 63.9372 14.9563
      vertex -38.7284 63.6795 16.452
    endloop
  endfacet
  facet normal 0.866111 0.499851 -1.89328e-05
    outer loop
      vertex -38.8771 63.9372 14.9563
      vertex -38.6094 63.4734 16.3923
      vertex -38.8307 63.8568 14.933
    endloop
  endfacet
  facet normal 0.86598 0.500078 6.07604e-05
    outer loop
      vertex -38.4939 63.2734 16.3097
      vertex -38.8307 63.8568 14.933
      vertex -38.6094 63.4734 16.3923
    endloop
  endfacet
  facet normal 0.866164 0.499759 -0.000119454
    outer loop
      vertex -38.8307 63.8568 14.933
      vertex -38.4939 63.2734 16.3097
      vertex -38.7857 63.7788 14.9008
    endloop
  endfacet
  facet normal 0.866039 0.499976 -1.58402e-05
    outer loop
      vertex -38.383 63.0813 16.2048
      vertex -38.7857 63.7788 14.9008
      vertex -38.4939 63.2734 16.3097
    endloop
  endfacet
  facet normal 0.866015 0.500017 1.34607e-05
    outer loop
      vertex -38.2778 62.8991 16.0787
      vertex -38.7857 63.7788 14.9008
      vertex -38.383 63.0813 16.2048
    endloop
  endfacet
  facet normal 0.865824 0.500349 0.000343668
    outer loop
      vertex -38.7857 63.7788 14.9008
      vertex -38.2778 62.8991 16.0787
      vertex -38.7424 63.7039 14.8599
    endloop
  endfacet
  facet normal 0.866109 0.499854 -9.15274e-05
    outer loop
      vertex -38.1793 62.7284 15.9325
      vertex -38.7424 63.7039 14.8599
      vertex -38.2778 62.8991 16.0787
    endloop
  endfacet
  facet normal 0.866202 0.499695 -0.000285187
    outer loop
      vertex -38.7424 63.7039 14.8599
      vertex -38.1793 62.7284 15.9325
      vertex -38.7014 63.6328 14.8107
    endloop
  endfacet
  facet normal 0.866004 0.500038 8.35873e-05
    outer loop
      vertex -38.0884 62.571 15.7678
      vertex -38.7014 63.6328 14.8107
      vertex -38.1793 62.7284 15.9325
    endloop
  endfacet
  facet normal 0.866179 0.499733 -0.0003672
    outer loop
      vertex -38.7014 63.6328 14.8107
      vertex -38.0884 62.571 15.7678
      vertex -38.663 63.5662 14.7537
    endloop
  endfacet
  facet normal 0.866007 0.500032 2.40942e-05
    outer loop
      vertex -38.006 62.4283 15.586
      vertex -38.663 63.5662 14.7537
      vertex -38.0884 62.571 15.7678
    endloop
  endfacet
  facet normal 0.865892 0.500232 0.000387759
    outer loop
      vertex -38.663 63.5662 14.7537
      vertex -38.006 62.4283 15.586
      vertex -38.6275 63.5048 14.6894
    endloop
  endfacet
  facet normal 0.866022 0.500006 2.72553e-05
    outer loop
      vertex -37.9329 62.3017 15.3889
      vertex -38.6275 63.5048 14.6894
      vertex -38.006 62.4283 15.586
    endloop
  endfacet
  facet normal 0.866029 0.499994 -1.74333e-06
    outer loop
      vertex -38.6275 63.5048 14.6894
      vertex -37.9329 62.3017 15.3889
      vertex -38.5954 63.4492 14.6185
    endloop
  endfacet
  facet normal 0.86598 0.500078 0.000165582
    outer loop
      vertex -37.8698 62.1925 15.1785
      vertex -38.5954 63.4492 14.6185
      vertex -37.9329 62.3017 15.3889
    endloop
  endfacet
  facet normal 0.866051 0.499956 -0.000200091
    outer loop
      vertex -38.5954 63.4492 14.6185
      vertex -37.8698 62.1925 15.1785
      vertex -38.5669 63.3998 14.5417
    endloop
  endfacet
  facet normal 0.866039 0.499976 0.000218402
    outer loop
      vertex -39.4574 64.9422 14.0956
      vertex -40.2222 66.267 14
      vertex -40.2162 66.2565 14.245
    endloop
  endfacet
  facet normal 0.866021 0.500008 -0.000157134
    outer loop
      vertex -39.4574 64.9422 14.0956
      vertex -40.2162 66.2565 14.245
      vertex -40.1982 66.2254 14.4877
    endloop
  endfacet
  facet normal 0.866063 0.499935 0.000159558
    outer loop
      vertex -39.4574 64.9422 14.0956
      vertex -40.1982 66.2254 14.4877
      vertex -40.1684 66.1737 14.7257
    endloop
  endfacet
  facet normal 0.866013 0.500021 -6.42555e-05
    outer loop
      vertex -39.4574 64.9422 14.0956
      vertex -40.1684 66.1737 14.7257
      vertex -40.1271 66.1022 14.9567
    endloop
  endfacet
  facet normal 0.866014 0.50002 -6.26357e-05
    outer loop
      vertex -39.4574 64.9422 14.0956
      vertex -40.1271 66.1022 14.9567
      vertex -40.0746 66.0113 15.1785
    endloop
  endfacet
  facet normal 0.866091 0.499886 0.000113412
    outer loop
      vertex -39.4574 64.9422 14.0956
      vertex -40.0746 66.0113 15.1785
      vertex -40.0116 65.9021 15.3889
    endloop
  endfacet
  facet normal 0.866015 0.500018 -1.7103e-05
    outer loop
      vertex -39.4574 64.9422 14.0956
      vertex -40.0116 65.9021 15.3889
      vertex -39.9385 65.7755 15.586
    endloop
  endfacet
  facet normal 0.866008 0.50003 -2.60392e-05
    outer loop
      vertex -39.4574 64.9422 14.0956
      vertex -39.9385 65.7755 15.586
      vertex -39.8561 65.6328 15.7678
    endloop
  endfacet
  facet normal 0.865987 0.500067 -4.63151e-05
    outer loop
      vertex -39.4574 64.9422 14.0956
      vertex -39.8561 65.6328 15.7678
      vertex -39.7652 65.4754 15.9325
    endloop
  endfacet
  facet normal 0.866126 0.499826 4.70325e-05
    outer loop
      vertex -39.4574 64.9422 14.0956
      vertex -39.7652 65.4754 15.9325
      vertex -39.6667 65.3047 16.0787
    endloop
  endfacet
  facet normal 0.866015 0.500017 -1.34607e-05
    outer loop
      vertex -39.1588 64.425 14.9008
      vertex -39.6667 65.3047 16.0787
      vertex -39.5615 65.1225 16.2048
    endloop
  endfacet
  facet normal 0.866027 0.499997 -0.000607994
    outer loop
      vertex -40.2222 66.267 14
      vertex -39.4597 64.9463 14
      vertex -39.4574 64.9422 13.9044
    endloop
  endfacet
  facet normal 0.86605 0.499957 0.000136147
    outer loop
      vertex -40.2222 66.267 14
      vertex -39.4574 64.9422 13.9044
      vertex -39.4504 64.9301 13.8098
    endloop
  endfacet
  facet normal 0.866005 0.500034 -0.000592981
    outer loop
      vertex -40.2222 66.267 14
      vertex -39.4504 64.9301 13.8098
      vertex -39.4388 64.9099 13.717
    endloop
  endfacet
  facet normal 0.866146 0.49979 0.000970504
    outer loop
      vertex -40.2222 66.267 14
      vertex -39.4388 64.9099 13.717
      vertex -39.4226 64.882 13.6269
    endloop
  endfacet
  facet normal 0.865984 0.500071 -0.000421152
    outer loop
      vertex -40.2222 66.267 14
      vertex -39.4226 64.882 13.6269
      vertex -39.4022 64.8466 13.5404
    endloop
  endfacet
  facet normal 0.866056 0.499947 8.78231e-05
    outer loop
      vertex -40.2222 66.267 14
      vertex -39.4022 64.8466 13.5404
      vertex -39.3776 64.804 13.4583
    endloop
  endfacet
  facet normal 0.865997 0.50005 -0.000280645
    outer loop
      vertex -40.2222 66.267 14
      vertex -39.3776 64.804 13.4583
      vertex -39.3491 64.7546 13.3815
    endloop
  endfacet
  facet normal 0.866046 0.499964 0
    outer loop
      vertex -40.2222 66.267 14
      vertex -39.3491 64.7546 13.3815
      vertex -40.2222 66.267 10.5
    endloop
  endfacet
  facet normal 0.866037 0.499981 1.19167e-05
    outer loop
      vertex -39.317 64.699 13.3106
      vertex -40.2222 66.267 10.5
      vertex -39.3491 64.7546 13.3815
    endloop
  endfacet
  facet normal 0.865837 0.500325 0.000268309
    outer loop
      vertex -39.2815 64.6376 13.2463
      vertex -40.2222 66.267 10.5
      vertex -39.317 64.699 13.3106
    endloop
  endfacet
  facet normal 0.86622 0.499662 -0.000256493
    outer loop
      vertex -39.2431 64.571 13.1893
      vertex -40.2222 66.267 10.5
      vertex -39.2815 64.6376 13.2463
    endloop
  endfacet
  facet normal 0.865846 0.50031 0.000288739
    outer loop
      vertex -39.202 64.4999 13.1401
      vertex -40.2222 66.267 10.5
      vertex -39.2431 64.571 13.1893
    endloop
  endfacet
  facet normal 0.866187 0.49972 -0.000238218
    outer loop
      vertex -39.1588 64.425 13.0992
      vertex -40.2222 66.267 10.5
      vertex -39.202 64.4999 13.1401
    endloop
  endfacet
  facet normal 0.866153 0.499779 -0.000182452
    outer loop
      vertex -39.1138 64.347 13.067
      vertex -40.2222 66.267 10.5
      vertex -39.1588 64.425 13.0992
    endloop
  endfacet
  facet normal 0.865718 0.500531 0.000567578
    outer loop
      vertex -39.0673 64.2666 13.0437
      vertex -40.2222 66.267 10.5
      vertex -39.1138 64.347 13.067
    endloop
  endfacet
  facet normal 0.865965 0.500104 0.000119488
    outer loop
      vertex -39.02 64.1847 13.0297
      vertex -40.2222 66.267 10.5
      vertex -39.0673 64.2666 13.0437
    endloop
  endfacet
  facet normal 0.866045 0.499965 -3.24699e-05
    outer loop
      vertex -38.9722 64.1019 13.025
      vertex -40.2222 66.267 10.5
      vertex -39.02 64.1847 13.0297
    endloop
  endfacet
  facet normal 0.866477 0.499216 0.00088815
    outer loop
      vertex -37.7222 61.9368 10.5
      vertex -38.9722 64.1019 13.025
      vertex -38.9245 64.0191 13.0297
    endloop
  endfacet
  facet normal 0.865561 0.500802 -0.000852067
    outer loop
      vertex -37.7222 61.9368 10.5
      vertex -38.9245 64.0191 13.0297
      vertex -38.8771 63.9372 13.0437
    endloop
  endfacet
  facet normal 0.866099 0.499873 0.000122091
    outer loop
      vertex -37.7222 61.9368 10.5
      vertex -38.8771 63.9372 13.0437
      vertex -38.8307 63.8568 13.067
    endloop
  endfacet
  facet normal 0.866148 0.499787 0.000208233
    outer loop
      vertex -37.7222 61.9368 10.5
      vertex -38.8307 63.8568 13.067
      vertex -38.7857 63.7788 13.0992
    endloop
  endfacet
  facet normal 0.86582 0.500355 -0.000328509
    outer loop
      vertex -37.7222 61.9368 10.5
      vertex -38.7857 63.7788 13.0992
      vertex -38.7424 63.7039 13.1401
    endloop
  endfacet
  facet normal 0.866207 0.499686 0.000268454
    outer loop
      vertex -37.7222 61.9368 10.5
      vertex -38.7424 63.7039 13.1401
      vertex -38.7014 63.6328 13.1893
    endloop
  endfacet
  facet normal 0.866213 0.499675 0.00027741
    outer loop
      vertex -37.7222 61.9368 10.5
      vertex -38.7014 63.6328 13.1893
      vertex -38.663 63.5662 13.2463
    endloop
  endfacet
  facet normal 0.866 0.500043 2.14019e-05
    outer loop
      vertex -38.5669 63.3998 14.5417
      vertex -37.8698 62.1925 15.1785
      vertex -38.5423 63.3572 14.4596
    endloop
  endfacet
  facet normal 0.866077 0.49991 -0.000267493
    outer loop
      vertex -37.8174 62.1016 14.9567
      vertex -38.5423 63.3572 14.4596
      vertex -37.8698 62.1925 15.1785
    endloop
  endfacet
  facet normal 0.866087 0.499893 -0.000324045
    outer loop
      vertex -38.5423 63.3572 14.4596
      vertex -37.8174 62.1016 14.9567
      vertex -38.5219 63.3218 14.3731
    endloop
  endfacet
  facet normal 0.866008 0.500031 6.02417e-05
    outer loop
      vertex -37.7761 62.0301 14.7257
      vertex -38.5219 63.3218 14.3731
      vertex -37.8174 62.1016 14.9567
    endloop
  endfacet
  facet normal 0.865919 0.500184 0.000807608
    outer loop
      vertex -38.5219 63.3218 14.3731
      vertex -37.7761 62.0301 14.7257
      vertex -38.5057 63.2939 14.283
    endloop
  endfacet
  facet normal 0.866066 0.49993 -0.000158083
    outer loop
      vertex -37.7463 61.9784 14.4877
      vertex -38.5057 63.2939 14.283
      vertex -37.7761 62.0301 14.7257
    endloop
  endfacet
  facet normal 0.866057 0.499945 -2.84127e-05
    outer loop
      vertex -38.5057 63.2939 14.283
      vertex -37.7463 61.9784 14.4877
      vertex -38.4941 63.2738 14.1902
    endloop
  endfacet
  facet normal 0.866038 0.499978 0.000162212
    outer loop
      vertex -37.7283 61.9473 14.245
      vertex -38.4941 63.2738 14.1902
      vertex -37.7463 61.9784 14.4877
    endloop
  endfacet
  facet normal 0.866048 0.499961 -0.000393086
    outer loop
      vertex -38.4941 63.2738 14.1902
      vertex -37.7283 61.9473 14.245
      vertex -38.4871 63.2616 14.0956
    endloop
  endfacet
  facet normal 0.866022 0.500006 0.000133367
    outer loop
      vertex -37.7222 61.9368 14
      vertex -38.4871 63.2616 14.0956
      vertex -37.7283 61.9473 14.245
    endloop
  endfacet
  facet normal 0.866027 0.499997 0.000297892
    outer loop
      vertex -38.4871 63.2616 14.0956
      vertex -37.7222 61.9368 14
      vertex -38.4847 63.2575 14
    endloop
  endfacet
  facet normal 0.866027 0.499997 -0.000297892
    outer loop
      vertex -38.4847 63.2575 14
      vertex -37.7222 61.9368 14
      vertex -38.4871 63.2616 13.9044
    endloop
  endfacet
  facet normal 0.866005 0.500035 0.000405801
    outer loop
      vertex -38.4871 63.2616 13.9044
      vertex -37.7222 61.9368 14
      vertex -38.4941 63.2738 13.8098
    endloop
  endfacet
  facet normal 0.866028 0.499996 4.31391e-05
    outer loop
      vertex -38.4941 63.2738 13.8098
      vertex -37.7222 61.9368 14
      vertex -38.5057 63.2939 13.717
    endloop
  endfacet
  facet normal 0.866117 0.499841 -0.000949344
    outer loop
      vertex -38.5057 63.2939 13.717
      vertex -37.7222 61.9368 14
      vertex -38.5219 63.3218 13.6269
    endloop
  endfacet
  facet normal 0.865954 0.500124 0.000449896
    outer loop
      vertex -38.5219 63.3218 13.6269
      vertex -37.7222 61.9368 14
      vertex -38.5423 63.3572 13.5404
    endloop
  endfacet
  facet normal 0.866024 0.500002 -4.98003e-05
    outer loop
      vertex -38.5423 63.3572 13.5404
      vertex -37.7222 61.9368 14
      vertex -38.5669 63.3998 13.4583
    endloop
  endfacet
  facet normal 0.865963 0.500108 0.00033061
    outer loop
      vertex -38.5669 63.3998 13.4583
      vertex -37.7222 61.9368 14
      vertex -38.5954 63.4492 13.3815
    endloop
  endfacet
  facet normal 0.866018 0.500013 2.23517e-05
    outer loop
      vertex -38.5954 63.4492 13.3815
      vertex -37.7222 61.9368 14
      vertex -38.6275 63.5048 13.3106
    endloop
  endfacet
  facet normal 0.866022 0.500006 -0
    outer loop
      vertex -37.7222 61.9368 10.5
      vertex -38.6275 63.5048 13.3106
      vertex -37.7222 61.9368 14
    endloop
  endfacet
  facet normal 0.865829 0.500341 -0.000248861
    outer loop
      vertex -38.6275 63.5048 13.3106
      vertex -37.7222 61.9368 10.5
      vertex -38.663 63.5662 13.2463
    endloop
  endfacet
  facet normal 0.866029 0.499994 -7.03499e-16
    outer loop
      vertex -38.9722 64.1019 13.025
      vertex -37.7222 61.9368 10.5
      vertex -40.2222 66.267 10.5
    endloop
  endfacet
  facet normal -0.168376 0.29164 0.941592
    outer loop
      vertex -39.4506 64.9304 16.3097
      vertex -41.5002 63.4804 16.3923
      vertex -39.3351 64.7304 16.3923
    endloop
  endfacet
  facet normal -0.168376 0.29164 0.941592
    outer loop
      vertex -41.5002 63.4804 16.3923
      vertex -39.4506 64.9304 16.3097
      vertex -41.6157 63.6804 16.3097
    endloop
  endfacet
  facet normal 0.073368 -0.127073 0.989176
    outer loop
      vertex -38.8497 63.8897 16.488
      vertex -40.8934 62.4295 16.452
      vertex -38.7284 63.6795 16.452
    endloop
  endfacet
  facet normal 0.0733506 -0.127049 0.989181
    outer loop
      vertex -40.8934 62.4295 16.452
      vertex -38.8497 63.8897 16.488
      vertex -41.0148 62.6397 16.488
    endloop
  endfacet
  facet normal 0.470787 -0.815441 0.336773
    outer loop
      vertex -39.9411 60.7801 14.7257
      vertex -37.8174 62.1016 14.9567
      vertex -39.9825 60.8516 14.9567
    endloop
  endfacet
  facet normal 0.470836 -0.815487 0.336592
    outer loop
      vertex -37.8174 62.1016 14.9567
      vertex -39.9411 60.7801 14.7257
      vertex -37.7761 62.0301 14.7257
    endloop
  endfacet
  facet normal -0.499386 0.864976 0.0493003
    outer loop
      vertex -40.2222 66.267 14
      vertex -42.3813 65.0065 14.245
      vertex -40.2162 66.2565 14.245
    endloop
  endfacet
  facet normal -0.499386 0.864976 0.0493003
    outer loop
      vertex -42.3813 65.0065 14.245
      vertex -40.2222 66.267 14
      vertex -42.3873 65.017 14
    endloop
  endfacet
  facet normal 0.401652 -0.695661 0.595593
    outer loop
      vertex -40.098 61.0517 15.3889
      vertex -38.006 62.4283 15.586
      vertex -40.171 61.1783 15.586
    endloop
  endfacet
  facet normal 0.401589 -0.695585 0.595724
    outer loop
      vertex -38.006 62.4283 15.586
      vertex -40.098 61.0517 15.3889
      vertex -37.9329 62.3017 15.3889
    endloop
  endfacet
  facet normal -0.257044 0.445221 0.857734
    outer loop
      vertex -39.6667 65.3047 16.0787
      vertex -41.7266 63.8725 16.2048
      vertex -39.5615 65.1225 16.2048
    endloop
  endfacet
  facet normal -0.257044 0.445221 0.857734
    outer loop
      vertex -41.7266 63.8725 16.2048
      vertex -39.6667 65.3047 16.0787
      vertex -41.8318 64.0547 16.0787
    endloop
  endfacet
  facet normal -0.213758 0.370246 0.904005
    outer loop
      vertex -39.5615 65.1225 16.2048
      vertex -41.6157 63.6804 16.3097
      vertex -39.4506 64.9304 16.3097
    endloop
  endfacet
  facet normal -0.213758 0.370246 0.904005
    outer loop
      vertex -41.6157 63.6804 16.3097
      vertex -39.5615 65.1225 16.2048
      vertex -41.7266 63.8725 16.2048
    endloop
  endfacet
  facet normal -0.401589 0.695585 0.595724
    outer loop
      vertex -40.0116 65.9021 15.3889
      vertex -42.1036 64.5255 15.586
      vertex -39.9385 65.7755 15.586
    endloop
  endfacet
  facet normal -0.401652 0.695661 0.595593
    outer loop
      vertex -42.1036 64.5255 15.586
      vertex -40.0116 65.9021 15.3889
      vertex -42.1766 64.6521 15.3889
    endloop
  endfacet
  facet normal 0.370476 -0.641664 0.671577
    outer loop
      vertex -38.0884 62.571 15.7678
      vertex -40.171 61.1783 15.586
      vertex -38.006 62.4283 15.586
    endloop
  endfacet
  facet normal 0.370476 -0.641664 0.671577
    outer loop
      vertex -40.171 61.1783 15.586
      vertex -38.0884 62.571 15.7678
      vertex -40.2534 61.321 15.7678
    endloop
  endfacet
  facet normal -0.121656 0.210717 0.969947
    outer loop
      vertex -39.3351 64.7304 16.3923
      vertex -41.3812 63.2743 16.452
      vertex -39.2161 64.5243 16.452
    endloop
  endfacet
  facet normal -0.121656 0.210717 0.969947
    outer loop
      vertex -41.3812 63.2743 16.452
      vertex -39.3351 64.7304 16.3923
      vertex -41.5002 63.4804 16.3923
    endloop
  endfacet
  facet normal 0.121656 -0.210717 0.969947
    outer loop
      vertex -38.7284 63.6795 16.452
      vertex -40.7745 62.2234 16.3923
      vertex -38.6094 63.4734 16.3923
    endloop
  endfacet
  facet normal 0.121684 -0.210757 0.969935
    outer loop
      vertex -40.7745 62.2234 16.3923
      vertex -38.7284 63.6795 16.452
      vertex -40.8934 62.4295 16.452
    endloop
  endfacet
  facet normal -0.451935 0.782788 0.427782
    outer loop
      vertex -40.1271 66.1022 14.9567
      vertex -42.2397 64.7613 15.1785
      vertex -40.0746 66.0113 15.1785
    endloop
  endfacet
  facet normal -0.451935 0.782788 0.427782
    outer loop
      vertex -42.2397 64.7613 15.1785
      vertex -40.1271 66.1022 14.9567
      vertex -42.2922 64.8522 14.9567
    endloop
  endfacet
  facet normal -0.335731 0.581512 0.741032
    outer loop
      vertex -39.8561 65.6328 15.7678
      vertex -41.9303 64.2254 15.9325
      vertex -39.7652 65.4754 15.9325
    endloop
  endfacet
  facet normal -0.335731 0.581512 0.741032
    outer loop
      vertex -41.9303 64.2254 15.9325
      vertex -39.8561 65.6328 15.7678
      vertex -42.0212 64.3828 15.7678
    endloop
  endfacet
  facet normal -0.0244531 0.0423548 0.998803
    outer loop
      vertex -39.0948 64.3141 16.488
      vertex -41.1373 62.8519 16.5
      vertex -38.9722 64.1019 16.5
    endloop
  endfacet
  facet normal -0.024459 0.0423629 0.998803
    outer loop
      vertex -41.1373 62.8519 16.5
      vertex -39.0948 64.3141 16.488
      vertex -41.2598 63.0641 16.488
    endloop
  endfacet
  facet normal 0.257053 -0.445215 0.857734
    outer loop
      vertex -38.383 63.0813 16.2048
      vertex -40.4428 61.6491 16.0787
      vertex -38.2778 62.8991 16.0787
    endloop
  endfacet
  facet normal 0.256999 -0.445143 0.857788
    outer loop
      vertex -40.4428 61.6491 16.0787
      vertex -38.383 63.0813 16.2048
      vertex -40.5481 61.8313 16.2048
    endloop
  endfacet
  facet normal -0.428909 0.74287 0.513986
    outer loop
      vertex -40.0746 66.0113 15.1785
      vertex -42.1766 64.6521 15.3889
      vertex -40.0116 65.9021 15.3889
    endloop
  endfacet
  facet normal -0.428849 0.742801 0.514136
    outer loop
      vertex -42.1766 64.6521 15.3889
      vertex -40.0746 66.0113 15.1785
      vertex -42.2397 64.7613 15.1785
    endloop
  endfacet
  facet normal -0.484982 0.840027 0.243201
    outer loop
      vertex -40.1982 66.2254 14.4877
      vertex -42.3335 64.9237 14.7257
      vertex -40.1684 66.1737 14.7257
    endloop
  endfacet
  facet normal -0.484982 0.840027 0.243201
    outer loop
      vertex -42.3335 64.9237 14.7257
      vertex -40.1982 66.2254 14.4877
      vertex -42.3633 64.9754 14.4877
    endloop
  endfacet
  facet normal 0.451975 -0.782856 0.427615
    outer loop
      vertex -39.9825 60.8516 14.9567
      vertex -37.8698 62.1925 15.1785
      vertex -40.0349 60.9425 15.1785
    endloop
  endfacet
  facet normal 0.451975 -0.782856 0.427615
    outer loop
      vertex -37.8698 62.1925 15.1785
      vertex -39.9825 60.8516 14.9567
      vertex -37.8174 62.1016 14.9567
    endloop
  endfacet
  facet normal -0.494602 0.85669 0.14646
    outer loop
      vertex -40.2162 66.2565 14.245
      vertex -42.3633 64.9754 14.4877
      vertex -40.1982 66.2254 14.4877
    endloop
  endfacet
  facet normal -0.494602 0.85669 0.14646
    outer loop
      vertex -42.3633 64.9754 14.4877
      vertex -40.2162 66.2565 14.245
      vertex -42.3813 65.0065 14.245
    endloop
  endfacet
  facet normal -0.370463 0.641671 0.671577
    outer loop
      vertex -39.9385 65.7755 15.586
      vertex -42.0212 64.3828 15.7678
      vertex -39.8561 65.6328 15.7678
    endloop
  endfacet
  facet normal -0.370463 0.641671 0.671577
    outer loop
      vertex -42.0212 64.3828 15.7678
      vertex -39.9385 65.7755 15.586
      vertex -42.1036 64.5255 15.586
    endloop
  endfacet
  facet normal -0.470819 0.815497 0.336592
    outer loop
      vertex -40.1684 66.1737 14.7257
      vertex -42.2922 64.8522 14.9567
      vertex -40.1271 66.1022 14.9567
    endloop
  endfacet
  facet normal -0.470819 0.815497 0.336592
    outer loop
      vertex -42.2922 64.8522 14.9567
      vertex -40.1684 66.1737 14.7257
      vertex -42.3335 64.9237 14.7257
    endloop
  endfacet
  facet normal 0.494619 -0.85668 0.14646
    outer loop
      vertex -39.8933 60.6973 14.245
      vertex -37.7463 61.9784 14.4877
      vertex -39.9113 60.7284 14.4877
    endloop
  endfacet
  facet normal 0.494619 -0.85668 0.14646
    outer loop
      vertex -37.7463 61.9784 14.4877
      vertex -39.8933 60.6973 14.245
      vertex -37.7283 61.9473 14.245
    endloop
  endfacet
  facet normal 0.213758 -0.370246 0.904005
    outer loop
      vertex -38.4939 63.2734 16.3097
      vertex -40.5481 61.8313 16.2048
      vertex -38.383 63.0813 16.2048
    endloop
  endfacet
  facet normal 0.213758 -0.370246 0.904005
    outer loop
      vertex -40.5481 61.8313 16.2048
      vertex -38.4939 63.2734 16.3097
      vertex -40.659 62.0234 16.3097
    endloop
  endfacet
  facet normal -0.073368 0.127073 0.989176
    outer loop
      vertex -39.2161 64.5243 16.452
      vertex -41.2598 63.0641 16.488
      vertex -39.0948 64.3141 16.488
    endloop
  endfacet
  facet normal -0.0733506 0.127049 0.989181
    outer loop
      vertex -41.2598 63.0641 16.488
      vertex -39.2161 64.5243 16.452
      vertex -41.3812 63.2743 16.452
    endloop
  endfacet
  facet normal 0.428849 -0.742801 0.514136
    outer loop
      vertex -40.0349 60.9425 15.1785
      vertex -37.9329 62.3017 15.3889
      vertex -40.098 61.0517 15.3889
    endloop
  endfacet
  facet normal 0.428849 -0.742801 0.514136
    outer loop
      vertex -37.9329 62.3017 15.3889
      vertex -40.0349 60.9425 15.1785
      vertex -37.8698 62.1925 15.1785
    endloop
  endfacet
  facet normal 0.484999 -0.840018 0.243201
    outer loop
      vertex -39.9113 60.7284 14.4877
      vertex -37.7761 62.0301 14.7257
      vertex -39.9411 60.7801 14.7257
    endloop
  endfacet
  facet normal 0.484999 -0.840018 0.243201
    outer loop
      vertex -37.7761 62.0301 14.7257
      vertex -39.9113 60.7284 14.4877
      vertex -37.7463 61.9784 14.4877
    endloop
  endfacet
  facet normal -0.297892 0.515973 0.803139
    outer loop
      vertex -39.7652 65.4754 15.9325
      vertex -41.8318 64.0547 16.0787
      vertex -39.6667 65.3047 16.0787
    endloop
  endfacet
  facet normal -0.297892 0.515973 0.803139
    outer loop
      vertex -41.8318 64.0547 16.0787
      vertex -39.7652 65.4754 15.9325
      vertex -41.9303 64.2254 15.9325
    endloop
  endfacet
  facet normal 0.0244581 -0.0423634 0.998803
    outer loop
      vertex -38.9722 64.1019 16.5
      vertex -41.0148 62.6397 16.488
      vertex -38.8497 63.8897 16.488
    endloop
  endfacet
  facet normal 0.0244581 -0.0423634 0.998803
    outer loop
      vertex -41.0148 62.6397 16.488
      vertex -38.9722 64.1019 16.5
      vertex -41.1373 62.8519 16.5
    endloop
  endfacet
  facet normal 0.499403 -0.864966 0.0493002
    outer loop
      vertex -39.8873 60.6868 14
      vertex -37.7283 61.9473 14.245
      vertex -39.8933 60.6973 14.245
    endloop
  endfacet
  facet normal 0.499381 -0.864967 0.0495036
    outer loop
      vertex -37.7283 61.9473 14.245
      vertex -39.8873 60.6868 14
      vertex -37.7222 61.9368 14
    endloop
  endfacet
  facet normal 0.335742 -0.581506 0.741032
    outer loop
      vertex -38.1793 62.7284 15.9325
      vertex -40.2534 61.321 15.7678
      vertex -38.0884 62.571 15.7678
    endloop
  endfacet
  facet normal 0.335742 -0.581506 0.741032
    outer loop
      vertex -40.2534 61.321 15.7678
      vertex -38.1793 62.7284 15.9325
      vertex -40.3443 61.4784 15.9325
    endloop
  endfacet
  facet normal 0.168376 -0.29164 0.941592
    outer loop
      vertex -38.6094 63.4734 16.3923
      vertex -40.659 62.0234 16.3097
      vertex -38.4939 63.2734 16.3097
    endloop
  endfacet
  facet normal 0.168376 -0.29164 0.941592
    outer loop
      vertex -40.659 62.0234 16.3097
      vertex -38.6094 63.4734 16.3923
      vertex -40.7745 62.2234 16.3923
    endloop
  endfacet
  facet normal 0.297902 -0.515967 0.803139
    outer loop
      vertex -38.2778 62.8991 16.0787
      vertex -40.3443 61.4784 15.9325
      vertex -38.1793 62.7284 15.9325
    endloop
  endfacet
  facet normal 0.297902 -0.515967 0.803139
    outer loop
      vertex -40.3443 61.4784 15.9325
      vertex -38.2778 62.8991 16.0787
      vertex -40.4428 61.6491 16.0787
    endloop
  endfacet
  facet normal 0.297667 -0.515583 -0.803473
    outer loop
      vertex -36.2986 66.271 14.8107
      vertex -34.172 67.5876 14.7537
      vertex -34.1335 67.521 14.8107
    endloop
  endfacet
  facet normal 0.297802 -0.515793 -0.803288
    outer loop
      vertex -34.172 67.5876 14.7537
      vertex -36.2986 66.271 14.8107
      vertex -36.337 66.3376 14.7537
    endloop
  endfacet
  facet normal 0.297802 -0.515793 -0.803288
    outer loop
      vertex -41.4081 63.321 14.8107
      vertex -39.2815 64.6376 14.7537
      vertex -39.2431 64.571 14.8107
    endloop
  endfacet
  facet normal 0.297667 -0.515583 -0.803473
    outer loop
      vertex -39.2815 64.6376 14.7537
      vertex -41.4081 63.321 14.8107
      vertex -41.4466 63.3876 14.7537
    endloop
  endfacet
  facet normal 0.494623 -0.856726 -0.146181
    outer loop
      vertex -34.3478 67.8922 14.0956
      vertex -36.5059 66.6301 14.1902
      vertex -36.5129 66.6422 14.0956
    endloop
  endfacet
  facet normal 0.494623 -0.856726 -0.146181
    outer loop
      vertex -36.5059 66.6301 14.1902
      vertex -34.3478 67.8922 14.0956
      vertex -34.3408 67.8801 14.1902
    endloop
  endfacet
  facet normal 0.494585 -0.85666 -0.146693
    outer loop
      vertex -39.4574 64.9422 14.0956
      vertex -41.6154 63.6801 14.1902
      vertex -41.6225 63.6922 14.0956
    endloop
  endfacet
  facet normal 0.49464 -0.856716 -0.146181
    outer loop
      vertex -41.6154 63.6801 14.1902
      vertex -39.4574 64.9422 14.0956
      vertex -39.4504 64.9301 14.1902
    endloop
  endfacet
  facet normal 0.499377 -0.864962 -0.0496323
    outer loop
      vertex -34.3502 67.8963 14
      vertex -36.5129 66.6422 14.0956
      vertex -36.5153 66.6463 14
    endloop
  endfacet
  facet normal 0.499377 -0.864962 -0.0496323
    outer loop
      vertex -36.5129 66.6422 14.0956
      vertex -34.3502 67.8963 14
      vertex -34.3478 67.8922 14.0956
    endloop
  endfacet
  facet normal 0.49939 -0.864984 -0.0491112
    outer loop
      vertex -39.4597 64.9463 14
      vertex -41.6225 63.6922 14.0956
      vertex -41.6248 63.6963 14
    endloop
  endfacet
  facet normal 0.49939 -0.864984 -0.0491112
    outer loop
      vertex -41.6225 63.6922 14.0956
      vertex -39.4597 64.9463 14
      vertex -39.4574 64.9422 14.0956
    endloop
  endfacet
  facet normal 0.48495 -0.839972 -0.243457
    outer loop
      vertex -34.3408 67.8801 14.1902
      vertex -36.4943 66.6099 14.283
      vertex -36.5059 66.6301 14.1902
    endloop
  endfacet
  facet normal 0.48495 -0.839972 -0.243457
    outer loop
      vertex -36.4943 66.6099 14.283
      vertex -34.3408 67.8801 14.1902
      vertex -34.3292 67.8599 14.283
    endloop
  endfacet
  facet normal 0.484966 -0.839962 -0.243457
    outer loop
      vertex -39.4504 64.9301 14.1902
      vertex -41.6038 63.6599 14.283
      vertex -41.6154 63.6801 14.1902
    endloop
  endfacet
  facet normal 0.484966 -0.839962 -0.243457
    outer loop
      vertex -41.6038 63.6599 14.283
      vertex -39.4504 64.9301 14.1902
      vertex -39.4388 64.9099 14.283
    endloop
  endfacet
  facet normal 0.428896 -0.742882 0.513978
    outer loop
      vertex -36.4331 66.504 13.4583
      vertex -34.2926 67.7966 13.5404
      vertex -36.4577 66.5466 13.5404
    endloop
  endfacet
  facet normal 0.428896 -0.742882 0.513978
    outer loop
      vertex -34.2926 67.7966 13.5404
      vertex -36.4331 66.504 13.4583
      vertex -34.268 67.754 13.4583
    endloop
  endfacet
  facet normal 0.428911 -0.742874 0.513978
    outer loop
      vertex -41.5426 63.554 13.4583
      vertex -39.4022 64.8466 13.5404
      vertex -41.5672 63.5966 13.5404
    endloop
  endfacet
  facet normal 0.428911 -0.742874 0.513978
    outer loop
      vertex -39.4022 64.8466 13.5404
      vertex -41.5426 63.554 13.4583
      vertex -39.3776 64.804 13.4583
    endloop
  endfacet
  facet normal -0.0732147 0.126814 -0.989221
    outer loop
      vertex -35.9327 65.6372 14.9563
      vertex -33.8149 66.9691 14.9703
      vertex -33.7676 66.8872 14.9563
    endloop
  endfacet
  facet normal -0.0732147 0.126814 -0.989221
    outer loop
      vertex -33.8149 66.9691 14.9703
      vertex -35.9327 65.6372 14.9563
      vertex -35.98 65.7191 14.9703
    endloop
  endfacet
  facet normal -0.0731768 0.126748 -0.989232
    outer loop
      vertex -41.0422 62.6872 14.9563
      vertex -38.9245 64.0191 14.9703
      vertex -38.8771 63.9372 14.9563
    endloop
  endfacet
  facet normal -0.0732172 0.126812 -0.989221
    outer loop
      vertex -38.9245 64.0191 14.9703
      vertex -41.0422 62.6872 14.9563
      vertex -41.0895 62.7691 14.9703
    endloop
  endfacet
  facet normal 0.428896 -0.742882 -0.513978
    outer loop
      vertex -34.2926 67.7966 14.4596
      vertex -36.4331 66.504 14.5417
      vertex -36.4577 66.5466 14.4596
    endloop
  endfacet
  facet normal 0.428896 -0.742882 -0.513978
    outer loop
      vertex -36.4331 66.504 14.5417
      vertex -34.2926 67.7966 14.4596
      vertex -34.268 67.754 14.5417
    endloop
  endfacet
  facet normal 0.428911 -0.742874 -0.513978
    outer loop
      vertex -39.4022 64.8466 14.4596
      vertex -41.5426 63.554 14.5417
      vertex -41.5672 63.5966 14.4596
    endloop
  endfacet
  facet normal 0.428911 -0.742874 -0.513978
    outer loop
      vertex -41.5426 63.554 14.5417
      vertex -39.4022 64.8466 14.4596
      vertex -39.3776 64.804 14.5417
    endloop
  endfacet
  facet normal 0.48495 -0.839972 0.243457
    outer loop
      vertex -36.4943 66.6099 13.717
      vertex -34.3408 67.8801 13.8098
      vertex -36.5059 66.6301 13.8098
    endloop
  endfacet
  facet normal 0.48495 -0.839972 0.243457
    outer loop
      vertex -34.3408 67.8801 13.8098
      vertex -36.4943 66.6099 13.717
      vertex -34.3292 67.8599 13.717
    endloop
  endfacet
  facet normal 0.484966 -0.839962 0.243457
    outer loop
      vertex -41.6038 63.6599 13.717
      vertex -39.4504 64.9301 13.8098
      vertex -41.6154 63.6801 13.8098
    endloop
  endfacet
  facet normal 0.484966 -0.839962 0.243457
    outer loop
      vertex -39.4504 64.9301 13.8098
      vertex -41.6038 63.6599 13.717
      vertex -39.4388 64.9099 13.717
    endloop
  endfacet
  facet normal 0.0732172 -0.126812 0.989221
    outer loop
      vertex -33.9578 67.2166 13.0437
      vertex -36.0755 65.8847 13.0297
      vertex -33.9105 67.1347 13.0297
    endloop
  endfacet
  facet normal 0.0731768 -0.126748 0.989232
    outer loop
      vertex -36.0755 65.8847 13.0297
      vertex -33.9578 67.2166 13.0437
      vertex -36.1229 65.9666 13.0437
    endloop
  endfacet
  facet normal 0.0732147 -0.126814 0.989221
    outer loop
      vertex -39.0673 64.2666 13.0437
      vertex -41.1851 62.9347 13.0297
      vertex -39.02 64.1847 13.0297
    endloop
  endfacet
  facet normal 0.0732147 -0.126814 0.989221
    outer loop
      vertex -41.1851 62.9347 13.0297
      vertex -39.0673 64.2666 13.0437
      vertex -41.2324 63.0166 13.0437
    endloop
  endfacet
  facet normal -0.0245499 0.0425223 0.998794
    outer loop
      vertex -33.8627 67.0519 13.025
      vertex -35.98 65.7191 13.0297
      vertex -33.8149 66.9691 13.0297
    endloop
  endfacet
  facet normal -0.0245499 0.0425223 0.998794
    outer loop
      vertex -35.98 65.7191 13.0297
      vertex -33.8627 67.0519 13.025
      vertex -36.0278 65.8019 13.025
    endloop
  endfacet
  facet normal -0.0245635 0.042544 0.998793
    outer loop
      vertex -38.9722 64.1019 13.025
      vertex -41.0895 62.7691 13.0297
      vertex -38.9245 64.0191 13.0297
    endloop
  endfacet
  facet normal -0.0245499 0.0425223 0.998794
    outer loop
      vertex -41.0895 62.7691 13.0297
      vertex -38.9722 64.1019 13.025
      vertex -41.1373 62.8519 13.025
    endloop
  endfacet
  facet normal 0.168265 -0.291449 0.941671
    outer loop
      vertex -34.0493 67.375 13.0992
      vertex -36.1693 66.047 13.067
      vertex -34.0042 67.297 13.067
    endloop
  endfacet
  facet normal 0.168354 -0.291589 0.941612
    outer loop
      vertex -36.1693 66.047 13.067
      vertex -34.0493 67.375 13.0992
      vertex -36.2143 66.125 13.0992
    endloop
  endfacet
  facet normal 0.168354 -0.291589 0.941612
    outer loop
      vertex -39.1588 64.425 13.0992
      vertex -41.2788 63.097 13.067
      vertex -39.1138 64.347 13.067
    endloop
  endfacet
  facet normal 0.168265 -0.291449 0.941671
    outer loop
      vertex -41.2788 63.097 13.067
      vertex -39.1588 64.425 13.0992
      vertex -41.3239 63.175 13.0992
    endloop
  endfacet
  facet normal -0.494519 0.856546 -0.147579
    outer loop
      vertex -35.5426 64.9616 14.0956
      vertex -33.3846 66.2238 14.1902
      vertex -33.3775 66.2116 14.0956
    endloop
  endfacet
  facet normal -0.494574 0.856602 -0.147067
    outer loop
      vertex -33.3846 66.2238 14.1902
      vertex -35.5426 64.9616 14.0956
      vertex -35.5496 64.9738 14.1902
    endloop
  endfacet
  facet normal -0.494557 0.856612 -0.147067
    outer loop
      vertex -40.6522 62.0116 14.0956
      vertex -38.4941 63.2738 14.1902
      vertex -38.4871 63.2616 14.0956
    endloop
  endfacet
  facet normal -0.494557 0.856612 -0.147067
    outer loop
      vertex -38.4941 63.2738 14.1902
      vertex -40.6522 62.0116 14.0956
      vertex -40.6592 62.0238 14.1902
    endloop
  endfacet
  facet normal -0.0245499 0.0425223 -0.998794
    outer loop
      vertex -35.98 65.7191 14.9703
      vertex -33.8627 67.0519 14.975
      vertex -33.8149 66.9691 14.9703
    endloop
  endfacet
  facet normal -0.0245499 0.0425223 -0.998794
    outer loop
      vertex -33.8627 67.0519 14.975
      vertex -35.98 65.7191 14.9703
      vertex -36.0278 65.8019 14.975
    endloop
  endfacet
  facet normal -0.0245635 0.042544 -0.998793
    outer loop
      vertex -41.0895 62.7691 14.9703
      vertex -38.9722 64.1019 14.975
      vertex -38.9245 64.0191 14.9703
    endloop
  endfacet
  facet normal -0.0245499 0.0425223 -0.998794
    outer loop
      vertex -38.9722 64.1019 14.975
      vertex -41.0895 62.7691 14.9703
      vertex -41.1373 62.8519 14.975
    endloop
  endfacet
  facet normal -0.49939 0.864984 0.0491112
    outer loop
      vertex -33.3775 66.2116 13.9044
      vertex -35.5403 64.9575 14
      vertex -33.3752 66.2075 14
    endloop
  endfacet
  facet normal -0.49939 0.864984 0.0491112
    outer loop
      vertex -35.5403 64.9575 14
      vertex -33.3775 66.2116 13.9044
      vertex -35.5426 64.9616 13.9044
    endloop
  endfacet
  facet normal -0.499377 0.864962 0.0496323
    outer loop
      vertex -38.4871 63.2616 13.9044
      vertex -40.6498 62.0075 14
      vertex -38.4847 63.2575 14
    endloop
  endfacet
  facet normal -0.499377 0.864962 0.0496323
    outer loop
      vertex -40.6498 62.0075 14
      vertex -38.4871 63.2616 13.9044
      vertex -40.6522 62.0116 13.9044
    endloop
  endfacet
  facet normal -0.121727 0.210831 -0.969914
    outer loop
      vertex -35.8862 65.5568 14.933
      vertex -33.7676 66.8872 14.9563
      vertex -33.7212 66.8068 14.933
    endloop
  endfacet
  facet normal -0.121661 0.210727 -0.969945
    outer loop
      vertex -33.7676 66.8872 14.9563
      vertex -35.8862 65.5568 14.933
      vertex -35.9327 65.6372 14.9563
    endloop
  endfacet
  facet normal -0.121723 0.210834 -0.969914
    outer loop
      vertex -40.9958 62.6068 14.933
      vertex -38.8771 63.9372 14.9563
      vertex -38.8307 63.8568 14.933
    endloop
  endfacet
  facet normal -0.121723 0.210834 -0.969914
    outer loop
      vertex -38.8771 63.9372 14.9563
      vertex -40.9958 62.6068 14.933
      vertex -41.0422 62.6872 14.9563
    endloop
  endfacet
  facet normal -0.494519 0.856546 0.147579
    outer loop
      vertex -33.3846 66.2238 13.8098
      vertex -35.5426 64.9616 13.9044
      vertex -33.3775 66.2116 13.9044
    endloop
  endfacet
  facet normal -0.494574 0.856602 0.147067
    outer loop
      vertex -35.5426 64.9616 13.9044
      vertex -33.3846 66.2238 13.8098
      vertex -35.5496 64.9738 13.8098
    endloop
  endfacet
  facet normal -0.494557 0.856612 0.147067
    outer loop
      vertex -38.4941 63.2738 13.8098
      vertex -40.6522 62.0116 13.9044
      vertex -38.4871 63.2616 13.9044
    endloop
  endfacet
  facet normal -0.494557 0.856612 0.147067
    outer loop
      vertex -40.6522 62.0116 13.9044
      vertex -38.4941 63.2738 13.8098
      vertex -40.6592 62.0238 13.8098
    endloop
  endfacet
  facet normal 0.470727 -0.815336 -0.33711
    outer loop
      vertex -34.3292 67.8599 14.283
      vertex -36.4781 66.582 14.3731
      vertex -36.4943 66.6099 14.283
    endloop
  endfacet
  facet normal 0.470826 -0.81547 -0.336647
    outer loop
      vertex -36.4781 66.582 14.3731
      vertex -34.3292 67.8599 14.283
      vertex -34.3131 67.832 14.3731
    endloop
  endfacet
  facet normal 0.470826 -0.81547 -0.336647
    outer loop
      vertex -39.4388 64.9099 14.283
      vertex -41.5877 63.632 14.3731
      vertex -41.6038 63.6599 14.283
    endloop
  endfacet
  facet normal 0.470727 -0.815336 -0.33711
    outer loop
      vertex -41.5877 63.632 14.3731
      vertex -39.4388 64.9099 14.283
      vertex -39.4226 64.882 14.3731
    endloop
  endfacet
  facet normal 0.257073 -0.445271 -0.857699
    outer loop
      vertex -36.2576 66.1999 14.8599
      vertex -34.1335 67.521 14.8107
      vertex -34.0925 67.4499 14.8599
    endloop
  endfacet
  facet normal 0.257073 -0.445271 -0.857699
    outer loop
      vertex -34.1335 67.521 14.8107
      vertex -36.2576 66.1999 14.8599
      vertex -36.2986 66.271 14.8107
    endloop
  endfacet
  facet normal 0.256958 -0.445072 -0.857837
    outer loop
      vertex -41.3671 63.2499 14.8599
      vertex -39.2431 64.571 14.8107
      vertex -39.202 64.4999 14.8599
    endloop
  endfacet
  facet normal 0.257082 -0.445266 -0.857699
    outer loop
      vertex -39.2431 64.571 14.8107
      vertex -41.3671 63.2499 14.8599
      vertex -41.4081 63.321 14.8107
    endloop
  endfacet
  facet normal -0.485073 0.840147 0.242606
    outer loop
      vertex -33.3962 66.2439 13.717
      vertex -35.5496 64.9738 13.8098
      vertex -33.3846 66.2238 13.8098
    endloop
  endfacet
  facet normal -0.485073 0.840147 0.242606
    outer loop
      vertex -35.5496 64.9738 13.8098
      vertex -33.3962 66.2439 13.717
      vertex -35.5612 64.9939 13.717
    endloop
  endfacet
  facet normal -0.485056 0.840156 0.242606
    outer loop
      vertex -38.5057 63.2939 13.717
      vertex -40.6592 62.0238 13.8098
      vertex -38.4941 63.2738 13.8098
    endloop
  endfacet
  facet normal -0.485056 0.840156 0.242606
    outer loop
      vertex -40.6592 62.0238 13.8098
      vertex -38.5057 63.2939 13.717
      vertex -40.6708 62.0439 13.717
    endloop
  endfacet
  facet normal 0.0245499 -0.0425223 0.998794
    outer loop
      vertex -33.9105 67.1347 13.0297
      vertex -36.0278 65.8019 13.025
      vertex -33.8627 67.0519 13.025
    endloop
  endfacet
  facet normal 0.0245635 -0.042544 0.998793
    outer loop
      vertex -36.0278 65.8019 13.025
      vertex -33.9105 67.1347 13.0297
      vertex -36.0755 65.8847 13.0297
    endloop
  endfacet
  facet normal 0.0245499 -0.0425223 0.998794
    outer loop
      vertex -39.02 64.1847 13.0297
      vertex -41.1373 62.8519 13.025
      vertex -38.9722 64.1019 13.025
    endloop
  endfacet
  facet normal 0.0245499 -0.0425223 0.998794
    outer loop
      vertex -41.1373 62.8519 13.025
      vertex -39.02 64.1847 13.0297
      vertex -41.1851 62.9347 13.0297
    endloop
  endfacet
  facet normal -0.428911 0.742874 0.513978
    outer loop
      vertex -33.4574 66.3498 13.4583
      vertex -35.5978 65.0572 13.5404
      vertex -33.4328 66.3072 13.5404
    endloop
  endfacet
  facet normal -0.428911 0.742874 0.513978
    outer loop
      vertex -35.5978 65.0572 13.5404
      vertex -33.4574 66.3498 13.4583
      vertex -35.6224 65.0998 13.4583
    endloop
  endfacet
  facet normal -0.428896 0.742882 0.513978
    outer loop
      vertex -38.5669 63.3998 13.4583
      vertex -40.7074 62.1072 13.5404
      vertex -38.5423 63.3572 13.5404
    endloop
  endfacet
  facet normal -0.428896 0.742882 0.513978
    outer loop
      vertex -40.7074 62.1072 13.5404
      vertex -38.5669 63.3998 13.4583
      vertex -40.732 62.1498 13.4583
    endloop
  endfacet
  facet normal -0.297667 0.515583 -0.803473
    outer loop
      vertex -35.7185 65.2662 14.7537
      vertex -33.5919 66.5828 14.8107
      vertex -33.5534 66.5162 14.7537
    endloop
  endfacet
  facet normal -0.297802 0.515793 -0.803288
    outer loop
      vertex -33.5919 66.5828 14.8107
      vertex -35.7185 65.2662 14.7537
      vertex -35.7569 65.3328 14.8107
    endloop
  endfacet
  facet normal -0.297802 0.515793 -0.803288
    outer loop
      vertex -40.828 62.3162 14.7537
      vertex -38.7014 63.6328 14.8107
      vertex -38.663 63.5662 14.7537
    endloop
  endfacet
  facet normal -0.297667 0.515583 -0.803473
    outer loop
      vertex -38.7014 63.6328 14.8107
      vertex -40.828 62.3162 14.7537
      vertex -40.8665 62.3828 14.8107
    endloop
  endfacet
  facet normal 0.370624 -0.641951 -0.67122
    outer loop
      vertex -36.3725 66.399 14.6894
      vertex -34.2395 67.7046 14.6185
      vertex -34.2074 67.649 14.6894
    endloop
  endfacet
  facet normal 0.370624 -0.641951 -0.67122
    outer loop
      vertex -34.2395 67.7046 14.6185
      vertex -36.3725 66.399 14.6894
      vertex -36.4046 66.4546 14.6185
    endloop
  endfacet
  facet normal 0.370637 -0.641944 -0.67122
    outer loop
      vertex -41.482 63.449 14.6894
      vertex -39.3491 64.7546 14.6185
      vertex -39.317 64.699 14.6894
    endloop
  endfacet
  facet normal 0.370637 -0.641944 -0.67122
    outer loop
      vertex -39.3491 64.7546 14.6185
      vertex -41.482 63.449 14.6894
      vertex -41.5141 63.5046 14.6185
    endloop
  endfacet
  facet normal 0.401416 -0.695285 -0.596191
    outer loop
      vertex -34.268 67.754 14.5417
      vertex -36.4046 66.4546 14.6185
      vertex -36.4331 66.504 14.5417
    endloop
  endfacet
  facet normal 0.401416 -0.695285 -0.596191
    outer loop
      vertex -36.4046 66.4546 14.6185
      vertex -34.268 67.754 14.5417
      vertex -34.2395 67.7046 14.6185
    endloop
  endfacet
  facet normal 0.40143 -0.695277 -0.596191
    outer loop
      vertex -39.3776 64.804 14.5417
      vertex -41.5141 63.5046 14.6185
      vertex -41.5426 63.554 14.5417
    endloop
  endfacet
  facet normal 0.40143 -0.695277 -0.596191
    outer loop
      vertex -41.5141 63.5046 14.6185
      vertex -39.3776 64.804 14.5417
      vertex -39.3491 64.7546 14.6185
    endloop
  endfacet
  facet normal -0.335969 0.581899 -0.74062
    outer loop
      vertex -35.683 65.2048 14.6894
      vertex -33.5534 66.5162 14.7537
      vertex -33.518 66.4548 14.6894
    endloop
  endfacet
  facet normal -0.335828 0.58168 -0.740856
    outer loop
      vertex -33.5534 66.5162 14.7537
      vertex -35.683 65.2048 14.6894
      vertex -35.7185 65.2662 14.7537
    endloop
  endfacet
  facet normal -0.335828 0.58168 -0.740856
    outer loop
      vertex -40.7926 62.2548 14.6894
      vertex -38.663 63.5662 14.7537
      vertex -38.6275 63.5048 14.6894
    endloop
  endfacet
  facet normal -0.335969 0.581899 -0.74062
    outer loop
      vertex -38.663 63.5662 14.7537
      vertex -40.7926 62.2548 14.6894
      vertex -40.828 62.3162 14.7537
    endloop
  endfacet
  facet normal 0.168265 -0.291449 -0.941671
    outer loop
      vertex -36.1693 66.047 14.933
      vertex -34.0493 67.375 14.9008
      vertex -34.0042 67.297 14.933
    endloop
  endfacet
  facet normal 0.168354 -0.291589 -0.941612
    outer loop
      vertex -34.0493 67.375 14.9008
      vertex -36.1693 66.047 14.933
      vertex -36.2143 66.125 14.9008
    endloop
  endfacet
  facet normal 0.168354 -0.291589 -0.941612
    outer loop
      vertex -41.2788 63.097 14.933
      vertex -39.1588 64.425 14.9008
      vertex -39.1138 64.347 14.933
    endloop
  endfacet
  facet normal 0.168265 -0.291449 -0.941671
    outer loop
      vertex -39.1588 64.425 14.9008
      vertex -41.2788 63.097 14.933
      vertex -41.3239 63.175 14.9008
    endloop
  endfacet
  facet normal -0.168265 0.291449 -0.941671
    outer loop
      vertex -35.8412 65.4788 14.9008
      vertex -33.7212 66.8068 14.933
      vertex -33.6761 66.7288 14.9008
    endloop
  endfacet
  facet normal -0.168354 0.291589 -0.941612
    outer loop
      vertex -33.7212 66.8068 14.933
      vertex -35.8412 65.4788 14.9008
      vertex -35.8862 65.5568 14.933
    endloop
  endfacet
  facet normal -0.168354 0.291589 -0.941612
    outer loop
      vertex -40.9507 62.5288 14.9008
      vertex -38.8307 63.8568 14.933
      vertex -38.7857 63.7788 14.9008
    endloop
  endfacet
  facet normal -0.168265 0.291449 -0.941671
    outer loop
      vertex -38.8307 63.8568 14.933
      vertex -40.9507 62.5288 14.9008
      vertex -40.9958 62.6068 14.933
    endloop
  endfacet
  facet normal -0.257082 0.445266 -0.857699
    outer loop
      vertex -35.7569 65.3328 14.8107
      vertex -33.6329 66.6539 14.8599
      vertex -33.5919 66.5828 14.8107
    endloop
  endfacet
  facet normal -0.256958 0.445072 -0.857837
    outer loop
      vertex -33.6329 66.6539 14.8599
      vertex -35.7569 65.3328 14.8107
      vertex -35.798 65.4039 14.8599
    endloop
  endfacet
  facet normal -0.257073 0.445271 -0.857699
    outer loop
      vertex -40.8665 62.3828 14.8107
      vertex -38.7424 63.7039 14.8599
      vertex -38.7014 63.6328 14.8107
    endloop
  endfacet
  facet normal -0.257073 0.445271 -0.857699
    outer loop
      vertex -38.7424 63.7039 14.8599
      vertex -40.8665 62.3828 14.8107
      vertex -40.9075 62.4539 14.8599
    endloop
  endfacet
  facet normal -0.213796 0.370312 0.903969
    outer loop
      vertex -33.6761 66.7288 13.0992
      vertex -35.798 65.4039 13.1401
      vertex -33.6329 66.6539 13.1401
    endloop
  endfacet
  facet normal -0.213796 0.370312 0.903969
    outer loop
      vertex -35.798 65.4039 13.1401
      vertex -33.6761 66.7288 13.0992
      vertex -35.8412 65.4788 13.0992
    endloop
  endfacet
  facet normal -0.213695 0.370137 0.904065
    outer loop
      vertex -38.7857 63.7788 13.0992
      vertex -40.9075 62.4539 13.1401
      vertex -38.7424 63.7039 13.1401
    endloop
  endfacet
  facet normal -0.213803 0.370308 0.903969
    outer loop
      vertex -40.9075 62.4539 13.1401
      vertex -38.7857 63.7788 13.0992
      vertex -40.9507 62.5288 13.0992
    endloop
  endfacet
  facet normal -0.451997 0.782896 -0.42752
    outer loop
      vertex -35.5774 65.0218 14.3731
      vertex -33.4328 66.3072 14.4596
      vertex -33.4123 66.2718 14.3731
    endloop
  endfacet
  facet normal -0.452114 0.783061 -0.427092
    outer loop
      vertex -33.4328 66.3072 14.4596
      vertex -35.5774 65.0218 14.3731
      vertex -35.5978 65.0572 14.4596
    endloop
  endfacet
  facet normal -0.452114 0.783061 -0.427092
    outer loop
      vertex -40.6869 62.0718 14.3731
      vertex -38.5423 63.3572 14.4596
      vertex -38.5219 63.3218 14.3731
    endloop
  endfacet
  facet normal -0.451997 0.782896 -0.42752
    outer loop
      vertex -38.5423 63.3572 14.4596
      vertex -40.6869 62.0718 14.3731
      vertex -40.7074 62.1072 14.4596
    endloop
  endfacet
  facet normal 0.470727 -0.815336 0.33711
    outer loop
      vertex -36.4781 66.582 13.6269
      vertex -34.3292 67.8599 13.717
      vertex -36.4943 66.6099 13.717
    endloop
  endfacet
  facet normal 0.470826 -0.81547 0.336647
    outer loop
      vertex -34.3292 67.8599 13.717
      vertex -36.4781 66.582 13.6269
      vertex -34.3131 67.832 13.6269
    endloop
  endfacet
  facet normal 0.470826 -0.81547 0.336647
    outer loop
      vertex -41.5877 63.632 13.6269
      vertex -39.4388 64.9099 13.717
      vertex -41.6038 63.6599 13.717
    endloop
  endfacet
  facet normal 0.470727 -0.815336 0.33711
    outer loop
      vertex -39.4388 64.9099 13.717
      vertex -41.5877 63.632 13.6269
      vertex -39.4226 64.882 13.6269
    endloop
  endfacet
  facet normal -0.470826 0.81547 -0.336647
    outer loop
      vertex -35.5612 64.9939 14.283
      vertex -33.4123 66.2718 14.3731
      vertex -33.3962 66.2439 14.283
    endloop
  endfacet
  facet normal -0.470727 0.815336 -0.33711
    outer loop
      vertex -33.4123 66.2718 14.3731
      vertex -35.5612 64.9939 14.283
      vertex -35.5774 65.0218 14.3731
    endloop
  endfacet
  facet normal -0.470727 0.815336 -0.33711
    outer loop
      vertex -40.6708 62.0439 14.283
      vertex -38.5219 63.3218 14.3731
      vertex -38.5057 63.2939 14.283
    endloop
  endfacet
  facet normal -0.470826 0.81547 -0.336647
    outer loop
      vertex -38.5219 63.3218 14.3731
      vertex -40.6708 62.0439 14.283
      vertex -40.6869 62.0718 14.3731
    endloop
  endfacet
  facet normal 0.0245499 -0.0425223 -0.998794
    outer loop
      vertex -36.0278 65.8019 14.975
      vertex -33.9105 67.1347 14.9703
      vertex -33.8627 67.0519 14.975
    endloop
  endfacet
  facet normal 0.0245635 -0.042544 -0.998793
    outer loop
      vertex -33.9105 67.1347 14.9703
      vertex -36.0278 65.8019 14.975
      vertex -36.0755 65.8847 14.9703
    endloop
  endfacet
  facet normal 0.0245499 -0.0425223 -0.998794
    outer loop
      vertex -41.1373 62.8519 14.975
      vertex -39.02 64.1847 14.9703
      vertex -38.9722 64.1019 14.975
    endloop
  endfacet
  facet normal 0.0245499 -0.0425223 -0.998794
    outer loop
      vertex -39.02 64.1847 14.9703
      vertex -41.1373 62.8519 14.975
      vertex -41.1851 62.9347 14.9703
    endloop
  endfacet
  facet normal 0.494623 -0.856726 0.146181
    outer loop
      vertex -36.5059 66.6301 13.8098
      vertex -34.3478 67.8922 13.9044
      vertex -36.5129 66.6422 13.9044
    endloop
  endfacet
  facet normal 0.494623 -0.856726 0.146181
    outer loop
      vertex -34.3478 67.8922 13.9044
      vertex -36.5059 66.6301 13.8098
      vertex -34.3408 67.8801 13.8098
    endloop
  endfacet
  facet normal 0.494585 -0.85666 0.146693
    outer loop
      vertex -41.6154 63.6801 13.8098
      vertex -39.4574 64.9422 13.9044
      vertex -41.6225 63.6922 13.9044
    endloop
  endfacet
  facet normal 0.49464 -0.856716 0.146181
    outer loop
      vertex -39.4574 64.9422 13.9044
      vertex -41.6154 63.6801 13.8098
      vertex -39.4504 64.9301 13.8098
    endloop
  endfacet
  facet normal -0.370637 0.641944 0.67122
    outer loop
      vertex -33.518 66.4548 13.3106
      vertex -35.6509 65.1492 13.3815
      vertex -33.4859 66.3992 13.3815
    endloop
  endfacet
  facet normal -0.370637 0.641944 0.67122
    outer loop
      vertex -35.6509 65.1492 13.3815
      vertex -33.518 66.4548 13.3106
      vertex -35.683 65.2048 13.3106
    endloop
  endfacet
  facet normal -0.370624 0.641951 0.67122
    outer loop
      vertex -38.6275 63.5048 13.3106
      vertex -40.7605 62.1992 13.3815
      vertex -38.5954 63.4492 13.3815
    endloop
  endfacet
  facet normal -0.370624 0.641951 0.67122
    outer loop
      vertex -40.7605 62.1992 13.3815
      vertex -38.6275 63.5048 13.3106
      vertex -40.7926 62.2548 13.3106
    endloop
  endfacet
  facet normal 0.213803 -0.370308 -0.903969
    outer loop
      vertex -36.2143 66.125 14.9008
      vertex -34.0925 67.4499 14.8599
      vertex -34.0493 67.375 14.9008
    endloop
  endfacet
  facet normal 0.213695 -0.370137 -0.904065
    outer loop
      vertex -34.0925 67.4499 14.8599
      vertex -36.2143 66.125 14.9008
      vertex -36.2576 66.1999 14.8599
    endloop
  endfacet
  facet normal 0.213796 -0.370312 -0.903969
    outer loop
      vertex -41.3239 63.175 14.9008
      vertex -39.202 64.4999 14.8599
      vertex -39.1588 64.425 14.9008
    endloop
  endfacet
  facet normal 0.213796 -0.370312 -0.903969
    outer loop
      vertex -39.202 64.4999 14.8599
      vertex -41.3239 63.175 14.9008
      vertex -41.3671 63.2499 14.8599
    endloop
  endfacet
  facet normal -0.168265 0.291449 0.941671
    outer loop
      vertex -33.7212 66.8068 13.067
      vertex -35.8412 65.4788 13.0992
      vertex -33.6761 66.7288 13.0992
    endloop
  endfacet
  facet normal -0.168354 0.291589 0.941612
    outer loop
      vertex -35.8412 65.4788 13.0992
      vertex -33.7212 66.8068 13.067
      vertex -35.8862 65.5568 13.067
    endloop
  endfacet
  facet normal -0.168354 0.291589 0.941612
    outer loop
      vertex -38.8307 63.8568 13.067
      vertex -40.9507 62.5288 13.0992
      vertex -38.7857 63.7788 13.0992
    endloop
  endfacet
  facet normal -0.168265 0.291449 0.941671
    outer loop
      vertex -40.9507 62.5288 13.0992
      vertex -38.8307 63.8568 13.067
      vertex -40.9958 62.6068 13.067
    endloop
  endfacet
  facet normal -0.485073 0.840147 -0.242606
    outer loop
      vertex -35.5496 64.9738 14.1902
      vertex -33.3962 66.2439 14.283
      vertex -33.3846 66.2238 14.1902
    endloop
  endfacet
  facet normal -0.485073 0.840147 -0.242606
    outer loop
      vertex -33.3962 66.2439 14.283
      vertex -35.5496 64.9738 14.1902
      vertex -35.5612 64.9939 14.283
    endloop
  endfacet
  facet normal -0.485056 0.840156 -0.242606
    outer loop
      vertex -40.6592 62.0238 14.1902
      vertex -38.5057 63.2939 14.283
      vertex -38.4941 63.2738 14.1902
    endloop
  endfacet
  facet normal -0.485056 0.840156 -0.242606
    outer loop
      vertex -38.5057 63.2939 14.283
      vertex -40.6592 62.0238 14.1902
      vertex -40.6708 62.0439 14.283
    endloop
  endfacet
  facet normal 0.452114 -0.783061 -0.427092
    outer loop
      vertex -34.3131 67.832 14.3731
      vertex -36.4577 66.5466 14.4596
      vertex -36.4781 66.582 14.3731
    endloop
  endfacet
  facet normal 0.451997 -0.782896 -0.42752
    outer loop
      vertex -36.4577 66.5466 14.4596
      vertex -34.3131 67.832 14.3731
      vertex -34.2926 67.7966 14.4596
    endloop
  endfacet
  facet normal 0.451997 -0.782896 -0.42752
    outer loop
      vertex -39.4226 64.882 14.3731
      vertex -41.5672 63.5966 14.4596
      vertex -41.5877 63.632 14.3731
    endloop
  endfacet
  facet normal 0.452114 -0.783061 -0.427092
    outer loop
      vertex -41.5672 63.5966 14.4596
      vertex -39.4226 64.882 14.3731
      vertex -39.4022 64.8466 14.4596
    endloop
  endfacet
  facet normal 0.499377 -0.864962 0.0496323
    outer loop
      vertex -36.5129 66.6422 13.9044
      vertex -34.3502 67.8963 14
      vertex -36.5153 66.6463 14
    endloop
  endfacet
  facet normal 0.499377 -0.864962 0.0496323
    outer loop
      vertex -34.3502 67.8963 14
      vertex -36.5129 66.6422 13.9044
      vertex -34.3478 67.8922 13.9044
    endloop
  endfacet
  facet normal 0.49939 -0.864984 0.0491112
    outer loop
      vertex -41.6225 63.6922 13.9044
      vertex -39.4597 64.9463 14
      vertex -41.6248 63.6963 14
    endloop
  endfacet
  facet normal 0.49939 -0.864984 0.0491112
    outer loop
      vertex -39.4597 64.9463 14
      vertex -41.6225 63.6922 13.9044
      vertex -39.4574 64.9422 13.9044
    endloop
  endfacet
  facet normal 0.213803 -0.370308 0.903969
    outer loop
      vertex -34.0925 67.4499 13.1401
      vertex -36.2143 66.125 13.0992
      vertex -34.0493 67.375 13.0992
    endloop
  endfacet
  facet normal 0.213695 -0.370137 0.904065
    outer loop
      vertex -36.2143 66.125 13.0992
      vertex -34.0925 67.4499 13.1401
      vertex -36.2576 66.1999 13.1401
    endloop
  endfacet
  facet normal 0.213796 -0.370312 0.903969
    outer loop
      vertex -39.202 64.4999 13.1401
      vertex -41.3239 63.175 13.0992
      vertex -39.1588 64.425 13.0992
    endloop
  endfacet
  facet normal 0.213796 -0.370312 0.903969
    outer loop
      vertex -41.3239 63.175 13.0992
      vertex -39.202 64.4999 13.1401
      vertex -41.3671 63.2499 13.1401
    endloop
  endfacet
  facet normal -0.335969 0.581899 0.74062
    outer loop
      vertex -33.5534 66.5162 13.2463
      vertex -35.683 65.2048 13.3106
      vertex -33.518 66.4548 13.3106
    endloop
  endfacet
  facet normal -0.335828 0.58168 0.740856
    outer loop
      vertex -35.683 65.2048 13.3106
      vertex -33.5534 66.5162 13.2463
      vertex -35.7185 65.2662 13.2463
    endloop
  endfacet
  facet normal -0.335828 0.58168 0.740856
    outer loop
      vertex -38.663 63.5662 13.2463
      vertex -40.7926 62.2548 13.3106
      vertex -38.6275 63.5048 13.3106
    endloop
  endfacet
  facet normal -0.335969 0.581899 0.74062
    outer loop
      vertex -40.7926 62.2548 13.3106
      vertex -38.663 63.5662 13.2463
      vertex -40.828 62.3162 13.2463
    endloop
  endfacet
  facet normal 0.401416 -0.695285 0.596191
    outer loop
      vertex -36.4046 66.4546 13.3815
      vertex -34.268 67.754 13.4583
      vertex -36.4331 66.504 13.4583
    endloop
  endfacet
  facet normal 0.401416 -0.695285 0.596191
    outer loop
      vertex -34.268 67.754 13.4583
      vertex -36.4046 66.4546 13.3815
      vertex -34.2395 67.7046 13.3815
    endloop
  endfacet
  facet normal 0.40143 -0.695277 0.596191
    outer loop
      vertex -41.5141 63.5046 13.3815
      vertex -39.3776 64.804 13.4583
      vertex -41.5426 63.554 13.4583
    endloop
  endfacet
  facet normal 0.40143 -0.695277 0.596191
    outer loop
      vertex -39.3776 64.804 13.4583
      vertex -41.5141 63.5046 13.3815
      vertex -39.3491 64.7546 13.3815
    endloop
  endfacet
  facet normal 0.335969 -0.581899 -0.74062
    outer loop
      vertex -36.337 66.3376 14.7537
      vertex -34.2074 67.649 14.6894
      vertex -34.172 67.5876 14.7537
    endloop
  endfacet
  facet normal 0.335828 -0.58168 -0.740856
    outer loop
      vertex -34.2074 67.649 14.6894
      vertex -36.337 66.3376 14.7537
      vertex -36.3725 66.399 14.6894
    endloop
  endfacet
  facet normal 0.335828 -0.58168 -0.740856
    outer loop
      vertex -41.4466 63.3876 14.7537
      vertex -39.317 64.699 14.6894
      vertex -39.2815 64.6376 14.7537
    endloop
  endfacet
  facet normal 0.335969 -0.581899 -0.74062
    outer loop
      vertex -39.317 64.699 14.6894
      vertex -41.4466 63.3876 14.7537
      vertex -41.482 63.449 14.6894
    endloop
  endfacet
  facet normal -0.213796 0.370312 -0.903969
    outer loop
      vertex -35.798 65.4039 14.8599
      vertex -33.6761 66.7288 14.9008
      vertex -33.6329 66.6539 14.8599
    endloop
  endfacet
  facet normal -0.213796 0.370312 -0.903969
    outer loop
      vertex -33.6761 66.7288 14.9008
      vertex -35.798 65.4039 14.8599
      vertex -35.8412 65.4788 14.9008
    endloop
  endfacet
  facet normal -0.213695 0.370137 -0.904065
    outer loop
      vertex -40.9075 62.4539 14.8599
      vertex -38.7857 63.7788 14.9008
      vertex -38.7424 63.7039 14.8599
    endloop
  endfacet
  facet normal -0.213803 0.370308 -0.903969
    outer loop
      vertex -38.7857 63.7788 14.9008
      vertex -40.9075 62.4539 14.8599
      vertex -40.9507 62.5288 14.9008
    endloop
  endfacet
  facet normal 0.121723 -0.210834 -0.969914
    outer loop
      vertex -36.1229 65.9666 14.9563
      vertex -34.0042 67.297 14.933
      vertex -33.9578 67.2166 14.9563
    endloop
  endfacet
  facet normal 0.121723 -0.210834 -0.969914
    outer loop
      vertex -34.0042 67.297 14.933
      vertex -36.1229 65.9666 14.9563
      vertex -36.1693 66.047 14.933
    endloop
  endfacet
  facet normal 0.121661 -0.210727 -0.969945
    outer loop
      vertex -41.2324 63.0166 14.9563
      vertex -39.1138 64.347 14.933
      vertex -39.0673 64.2666 14.9563
    endloop
  endfacet
  facet normal 0.121727 -0.210831 -0.969914
    outer loop
      vertex -39.1138 64.347 14.933
      vertex -41.2324 63.0166 14.9563
      vertex -41.2788 63.097 14.933
    endloop
  endfacet
  facet normal -0.0732147 0.126814 0.989221
    outer loop
      vertex -33.8149 66.9691 13.0297
      vertex -35.9327 65.6372 13.0437
      vertex -33.7676 66.8872 13.0437
    endloop
  endfacet
  facet normal -0.0732147 0.126814 0.989221
    outer loop
      vertex -35.9327 65.6372 13.0437
      vertex -33.8149 66.9691 13.0297
      vertex -35.98 65.7191 13.0297
    endloop
  endfacet
  facet normal -0.0731768 0.126748 0.989232
    outer loop
      vertex -38.9245 64.0191 13.0297
      vertex -41.0422 62.6872 13.0437
      vertex -38.8771 63.9372 13.0437
    endloop
  endfacet
  facet normal -0.0732172 0.126812 0.989221
    outer loop
      vertex -41.0422 62.6872 13.0437
      vertex -38.9245 64.0191 13.0297
      vertex -41.0895 62.7691 13.0297
    endloop
  endfacet
  facet normal -0.470826 0.81547 0.336647
    outer loop
      vertex -33.4123 66.2718 13.6269
      vertex -35.5612 64.9939 13.717
      vertex -33.3962 66.2439 13.717
    endloop
  endfacet
  facet normal -0.470727 0.815336 0.33711
    outer loop
      vertex -35.5612 64.9939 13.717
      vertex -33.4123 66.2718 13.6269
      vertex -35.5774 65.0218 13.6269
    endloop
  endfacet
  facet normal -0.470727 0.815336 0.33711
    outer loop
      vertex -38.5219 63.3218 13.6269
      vertex -40.6708 62.0439 13.717
      vertex -38.5057 63.2939 13.717
    endloop
  endfacet
  facet normal -0.470826 0.81547 0.336647
    outer loop
      vertex -40.6708 62.0439 13.717
      vertex -38.5219 63.3218 13.6269
      vertex -40.6869 62.0718 13.6269
    endloop
  endfacet
  facet normal -0.451997 0.782896 0.42752
    outer loop
      vertex -33.4328 66.3072 13.5404
      vertex -35.5774 65.0218 13.6269
      vertex -33.4123 66.2718 13.6269
    endloop
  endfacet
  facet normal -0.452114 0.783061 0.427092
    outer loop
      vertex -35.5774 65.0218 13.6269
      vertex -33.4328 66.3072 13.5404
      vertex -35.5978 65.0572 13.5404
    endloop
  endfacet
  facet normal -0.452114 0.783061 0.427092
    outer loop
      vertex -38.5423 63.3572 13.5404
      vertex -40.6869 62.0718 13.6269
      vertex -38.5219 63.3218 13.6269
    endloop
  endfacet
  facet normal -0.451997 0.782896 0.42752
    outer loop
      vertex -40.6869 62.0718 13.6269
      vertex -38.5423 63.3572 13.5404
      vertex -40.7074 62.1072 13.5404
    endloop
  endfacet
  facet normal 0.121723 -0.210834 0.969914
    outer loop
      vertex -34.0042 67.297 13.067
      vertex -36.1229 65.9666 13.0437
      vertex -33.9578 67.2166 13.0437
    endloop
  endfacet
  facet normal 0.121723 -0.210834 0.969914
    outer loop
      vertex -36.1229 65.9666 13.0437
      vertex -34.0042 67.297 13.067
      vertex -36.1693 66.047 13.067
    endloop
  endfacet
  facet normal 0.121661 -0.210727 0.969945
    outer loop
      vertex -39.1138 64.347 13.067
      vertex -41.2324 63.0166 13.0437
      vertex -39.0673 64.2666 13.0437
    endloop
  endfacet
  facet normal 0.121727 -0.210831 0.969914
    outer loop
      vertex -41.2324 63.0166 13.0437
      vertex -39.1138 64.347 13.067
      vertex -41.2788 63.097 13.067
    endloop
  endfacet
  facet normal 0.0732172 -0.126812 -0.989221
    outer loop
      vertex -36.0755 65.8847 14.9703
      vertex -33.9578 67.2166 14.9563
      vertex -33.9105 67.1347 14.9703
    endloop
  endfacet
  facet normal 0.0731768 -0.126748 -0.989232
    outer loop
      vertex -33.9578 67.2166 14.9563
      vertex -36.0755 65.8847 14.9703
      vertex -36.1229 65.9666 14.9563
    endloop
  endfacet
  facet normal 0.0732147 -0.126814 -0.989221
    outer loop
      vertex -41.1851 62.9347 14.9703
      vertex -39.0673 64.2666 14.9563
      vertex -39.02 64.1847 14.9703
    endloop
  endfacet
  facet normal 0.0732147 -0.126814 -0.989221
    outer loop
      vertex -39.0673 64.2666 14.9563
      vertex -41.1851 62.9347 14.9703
      vertex -41.2324 63.0166 14.9563
    endloop
  endfacet
  facet normal -0.370637 0.641944 -0.67122
    outer loop
      vertex -35.6509 65.1492 14.6185
      vertex -33.518 66.4548 14.6894
      vertex -33.4859 66.3992 14.6185
    endloop
  endfacet
  facet normal -0.370637 0.641944 -0.67122
    outer loop
      vertex -33.518 66.4548 14.6894
      vertex -35.6509 65.1492 14.6185
      vertex -35.683 65.2048 14.6894
    endloop
  endfacet
  facet normal -0.370624 0.641951 -0.67122
    outer loop
      vertex -40.7605 62.1992 14.6185
      vertex -38.6275 63.5048 14.6894
      vertex -38.5954 63.4492 14.6185
    endloop
  endfacet
  facet normal -0.370624 0.641951 -0.67122
    outer loop
      vertex -38.6275 63.5048 14.6894
      vertex -40.7605 62.1992 14.6185
      vertex -40.7926 62.2548 14.6894
    endloop
  endfacet
  facet normal -0.428911 0.742874 -0.513978
    outer loop
      vertex -35.5978 65.0572 14.4596
      vertex -33.4574 66.3498 14.5417
      vertex -33.4328 66.3072 14.4596
    endloop
  endfacet
  facet normal -0.428911 0.742874 -0.513978
    outer loop
      vertex -33.4574 66.3498 14.5417
      vertex -35.5978 65.0572 14.4596
      vertex -35.6224 65.0998 14.5417
    endloop
  endfacet
  facet normal -0.428896 0.742882 -0.513978
    outer loop
      vertex -40.7074 62.1072 14.4596
      vertex -38.5669 63.3998 14.5417
      vertex -38.5423 63.3572 14.4596
    endloop
  endfacet
  facet normal -0.428896 0.742882 -0.513978
    outer loop
      vertex -38.5669 63.3998 14.5417
      vertex -40.7074 62.1072 14.4596
      vertex -40.732 62.1498 14.5417
    endloop
  endfacet
  facet normal -0.40143 0.695277 -0.596191
    outer loop
      vertex -35.6224 65.0998 14.5417
      vertex -33.4859 66.3992 14.6185
      vertex -33.4574 66.3498 14.5417
    endloop
  endfacet
  facet normal -0.40143 0.695277 -0.596191
    outer loop
      vertex -33.4859 66.3992 14.6185
      vertex -35.6224 65.0998 14.5417
      vertex -35.6509 65.1492 14.6185
    endloop
  endfacet
  facet normal -0.401416 0.695285 -0.596191
    outer loop
      vertex -40.732 62.1498 14.5417
      vertex -38.5954 63.4492 14.6185
      vertex -38.5669 63.3998 14.5417
    endloop
  endfacet
  facet normal -0.401416 0.695285 -0.596191
    outer loop
      vertex -38.5954 63.4492 14.6185
      vertex -40.732 62.1498 14.5417
      vertex -40.7605 62.1992 14.6185
    endloop
  endfacet
  facet normal -0.297667 0.515583 0.803473
    outer loop
      vertex -33.5919 66.5828 13.1893
      vertex -35.7185 65.2662 13.2463
      vertex -33.5534 66.5162 13.2463
    endloop
  endfacet
  facet normal -0.297802 0.515793 0.803288
    outer loop
      vertex -35.7185 65.2662 13.2463
      vertex -33.5919 66.5828 13.1893
      vertex -35.7569 65.3328 13.1893
    endloop
  endfacet
  facet normal -0.297802 0.515793 0.803288
    outer loop
      vertex -38.7014 63.6328 13.1893
      vertex -40.828 62.3162 13.2463
      vertex -38.663 63.5662 13.2463
    endloop
  endfacet
  facet normal -0.297667 0.515583 0.803473
    outer loop
      vertex -40.828 62.3162 13.2463
      vertex -38.7014 63.6328 13.1893
      vertex -40.8665 62.3828 13.1893
    endloop
  endfacet
  facet normal 0.297667 -0.515583 0.803473
    outer loop
      vertex -34.172 67.5876 13.2463
      vertex -36.2986 66.271 13.1893
      vertex -34.1335 67.521 13.1893
    endloop
  endfacet
  facet normal 0.297802 -0.515793 0.803288
    outer loop
      vertex -36.2986 66.271 13.1893
      vertex -34.172 67.5876 13.2463
      vertex -36.337 66.3376 13.2463
    endloop
  endfacet
  facet normal 0.297802 -0.515793 0.803288
    outer loop
      vertex -39.2815 64.6376 13.2463
      vertex -41.4081 63.321 13.1893
      vertex -39.2431 64.571 13.1893
    endloop
  endfacet
  facet normal 0.297667 -0.515583 0.803473
    outer loop
      vertex -41.4081 63.321 13.1893
      vertex -39.2815 64.6376 13.2463
      vertex -41.4466 63.3876 13.2463
    endloop
  endfacet
  facet normal 0.452114 -0.783061 0.427092
    outer loop
      vertex -36.4577 66.5466 13.5404
      vertex -34.3131 67.832 13.6269
      vertex -36.4781 66.582 13.6269
    endloop
  endfacet
  facet normal 0.451997 -0.782896 0.42752
    outer loop
      vertex -34.3131 67.832 13.6269
      vertex -36.4577 66.5466 13.5404
      vertex -34.2926 67.7966 13.5404
    endloop
  endfacet
  facet normal 0.451997 -0.782896 0.42752
    outer loop
      vertex -41.5672 63.5966 13.5404
      vertex -39.4226 64.882 13.6269
      vertex -41.5877 63.632 13.6269
    endloop
  endfacet
  facet normal 0.452114 -0.783061 0.427092
    outer loop
      vertex -39.4226 64.882 13.6269
      vertex -41.5672 63.5966 13.5404
      vertex -39.4022 64.8466 13.5404
    endloop
  endfacet
  facet normal 0.257073 -0.445271 0.857699
    outer loop
      vertex -34.1335 67.521 13.1893
      vertex -36.2576 66.1999 13.1401
      vertex -34.0925 67.4499 13.1401
    endloop
  endfacet
  facet normal 0.257073 -0.445271 0.857699
    outer loop
      vertex -36.2576 66.1999 13.1401
      vertex -34.1335 67.521 13.1893
      vertex -36.2986 66.271 13.1893
    endloop
  endfacet
  facet normal 0.256958 -0.445072 0.857837
    outer loop
      vertex -39.2431 64.571 13.1893
      vertex -41.3671 63.2499 13.1401
      vertex -39.202 64.4999 13.1401
    endloop
  endfacet
  facet normal 0.257082 -0.445266 0.857699
    outer loop
      vertex -41.3671 63.2499 13.1401
      vertex -39.2431 64.571 13.1893
      vertex -41.4081 63.321 13.1893
    endloop
  endfacet
  facet normal -0.257082 0.445266 0.857699
    outer loop
      vertex -33.6329 66.6539 13.1401
      vertex -35.7569 65.3328 13.1893
      vertex -33.5919 66.5828 13.1893
    endloop
  endfacet
  facet normal -0.256958 0.445072 0.857837
    outer loop
      vertex -35.7569 65.3328 13.1893
      vertex -33.6329 66.6539 13.1401
      vertex -35.798 65.4039 13.1401
    endloop
  endfacet
  facet normal -0.257073 0.445271 0.857699
    outer loop
      vertex -38.7424 63.7039 13.1401
      vertex -40.8665 62.3828 13.1893
      vertex -38.7014 63.6328 13.1893
    endloop
  endfacet
  facet normal -0.257073 0.445271 0.857699
    outer loop
      vertex -40.8665 62.3828 13.1893
      vertex -38.7424 63.7039 13.1401
      vertex -40.9075 62.4539 13.1401
    endloop
  endfacet
  facet normal -0.40143 0.695277 0.596191
    outer loop
      vertex -33.4859 66.3992 13.3815
      vertex -35.6224 65.0998 13.4583
      vertex -33.4574 66.3498 13.4583
    endloop
  endfacet
  facet normal -0.40143 0.695277 0.596191
    outer loop
      vertex -35.6224 65.0998 13.4583
      vertex -33.4859 66.3992 13.3815
      vertex -35.6509 65.1492 13.3815
    endloop
  endfacet
  facet normal -0.401416 0.695285 0.596191
    outer loop
      vertex -38.5954 63.4492 13.3815
      vertex -40.732 62.1498 13.4583
      vertex -38.5669 63.3998 13.4583
    endloop
  endfacet
  facet normal -0.401416 0.695285 0.596191
    outer loop
      vertex -40.732 62.1498 13.4583
      vertex -38.5954 63.4492 13.3815
      vertex -40.7605 62.1992 13.3815
    endloop
  endfacet
  facet normal 0.335969 -0.581899 0.74062
    outer loop
      vertex -34.2074 67.649 13.3106
      vertex -36.337 66.3376 13.2463
      vertex -34.172 67.5876 13.2463
    endloop
  endfacet
  facet normal 0.335828 -0.58168 0.740856
    outer loop
      vertex -36.337 66.3376 13.2463
      vertex -34.2074 67.649 13.3106
      vertex -36.3725 66.399 13.3106
    endloop
  endfacet
  facet normal 0.335828 -0.58168 0.740856
    outer loop
      vertex -39.317 64.699 13.3106
      vertex -41.4466 63.3876 13.2463
      vertex -39.2815 64.6376 13.2463
    endloop
  endfacet
  facet normal 0.335969 -0.581899 0.74062
    outer loop
      vertex -41.4466 63.3876 13.2463
      vertex -39.317 64.699 13.3106
      vertex -41.482 63.449 13.3106
    endloop
  endfacet
  facet normal 0.370624 -0.641951 0.67122
    outer loop
      vertex -34.2395 67.7046 13.3815
      vertex -36.3725 66.399 13.3106
      vertex -34.2074 67.649 13.3106
    endloop
  endfacet
  facet normal 0.370624 -0.641951 0.67122
    outer loop
      vertex -36.3725 66.399 13.3106
      vertex -34.2395 67.7046 13.3815
      vertex -36.4046 66.4546 13.3815
    endloop
  endfacet
  facet normal 0.370637 -0.641944 0.67122
    outer loop
      vertex -39.3491 64.7546 13.3815
      vertex -41.482 63.449 13.3106
      vertex -39.317 64.699 13.3106
    endloop
  endfacet
  facet normal 0.370637 -0.641944 0.67122
    outer loop
      vertex -41.482 63.449 13.3106
      vertex -39.3491 64.7546 13.3815
      vertex -41.5141 63.5046 13.3815
    endloop
  endfacet
  facet normal -0.49939 0.864984 -0.0491112
    outer loop
      vertex -35.5403 64.9575 14
      vertex -33.3775 66.2116 14.0956
      vertex -33.3752 66.2075 14
    endloop
  endfacet
  facet normal -0.49939 0.864984 -0.0491112
    outer loop
      vertex -33.3775 66.2116 14.0956
      vertex -35.5403 64.9575 14
      vertex -35.5426 64.9616 14.0956
    endloop
  endfacet
  facet normal -0.499377 0.864962 -0.0496323
    outer loop
      vertex -40.6498 62.0075 14
      vertex -38.4871 63.2616 14.0956
      vertex -38.4847 63.2575 14
    endloop
  endfacet
  facet normal -0.499377 0.864962 -0.0496323
    outer loop
      vertex -38.4871 63.2616 14.0956
      vertex -40.6498 62.0075 14
      vertex -40.6522 62.0116 14.0956
    endloop
  endfacet
  facet normal -0.121727 0.210831 0.969914
    outer loop
      vertex -33.7676 66.8872 13.0437
      vertex -35.8862 65.5568 13.067
      vertex -33.7212 66.8068 13.067
    endloop
  endfacet
  facet normal -0.121661 0.210727 0.969945
    outer loop
      vertex -35.8862 65.5568 13.067
      vertex -33.7676 66.8872 13.0437
      vertex -35.9327 65.6372 13.0437
    endloop
  endfacet
  facet normal -0.121723 0.210834 0.969914
    outer loop
      vertex -38.8771 63.9372 13.0437
      vertex -40.9958 62.6068 13.067
      vertex -38.8307 63.8568 13.067
    endloop
  endfacet
  facet normal -0.121723 0.210834 0.969914
    outer loop
      vertex -40.9958 62.6068 13.067
      vertex -38.8771 63.9372 13.0437
      vertex -41.0422 62.6872 13.0437
    endloop
  endfacet
  facet normal -0 0 1
    outer loop
      vertex -41.3481 65.617 3
      vertex -38.4151 61.5368 3
      vertex -40.9151 65.867 3
    endloop
  endfacet
  facet normal 0 0 1
    outer loop
      vertex -38.4151 61.5368 3
      vertex -41.3481 65.617 3
      vertex -35.3481 55.2247 3
    endloop
  endfacet
  facet normal 0 0 1
    outer loop
      vertex -36.1519 68.617 3
      vertex -34.0849 64.0368 3
      vertex -30.1519 58.2247 3
    endloop
  endfacet
  facet normal 0 0 1
    outer loop
      vertex -34.0849 64.0368 3
      vertex -36.1519 68.617 3
      vertex -36.5849 68.367 3
    endloop
  endfacet
  facet normal -0.866025 -0.5 0
    outer loop
      vertex -41.3481 65.617 0
      vertex -35.3481 55.2247 3
      vertex -41.3481 65.617 3
    endloop
  endfacet
  facet normal -0.866044 -0.499968 0.00014999
    outer loop
      vertex -41.3481 65.617 0
      vertex -34.8481 54.3586 3
      vertex -35.3481 55.2247 3
    endloop
  endfacet
  facet normal -0.866025 -0.5 -1.25172e-05
    outer loop
      vertex -13.9874 18.2269 0
      vertex -34.8481 54.3586 3
      vertex -41.3481 65.617 0
    endloop
  endfacet
  facet normal -0.866025 -0.500001 0
    outer loop
      vertex -34.8481 54.3586 3
      vertex -13.9874 18.2269 0
      vertex -13.9874 18.2269 3
    endloop
  endfacet
  facet normal 0.866025 0.5 0
    outer loop
      vertex -30.1519 58.2247 3
      vertex -36.1519 68.617 0
      vertex -36.1519 68.617 3
    endloop
  endfacet
  facet normal 0.866044 0.499968 -0.00014999
    outer loop
      vertex -29.6519 57.3586 3
      vertex -36.1519 68.617 0
      vertex -30.1519 58.2247 3
    endloop
  endfacet
  facet normal 0.866026 0.5 -0
    outer loop
      vertex -8.80363 21.2483 0
      vertex -29.6519 57.3586 3
      vertex -8.80363 21.2483 3
    endloop
  endfacet
  facet normal 0.866026 0.499999 7.39209e-06
    outer loop
      vertex -29.6519 57.3586 3
      vertex -8.80363 21.2483 0
      vertex -36.1519 68.617 0
    endloop
  endfacet
  facet normal -0.866029 -0.499994 -0
    outer loop
      vertex -38.4151 61.5368 9
      vertex -40.9151 65.867 3
      vertex -38.4151 61.5368 3
    endloop
  endfacet
  facet normal -0.866029 -0.499994 0
    outer loop
      vertex -40.9151 65.867 3
      vertex -38.4151 61.5368 9
      vertex -40.9151 65.867 10.5
    endloop
  endfacet
  facet normal -0.866029 -0.499994 0
    outer loop
      vertex -40.9151 65.867 10.5
      vertex -38.4151 61.5368 9
      vertex -38.4151 61.5368 10.5
    endloop
  endfacet
  facet normal 0.866029 0.499994 -0
    outer loop
      vertex -34.0849 64.0368 9
      vertex -36.5849 68.367 10.5
      vertex -34.0849 64.0368 10.5
    endloop
  endfacet
  facet normal 0.866029 0.499994 0
    outer loop
      vertex -36.5849 68.367 10.5
      vertex -34.0849 64.0368 9
      vertex -36.5849 68.367 3
    endloop
  endfacet
  facet normal 0.866029 0.499994 0
    outer loop
      vertex -36.5849 68.367 3
      vertex -34.0849 64.0368 9
      vertex -34.0849 64.0368 3
    endloop
  endfacet
  facet normal 0.828198 0.560435 0
    outer loop
      vertex -30.1519 58.2247 3
      vertex -34.0849 64.0368 3
      vertex -34.0849 64.0368 9
    endloop
  endfacet
  facet normal 0.863028 0.498284 0.0830354
    outer loop
      vertex -33.8349 63.6038 9
      vertex -30.1519 58.2247 3
      vertex -34.0849 64.0368 9
    endloop
  endfacet
  facet normal 0.863049 0.498239 0.083089
    outer loop
      vertex -30.1519 58.2247 3
      vertex -33.8349 63.6038 9
      vertex -29.6519 57.3586 3
    endloop
  endfacet
  facet normal 0.312345 -0.541003 0.780869
    outer loop
      vertex -33.8349 63.6038 9
      vertex -34.8481 54.3586 3
      vertex -29.6519 57.3586 3
    endloop
  endfacet
  facet normal 0.312343 -0.541003 0.78087
    outer loop
      vertex -34.8481 54.3586 3
      vertex -33.8349 63.6038 9
      vertex -38.1651 61.1038 9
    endloop
  endfacet
  facet normal -0.899445 -0.437033 -0
    outer loop
      vertex -38.4151 61.5368 9
      vertex -38.4151 61.5368 3
      vertex -35.3481 55.2247 3
    endloop
  endfacet
  facet normal 0 0 1
    outer loop
      vertex -34.0849 64.0368 9
      vertex -38.1651 61.1038 9
      vertex -33.8349 63.6038 9
    endloop
  endfacet
  facet normal 0 -0 1
    outer loop
      vertex -38.1651 61.1038 9
      vertex -34.0849 64.0368 9
      vertex -38.4151 61.5368 9
    endloop
  endfacet
  facet normal -0.863027 -0.498284 0.0830519
    outer loop
      vertex -35.3481 55.2247 3
      vertex -38.1651 61.1038 9
      vertex -38.4151 61.5368 9
    endloop
  endfacet
  facet normal -0.863056 -0.498243 0.0829983
    outer loop
      vertex -38.1651 61.1038 9
      vertex -35.3481 55.2247 3
      vertex -34.8481 54.3586 3
    endloop
  endfacet
  facet normal -0.500011 -0.866019 0
    outer loop
      vertex -41.3481 -65.617 0
      vertex -40.9151 -65.867 3
      vertex -41.3481 -65.617 3
    endloop
  endfacet
  facet normal -0.499994 -0.866029 -3.33329e-06
    outer loop
      vertex -40.9151 -65.867 3
      vertex -41.3481 -65.617 0
      vertex -36.5849 -68.367 3
    endloop
  endfacet
  facet normal -0.499997 -0.866027 2.77776e-06
    outer loop
      vertex -36.1519 -68.617 0
      vertex -36.5849 -68.367 3
      vertex -41.3481 -65.617 0
    endloop
  endfacet
  facet normal -0.500011 -0.866019 0
    outer loop
      vertex -36.5849 -68.367 3
      vertex -36.1519 -68.617 0
      vertex -36.1519 -68.617 3
    endloop
  endfacet
  facet normal -0.499957 -0.86605 0
    outer loop
      vertex -36.5849 -68.367 10.5
      vertex -37.2778 -67.967 14
      vertex -37.2778 -67.967 10.5
    endloop
  endfacet
  facet normal -0.499994 -0.866029 -9.71416e-06
    outer loop
      vertex -37.2778 -67.967 14
      vertex -36.5849 -68.367 10.5
      vertex -35.1127 -69.217 14
    endloop
  endfacet
  facet normal -0.500011 -0.866019 -0
    outer loop
      vertex -35.1127 -69.217 14
      vertex -36.5849 -68.367 10.5
      vertex -35.1127 -69.217 10.5
    endloop
  endfacet
  facet normal -0.500011 -0.866019 0
    outer loop
      vertex -40.9151 -65.867 10.5
      vertex -42.3873 -65.017 14
      vertex -42.3873 -65.017 10.5
    endloop
  endfacet
  facet normal -0.499994 -0.866029 9.71416e-06
    outer loop
      vertex -42.3873 -65.017 14
      vertex -40.9151 -65.867 10.5
      vertex -40.2222 -66.267 14
    endloop
  endfacet
  facet normal -0.499957 -0.86605 0
    outer loop
      vertex -40.9151 -65.867 10.5
      vertex -40.2222 -66.267 10.5
      vertex -40.2222 -66.267 14
    endloop
  endfacet
  facet normal -0.499957 -0.86605 0
    outer loop
      vertex -40.9151 -65.867 3
      vertex -40.2222 -66.267 10.5
      vertex -40.9151 -65.867 10.5
    endloop
  endfacet
  facet normal -0.500011 -0.866019 6.66681e-06
    outer loop
      vertex -40.2222 -66.267 10.5
      vertex -40.9151 -65.867 3
      vertex -37.2778 -67.967 10.5
    endloop
  endfacet
  facet normal -0.499994 -0.866029 -4.53328e-06
    outer loop
      vertex -36.5849 -68.367 3
      vertex -37.2778 -67.967 10.5
      vertex -40.9151 -65.867 3
    endloop
  endfacet
  facet normal -0.499957 -0.86605 0
    outer loop
      vertex -37.2778 -67.967 10.5
      vertex -36.5849 -68.367 3
      vertex -36.5849 -68.367 10.5
    endloop
  endfacet
  facet normal 0 0 -1
    outer loop
      vertex -35.1127 -69.217 10.5
      vertex -34.0849 -64.0368 10.5
      vertex -32.6127 -64.8868 10.5
    endloop
  endfacet
  facet normal 0 0 -1
    outer loop
      vertex -34.0849 -64.0368 10.5
      vertex -35.1127 -69.217 10.5
      vertex -36.5849 -68.367 10.5
    endloop
  endfacet
  facet normal 0 0 -1
    outer loop
      vertex -40.9151 -65.867 10.5
      vertex -39.8873 -60.6868 10.5
      vertex -38.4151 -61.5368 10.5
    endloop
  endfacet
  facet normal 0 0 -1
    outer loop
      vertex -39.8873 -60.6868 10.5
      vertex -40.9151 -65.867 10.5
      vertex -42.3873 -65.017 10.5
    endloop
  endfacet
  facet normal 0 0 1
    outer loop
      vertex -37.7222 -61.9368 10.5
      vertex -37.2778 -67.967 10.5
      vertex -34.7778 -63.6368 10.5
    endloop
  endfacet
  facet normal 0 0 1
    outer loop
      vertex -37.2778 -67.967 10.5
      vertex -37.7222 -61.9368 10.5
      vertex -40.2222 -66.267 10.5
    endloop
  endfacet
  facet normal 0.499957 0.86605 0
    outer loop
      vertex -38.4151 -61.5368 10.5
      vertex -37.7222 -61.9368 14
      vertex -37.7222 -61.9368 10.5
    endloop
  endfacet
  facet normal 0.499994 0.866029 -9.71416e-06
    outer loop
      vertex -37.7222 -61.9368 14
      vertex -38.4151 -61.5368 10.5
      vertex -39.8873 -60.6868 14
    endloop
  endfacet
  facet normal 0.500011 0.866019 0
    outer loop
      vertex -39.8873 -60.6868 14
      vertex -38.4151 -61.5368 10.5
      vertex -39.8873 -60.6868 10.5
    endloop
  endfacet
  facet normal 0.500011 0.866019 0
    outer loop
      vertex -34.0849 -64.0368 10.5
      vertex -32.6127 -64.8868 14
      vertex -32.6127 -64.8868 10.5
    endloop
  endfacet
  facet normal 0.499994 0.866029 9.71416e-06
    outer loop
      vertex -32.6127 -64.8868 14
      vertex -34.0849 -64.0368 10.5
      vertex -34.7778 -63.6368 14
    endloop
  endfacet
  facet normal 0.499957 0.86605 0
    outer loop
      vertex -34.0849 -64.0368 10.5
      vertex -34.7778 -63.6368 10.5
      vertex -34.7778 -63.6368 14
    endloop
  endfacet
  facet normal 0.499957 0.86605 -0
    outer loop
      vertex -34.0849 -64.0368 9
      vertex -34.7778 -63.6368 10.5
      vertex -34.0849 -64.0368 10.5
    endloop
  endfacet
  facet normal 0.500011 0.866019 3.33341e-05
    outer loop
      vertex -34.7778 -63.6368 10.5
      vertex -34.0849 -64.0368 9
      vertex -37.7222 -61.9368 10.5
    endloop
  endfacet
  facet normal 0.499994 0.866029 -2.26664e-05
    outer loop
      vertex -38.4151 -61.5368 9
      vertex -37.7222 -61.9368 10.5
      vertex -34.0849 -64.0368 9
    endloop
  endfacet
  facet normal 0.499957 0.86605 0
    outer loop
      vertex -37.7222 -61.9368 10.5
      vertex -38.4151 -61.5368 9
      vertex -38.4151 -61.5368 10.5
    endloop
  endfacet
  facet normal 0.866027 -0.499997 0.000297892
    outer loop
      vertex -37.7222 -61.9368 14
      vertex -38.4871 -63.2616 14.0956
      vertex -38.4847 -63.2575 14
    endloop
  endfacet
  facet normal 0.866039 -0.499976 -1.58402e-05
    outer loop
      vertex -38.7857 -63.7788 14.9008
      vertex -38.383 -63.0813 16.2048
      vertex -38.4939 -63.2734 16.3097
    endloop
  endfacet
  facet normal 0.866574 -0.499048 -0.000236474
    outer loop
      vertex -38.2778 -62.8991 16.0787
      vertex -38.4941 -63.2738 14.1902
      vertex -38.4871 -63.2616 14.0956
    endloop
  endfacet
  facet normal 0.866087 -0.499893 -1.3218e-05
    outer loop
      vertex -38.2778 -62.8991 16.0787
      vertex -38.5057 -63.2939 14.283
      vertex -38.4941 -63.2738 14.1902
    endloop
  endfacet
  facet normal 0.865317 -0.501224 0.00037725
    outer loop
      vertex -38.2778 -62.8991 16.0787
      vertex -38.5219 -63.3218 14.3731
      vertex -38.5057 -63.2939 14.283
    endloop
  endfacet
  facet normal 0.866259 -0.499595 -0.000161382
    outer loop
      vertex -38.2778 -62.8991 16.0787
      vertex -38.5423 -63.3572 14.4596
      vertex -38.5219 -63.3218 14.3731
    endloop
  endfacet
  facet normal 0.865993 -0.500056 1.2675e-05
    outer loop
      vertex -38.2778 -62.8991 16.0787
      vertex -38.5669 -63.3998 14.5417
      vertex -38.5423 -63.3572 14.4596
    endloop
  endfacet
  facet normal 0.866127 -0.499825 -8.77625e-05
    outer loop
      vertex -38.2778 -62.8991 16.0787
      vertex -38.5954 -63.4492 14.6185
      vertex -38.5669 -63.3998 14.5417
    endloop
  endfacet
  facet normal 0.86598 -0.500078 6.07604e-05
    outer loop
      vertex -38.8307 -63.8568 14.933
      vertex -38.4939 -63.2734 16.3097
      vertex -38.6094 -63.4734 16.3923
    endloop
  endfacet
  facet normal 0.866029 -0.499995 -2.52194e-06
    outer loop
      vertex -38.2778 -62.8991 16.0787
      vertex -38.6275 -63.5048 14.6894
      vertex -38.5954 -63.4492 14.6185
    endloop
  endfacet
  facet normal 0.865813 -0.500368 0.000214416
    outer loop
      vertex -38.2778 -62.8991 16.0787
      vertex -38.663 -63.5662 14.7537
      vertex -38.6275 -63.5048 14.6894
    endloop
  endfacet
  facet normal 0.86622 -0.499663 -0.000258488
    outer loop
      vertex -38.2778 -62.8991 16.0787
      vertex -38.7014 -63.6328 14.8107
      vertex -38.663 -63.5662 14.7537
    endloop
  endfacet
  facet normal 0.866017 -0.500014 5.14555e-05
    outer loop
      vertex -38.8771 -63.9372 14.9563
      vertex -38.6094 -63.4734 16.3923
      vertex -38.7284 -63.6795 16.452
    endloop
  endfacet
  facet normal 0.866212 -0.499676 -0.000248777
    outer loop
      vertex -38.2778 -62.8991 16.0787
      vertex -38.7424 -63.7039 14.8599
      vertex -38.7014 -63.6328 14.8107
    endloop
  endfacet
  facet normal 0.865824 -0.500349 0.000343668
    outer loop
      vertex -38.2778 -62.8991 16.0787
      vertex -38.7857 -63.7788 14.9008
      vertex -38.7424 -63.7039 14.8599
    endloop
  endfacet
  facet normal 0.866164 -0.499759 -0.000119454
    outer loop
      vertex -38.4939 -63.2734 16.3097
      vertex -38.8307 -63.8568 14.933
      vertex -38.7857 -63.7788 14.9008
    endloop
  endfacet
  facet normal 0.866125 -0.499827 -7.1553e-05
    outer loop
      vertex -38.9245 -64.0191 14.9703
      vertex -38.7284 -63.6795 16.452
      vertex -38.8497 -63.8897 16.488
    endloop
  endfacet
  facet normal 0.866111 -0.499851 -1.89328e-05
    outer loop
      vertex -38.6094 -63.4734 16.3923
      vertex -38.8771 -63.9372 14.9563
      vertex -38.8307 -63.8568 14.933
    endloop
  endfacet
  facet normal 0.865517 -0.500879 0.000250172
    outer loop
      vertex -38.7284 -63.6795 16.452
      vertex -38.9245 -64.0191 14.9703
      vertex -38.8771 -63.9372 14.9563
    endloop
  endfacet
  facet normal 0.86605 -0.499958 0
    outer loop
      vertex -38.9722 -64.1019 14.975
      vertex -38.8497 -63.8897 16.488
      vertex -38.9722 -64.1019 16.5
    endloop
  endfacet
  facet normal 0.866495 -0.499185 -0.000144515
    outer loop
      vertex -38.8497 -63.8897 16.488
      vertex -38.9722 -64.1019 14.975
      vertex -38.9245 -64.0191 14.9703
    endloop
  endfacet
  facet normal 0.865873 -0.500264 0
    outer loop
      vertex -39.0948 -64.3141 16.488
      vertex -38.9722 -64.1019 14.975
      vertex -38.9722 -64.1019 16.5
    endloop
  endfacet
  facet normal 0.866045 -0.499966 5.56908e-05
    outer loop
      vertex -38.9722 -64.1019 14.975
      vertex -39.0948 -64.3141 16.488
      vertex -39.02 -64.1847 14.9703
    endloop
  endfacet
  facet normal 0.866125 -0.499827 7.1553e-05
    outer loop
      vertex -39.2161 -64.5243 16.452
      vertex -39.02 -64.1847 14.9703
      vertex -39.0948 -64.3141 16.488
    endloop
  endfacet
  facet normal 0.865958 -0.500117 -1.70986e-05
    outer loop
      vertex -39.02 -64.1847 14.9703
      vertex -39.2161 -64.5243 16.452
      vertex -39.0673 -64.2666 14.9563
    endloop
  endfacet
  facet normal 0.86601 -0.500026 3.69257e-06
    outer loop
      vertex -39.3351 -64.7304 16.3923
      vertex -39.0673 -64.2666 14.9563
      vertex -39.2161 -64.5243 16.452
    endloop
  endfacet
  facet normal 0.865678 -0.500601 -0.000243946
    outer loop
      vertex -39.0673 -64.2666 14.9563
      vertex -39.3351 -64.7304 16.3923
      vertex -39.1138 -64.347 14.933
    endloop
  endfacet
  facet normal 0.86598 -0.500078 -6.07604e-05
    outer loop
      vertex -39.4506 -64.9304 16.3097
      vertex -39.1138 -64.347 14.933
      vertex -39.3351 -64.7304 16.3923
    endloop
  endfacet
  facet normal 0.866164 -0.499759 0.000119454
    outer loop
      vertex -39.1138 -64.347 14.933
      vertex -39.4506 -64.9304 16.3097
      vertex -39.1588 -64.425 14.9008
    endloop
  endfacet
  facet normal 0.866039 -0.499976 1.58402e-05
    outer loop
      vertex -39.5615 -65.1225 16.2048
      vertex -39.1588 -64.425 14.9008
      vertex -39.4506 -64.9304 16.3097
    endloop
  endfacet
  facet normal 0.866015 -0.500017 -1.34607e-05
    outer loop
      vertex -39.6667 -65.3047 16.0787
      vertex -39.1588 -64.425 14.9008
      vertex -39.5615 -65.1225 16.2048
    endloop
  endfacet
  facet normal 0.86618 -0.499733 0.000269678
    outer loop
      vertex -39.1588 -64.425 14.9008
      vertex -39.6667 -65.3047 16.0787
      vertex -39.202 -64.4999 14.8599
    endloop
  endfacet
  facet normal 0.866093 -0.499884 0.000136916
    outer loop
      vertex -39.7652 -65.4754 15.9325
      vertex -39.202 -64.4999 14.8599
      vertex -39.6667 -65.3047 16.0787
    endloop
  endfacet
  facet normal 0.865863 -0.500281 -0.000345143
    outer loop
      vertex -39.202 -64.4999 14.8599
      vertex -39.7652 -65.4754 15.9325
      vertex -39.2431 -64.571 14.8107
    endloop
  endfacet
  facet normal 0.866004 -0.500038 -8.35873e-05
    outer loop
      vertex -39.8561 -65.6328 15.7678
      vertex -39.2431 -64.571 14.8107
      vertex -39.7652 -65.4754 15.9325
    endloop
  endfacet
  facet normal 0.866179 -0.499733 0.0003672
    outer loop
      vertex -39.2431 -64.571 14.8107
      vertex -39.8561 -65.6328 15.7678
      vertex -39.2815 -64.6376 14.7537
    endloop
  endfacet
  facet normal 0.866007 -0.500032 -2.40942e-05
    outer loop
      vertex -39.9385 -65.7755 15.586
      vertex -39.2815 -64.6376 14.7537
      vertex -39.8561 -65.6328 15.7678
    endloop
  endfacet
  facet normal 0.865892 -0.500232 -0.000387759
    outer loop
      vertex -39.2815 -64.6376 14.7537
      vertex -39.9385 -65.7755 15.586
      vertex -39.317 -64.699 14.6894
    endloop
  endfacet
  facet normal 0.866022 -0.500006 -2.72553e-05
    outer loop
      vertex -40.0116 -65.9021 15.3889
      vertex -39.317 -64.699 14.6894
      vertex -39.9385 -65.7755 15.586
    endloop
  endfacet
  facet normal 0.866029 -0.499994 1.74333e-06
    outer loop
      vertex -39.317 -64.699 14.6894
      vertex -40.0116 -65.9021 15.3889
      vertex -39.3491 -64.7546 14.6185
    endloop
  endfacet
  facet normal 0.866069 -0.499924 0.000139662
    outer loop
      vertex -40.0746 -66.0113 15.1785
      vertex -39.3491 -64.7546 14.6185
      vertex -40.0116 -65.9021 15.3889
    endloop
  endfacet
  facet normal 0.866074 -0.499916 0.000165643
    outer loop
      vertex -39.3491 -64.7546 14.6185
      vertex -40.0746 -66.0113 15.1785
      vertex -39.3776 -64.804 14.5417
    endloop
  endfacet
  facet normal 0.866022 -0.500006 0.000133367
    outer loop
      vertex -38.4871 -63.2616 14.0956
      vertex -37.7222 -61.9368 14
      vertex -37.7283 -61.9473 14.245
    endloop
  endfacet
  facet normal 0.866021 -0.500008 0.000157134
    outer loop
      vertex -38.4871 -63.2616 14.0956
      vertex -37.7283 -61.9473 14.245
      vertex -37.7463 -61.9784 14.4877
    endloop
  endfacet
  facet normal 0.866063 -0.499935 -0.000159558
    outer loop
      vertex -38.4871 -63.2616 14.0956
      vertex -37.7463 -61.9784 14.4877
      vertex -37.7761 -62.0301 14.7257
    endloop
  endfacet
  facet normal 0.866013 -0.500021 6.42555e-05
    outer loop
      vertex -38.4871 -63.2616 14.0956
      vertex -37.7761 -62.0301 14.7257
      vertex -37.8174 -62.1016 14.9567
    endloop
  endfacet
  facet normal 0.86611 -0.499853 -0.000236762
    outer loop
      vertex -38.4871 -63.2616 14.0956
      vertex -37.8174 -62.1016 14.9567
      vertex -37.8698 -62.1925 15.1785
    endloop
  endfacet
  facet normal 0.86595 -0.500131 0.000128811
    outer loop
      vertex -38.4871 -63.2616 14.0956
      vertex -37.8698 -62.1925 15.1785
      vertex -37.9329 -62.3017 15.3889
    endloop
  endfacet
  facet normal 0.866015 -0.500018 1.7103e-05
    outer loop
      vertex -38.4871 -63.2616 14.0956
      vertex -37.9329 -62.3017 15.3889
      vertex -38.006 -62.4283 15.586
    endloop
  endfacet
  facet normal 0.866008 -0.50003 2.60392e-05
    outer loop
      vertex -38.4871 -63.2616 14.0956
      vertex -38.006 -62.4283 15.586
      vertex -38.0884 -62.571 15.7678
    endloop
  endfacet
  facet normal 0.865987 -0.500067 4.63151e-05
    outer loop
      vertex -38.4871 -63.2616 14.0956
      vertex -38.0884 -62.571 15.7678
      vertex -38.1793 -62.7284 15.9325
    endloop
  endfacet
  facet normal 0.866126 -0.499826 -4.70325e-05
    outer loop
      vertex -38.4871 -63.2616 14.0956
      vertex -38.1793 -62.7284 15.9325
      vertex -38.2778 -62.8991 16.0787
    endloop
  endfacet
  facet normal 0.866015 -0.500017 1.34607e-05
    outer loop
      vertex -38.7857 -63.7788 14.9008
      vertex -38.2778 -62.8991 16.0787
      vertex -38.383 -63.0813 16.2048
    endloop
  endfacet
  facet normal 0.866027 -0.499997 -0.000297892
    outer loop
      vertex -37.7222 -61.9368 14
      vertex -38.4847 -63.2575 14
      vertex -38.4871 -63.2616 13.9044
    endloop
  endfacet
  facet normal 0.866005 -0.500035 0.000405801
    outer loop
      vertex -37.7222 -61.9368 14
      vertex -38.4871 -63.2616 13.9044
      vertex -38.4941 -63.2738 13.8098
    endloop
  endfacet
  facet normal 0.866028 -0.499996 4.31391e-05
    outer loop
      vertex -37.7222 -61.9368 14
      vertex -38.4941 -63.2738 13.8098
      vertex -38.5057 -63.2939 13.717
    endloop
  endfacet
  facet normal 0.866117 -0.499841 -0.000949344
    outer loop
      vertex -37.7222 -61.9368 14
      vertex -38.5057 -63.2939 13.717
      vertex -38.5219 -63.3218 13.6269
    endloop
  endfacet
  facet normal 0.865954 -0.500124 0.000449896
    outer loop
      vertex -37.7222 -61.9368 14
      vertex -38.5219 -63.3218 13.6269
      vertex -38.5423 -63.3572 13.5404
    endloop
  endfacet
  facet normal 0.866024 -0.500002 -4.98003e-05
    outer loop
      vertex -37.7222 -61.9368 14
      vertex -38.5423 -63.3572 13.5404
      vertex -38.5669 -63.3998 13.4583
    endloop
  endfacet
  facet normal 0.865963 -0.500108 0.00033061
    outer loop
      vertex -37.7222 -61.9368 14
      vertex -38.5669 -63.3998 13.4583
      vertex -38.5954 -63.4492 13.3815
    endloop
  endfacet
  facet normal 0.866022 -0.500007 0
    outer loop
      vertex -37.7222 -61.9368 14
      vertex -38.5954 -63.4492 13.3815
      vertex -37.7222 -61.9368 10.5
    endloop
  endfacet
  facet normal 0.866027 -0.499998 6.08782e-06
    outer loop
      vertex -38.6275 -63.5048 13.3106
      vertex -37.7222 -61.9368 10.5
      vertex -38.5954 -63.4492 13.3815
    endloop
  endfacet
  facet normal 0.865829 -0.500341 -0.000248861
    outer loop
      vertex -38.663 -63.5662 13.2463
      vertex -37.7222 -61.9368 10.5
      vertex -38.6275 -63.5048 13.3106
    endloop
  endfacet
  facet normal 0.866213 -0.499675 0.00027741
    outer loop
      vertex -38.7014 -63.6328 13.1893
      vertex -37.7222 -61.9368 10.5
      vertex -38.663 -63.5662 13.2463
    endloop
  endfacet
  facet normal 0.866207 -0.499686 0.000268454
    outer loop
      vertex -38.7424 -63.7039 13.1401
      vertex -37.7222 -61.9368 10.5
      vertex -38.7014 -63.6328 13.1893
    endloop
  endfacet
  facet normal 0.86582 -0.500355 -0.000328509
    outer loop
      vertex -38.7857 -63.7788 13.0992
      vertex -37.7222 -61.9368 10.5
      vertex -38.7424 -63.7039 13.1401
    endloop
  endfacet
  facet normal 0.866148 -0.499787 0.000208233
    outer loop
      vertex -38.8307 -63.8568 13.067
      vertex -37.7222 -61.9368 10.5
      vertex -38.7857 -63.7788 13.0992
    endloop
  endfacet
  facet normal 0.866099 -0.499873 0.000122091
    outer loop
      vertex -38.8771 -63.9372 13.0437
      vertex -37.7222 -61.9368 10.5
      vertex -38.8307 -63.8568 13.067
    endloop
  endfacet
  facet normal 0.865561 -0.500802 -0.000852067
    outer loop
      vertex -38.9245 -64.0191 13.0297
      vertex -37.7222 -61.9368 10.5
      vertex -38.8771 -63.9372 13.0437
    endloop
  endfacet
  facet normal 0.866477 -0.499216 0.00088815
    outer loop
      vertex -38.9722 -64.1019 13.025
      vertex -37.7222 -61.9368 10.5
      vertex -38.9245 -64.0191 13.0297
    endloop
  endfacet
  facet normal 0.866045 -0.499965 -3.24699e-05
    outer loop
      vertex -40.2222 -66.267 10.5
      vertex -38.9722 -64.1019 13.025
      vertex -39.02 -64.1847 13.0297
    endloop
  endfacet
  facet normal 0.865965 -0.500104 0.000119488
    outer loop
      vertex -40.2222 -66.267 10.5
      vertex -39.02 -64.1847 13.0297
      vertex -39.0673 -64.2666 13.0437
    endloop
  endfacet
  facet normal 0.865718 -0.500531 0.000567578
    outer loop
      vertex -40.2222 -66.267 10.5
      vertex -39.0673 -64.2666 13.0437
      vertex -39.1138 -64.347 13.067
    endloop
  endfacet
  facet normal 0.866153 -0.499779 -0.000182452
    outer loop
      vertex -40.2222 -66.267 10.5
      vertex -39.1138 -64.347 13.067
      vertex -39.1588 -64.425 13.0992
    endloop
  endfacet
  facet normal 0.866187 -0.49972 -0.000238218
    outer loop
      vertex -40.2222 -66.267 10.5
      vertex -39.1588 -64.425 13.0992
      vertex -39.202 -64.4999 13.1401
    endloop
  endfacet
  facet normal 0.865846 -0.50031 0.000288739
    outer loop
      vertex -40.2222 -66.267 10.5
      vertex -39.202 -64.4999 13.1401
      vertex -39.2431 -64.571 13.1893
    endloop
  endfacet
  facet normal 0.86622 -0.499662 -0.000256493
    outer loop
      vertex -40.2222 -66.267 10.5
      vertex -39.2431 -64.571 13.1893
      vertex -39.2815 -64.6376 13.2463
    endloop
  endfacet
  facet normal 0.866025 -0.500001 -5.06251e-05
    outer loop
      vertex -39.3776 -64.804 14.5417
      vertex -40.0746 -66.0113 15.1785
      vertex -39.4022 -64.8466 14.4596
    endloop
  endfacet
  facet normal 0.86602 -0.500009 -6.84675e-05
    outer loop
      vertex -40.1271 -66.1022 14.9567
      vertex -39.4022 -64.8466 14.4596
      vertex -40.0746 -66.0113 15.1785
    endloop
  endfacet
  facet normal 0.866087 -0.499893 0.000324045
    outer loop
      vertex -39.4022 -64.8466 14.4596
      vertex -40.1271 -66.1022 14.9567
      vertex -39.4226 -64.882 14.3731
    endloop
  endfacet
  facet normal 0.866008 -0.500031 -6.02417e-05
    outer loop
      vertex -40.1684 -66.1737 14.7257
      vertex -39.4226 -64.882 14.3731
      vertex -40.1271 -66.1022 14.9567
    endloop
  endfacet
  facet normal 0.865919 -0.500184 -0.000807608
    outer loop
      vertex -39.4226 -64.882 14.3731
      vertex -40.1684 -66.1737 14.7257
      vertex -39.4388 -64.9099 14.283
    endloop
  endfacet
  facet normal 0.866066 -0.49993 0.000158083
    outer loop
      vertex -40.1982 -66.2254 14.4877
      vertex -39.4388 -64.9099 14.283
      vertex -40.1684 -66.1737 14.7257
    endloop
  endfacet
  facet normal 0.866092 -0.499884 0.000549519
    outer loop
      vertex -39.4388 -64.9099 14.283
      vertex -40.1982 -66.2254 14.4877
      vertex -39.4504 -64.9301 14.1902
    endloop
  endfacet
  facet normal 0.866022 -0.500006 -0.000157404
    outer loop
      vertex -40.2162 -66.2565 14.245
      vertex -39.4504 -64.9301 14.1902
      vertex -40.1982 -66.2254 14.4877
    endloop
  endfacet
  facet normal 0.866022 -0.500005 -0.000127836
    outer loop
      vertex -39.4504 -64.9301 14.1902
      vertex -40.2162 -66.2565 14.245
      vertex -39.4574 -64.9422 14.0956
    endloop
  endfacet
  facet normal 0.866039 -0.499976 0.000218402
    outer loop
      vertex -40.2222 -66.267 14
      vertex -39.4574 -64.9422 14.0956
      vertex -40.2162 -66.2565 14.245
    endloop
  endfacet
  facet normal 0.866027 -0.499997 0.000607994
    outer loop
      vertex -39.4574 -64.9422 14.0956
      vertex -40.2222 -66.267 14
      vertex -39.4597 -64.9463 14
    endloop
  endfacet
  facet normal 0.866027 -0.499997 -0.000607994
    outer loop
      vertex -39.4597 -64.9463 14
      vertex -40.2222 -66.267 14
      vertex -39.4574 -64.9422 13.9044
    endloop
  endfacet
  facet normal 0.86605 -0.499957 0.000136147
    outer loop
      vertex -39.4574 -64.9422 13.9044
      vertex -40.2222 -66.267 14
      vertex -39.4504 -64.9301 13.8098
    endloop
  endfacet
  facet normal 0.866005 -0.500034 -0.000592981
    outer loop
      vertex -39.4504 -64.9301 13.8098
      vertex -40.2222 -66.267 14
      vertex -39.4388 -64.9099 13.717
    endloop
  endfacet
  facet normal 0.866146 -0.49979 0.000970504
    outer loop
      vertex -39.4388 -64.9099 13.717
      vertex -40.2222 -66.267 14
      vertex -39.4226 -64.882 13.6269
    endloop
  endfacet
  facet normal 0.865984 -0.500071 -0.000421152
    outer loop
      vertex -39.4226 -64.882 13.6269
      vertex -40.2222 -66.267 14
      vertex -39.4022 -64.8466 13.5404
    endloop
  endfacet
  facet normal 0.866056 -0.499947 8.78231e-05
    outer loop
      vertex -39.4022 -64.8466 13.5404
      vertex -40.2222 -66.267 14
      vertex -39.3776 -64.804 13.4583
    endloop
  endfacet
  facet normal 0.865997 -0.50005 -0.000280645
    outer loop
      vertex -39.3776 -64.804 13.4583
      vertex -40.2222 -66.267 14
      vertex -39.3491 -64.7546 13.3815
    endloop
  endfacet
  facet normal 0.866054 -0.49995 4.37542e-05
    outer loop
      vertex -39.3491 -64.7546 13.3815
      vertex -40.2222 -66.267 14
      vertex -39.317 -64.699 13.3106
    endloop
  endfacet
  facet normal 0.866046 -0.499965 0
    outer loop
      vertex -40.2222 -66.267 10.5
      vertex -39.317 -64.699 13.3106
      vertex -40.2222 -66.267 14
    endloop
  endfacet
  facet normal 0.865837 -0.500325 0.000268309
    outer loop
      vertex -39.317 -64.699 13.3106
      vertex -40.2222 -66.267 10.5
      vertex -39.2815 -64.6376 13.2463
    endloop
  endfacet
  facet normal 0.866029 -0.499994 -7.03499e-16
    outer loop
      vertex -38.9722 -64.1019 13.025
      vertex -40.2222 -66.267 10.5
      vertex -37.7222 -61.9368 10.5
    endloop
  endfacet
  facet normal -0.866022 0.500007 0
    outer loop
      vertex -40.7605 -62.1992 13.3815
      vertex -39.8873 -60.6868 14
      vertex -39.8873 -60.6868 10.5
    endloop
  endfacet
  facet normal -0.865963 0.500108 -0.00033061
    outer loop
      vertex -40.732 -62.1498 13.4583
      vertex -39.8873 -60.6868 14
      vertex -40.7605 -62.1992 13.3815
    endloop
  endfacet
  facet normal -0.866115 0.499843 0.000704139
    outer loop
      vertex -40.6869 -62.0718 13.6269
      vertex -39.8873 -60.6868 14
      vertex -40.7074 -62.1072 13.5404
    endloop
  endfacet
  facet normal -0.866028 0.499996 -4.31391e-05
    outer loop
      vertex -40.6592 -62.0238 13.8098
      vertex -39.8873 -60.6868 14
      vertex -40.6708 -62.0439 13.717
    endloop
  endfacet
  facet normal -0.866027 0.499997 0.000297892
    outer loop
      vertex -40.6498 -62.0075 14
      vertex -39.8873 -60.6868 14
      vertex -40.6522 -62.0116 13.9044
    endloop
  endfacet
  facet normal -0.866011 0.500025 0.000221205
    outer loop
      vertex -39.8873 -60.6868 14
      vertex -40.6522 -62.0116 14.0956
      vertex -39.8933 -60.6973 14.245
    endloop
  endfacet
  facet normal -0.86602 0.500009 0.000401448
    outer loop
      vertex -40.6592 -62.0238 14.1902
      vertex -39.8933 -60.6973 14.245
      vertex -40.6522 -62.0116 14.0956
    endloop
  endfacet
  facet normal -0.866029 0.499993 4.22059e-05
    outer loop
      vertex -40.6708 -62.0439 14.283
      vertex -39.9113 -60.7284 14.4877
      vertex -40.6592 -62.0238 14.1902
    endloop
  endfacet
  facet normal -0.866024 0.500002 7.85612e-05
    outer loop
      vertex -40.6869 -62.0718 14.3731
      vertex -39.9411 -60.7801 14.7257
      vertex -40.6708 -62.0439 14.283
    endloop
  endfacet
  facet normal -0.865939 0.500149 -0.000537512
    outer loop
      vertex -40.7074 -62.1072 14.4596
      vertex -39.9825 -60.8516 14.9567
      vertex -40.6869 -62.0718 14.3731
    endloop
  endfacet
  facet normal -0.866077 0.49991 0.000267493
    outer loop
      vertex -39.9825 -60.8516 14.9567
      vertex -40.7074 -62.1072 14.4596
      vertex -40.0349 -60.9425 15.1785
    endloop
  endfacet
  facet normal -0.866 0.500043 -2.14019e-05
    outer loop
      vertex -40.732 -62.1498 14.5417
      vertex -40.0349 -60.9425 15.1785
      vertex -40.7074 -62.1072 14.4596
    endloop
  endfacet
  facet normal -0.865967 0.500101 -0.00040591
    outer loop
      vertex -39.9411 -60.7801 14.7257
      vertex -40.6869 -62.0718 14.3731
      vertex -39.9825 -60.8516 14.9567
    endloop
  endfacet
  facet normal -0.866038 0.499978 0.000171912
    outer loop
      vertex -39.9113 -60.7284 14.4877
      vertex -40.6708 -62.0439 14.283
      vertex -39.9411 -60.7801 14.7257
    endloop
  endfacet
  facet normal -0.86601 0.500027 -0.000153885
    outer loop
      vertex -39.8933 -60.6973 14.245
      vertex -40.6592 -62.0238 14.1902
      vertex -39.9113 -60.7284 14.4877
    endloop
  endfacet
  facet normal -0.866027 0.499997 -0.000297892
    outer loop
      vertex -40.6522 -62.0116 14.0956
      vertex -39.8873 -60.6868 14
      vertex -40.6498 -62.0075 14
    endloop
  endfacet
  facet normal -0.866005 0.500035 -0.000405801
    outer loop
      vertex -40.6522 -62.0116 13.9044
      vertex -39.8873 -60.6868 14
      vertex -40.6592 -62.0238 13.8098
    endloop
  endfacet
  facet normal -0.866024 0.500002 -7.82896e-05
    outer loop
      vertex -40.6708 -62.0439 13.717
      vertex -39.8873 -60.6868 14
      vertex -40.6869 -62.0718 13.6269
    endloop
  endfacet
  facet normal -0.866024 0.500002 4.98003e-05
    outer loop
      vertex -40.7074 -62.1072 13.5404
      vertex -39.8873 -60.6868 14
      vertex -40.732 -62.1498 13.4583
    endloop
  endfacet
  facet normal -0.866027 0.499998 -6.08782e-06
    outer loop
      vertex -39.8873 -60.6868 10.5
      vertex -40.7926 -62.2548 13.3106
      vertex -40.7605 -62.1992 13.3815
    endloop
  endfacet
  facet normal -0.866214 0.499673 -0.000247831
    outer loop
      vertex -39.8873 -60.6868 10.5
      vertex -40.828 -62.3162 13.2463
      vertex -40.7926 -62.2548 13.3106
    endloop
  endfacet
  facet normal -0.865847 0.500309 0.00025519
    outer loop
      vertex -39.8873 -60.6868 10.5
      vertex -40.8665 -62.3828 13.1893
      vertex -40.828 -62.3162 13.2463
    endloop
  endfacet
  facet normal -0.866207 0.499686 -0.000268454
    outer loop
      vertex -39.8873 -60.6868 10.5
      vertex -40.9075 -62.4539 13.1401
      vertex -40.8665 -62.3828 13.1893
    endloop
  endfacet
  facet normal -0.866187 0.49972 -0.000238218
    outer loop
      vertex -39.8873 -60.6868 10.5
      vertex -40.9507 -62.5288 13.0992
      vertex -40.9075 -62.4539 13.1401
    endloop
  endfacet
  facet normal -0.865781 0.500423 0.0004262
    outer loop
      vertex -39.8873 -60.6868 10.5
      vertex -40.9958 -62.6068 13.067
      vertex -40.9507 -62.5288 13.0992
    endloop
  endfacet
  facet normal -0.866099 0.499873 -0.000122091
    outer loop
      vertex -39.8873 -60.6868 10.5
      vertex -41.0422 -62.6872 13.0437
      vertex -40.9958 -62.6068 13.067
    endloop
  endfacet
  facet normal -0.865965 0.500104 0.000119488
    outer loop
      vertex -39.8873 -60.6868 10.5
      vertex -41.0895 -62.7691 13.0297
      vertex -41.0422 -62.6872 13.0437
    endloop
  endfacet
  facet normal -0.866045 0.499965 -3.24699e-05
    outer loop
      vertex -39.8873 -60.6868 10.5
      vertex -41.1373 -62.8519 13.025
      vertex -41.0895 -62.7691 13.0297
    endloop
  endfacet
  facet normal -0.866029 0.499994 7.03499e-16
    outer loop
      vertex -42.3873 -65.017 10.5
      vertex -41.1373 -62.8519 13.025
      vertex -39.8873 -60.6868 10.5
    endloop
  endfacet
  facet normal -0.866045 0.499965 3.24699e-05
    outer loop
      vertex -41.1373 -62.8519 13.025
      vertex -42.3873 -65.017 10.5
      vertex -41.1851 -62.9347 13.0297
    endloop
  endfacet
  facet normal -0.865965 0.500104 -0.000119488
    outer loop
      vertex -41.1851 -62.9347 13.0297
      vertex -42.3873 -65.017 10.5
      vertex -41.2324 -63.0166 13.0437
    endloop
  endfacet
  facet normal -0.866099 0.499873 0.000122091
    outer loop
      vertex -41.2324 -63.0166 13.0437
      vertex -42.3873 -65.017 10.5
      vertex -41.2788 -63.097 13.067
    endloop
  endfacet
  facet normal -0.865781 0.500423 -0.0004262
    outer loop
      vertex -41.2788 -63.097 13.067
      vertex -42.3873 -65.017 10.5
      vertex -41.3239 -63.175 13.0992
    endloop
  endfacet
  facet normal -0.866187 0.49972 0.000238218
    outer loop
      vertex -41.3239 -63.175 13.0992
      vertex -42.3873 -65.017 10.5
      vertex -41.3671 -63.2499 13.1401
    endloop
  endfacet
  facet normal -0.866207 0.499686 0.000268454
    outer loop
      vertex -41.3671 -63.2499 13.1401
      vertex -42.3873 -65.017 10.5
      vertex -41.4081 -63.321 13.1893
    endloop
  endfacet
  facet normal -0.866027 0.499997 0.000607994
    outer loop
      vertex -42.3873 -65.017 14
      vertex -41.6248 -63.6963 14
      vertex -41.6225 -63.6922 13.9044
    endloop
  endfacet
  facet normal -0.866004 0.500037 -2.39414e-05
    outer loop
      vertex -41.6248 -63.6963 14
      vertex -41.8318 -64.0547 16.0787
      vertex -41.7266 -63.8725 16.2048
    endloop
  endfacet
  facet normal -0.866079 0.499906 -0.0010602
    outer loop
      vertex -42.3873 -65.017 14
      vertex -41.6225 -63.6922 13.9044
      vertex -41.6154 -63.6801 13.8098
    endloop
  endfacet
  facet normal -0.866118 0.49984 -6.91223e-05
    outer loop
      vertex -41.6248 -63.6963 14
      vertex -41.9303 -64.2254 15.9325
      vertex -41.8318 -64.0547 16.0787
    endloop
  endfacet
  facet normal -0.865976 0.500084 0.000607512
    outer loop
      vertex -42.3873 -65.017 14
      vertex -41.6154 -63.6801 13.8098
      vertex -41.6038 -63.6599 13.717
    endloop
  endfacet
  facet normal -0.865975 0.500087 2.10011e-05
    outer loop
      vertex -41.6248 -63.6963 14
      vertex -42.0212 -64.3828 15.7678
      vertex -41.9303 -64.2254 15.9325
    endloop
  endfacet
  facet normal -0.866024 0.500002 7.82896e-05
    outer loop
      vertex -42.3873 -65.017 14
      vertex -41.6038 -63.6599 13.717
      vertex -41.5877 -63.632 13.6269
    endloop
  endfacet
  facet normal -0.865995 0.500052 3.03156e-06
    outer loop
      vertex -41.6248 -63.6963 14
      vertex -42.1036 -64.5255 15.586
      vertex -42.0212 -64.3828 15.7678
    endloop
  endfacet
  facet normal -0.866115 0.499843 -0.000704139
    outer loop
      vertex -42.3873 -65.017 14
      vertex -41.5877 -63.632 13.6269
      vertex -41.5672 -63.5966 13.5404
    endloop
  endfacet
  facet normal -0.866164 0.49976 -0.000200903
    outer loop
      vertex -41.6248 -63.6963 14
      vertex -42.1766 -64.6521 15.3889
      vertex -42.1036 -64.5255 15.586
    endloop
  endfacet
  facet normal -0.866024 0.500002 -4.98003e-05
    outer loop
      vertex -42.3873 -65.017 14
      vertex -41.5672 -63.5966 13.5404
      vertex -41.5426 -63.554 13.4583
    endloop
  endfacet
  facet normal -0.865954 0.500124 0.000133587
    outer loop
      vertex -41.6248 -63.6963 14
      vertex -42.2397 -64.7613 15.1785
      vertex -42.1766 -64.6521 15.3889
    endloop
  endfacet
  facet normal -0.865963 0.500108 0.00033061
    outer loop
      vertex -42.3873 -65.017 14
      vertex -41.5426 -63.554 13.4583
      vertex -41.5141 -63.5046 13.3815
    endloop
  endfacet
  facet normal -0.865996 0.500051 4.56275e-05
    outer loop
      vertex -41.6248 -63.6963 14
      vertex -42.2922 -64.8522 14.9567
      vertex -42.2397 -64.7613 15.1785
    endloop
  endfacet
  facet normal -0.866018 0.500013 2.23517e-05
    outer loop
      vertex -42.3873 -65.017 14
      vertex -41.5141 -63.5046 13.3815
      vertex -41.482 -63.449 13.3106
    endloop
  endfacet
  facet normal -0.865994 0.500054 5.05267e-05
    outer loop
      vertex -41.6248 -63.6963 14
      vertex -42.3335 -64.9237 14.7257
      vertex -42.2922 -64.8522 14.9567
    endloop
  endfacet
  facet normal -0.866214 0.499673 0.000247831
    outer loop
      vertex -42.3873 -65.017 10.5
      vertex -41.482 -63.449 13.3106
      vertex -41.4466 -63.3876 13.2463
    endloop
  endfacet
  facet normal -0.865847 0.500309 -0.00025519
    outer loop
      vertex -41.4081 -63.321 13.1893
      vertex -42.3873 -65.017 10.5
      vertex -41.4466 -63.3876 13.2463
    endloop
  endfacet
  facet normal -0.866027 0.499997 -0.000219604
    outer loop
      vertex -41.6248 -63.6963 14
      vertex -42.3873 -65.017 14
      vertex -42.3813 -65.0065 14.245
    endloop
  endfacet
  facet normal -0.86605 0.499958 -0.000166227
    outer loop
      vertex -41.6248 -63.6963 14
      vertex -42.3633 -64.9754 14.4877
      vertex -42.3335 -64.9237 14.7257
    endloop
  endfacet
  facet normal -0.866022 0.500006 0
    outer loop
      vertex -41.482 -63.449 13.3106
      vertex -42.3873 -65.017 10.5
      vertex -42.3873 -65.017 14
    endloop
  endfacet
  facet normal -0.865997 0.500049 0.000150138
    outer loop
      vertex -41.6248 -63.6963 14
      vertex -42.3813 -65.0065 14.245
      vertex -42.3633 -64.9754 14.4877
    endloop
  endfacet
  facet normal -0.866051 0.499956 0.000200091
    outer loop
      vertex -40.7605 -62.1992 14.6185
      vertex -40.0349 -60.9425 15.1785
      vertex -40.732 -62.1498 14.5417
    endloop
  endfacet
  facet normal -0.86598 0.500078 -0.000165582
    outer loop
      vertex -40.0349 -60.9425 15.1785
      vertex -40.7605 -62.1992 14.6185
      vertex -40.098 -61.0517 15.3889
    endloop
  endfacet
  facet normal -0.866029 0.499994 1.74333e-06
    outer loop
      vertex -40.7926 -62.2548 14.6894
      vertex -40.098 -61.0517 15.3889
      vertex -40.7605 -62.1992 14.6185
    endloop
  endfacet
  facet normal -0.866102 0.499867 0.000292683
    outer loop
      vertex -40.098 -61.0517 15.3889
      vertex -40.7926 -62.2548 14.6894
      vertex -40.171 -61.1783 15.586
    endloop
  endfacet
  facet normal -0.866143 0.499797 0.000405226
    outer loop
      vertex -40.828 -62.3162 14.7537
      vertex -40.171 -61.1783 15.586
      vertex -40.7926 -62.2548 14.6894
    endloop
  endfacet
  facet normal -0.866007 0.500032 -2.40942e-05
    outer loop
      vertex -40.171 -61.1783 15.586
      vertex -40.828 -62.3162 14.7537
      vertex -40.2534 -61.321 15.7678
    endloop
  endfacet
  facet normal -0.865873 0.500263 -0.000326378
    outer loop
      vertex -40.8665 -62.3828 14.8107
      vertex -40.2534 -61.321 15.7678
      vertex -40.828 -62.3162 14.7537
    endloop
  endfacet
  facet normal -0.865985 0.500071 -4.17129e-05
    outer loop
      vertex -40.2534 -61.321 15.7678
      vertex -40.8665 -62.3828 14.8107
      vertex -40.3443 -61.4784 15.9325
    endloop
  endfacet
  facet normal -0.866187 0.49972 0.000334745
    outer loop
      vertex -40.9075 -62.4539 14.8599
      vertex -40.3443 -61.4784 15.9325
      vertex -40.8665 -62.3828 14.8107
    endloop
  endfacet
  facet normal -0.866093 0.499884 0.000136916
    outer loop
      vertex -40.3443 -61.4784 15.9325
      vertex -40.9075 -62.4539 14.8599
      vertex -40.4428 -61.6491 16.0787
    endloop
  endfacet
  facet normal -0.86618 0.499733 0.000269678
    outer loop
      vertex -40.9507 -62.5288 14.9008
      vertex -40.4428 -61.6491 16.0787
      vertex -40.9075 -62.4539 14.8599
    endloop
  endfacet
  facet normal -0.86588 0.500252 -0.000247441
    outer loop
      vertex -40.4428 -61.6491 16.0787
      vertex -40.9507 -62.5288 14.9008
      vertex -40.5481 -61.8313 16.2048
    endloop
  endfacet
  facet normal -0.866051 0.499955 -3.55608e-05
    outer loop
      vertex -40.5481 -61.8313 16.2048
      vertex -40.9507 -62.5288 14.9008
      vertex -40.659 -62.0234 16.3097
    endloop
  endfacet
  facet normal -0.865755 0.500468 -0.000280927
    outer loop
      vertex -40.9958 -62.6068 14.933
      vertex -40.659 -62.0234 16.3097
      vertex -40.9507 -62.5288 14.9008
    endloop
  endfacet
  facet normal -0.86598 0.500078 -6.07604e-05
    outer loop
      vertex -40.659 -62.0234 16.3097
      vertex -40.9958 -62.6068 14.933
      vertex -40.7745 -62.2234 16.3923
    endloop
  endfacet
  facet normal -0.866111 0.499851 1.89328e-05
    outer loop
      vertex -41.0422 -62.6872 14.9563
      vertex -40.7745 -62.2234 16.3923
      vertex -40.9958 -62.6068 14.933
    endloop
  endfacet
  facet normal -0.866183 0.499726 7.26618e-05
    outer loop
      vertex -40.7745 -62.2234 16.3923
      vertex -41.0422 -62.6872 14.9563
      vertex -40.8934 -62.4295 16.452
    endloop
  endfacet
  facet normal -0.865958 0.500117 -1.70986e-05
    outer loop
      vertex -41.0895 -62.7691 14.9703
      vertex -40.8934 -62.4295 16.452
      vertex -41.0422 -62.6872 14.9563
    endloop
  endfacet
  facet normal -0.865954 0.500124 -1.9316e-05
    outer loop
      vertex -40.8934 -62.4295 16.452
      vertex -41.0895 -62.7691 14.9703
      vertex -41.0148 -62.6397 16.488
    endloop
  endfacet
  facet normal -0.866046 0.499964 -1.09736e-06
    outer loop
      vertex -41.1373 -62.8519 14.975
      vertex -41.0148 -62.6397 16.488
      vertex -41.0895 -62.7691 14.9703
    endloop
  endfacet
  facet normal -0.86605 0.499958 0
    outer loop
      vertex -41.1373 -62.8519 14.975
      vertex -41.1373 -62.8519 16.5
      vertex -41.0148 -62.6397 16.488
    endloop
  endfacet
  facet normal -0.866046 0.499964 1.09736e-06
    outer loop
      vertex -41.2598 -63.0641 16.488
      vertex -41.1373 -62.8519 14.975
      vertex -41.1851 -62.9347 14.9703
    endloop
  endfacet
  facet normal -0.865958 0.500117 1.70986e-05
    outer loop
      vertex -41.3812 -63.2743 16.452
      vertex -41.1851 -62.9347 14.9703
      vertex -41.2324 -63.0166 14.9563
    endloop
  endfacet
  facet normal -0.86605 0.499958 0
    outer loop
      vertex -41.1373 -62.8519 14.975
      vertex -41.2598 -63.0641 16.488
      vertex -41.1373 -62.8519 16.5
    endloop
  endfacet
  facet normal -0.866105 0.499863 -7.40841e-05
    outer loop
      vertex -41.5002 -63.4804 16.3923
      vertex -41.2324 -63.0166 14.9563
      vertex -41.2788 -63.097 14.933
    endloop
  endfacet
  facet normal -0.865745 0.500485 0.000227401
    outer loop
      vertex -41.6157 -63.6804 16.3097
      vertex -41.2788 -63.097 14.933
      vertex -41.3239 -63.175 14.9008
    endloop
  endfacet
  facet normal -0.866194 0.499707 -0.000207493
    outer loop
      vertex -41.7266 -63.8725 16.2048
      vertex -41.3239 -63.175 14.9008
      vertex -41.3671 -63.2499 14.8599
    endloop
  endfacet
  facet normal -0.865954 0.500124 1.9316e-05
    outer loop
      vertex -41.1851 -62.9347 14.9703
      vertex -41.3812 -63.2743 16.452
      vertex -41.2598 -63.0641 16.488
    endloop
  endfacet
  facet normal -0.866217 0.499667 -0.000232241
    outer loop
      vertex -41.7266 -63.8725 16.2048
      vertex -41.3671 -63.2499 14.8599
      vertex -41.4081 -63.321 14.8107
    endloop
  endfacet
  facet normal -0.865806 0.50038 0.000143857
    outer loop
      vertex -41.7266 -63.8725 16.2048
      vertex -41.4081 -63.321 14.8107
      vertex -41.4466 -63.3876 14.7537
    endloop
  endfacet
  facet normal -0.86624 0.499628 -0.000191143
    outer loop
      vertex -41.7266 -63.8725 16.2048
      vertex -41.4466 -63.3876 14.7537
      vertex -41.482 -63.449 14.6894
    endloop
  endfacet
  facet normal -0.86601 0.500026 -3.69257e-06
    outer loop
      vertex -41.2324 -63.0166 14.9563
      vertex -41.5002 -63.4804 16.3923
      vertex -41.3812 -63.2743 16.452
    endloop
  endfacet
  facet normal -0.866007 0.500031 -4.09958e-05
    outer loop
      vertex -41.7266 -63.8725 16.2048
      vertex -41.482 -63.449 14.6894
      vertex -41.5141 -63.5046 14.6185
    endloop
  endfacet
  facet normal -0.866118 0.499839 -0.000100326
    outer loop
      vertex -41.7266 -63.8725 16.2048
      vertex -41.5141 -63.5046 14.6185
      vertex -41.5426 -63.554 14.5417
    endloop
  endfacet
  facet normal -0.865958 0.500117 -2.94614e-05
    outer loop
      vertex -41.7266 -63.8725 16.2048
      vertex -41.5426 -63.554 14.5417
      vertex -41.5672 -63.5966 14.4596
    endloop
  endfacet
  facet normal -0.865512 0.500889 0.000133295
    outer loop
      vertex -41.7266 -63.8725 16.2048
      vertex -41.5672 -63.5966 14.4596
      vertex -41.5877 -63.632 14.3731
    endloop
  endfacet
  facet normal -0.86608 0.499906 -3.87974e-05
    outer loop
      vertex -41.7266 -63.8725 16.2048
      vertex -41.5877 -63.632 14.3731
      vertex -41.6038 -63.6599 14.283
    endloop
  endfacet
  facet normal -0.866761 0.498723 -0.000213176
    outer loop
      vertex -41.7266 -63.8725 16.2048
      vertex -41.6038 -63.6599 14.283
      vertex -41.6154 -63.6801 14.1902
    endloop
  endfacet
  facet normal -0.865971 0.500095 7.22693e-06
    outer loop
      vertex -41.2788 -63.097 14.933
      vertex -41.6157 -63.6804 16.3097
      vertex -41.5002 -63.4804 16.3923
    endloop
  endfacet
  facet normal -0.863901 0.503662 0.00041635
    outer loop
      vertex -41.7266 -63.8725 16.2048
      vertex -41.6154 -63.6801 14.1902
      vertex -41.6225 -63.6922 14.0956
    endloop
  endfacet
  facet normal -0.868069 0.496443 -0.000406461
    outer loop
      vertex -41.7266 -63.8725 16.2048
      vertex -41.6225 -63.6922 14.0956
      vertex -41.6248 -63.6963 14
    endloop
  endfacet
  facet normal -0.866039 0.499976 -1.58402e-05
    outer loop
      vertex -41.3239 -63.175 14.9008
      vertex -41.7266 -63.8725 16.2048
      vertex -41.6157 -63.6804 16.3097
    endloop
  endfacet
  facet normal -0.168376 -0.29164 0.941592
    outer loop
      vertex -41.5002 -63.4804 16.3923
      vertex -39.4506 -64.9304 16.3097
      vertex -39.3351 -64.7304 16.3923
    endloop
  endfacet
  facet normal -0.168376 -0.29164 0.941592
    outer loop
      vertex -39.4506 -64.9304 16.3097
      vertex -41.5002 -63.4804 16.3923
      vertex -41.6157 -63.6804 16.3097
    endloop
  endfacet
  facet normal 0.073368 0.127073 0.989176
    outer loop
      vertex -40.8934 -62.4295 16.452
      vertex -38.8497 -63.8897 16.488
      vertex -38.7284 -63.6795 16.452
    endloop
  endfacet
  facet normal 0.0733506 0.127049 0.989181
    outer loop
      vertex -38.8497 -63.8897 16.488
      vertex -40.8934 -62.4295 16.452
      vertex -41.0148 -62.6397 16.488
    endloop
  endfacet
  facet normal 0.470836 0.815487 0.336592
    outer loop
      vertex -39.9411 -60.7801 14.7257
      vertex -37.8174 -62.1016 14.9567
      vertex -37.7761 -62.0301 14.7257
    endloop
  endfacet
  facet normal 0.470787 0.815441 0.336773
    outer loop
      vertex -37.8174 -62.1016 14.9567
      vertex -39.9411 -60.7801 14.7257
      vertex -39.9825 -60.8516 14.9567
    endloop
  endfacet
  facet normal -0.499386 -0.864976 0.0493003
    outer loop
      vertex -40.2222 -66.267 14
      vertex -42.3813 -65.0065 14.245
      vertex -42.3873 -65.017 14
    endloop
  endfacet
  facet normal -0.499386 -0.864976 0.0493003
    outer loop
      vertex -42.3813 -65.0065 14.245
      vertex -40.2222 -66.267 14
      vertex -40.2162 -66.2565 14.245
    endloop
  endfacet
  facet normal 0.401589 0.695585 0.595724
    outer loop
      vertex -40.098 -61.0517 15.3889
      vertex -38.006 -62.4283 15.586
      vertex -37.9329 -62.3017 15.3889
    endloop
  endfacet
  facet normal 0.401652 0.695661 0.595593
    outer loop
      vertex -38.006 -62.4283 15.586
      vertex -40.098 -61.0517 15.3889
      vertex -40.171 -61.1783 15.586
    endloop
  endfacet
  facet normal -0.257044 -0.445221 0.857734
    outer loop
      vertex -41.7266 -63.8725 16.2048
      vertex -39.6667 -65.3047 16.0787
      vertex -39.5615 -65.1225 16.2048
    endloop
  endfacet
  facet normal -0.257044 -0.445221 0.857734
    outer loop
      vertex -39.6667 -65.3047 16.0787
      vertex -41.7266 -63.8725 16.2048
      vertex -41.8318 -64.0547 16.0787
    endloop
  endfacet
  facet normal -0.213758 -0.370246 0.904005
    outer loop
      vertex -41.6157 -63.6804 16.3097
      vertex -39.5615 -65.1225 16.2048
      vertex -39.4506 -64.9304 16.3097
    endloop
  endfacet
  facet normal -0.213758 -0.370246 0.904005
    outer loop
      vertex -39.5615 -65.1225 16.2048
      vertex -41.6157 -63.6804 16.3097
      vertex -41.7266 -63.8725 16.2048
    endloop
  endfacet
  facet normal -0.401652 -0.695661 0.595593
    outer loop
      vertex -40.0116 -65.9021 15.3889
      vertex -42.1036 -64.5255 15.586
      vertex -42.1766 -64.6521 15.3889
    endloop
  endfacet
  facet normal -0.401589 -0.695585 0.595724
    outer loop
      vertex -42.1036 -64.5255 15.586
      vertex -40.0116 -65.9021 15.3889
      vertex -39.9385 -65.7755 15.586
    endloop
  endfacet
  facet normal 0.370476 0.641664 0.671577
    outer loop
      vertex -40.171 -61.1783 15.586
      vertex -38.0884 -62.571 15.7678
      vertex -38.006 -62.4283 15.586
    endloop
  endfacet
  facet normal 0.370476 0.641664 0.671577
    outer loop
      vertex -38.0884 -62.571 15.7678
      vertex -40.171 -61.1783 15.586
      vertex -40.2534 -61.321 15.7678
    endloop
  endfacet
  facet normal -0.121656 -0.210717 0.969947
    outer loop
      vertex -41.3812 -63.2743 16.452
      vertex -39.3351 -64.7304 16.3923
      vertex -39.2161 -64.5243 16.452
    endloop
  endfacet
  facet normal -0.121656 -0.210717 0.969947
    outer loop
      vertex -39.3351 -64.7304 16.3923
      vertex -41.3812 -63.2743 16.452
      vertex -41.5002 -63.4804 16.3923
    endloop
  endfacet
  facet normal 0.121656 0.210717 0.969947
    outer loop
      vertex -40.7745 -62.2234 16.3923
      vertex -38.7284 -63.6795 16.452
      vertex -38.6094 -63.4734 16.3923
    endloop
  endfacet
  facet normal 0.121684 0.210757 0.969935
    outer loop
      vertex -38.7284 -63.6795 16.452
      vertex -40.7745 -62.2234 16.3923
      vertex -40.8934 -62.4295 16.452
    endloop
  endfacet
  facet normal -0.451935 -0.782788 0.427782
    outer loop
      vertex -40.1271 -66.1022 14.9567
      vertex -42.2397 -64.7613 15.1785
      vertex -42.2922 -64.8522 14.9567
    endloop
  endfacet
  facet normal -0.451935 -0.782788 0.427782
    outer loop
      vertex -42.2397 -64.7613 15.1785
      vertex -40.1271 -66.1022 14.9567
      vertex -40.0746 -66.0113 15.1785
    endloop
  endfacet
  facet normal -0.335731 -0.581512 0.741032
    outer loop
      vertex -41.9303 -64.2254 15.9325
      vertex -39.8561 -65.6328 15.7678
      vertex -39.7652 -65.4754 15.9325
    endloop
  endfacet
  facet normal -0.335731 -0.581512 0.741032
    outer loop
      vertex -39.8561 -65.6328 15.7678
      vertex -41.9303 -64.2254 15.9325
      vertex -42.0212 -64.3828 15.7678
    endloop
  endfacet
  facet normal -0.0244531 -0.0423548 0.998803
    outer loop
      vertex -41.1373 -62.8519 16.5
      vertex -39.0948 -64.3141 16.488
      vertex -38.9722 -64.1019 16.5
    endloop
  endfacet
  facet normal -0.024459 -0.0423629 0.998803
    outer loop
      vertex -39.0948 -64.3141 16.488
      vertex -41.1373 -62.8519 16.5
      vertex -41.2598 -63.0641 16.488
    endloop
  endfacet
  facet normal 0.257053 0.445215 0.857734
    outer loop
      vertex -40.4428 -61.6491 16.0787
      vertex -38.383 -63.0813 16.2048
      vertex -38.2778 -62.8991 16.0787
    endloop
  endfacet
  facet normal 0.256999 0.445143 0.857788
    outer loop
      vertex -38.383 -63.0813 16.2048
      vertex -40.4428 -61.6491 16.0787
      vertex -40.5481 -61.8313 16.2048
    endloop
  endfacet
  facet normal -0.484982 -0.840027 0.243201
    outer loop
      vertex -40.1982 -66.2254 14.4877
      vertex -42.3335 -64.9237 14.7257
      vertex -42.3633 -64.9754 14.4877
    endloop
  endfacet
  facet normal -0.484982 -0.840027 0.243201
    outer loop
      vertex -42.3335 -64.9237 14.7257
      vertex -40.1982 -66.2254 14.4877
      vertex -40.1684 -66.1737 14.7257
    endloop
  endfacet
  facet normal 0.451975 0.782856 0.427615
    outer loop
      vertex -39.9825 -60.8516 14.9567
      vertex -37.8698 -62.1925 15.1785
      vertex -37.8174 -62.1016 14.9567
    endloop
  endfacet
  facet normal 0.451975 0.782856 0.427615
    outer loop
      vertex -37.8698 -62.1925 15.1785
      vertex -39.9825 -60.8516 14.9567
      vertex -40.0349 -60.9425 15.1785
    endloop
  endfacet
  facet normal -0.494602 -0.85669 0.14646
    outer loop
      vertex -40.2162 -66.2565 14.245
      vertex -42.3633 -64.9754 14.4877
      vertex -42.3813 -65.0065 14.245
    endloop
  endfacet
  facet normal -0.494602 -0.85669 0.14646
    outer loop
      vertex -42.3633 -64.9754 14.4877
      vertex -40.2162 -66.2565 14.245
      vertex -40.1982 -66.2254 14.4877
    endloop
  endfacet
  facet normal -0.370463 -0.641671 0.671577
    outer loop
      vertex -42.0212 -64.3828 15.7678
      vertex -39.9385 -65.7755 15.586
      vertex -39.8561 -65.6328 15.7678
    endloop
  endfacet
  facet normal -0.370463 -0.641671 0.671577
    outer loop
      vertex -39.9385 -65.7755 15.586
      vertex -42.0212 -64.3828 15.7678
      vertex -42.1036 -64.5255 15.586
    endloop
  endfacet
  facet normal -0.470819 -0.815497 0.336592
    outer loop
      vertex -40.1684 -66.1737 14.7257
      vertex -42.2922 -64.8522 14.9567
      vertex -42.3335 -64.9237 14.7257
    endloop
  endfacet
  facet normal -0.470819 -0.815497 0.336592
    outer loop
      vertex -42.2922 -64.8522 14.9567
      vertex -40.1684 -66.1737 14.7257
      vertex -40.1271 -66.1022 14.9567
    endloop
  endfacet
  facet normal 0.494619 0.85668 0.14646
    outer loop
      vertex -39.8933 -60.6973 14.245
      vertex -37.7463 -61.9784 14.4877
      vertex -37.7283 -61.9473 14.245
    endloop
  endfacet
  facet normal 0.494619 0.85668 0.14646
    outer loop
      vertex -37.7463 -61.9784 14.4877
      vertex -39.8933 -60.6973 14.245
      vertex -39.9113 -60.7284 14.4877
    endloop
  endfacet
  facet normal -0.428849 -0.742801 0.514136
    outer loop
      vertex -40.0746 -66.0113 15.1785
      vertex -42.1766 -64.6521 15.3889
      vertex -42.2397 -64.7613 15.1785
    endloop
  endfacet
  facet normal -0.428909 -0.74287 0.513986
    outer loop
      vertex -42.1766 -64.6521 15.3889
      vertex -40.0746 -66.0113 15.1785
      vertex -40.0116 -65.9021 15.3889
    endloop
  endfacet
  facet normal 0.213758 0.370246 0.904005
    outer loop
      vertex -40.5481 -61.8313 16.2048
      vertex -38.4939 -63.2734 16.3097
      vertex -38.383 -63.0813 16.2048
    endloop
  endfacet
  facet normal 0.213758 0.370246 0.904005
    outer loop
      vertex -38.4939 -63.2734 16.3097
      vertex -40.5481 -61.8313 16.2048
      vertex -40.659 -62.0234 16.3097
    endloop
  endfacet
  facet normal -0.073368 -0.127073 0.989176
    outer loop
      vertex -41.2598 -63.0641 16.488
      vertex -39.2161 -64.5243 16.452
      vertex -39.0948 -64.3141 16.488
    endloop
  endfacet
  facet normal -0.0733506 -0.127049 0.989181
    outer loop
      vertex -39.2161 -64.5243 16.452
      vertex -41.2598 -63.0641 16.488
      vertex -41.3812 -63.2743 16.452
    endloop
  endfacet
  facet normal 0.428849 0.742801 0.514136
    outer loop
      vertex -40.0349 -60.9425 15.1785
      vertex -37.9329 -62.3017 15.3889
      vertex -37.8698 -62.1925 15.1785
    endloop
  endfacet
  facet normal 0.428849 0.742801 0.514136
    outer loop
      vertex -37.9329 -62.3017 15.3889
      vertex -40.0349 -60.9425 15.1785
      vertex -40.098 -61.0517 15.3889
    endloop
  endfacet
  facet normal 0.484999 0.840018 0.243201
    outer loop
      vertex -39.9113 -60.7284 14.4877
      vertex -37.7761 -62.0301 14.7257
      vertex -37.7463 -61.9784 14.4877
    endloop
  endfacet
  facet normal 0.484999 0.840018 0.243201
    outer loop
      vertex -37.7761 -62.0301 14.7257
      vertex -39.9113 -60.7284 14.4877
      vertex -39.9411 -60.7801 14.7257
    endloop
  endfacet
  facet normal -0.297892 -0.515973 0.803139
    outer loop
      vertex -41.8318 -64.0547 16.0787
      vertex -39.7652 -65.4754 15.9325
      vertex -39.6667 -65.3047 16.0787
    endloop
  endfacet
  facet normal -0.297892 -0.515973 0.803139
    outer loop
      vertex -39.7652 -65.4754 15.9325
      vertex -41.8318 -64.0547 16.0787
      vertex -41.9303 -64.2254 15.9325
    endloop
  endfacet
  facet normal 0.0244581 0.0423634 0.998803
    outer loop
      vertex -41.0148 -62.6397 16.488
      vertex -38.9722 -64.1019 16.5
      vertex -38.8497 -63.8897 16.488
    endloop
  endfacet
  facet normal 0.0244581 0.0423634 0.998803
    outer loop
      vertex -38.9722 -64.1019 16.5
      vertex -41.0148 -62.6397 16.488
      vertex -41.1373 -62.8519 16.5
    endloop
  endfacet
  facet normal 0.499381 0.864967 0.0495036
    outer loop
      vertex -39.8873 -60.6868 14
      vertex -37.7283 -61.9473 14.245
      vertex -37.7222 -61.9368 14
    endloop
  endfacet
  facet normal 0.499403 0.864966 0.0493002
    outer loop
      vertex -37.7283 -61.9473 14.245
      vertex -39.8873 -60.6868 14
      vertex -39.8933 -60.6973 14.245
    endloop
  endfacet
  facet normal 0.335742 0.581506 0.741032
    outer loop
      vertex -40.2534 -61.321 15.7678
      vertex -38.1793 -62.7284 15.9325
      vertex -38.0884 -62.571 15.7678
    endloop
  endfacet
  facet normal 0.335742 0.581506 0.741032
    outer loop
      vertex -38.1793 -62.7284 15.9325
      vertex -40.2534 -61.321 15.7678
      vertex -40.3443 -61.4784 15.9325
    endloop
  endfacet
  facet normal 0.168376 0.29164 0.941592
    outer loop
      vertex -40.659 -62.0234 16.3097
      vertex -38.6094 -63.4734 16.3923
      vertex -38.4939 -63.2734 16.3097
    endloop
  endfacet
  facet normal 0.168376 0.29164 0.941592
    outer loop
      vertex -38.6094 -63.4734 16.3923
      vertex -40.659 -62.0234 16.3097
      vertex -40.7745 -62.2234 16.3923
    endloop
  endfacet
  facet normal 0.297902 0.515967 0.803139
    outer loop
      vertex -40.3443 -61.4784 15.9325
      vertex -38.2778 -62.8991 16.0787
      vertex -38.1793 -62.7284 15.9325
    endloop
  endfacet
  facet normal 0.297902 0.515967 0.803139
    outer loop
      vertex -38.2778 -62.8991 16.0787
      vertex -40.3443 -61.4784 15.9325
      vertex -40.4428 -61.6491 16.0787
    endloop
  endfacet
  facet normal 0.866027 -0.499997 -0.000607994
    outer loop
      vertex -32.6127 -64.8868 14
      vertex -33.3775 -66.2116 14.0956
      vertex -33.3752 -66.2075 14
    endloop
  endfacet
  facet normal 0.866039 -0.499976 -1.58402e-05
    outer loop
      vertex -33.6761 -66.7288 14.9008
      vertex -33.2734 -66.0313 16.2048
      vertex -33.3843 -66.2234 16.3097
    endloop
  endfacet
  facet normal 0.865302 -0.50125 0.00030019
    outer loop
      vertex -33.1682 -65.8491 16.0787
      vertex -33.3846 -66.2238 14.1902
      vertex -33.3775 -66.2116 14.0956
    endloop
  endfacet
  facet normal 0.86604 -0.499975 -3.71512e-05
    outer loop
      vertex -33.1682 -65.8491 16.0787
      vertex -33.3962 -66.2439 14.283
      vertex -33.3846 -66.2238 14.1902
    endloop
  endfacet
  facet normal 0.866064 -0.499933 -4.97369e-05
    outer loop
      vertex -33.1682 -65.8491 16.0787
      vertex -33.4123 -66.2718 14.3731
      vertex -33.3962 -66.2439 14.283
    endloop
  endfacet
  facet normal 0.865599 -0.500737 0.000216173
    outer loop
      vertex -33.1682 -65.8491 16.0787
      vertex -33.4328 -66.3072 14.4596
      vertex -33.4123 -66.2718 14.3731
    endloop
  endfacet
  facet normal 0.865964 -0.500106 -2.19368e-05
    outer loop
      vertex -33.1682 -65.8491 16.0787
      vertex -33.4574 -66.3498 14.5417
      vertex -33.4328 -66.3072 14.4596
    endloop
  endfacet
  facet normal 0.866101 -0.499868 -0.000125166
    outer loop
      vertex -33.1682 -65.8491 16.0787
      vertex -33.4859 -66.3992 14.6185
      vertex -33.4574 -66.3498 14.5417
    endloop
  endfacet
  facet normal 0.865971 -0.500095 7.22693e-06
    outer loop
      vertex -33.7212 -66.8068 14.933
      vertex -33.3843 -66.2234 16.3097
      vertex -33.4998 -66.4234 16.3923
    endloop
  endfacet
  facet normal 0.866006 -0.500033 -4.25837e-05
    outer loop
      vertex -33.1682 -65.8491 16.0787
      vertex -33.518 -66.4548 14.6894
      vertex -33.4859 -66.3992 14.6185
    endloop
  endfacet
  facet normal 0.866213 -0.499675 -0.000250558
    outer loop
      vertex -33.1682 -65.8491 16.0787
      vertex -33.5534 -66.5162 14.7537
      vertex -33.518 -66.4548 14.6894
    endloop
  endfacet
  facet normal 0.865826 -0.500345 0.000199058
    outer loop
      vertex -33.1682 -65.8491 16.0787
      vertex -33.5919 -66.5828 14.8107
      vertex -33.5534 -66.5162 14.7537
    endloop
  endfacet
  facet normal 0.86601 -0.500026 -3.69257e-06
    outer loop
      vertex -33.7676 -66.8872 14.9563
      vertex -33.4998 -66.4234 16.3923
      vertex -33.6188 -66.6295 16.452
    endloop
  endfacet
  facet normal 0.866198 -0.499701 -0.000297554
    outer loop
      vertex -33.1682 -65.8491 16.0787
      vertex -33.6329 -66.6539 14.8599
      vertex -33.5919 -66.5828 14.8107
    endloop
  endfacet
  facet normal 0.86618 -0.499733 -0.000269678
    outer loop
      vertex -33.1682 -65.8491 16.0787
      vertex -33.6761 -66.7288 14.9008
      vertex -33.6329 -66.6539 14.8599
    endloop
  endfacet
  facet normal 0.865745 -0.500485 0.000227401
    outer loop
      vertex -33.3843 -66.2234 16.3097
      vertex -33.7212 -66.8068 14.933
      vertex -33.6761 -66.7288 14.9008
    endloop
  endfacet
  facet normal 0.865954 -0.500124 1.9316e-05
    outer loop
      vertex -33.8149 -66.9691 14.9703
      vertex -33.6188 -66.6295 16.452
      vertex -33.7402 -66.8397 16.488
    endloop
  endfacet
  facet normal 0.866105 -0.499863 -7.40841e-05
    outer loop
      vertex -33.4998 -66.4234 16.3923
      vertex -33.7676 -66.8872 14.9563
      vertex -33.7212 -66.8068 14.933
    endloop
  endfacet
  facet normal 0.865958 -0.500117 1.70986e-05
    outer loop
      vertex -33.6188 -66.6295 16.452
      vertex -33.8149 -66.9691 14.9703
      vertex -33.7676 -66.8872 14.9563
    endloop
  endfacet
  facet normal 0.86605 -0.499958 0
    outer loop
      vertex -33.8627 -67.0519 14.975
      vertex -33.7402 -66.8397 16.488
      vertex -33.8627 -67.0519 16.5
    endloop
  endfacet
  facet normal 0.866046 -0.499964 1.09736e-06
    outer loop
      vertex -33.7402 -66.8397 16.488
      vertex -33.8627 -67.0519 14.975
      vertex -33.8149 -66.9691 14.9703
    endloop
  endfacet
  facet normal 0.86605 -0.499958 0
    outer loop
      vertex -33.9852 -67.2641 16.488
      vertex -33.8627 -67.0519 14.975
      vertex -33.8627 -67.0519 16.5
    endloop
  endfacet
  facet normal 0.866046 -0.499964 -1.09736e-06
    outer loop
      vertex -33.8627 -67.0519 14.975
      vertex -33.9852 -67.2641 16.488
      vertex -33.9105 -67.1347 14.9703
    endloop
  endfacet
  facet normal 0.865954 -0.500124 -1.9316e-05
    outer loop
      vertex -34.1066 -67.4743 16.452
      vertex -33.9105 -67.1347 14.9703
      vertex -33.9852 -67.2641 16.488
    endloop
  endfacet
  facet normal 0.865958 -0.500117 -1.70986e-05
    outer loop
      vertex -33.9105 -67.1347 14.9703
      vertex -34.1066 -67.4743 16.452
      vertex -33.9578 -67.2166 14.9563
    endloop
  endfacet
  facet normal 0.866183 -0.499726 7.26618e-05
    outer loop
      vertex -34.2255 -67.6804 16.3923
      vertex -33.9578 -67.2166 14.9563
      vertex -34.1066 -67.4743 16.452
    endloop
  endfacet
  facet normal 0.866111 -0.499851 1.89328e-05
    outer loop
      vertex -33.9578 -67.2166 14.9563
      vertex -34.2255 -67.6804 16.3923
      vertex -34.0042 -67.297 14.933
    endloop
  endfacet
  facet normal 0.86598 -0.500078 -6.07604e-05
    outer loop
      vertex -34.341 -67.8804 16.3097
      vertex -34.0042 -67.297 14.933
      vertex -34.2255 -67.6804 16.3923
    endloop
  endfacet
  facet normal 0.865755 -0.500468 -0.000280927
    outer loop
      vertex -34.0042 -67.297 14.933
      vertex -34.341 -67.8804 16.3097
      vertex -34.0493 -67.375 14.9008
    endloop
  endfacet
  facet normal 0.866051 -0.499955 -3.55608e-05
    outer loop
      vertex -34.4519 -68.0725 16.2048
      vertex -34.0493 -67.375 14.9008
      vertex -34.341 -67.8804 16.3097
    endloop
  endfacet
  facet normal 0.865967 -0.500102 -0.000140315
    outer loop
      vertex -34.5572 -68.2548 16.0787
      vertex -34.0493 -67.375 14.9008
      vertex -34.4519 -68.0725 16.2048
    endloop
  endfacet
  facet normal 0.866187 -0.49972 0.000239545
    outer loop
      vertex -34.0493 -67.375 14.9008
      vertex -34.5572 -68.2548 16.0787
      vertex -34.0925 -67.4499 14.8599
    endloop
  endfacet
  facet normal 0.866021 -0.500007 -1.28465e-05
    outer loop
      vertex -34.6557 -68.4254 15.9325
      vertex -34.0925 -67.4499 14.8599
      vertex -34.5572 -68.2548 16.0787
    endloop
  endfacet
  facet normal 0.866187 -0.49972 0.000334745
    outer loop
      vertex -34.0925 -67.4499 14.8599
      vertex -34.6557 -68.4254 15.9325
      vertex -34.1335 -67.521 14.8107
    endloop
  endfacet
  facet normal 0.865985 -0.500071 -4.17129e-05
    outer loop
      vertex -34.7466 -68.5828 15.7678
      vertex -34.1335 -67.521 14.8107
      vertex -34.6557 -68.4254 15.9325
    endloop
  endfacet
  facet normal 0.865873 -0.500263 -0.000326378
    outer loop
      vertex -34.1335 -67.521 14.8107
      vertex -34.7466 -68.5828 15.7678
      vertex -34.172 -67.5876 14.7537
    endloop
  endfacet
  facet normal 0.866007 -0.500032 -2.40942e-05
    outer loop
      vertex -34.829 -68.7255 15.586
      vertex -34.172 -67.5876 14.7537
      vertex -34.7466 -68.5828 15.7678
    endloop
  endfacet
  facet normal 0.866143 -0.499797 0.000405226
    outer loop
      vertex -34.172 -67.5876 14.7537
      vertex -34.829 -68.7255 15.586
      vertex -34.2074 -67.649 14.6894
    endloop
  endfacet
  facet normal 0.866102 -0.499867 0.000292683
    outer loop
      vertex -34.902 -68.8521 15.3889
      vertex -34.2074 -67.649 14.6894
      vertex -34.829 -68.7255 15.586
    endloop
  endfacet
  facet normal 0.866029 -0.499994 1.74333e-06
    outer loop
      vertex -34.2074 -67.649 14.6894
      vertex -34.902 -68.8521 15.3889
      vertex -34.2395 -67.7046 14.6185
    endloop
  endfacet
  facet normal 0.86598 -0.500078 -0.000165582
    outer loop
      vertex -34.9651 -68.9613 15.1785
      vertex -34.2395 -67.7046 14.6185
      vertex -34.902 -68.8521 15.3889
    endloop
  endfacet
  facet normal 0.866051 -0.499956 0.000200091
    outer loop
      vertex -34.2395 -67.7046 14.6185
      vertex -34.9651 -68.9613 15.1785
      vertex -34.268 -67.754 14.5417
    endloop
  endfacet
  facet normal 0.866039 -0.499976 -0.000218402
    outer loop
      vertex -33.3775 -66.2116 14.0956
      vertex -32.6127 -64.8868 14
      vertex -32.6187 -64.8973 14.245
    endloop
  endfacet
  facet normal 0.866021 -0.500008 0.000157134
    outer loop
      vertex -33.3775 -66.2116 14.0956
      vertex -32.6187 -64.8973 14.245
      vertex -32.6367 -64.9284 14.4877
    endloop
  endfacet
  facet normal 0.866063 -0.499935 -0.000159558
    outer loop
      vertex -33.3775 -66.2116 14.0956
      vertex -32.6367 -64.9284 14.4877
      vertex -32.6665 -64.9801 14.7257
    endloop
  endfacet
  facet normal 0.866055 -0.499949 -0.00012258
    outer loop
      vertex -33.3775 -66.2116 14.0956
      vertex -32.6665 -64.9801 14.7257
      vertex -32.7078 -65.0517 14.9567
    endloop
  endfacet
  facet normal 0.865944 -0.500141 0.000221976
    outer loop
      vertex -33.3775 -66.2116 14.0956
      vertex -32.7078 -65.0517 14.9567
      vertex -32.7603 -65.1425 15.1785
    endloop
  endfacet
  facet normal 0.865973 -0.500091 0.000156369
    outer loop
      vertex -33.3775 -66.2116 14.0956
      vertex -32.7603 -65.1425 15.1785
      vertex -32.8234 -65.2517 15.3889
    endloop
  endfacet
  facet normal 0.866173 -0.499744 -0.000187406
    outer loop
      vertex -33.3775 -66.2116 14.0956
      vertex -32.8234 -65.2517 15.3889
      vertex -32.8964 -65.3783 15.586
    endloop
  endfacet
  facet normal 0.866008 -0.50003 2.60392e-05
    outer loop
      vertex -33.3775 -66.2116 14.0956
      vertex -32.8964 -65.3783 15.586
      vertex -32.9788 -65.521 15.7678
    endloop
  endfacet
  facet normal 0.865987 -0.500067 4.63151e-05
    outer loop
      vertex -33.3775 -66.2116 14.0956
      vertex -32.9788 -65.521 15.7678
      vertex -33.0697 -65.6784 15.9325
    endloop
  endfacet
  facet normal 0.866126 -0.499826 -4.70325e-05
    outer loop
      vertex -33.3775 -66.2116 14.0956
      vertex -33.0697 -65.6784 15.9325
      vertex -33.1682 -65.8491 16.0787
    endloop
  endfacet
  facet normal 0.866015 -0.500017 1.34607e-05
    outer loop
      vertex -33.6761 -66.7288 14.9008
      vertex -33.1682 -65.8491 16.0787
      vertex -33.2734 -66.0313 16.2048
    endloop
  endfacet
  facet normal 0.866027 -0.499997 0.000607994
    outer loop
      vertex -32.6127 -64.8868 14
      vertex -33.3752 -66.2075 14
      vertex -33.3775 -66.2116 13.9044
    endloop
  endfacet
  facet normal 0.866063 -0.499935 -0.000526781
    outer loop
      vertex -32.6127 -64.8868 14
      vertex -33.3775 -66.2116 13.9044
      vertex -33.3846 -66.2238 13.8098
    endloop
  endfacet
  facet normal 0.866028 -0.499996 4.31391e-05
    outer loop
      vertex -32.6127 -64.8868 14
      vertex -33.3846 -66.2238 13.8098
      vertex -33.3962 -66.2439 13.717
    endloop
  endfacet
  facet normal 0.866024 -0.500002 7.82896e-05
    outer loop
      vertex -32.6127 -64.8868 14
      vertex -33.3962 -66.2439 13.717
      vertex -33.4123 -66.2718 13.6269
    endloop
  endfacet
  facet normal 0.866115 -0.499843 -0.000704139
    outer loop
      vertex -32.6127 -64.8868 14
      vertex -33.4123 -66.2718 13.6269
      vertex -33.4328 -66.3072 13.5404
    endloop
  endfacet
  facet normal 0.866024 -0.500002 -4.98003e-05
    outer loop
      vertex -32.6127 -64.8868 14
      vertex -33.4328 -66.3072 13.5404
      vertex -33.4574 -66.3498 13.4583
    endloop
  endfacet
  facet normal 0.865963 -0.500108 0.00033061
    outer loop
      vertex -32.6127 -64.8868 14
      vertex -33.4574 -66.3498 13.4583
      vertex -33.4859 -66.3992 13.3815
    endloop
  endfacet
  facet normal 0.866022 -0.500007 0
    outer loop
      vertex -32.6127 -64.8868 14
      vertex -33.4859 -66.3992 13.3815
      vertex -32.6127 -64.8868 10.5
    endloop
  endfacet
  facet normal 0.866027 -0.499998 6.08782e-06
    outer loop
      vertex -33.518 -66.4548 13.3106
      vertex -32.6127 -64.8868 10.5
      vertex -33.4859 -66.3992 13.3815
    endloop
  endfacet
  facet normal 0.866214 -0.499673 0.000247831
    outer loop
      vertex -33.5534 -66.5162 13.2463
      vertex -32.6127 -64.8868 10.5
      vertex -33.518 -66.4548 13.3106
    endloop
  endfacet
  facet normal 0.865847 -0.500309 -0.00025519
    outer loop
      vertex -33.5919 -66.5828 13.1893
      vertex -32.6127 -64.8868 10.5
      vertex -33.5534 -66.5162 13.2463
    endloop
  endfacet
  facet normal 0.866207 -0.499686 0.000268454
    outer loop
      vertex -33.6329 -66.6539 13.1401
      vertex -32.6127 -64.8868 10.5
      vertex -33.5919 -66.5828 13.1893
    endloop
  endfacet
  facet normal 0.866187 -0.49972 0.000238218
    outer loop
      vertex -33.6761 -66.7288 13.0992
      vertex -32.6127 -64.8868 10.5
      vertex -33.6329 -66.6539 13.1401
    endloop
  endfacet
  facet normal 0.865781 -0.500423 -0.0004262
    outer loop
      vertex -33.7212 -66.8068 13.067
      vertex -32.6127 -64.8868 10.5
      vertex -33.6761 -66.7288 13.0992
    endloop
  endfacet
  facet normal 0.866099 -0.499873 0.000122091
    outer loop
      vertex -33.7676 -66.8872 13.0437
      vertex -32.6127 -64.8868 10.5
      vertex -33.7212 -66.8068 13.067
    endloop
  endfacet
  facet normal 0.865965 -0.500104 -0.000119488
    outer loop
      vertex -33.8149 -66.9691 13.0297
      vertex -32.6127 -64.8868 10.5
      vertex -33.7676 -66.8872 13.0437
    endloop
  endfacet
  facet normal 0.866045 -0.499965 3.24699e-05
    outer loop
      vertex -33.8627 -67.0519 13.025
      vertex -32.6127 -64.8868 10.5
      vertex -33.8149 -66.9691 13.0297
    endloop
  endfacet
  facet normal 0.866045 -0.499965 -3.24699e-05
    outer loop
      vertex -35.1127 -69.217 10.5
      vertex -33.8627 -67.0519 13.025
      vertex -33.9105 -67.1347 13.0297
    endloop
  endfacet
  facet normal 0.865965 -0.500104 0.000119488
    outer loop
      vertex -35.1127 -69.217 10.5
      vertex -33.9105 -67.1347 13.0297
      vertex -33.9578 -67.2166 13.0437
    endloop
  endfacet
  facet normal 0.866099 -0.499873 -0.000122091
    outer loop
      vertex -35.1127 -69.217 10.5
      vertex -33.9578 -67.2166 13.0437
      vertex -34.0042 -67.297 13.067
    endloop
  endfacet
  facet normal 0.865781 -0.500423 0.0004262
    outer loop
      vertex -35.1127 -69.217 10.5
      vertex -34.0042 -67.297 13.067
      vertex -34.0493 -67.375 13.0992
    endloop
  endfacet
  facet normal 0.866187 -0.49972 -0.000238218
    outer loop
      vertex -35.1127 -69.217 10.5
      vertex -34.0493 -67.375 13.0992
      vertex -34.0925 -67.4499 13.1401
    endloop
  endfacet
  facet normal 0.866207 -0.499686 -0.000268454
    outer loop
      vertex -35.1127 -69.217 10.5
      vertex -34.0925 -67.4499 13.1401
      vertex -34.1335 -67.521 13.1893
    endloop
  endfacet
  facet normal 0.865847 -0.500309 0.00025519
    outer loop
      vertex -35.1127 -69.217 10.5
      vertex -34.1335 -67.521 13.1893
      vertex -34.172 -67.5876 13.2463
    endloop
  endfacet
  facet normal 0.866 -0.500043 -2.14019e-05
    outer loop
      vertex -34.268 -67.754 14.5417
      vertex -34.9651 -68.9613 15.1785
      vertex -34.2926 -67.7966 14.4596
    endloop
  endfacet
  facet normal 0.866077 -0.49991 0.000267493
    outer loop
      vertex -35.0175 -69.0522 14.9567
      vertex -34.2926 -67.7966 14.4596
      vertex -34.9651 -68.9613 15.1785
    endloop
  endfacet
  facet normal 0.865939 -0.500149 -0.000537512
    outer loop
      vertex -34.2926 -67.7966 14.4596
      vertex -35.0175 -69.0522 14.9567
      vertex -34.3131 -67.832 14.3731
    endloop
  endfacet
  facet normal 0.865967 -0.500101 -0.00040591
    outer loop
      vertex -35.0589 -69.1237 14.7257
      vertex -34.3131 -67.832 14.3731
      vertex -35.0175 -69.0522 14.9567
    endloop
  endfacet
  facet normal 0.866024 -0.500002 7.85612e-05
    outer loop
      vertex -34.3131 -67.832 14.3731
      vertex -35.0589 -69.1237 14.7257
      vertex -34.3292 -67.8599 14.283
    endloop
  endfacet
  facet normal 0.866038 -0.499978 0.000171912
    outer loop
      vertex -35.0887 -69.1754 14.4877
      vertex -34.3292 -67.8599 14.283
      vertex -35.0589 -69.1237 14.7257
    endloop
  endfacet
  facet normal 0.866064 -0.499932 0.000563363
    outer loop
      vertex -34.3292 -67.8599 14.283
      vertex -35.0887 -69.1754 14.4877
      vertex -34.3408 -67.8801 14.1902
    endloop
  endfacet
  facet normal 0.865994 -0.500055 -0.000149077
    outer loop
      vertex -35.1067 -69.2065 14.245
      vertex -34.3408 -67.8801 14.1902
      vertex -35.0887 -69.1754 14.4877
    endloop
  endfacet
  facet normal 0.865994 -0.500054 -0.000119525
    outer loop
      vertex -34.3408 -67.8801 14.1902
      vertex -35.1067 -69.2065 14.245
      vertex -34.3478 -67.8922 14.0956
    endloop
  endfacet
  facet normal 0.866011 -0.500025 0.000221205
    outer loop
      vertex -35.1127 -69.217 14
      vertex -34.3478 -67.8922 14.0956
      vertex -35.1067 -69.2065 14.245
    endloop
  endfacet
  facet normal 0.866027 -0.499997 -0.000297892
    outer loop
      vertex -34.3478 -67.8922 14.0956
      vertex -35.1127 -69.217 14
      vertex -34.3502 -67.8963 14
    endloop
  endfacet
  facet normal 0.866027 -0.499997 0.000297892
    outer loop
      vertex -34.3502 -67.8963 14
      vertex -35.1127 -69.217 14
      vertex -34.3478 -67.8922 13.9044
    endloop
  endfacet
  facet normal 0.866022 -0.500006 0.000127704
    outer loop
      vertex -34.3478 -67.8922 13.9044
      vertex -35.1127 -69.217 14
      vertex -34.3408 -67.8801 13.8098
    endloop
  endfacet
  facet normal 0.865976 -0.500084 -0.000607512
    outer loop
      vertex -34.3408 -67.8801 13.8098
      vertex -35.1127 -69.217 14
      vertex -34.3292 -67.8599 13.717
    endloop
  endfacet
  facet normal 0.866024 -0.500002 -7.82896e-05
    outer loop
      vertex -34.3292 -67.8599 13.717
      vertex -35.1127 -69.217 14
      vertex -34.3131 -67.832 13.6269
    endloop
  endfacet
  facet normal 0.866115 -0.499843 0.000704139
    outer loop
      vertex -34.3131 -67.832 13.6269
      vertex -35.1127 -69.217 14
      vertex -34.2926 -67.7966 13.5404
    endloop
  endfacet
  facet normal 0.866024 -0.500002 4.98003e-05
    outer loop
      vertex -34.2926 -67.7966 13.5404
      vertex -35.1127 -69.217 14
      vertex -34.268 -67.754 13.4583
    endloop
  endfacet
  facet normal 0.865963 -0.500108 -0.00033061
    outer loop
      vertex -34.268 -67.754 13.4583
      vertex -35.1127 -69.217 14
      vertex -34.2395 -67.7046 13.3815
    endloop
  endfacet
  facet normal 0.866018 -0.500013 -2.23517e-05
    outer loop
      vertex -34.2395 -67.7046 13.3815
      vertex -35.1127 -69.217 14
      vertex -34.2074 -67.649 13.3106
    endloop
  endfacet
  facet normal 0.866022 -0.500006 0
    outer loop
      vertex -35.1127 -69.217 10.5
      vertex -34.2074 -67.649 13.3106
      vertex -35.1127 -69.217 14
    endloop
  endfacet
  facet normal 0.866214 -0.499673 -0.000247831
    outer loop
      vertex -34.2074 -67.649 13.3106
      vertex -35.1127 -69.217 10.5
      vertex -34.172 -67.5876 13.2463
    endloop
  endfacet
  facet normal 0.866029 -0.499994 -1.407e-15
    outer loop
      vertex -33.8627 -67.0519 13.025
      vertex -35.1127 -69.217 10.5
      vertex -32.6127 -64.8868 10.5
    endloop
  endfacet
  facet normal -0.866046 0.499964 0
    outer loop
      vertex -35.6509 -65.1492 13.3815
      vertex -34.7778 -63.6368 14
      vertex -34.7778 -63.6368 10.5
    endloop
  endfacet
  facet normal -0.865997 0.50005 -0.000280645
    outer loop
      vertex -35.6224 -65.0998 13.4583
      vertex -34.7778 -63.6368 14
      vertex -35.6509 -65.1492 13.3815
    endloop
  endfacet
  facet normal -0.865984 0.500071 -0.000421152
    outer loop
      vertex -35.5774 -65.0218 13.6269
      vertex -34.7778 -63.6368 14
      vertex -35.5978 -65.0572 13.5404
    endloop
  endfacet
  facet normal -0.866057 0.499946 -2.86644e-05
    outer loop
      vertex -35.5496 -64.9738 13.8098
      vertex -34.7778 -63.6368 14
      vertex -35.5612 -64.9939 13.717
    endloop
  endfacet
  facet normal -0.866027 0.499997 -0.000607994
    outer loop
      vertex -35.5403 -64.9575 14
      vertex -34.7778 -63.6368 14
      vertex -35.5426 -64.9616 13.9044
    endloop
  endfacet
  facet normal -0.866039 0.499976 0.000218402
    outer loop
      vertex -34.7778 -63.6368 14
      vertex -35.5426 -64.9616 14.0956
      vertex -34.7838 -63.6473 14.245
    endloop
  endfacet
  facet normal -0.866048 0.499961 0.000393086
    outer loop
      vertex -35.5496 -64.9738 14.1902
      vertex -34.7838 -63.6473 14.245
      vertex -35.5426 -64.9616 14.0956
    endloop
  endfacet
  facet normal -0.866057 0.499945 2.84127e-05
    outer loop
      vertex -35.5612 -64.9939 14.283
      vertex -34.8018 -63.6784 14.4877
      vertex -35.5496 -64.9738 14.1902
    endloop
  endfacet
  facet normal -0.865919 0.500184 -0.000807608
    outer loop
      vertex -35.5774 -65.0218 14.3731
      vertex -34.8316 -63.7301 14.7257
      vertex -35.5612 -64.9939 14.283
    endloop
  endfacet
  facet normal -0.866087 0.499893 0.000324045
    outer loop
      vertex -35.5978 -65.0572 14.4596
      vertex -34.8729 -63.8016 14.9567
      vertex -35.5774 -65.0218 14.3731
    endloop
  endfacet
  facet normal -0.86602 0.500009 -6.84675e-05
    outer loop
      vertex -34.8729 -63.8016 14.9567
      vertex -35.5978 -65.0572 14.4596
      vertex -34.9254 -63.8925 15.1785
    endloop
  endfacet
  facet normal -0.866025 0.500001 -5.06251e-05
    outer loop
      vertex -35.6224 -65.0998 14.5417
      vertex -34.9254 -63.8925 15.1785
      vertex -35.5978 -65.0572 14.4596
    endloop
  endfacet
  facet normal -0.866008 0.500031 -6.02417e-05
    outer loop
      vertex -34.8316 -63.7301 14.7257
      vertex -35.5774 -65.0218 14.3731
      vertex -34.8729 -63.8016 14.9567
    endloop
  endfacet
  facet normal -0.866066 0.49993 0.000158083
    outer loop
      vertex -34.8018 -63.6784 14.4877
      vertex -35.5612 -64.9939 14.283
      vertex -34.8316 -63.7301 14.7257
    endloop
  endfacet
  facet normal -0.866038 0.499978 -0.000162212
    outer loop
      vertex -34.7838 -63.6473 14.245
      vertex -35.5496 -64.9738 14.1902
      vertex -34.8018 -63.6784 14.4877
    endloop
  endfacet
  facet normal -0.866027 0.499997 0.000607994
    outer loop
      vertex -35.5426 -64.9616 14.0956
      vertex -34.7778 -63.6368 14
      vertex -35.5403 -64.9575 14
    endloop
  endfacet
  facet normal -0.866034 0.499985 -0.000397305
    outer loop
      vertex -35.5426 -64.9616 13.9044
      vertex -34.7778 -63.6368 14
      vertex -35.5496 -64.9738 13.8098
    endloop
  endfacet
  facet normal -0.866146 0.49979 0.000970504
    outer loop
      vertex -35.5612 -64.9939 13.717
      vertex -34.7778 -63.6368 14
      vertex -35.5774 -65.0218 13.6269
    endloop
  endfacet
  facet normal -0.866056 0.499947 8.78231e-05
    outer loop
      vertex -35.5978 -65.0572 13.5404
      vertex -34.7778 -63.6368 14
      vertex -35.6224 -65.0998 13.4583
    endloop
  endfacet
  facet normal -0.866037 0.499981 1.19167e-05
    outer loop
      vertex -34.7778 -63.6368 10.5
      vertex -35.683 -65.2048 13.3106
      vertex -35.6509 -65.1492 13.3815
    endloop
  endfacet
  facet normal -0.865837 0.500325 0.000268309
    outer loop
      vertex -34.7778 -63.6368 10.5
      vertex -35.7185 -65.2662 13.2463
      vertex -35.683 -65.2048 13.3106
    endloop
  endfacet
  facet normal -0.86622 0.499662 -0.000256493
    outer loop
      vertex -34.7778 -63.6368 10.5
      vertex -35.7569 -65.3328 13.1893
      vertex -35.7185 -65.2662 13.2463
    endloop
  endfacet
  facet normal -0.865846 0.50031 0.000288739
    outer loop
      vertex -34.7778 -63.6368 10.5
      vertex -35.798 -65.4039 13.1401
      vertex -35.7569 -65.3328 13.1893
    endloop
  endfacet
  facet normal -0.866187 0.49972 -0.000238218
    outer loop
      vertex -34.7778 -63.6368 10.5
      vertex -35.8412 -65.4788 13.0992
      vertex -35.798 -65.4039 13.1401
    endloop
  endfacet
  facet normal -0.866153 0.499779 -0.000182452
    outer loop
      vertex -34.7778 -63.6368 10.5
      vertex -35.8862 -65.5568 13.067
      vertex -35.8412 -65.4788 13.0992
    endloop
  endfacet
  facet normal -0.865718 0.500531 0.000567578
    outer loop
      vertex -34.7778 -63.6368 10.5
      vertex -35.9327 -65.6372 13.0437
      vertex -35.8862 -65.5568 13.067
    endloop
  endfacet
  facet normal -0.865965 0.500104 0.000119488
    outer loop
      vertex -34.7778 -63.6368 10.5
      vertex -35.98 -65.7191 13.0297
      vertex -35.9327 -65.6372 13.0437
    endloop
  endfacet
  facet normal -0.866045 0.499965 -3.24699e-05
    outer loop
      vertex -34.7778 -63.6368 10.5
      vertex -36.0278 -65.8019 13.025
      vertex -35.98 -65.7191 13.0297
    endloop
  endfacet
  facet normal -0.866029 0.499994 7.03499e-16
    outer loop
      vertex -37.2778 -67.967 10.5
      vertex -36.0278 -65.8019 13.025
      vertex -34.7778 -63.6368 10.5
    endloop
  endfacet
  facet normal -0.866477 0.499216 0.00088815
    outer loop
      vertex -36.0278 -65.8019 13.025
      vertex -37.2778 -67.967 10.5
      vertex -36.0755 -65.8847 13.0297
    endloop
  endfacet
  facet normal -0.865561 0.500802 -0.000852067
    outer loop
      vertex -36.0755 -65.8847 13.0297
      vertex -37.2778 -67.967 10.5
      vertex -36.1229 -65.9666 13.0437
    endloop
  endfacet
  facet normal -0.866099 0.499873 0.000122091
    outer loop
      vertex -36.1229 -65.9666 13.0437
      vertex -37.2778 -67.967 10.5
      vertex -36.1693 -66.047 13.067
    endloop
  endfacet
  facet normal -0.866148 0.499787 0.000208233
    outer loop
      vertex -36.1693 -66.047 13.067
      vertex -37.2778 -67.967 10.5
      vertex -36.2143 -66.125 13.0992
    endloop
  endfacet
  facet normal -0.86582 0.500355 -0.000328509
    outer loop
      vertex -36.2143 -66.125 13.0992
      vertex -37.2778 -67.967 10.5
      vertex -36.2576 -66.1999 13.1401
    endloop
  endfacet
  facet normal -0.866207 0.499686 0.000268454
    outer loop
      vertex -36.2576 -66.1999 13.1401
      vertex -37.2778 -67.967 10.5
      vertex -36.2986 -66.271 13.1893
    endloop
  endfacet
  facet normal -0.866027 0.499997 -0.000297892
    outer loop
      vertex -37.2778 -67.967 14
      vertex -36.5153 -66.6463 14
      vertex -36.5129 -66.6422 13.9044
    endloop
  endfacet
  facet normal -0.866128 0.499822 -7.49419e-06
    outer loop
      vertex -36.5153 -66.6463 14
      vertex -36.7222 -67.0048 16.0787
      vertex -36.617 -66.8225 16.2048
    endloop
  endfacet
  facet normal -0.866022 0.500006 -0.000127704
    outer loop
      vertex -37.2778 -67.967 14
      vertex -36.5129 -66.6422 13.9044
      vertex -36.5059 -66.6301 13.8098
    endloop
  endfacet
  facet normal -0.866028 0.499995 3.21485e-05
    outer loop
      vertex -36.5153 -66.6463 14
      vertex -36.8207 -67.1754 15.9325
      vertex -36.7222 -67.0048 16.0787
    endloop
  endfacet
  facet normal -0.865976 0.500084 0.000607512
    outer loop
      vertex -37.2778 -67.967 14
      vertex -36.5059 -66.6301 13.8098
      vertex -36.4943 -66.6099 13.717
    endloop
  endfacet
  facet normal -0.865991 0.50006 5.58342e-05
    outer loop
      vertex -36.5153 -66.6463 14
      vertex -36.9116 -67.3328 15.7678
      vertex -36.8207 -67.1754 15.9325
    endloop
  endfacet
  facet normal -0.866117 0.499841 -0.000949344
    outer loop
      vertex -37.2778 -67.967 14
      vertex -36.4943 -66.6099 13.717
      vertex -36.4781 -66.582 13.6269
    endloop
  endfacet
  facet normal -0.866013 0.500021 3.58053e-05
    outer loop
      vertex -36.5153 -66.6463 14
      vertex -36.994 -67.4755 15.586
      vertex -36.9116 -67.3328 15.7678
    endloop
  endfacet
  facet normal -0.865954 0.500124 0.000449896
    outer loop
      vertex -37.2778 -67.967 14
      vertex -36.4781 -66.582 13.6269
      vertex -36.4577 -66.5466 13.5404
    endloop
  endfacet
  facet normal -0.866021 0.500007 2.63927e-05
    outer loop
      vertex -36.5153 -66.6463 14
      vertex -37.0671 -67.6021 15.3889
      vertex -36.994 -67.4755 15.586
    endloop
  endfacet
  facet normal -0.866024 0.500002 -4.98003e-05
    outer loop
      vertex -37.2778 -67.967 14
      vertex -36.4577 -66.5466 13.5404
      vertex -36.4331 -66.504 13.4583
    endloop
  endfacet
  facet normal -0.865954 0.500124 0.000133587
    outer loop
      vertex -36.5153 -66.6463 14
      vertex -37.1302 -67.7113 15.1785
      vertex -37.0671 -67.6021 15.3889
    endloop
  endfacet
  facet normal -0.865963 0.500108 0.00033061
    outer loop
      vertex -37.2778 -67.967 14
      vertex -36.4331 -66.504 13.4583
      vertex -36.4046 -66.4546 13.3815
    endloop
  endfacet
  facet normal -0.866124 0.499828 -0.000223025
    outer loop
      vertex -36.5153 -66.6463 14
      vertex -37.1826 -67.8022 14.9567
      vertex -37.1302 -67.7113 15.1785
    endloop
  endfacet
  facet normal -0.866018 0.500013 2.23517e-05
    outer loop
      vertex -37.2778 -67.967 14
      vertex -36.4046 -66.4546 13.3815
      vertex -36.3725 -66.399 13.3106
    endloop
  endfacet
  facet normal -0.86602 0.50001 6.89889e-05
    outer loop
      vertex -36.5153 -66.6463 14
      vertex -37.2239 -67.8737 14.7257
      vertex -37.1826 -67.8022 14.9567
    endloop
  endfacet
  facet normal -0.865829 0.500341 -0.000248861
    outer loop
      vertex -37.2778 -67.967 10.5
      vertex -36.3725 -66.399 13.3106
      vertex -36.337 -66.3376 13.2463
    endloop
  endfacet
  facet normal -0.866213 0.499675 0.00027741
    outer loop
      vertex -36.2986 -66.271 13.1893
      vertex -37.2778 -67.967 10.5
      vertex -36.337 -66.3376 13.2463
    endloop
  endfacet
  facet normal -0.866027 0.499997 0.000133877
    outer loop
      vertex -36.5153 -66.6463 14
      vertex -37.2778 -67.967 14
      vertex -37.2717 -67.9565 14.245
    endloop
  endfacet
  facet normal -0.866077 0.499911 -0.000152649
    outer loop
      vertex -36.5153 -66.6463 14
      vertex -37.2537 -67.9254 14.4877
      vertex -37.2239 -67.8737 14.7257
    endloop
  endfacet
  facet normal -0.866022 0.500006 0
    outer loop
      vertex -36.3725 -66.399 13.3106
      vertex -37.2778 -67.967 10.5
      vertex -37.2778 -67.967 14
    endloop
  endfacet
  facet normal -0.866025 0.5 0.000158414
    outer loop
      vertex -36.5153 -66.6463 14
      vertex -37.2717 -67.9565 14.245
      vertex -37.2537 -67.9254 14.4877
    endloop
  endfacet
  facet normal -0.866074 0.499916 0.000165643
    outer loop
      vertex -35.6509 -65.1492 14.6185
      vertex -34.9254 -63.8925 15.1785
      vertex -35.6224 -65.0998 14.5417
    endloop
  endfacet
  facet normal -0.866069 0.499924 0.000139662
    outer loop
      vertex -34.9254 -63.8925 15.1785
      vertex -35.6509 -65.1492 14.6185
      vertex -34.9884 -64.0017 15.3889
    endloop
  endfacet
  facet normal -0.866029 0.499994 1.74333e-06
    outer loop
      vertex -35.683 -65.2048 14.6894
      vertex -34.9884 -64.0017 15.3889
      vertex -35.6509 -65.1492 14.6185
    endloop
  endfacet
  facet normal -0.866022 0.500006 -2.72553e-05
    outer loop
      vertex -34.9884 -64.0017 15.3889
      vertex -35.683 -65.2048 14.6894
      vertex -35.0615 -64.1283 15.586
    endloop
  endfacet
  facet normal -0.865892 0.500232 -0.000387759
    outer loop
      vertex -35.7185 -65.2662 14.7537
      vertex -35.0615 -64.1283 15.586
      vertex -35.683 -65.2048 14.6894
    endloop
  endfacet
  facet normal -0.866007 0.500032 -2.40942e-05
    outer loop
      vertex -35.0615 -64.1283 15.586
      vertex -35.7185 -65.2662 14.7537
      vertex -35.1439 -64.271 15.7678
    endloop
  endfacet
  facet normal -0.866179 0.499733 0.0003672
    outer loop
      vertex -35.7569 -65.3328 14.8107
      vertex -35.1439 -64.271 15.7678
      vertex -35.7185 -65.2662 14.7537
    endloop
  endfacet
  facet normal -0.866004 0.500038 -8.35873e-05
    outer loop
      vertex -35.1439 -64.271 15.7678
      vertex -35.7569 -65.3328 14.8107
      vertex -35.2348 -64.4284 15.9325
    endloop
  endfacet
  facet normal -0.865863 0.500281 -0.000345143
    outer loop
      vertex -35.798 -65.4039 14.8599
      vertex -35.2348 -64.4284 15.9325
      vertex -35.7569 -65.3328 14.8107
    endloop
  endfacet
  facet normal -0.866093 0.499884 0.000136916
    outer loop
      vertex -35.2348 -64.4284 15.9325
      vertex -35.798 -65.4039 14.8599
      vertex -35.3333 -64.5991 16.0787
    endloop
  endfacet
  facet normal -0.86618 0.499733 0.000269678
    outer loop
      vertex -35.8412 -65.4788 14.9008
      vertex -35.3333 -64.5991 16.0787
      vertex -35.798 -65.4039 14.8599
    endloop
  endfacet
  facet normal -0.866015 0.500017 -1.34607e-05
    outer loop
      vertex -35.3333 -64.5991 16.0787
      vertex -35.8412 -65.4788 14.9008
      vertex -35.4385 -64.7813 16.2048
    endloop
  endfacet
  facet normal -0.866039 0.499976 1.58402e-05
    outer loop
      vertex -35.4385 -64.7813 16.2048
      vertex -35.8412 -65.4788 14.9008
      vertex -35.5494 -64.9734 16.3097
    endloop
  endfacet
  facet normal -0.866164 0.499759 0.000119454
    outer loop
      vertex -35.8862 -65.5568 14.933
      vertex -35.5494 -64.9734 16.3097
      vertex -35.8412 -65.4788 14.9008
    endloop
  endfacet
  facet normal -0.86598 0.500078 -6.07604e-05
    outer loop
      vertex -35.5494 -64.9734 16.3097
      vertex -35.8862 -65.5568 14.933
      vertex -35.6649 -65.1734 16.3923
    endloop
  endfacet
  facet normal -0.865678 0.500601 -0.000243946
    outer loop
      vertex -35.9327 -65.6372 14.9563
      vertex -35.6649 -65.1734 16.3923
      vertex -35.8862 -65.5568 14.933
    endloop
  endfacet
  facet normal -0.86601 0.500026 3.69257e-06
    outer loop
      vertex -35.6649 -65.1734 16.3923
      vertex -35.9327 -65.6372 14.9563
      vertex -35.7839 -65.3795 16.452
    endloop
  endfacet
  facet normal -0.865958 0.500117 -1.70986e-05
    outer loop
      vertex -35.98 -65.7191 14.9703
      vertex -35.7839 -65.3795 16.452
      vertex -35.9327 -65.6372 14.9563
    endloop
  endfacet
  facet normal -0.866125 0.499827 7.1553e-05
    outer loop
      vertex -35.7839 -65.3795 16.452
      vertex -35.98 -65.7191 14.9703
      vertex -35.9052 -65.5897 16.488
    endloop
  endfacet
  facet normal -0.866045 0.499966 5.56908e-05
    outer loop
      vertex -36.0278 -65.8019 14.975
      vertex -35.9052 -65.5897 16.488
      vertex -35.98 -65.7191 14.9703
    endloop
  endfacet
  facet normal -0.865873 0.500264 0
    outer loop
      vertex -36.0278 -65.8019 14.975
      vertex -36.0278 -65.8019 16.5
      vertex -35.9052 -65.5897 16.488
    endloop
  endfacet
  facet normal -0.866495 0.499185 -0.000144515
    outer loop
      vertex -36.1503 -66.0141 16.488
      vertex -36.0278 -65.8019 14.975
      vertex -36.0755 -65.8847 14.9703
    endloop
  endfacet
  facet normal -0.865517 0.500879 0.000250172
    outer loop
      vertex -36.2716 -66.2243 16.452
      vertex -36.0755 -65.8847 14.9703
      vertex -36.1229 -65.9666 14.9563
    endloop
  endfacet
  facet normal -0.86605 0.499958 0
    outer loop
      vertex -36.0278 -65.8019 14.975
      vertex -36.1503 -66.0141 16.488
      vertex -36.0278 -65.8019 16.5
    endloop
  endfacet
  facet normal -0.866111 0.499851 -1.89328e-05
    outer loop
      vertex -36.3906 -66.4304 16.3923
      vertex -36.1229 -65.9666 14.9563
      vertex -36.1693 -66.047 14.933
    endloop
  endfacet
  facet normal -0.866164 0.499759 -0.000119454
    outer loop
      vertex -36.5061 -66.6304 16.3097
      vertex -36.1693 -66.047 14.933
      vertex -36.2143 -66.125 14.9008
    endloop
  endfacet
  facet normal -0.865807 0.500378 0.000271136
    outer loop
      vertex -36.617 -66.8225 16.2048
      vertex -36.2143 -66.125 14.9008
      vertex -36.2576 -66.1999 14.8599
    endloop
  endfacet
  facet normal -0.866125 0.499827 -7.1553e-05
    outer loop
      vertex -36.0755 -65.8847 14.9703
      vertex -36.2716 -66.2243 16.452
      vertex -36.1503 -66.0141 16.488
    endloop
  endfacet
  facet normal -0.866232 0.499642 -0.000183463
    outer loop
      vertex -36.617 -66.8225 16.2048
      vertex -36.2576 -66.1999 14.8599
      vertex -36.2986 -66.271 14.8107
    endloop
  endfacet
  facet normal -0.866244 0.499622 -0.000194043
    outer loop
      vertex -36.617 -66.8225 16.2048
      vertex -36.2986 -66.271 14.8107
      vertex -36.337 -66.3376 14.7537
    endloop
  endfacet
  facet normal -0.865787 0.500412 0.000158003
    outer loop
      vertex -36.617 -66.8225 16.2048
      vertex -36.337 -66.3376 14.7537
      vertex -36.3725 -66.399 14.6894
    endloop
  endfacet
  facet normal -0.866017 0.500014 5.14555e-05
    outer loop
      vertex -36.1229 -65.9666 14.9563
      vertex -36.3906 -66.4304 16.3923
      vertex -36.2716 -66.2243 16.452
    endloop
  endfacet
  facet normal -0.866031 0.499991 1.1367e-06
    outer loop
      vertex -36.617 -66.8225 16.2048
      vertex -36.3725 -66.399 14.6894
      vertex -36.4046 -66.4546 14.6185
    endloop
  endfacet
  facet normal -0.866145 0.499793 -6.01975e-05
    outer loop
      vertex -36.617 -66.8225 16.2048
      vertex -36.4046 -66.4546 14.6185
      vertex -36.4331 -66.504 14.5417
    endloop
  endfacet
  facet normal -0.86599 0.500062 8.57089e-06
    outer loop
      vertex -36.617 -66.8225 16.2048
      vertex -36.4331 -66.504 14.5417
      vertex -36.4577 -66.5466 14.4596
    endloop
  endfacet
  facet normal -0.866314 0.4995 -0.00010985
    outer loop
      vertex -36.617 -66.8225 16.2048
      vertex -36.4577 -66.5466 14.4596
      vertex -36.4781 -66.582 14.3731
    endloop
  endfacet
  facet normal -0.865135 0.501538 0.000247153
    outer loop
      vertex -36.617 -66.8225 16.2048
      vertex -36.4781 -66.582 14.3731
      vertex -36.4943 -66.6099 14.283
    endloop
  endfacet
  facet normal -0.866821 0.49862 -0.000183284
    outer loop
      vertex -36.617 -66.8225 16.2048
      vertex -36.4943 -66.6099 14.283
      vertex -36.5059 -66.6301 14.1902
    endloop
  endfacet
  facet normal -0.86598 0.500078 6.07604e-05
    outer loop
      vertex -36.1693 -66.047 14.933
      vertex -36.5061 -66.6304 16.3097
      vertex -36.3906 -66.4304 16.3923
    endloop
  endfacet
  facet normal -0.865761 0.500458 5.06308e-05
    outer loop
      vertex -36.617 -66.8225 16.2048
      vertex -36.5059 -66.6301 14.1902
      vertex -36.5129 -66.6422 14.0956
    endloop
  endfacet
  facet normal -0.865015 0.501745 0.000197503
    outer loop
      vertex -36.617 -66.8225 16.2048
      vertex -36.5129 -66.6422 14.0956
      vertex -36.5153 -66.6463 14
    endloop
  endfacet
  facet normal -0.866039 0.499976 -1.58402e-05
    outer loop
      vertex -36.2143 -66.125 14.9008
      vertex -36.617 -66.8225 16.2048
      vertex -36.5061 -66.6304 16.3097
    endloop
  endfacet
  facet normal -0.168376 -0.29164 0.941592
    outer loop
      vertex -36.3906 -66.4304 16.3923
      vertex -34.341 -67.8804 16.3097
      vertex -34.2255 -67.6804 16.3923
    endloop
  endfacet
  facet normal -0.168376 -0.29164 0.941592
    outer loop
      vertex -34.341 -67.8804 16.3097
      vertex -36.3906 -66.4304 16.3923
      vertex -36.5061 -66.6304 16.3097
    endloop
  endfacet
  facet normal 0.0733506 0.127049 0.989181
    outer loop
      vertex -35.7839 -65.3795 16.452
      vertex -33.7402 -66.8397 16.488
      vertex -33.6188 -66.6295 16.452
    endloop
  endfacet
  facet normal 0.073368 0.127073 0.989176
    outer loop
      vertex -33.7402 -66.8397 16.488
      vertex -35.7839 -65.3795 16.452
      vertex -35.9052 -65.5897 16.488
    endloop
  endfacet
  facet normal 0.470763 0.8154 0.336905
    outer loop
      vertex -34.8316 -63.7301 14.7257
      vertex -32.7078 -65.0517 14.9567
      vertex -32.6665 -64.9801 14.7257
    endloop
  endfacet
  facet normal 0.470848 0.81548 0.336592
    outer loop
      vertex -32.7078 -65.0517 14.9567
      vertex -34.8316 -63.7301 14.7257
      vertex -34.8729 -63.8016 14.9567
    endloop
  endfacet
  facet normal -0.499381 -0.864967 0.0495036
    outer loop
      vertex -35.1127 -69.217 14
      vertex -37.2717 -67.9565 14.245
      vertex -37.2778 -67.967 14
    endloop
  endfacet
  facet normal -0.499403 -0.864966 0.0493002
    outer loop
      vertex -37.2717 -67.9565 14.245
      vertex -35.1127 -69.217 14
      vertex -35.1067 -69.2065 14.245
    endloop
  endfacet
  facet normal 0.401652 0.695661 0.595593
    outer loop
      vertex -34.9884 -64.0017 15.3889
      vertex -32.8964 -65.3783 15.586
      vertex -32.8234 -65.2517 15.3889
    endloop
  endfacet
  facet normal 0.401589 0.695585 0.595724
    outer loop
      vertex -32.8964 -65.3783 15.586
      vertex -34.9884 -64.0017 15.3889
      vertex -35.0615 -64.1283 15.586
    endloop
  endfacet
  facet normal -0.256921 -0.445008 0.857881
    outer loop
      vertex -36.617 -66.8225 16.2048
      vertex -34.5572 -68.2548 16.0787
      vertex -34.4519 -68.0725 16.2048
    endloop
  endfacet
  facet normal -0.256975 -0.445081 0.857827
    outer loop
      vertex -34.5572 -68.2548 16.0787
      vertex -36.617 -66.8225 16.2048
      vertex -36.7222 -67.0048 16.0787
    endloop
  endfacet
  facet normal -0.213758 -0.370246 0.904005
    outer loop
      vertex -36.5061 -66.6304 16.3097
      vertex -34.4519 -68.0725 16.2048
      vertex -34.341 -67.8804 16.3097
    endloop
  endfacet
  facet normal -0.213758 -0.370246 0.904005
    outer loop
      vertex -34.4519 -68.0725 16.2048
      vertex -36.5061 -66.6304 16.3097
      vertex -36.617 -66.8225 16.2048
    endloop
  endfacet
  facet normal -0.401589 -0.695585 0.595724
    outer loop
      vertex -34.902 -68.8521 15.3889
      vertex -36.994 -67.4755 15.586
      vertex -37.0671 -67.6021 15.3889
    endloop
  endfacet
  facet normal -0.401652 -0.695661 0.595593
    outer loop
      vertex -36.994 -67.4755 15.586
      vertex -34.902 -68.8521 15.3889
      vertex -34.829 -68.7255 15.586
    endloop
  endfacet
  facet normal 0.370463 0.641671 0.671577
    outer loop
      vertex -35.0615 -64.1283 15.586
      vertex -32.9788 -65.521 15.7678
      vertex -32.8964 -65.3783 15.586
    endloop
  endfacet
  facet normal 0.370463 0.641671 0.671577
    outer loop
      vertex -32.9788 -65.521 15.7678
      vertex -35.0615 -64.1283 15.586
      vertex -35.1439 -64.271 15.7678
    endloop
  endfacet
  facet normal -0.121684 -0.210757 0.969935
    outer loop
      vertex -36.2716 -66.2243 16.452
      vertex -34.2255 -67.6804 16.3923
      vertex -34.1066 -67.4743 16.452
    endloop
  endfacet
  facet normal -0.121656 -0.210717 0.969947
    outer loop
      vertex -34.2255 -67.6804 16.3923
      vertex -36.2716 -66.2243 16.452
      vertex -36.3906 -66.4304 16.3923
    endloop
  endfacet
  facet normal 0.121656 0.210717 0.969947
    outer loop
      vertex -35.6649 -65.1734 16.3923
      vertex -33.6188 -66.6295 16.452
      vertex -33.4998 -66.4234 16.3923
    endloop
  endfacet
  facet normal 0.121656 0.210717 0.969947
    outer loop
      vertex -33.6188 -66.6295 16.452
      vertex -35.6649 -65.1734 16.3923
      vertex -35.7839 -65.3795 16.452
    endloop
  endfacet
  facet normal -0.451975 -0.782856 0.427615
    outer loop
      vertex -35.0175 -69.0522 14.9567
      vertex -37.1302 -67.7113 15.1785
      vertex -37.1826 -67.8022 14.9567
    endloop
  endfacet
  facet normal -0.451975 -0.782856 0.427615
    outer loop
      vertex -37.1302 -67.7113 15.1785
      vertex -35.0175 -69.0522 14.9567
      vertex -34.9651 -68.9613 15.1785
    endloop
  endfacet
  facet normal -0.335742 -0.581506 0.741032
    outer loop
      vertex -36.8207 -67.1754 15.9325
      vertex -34.7466 -68.5828 15.7678
      vertex -34.6557 -68.4254 15.9325
    endloop
  endfacet
  facet normal -0.335742 -0.581506 0.741032
    outer loop
      vertex -34.7466 -68.5828 15.7678
      vertex -36.8207 -67.1754 15.9325
      vertex -36.9116 -67.3328 15.7678
    endloop
  endfacet
  facet normal -0.0244581 -0.0423634 0.998803
    outer loop
      vertex -36.0278 -65.8019 16.5
      vertex -33.9852 -67.2641 16.488
      vertex -33.8627 -67.0519 16.5
    endloop
  endfacet
  facet normal -0.0244581 -0.0423634 0.998803
    outer loop
      vertex -33.9852 -67.2641 16.488
      vertex -36.0278 -65.8019 16.5
      vertex -36.1503 -66.0141 16.488
    endloop
  endfacet
  facet normal 0.257044 0.445221 0.857734
    outer loop
      vertex -35.3333 -64.5991 16.0787
      vertex -33.2734 -66.0313 16.2048
      vertex -33.1682 -65.8491 16.0787
    endloop
  endfacet
  facet normal 0.257044 0.445221 0.857734
    outer loop
      vertex -33.2734 -66.0313 16.2048
      vertex -35.3333 -64.5991 16.0787
      vertex -35.4385 -64.7813 16.2048
    endloop
  endfacet
  facet normal -0.428849 -0.742801 0.514136
    outer loop
      vertex -34.9651 -68.9613 15.1785
      vertex -37.0671 -67.6021 15.3889
      vertex -37.1302 -67.7113 15.1785
    endloop
  endfacet
  facet normal -0.428849 -0.742801 0.514136
    outer loop
      vertex -37.0671 -67.6021 15.3889
      vertex -34.9651 -68.9613 15.1785
      vertex -34.902 -68.8521 15.3889
    endloop
  endfacet
  facet normal -0.484999 -0.840018 0.243201
    outer loop
      vertex -35.0887 -69.1754 14.4877
      vertex -37.2239 -67.8737 14.7257
      vertex -37.2537 -67.9254 14.4877
    endloop
  endfacet
  facet normal -0.484999 -0.840018 0.243201
    outer loop
      vertex -37.2239 -67.8737 14.7257
      vertex -35.0887 -69.1754 14.4877
      vertex -35.0589 -69.1237 14.7257
    endloop
  endfacet
  facet normal 0.452031 0.782891 0.427494
    outer loop
      vertex -34.8729 -63.8016 14.9567
      vertex -32.7603 -65.1425 15.1785
      vertex -32.7078 -65.0517 14.9567
    endloop
  endfacet
  facet normal 0.451935 0.782788 0.427782
    outer loop
      vertex -32.7603 -65.1425 15.1785
      vertex -34.8729 -63.8016 14.9567
      vertex -34.9254 -63.8925 15.1785
    endloop
  endfacet
  facet normal -0.494619 -0.85668 0.14646
    outer loop
      vertex -35.1067 -69.2065 14.245
      vertex -37.2537 -67.9254 14.4877
      vertex -37.2717 -67.9565 14.245
    endloop
  endfacet
  facet normal -0.494619 -0.85668 0.14646
    outer loop
      vertex -37.2537 -67.9254 14.4877
      vertex -35.1067 -69.2065 14.245
      vertex -35.0887 -69.1754 14.4877
    endloop
  endfacet
  facet normal -0.370476 -0.641664 0.671577
    outer loop
      vertex -36.9116 -67.3328 15.7678
      vertex -34.829 -68.7255 15.586
      vertex -34.7466 -68.5828 15.7678
    endloop
  endfacet
  facet normal -0.370476 -0.641664 0.671577
    outer loop
      vertex -34.829 -68.7255 15.586
      vertex -36.9116 -67.3328 15.7678
      vertex -36.994 -67.4755 15.586
    endloop
  endfacet
  facet normal -0.470836 -0.815487 0.336592
    outer loop
      vertex -35.0589 -69.1237 14.7257
      vertex -37.1826 -67.8022 14.9567
      vertex -37.2239 -67.8737 14.7257
    endloop
  endfacet
  facet normal -0.470787 -0.815441 0.336773
    outer loop
      vertex -37.1826 -67.8022 14.9567
      vertex -35.0589 -69.1237 14.7257
      vertex -35.0175 -69.0522 14.9567
    endloop
  endfacet
  facet normal 0.494602 0.85669 0.14646
    outer loop
      vertex -34.7838 -63.6473 14.245
      vertex -32.6367 -64.9284 14.4877
      vertex -32.6187 -64.8973 14.245
    endloop
  endfacet
  facet normal 0.494602 0.85669 0.14646
    outer loop
      vertex -32.6367 -64.9284 14.4877
      vertex -34.7838 -63.6473 14.245
      vertex -34.8018 -63.6784 14.4877
    endloop
  endfacet
  facet normal 0.213758 0.370246 0.904005
    outer loop
      vertex -35.4385 -64.7813 16.2048
      vertex -33.3843 -66.2234 16.3097
      vertex -33.2734 -66.0313 16.2048
    endloop
  endfacet
  facet normal 0.213758 0.370246 0.904005
    outer loop
      vertex -33.3843 -66.2234 16.3097
      vertex -35.4385 -64.7813 16.2048
      vertex -35.5494 -64.9734 16.3097
    endloop
  endfacet
  facet normal -0.0733506 -0.127049 0.989181
    outer loop
      vertex -36.1503 -66.0141 16.488
      vertex -34.1066 -67.4743 16.452
      vertex -33.9852 -67.2641 16.488
    endloop
  endfacet
  facet normal -0.073368 -0.127073 0.989176
    outer loop
      vertex -34.1066 -67.4743 16.452
      vertex -36.1503 -66.0141 16.488
      vertex -36.2716 -66.2243 16.452
    endloop
  endfacet
  facet normal 0.428849 0.742801 0.514136
    outer loop
      vertex -34.9254 -63.8925 15.1785
      vertex -32.8234 -65.2517 15.3889
      vertex -32.7603 -65.1425 15.1785
    endloop
  endfacet
  facet normal 0.428909 0.74287 0.513986
    outer loop
      vertex -32.8234 -65.2517 15.3889
      vertex -34.9254 -63.8925 15.1785
      vertex -34.9884 -64.0017 15.3889
    endloop
  endfacet
  facet normal 0.484982 0.840027 0.243201
    outer loop
      vertex -34.8018 -63.6784 14.4877
      vertex -32.6665 -64.9801 14.7257
      vertex -32.6367 -64.9284 14.4877
    endloop
  endfacet
  facet normal 0.484982 0.840027 0.243201
    outer loop
      vertex -32.6665 -64.9801 14.7257
      vertex -34.8018 -63.6784 14.4877
      vertex -34.8316 -63.7301 14.7257
    endloop
  endfacet
  facet normal -0.297987 -0.516113 0.803014
    outer loop
      vertex -36.7222 -67.0048 16.0787
      vertex -34.6557 -68.4254 15.9325
      vertex -34.5572 -68.2548 16.0787
    endloop
  endfacet
  facet normal -0.297987 -0.516113 0.803014
    outer loop
      vertex -34.6557 -68.4254 15.9325
      vertex -36.7222 -67.0048 16.0787
      vertex -36.8207 -67.1754 15.9325
    endloop
  endfacet
  facet normal 0.024459 0.0423629 0.998803
    outer loop
      vertex -35.9052 -65.5897 16.488
      vertex -33.8627 -67.0519 16.5
      vertex -33.7402 -66.8397 16.488
    endloop
  endfacet
  facet normal 0.0244531 0.0423548 0.998803
    outer loop
      vertex -33.8627 -67.0519 16.5
      vertex -35.9052 -65.5897 16.488
      vertex -36.0278 -65.8019 16.5
    endloop
  endfacet
  facet normal 0.499386 0.864976 0.0493003
    outer loop
      vertex -34.7778 -63.6368 14
      vertex -32.6187 -64.8973 14.245
      vertex -32.6127 -64.8868 14
    endloop
  endfacet
  facet normal 0.499386 0.864976 0.0493003
    outer loop
      vertex -32.6187 -64.8973 14.245
      vertex -34.7778 -63.6368 14
      vertex -34.7838 -63.6473 14.245
    endloop
  endfacet
  facet normal 0.335731 0.581512 0.741032
    outer loop
      vertex -35.1439 -64.271 15.7678
      vertex -33.0697 -65.6784 15.9325
      vertex -32.9788 -65.521 15.7678
    endloop
  endfacet
  facet normal 0.335731 0.581512 0.741032
    outer loop
      vertex -33.0697 -65.6784 15.9325
      vertex -35.1439 -64.271 15.7678
      vertex -35.2348 -64.4284 15.9325
    endloop
  endfacet
  facet normal 0.168376 0.29164 0.941592
    outer loop
      vertex -35.5494 -64.9734 16.3097
      vertex -33.4998 -66.4234 16.3923
      vertex -33.3843 -66.2234 16.3097
    endloop
  endfacet
  facet normal 0.168376 0.29164 0.941592
    outer loop
      vertex -33.4998 -66.4234 16.3923
      vertex -35.5494 -64.9734 16.3097
      vertex -35.6649 -65.1734 16.3923
    endloop
  endfacet
  facet normal 0.297892 0.515973 0.803139
    outer loop
      vertex -35.2348 -64.4284 15.9325
      vertex -33.1682 -65.8491 16.0787
      vertex -33.0697 -65.6784 15.9325
    endloop
  endfacet
  facet normal 0.297892 0.515973 0.803139
    outer loop
      vertex -33.1682 -65.8491 16.0787
      vertex -35.2348 -64.4284 15.9325
      vertex -35.3333 -64.5991 16.0787
    endloop
  endfacet
  facet normal 0.297802 0.515793 -0.803288
    outer loop
      vertex -39.2815 -64.6376 14.7537
      vertex -41.4081 -63.321 14.8107
      vertex -39.2431 -64.571 14.8107
    endloop
  endfacet
  facet normal 0.297667 0.515583 -0.803473
    outer loop
      vertex -41.4081 -63.321 14.8107
      vertex -39.2815 -64.6376 14.7537
      vertex -41.4466 -63.3876 14.7537
    endloop
  endfacet
  facet normal 0.297667 0.515583 -0.803473
    outer loop
      vertex -34.172 -67.5876 14.7537
      vertex -36.2986 -66.271 14.8107
      vertex -34.1335 -67.521 14.8107
    endloop
  endfacet
  facet normal 0.297802 0.515793 -0.803288
    outer loop
      vertex -36.2986 -66.271 14.8107
      vertex -34.172 -67.5876 14.7537
      vertex -36.337 -66.3376 14.7537
    endloop
  endfacet
  facet normal 0.49464 0.856716 -0.146181
    outer loop
      vertex -39.4574 -64.9422 14.0956
      vertex -41.6154 -63.6801 14.1902
      vertex -39.4504 -64.9301 14.1902
    endloop
  endfacet
  facet normal 0.494585 0.85666 -0.146693
    outer loop
      vertex -41.6154 -63.6801 14.1902
      vertex -39.4574 -64.9422 14.0956
      vertex -41.6225 -63.6922 14.0956
    endloop
  endfacet
  facet normal 0.494623 0.856726 -0.146181
    outer loop
      vertex -34.3478 -67.8922 14.0956
      vertex -36.5059 -66.6301 14.1902
      vertex -34.3408 -67.8801 14.1902
    endloop
  endfacet
  facet normal 0.494623 0.856726 -0.146181
    outer loop
      vertex -36.5059 -66.6301 14.1902
      vertex -34.3478 -67.8922 14.0956
      vertex -36.5129 -66.6422 14.0956
    endloop
  endfacet
  facet normal 0.49939 0.864984 -0.0491112
    outer loop
      vertex -39.4597 -64.9463 14
      vertex -41.6225 -63.6922 14.0956
      vertex -39.4574 -64.9422 14.0956
    endloop
  endfacet
  facet normal 0.49939 0.864984 -0.0491112
    outer loop
      vertex -41.6225 -63.6922 14.0956
      vertex -39.4597 -64.9463 14
      vertex -41.6248 -63.6963 14
    endloop
  endfacet
  facet normal 0.499377 0.864962 -0.0496323
    outer loop
      vertex -34.3502 -67.8963 14
      vertex -36.5129 -66.6422 14.0956
      vertex -34.3478 -67.8922 14.0956
    endloop
  endfacet
  facet normal 0.499377 0.864962 -0.0496323
    outer loop
      vertex -36.5129 -66.6422 14.0956
      vertex -34.3502 -67.8963 14
      vertex -36.5153 -66.6463 14
    endloop
  endfacet
  facet normal 0.484966 0.839962 -0.243457
    outer loop
      vertex -39.4504 -64.9301 14.1902
      vertex -41.6038 -63.6599 14.283
      vertex -39.4388 -64.9099 14.283
    endloop
  endfacet
  facet normal 0.484966 0.839962 -0.243457
    outer loop
      vertex -41.6038 -63.6599 14.283
      vertex -39.4504 -64.9301 14.1902
      vertex -41.6154 -63.6801 14.1902
    endloop
  endfacet
  facet normal 0.48495 0.839972 -0.243457
    outer loop
      vertex -34.3408 -67.8801 14.1902
      vertex -36.4943 -66.6099 14.283
      vertex -34.3292 -67.8599 14.283
    endloop
  endfacet
  facet normal 0.48495 0.839972 -0.243457
    outer loop
      vertex -36.4943 -66.6099 14.283
      vertex -34.3408 -67.8801 14.1902
      vertex -36.5059 -66.6301 14.1902
    endloop
  endfacet
  facet normal 0.428911 0.742874 0.513978
    outer loop
      vertex -41.5426 -63.554 13.4583
      vertex -39.4022 -64.8466 13.5404
      vertex -39.3776 -64.804 13.4583
    endloop
  endfacet
  facet normal 0.428911 0.742874 0.513978
    outer loop
      vertex -39.4022 -64.8466 13.5404
      vertex -41.5426 -63.554 13.4583
      vertex -41.5672 -63.5966 13.5404
    endloop
  endfacet
  facet normal 0.428896 0.742882 0.513978
    outer loop
      vertex -36.4331 -66.504 13.4583
      vertex -34.2926 -67.7966 13.5404
      vertex -34.268 -67.754 13.4583
    endloop
  endfacet
  facet normal 0.428896 0.742882 0.513978
    outer loop
      vertex -34.2926 -67.7966 13.5404
      vertex -36.4331 -66.504 13.4583
      vertex -36.4577 -66.5466 13.5404
    endloop
  endfacet
  facet normal -0.0731768 -0.126748 -0.989232
    outer loop
      vertex -38.9245 -64.0191 14.9703
      vertex -41.0422 -62.6872 14.9563
      vertex -38.8771 -63.9372 14.9563
    endloop
  endfacet
  facet normal -0.0732172 -0.126812 -0.989221
    outer loop
      vertex -41.0422 -62.6872 14.9563
      vertex -38.9245 -64.0191 14.9703
      vertex -41.0895 -62.7691 14.9703
    endloop
  endfacet
  facet normal -0.0732147 -0.126814 -0.989221
    outer loop
      vertex -33.8149 -66.9691 14.9703
      vertex -35.9327 -65.6372 14.9563
      vertex -33.7676 -66.8872 14.9563
    endloop
  endfacet
  facet normal -0.0732147 -0.126814 -0.989221
    outer loop
      vertex -35.9327 -65.6372 14.9563
      vertex -33.8149 -66.9691 14.9703
      vertex -35.98 -65.7191 14.9703
    endloop
  endfacet
  facet normal 0.428911 0.742874 -0.513978
    outer loop
      vertex -39.4022 -64.8466 14.4596
      vertex -41.5426 -63.554 14.5417
      vertex -39.3776 -64.804 14.5417
    endloop
  endfacet
  facet normal 0.428911 0.742874 -0.513978
    outer loop
      vertex -41.5426 -63.554 14.5417
      vertex -39.4022 -64.8466 14.4596
      vertex -41.5672 -63.5966 14.4596
    endloop
  endfacet
  facet normal 0.428896 0.742882 -0.513978
    outer loop
      vertex -34.2926 -67.7966 14.4596
      vertex -36.4331 -66.504 14.5417
      vertex -34.268 -67.754 14.5417
    endloop
  endfacet
  facet normal 0.428896 0.742882 -0.513978
    outer loop
      vertex -36.4331 -66.504 14.5417
      vertex -34.2926 -67.7966 14.4596
      vertex -36.4577 -66.5466 14.4596
    endloop
  endfacet
  facet normal 0.484966 0.839962 0.243457
    outer loop
      vertex -41.6038 -63.6599 13.717
      vertex -39.4504 -64.9301 13.8098
      vertex -39.4388 -64.9099 13.717
    endloop
  endfacet
  facet normal 0.484966 0.839962 0.243457
    outer loop
      vertex -39.4504 -64.9301 13.8098
      vertex -41.6038 -63.6599 13.717
      vertex -41.6154 -63.6801 13.8098
    endloop
  endfacet
  facet normal 0.48495 0.839972 0.243457
    outer loop
      vertex -36.4943 -66.6099 13.717
      vertex -34.3408 -67.8801 13.8098
      vertex -34.3292 -67.8599 13.717
    endloop
  endfacet
  facet normal 0.48495 0.839972 0.243457
    outer loop
      vertex -34.3408 -67.8801 13.8098
      vertex -36.4943 -66.6099 13.717
      vertex -36.5059 -66.6301 13.8098
    endloop
  endfacet
  facet normal 0.0732147 0.126814 0.989221
    outer loop
      vertex -41.1851 -62.9347 13.0297
      vertex -39.0673 -64.2666 13.0437
      vertex -39.02 -64.1847 13.0297
    endloop
  endfacet
  facet normal 0.0732147 0.126814 0.989221
    outer loop
      vertex -39.0673 -64.2666 13.0437
      vertex -41.1851 -62.9347 13.0297
      vertex -41.2324 -63.0166 13.0437
    endloop
  endfacet
  facet normal 0.0732172 0.126812 0.989221
    outer loop
      vertex -36.0755 -65.8847 13.0297
      vertex -33.9578 -67.2166 13.0437
      vertex -33.9105 -67.1347 13.0297
    endloop
  endfacet
  facet normal 0.0731768 0.126748 0.989232
    outer loop
      vertex -33.9578 -67.2166 13.0437
      vertex -36.0755 -65.8847 13.0297
      vertex -36.1229 -65.9666 13.0437
    endloop
  endfacet
  facet normal -0.0245635 -0.042544 0.998793
    outer loop
      vertex -41.0895 -62.7691 13.0297
      vertex -38.9722 -64.1019 13.025
      vertex -38.9245 -64.0191 13.0297
    endloop
  endfacet
  facet normal -0.0245499 -0.0425223 0.998794
    outer loop
      vertex -38.9722 -64.1019 13.025
      vertex -41.0895 -62.7691 13.0297
      vertex -41.1373 -62.8519 13.025
    endloop
  endfacet
  facet normal -0.0245499 -0.0425223 0.998794
    outer loop
      vertex -35.98 -65.7191 13.0297
      vertex -33.8627 -67.0519 13.025
      vertex -33.8149 -66.9691 13.0297
    endloop
  endfacet
  facet normal -0.0245499 -0.0425223 0.998794
    outer loop
      vertex -33.8627 -67.0519 13.025
      vertex -35.98 -65.7191 13.0297
      vertex -36.0278 -65.8019 13.025
    endloop
  endfacet
  facet normal 0.168354 0.291589 0.941612
    outer loop
      vertex -41.2788 -63.097 13.067
      vertex -39.1588 -64.425 13.0992
      vertex -39.1138 -64.347 13.067
    endloop
  endfacet
  facet normal 0.168265 0.291449 0.941671
    outer loop
      vertex -39.1588 -64.425 13.0992
      vertex -41.2788 -63.097 13.067
      vertex -41.3239 -63.175 13.0992
    endloop
  endfacet
  facet normal 0.168265 0.291449 0.941671
    outer loop
      vertex -36.1693 -66.047 13.067
      vertex -34.0493 -67.375 13.0992
      vertex -34.0042 -67.297 13.067
    endloop
  endfacet
  facet normal 0.168354 0.291589 0.941612
    outer loop
      vertex -34.0493 -67.375 13.0992
      vertex -36.1693 -66.047 13.067
      vertex -36.2143 -66.125 13.0992
    endloop
  endfacet
  facet normal -0.494557 -0.856612 -0.147067
    outer loop
      vertex -40.6522 -62.0116 14.0956
      vertex -38.4941 -63.2738 14.1902
      vertex -40.6592 -62.0238 14.1902
    endloop
  endfacet
  facet normal -0.494557 -0.856612 -0.147067
    outer loop
      vertex -38.4941 -63.2738 14.1902
      vertex -40.6522 -62.0116 14.0956
      vertex -38.4871 -63.2616 14.0956
    endloop
  endfacet
  facet normal -0.494574 -0.856602 -0.147067
    outer loop
      vertex -35.5426 -64.9616 14.0956
      vertex -33.3846 -66.2238 14.1902
      vertex -35.5496 -64.9738 14.1902
    endloop
  endfacet
  facet normal -0.494519 -0.856546 -0.147579
    outer loop
      vertex -33.3846 -66.2238 14.1902
      vertex -35.5426 -64.9616 14.0956
      vertex -33.3775 -66.2116 14.0956
    endloop
  endfacet
  facet normal -0.0245635 -0.042544 -0.998793
    outer loop
      vertex -38.9722 -64.1019 14.975
      vertex -41.0895 -62.7691 14.9703
      vertex -38.9245 -64.0191 14.9703
    endloop
  endfacet
  facet normal -0.0245499 -0.0425223 -0.998794
    outer loop
      vertex -41.0895 -62.7691 14.9703
      vertex -38.9722 -64.1019 14.975
      vertex -41.1373 -62.8519 14.975
    endloop
  endfacet
  facet normal -0.0245499 -0.0425223 -0.998794
    outer loop
      vertex -33.8627 -67.0519 14.975
      vertex -35.98 -65.7191 14.9703
      vertex -33.8149 -66.9691 14.9703
    endloop
  endfacet
  facet normal -0.0245499 -0.0425223 -0.998794
    outer loop
      vertex -35.98 -65.7191 14.9703
      vertex -33.8627 -67.0519 14.975
      vertex -36.0278 -65.8019 14.975
    endloop
  endfacet
  facet normal -0.499377 -0.864962 0.0496323
    outer loop
      vertex -38.4871 -63.2616 13.9044
      vertex -40.6498 -62.0075 14
      vertex -40.6522 -62.0116 13.9044
    endloop
  endfacet
  facet normal -0.499377 -0.864962 0.0496323
    outer loop
      vertex -40.6498 -62.0075 14
      vertex -38.4871 -63.2616 13.9044
      vertex -38.4847 -63.2575 14
    endloop
  endfacet
  facet normal -0.49939 -0.864984 0.0491112
    outer loop
      vertex -33.3775 -66.2116 13.9044
      vertex -35.5403 -64.9575 14
      vertex -35.5426 -64.9616 13.9044
    endloop
  endfacet
  facet normal -0.49939 -0.864984 0.0491112
    outer loop
      vertex -35.5403 -64.9575 14
      vertex -33.3775 -66.2116 13.9044
      vertex -33.3752 -66.2075 14
    endloop
  endfacet
  facet normal -0.121723 -0.210834 -0.969914
    outer loop
      vertex -38.8771 -63.9372 14.9563
      vertex -40.9958 -62.6068 14.933
      vertex -38.8307 -63.8568 14.933
    endloop
  endfacet
  facet normal -0.121723 -0.210834 -0.969914
    outer loop
      vertex -40.9958 -62.6068 14.933
      vertex -38.8771 -63.9372 14.9563
      vertex -41.0422 -62.6872 14.9563
    endloop
  endfacet
  facet normal -0.121727 -0.210831 -0.969914
    outer loop
      vertex -33.7676 -66.8872 14.9563
      vertex -35.8862 -65.5568 14.933
      vertex -33.7212 -66.8068 14.933
    endloop
  endfacet
  facet normal -0.121661 -0.210727 -0.969945
    outer loop
      vertex -35.8862 -65.5568 14.933
      vertex -33.7676 -66.8872 14.9563
      vertex -35.9327 -65.6372 14.9563
    endloop
  endfacet
  facet normal -0.494557 -0.856612 0.147067
    outer loop
      vertex -38.4941 -63.2738 13.8098
      vertex -40.6522 -62.0116 13.9044
      vertex -40.6592 -62.0238 13.8098
    endloop
  endfacet
  facet normal -0.494557 -0.856612 0.147067
    outer loop
      vertex -40.6522 -62.0116 13.9044
      vertex -38.4941 -63.2738 13.8098
      vertex -38.4871 -63.2616 13.9044
    endloop
  endfacet
  facet normal -0.494574 -0.856602 0.147067
    outer loop
      vertex -33.3846 -66.2238 13.8098
      vertex -35.5426 -64.9616 13.9044
      vertex -35.5496 -64.9738 13.8098
    endloop
  endfacet
  facet normal -0.494519 -0.856546 0.147579
    outer loop
      vertex -35.5426 -64.9616 13.9044
      vertex -33.3846 -66.2238 13.8098
      vertex -33.3775 -66.2116 13.9044
    endloop
  endfacet
  facet normal 0.470727 0.815336 -0.33711
    outer loop
      vertex -39.4388 -64.9099 14.283
      vertex -41.5877 -63.632 14.3731
      vertex -39.4226 -64.882 14.3731
    endloop
  endfacet
  facet normal 0.470826 0.81547 -0.336647
    outer loop
      vertex -41.5877 -63.632 14.3731
      vertex -39.4388 -64.9099 14.283
      vertex -41.6038 -63.6599 14.283
    endloop
  endfacet
  facet normal 0.470826 0.81547 -0.336647
    outer loop
      vertex -34.3292 -67.8599 14.283
      vertex -36.4781 -66.582 14.3731
      vertex -34.3131 -67.832 14.3731
    endloop
  endfacet
  facet normal 0.470727 0.815336 -0.33711
    outer loop
      vertex -36.4781 -66.582 14.3731
      vertex -34.3292 -67.8599 14.283
      vertex -36.4943 -66.6099 14.283
    endloop
  endfacet
  facet normal 0.256958 0.445072 -0.857837
    outer loop
      vertex -39.2431 -64.571 14.8107
      vertex -41.3671 -63.2499 14.8599
      vertex -39.202 -64.4999 14.8599
    endloop
  endfacet
  facet normal 0.257082 0.445266 -0.857699
    outer loop
      vertex -41.3671 -63.2499 14.8599
      vertex -39.2431 -64.571 14.8107
      vertex -41.4081 -63.321 14.8107
    endloop
  endfacet
  facet normal 0.257073 0.445271 -0.857699
    outer loop
      vertex -34.1335 -67.521 14.8107
      vertex -36.2576 -66.1999 14.8599
      vertex -34.0925 -67.4499 14.8599
    endloop
  endfacet
  facet normal 0.257073 0.445271 -0.857699
    outer loop
      vertex -36.2576 -66.1999 14.8599
      vertex -34.1335 -67.521 14.8107
      vertex -36.2986 -66.271 14.8107
    endloop
  endfacet
  facet normal -0.485056 -0.840156 0.242606
    outer loop
      vertex -38.5057 -63.2939 13.717
      vertex -40.6592 -62.0238 13.8098
      vertex -40.6708 -62.0439 13.717
    endloop
  endfacet
  facet normal -0.485056 -0.840156 0.242606
    outer loop
      vertex -40.6592 -62.0238 13.8098
      vertex -38.5057 -63.2939 13.717
      vertex -38.4941 -63.2738 13.8098
    endloop
  endfacet
  facet normal -0.485073 -0.840147 0.242606
    outer loop
      vertex -33.3962 -66.2439 13.717
      vertex -35.5496 -64.9738 13.8098
      vertex -35.5612 -64.9939 13.717
    endloop
  endfacet
  facet normal -0.485073 -0.840147 0.242606
    outer loop
      vertex -35.5496 -64.9738 13.8098
      vertex -33.3962 -66.2439 13.717
      vertex -33.3846 -66.2238 13.8098
    endloop
  endfacet
  facet normal 0.0245499 0.0425223 0.998794
    outer loop
      vertex -41.1373 -62.8519 13.025
      vertex -39.02 -64.1847 13.0297
      vertex -38.9722 -64.1019 13.025
    endloop
  endfacet
  facet normal 0.0245499 0.0425223 0.998794
    outer loop
      vertex -39.02 -64.1847 13.0297
      vertex -41.1373 -62.8519 13.025
      vertex -41.1851 -62.9347 13.0297
    endloop
  endfacet
  facet normal 0.0245499 0.0425223 0.998794
    outer loop
      vertex -36.0278 -65.8019 13.025
      vertex -33.9105 -67.1347 13.0297
      vertex -33.8627 -67.0519 13.025
    endloop
  endfacet
  facet normal 0.0245635 0.042544 0.998793
    outer loop
      vertex -33.9105 -67.1347 13.0297
      vertex -36.0278 -65.8019 13.025
      vertex -36.0755 -65.8847 13.0297
    endloop
  endfacet
  facet normal -0.428896 -0.742882 0.513978
    outer loop
      vertex -38.5669 -63.3998 13.4583
      vertex -40.7074 -62.1072 13.5404
      vertex -40.732 -62.1498 13.4583
    endloop
  endfacet
  facet normal -0.428896 -0.742882 0.513978
    outer loop
      vertex -40.7074 -62.1072 13.5404
      vertex -38.5669 -63.3998 13.4583
      vertex -38.5423 -63.3572 13.5404
    endloop
  endfacet
  facet normal -0.428911 -0.742874 0.513978
    outer loop
      vertex -33.4574 -66.3498 13.4583
      vertex -35.5978 -65.0572 13.5404
      vertex -35.6224 -65.0998 13.4583
    endloop
  endfacet
  facet normal -0.428911 -0.742874 0.513978
    outer loop
      vertex -35.5978 -65.0572 13.5404
      vertex -33.4574 -66.3498 13.4583
      vertex -33.4328 -66.3072 13.5404
    endloop
  endfacet
  facet normal -0.297802 -0.515793 -0.803288
    outer loop
      vertex -38.7014 -63.6328 14.8107
      vertex -40.828 -62.3162 14.7537
      vertex -38.663 -63.5662 14.7537
    endloop
  endfacet
  facet normal -0.297667 -0.515583 -0.803473
    outer loop
      vertex -40.828 -62.3162 14.7537
      vertex -38.7014 -63.6328 14.8107
      vertex -40.8665 -62.3828 14.8107
    endloop
  endfacet
  facet normal -0.297667 -0.515583 -0.803473
    outer loop
      vertex -33.5919 -66.5828 14.8107
      vertex -35.7185 -65.2662 14.7537
      vertex -33.5534 -66.5162 14.7537
    endloop
  endfacet
  facet normal -0.297802 -0.515793 -0.803288
    outer loop
      vertex -35.7185 -65.2662 14.7537
      vertex -33.5919 -66.5828 14.8107
      vertex -35.7569 -65.3328 14.8107
    endloop
  endfacet
  facet normal 0.370637 0.641944 -0.67122
    outer loop
      vertex -39.3491 -64.7546 14.6185
      vertex -41.482 -63.449 14.6894
      vertex -39.317 -64.699 14.6894
    endloop
  endfacet
  facet normal 0.370637 0.641944 -0.67122
    outer loop
      vertex -41.482 -63.449 14.6894
      vertex -39.3491 -64.7546 14.6185
      vertex -41.5141 -63.5046 14.6185
    endloop
  endfacet
  facet normal 0.370624 0.641951 -0.67122
    outer loop
      vertex -34.2395 -67.7046 14.6185
      vertex -36.3725 -66.399 14.6894
      vertex -34.2074 -67.649 14.6894
    endloop
  endfacet
  facet normal 0.370624 0.641951 -0.67122
    outer loop
      vertex -36.3725 -66.399 14.6894
      vertex -34.2395 -67.7046 14.6185
      vertex -36.4046 -66.4546 14.6185
    endloop
  endfacet
  facet normal 0.40143 0.695277 -0.596191
    outer loop
      vertex -39.3776 -64.804 14.5417
      vertex -41.5141 -63.5046 14.6185
      vertex -39.3491 -64.7546 14.6185
    endloop
  endfacet
  facet normal 0.40143 0.695277 -0.596191
    outer loop
      vertex -41.5141 -63.5046 14.6185
      vertex -39.3776 -64.804 14.5417
      vertex -41.5426 -63.554 14.5417
    endloop
  endfacet
  facet normal 0.401416 0.695285 -0.596191
    outer loop
      vertex -34.268 -67.754 14.5417
      vertex -36.4046 -66.4546 14.6185
      vertex -34.2395 -67.7046 14.6185
    endloop
  endfacet
  facet normal 0.401416 0.695285 -0.596191
    outer loop
      vertex -36.4046 -66.4546 14.6185
      vertex -34.268 -67.754 14.5417
      vertex -36.4331 -66.504 14.5417
    endloop
  endfacet
  facet normal -0.335828 -0.58168 -0.740856
    outer loop
      vertex -38.663 -63.5662 14.7537
      vertex -40.7926 -62.2548 14.6894
      vertex -38.6275 -63.5048 14.6894
    endloop
  endfacet
  facet normal -0.335969 -0.581899 -0.74062
    outer loop
      vertex -40.7926 -62.2548 14.6894
      vertex -38.663 -63.5662 14.7537
      vertex -40.828 -62.3162 14.7537
    endloop
  endfacet
  facet normal -0.335969 -0.581899 -0.74062
    outer loop
      vertex -33.5534 -66.5162 14.7537
      vertex -35.683 -65.2048 14.6894
      vertex -33.518 -66.4548 14.6894
    endloop
  endfacet
  facet normal -0.335828 -0.58168 -0.740856
    outer loop
      vertex -35.683 -65.2048 14.6894
      vertex -33.5534 -66.5162 14.7537
      vertex -35.7185 -65.2662 14.7537
    endloop
  endfacet
  facet normal 0.168354 0.291589 -0.941612
    outer loop
      vertex -39.1588 -64.425 14.9008
      vertex -41.2788 -63.097 14.933
      vertex -39.1138 -64.347 14.933
    endloop
  endfacet
  facet normal 0.168265 0.291449 -0.941671
    outer loop
      vertex -41.2788 -63.097 14.933
      vertex -39.1588 -64.425 14.9008
      vertex -41.3239 -63.175 14.9008
    endloop
  endfacet
  facet normal 0.168265 0.291449 -0.941671
    outer loop
      vertex -34.0493 -67.375 14.9008
      vertex -36.1693 -66.047 14.933
      vertex -34.0042 -67.297 14.933
    endloop
  endfacet
  facet normal 0.168354 0.291589 -0.941612
    outer loop
      vertex -36.1693 -66.047 14.933
      vertex -34.0493 -67.375 14.9008
      vertex -36.2143 -66.125 14.9008
    endloop
  endfacet
  facet normal -0.168354 -0.291589 -0.941612
    outer loop
      vertex -38.8307 -63.8568 14.933
      vertex -40.9507 -62.5288 14.9008
      vertex -38.7857 -63.7788 14.9008
    endloop
  endfacet
  facet normal -0.168265 -0.291449 -0.941671
    outer loop
      vertex -40.9507 -62.5288 14.9008
      vertex -38.8307 -63.8568 14.933
      vertex -40.9958 -62.6068 14.933
    endloop
  endfacet
  facet normal -0.168265 -0.291449 -0.941671
    outer loop
      vertex -33.7212 -66.8068 14.933
      vertex -35.8412 -65.4788 14.9008
      vertex -33.6761 -66.7288 14.9008
    endloop
  endfacet
  facet normal -0.168354 -0.291589 -0.941612
    outer loop
      vertex -35.8412 -65.4788 14.9008
      vertex -33.7212 -66.8068 14.933
      vertex -35.8862 -65.5568 14.933
    endloop
  endfacet
  facet normal -0.257073 -0.445271 -0.857699
    outer loop
      vertex -38.7424 -63.7039 14.8599
      vertex -40.8665 -62.3828 14.8107
      vertex -38.7014 -63.6328 14.8107
    endloop
  endfacet
  facet normal -0.257073 -0.445271 -0.857699
    outer loop
      vertex -40.8665 -62.3828 14.8107
      vertex -38.7424 -63.7039 14.8599
      vertex -40.9075 -62.4539 14.8599
    endloop
  endfacet
  facet normal -0.257082 -0.445266 -0.857699
    outer loop
      vertex -33.6329 -66.6539 14.8599
      vertex -35.7569 -65.3328 14.8107
      vertex -33.5919 -66.5828 14.8107
    endloop
  endfacet
  facet normal -0.256958 -0.445072 -0.857837
    outer loop
      vertex -35.7569 -65.3328 14.8107
      vertex -33.6329 -66.6539 14.8599
      vertex -35.798 -65.4039 14.8599
    endloop
  endfacet
  facet normal -0.213695 -0.370137 0.904065
    outer loop
      vertex -40.9075 -62.4539 13.1401
      vertex -38.7857 -63.7788 13.0992
      vertex -38.7424 -63.7039 13.1401
    endloop
  endfacet
  facet normal -0.213803 -0.370308 0.903969
    outer loop
      vertex -38.7857 -63.7788 13.0992
      vertex -40.9075 -62.4539 13.1401
      vertex -40.9507 -62.5288 13.0992
    endloop
  endfacet
  facet normal -0.213796 -0.370312 0.903969
    outer loop
      vertex -35.798 -65.4039 13.1401
      vertex -33.6761 -66.7288 13.0992
      vertex -33.6329 -66.6539 13.1401
    endloop
  endfacet
  facet normal -0.213796 -0.370312 0.903969
    outer loop
      vertex -33.6761 -66.7288 13.0992
      vertex -35.798 -65.4039 13.1401
      vertex -35.8412 -65.4788 13.0992
    endloop
  endfacet
  facet normal -0.451997 -0.782896 -0.42752
    outer loop
      vertex -40.6869 -62.0718 14.3731
      vertex -38.5423 -63.3572 14.4596
      vertex -40.7074 -62.1072 14.4596
    endloop
  endfacet
  facet normal -0.452114 -0.783061 -0.427092
    outer loop
      vertex -38.5423 -63.3572 14.4596
      vertex -40.6869 -62.0718 14.3731
      vertex -38.5219 -63.3218 14.3731
    endloop
  endfacet
  facet normal -0.452114 -0.783061 -0.427092
    outer loop
      vertex -35.5774 -65.0218 14.3731
      vertex -33.4328 -66.3072 14.4596
      vertex -35.5978 -65.0572 14.4596
    endloop
  endfacet
  facet normal -0.451997 -0.782896 -0.42752
    outer loop
      vertex -33.4328 -66.3072 14.4596
      vertex -35.5774 -65.0218 14.3731
      vertex -33.4123 -66.2718 14.3731
    endloop
  endfacet
  facet normal 0.470727 0.815336 0.33711
    outer loop
      vertex -41.5877 -63.632 13.6269
      vertex -39.4388 -64.9099 13.717
      vertex -39.4226 -64.882 13.6269
    endloop
  endfacet
  facet normal 0.470826 0.81547 0.336647
    outer loop
      vertex -39.4388 -64.9099 13.717
      vertex -41.5877 -63.632 13.6269
      vertex -41.6038 -63.6599 13.717
    endloop
  endfacet
  facet normal 0.470826 0.81547 0.336647
    outer loop
      vertex -36.4781 -66.582 13.6269
      vertex -34.3292 -67.8599 13.717
      vertex -34.3131 -67.832 13.6269
    endloop
  endfacet
  facet normal 0.470727 0.815336 0.33711
    outer loop
      vertex -34.3292 -67.8599 13.717
      vertex -36.4781 -66.582 13.6269
      vertex -36.4943 -66.6099 13.717
    endloop
  endfacet
  facet normal -0.470826 -0.81547 -0.336647
    outer loop
      vertex -40.6708 -62.0439 14.283
      vertex -38.5219 -63.3218 14.3731
      vertex -40.6869 -62.0718 14.3731
    endloop
  endfacet
  facet normal -0.470727 -0.815336 -0.33711
    outer loop
      vertex -38.5219 -63.3218 14.3731
      vertex -40.6708 -62.0439 14.283
      vertex -38.5057 -63.2939 14.283
    endloop
  endfacet
  facet normal -0.470727 -0.815336 -0.33711
    outer loop
      vertex -35.5612 -64.9939 14.283
      vertex -33.4123 -66.2718 14.3731
      vertex -35.5774 -65.0218 14.3731
    endloop
  endfacet
  facet normal -0.470826 -0.81547 -0.336647
    outer loop
      vertex -33.4123 -66.2718 14.3731
      vertex -35.5612 -64.9939 14.283
      vertex -33.3962 -66.2439 14.283
    endloop
  endfacet
  facet normal 0.0245499 0.0425223 -0.998794
    outer loop
      vertex -39.02 -64.1847 14.9703
      vertex -41.1373 -62.8519 14.975
      vertex -38.9722 -64.1019 14.975
    endloop
  endfacet
  facet normal 0.0245499 0.0425223 -0.998794
    outer loop
      vertex -41.1373 -62.8519 14.975
      vertex -39.02 -64.1847 14.9703
      vertex -41.1851 -62.9347 14.9703
    endloop
  endfacet
  facet normal 0.0245499 0.0425223 -0.998794
    outer loop
      vertex -33.9105 -67.1347 14.9703
      vertex -36.0278 -65.8019 14.975
      vertex -33.8627 -67.0519 14.975
    endloop
  endfacet
  facet normal 0.0245635 0.042544 -0.998793
    outer loop
      vertex -36.0278 -65.8019 14.975
      vertex -33.9105 -67.1347 14.9703
      vertex -36.0755 -65.8847 14.9703
    endloop
  endfacet
  facet normal 0.49464 0.856716 0.146181
    outer loop
      vertex -41.6154 -63.6801 13.8098
      vertex -39.4574 -64.9422 13.9044
      vertex -39.4504 -64.9301 13.8098
    endloop
  endfacet
  facet normal 0.494585 0.85666 0.146693
    outer loop
      vertex -39.4574 -64.9422 13.9044
      vertex -41.6154 -63.6801 13.8098
      vertex -41.6225 -63.6922 13.9044
    endloop
  endfacet
  facet normal 0.494623 0.856726 0.146181
    outer loop
      vertex -36.5059 -66.6301 13.8098
      vertex -34.3478 -67.8922 13.9044
      vertex -34.3408 -67.8801 13.8098
    endloop
  endfacet
  facet normal 0.494623 0.856726 0.146181
    outer loop
      vertex -34.3478 -67.8922 13.9044
      vertex -36.5059 -66.6301 13.8098
      vertex -36.5129 -66.6422 13.9044
    endloop
  endfacet
  facet normal -0.370624 -0.641951 0.67122
    outer loop
      vertex -40.7605 -62.1992 13.3815
      vertex -38.6275 -63.5048 13.3106
      vertex -38.5954 -63.4492 13.3815
    endloop
  endfacet
  facet normal -0.370624 -0.641951 0.67122
    outer loop
      vertex -38.6275 -63.5048 13.3106
      vertex -40.7605 -62.1992 13.3815
      vertex -40.7926 -62.2548 13.3106
    endloop
  endfacet
  facet normal -0.370637 -0.641944 0.67122
    outer loop
      vertex -35.6509 -65.1492 13.3815
      vertex -33.518 -66.4548 13.3106
      vertex -33.4859 -66.3992 13.3815
    endloop
  endfacet
  facet normal -0.370637 -0.641944 0.67122
    outer loop
      vertex -33.518 -66.4548 13.3106
      vertex -35.6509 -65.1492 13.3815
      vertex -35.683 -65.2048 13.3106
    endloop
  endfacet
  facet normal 0.213796 0.370312 -0.903969
    outer loop
      vertex -39.202 -64.4999 14.8599
      vertex -41.3239 -63.175 14.9008
      vertex -39.1588 -64.425 14.9008
    endloop
  endfacet
  facet normal 0.213796 0.370312 -0.903969
    outer loop
      vertex -41.3239 -63.175 14.9008
      vertex -39.202 -64.4999 14.8599
      vertex -41.3671 -63.2499 14.8599
    endloop
  endfacet
  facet normal 0.213803 0.370308 -0.903969
    outer loop
      vertex -34.0925 -67.4499 14.8599
      vertex -36.2143 -66.125 14.9008
      vertex -34.0493 -67.375 14.9008
    endloop
  endfacet
  facet normal 0.213695 0.370137 -0.904065
    outer loop
      vertex -36.2143 -66.125 14.9008
      vertex -34.0925 -67.4499 14.8599
      vertex -36.2576 -66.1999 14.8599
    endloop
  endfacet
  facet normal -0.168354 -0.291589 0.941612
    outer loop
      vertex -40.9507 -62.5288 13.0992
      vertex -38.8307 -63.8568 13.067
      vertex -38.7857 -63.7788 13.0992
    endloop
  endfacet
  facet normal -0.168265 -0.291449 0.941671
    outer loop
      vertex -38.8307 -63.8568 13.067
      vertex -40.9507 -62.5288 13.0992
      vertex -40.9958 -62.6068 13.067
    endloop
  endfacet
  facet normal -0.168265 -0.291449 0.941671
    outer loop
      vertex -35.8412 -65.4788 13.0992
      vertex -33.7212 -66.8068 13.067
      vertex -33.6761 -66.7288 13.0992
    endloop
  endfacet
  facet normal -0.168354 -0.291589 0.941612
    outer loop
      vertex -33.7212 -66.8068 13.067
      vertex -35.8412 -65.4788 13.0992
      vertex -35.8862 -65.5568 13.067
    endloop
  endfacet
  facet normal -0.485056 -0.840156 -0.242606
    outer loop
      vertex -40.6592 -62.0238 14.1902
      vertex -38.5057 -63.2939 14.283
      vertex -40.6708 -62.0439 14.283
    endloop
  endfacet
  facet normal -0.485056 -0.840156 -0.242606
    outer loop
      vertex -38.5057 -63.2939 14.283
      vertex -40.6592 -62.0238 14.1902
      vertex -38.4941 -63.2738 14.1902
    endloop
  endfacet
  facet normal -0.485073 -0.840147 -0.242606
    outer loop
      vertex -35.5496 -64.9738 14.1902
      vertex -33.3962 -66.2439 14.283
      vertex -35.5612 -64.9939 14.283
    endloop
  endfacet
  facet normal -0.485073 -0.840147 -0.242606
    outer loop
      vertex -33.3962 -66.2439 14.283
      vertex -35.5496 -64.9738 14.1902
      vertex -33.3846 -66.2238 14.1902
    endloop
  endfacet
  facet normal 0.452114 0.783061 -0.427092
    outer loop
      vertex -39.4226 -64.882 14.3731
      vertex -41.5672 -63.5966 14.4596
      vertex -39.4022 -64.8466 14.4596
    endloop
  endfacet
  facet normal 0.451997 0.782896 -0.42752
    outer loop
      vertex -41.5672 -63.5966 14.4596
      vertex -39.4226 -64.882 14.3731
      vertex -41.5877 -63.632 14.3731
    endloop
  endfacet
  facet normal 0.451997 0.782896 -0.42752
    outer loop
      vertex -34.3131 -67.832 14.3731
      vertex -36.4577 -66.5466 14.4596
      vertex -34.2926 -67.7966 14.4596
    endloop
  endfacet
  facet normal 0.452114 0.783061 -0.427092
    outer loop
      vertex -36.4577 -66.5466 14.4596
      vertex -34.3131 -67.832 14.3731
      vertex -36.4781 -66.582 14.3731
    endloop
  endfacet
  facet normal 0.49939 0.864984 0.0491112
    outer loop
      vertex -41.6225 -63.6922 13.9044
      vertex -39.4597 -64.9463 14
      vertex -39.4574 -64.9422 13.9044
    endloop
  endfacet
  facet normal 0.49939 0.864984 0.0491112
    outer loop
      vertex -39.4597 -64.9463 14
      vertex -41.6225 -63.6922 13.9044
      vertex -41.6248 -63.6963 14
    endloop
  endfacet
  facet normal 0.499377 0.864962 0.0496323
    outer loop
      vertex -36.5129 -66.6422 13.9044
      vertex -34.3502 -67.8963 14
      vertex -34.3478 -67.8922 13.9044
    endloop
  endfacet
  facet normal 0.499377 0.864962 0.0496323
    outer loop
      vertex -34.3502 -67.8963 14
      vertex -36.5129 -66.6422 13.9044
      vertex -36.5153 -66.6463 14
    endloop
  endfacet
  facet normal 0.213796 0.370312 0.903969
    outer loop
      vertex -41.3239 -63.175 13.0992
      vertex -39.202 -64.4999 13.1401
      vertex -39.1588 -64.425 13.0992
    endloop
  endfacet
  facet normal 0.213796 0.370312 0.903969
    outer loop
      vertex -39.202 -64.4999 13.1401
      vertex -41.3239 -63.175 13.0992
      vertex -41.3671 -63.2499 13.1401
    endloop
  endfacet
  facet normal 0.213803 0.370308 0.903969
    outer loop
      vertex -36.2143 -66.125 13.0992
      vertex -34.0925 -67.4499 13.1401
      vertex -34.0493 -67.375 13.0992
    endloop
  endfacet
  facet normal 0.213695 0.370137 0.904065
    outer loop
      vertex -34.0925 -67.4499 13.1401
      vertex -36.2143 -66.125 13.0992
      vertex -36.2576 -66.1999 13.1401
    endloop
  endfacet
  facet normal -0.335828 -0.58168 0.740856
    outer loop
      vertex -40.7926 -62.2548 13.3106
      vertex -38.663 -63.5662 13.2463
      vertex -38.6275 -63.5048 13.3106
    endloop
  endfacet
  facet normal -0.335969 -0.581899 0.74062
    outer loop
      vertex -38.663 -63.5662 13.2463
      vertex -40.7926 -62.2548 13.3106
      vertex -40.828 -62.3162 13.2463
    endloop
  endfacet
  facet normal -0.335969 -0.581899 0.74062
    outer loop
      vertex -35.683 -65.2048 13.3106
      vertex -33.5534 -66.5162 13.2463
      vertex -33.518 -66.4548 13.3106
    endloop
  endfacet
  facet normal -0.335828 -0.58168 0.740856
    outer loop
      vertex -33.5534 -66.5162 13.2463
      vertex -35.683 -65.2048 13.3106
      vertex -35.7185 -65.2662 13.2463
    endloop
  endfacet
  facet normal 0.40143 0.695277 0.596191
    outer loop
      vertex -41.5141 -63.5046 13.3815
      vertex -39.3776 -64.804 13.4583
      vertex -39.3491 -64.7546 13.3815
    endloop
  endfacet
  facet normal 0.40143 0.695277 0.596191
    outer loop
      vertex -39.3776 -64.804 13.4583
      vertex -41.5141 -63.5046 13.3815
      vertex -41.5426 -63.554 13.4583
    endloop
  endfacet
  facet normal 0.401416 0.695285 0.596191
    outer loop
      vertex -36.4046 -66.4546 13.3815
      vertex -34.268 -67.754 13.4583
      vertex -34.2395 -67.7046 13.3815
    endloop
  endfacet
  facet normal 0.401416 0.695285 0.596191
    outer loop
      vertex -34.268 -67.754 13.4583
      vertex -36.4046 -66.4546 13.3815
      vertex -36.4331 -66.504 13.4583
    endloop
  endfacet
  facet normal 0.335828 0.58168 -0.740856
    outer loop
      vertex -39.317 -64.699 14.6894
      vertex -41.4466 -63.3876 14.7537
      vertex -39.2815 -64.6376 14.7537
    endloop
  endfacet
  facet normal 0.335969 0.581899 -0.74062
    outer loop
      vertex -41.4466 -63.3876 14.7537
      vertex -39.317 -64.699 14.6894
      vertex -41.482 -63.449 14.6894
    endloop
  endfacet
  facet normal 0.335969 0.581899 -0.74062
    outer loop
      vertex -34.2074 -67.649 14.6894
      vertex -36.337 -66.3376 14.7537
      vertex -34.172 -67.5876 14.7537
    endloop
  endfacet
  facet normal 0.335828 0.58168 -0.740856
    outer loop
      vertex -36.337 -66.3376 14.7537
      vertex -34.2074 -67.649 14.6894
      vertex -36.3725 -66.399 14.6894
    endloop
  endfacet
  facet normal -0.213695 -0.370137 -0.904065
    outer loop
      vertex -38.7857 -63.7788 14.9008
      vertex -40.9075 -62.4539 14.8599
      vertex -38.7424 -63.7039 14.8599
    endloop
  endfacet
  facet normal -0.213803 -0.370308 -0.903969
    outer loop
      vertex -40.9075 -62.4539 14.8599
      vertex -38.7857 -63.7788 14.9008
      vertex -40.9507 -62.5288 14.9008
    endloop
  endfacet
  facet normal -0.213796 -0.370312 -0.903969
    outer loop
      vertex -33.6761 -66.7288 14.9008
      vertex -35.798 -65.4039 14.8599
      vertex -33.6329 -66.6539 14.8599
    endloop
  endfacet
  facet normal -0.213796 -0.370312 -0.903969
    outer loop
      vertex -35.798 -65.4039 14.8599
      vertex -33.6761 -66.7288 14.9008
      vertex -35.8412 -65.4788 14.9008
    endloop
  endfacet
  facet normal 0.121661 0.210727 -0.969945
    outer loop
      vertex -39.1138 -64.347 14.933
      vertex -41.2324 -63.0166 14.9563
      vertex -39.0673 -64.2666 14.9563
    endloop
  endfacet
  facet normal 0.121727 0.210831 -0.969914
    outer loop
      vertex -41.2324 -63.0166 14.9563
      vertex -39.1138 -64.347 14.933
      vertex -41.2788 -63.097 14.933
    endloop
  endfacet
  facet normal 0.121723 0.210834 -0.969914
    outer loop
      vertex -34.0042 -67.297 14.933
      vertex -36.1229 -65.9666 14.9563
      vertex -33.9578 -67.2166 14.9563
    endloop
  endfacet
  facet normal 0.121723 0.210834 -0.969914
    outer loop
      vertex -36.1229 -65.9666 14.9563
      vertex -34.0042 -67.297 14.933
      vertex -36.1693 -66.047 14.933
    endloop
  endfacet
  facet normal -0.0731768 -0.126748 0.989232
    outer loop
      vertex -41.0422 -62.6872 13.0437
      vertex -38.9245 -64.0191 13.0297
      vertex -38.8771 -63.9372 13.0437
    endloop
  endfacet
  facet normal -0.0732172 -0.126812 0.989221
    outer loop
      vertex -38.9245 -64.0191 13.0297
      vertex -41.0422 -62.6872 13.0437
      vertex -41.0895 -62.7691 13.0297
    endloop
  endfacet
  facet normal -0.0732147 -0.126814 0.989221
    outer loop
      vertex -35.9327 -65.6372 13.0437
      vertex -33.8149 -66.9691 13.0297
      vertex -33.7676 -66.8872 13.0437
    endloop
  endfacet
  facet normal -0.0732147 -0.126814 0.989221
    outer loop
      vertex -33.8149 -66.9691 13.0297
      vertex -35.9327 -65.6372 13.0437
      vertex -35.98 -65.7191 13.0297
    endloop
  endfacet
  facet normal -0.470826 -0.81547 0.336647
    outer loop
      vertex -38.5219 -63.3218 13.6269
      vertex -40.6708 -62.0439 13.717
      vertex -40.6869 -62.0718 13.6269
    endloop
  endfacet
  facet normal -0.470727 -0.815336 0.33711
    outer loop
      vertex -40.6708 -62.0439 13.717
      vertex -38.5219 -63.3218 13.6269
      vertex -38.5057 -63.2939 13.717
    endloop
  endfacet
  facet normal -0.470727 -0.815336 0.33711
    outer loop
      vertex -33.4123 -66.2718 13.6269
      vertex -35.5612 -64.9939 13.717
      vertex -35.5774 -65.0218 13.6269
    endloop
  endfacet
  facet normal -0.470826 -0.81547 0.336647
    outer loop
      vertex -35.5612 -64.9939 13.717
      vertex -33.4123 -66.2718 13.6269
      vertex -33.3962 -66.2439 13.717
    endloop
  endfacet
  facet normal -0.451997 -0.782896 0.42752
    outer loop
      vertex -38.5423 -63.3572 13.5404
      vertex -40.6869 -62.0718 13.6269
      vertex -40.7074 -62.1072 13.5404
    endloop
  endfacet
  facet normal -0.452114 -0.783061 0.427092
    outer loop
      vertex -40.6869 -62.0718 13.6269
      vertex -38.5423 -63.3572 13.5404
      vertex -38.5219 -63.3218 13.6269
    endloop
  endfacet
  facet normal -0.452114 -0.783061 0.427092
    outer loop
      vertex -33.4328 -66.3072 13.5404
      vertex -35.5774 -65.0218 13.6269
      vertex -35.5978 -65.0572 13.5404
    endloop
  endfacet
  facet normal -0.451997 -0.782896 0.42752
    outer loop
      vertex -35.5774 -65.0218 13.6269
      vertex -33.4328 -66.3072 13.5404
      vertex -33.4123 -66.2718 13.6269
    endloop
  endfacet
  facet normal 0.121661 0.210727 0.969945
    outer loop
      vertex -41.2324 -63.0166 13.0437
      vertex -39.1138 -64.347 13.067
      vertex -39.0673 -64.2666 13.0437
    endloop
  endfacet
  facet normal 0.121727 0.210831 0.969914
    outer loop
      vertex -39.1138 -64.347 13.067
      vertex -41.2324 -63.0166 13.0437
      vertex -41.2788 -63.097 13.067
    endloop
  endfacet
  facet normal 0.121723 0.210834 0.969914
    outer loop
      vertex -36.1229 -65.9666 13.0437
      vertex -34.0042 -67.297 13.067
      vertex -33.9578 -67.2166 13.0437
    endloop
  endfacet
  facet normal 0.121723 0.210834 0.969914
    outer loop
      vertex -34.0042 -67.297 13.067
      vertex -36.1229 -65.9666 13.0437
      vertex -36.1693 -66.047 13.067
    endloop
  endfacet
  facet normal 0.0732147 0.126814 -0.989221
    outer loop
      vertex -39.0673 -64.2666 14.9563
      vertex -41.1851 -62.9347 14.9703
      vertex -39.02 -64.1847 14.9703
    endloop
  endfacet
  facet normal 0.0732147 0.126814 -0.989221
    outer loop
      vertex -41.1851 -62.9347 14.9703
      vertex -39.0673 -64.2666 14.9563
      vertex -41.2324 -63.0166 14.9563
    endloop
  endfacet
  facet normal 0.0732172 0.126812 -0.989221
    outer loop
      vertex -33.9578 -67.2166 14.9563
      vertex -36.0755 -65.8847 14.9703
      vertex -33.9105 -67.1347 14.9703
    endloop
  endfacet
  facet normal 0.0731768 0.126748 -0.989232
    outer loop
      vertex -36.0755 -65.8847 14.9703
      vertex -33.9578 -67.2166 14.9563
      vertex -36.1229 -65.9666 14.9563
    endloop
  endfacet
  facet normal -0.370624 -0.641951 -0.67122
    outer loop
      vertex -38.6275 -63.5048 14.6894
      vertex -40.7605 -62.1992 14.6185
      vertex -38.5954 -63.4492 14.6185
    endloop
  endfacet
  facet normal -0.370624 -0.641951 -0.67122
    outer loop
      vertex -40.7605 -62.1992 14.6185
      vertex -38.6275 -63.5048 14.6894
      vertex -40.7926 -62.2548 14.6894
    endloop
  endfacet
  facet normal -0.370637 -0.641944 -0.67122
    outer loop
      vertex -33.518 -66.4548 14.6894
      vertex -35.6509 -65.1492 14.6185
      vertex -33.4859 -66.3992 14.6185
    endloop
  endfacet
  facet normal -0.370637 -0.641944 -0.67122
    outer loop
      vertex -35.6509 -65.1492 14.6185
      vertex -33.518 -66.4548 14.6894
      vertex -35.683 -65.2048 14.6894
    endloop
  endfacet
  facet normal -0.428896 -0.742882 -0.513978
    outer loop
      vertex -40.7074 -62.1072 14.4596
      vertex -38.5669 -63.3998 14.5417
      vertex -40.732 -62.1498 14.5417
    endloop
  endfacet
  facet normal -0.428896 -0.742882 -0.513978
    outer loop
      vertex -38.5669 -63.3998 14.5417
      vertex -40.7074 -62.1072 14.4596
      vertex -38.5423 -63.3572 14.4596
    endloop
  endfacet
  facet normal -0.428911 -0.742874 -0.513978
    outer loop
      vertex -35.5978 -65.0572 14.4596
      vertex -33.4574 -66.3498 14.5417
      vertex -35.6224 -65.0998 14.5417
    endloop
  endfacet
  facet normal -0.428911 -0.742874 -0.513978
    outer loop
      vertex -33.4574 -66.3498 14.5417
      vertex -35.5978 -65.0572 14.4596
      vertex -33.4328 -66.3072 14.4596
    endloop
  endfacet
  facet normal -0.401416 -0.695285 -0.596191
    outer loop
      vertex -40.732 -62.1498 14.5417
      vertex -38.5954 -63.4492 14.6185
      vertex -40.7605 -62.1992 14.6185
    endloop
  endfacet
  facet normal -0.401416 -0.695285 -0.596191
    outer loop
      vertex -38.5954 -63.4492 14.6185
      vertex -40.732 -62.1498 14.5417
      vertex -38.5669 -63.3998 14.5417
    endloop
  endfacet
  facet normal -0.40143 -0.695277 -0.596191
    outer loop
      vertex -35.6224 -65.0998 14.5417
      vertex -33.4859 -66.3992 14.6185
      vertex -35.6509 -65.1492 14.6185
    endloop
  endfacet
  facet normal -0.40143 -0.695277 -0.596191
    outer loop
      vertex -33.4859 -66.3992 14.6185
      vertex -35.6224 -65.0998 14.5417
      vertex -33.4574 -66.3498 14.5417
    endloop
  endfacet
  facet normal -0.297802 -0.515793 0.803288
    outer loop
      vertex -40.828 -62.3162 13.2463
      vertex -38.7014 -63.6328 13.1893
      vertex -38.663 -63.5662 13.2463
    endloop
  endfacet
  facet normal -0.297667 -0.515583 0.803473
    outer loop
      vertex -38.7014 -63.6328 13.1893
      vertex -40.828 -62.3162 13.2463
      vertex -40.8665 -62.3828 13.1893
    endloop
  endfacet
  facet normal -0.297667 -0.515583 0.803473
    outer loop
      vertex -35.7185 -65.2662 13.2463
      vertex -33.5919 -66.5828 13.1893
      vertex -33.5534 -66.5162 13.2463
    endloop
  endfacet
  facet normal -0.297802 -0.515793 0.803288
    outer loop
      vertex -33.5919 -66.5828 13.1893
      vertex -35.7185 -65.2662 13.2463
      vertex -35.7569 -65.3328 13.1893
    endloop
  endfacet
  facet normal 0.297802 0.515793 0.803288
    outer loop
      vertex -41.4081 -63.321 13.1893
      vertex -39.2815 -64.6376 13.2463
      vertex -39.2431 -64.571 13.1893
    endloop
  endfacet
  facet normal 0.297667 0.515583 0.803473
    outer loop
      vertex -39.2815 -64.6376 13.2463
      vertex -41.4081 -63.321 13.1893
      vertex -41.4466 -63.3876 13.2463
    endloop
  endfacet
  facet normal 0.297667 0.515583 0.803473
    outer loop
      vertex -36.2986 -66.271 13.1893
      vertex -34.172 -67.5876 13.2463
      vertex -34.1335 -67.521 13.1893
    endloop
  endfacet
  facet normal 0.297802 0.515793 0.803288
    outer loop
      vertex -34.172 -67.5876 13.2463
      vertex -36.2986 -66.271 13.1893
      vertex -36.337 -66.3376 13.2463
    endloop
  endfacet
  facet normal 0.452114 0.783061 0.427092
    outer loop
      vertex -41.5672 -63.5966 13.5404
      vertex -39.4226 -64.882 13.6269
      vertex -39.4022 -64.8466 13.5404
    endloop
  endfacet
  facet normal 0.451997 0.782896 0.42752
    outer loop
      vertex -39.4226 -64.882 13.6269
      vertex -41.5672 -63.5966 13.5404
      vertex -41.5877 -63.632 13.6269
    endloop
  endfacet
  facet normal 0.451997 0.782896 0.42752
    outer loop
      vertex -36.4577 -66.5466 13.5404
      vertex -34.3131 -67.832 13.6269
      vertex -34.2926 -67.7966 13.5404
    endloop
  endfacet
  facet normal 0.452114 0.783061 0.427092
    outer loop
      vertex -34.3131 -67.832 13.6269
      vertex -36.4577 -66.5466 13.5404
      vertex -36.4781 -66.582 13.6269
    endloop
  endfacet
  facet normal 0.256958 0.445072 0.857837
    outer loop
      vertex -41.3671 -63.2499 13.1401
      vertex -39.2431 -64.571 13.1893
      vertex -39.202 -64.4999 13.1401
    endloop
  endfacet
  facet normal 0.257082 0.445266 0.857699
    outer loop
      vertex -39.2431 -64.571 13.1893
      vertex -41.3671 -63.2499 13.1401
      vertex -41.4081 -63.321 13.1893
    endloop
  endfacet
  facet normal 0.257073 0.445271 0.857699
    outer loop
      vertex -36.2576 -66.1999 13.1401
      vertex -34.1335 -67.521 13.1893
      vertex -34.0925 -67.4499 13.1401
    endloop
  endfacet
  facet normal 0.257073 0.445271 0.857699
    outer loop
      vertex -34.1335 -67.521 13.1893
      vertex -36.2576 -66.1999 13.1401
      vertex -36.2986 -66.271 13.1893
    endloop
  endfacet
  facet normal -0.257073 -0.445271 0.857699
    outer loop
      vertex -40.8665 -62.3828 13.1893
      vertex -38.7424 -63.7039 13.1401
      vertex -38.7014 -63.6328 13.1893
    endloop
  endfacet
  facet normal -0.257073 -0.445271 0.857699
    outer loop
      vertex -38.7424 -63.7039 13.1401
      vertex -40.8665 -62.3828 13.1893
      vertex -40.9075 -62.4539 13.1401
    endloop
  endfacet
  facet normal -0.257082 -0.445266 0.857699
    outer loop
      vertex -35.7569 -65.3328 13.1893
      vertex -33.6329 -66.6539 13.1401
      vertex -33.5919 -66.5828 13.1893
    endloop
  endfacet
  facet normal -0.256958 -0.445072 0.857837
    outer loop
      vertex -33.6329 -66.6539 13.1401
      vertex -35.7569 -65.3328 13.1893
      vertex -35.798 -65.4039 13.1401
    endloop
  endfacet
  facet normal -0.401416 -0.695285 0.596191
    outer loop
      vertex -38.5954 -63.4492 13.3815
      vertex -40.732 -62.1498 13.4583
      vertex -40.7605 -62.1992 13.3815
    endloop
  endfacet
  facet normal -0.401416 -0.695285 0.596191
    outer loop
      vertex -40.732 -62.1498 13.4583
      vertex -38.5954 -63.4492 13.3815
      vertex -38.5669 -63.3998 13.4583
    endloop
  endfacet
  facet normal -0.40143 -0.695277 0.596191
    outer loop
      vertex -33.4859 -66.3992 13.3815
      vertex -35.6224 -65.0998 13.4583
      vertex -35.6509 -65.1492 13.3815
    endloop
  endfacet
  facet normal -0.40143 -0.695277 0.596191
    outer loop
      vertex -35.6224 -65.0998 13.4583
      vertex -33.4859 -66.3992 13.3815
      vertex -33.4574 -66.3498 13.4583
    endloop
  endfacet
  facet normal 0.335828 0.58168 0.740856
    outer loop
      vertex -41.4466 -63.3876 13.2463
      vertex -39.317 -64.699 13.3106
      vertex -39.2815 -64.6376 13.2463
    endloop
  endfacet
  facet normal 0.335969 0.581899 0.74062
    outer loop
      vertex -39.317 -64.699 13.3106
      vertex -41.4466 -63.3876 13.2463
      vertex -41.482 -63.449 13.3106
    endloop
  endfacet
  facet normal 0.335969 0.581899 0.74062
    outer loop
      vertex -36.337 -66.3376 13.2463
      vertex -34.2074 -67.649 13.3106
      vertex -34.172 -67.5876 13.2463
    endloop
  endfacet
  facet normal 0.335828 0.58168 0.740856
    outer loop
      vertex -34.2074 -67.649 13.3106
      vertex -36.337 -66.3376 13.2463
      vertex -36.3725 -66.399 13.3106
    endloop
  endfacet
  facet normal 0.370637 0.641944 0.67122
    outer loop
      vertex -41.482 -63.449 13.3106
      vertex -39.3491 -64.7546 13.3815
      vertex -39.317 -64.699 13.3106
    endloop
  endfacet
  facet normal 0.370637 0.641944 0.67122
    outer loop
      vertex -39.3491 -64.7546 13.3815
      vertex -41.482 -63.449 13.3106
      vertex -41.5141 -63.5046 13.3815
    endloop
  endfacet
  facet normal 0.370624 0.641951 0.67122
    outer loop
      vertex -36.3725 -66.399 13.3106
      vertex -34.2395 -67.7046 13.3815
      vertex -34.2074 -67.649 13.3106
    endloop
  endfacet
  facet normal 0.370624 0.641951 0.67122
    outer loop
      vertex -34.2395 -67.7046 13.3815
      vertex -36.3725 -66.399 13.3106
      vertex -36.4046 -66.4546 13.3815
    endloop
  endfacet
  facet normal -0.499377 -0.864962 -0.0496323
    outer loop
      vertex -40.6498 -62.0075 14
      vertex -38.4871 -63.2616 14.0956
      vertex -40.6522 -62.0116 14.0956
    endloop
  endfacet
  facet normal -0.499377 -0.864962 -0.0496323
    outer loop
      vertex -38.4871 -63.2616 14.0956
      vertex -40.6498 -62.0075 14
      vertex -38.4847 -63.2575 14
    endloop
  endfacet
  facet normal -0.49939 -0.864984 -0.0491112
    outer loop
      vertex -35.5403 -64.9575 14
      vertex -33.3775 -66.2116 14.0956
      vertex -35.5426 -64.9616 14.0956
    endloop
  endfacet
  facet normal -0.49939 -0.864984 -0.0491112
    outer loop
      vertex -33.3775 -66.2116 14.0956
      vertex -35.5403 -64.9575 14
      vertex -33.3752 -66.2075 14
    endloop
  endfacet
  facet normal -0.121723 -0.210834 0.969914
    outer loop
      vertex -40.9958 -62.6068 13.067
      vertex -38.8771 -63.9372 13.0437
      vertex -38.8307 -63.8568 13.067
    endloop
  endfacet
  facet normal -0.121723 -0.210834 0.969914
    outer loop
      vertex -38.8771 -63.9372 13.0437
      vertex -40.9958 -62.6068 13.067
      vertex -41.0422 -62.6872 13.0437
    endloop
  endfacet
  facet normal -0.121727 -0.210831 0.969914
    outer loop
      vertex -35.8862 -65.5568 13.067
      vertex -33.7676 -66.8872 13.0437
      vertex -33.7212 -66.8068 13.067
    endloop
  endfacet
  facet normal -0.121661 -0.210727 0.969945
    outer loop
      vertex -33.7676 -66.8872 13.0437
      vertex -35.8862 -65.5568 13.067
      vertex -35.9327 -65.6372 13.0437
    endloop
  endfacet
  facet normal -0 0 1
    outer loop
      vertex -34.0849 -64.0368 3
      vertex -36.1519 -68.617 3
      vertex -30.1519 -58.2247 3
    endloop
  endfacet
  facet normal 0 -0 1
    outer loop
      vertex -36.1519 -68.617 3
      vertex -34.0849 -64.0368 3
      vertex -36.5849 -68.367 3
    endloop
  endfacet
  facet normal 0 0 1
    outer loop
      vertex -41.3481 -65.617 3
      vertex -38.4151 -61.5368 3
      vertex -35.3481 -55.2247 3
    endloop
  endfacet
  facet normal 0 0 1
    outer loop
      vertex -38.4151 -61.5368 3
      vertex -41.3481 -65.617 3
      vertex -40.9151 -65.867 3
    endloop
  endfacet
  facet normal 0.866026 -0.5 0
    outer loop
      vertex -29.6519 -57.3586 3
      vertex -8.80363 -21.2483 0
      vertex -8.80363 -21.2483 3
    endloop
  endfacet
  facet normal 0.866044 -0.499968 -0.00014999
    outer loop
      vertex -36.1519 -68.617 0
      vertex -29.6519 -57.3586 3
      vertex -30.1519 -58.2247 3
    endloop
  endfacet
  facet normal 0.866025 -0.5 0
    outer loop
      vertex -36.1519 -68.617 0
      vertex -30.1519 -58.2247 3
      vertex -36.1519 -68.617 3
    endloop
  endfacet
  facet normal 0.866026 -0.499999 7.39209e-06
    outer loop
      vertex -29.6519 -57.3586 3
      vertex -36.1519 -68.617 0
      vertex -8.80363 -21.2483 0
    endloop
  endfacet
  facet normal -0.866025 0.500001 0
    outer loop
      vertex -13.9874 -18.2269 0
      vertex -34.8481 -54.3586 3
      vertex -13.9874 -18.2269 3
    endloop
  endfacet
  facet normal -0.866025 0.5 -1.25172e-05
    outer loop
      vertex -41.3481 -65.617 0
      vertex -34.8481 -54.3586 3
      vertex -13.9874 -18.2269 0
    endloop
  endfacet
  facet normal -0.866044 0.499968 0.00014999
    outer loop
      vertex -34.8481 -54.3586 3
      vertex -41.3481 -65.617 0
      vertex -35.3481 -55.2247 3
    endloop
  endfacet
  facet normal -0.866025 0.5 0
    outer loop
      vertex -35.3481 -55.2247 3
      vertex -41.3481 -65.617 0
      vertex -41.3481 -65.617 3
    endloop
  endfacet
  facet normal 0.866029 -0.499994 0
    outer loop
      vertex -36.5849 -68.367 10.5
      vertex -34.0849 -64.0368 9
      vertex -34.0849 -64.0368 10.5
    endloop
  endfacet
  facet normal 0.866029 -0.499994 0
    outer loop
      vertex -36.5849 -68.367 3
      vertex -34.0849 -64.0368 9
      vertex -36.5849 -68.367 10.5
    endloop
  endfacet
  facet normal 0.866029 -0.499994 0
    outer loop
      vertex -34.0849 -64.0368 9
      vertex -36.5849 -68.367 3
      vertex -34.0849 -64.0368 3
    endloop
  endfacet
  facet normal -0.866029 0.499994 0
    outer loop
      vertex -40.9151 -65.867 3
      vertex -38.4151 -61.5368 9
      vertex -38.4151 -61.5368 3
    endloop
  endfacet
  facet normal -0.866029 0.499994 0
    outer loop
      vertex -40.9151 -65.867 10.5
      vertex -38.4151 -61.5368 9
      vertex -40.9151 -65.867 3
    endloop
  endfacet
  facet normal -0.866029 0.499994 0
    outer loop
      vertex -38.4151 -61.5368 9
      vertex -40.9151 -65.867 10.5
      vertex -38.4151 -61.5368 10.5
    endloop
  endfacet
  facet normal -0.899445 0.437033 0
    outer loop
      vertex -35.3481 -55.2247 3
      vertex -38.4151 -61.5368 3
      vertex -38.4151 -61.5368 9
    endloop
  endfacet
  facet normal -0.863056 0.498243 0.0829983
    outer loop
      vertex -35.3481 -55.2247 3
      vertex -38.1651 -61.1038 9
      vertex -34.8481 -54.3586 3
    endloop
  endfacet
  facet normal -0.863027 0.498284 0.0830519
    outer loop
      vertex -38.1651 -61.1038 9
      vertex -35.3481 -55.2247 3
      vertex -38.4151 -61.5368 9
    endloop
  endfacet
  facet normal 0.312345 0.541003 0.780869
    outer loop
      vertex -34.8481 -54.3586 3
      vertex -33.8349 -63.6038 9
      vertex -29.6519 -57.3586 3
    endloop
  endfacet
  facet normal 0.312343 0.541003 0.78087
    outer loop
      vertex -33.8349 -63.6038 9
      vertex -34.8481 -54.3586 3
      vertex -38.1651 -61.1038 9
    endloop
  endfacet
  facet normal 0 0 1
    outer loop
      vertex -38.1651 -61.1038 9
      vertex -34.0849 -64.0368 9
      vertex -33.8349 -63.6038 9
    endloop
  endfacet
  facet normal 0 0 1
    outer loop
      vertex -34.0849 -64.0368 9
      vertex -38.1651 -61.1038 9
      vertex -38.4151 -61.5368 9
    endloop
  endfacet
  facet normal 0.863049 -0.498239 0.083089
    outer loop
      vertex -33.8349 -63.6038 9
      vertex -30.1519 -58.2247 3
      vertex -29.6519 -57.3586 3
    endloop
  endfacet
  facet normal 0.863028 -0.498284 0.0830354
    outer loop
      vertex -30.1519 -58.2247 3
      vertex -33.8349 -63.6038 9
      vertex -34.0849 -64.0368 9
    endloop
  endfacet
  facet normal 0.828198 -0.560435 0
    outer loop
      vertex -34.0849 -64.0368 9
      vertex -34.0849 -64.0368 3
      vertex -30.1519 -58.2247 3
    endloop
  endfacet
  facet normal 0.989185 -0.146674 0
    outer loop
      vertex 22.5581 -4.48708 3
      vertex 22.7786 -3 0
      vertex 22.7786 -3 3
    endloop
  endfacet
  facet normal 0.989185 -0.146674 0
    outer loop
      vertex 22.7786 -3 0
      vertex 22.5581 -4.48708 3
      vertex 22.5581 -4.48708 0
    endloop
  endfacet
  facet normal -0.426253 0.904604 0
    outer loop
      vertex -8.80172 21.2492 0
      vertex -8.80363 21.2483 3
      vertex -8.80172 21.2492 3
    endloop
  endfacet
  facet normal -0.426253 0.904604 0
    outer loop
      vertex -8.80363 21.2483 3
      vertex -8.80172 21.2492 0
      vertex -8.80363 21.2483 0
    endloop
  endfacet
  facet normal -0.998794 -0.0490893 0
    outer loop
      vertex -22.8892 -2.25439 0
      vertex -23 0 3
      vertex -23 0 0
    endloop
  endfacet
  facet normal -0.998794 -0.0490893 0
    outer loop
      vertex -23 0 3
      vertex -22.8892 -2.25439 0
      vertex -22.8892 -2.25439 3
    endloop
  endfacet
  facet normal -0.998794 0.0490893 0
    outer loop
      vertex -23 0 0
      vertex -22.8892 2.25439 3
      vertex -22.8892 2.25439 0
    endloop
  endfacet
  facet normal -0.998794 0.0490893 0
    outer loop
      vertex -22.8892 2.25439 3
      vertex -23 0 0
      vertex -23 0 3
    endloop
  endfacet
  facet normal 0.595717 0.803194 -0
    outer loop
      vertex 14.591 17.7792 0
      vertex 12.7781 19.1238 3
      vertex 14.591 17.7792 3
    endloop
  endfacet
  facet normal 0.595717 0.803194 0
    outer loop
      vertex 12.7781 19.1238 3
      vertex 14.591 17.7792 0
      vertex 12.7781 19.1238 0
    endloop
  endfacet
  facet normal 0.514105 -0.857727 0
    outer loop
      vertex 10.8421 -20.2842 0
      vertex 12.7781 -19.1238 3
      vertex 10.8421 -20.2842 3
    endloop
  endfacet
  facet normal 0.514105 -0.857727 0
    outer loop
      vertex 12.7781 -19.1238 3
      vertex 10.8421 -20.2842 0
      vertex 12.7781 -19.1238 0
    endloop
  endfacet
  facet normal 0.941544 0.336891 0
    outer loop
      vertex 22.0096 6.67655 3
      vertex 21.2492 8.80172 0
      vertex 21.2492 8.80172 3
    endloop
  endfacet
  facet normal 0.941544 0.336891 0
    outer loop
      vertex 21.2492 8.80172 0
      vertex 22.0096 6.67655 3
      vertex 22.0096 6.67655 0
    endloop
  endfacet
  facet normal -0.336891 0.941544 0
    outer loop
      vertex -6.67655 22.0096 0
      vertex -8.80172 21.2492 3
      vertex -6.67655 22.0096 3
    endloop
  endfacet
  facet normal -0.336891 0.941544 0
    outer loop
      vertex -8.80172 21.2492 3
      vertex -6.67655 22.0096 0
      vertex -8.80172 21.2492 0
    endloop
  endfacet
  facet normal -0.857727 0.514105 0
    outer loop
      vertex -20.2842 10.8421 0
      vertex -19.1238 12.7781 3
      vertex -19.1238 12.7781 0
    endloop
  endfacet
  facet normal -0.857727 0.514105 0
    outer loop
      vertex -19.1238 12.7781 3
      vertex -20.2842 10.8421 0
      vertex -20.2842 10.8421 3
    endloop
  endfacet
  facet normal -0.989182 0.146692 0
    outer loop
      vertex -22.8892 2.25439 0
      vertex -22.5581 4.48708 3
      vertex -22.5581 4.48708 0
    endloop
  endfacet
  facet normal -0.989182 0.146692 0
    outer loop
      vertex -22.5581 4.48708 3
      vertex -22.8892 2.25439 0
      vertex -22.8892 2.25439 3
    endloop
  endfacet
  facet normal 0.989185 0.146674 0
    outer loop
      vertex 22.7786 3 3
      vertex 22.5581 4.48708 0
      vertex 22.5581 4.48708 3
    endloop
  endfacet
  facet normal 0.989185 0.146674 0
    outer loop
      vertex 22.5581 4.48708 0
      vertex 22.7786 3 3
      vertex 22.7786 3 0
    endloop
  endfacet
  facet normal -0.595733 0.803182 0
    outer loop
      vertex -13.9874 18.2269 0
      vertex -14.591 17.7792 3
      vertex -13.9874 18.2269 3
    endloop
  endfacet
  facet normal -0.595733 0.803182 0
    outer loop
      vertex -14.591 17.7792 3
      vertex -13.9874 18.2269 0
      vertex -14.591 17.7792 0
    endloop
  endfacet
  facet normal 0.243008 0.970024 -0
    outer loop
      vertex 6.67655 22.0096 0
      vertex 4.48708 22.5581 3
      vertex 6.67655 22.0096 3
    endloop
  endfacet
  facet normal 0.243008 0.970024 0
    outer loop
      vertex 4.48708 22.5581 3
      vertex 6.67655 22.0096 0
      vertex 4.48708 22.5581 0
    endloop
  endfacet
  facet normal 0.595717 -0.803194 0
    outer loop
      vertex 12.7781 -19.1238 0
      vertex 14.591 -17.7792 3
      vertex 12.7781 -19.1238 3
    endloop
  endfacet
  facet normal 0.595717 -0.803194 0
    outer loop
      vertex 14.591 -17.7792 3
      vertex 12.7781 -19.1238 0
      vertex 14.591 -17.7792 0
    endloop
  endfacet
  facet normal -0.740988 0.671519 0
    outer loop
      vertex -17.7792 14.591 0
      vertex -16.2635 16.2635 3
      vertex -16.2635 16.2635 0
    endloop
  endfacet
  facet normal -0.740988 0.671519 0
    outer loop
      vertex -16.2635 16.2635 3
      vertex -17.7792 14.591 0
      vertex -17.7792 14.591 3
    endloop
  endfacet
  facet normal 0.803194 -0.595717 0
    outer loop
      vertex 17.7792 -14.591 3
      vertex 19.1238 -12.7781 0
      vertex 19.1238 -12.7781 3
    endloop
  endfacet
  facet normal 0.803194 -0.595717 0
    outer loop
      vertex 19.1238 -12.7781 0
      vertex 17.7792 -14.591 3
      vertex 17.7792 -14.591 0
    endloop
  endfacet
  facet normal -0.941544 -0.336891 0
    outer loop
      vertex -21.2492 -8.80172 0
      vertex -22.0096 -6.67655 3
      vertex -22.0096 -6.67655 0
    endloop
  endfacet
  facet normal -0.941544 -0.336891 0
    outer loop
      vertex -22.0096 -6.67655 3
      vertex -21.2492 -8.80172 0
      vertex -21.2492 -8.80172 3
    endloop
  endfacet
  facet normal 0.514105 0.857727 -0
    outer loop
      vertex 12.7781 19.1238 0
      vertex 10.8421 20.2842 3
      vertex 12.7781 19.1238 3
    endloop
  endfacet
  facet normal 0.514105 0.857727 0
    outer loop
      vertex 10.8421 20.2842 3
      vertex 12.7781 19.1238 0
      vertex 10.8421 20.2842 0
    endloop
  endfacet
  facet normal -0.941544 0.336891 0
    outer loop
      vertex -22.0096 6.67655 0
      vertex -21.2492 8.80172 3
      vertex -21.2492 8.80172 0
    endloop
  endfacet
  facet normal -0.941544 0.336891 0
    outer loop
      vertex -21.2492 8.80172 3
      vertex -22.0096 6.67655 0
      vertex -22.0096 6.67655 3
    endloop
  endfacet
  facet normal 0.970024 -0.243008 0
    outer loop
      vertex 22.0096 -6.67655 3
      vertex 22.5581 -4.48708 0
      vertex 22.5581 -4.48708 3
    endloop
  endfacet
  facet normal 0.970024 -0.243008 0
    outer loop
      vertex 22.5581 -4.48708 0
      vertex 22.0096 -6.67655 3
      vertex 22.0096 -6.67655 0
    endloop
  endfacet
  facet normal 0.970024 0.243008 0
    outer loop
      vertex 22.5581 4.48708 3
      vertex 22.0096 6.67655 0
      vertex 22.0096 6.67655 3
    endloop
  endfacet
  facet normal 0.970024 0.243008 0
    outer loop
      vertex 22.0096 6.67655 0
      vertex 22.5581 4.48708 3
      vertex 22.5581 4.48708 0
    endloop
  endfacet
  facet normal -0.857727 -0.514105 0
    outer loop
      vertex -19.1238 -12.7781 0
      vertex -20.2842 -10.8421 3
      vertex -20.2842 -10.8421 0
    endloop
  endfacet
  facet normal -0.857727 -0.514105 0
    outer loop
      vertex -20.2842 -10.8421 3
      vertex -19.1238 -12.7781 0
      vertex -19.1238 -12.7781 3
    endloop
  endfacet
  facet normal 0.336891 -0.941544 0
    outer loop
      vertex 6.67655 -22.0096 0
      vertex 8.80172 -21.2492 3
      vertex 6.67655 -22.0096 3
    endloop
  endfacet
  facet normal 0.336891 -0.941544 0
    outer loop
      vertex 8.80172 -21.2492 3
      vertex 6.67655 -22.0096 0
      vertex 8.80172 -21.2492 0
    endloop
  endfacet
  facet normal 0.0490893 0.998794 -0
    outer loop
      vertex 2.25439 22.8892 0
      vertex 0 23 3
      vertex 2.25439 22.8892 3
    endloop
  endfacet
  facet normal 0.0490893 0.998794 0
    outer loop
      vertex 0 23 3
      vertex 2.25439 22.8892 0
      vertex 0 23 0
    endloop
  endfacet
  facet normal -0.336891 -0.941544 0
    outer loop
      vertex -8.80172 -21.2492 0
      vertex -6.67655 -22.0096 3
      vertex -8.80172 -21.2492 3
    endloop
  endfacet
  facet normal -0.336891 -0.941544 -0
    outer loop
      vertex -6.67655 -22.0096 3
      vertex -8.80172 -21.2492 0
      vertex -6.67655 -22.0096 0
    endloop
  endfacet
  facet normal -0.803194 0.595717 0
    outer loop
      vertex -19.1238 12.7781 0
      vertex -17.7792 14.591 3
      vertex -17.7792 14.591 0
    endloop
  endfacet
  facet normal -0.803194 0.595717 0
    outer loop
      vertex -17.7792 14.591 3
      vertex -19.1238 12.7781 0
      vertex -19.1238 12.7781 3
    endloop
  endfacet
  facet normal 0.336891 0.941544 -0
    outer loop
      vertex 8.80172 21.2492 0
      vertex 6.67655 22.0096 3
      vertex 8.80172 21.2492 3
    endloop
  endfacet
  facet normal 0.336891 0.941544 0
    outer loop
      vertex 6.67655 22.0096 3
      vertex 8.80172 21.2492 0
      vertex 6.67655 22.0096 0
    endloop
  endfacet
  facet normal -0.146692 -0.989182 0
    outer loop
      vertex -4.48708 -22.5581 0
      vertex -2.25439 -22.8892 3
      vertex -4.48708 -22.5581 3
    endloop
  endfacet
  facet normal -0.146692 -0.989182 -0
    outer loop
      vertex -2.25439 -22.8892 3
      vertex -4.48708 -22.5581 0
      vertex -2.25439 -22.8892 0
    endloop
  endfacet
  facet normal 0.671519 0.740988 -0
    outer loop
      vertex 16.2635 16.2635 0
      vertex 14.591 17.7792 3
      vertex 16.2635 16.2635 3
    endloop
  endfacet
  facet normal 0.671519 0.740988 0
    outer loop
      vertex 14.591 17.7792 3
      vertex 16.2635 16.2635 0
      vertex 14.591 17.7792 0
    endloop
  endfacet
  facet normal 0.857727 0.514105 0
    outer loop
      vertex 20.2842 10.8421 3
      vertex 19.1238 12.7781 0
      vertex 19.1238 12.7781 3
    endloop
  endfacet
  facet normal 0.857727 0.514105 0
    outer loop
      vertex 19.1238 12.7781 0
      vertex 20.2842 10.8421 3
      vertex 20.2842 10.8421 0
    endloop
  endfacet
  facet normal -0.243008 0.970024 0
    outer loop
      vertex -4.48708 22.5581 0
      vertex -6.67655 22.0096 3
      vertex -4.48708 22.5581 3
    endloop
  endfacet
  facet normal -0.243008 0.970024 0
    outer loop
      vertex -6.67655 22.0096 3
      vertex -4.48708 22.5581 0
      vertex -6.67655 22.0096 0
    endloop
  endfacet
  facet normal 0.0490893 -0.998794 0
    outer loop
      vertex 0 -23 0
      vertex 2.25439 -22.8892 3
      vertex 0 -23 3
    endloop
  endfacet
  facet normal 0.0490893 -0.998794 0
    outer loop
      vertex 2.25439 -22.8892 3
      vertex 0 -23 0
      vertex 2.25439 -22.8892 0
    endloop
  endfacet
  facet normal 0.427545 -0.903994 0
    outer loop
      vertex 8.80172 -21.2492 0
      vertex 10.8421 -20.2842 3
      vertex 8.80172 -21.2492 3
    endloop
  endfacet
  facet normal 0.427545 -0.903994 0
    outer loop
      vertex 10.8421 -20.2842 3
      vertex 8.80172 -21.2492 0
      vertex 10.8421 -20.2842 0
    endloop
  endfacet
  facet normal 0.427545 0.903994 -0
    outer loop
      vertex 10.8421 20.2842 0
      vertex 8.80172 21.2492 3
      vertex 10.8421 20.2842 3
    endloop
  endfacet
  facet normal 0.427545 0.903994 0
    outer loop
      vertex 8.80172 21.2492 3
      vertex 10.8421 20.2842 0
      vertex 8.80172 21.2492 0
    endloop
  endfacet
  facet normal -0.146692 0.989182 0
    outer loop
      vertex -2.25439 22.8892 0
      vertex -4.48708 22.5581 3
      vertex -2.25439 22.8892 3
    endloop
  endfacet
  facet normal -0.146692 0.989182 0
    outer loop
      vertex -4.48708 22.5581 3
      vertex -2.25439 22.8892 0
      vertex -4.48708 22.5581 0
    endloop
  endfacet
  facet normal -0.595733 -0.803182 0
    outer loop
      vertex -14.591 -17.7792 0
      vertex -13.9874 -18.2269 3
      vertex -14.591 -17.7792 3
    endloop
  endfacet
  facet normal -0.595733 -0.803182 -0
    outer loop
      vertex -13.9874 -18.2269 3
      vertex -14.591 -17.7792 0
      vertex -13.9874 -18.2269 0
    endloop
  endfacet
  facet normal -0.989182 -0.146692 0
    outer loop
      vertex -22.5581 -4.48708 0
      vertex -22.8892 -2.25439 3
      vertex -22.8892 -2.25439 0
    endloop
  endfacet
  facet normal -0.989182 -0.146692 0
    outer loop
      vertex -22.8892 -2.25439 3
      vertex -22.5581 -4.48708 0
      vertex -22.5581 -4.48708 3
    endloop
  endfacet
  facet normal 0.243008 -0.970024 0
    outer loop
      vertex 4.48708 -22.5581 0
      vertex 6.67655 -22.0096 3
      vertex 4.48708 -22.5581 3
    endloop
  endfacet
  facet normal 0.243008 -0.970024 0
    outer loop
      vertex 6.67655 -22.0096 3
      vertex 4.48708 -22.5581 0
      vertex 6.67655 -22.0096 0
    endloop
  endfacet
  facet normal -0.903994 0.427545 0
    outer loop
      vertex -21.2492 8.80172 0
      vertex -20.2842 10.8421 3
      vertex -20.2842 10.8421 0
    endloop
  endfacet
  facet normal -0.903994 0.427545 0
    outer loop
      vertex -20.2842 10.8421 3
      vertex -21.2492 8.80172 0
      vertex -21.2492 8.80172 3
    endloop
  endfacet
  facet normal 0.146692 -0.989182 0
    outer loop
      vertex 2.25439 -22.8892 0
      vertex 4.48708 -22.5581 3
      vertex 2.25439 -22.8892 3
    endloop
  endfacet
  facet normal 0.146692 -0.989182 0
    outer loop
      vertex 4.48708 -22.5581 3
      vertex 2.25439 -22.8892 0
      vertex 4.48708 -22.5581 0
    endloop
  endfacet
  facet normal 0.903994 0.427545 0
    outer loop
      vertex 21.2492 8.80172 3
      vertex 20.2842 10.8421 0
      vertex 20.2842 10.8421 3
    endloop
  endfacet
  facet normal 0.903994 0.427545 0
    outer loop
      vertex 20.2842 10.8421 0
      vertex 21.2492 8.80172 3
      vertex 21.2492 8.80172 0
    endloop
  endfacet
  facet normal 0.803194 0.595717 0
    outer loop
      vertex 19.1238 12.7781 3
      vertex 17.7792 14.591 0
      vertex 17.7792 14.591 3
    endloop
  endfacet
  facet normal 0.803194 0.595717 0
    outer loop
      vertex 17.7792 14.591 0
      vertex 19.1238 12.7781 3
      vertex 19.1238 12.7781 0
    endloop
  endfacet
  facet normal 0.903994 -0.427545 0
    outer loop
      vertex 20.2842 -10.8421 3
      vertex 21.2492 -8.80172 0
      vertex 21.2492 -8.80172 3
    endloop
  endfacet
  facet normal 0.903994 -0.427545 0
    outer loop
      vertex 21.2492 -8.80172 0
      vertex 20.2842 -10.8421 3
      vertex 20.2842 -10.8421 0
    endloop
  endfacet
  facet normal -0.243008 -0.970024 0
    outer loop
      vertex -6.67655 -22.0096 0
      vertex -4.48708 -22.5581 3
      vertex -6.67655 -22.0096 3
    endloop
  endfacet
  facet normal -0.243008 -0.970024 -0
    outer loop
      vertex -4.48708 -22.5581 3
      vertex -6.67655 -22.0096 0
      vertex -4.48708 -22.5581 0
    endloop
  endfacet
  facet normal -0.671519 0.740988 0
    outer loop
      vertex -14.591 17.7792 0
      vertex -16.2635 16.2635 3
      vertex -14.591 17.7792 3
    endloop
  endfacet
  facet normal -0.671519 0.740988 0
    outer loop
      vertex -16.2635 16.2635 3
      vertex -14.591 17.7792 0
      vertex -16.2635 16.2635 0
    endloop
  endfacet
  facet normal -0.671519 -0.740988 0
    outer loop
      vertex -16.2635 -16.2635 0
      vertex -14.591 -17.7792 3
      vertex -16.2635 -16.2635 3
    endloop
  endfacet
  facet normal -0.671519 -0.740988 -0
    outer loop
      vertex -14.591 -17.7792 3
      vertex -16.2635 -16.2635 0
      vertex -14.591 -17.7792 0
    endloop
  endfacet
  facet normal 0.146692 0.989182 -0
    outer loop
      vertex 4.48708 22.5581 0
      vertex 2.25439 22.8892 3
      vertex 4.48708 22.5581 3
    endloop
  endfacet
  facet normal 0.146692 0.989182 0
    outer loop
      vertex 2.25439 22.8892 3
      vertex 4.48708 22.5581 0
      vertex 2.25439 22.8892 0
    endloop
  endfacet
  facet normal -0.0490893 0.998794 0
    outer loop
      vertex 0 23 0
      vertex -2.25439 22.8892 3
      vertex 0 23 3
    endloop
  endfacet
  facet normal -0.0490893 0.998794 0
    outer loop
      vertex -2.25439 22.8892 3
      vertex 0 23 0
      vertex -2.25439 22.8892 0
    endloop
  endfacet
  facet normal -0.803194 -0.595717 0
    outer loop
      vertex -17.7792 -14.591 0
      vertex -19.1238 -12.7781 3
      vertex -19.1238 -12.7781 0
    endloop
  endfacet
  facet normal -0.803194 -0.595717 0
    outer loop
      vertex -19.1238 -12.7781 3
      vertex -17.7792 -14.591 0
      vertex -17.7792 -14.591 3
    endloop
  endfacet
  facet normal -0.740988 -0.671519 0
    outer loop
      vertex -16.2635 -16.2635 0
      vertex -17.7792 -14.591 3
      vertex -17.7792 -14.591 0
    endloop
  endfacet
  facet normal -0.740988 -0.671519 0
    outer loop
      vertex -17.7792 -14.591 3
      vertex -16.2635 -16.2635 0
      vertex -16.2635 -16.2635 3
    endloop
  endfacet
  facet normal -0.970024 0.243008 0
    outer loop
      vertex -22.5581 4.48708 0
      vertex -22.0096 6.67655 3
      vertex -22.0096 6.67655 0
    endloop
  endfacet
  facet normal -0.970024 0.243008 0
    outer loop
      vertex -22.0096 6.67655 3
      vertex -22.5581 4.48708 0
      vertex -22.5581 4.48708 3
    endloop
  endfacet
  facet normal -0.970024 -0.243008 0
    outer loop
      vertex -22.0096 -6.67655 0
      vertex -22.5581 -4.48708 3
      vertex -22.5581 -4.48708 0
    endloop
  endfacet
  facet normal -0.970024 -0.243008 0
    outer loop
      vertex -22.5581 -4.48708 3
      vertex -22.0096 -6.67655 0
      vertex -22.0096 -6.67655 3
    endloop
  endfacet
  facet normal 0.740988 0.671519 0
    outer loop
      vertex 17.7792 14.591 3
      vertex 16.2635 16.2635 0
      vertex 16.2635 16.2635 3
    endloop
  endfacet
  facet normal 0.740988 0.671519 0
    outer loop
      vertex 16.2635 16.2635 0
      vertex 17.7792 14.591 3
      vertex 17.7792 14.591 0
    endloop
  endfacet
  facet normal 0.857727 -0.514105 0
    outer loop
      vertex 19.1238 -12.7781 3
      vertex 20.2842 -10.8421 0
      vertex 20.2842 -10.8421 3
    endloop
  endfacet
  facet normal 0.857727 -0.514105 0
    outer loop
      vertex 20.2842 -10.8421 0
      vertex 19.1238 -12.7781 3
      vertex 19.1238 -12.7781 0
    endloop
  endfacet
  facet normal -0.0490893 -0.998794 0
    outer loop
      vertex -2.25439 -22.8892 0
      vertex 0 -23 3
      vertex -2.25439 -22.8892 3
    endloop
  endfacet
  facet normal -0.0490893 -0.998794 -0
    outer loop
      vertex 0 -23 3
      vertex -2.25439 -22.8892 0
      vertex 0 -23 0
    endloop
  endfacet
  facet normal -0.903994 -0.427545 0
    outer loop
      vertex -20.2842 -10.8421 0
      vertex -21.2492 -8.80172 3
      vertex -21.2492 -8.80172 0
    endloop
  endfacet
  facet normal -0.903994 -0.427545 0
    outer loop
      vertex -21.2492 -8.80172 3
      vertex -20.2842 -10.8421 0
      vertex -20.2842 -10.8421 3
    endloop
  endfacet
  facet normal 0.941544 -0.336891 0
    outer loop
      vertex 21.2492 -8.80172 3
      vertex 22.0096 -6.67655 0
      vertex 22.0096 -6.67655 3
    endloop
  endfacet
  facet normal 0.941544 -0.336891 0
    outer loop
      vertex 22.0096 -6.67655 0
      vertex 21.2492 -8.80172 3
      vertex 21.2492 -8.80172 0
    endloop
  endfacet
  facet normal -0.426253 -0.904604 0
    outer loop
      vertex -8.80363 -21.2483 0
      vertex -8.80172 -21.2492 3
      vertex -8.80363 -21.2483 3
    endloop
  endfacet
  facet normal -0.426253 -0.904604 -0
    outer loop
      vertex -8.80172 -21.2492 3
      vertex -8.80363 -21.2483 0
      vertex -8.80172 -21.2492 0
    endloop
  endfacet
  facet normal 0.740988 -0.671519 0
    outer loop
      vertex 16.2635 -16.2635 3
      vertex 17.7792 -14.591 0
      vertex 17.7792 -14.591 3
    endloop
  endfacet
  facet normal 0.740988 -0.671519 0
    outer loop
      vertex 17.7792 -14.591 0
      vertex 16.2635 -16.2635 3
      vertex 16.2635 -16.2635 0
    endloop
  endfacet
  facet normal 0.671519 -0.740988 0
    outer loop
      vertex 14.591 -17.7792 0
      vertex 16.2635 -16.2635 3
      vertex 14.591 -17.7792 3
    endloop
  endfacet
  facet normal 0.671519 -0.740988 0
    outer loop
      vertex 16.2635 -16.2635 3
      vertex 14.591 -17.7792 0
      vertex 16.2635 -16.2635 0
    endloop
  endfacet
  facet normal 0.941547 -0.336882 0
    outer loop
      vertex 2.77164 -1.14805 6
      vertex 2.87082 -0.870853 3
      vertex 2.87082 -0.870853 6
    endloop
  endfacet
  facet normal 0.941547 -0.336882 0
    outer loop
      vertex 2.87082 -0.870853 3
      vertex 2.77164 -1.14805 6
      vertex 2.77164 -1.14805 3
    endloop
  endfacet
  facet normal 0.803204 0.595703 0
    outer loop
      vertex 2.49441 1.66671 6
      vertex 2.31903 1.90318 3
      vertex 2.31903 1.90318 6
    endloop
  endfacet
  facet normal 0.803204 0.595703 0
    outer loop
      vertex 2.31903 1.90318 3
      vertex 2.49441 1.66671 6
      vertex 2.49441 1.66671 3
    endloop
  endfacet
  facet normal -0.740952 -0.671558 0
    outer loop
      vertex -2.12132 -2.12132 3
      vertex -2.31903 -1.90318 6
      vertex -2.31903 -1.90318 3
    endloop
  endfacet
  facet normal -0.740952 -0.671558 0
    outer loop
      vertex -2.31903 -1.90318 6
      vertex -2.12132 -2.12132 3
      vertex -2.12132 -2.12132 6
    endloop
  endfacet
  facet normal 0.989181 0.146703 0
    outer loop
      vertex 2.98555 0.294051 6
      vertex 2.94236 0.585271 3
      vertex 2.94236 0.585271 6
    endloop
  endfacet
  facet normal 0.989181 0.146703 0
    outer loop
      vertex 2.94236 0.585271 3
      vertex 2.98555 0.294051 6
      vertex 2.98555 0.294051 3
    endloop
  endfacet
  facet normal 0.671558 0.740952 -0
    outer loop
      vertex 2.12132 2.12132 3
      vertex 1.90318 2.31903 6
      vertex 2.12132 2.12132 6
    endloop
  endfacet
  facet normal 0.671558 0.740952 0
    outer loop
      vertex 1.90318 2.31903 6
      vertex 2.12132 2.12132 3
      vertex 1.90318 2.31903 3
    endloop
  endfacet
  facet normal -0.671558 0.740952 0
    outer loop
      vertex -1.90318 2.31903 3
      vertex -2.12132 2.12132 6
      vertex -1.90318 2.31903 6
    endloop
  endfacet
  facet normal -0.671558 0.740952 0
    outer loop
      vertex -2.12132 2.12132 6
      vertex -1.90318 2.31903 3
      vertex -2.12132 2.12132 3
    endloop
  endfacet
  facet normal 0.242998 -0.970027 0
    outer loop
      vertex 0.585271 -2.94236 3
      vertex 0.870853 -2.87082 6
      vertex 0.585271 -2.94236 6
    endloop
  endfacet
  facet normal 0.242998 -0.970027 0
    outer loop
      vertex 0.870853 -2.87082 6
      vertex 0.585271 -2.94236 3
      vertex 0.870853 -2.87082 3
    endloop
  endfacet
  facet normal 0.514091 0.857736 -0
    outer loop
      vertex 1.66671 2.49441 3
      vertex 1.41419 2.64576 6
      vertex 1.66671 2.49441 6
    endloop
  endfacet
  facet normal 0.514091 0.857736 0
    outer loop
      vertex 1.41419 2.64576 6
      vertex 1.66671 2.49441 3
      vertex 1.41419 2.64576 3
    endloop
  endfacet
  facet normal -0.336882 0.941547 0
    outer loop
      vertex -0.870853 2.87082 3
      vertex -1.14805 2.77164 6
      vertex -0.870853 2.87082 6
    endloop
  endfacet
  facet normal -0.336882 0.941547 0
    outer loop
      vertex -1.14805 2.77164 6
      vertex -0.870853 2.87082 3
      vertex -1.14805 2.77164 3
    endloop
  endfacet
  facet normal 0.514091 -0.857736 0
    outer loop
      vertex 1.41419 -2.64576 3
      vertex 1.66671 -2.49441 6
      vertex 1.41419 -2.64576 6
    endloop
  endfacet
  facet normal 0.514091 -0.857736 0
    outer loop
      vertex 1.66671 -2.49441 6
      vertex 1.41419 -2.64576 3
      vertex 1.66671 -2.49441 3
    endloop
  endfacet
  facet normal 0.740952 -0.671558 0
    outer loop
      vertex 2.12132 -2.12132 6
      vertex 2.31903 -1.90318 3
      vertex 2.31903 -1.90318 6
    endloop
  endfacet
  facet normal 0.740952 -0.671558 0
    outer loop
      vertex 2.31903 -1.90318 3
      vertex 2.12132 -2.12132 6
      vertex 2.12132 -2.12132 3
    endloop
  endfacet
  facet normal -0.514091 0.857736 0
    outer loop
      vertex -1.41419 2.64576 3
      vertex -1.66671 2.49441 6
      vertex -1.41419 2.64576 6
    endloop
  endfacet
  facet normal -0.514091 0.857736 0
    outer loop
      vertex -1.66671 2.49441 6
      vertex -1.41419 2.64576 3
      vertex -1.66671 2.49441 3
    endloop
  endfacet
  facet normal 0.989181 -0.146703 0
    outer loop
      vertex 2.94236 -0.585271 6
      vertex 2.98555 -0.294051 3
      vertex 2.98555 -0.294051 6
    endloop
  endfacet
  facet normal 0.989181 -0.146703 0
    outer loop
      vertex 2.98555 -0.294051 3
      vertex 2.94236 -0.585271 6
      vertex 2.94236 -0.585271 3
    endloop
  endfacet
  facet normal 0.146703 -0.989181 0
    outer loop
      vertex 0.294051 -2.98555 3
      vertex 0.585271 -2.94236 6
      vertex 0.294051 -2.98555 6
    endloop
  endfacet
  facet normal 0.146703 -0.989181 0
    outer loop
      vertex 0.585271 -2.94236 6
      vertex 0.294051 -2.98555 3
      vertex 0.585271 -2.94236 3
    endloop
  endfacet
  facet normal -0.242998 0.970027 0
    outer loop
      vertex -0.585271 2.94236 3
      vertex -0.870853 2.87082 6
      vertex -0.585271 2.94236 6
    endloop
  endfacet
  facet normal -0.242998 0.970027 0
    outer loop
      vertex -0.870853 2.87082 6
      vertex -0.585271 2.94236 3
      vertex -0.870853 2.87082 3
    endloop
  endfacet
  facet normal -0.595703 0.803204 0
    outer loop
      vertex -1.66671 2.49441 3
      vertex -1.90318 2.31903 6
      vertex -1.66671 2.49441 6
    endloop
  endfacet
  facet normal -0.595703 0.803204 0
    outer loop
      vertex -1.90318 2.31903 6
      vertex -1.66671 2.49441 3
      vertex -1.90318 2.31903 3
    endloop
  endfacet
  facet normal 0.336882 0.941547 -0
    outer loop
      vertex 1.14805 2.77164 3
      vertex 0.870853 2.87082 6
      vertex 1.14805 2.77164 6
    endloop
  endfacet
  facet normal 0.336882 0.941547 0
    outer loop
      vertex 0.870853 2.87082 6
      vertex 1.14805 2.77164 3
      vertex 0.870853 2.87082 3
    endloop
  endfacet
  facet normal -0.427569 -0.903983 0
    outer loop
      vertex -1.41419 -2.64576 3
      vertex -1.14805 -2.77164 6
      vertex -1.41419 -2.64576 6
    endloop
  endfacet
  facet normal -0.427569 -0.903983 -0
    outer loop
      vertex -1.14805 -2.77164 6
      vertex -1.41419 -2.64576 3
      vertex -1.14805 -2.77164 3
    endloop
  endfacet
  facet normal -0.595703 -0.803204 0
    outer loop
      vertex -1.90318 -2.31903 3
      vertex -1.66671 -2.49441 6
      vertex -1.90318 -2.31903 6
    endloop
  endfacet
  facet normal -0.595703 -0.803204 -0
    outer loop
      vertex -1.66671 -2.49441 6
      vertex -1.90318 -2.31903 3
      vertex -1.66671 -2.49441 3
    endloop
  endfacet
  facet normal 0.998795 0.0490819 0
    outer loop
      vertex 3 0 6
      vertex 2.98555 0.294051 3
      vertex 2.98555 0.294051 6
    endloop
  endfacet
  facet normal 0.998795 0.0490819 0
    outer loop
      vertex 2.98555 0.294051 3
      vertex 3 0 6
      vertex 3 0 3
    endloop
  endfacet
  facet normal -0.970027 -0.242998 0
    outer loop
      vertex -2.87082 -0.870853 3
      vertex -2.94236 -0.585271 6
      vertex -2.94236 -0.585271 3
    endloop
  endfacet
  facet normal -0.970027 -0.242998 0
    outer loop
      vertex -2.94236 -0.585271 6
      vertex -2.87082 -0.870853 3
      vertex -2.87082 -0.870853 6
    endloop
  endfacet
  facet normal -0.903983 -0.427569 0
    outer loop
      vertex -2.64576 -1.41419 3
      vertex -2.77164 -1.14805 6
      vertex -2.77164 -1.14805 3
    endloop
  endfacet
  facet normal -0.903983 -0.427569 0
    outer loop
      vertex -2.77164 -1.14805 6
      vertex -2.64576 -1.41419 3
      vertex -2.64576 -1.41419 6
    endloop
  endfacet
  facet normal -0.146703 0.989181 0
    outer loop
      vertex -0.294051 2.98555 3
      vertex -0.585271 2.94236 6
      vertex -0.294051 2.98555 6
    endloop
  endfacet
  facet normal -0.146703 0.989181 0
    outer loop
      vertex -0.585271 2.94236 6
      vertex -0.294051 2.98555 3
      vertex -0.585271 2.94236 3
    endloop
  endfacet
  facet normal -0.0490819 0.998795 0
    outer loop
      vertex 0 3 3
      vertex -0.294051 2.98555 6
      vertex 0 3 6
    endloop
  endfacet
  facet normal -0.0490819 0.998795 0
    outer loop
      vertex -0.294051 2.98555 6
      vertex 0 3 3
      vertex -0.294051 2.98555 3
    endloop
  endfacet
  facet normal -0.242998 -0.970027 0
    outer loop
      vertex -0.870853 -2.87082 3
      vertex -0.585271 -2.94236 6
      vertex -0.870853 -2.87082 6
    endloop
  endfacet
  facet normal -0.242998 -0.970027 -0
    outer loop
      vertex -0.585271 -2.94236 6
      vertex -0.870853 -2.87082 3
      vertex -0.585271 -2.94236 3
    endloop
  endfacet
  facet normal 0.903983 0.427569 0
    outer loop
      vertex 2.77164 1.14805 6
      vertex 2.64576 1.41419 3
      vertex 2.64576 1.41419 6
    endloop
  endfacet
  facet normal 0.903983 0.427569 0
    outer loop
      vertex 2.64576 1.41419 3
      vertex 2.77164 1.14805 6
      vertex 2.77164 1.14805 3
    endloop
  endfacet
  facet normal 0.998795 -0.0490819 0
    outer loop
      vertex 2.98555 -0.294051 6
      vertex 3 0 3
      vertex 3 0 6
    endloop
  endfacet
  facet normal 0.998795 -0.0490819 0
    outer loop
      vertex 3 0 3
      vertex 2.98555 -0.294051 6
      vertex 2.98555 -0.294051 3
    endloop
  endfacet
  facet normal 0.857736 0.514091 0
    outer loop
      vertex 2.64576 1.41419 6
      vertex 2.49441 1.66671 3
      vertex 2.49441 1.66671 6
    endloop
  endfacet
  facet normal 0.857736 0.514091 0
    outer loop
      vertex 2.49441 1.66671 3
      vertex 2.64576 1.41419 6
      vertex 2.64576 1.41419 3
    endloop
  endfacet
  facet normal 0.970027 0.242998 0
    outer loop
      vertex 2.94236 0.585271 6
      vertex 2.87082 0.870853 3
      vertex 2.87082 0.870853 6
    endloop
  endfacet
  facet normal 0.970027 0.242998 0
    outer loop
      vertex 2.87082 0.870853 3
      vertex 2.94236 0.585271 6
      vertex 2.94236 0.585271 3
    endloop
  endfacet
  facet normal -0.989181 0.146703 0
    outer loop
      vertex -2.98555 0.294051 3
      vertex -2.94236 0.585271 6
      vertex -2.94236 0.585271 3
    endloop
  endfacet
  facet normal -0.989181 0.146703 0
    outer loop
      vertex -2.94236 0.585271 6
      vertex -2.98555 0.294051 3
      vertex -2.98555 0.294051 6
    endloop
  endfacet
  facet normal 0.740952 0.671558 0
    outer loop
      vertex 2.31903 1.90318 6
      vertex 2.12132 2.12132 3
      vertex 2.12132 2.12132 6
    endloop
  endfacet
  facet normal 0.740952 0.671558 0
    outer loop
      vertex 2.12132 2.12132 3
      vertex 2.31903 1.90318 6
      vertex 2.31903 1.90318 3
    endloop
  endfacet
  facet normal 0.0490819 -0.998795 0
    outer loop
      vertex 0 -3 3
      vertex 0.294051 -2.98555 6
      vertex 0 -3 6
    endloop
  endfacet
  facet normal 0.0490819 -0.998795 0
    outer loop
      vertex 0.294051 -2.98555 6
      vertex 0 -3 3
      vertex 0.294051 -2.98555 3
    endloop
  endfacet
  facet normal -0.857736 -0.514091 0
    outer loop
      vertex -2.49441 -1.66671 3
      vertex -2.64576 -1.41419 6
      vertex -2.64576 -1.41419 3
    endloop
  endfacet
  facet normal -0.857736 -0.514091 0
    outer loop
      vertex -2.64576 -1.41419 6
      vertex -2.49441 -1.66671 3
      vertex -2.49441 -1.66671 6
    endloop
  endfacet
  facet normal -0.970027 0.242998 0
    outer loop
      vertex -2.94236 0.585271 3
      vertex -2.87082 0.870853 6
      vertex -2.87082 0.870853 3
    endloop
  endfacet
  facet normal -0.970027 0.242998 0
    outer loop
      vertex -2.87082 0.870853 6
      vertex -2.94236 0.585271 3
      vertex -2.94236 0.585271 6
    endloop
  endfacet
  facet normal -0.803204 -0.595703 0
    outer loop
      vertex -2.31903 -1.90318 3
      vertex -2.49441 -1.66671 6
      vertex -2.49441 -1.66671 3
    endloop
  endfacet
  facet normal -0.803204 -0.595703 0
    outer loop
      vertex -2.49441 -1.66671 6
      vertex -2.31903 -1.90318 3
      vertex -2.31903 -1.90318 6
    endloop
  endfacet
  facet normal 0.857736 -0.514091 0
    outer loop
      vertex 2.49441 -1.66671 6
      vertex 2.64576 -1.41419 3
      vertex 2.64576 -1.41419 6
    endloop
  endfacet
  facet normal 0.857736 -0.514091 0
    outer loop
      vertex 2.64576 -1.41419 3
      vertex 2.49441 -1.66671 6
      vertex 2.49441 -1.66671 3
    endloop
  endfacet
  facet normal 0.803204 -0.595703 0
    outer loop
      vertex 2.31903 -1.90318 6
      vertex 2.49441 -1.66671 3
      vertex 2.49441 -1.66671 6
    endloop
  endfacet
  facet normal 0.803204 -0.595703 0
    outer loop
      vertex 2.49441 -1.66671 3
      vertex 2.31903 -1.90318 6
      vertex 2.31903 -1.90318 3
    endloop
  endfacet
  facet normal 0.941547 0.336882 0
    outer loop
      vertex 2.87082 0.870853 6
      vertex 2.77164 1.14805 3
      vertex 2.77164 1.14805 6
    endloop
  endfacet
  facet normal 0.941547 0.336882 0
    outer loop
      vertex 2.77164 1.14805 3
      vertex 2.87082 0.870853 6
      vertex 2.87082 0.870853 3
    endloop
  endfacet
  facet normal 0.595703 -0.803204 0
    outer loop
      vertex 1.66671 -2.49441 3
      vertex 1.90318 -2.31903 6
      vertex 1.66671 -2.49441 6
    endloop
  endfacet
  facet normal 0.595703 -0.803204 0
    outer loop
      vertex 1.90318 -2.31903 6
      vertex 1.66671 -2.49441 3
      vertex 1.90318 -2.31903 3
    endloop
  endfacet
  facet normal -0.998795 -0.0490819 0
    outer loop
      vertex -2.98555 -0.294051 3
      vertex -3 0 6
      vertex -3 0 3
    endloop
  endfacet
  facet normal -0.998795 -0.0490819 0
    outer loop
      vertex -3 0 6
      vertex -2.98555 -0.294051 3
      vertex -2.98555 -0.294051 6
    endloop
  endfacet
  facet normal -0.903983 0.427569 0
    outer loop
      vertex -2.77164 1.14805 3
      vertex -2.64576 1.41419 6
      vertex -2.64576 1.41419 3
    endloop
  endfacet
  facet normal -0.903983 0.427569 0
    outer loop
      vertex -2.64576 1.41419 6
      vertex -2.77164 1.14805 3
      vertex -2.77164 1.14805 6
    endloop
  endfacet
  facet normal -0.941547 0.336882 0
    outer loop
      vertex -2.87082 0.870853 3
      vertex -2.77164 1.14805 6
      vertex -2.77164 1.14805 3
    endloop
  endfacet
  facet normal -0.941547 0.336882 0
    outer loop
      vertex -2.77164 1.14805 6
      vertex -2.87082 0.870853 3
      vertex -2.87082 0.870853 6
    endloop
  endfacet
  facet normal -0.146703 -0.989181 0
    outer loop
      vertex -0.585271 -2.94236 3
      vertex -0.294051 -2.98555 6
      vertex -0.585271 -2.94236 6
    endloop
  endfacet
  facet normal -0.146703 -0.989181 -0
    outer loop
      vertex -0.294051 -2.98555 6
      vertex -0.585271 -2.94236 3
      vertex -0.294051 -2.98555 3
    endloop
  endfacet
  facet normal 0.146703 0.989181 -0
    outer loop
      vertex 0.585271 2.94236 3
      vertex 0.294051 2.98555 6
      vertex 0.585271 2.94236 6
    endloop
  endfacet
  facet normal 0.146703 0.989181 0
    outer loop
      vertex 0.294051 2.98555 6
      vertex 0.585271 2.94236 3
      vertex 0.294051 2.98555 3
    endloop
  endfacet
  facet normal 0.0490819 0.998795 -0
    outer loop
      vertex 0.294051 2.98555 3
      vertex 0 3 6
      vertex 0.294051 2.98555 6
    endloop
  endfacet
  facet normal 0.0490819 0.998795 0
    outer loop
      vertex 0 3 6
      vertex 0.294051 2.98555 3
      vertex 0 3 3
    endloop
  endfacet
  facet normal -0.514091 -0.857736 0
    outer loop
      vertex -1.66671 -2.49441 3
      vertex -1.41419 -2.64576 6
      vertex -1.66671 -2.49441 6
    endloop
  endfacet
  facet normal -0.514091 -0.857736 -0
    outer loop
      vertex -1.41419 -2.64576 6
      vertex -1.66671 -2.49441 3
      vertex -1.41419 -2.64576 3
    endloop
  endfacet
  facet normal 0.595703 0.803204 -0
    outer loop
      vertex 1.90318 2.31903 3
      vertex 1.66671 2.49441 6
      vertex 1.90318 2.31903 6
    endloop
  endfacet
  facet normal 0.595703 0.803204 0
    outer loop
      vertex 1.66671 2.49441 6
      vertex 1.90318 2.31903 3
      vertex 1.66671 2.49441 3
    endloop
  endfacet
  facet normal 0.427569 0.903983 -0
    outer loop
      vertex 1.41419 2.64576 3
      vertex 1.14805 2.77164 6
      vertex 1.41419 2.64576 6
    endloop
  endfacet
  facet normal 0.427569 0.903983 0
    outer loop
      vertex 1.14805 2.77164 6
      vertex 1.41419 2.64576 3
      vertex 1.14805 2.77164 3
    endloop
  endfacet
  facet normal 0.903983 -0.427569 0
    outer loop
      vertex 2.64576 -1.41419 6
      vertex 2.77164 -1.14805 3
      vertex 2.77164 -1.14805 6
    endloop
  endfacet
  facet normal 0.903983 -0.427569 0
    outer loop
      vertex 2.77164 -1.14805 3
      vertex 2.64576 -1.41419 6
      vertex 2.64576 -1.41419 3
    endloop
  endfacet
  facet normal -0.0490819 -0.998795 0
    outer loop
      vertex -0.294051 -2.98555 3
      vertex 0 -3 6
      vertex -0.294051 -2.98555 6
    endloop
  endfacet
  facet normal -0.0490819 -0.998795 -0
    outer loop
      vertex 0 -3 6
      vertex -0.294051 -2.98555 3
      vertex 0 -3 3
    endloop
  endfacet
  facet normal -0.998795 0.0490819 0
    outer loop
      vertex -3 0 3
      vertex -2.98555 0.294051 6
      vertex -2.98555 0.294051 3
    endloop
  endfacet
  facet normal -0.998795 0.0490819 0
    outer loop
      vertex -2.98555 0.294051 6
      vertex -3 0 3
      vertex -3 0 6
    endloop
  endfacet
  facet normal -0.941547 -0.336882 0
    outer loop
      vertex -2.77164 -1.14805 3
      vertex -2.87082 -0.870853 6
      vertex -2.87082 -0.870853 3
    endloop
  endfacet
  facet normal -0.941547 -0.336882 0
    outer loop
      vertex -2.87082 -0.870853 6
      vertex -2.77164 -1.14805 3
      vertex -2.77164 -1.14805 6
    endloop
  endfacet
  facet normal 0.242998 0.970027 -0
    outer loop
      vertex 0.870853 2.87082 3
      vertex 0.585271 2.94236 6
      vertex 0.870853 2.87082 6
    endloop
  endfacet
  facet normal 0.242998 0.970027 0
    outer loop
      vertex 0.585271 2.94236 6
      vertex 0.870853 2.87082 3
      vertex 0.585271 2.94236 3
    endloop
  endfacet
  facet normal -0.336882 -0.941547 0
    outer loop
      vertex -1.14805 -2.77164 3
      vertex -0.870853 -2.87082 6
      vertex -1.14805 -2.77164 6
    endloop
  endfacet
  facet normal -0.336882 -0.941547 -0
    outer loop
      vertex -0.870853 -2.87082 6
      vertex -1.14805 -2.77164 3
      vertex -0.870853 -2.87082 3
    endloop
  endfacet
  facet normal 0.671558 -0.740952 0
    outer loop
      vertex 1.90318 -2.31903 3
      vertex 2.12132 -2.12132 6
      vertex 1.90318 -2.31903 6
    endloop
  endfacet
  facet normal 0.671558 -0.740952 0
    outer loop
      vertex 2.12132 -2.12132 6
      vertex 1.90318 -2.31903 3
      vertex 2.12132 -2.12132 3
    endloop
  endfacet
  facet normal 0.970027 -0.242998 0
    outer loop
      vertex 2.87082 -0.870853 6
      vertex 2.94236 -0.585271 3
      vertex 2.94236 -0.585271 6
    endloop
  endfacet
  facet normal 0.970027 -0.242998 0
    outer loop
      vertex 2.94236 -0.585271 3
      vertex 2.87082 -0.870853 6
      vertex 2.87082 -0.870853 3
    endloop
  endfacet
  facet normal -0.671558 -0.740952 0
    outer loop
      vertex -2.12132 -2.12132 3
      vertex -1.90318 -2.31903 6
      vertex -2.12132 -2.12132 6
    endloop
  endfacet
  facet normal -0.671558 -0.740952 -0
    outer loop
      vertex -1.90318 -2.31903 6
      vertex -2.12132 -2.12132 3
      vertex -1.90318 -2.31903 3
    endloop
  endfacet
  facet normal -0.989181 -0.146703 0
    outer loop
      vertex -2.94236 -0.585271 3
      vertex -2.98555 -0.294051 6
      vertex -2.98555 -0.294051 3
    endloop
  endfacet
  facet normal -0.989181 -0.146703 0
    outer loop
      vertex -2.98555 -0.294051 6
      vertex -2.94236 -0.585271 3
      vertex -2.94236 -0.585271 6
    endloop
  endfacet
  facet normal 0.336882 -0.941547 0
    outer loop
      vertex 0.870853 -2.87082 3
      vertex 1.14805 -2.77164 6
      vertex 0.870853 -2.87082 6
    endloop
  endfacet
  facet normal 0.336882 -0.941547 0
    outer loop
      vertex 1.14805 -2.77164 6
      vertex 0.870853 -2.87082 3
      vertex 1.14805 -2.77164 3
    endloop
  endfacet
  facet normal -0.803204 0.595703 0
    outer loop
      vertex -2.49441 1.66671 3
      vertex -2.31903 1.90318 6
      vertex -2.31903 1.90318 3
    endloop
  endfacet
  facet normal -0.803204 0.595703 0
    outer loop
      vertex -2.31903 1.90318 6
      vertex -2.49441 1.66671 3
      vertex -2.49441 1.66671 6
    endloop
  endfacet
  facet normal 0.427569 -0.903983 0
    outer loop
      vertex 1.14805 -2.77164 3
      vertex 1.41419 -2.64576 6
      vertex 1.14805 -2.77164 6
    endloop
  endfacet
  facet normal 0.427569 -0.903983 0
    outer loop
      vertex 1.41419 -2.64576 6
      vertex 1.14805 -2.77164 3
      vertex 1.41419 -2.64576 3
    endloop
  endfacet
  facet normal -0.740952 0.671558 0
    outer loop
      vertex -2.31903 1.90318 3
      vertex -2.12132 2.12132 6
      vertex -2.12132 2.12132 3
    endloop
  endfacet
  facet normal -0.740952 0.671558 0
    outer loop
      vertex -2.12132 2.12132 6
      vertex -2.31903 1.90318 3
      vertex -2.31903 1.90318 6
    endloop
  endfacet
  facet normal -0.427569 0.903983 0
    outer loop
      vertex -1.14805 2.77164 3
      vertex -1.41419 2.64576 6
      vertex -1.14805 2.77164 6
    endloop
  endfacet
  facet normal -0.427569 0.903983 0
    outer loop
      vertex -1.41419 2.64576 6
      vertex -1.14805 2.77164 3
      vertex -1.41419 2.64576 3
    endloop
  endfacet
  facet normal 0 0 1
    outer loop
      vertex 2.98555 0.294051 6
      vertex 2.98555 -0.294051 6
      vertex 3 0 6
    endloop
  endfacet
  facet normal 0 0 1
    outer loop
      vertex 2.94236 0.585271 6
      vertex 2.98555 -0.294051 6
      vertex 2.98555 0.294051 6
    endloop
  endfacet
  facet normal 0 0 1
    outer loop
      vertex 2.94236 0.585271 6
      vertex 2.94236 -0.585271 6
      vertex 2.98555 -0.294051 6
    endloop
  endfacet
  facet normal 0 0 1
    outer loop
      vertex 2.87082 0.870853 6
      vertex 2.94236 -0.585271 6
      vertex 2.94236 0.585271 6
    endloop
  endfacet
  facet normal 0 0 1
    outer loop
      vertex 2.87082 0.870853 6
      vertex 2.87082 -0.870853 6
      vertex 2.94236 -0.585271 6
    endloop
  endfacet
  facet normal 0 0 1
    outer loop
      vertex 2.77164 1.14805 6
      vertex 2.87082 -0.870853 6
      vertex 2.87082 0.870853 6
    endloop
  endfacet
  facet normal 0 0 1
    outer loop
      vertex 2.77164 1.14805 6
      vertex 2.77164 -1.14805 6
      vertex 2.87082 -0.870853 6
    endloop
  endfacet
  facet normal 0 0 1
    outer loop
      vertex 2.64576 1.41419 6
      vertex 2.77164 -1.14805 6
      vertex 2.77164 1.14805 6
    endloop
  endfacet
  facet normal 0 0 1
    outer loop
      vertex 2.64576 1.41419 6
      vertex 2.64576 -1.41419 6
      vertex 2.77164 -1.14805 6
    endloop
  endfacet
  facet normal 0 0 1
    outer loop
      vertex 2.49441 1.66671 6
      vertex 2.64576 -1.41419 6
      vertex 2.64576 1.41419 6
    endloop
  endfacet
  facet normal 0 0 1
    outer loop
      vertex 2.49441 1.66671 6
      vertex 2.49441 -1.66671 6
      vertex 2.64576 -1.41419 6
    endloop
  endfacet
  facet normal 0 0 1
    outer loop
      vertex 2.31903 1.90318 6
      vertex 2.49441 -1.66671 6
      vertex 2.49441 1.66671 6
    endloop
  endfacet
  facet normal 0 0 1
    outer loop
      vertex 2.31903 1.90318 6
      vertex 2.31903 -1.90318 6
      vertex 2.49441 -1.66671 6
    endloop
  endfacet
  facet normal 0 0 1
    outer loop
      vertex 2.12132 2.12132 6
      vertex 2.31903 -1.90318 6
      vertex 2.31903 1.90318 6
    endloop
  endfacet
  facet normal 0 0 1
    outer loop
      vertex 2.12132 2.12132 6
      vertex 2.12132 -2.12132 6
      vertex 2.31903 -1.90318 6
    endloop
  endfacet
  facet normal 0 0 1
    outer loop
      vertex 1.90318 2.31903 6
      vertex 2.12132 -2.12132 6
      vertex 2.12132 2.12132 6
    endloop
  endfacet
  facet normal 0 0 1
    outer loop
      vertex 1.90318 2.31903 6
      vertex 1.90318 -2.31903 6
      vertex 2.12132 -2.12132 6
    endloop
  endfacet
  facet normal 0 0 1
    outer loop
      vertex 1.66671 2.49441 6
      vertex 1.90318 -2.31903 6
      vertex 1.90318 2.31903 6
    endloop
  endfacet
  facet normal 0 0 1
    outer loop
      vertex 1.66671 2.49441 6
      vertex 1.66671 -2.49441 6
      vertex 1.90318 -2.31903 6
    endloop
  endfacet
  facet normal 0 0 1
    outer loop
      vertex 1.41419 2.64576 6
      vertex 1.66671 -2.49441 6
      vertex 1.66671 2.49441 6
    endloop
  endfacet
  facet normal 0 0 1
    outer loop
      vertex 1.41419 2.64576 6
      vertex 1.41419 -2.64576 6
      vertex 1.66671 -2.49441 6
    endloop
  endfacet
  facet normal 0 0 1
    outer loop
      vertex 1.14805 2.77164 6
      vertex 1.41419 -2.64576 6
      vertex 1.41419 2.64576 6
    endloop
  endfacet
  facet normal 0 0 1
    outer loop
      vertex 1.14805 2.77164 6
      vertex 1.14805 -2.77164 6
      vertex 1.41419 -2.64576 6
    endloop
  endfacet
  facet normal 0 0 1
    outer loop
      vertex 0.870853 2.87082 6
      vertex 1.14805 -2.77164 6
      vertex 1.14805 2.77164 6
    endloop
  endfacet
  facet normal 0 0 1
    outer loop
      vertex 0.870853 2.87082 6
      vertex 0.870853 -2.87082 6
      vertex 1.14805 -2.77164 6
    endloop
  endfacet
  facet normal 0 0 1
    outer loop
      vertex 0.585271 2.94236 6
      vertex 0.870853 -2.87082 6
      vertex 0.870853 2.87082 6
    endloop
  endfacet
  facet normal 0 0 1
    outer loop
      vertex 0.585271 2.94236 6
      vertex 0.585271 -2.94236 6
      vertex 0.870853 -2.87082 6
    endloop
  endfacet
  facet normal 0 0 1
    outer loop
      vertex 0.294051 2.98555 6
      vertex 0.585271 -2.94236 6
      vertex 0.585271 2.94236 6
    endloop
  endfacet
  facet normal 0 0 1
    outer loop
      vertex 0.294051 2.98555 6
      vertex 0.294051 -2.98555 6
      vertex 0.585271 -2.94236 6
    endloop
  endfacet
  facet normal 0 0 1
    outer loop
      vertex 0 3 6
      vertex 0.294051 -2.98555 6
      vertex 0.294051 2.98555 6
    endloop
  endfacet
  facet normal 0 0 1
    outer loop
      vertex 0 3 6
      vertex 0 -3 6
      vertex 0.294051 -2.98555 6
    endloop
  endfacet
  facet normal -0 0 1
    outer loop
      vertex -0.294051 2.98555 6
      vertex 0 -3 6
      vertex 0 3 6
    endloop
  endfacet
  facet normal 0 0 1
    outer loop
      vertex -0.294051 2.98555 6
      vertex -0.294051 -2.98555 6
      vertex 0 -3 6
    endloop
  endfacet
  facet normal -0 0 1
    outer loop
      vertex -0.585271 2.94236 6
      vertex -0.294051 -2.98555 6
      vertex -0.294051 2.98555 6
    endloop
  endfacet
  facet normal 0 0 1
    outer loop
      vertex -0.585271 2.94236 6
      vertex -0.585271 -2.94236 6
      vertex -0.294051 -2.98555 6
    endloop
  endfacet
  facet normal -0 0 1
    outer loop
      vertex -0.870853 2.87082 6
      vertex -0.585271 -2.94236 6
      vertex -0.585271 2.94236 6
    endloop
  endfacet
  facet normal 0 0 1
    outer loop
      vertex -0.870853 2.87082 6
      vertex -0.870853 -2.87082 6
      vertex -0.585271 -2.94236 6
    endloop
  endfacet
  facet normal -0 0 1
    outer loop
      vertex -1.14805 2.77164 6
      vertex -0.870853 -2.87082 6
      vertex -0.870853 2.87082 6
    endloop
  endfacet
  facet normal 0 0 1
    outer loop
      vertex -1.14805 2.77164 6
      vertex -1.14805 -2.77164 6
      vertex -0.870853 -2.87082 6
    endloop
  endfacet
  facet normal -0 0 1
    outer loop
      vertex -1.41419 2.64576 6
      vertex -1.14805 -2.77164 6
      vertex -1.14805 2.77164 6
    endloop
  endfacet
  facet normal 0 0 1
    outer loop
      vertex -1.41419 2.64576 6
      vertex -1.41419 -2.64576 6
      vertex -1.14805 -2.77164 6
    endloop
  endfacet
  facet normal -0 0 1
    outer loop
      vertex -1.66671 2.49441 6
      vertex -1.41419 -2.64576 6
      vertex -1.41419 2.64576 6
    endloop
  endfacet
  facet normal 0 0 1
    outer loop
      vertex -1.66671 2.49441 6
      vertex -1.66671 -2.49441 6
      vertex -1.41419 -2.64576 6
    endloop
  endfacet
  facet normal -0 0 1
    outer loop
      vertex -1.90318 2.31903 6
      vertex -1.66671 -2.49441 6
      vertex -1.66671 2.49441 6
    endloop
  endfacet
  facet normal 0 0 1
    outer loop
      vertex -1.90318 2.31903 6
      vertex -1.90318 -2.31903 6
      vertex -1.66671 -2.49441 6
    endloop
  endfacet
  facet normal -0 0 1
    outer loop
      vertex -2.12132 2.12132 6
      vertex -1.90318 -2.31903 6
      vertex -1.90318 2.31903 6
    endloop
  endfacet
  facet normal 0 0 1
    outer loop
      vertex -2.12132 2.12132 6
      vertex -2.12132 -2.12132 6
      vertex -1.90318 -2.31903 6
    endloop
  endfacet
  facet normal -0 0 1
    outer loop
      vertex -2.31903 1.90318 6
      vertex -2.12132 -2.12132 6
      vertex -2.12132 2.12132 6
    endloop
  endfacet
  facet normal 0 0 1
    outer loop
      vertex -2.31903 1.90318 6
      vertex -2.31903 -1.90318 6
      vertex -2.12132 -2.12132 6
    endloop
  endfacet
  facet normal -0 0 1
    outer loop
      vertex -2.49441 1.66671 6
      vertex -2.31903 -1.90318 6
      vertex -2.31903 1.90318 6
    endloop
  endfacet
  facet normal 0 0 1
    outer loop
      vertex -2.49441 1.66671 6
      vertex -2.49441 -1.66671 6
      vertex -2.31903 -1.90318 6
    endloop
  endfacet
  facet normal -0 0 1
    outer loop
      vertex -2.64576 1.41419 6
      vertex -2.49441 -1.66671 6
      vertex -2.49441 1.66671 6
    endloop
  endfacet
  facet normal 0 0 1
    outer loop
      vertex -2.64576 1.41419 6
      vertex -2.64576 -1.41419 6
      vertex -2.49441 -1.66671 6
    endloop
  endfacet
  facet normal -0 0 1
    outer loop
      vertex -2.77164 1.14805 6
      vertex -2.64576 -1.41419 6
      vertex -2.64576 1.41419 6
    endloop
  endfacet
  facet normal 0 0 1
    outer loop
      vertex -2.77164 1.14805 6
      vertex -2.77164 -1.14805 6
      vertex -2.64576 -1.41419 6
    endloop
  endfacet
  facet normal -0 0 1
    outer loop
      vertex -2.87082 0.870853 6
      vertex -2.77164 -1.14805 6
      vertex -2.77164 1.14805 6
    endloop
  endfacet
  facet normal 0 0 1
    outer loop
      vertex -2.87082 0.870853 6
      vertex -2.87082 -0.870853 6
      vertex -2.77164 -1.14805 6
    endloop
  endfacet
  facet normal -0 0 1
    outer loop
      vertex -2.94236 0.585271 6
      vertex -2.87082 -0.870853 6
      vertex -2.87082 0.870853 6
    endloop
  endfacet
  facet normal 0 0 1
    outer loop
      vertex -2.94236 0.585271 6
      vertex -2.94236 -0.585271 6
      vertex -2.87082 -0.870853 6
    endloop
  endfacet
  facet normal -0 0 1
    outer loop
      vertex -2.98555 0.294051 6
      vertex -2.94236 -0.585271 6
      vertex -2.94236 0.585271 6
    endloop
  endfacet
  facet normal 0 0 1
    outer loop
      vertex -2.98555 0.294051 6
      vertex -2.98555 -0.294051 6
      vertex -2.94236 -0.585271 6
    endloop
  endfacet
  facet normal 0 -0 1
    outer loop
      vertex -2.98555 -0.294051 6
      vertex -2.98555 0.294051 6
      vertex -3 0 6
    endloop
  endfacet
  facet normal -0.857736 0.514091 0
    outer loop
      vertex -2.64576 1.41419 3
      vertex -2.49441 1.66671 6
      vertex -2.49441 1.66671 3
    endloop
  endfacet
  facet normal -0.857736 0.514091 0
    outer loop
      vertex -2.49441 1.66671 6
      vertex -2.64576 1.41419 3
      vertex -2.64576 1.41419 6
    endloop
  endfacet
endsolid OpenSCAD_Model
