solid OpenSCAD_Model
  facet normal -0.980732 0.195359 0
    outer loop
      vertex 57.1733 -0.582342 2.6
      vertex 57.2308 -0.293683 4
      vertex 57.2308 -0.293683 2.6
    endloop
  endfacet
  facet normal -0.980732 0.195359 0
    outer loop
      vertex 57.2308 -0.293683 4
      vertex 57.1733 -0.582342 2.6
      vertex 57.1733 -0.582342 4
    endloop
  endfacet
  facet normal -0.99787 0.0652373 0
    outer loop
      vertex 57.2308 -0.293683 2.6
      vertex 57.25 0 4
      vertex 57.25 0 2.6
    endloop
  endfacet
  facet normal -0.99787 0.0652373 0
    outer loop
      vertex 57.25 0 4
      vertex 57.2308 -0.293683 2.6
      vertex 57.2308 -0.293683 4
    endloop
  endfacet
  facet normal -0.946934 0.321427 0
    outer loop
      vertex 57.0787 -0.861037 2.6
      vertex 57.1733 -0.582342 4
      vertex 57.1733 -0.582342 2.6
    endloop
  endfacet
  facet normal -0.946934 0.321427 0
    outer loop
      vertex 57.1733 -0.582342 4
      vertex 57.0787 -0.861037 2.6
      vertex 57.0787 -0.861037 4
    endloop
  endfacet
  facet normal -0.831328 0.555782 0
    outer loop
      vertex 56.785 -1.36971 2.6
      vertex 56.9486 -1.125 4
      vertex 56.9486 -1.125 2.6
    endloop
  endfacet
  facet normal -0.831328 0.555782 0
    outer loop
      vertex 56.9486 -1.125 4
      vertex 56.785 -1.36971 2.6
      vertex 56.785 -1.36971 4
    endloop
  endfacet
  facet normal 0.659298 -0.751882 0
    outer loop
      vertex 53.409 1.59099 2.6
      vertex 53.6303 1.78504 4
      vertex 53.409 1.59099 4
    endloop
  endfacet
  facet normal 0.659298 -0.751882 0
    outer loop
      vertex 53.6303 1.78504 4
      vertex 53.409 1.59099 2.6
      vertex 53.6303 1.78504 2.6
    endloop
  endfacet
  facet normal -0.751936 -0.659236 0
    outer loop
      vertex 56.785 1.36971 2.6
      vertex 56.591 1.59099 4
      vertex 56.591 1.59099 2.6
    endloop
  endfacet
  facet normal -0.751936 -0.659236 0
    outer loop
      vertex 56.591 1.59099 4
      vertex 56.785 1.36971 2.6
      vertex 56.785 1.36971 4
    endloop
  endfacet
  facet normal -0.659298 0.751882 0
    outer loop
      vertex 56.591 -1.59099 2.6
      vertex 56.3697 -1.78504 4
      vertex 56.591 -1.59099 4
    endloop
  endfacet
  facet normal -0.659298 0.751882 0
    outer loop
      vertex 56.3697 -1.78504 4
      vertex 56.591 -1.59099 2.6
      vertex 56.3697 -1.78504 2.6
    endloop
  endfacet
  facet normal 0.442233 0.8969 -0
    outer loop
      vertex 54.139 -2.07873 2.6
      vertex 53.875 -1.94856 4
      vertex 54.139 -2.07873 4
    endloop
  endfacet
  facet normal 0.442233 0.8969 0
    outer loop
      vertex 53.875 -1.94856 4
      vertex 54.139 -2.07873 2.6
      vertex 53.875 -1.94856 2.6
    endloop
  endfacet
  facet normal -0.442233 0.8969 0
    outer loop
      vertex 56.125 -1.94856 2.6
      vertex 55.861 -2.07873 4
      vertex 56.125 -1.94856 4
    endloop
  endfacet
  facet normal -0.442233 0.8969 0
    outer loop
      vertex 55.861 -2.07873 4
      vertex 56.125 -1.94856 2.6
      vertex 55.861 -2.07873 2.6
    endloop
  endfacet
  facet normal -0.89697 -0.442091 0
    outer loop
      vertex 57.0787 0.861037 2.6
      vertex 56.9486 1.125 4
      vertex 56.9486 1.125 2.6
    endloop
  endfacet
  facet normal -0.89697 -0.442091 0
    outer loop
      vertex 56.9486 1.125 4
      vertex 57.0787 0.861037 2.6
      vertex 57.0787 0.861037 4
    endloop
  endfacet
  facet normal -0.321421 -0.946936 0
    outer loop
      vertex 55.5823 2.17333 2.6
      vertex 55.861 2.07873 4
      vertex 55.5823 2.17333 4
    endloop
  endfacet
  facet normal -0.321421 -0.946936 -0
    outer loop
      vertex 55.861 2.07873 4
      vertex 55.5823 2.17333 2.6
      vertex 55.861 2.07873 2.6
    endloop
  endfacet
  facet normal -0.89697 0.442091 0
    outer loop
      vertex 56.9486 -1.125 2.6
      vertex 57.0787 -0.861037 4
      vertex 57.0787 -0.861037 2.6
    endloop
  endfacet
  facet normal -0.89697 0.442091 0
    outer loop
      vertex 57.0787 -0.861037 4
      vertex 56.9486 -1.125 2.6
      vertex 56.9486 -1.125 4
    endloop
  endfacet
  facet normal 0.89697 0.442091 0
    outer loop
      vertex 53.0514 -1.125 4
      vertex 52.9213 -0.861037 2.6
      vertex 52.9213 -0.861037 4
    endloop
  endfacet
  facet normal 0.89697 0.442091 0
    outer loop
      vertex 52.9213 -0.861037 2.6
      vertex 53.0514 -1.125 4
      vertex 53.0514 -1.125 2.6
    endloop
  endfacet
  facet normal -0.751936 0.659236 0
    outer loop
      vertex 56.591 -1.59099 2.6
      vertex 56.785 -1.36971 4
      vertex 56.785 -1.36971 2.6
    endloop
  endfacet
  facet normal -0.751936 0.659236 0
    outer loop
      vertex 56.785 -1.36971 4
      vertex 56.591 -1.59099 2.6
      vertex 56.591 -1.59099 4
    endloop
  endfacet
  facet normal -0.980732 -0.195359 0
    outer loop
      vertex 57.2308 0.293683 2.6
      vertex 57.1733 0.582342 4
      vertex 57.1733 0.582342 2.6
    endloop
  endfacet
  facet normal -0.980732 -0.195359 0
    outer loop
      vertex 57.1733 0.582342 4
      vertex 57.2308 0.293683 2.6
      vertex 57.2308 0.293683 4
    endloop
  endfacet
  facet normal -0.99787 -0.0652373 0
    outer loop
      vertex 57.25 0 2.6
      vertex 57.2308 0.293683 4
      vertex 57.2308 0.293683 2.6
    endloop
  endfacet
  facet normal -0.99787 -0.0652373 0
    outer loop
      vertex 57.2308 0.293683 4
      vertex 57.25 0 2.6
      vertex 57.25 0 4
    endloop
  endfacet
  facet normal 0.555609 -0.831443 0
    outer loop
      vertex 53.6303 1.78504 2.6
      vertex 53.875 1.94856 4
      vertex 53.6303 1.78504 4
    endloop
  endfacet
  facet normal 0.555609 -0.831443 0
    outer loop
      vertex 53.875 1.94856 4
      vertex 53.6303 1.78504 2.6
      vertex 53.875 1.94856 2.6
    endloop
  endfacet
  facet normal 0.946934 -0.321427 0
    outer loop
      vertex 52.8267 0.582342 4
      vertex 52.9213 0.861037 2.6
      vertex 52.9213 0.861037 4
    endloop
  endfacet
  facet normal 0.946934 -0.321427 0
    outer loop
      vertex 52.9213 0.861037 2.6
      vertex 52.8267 0.582342 4
      vertex 52.8267 0.582342 2.6
    endloop
  endfacet
  facet normal 0.99787 -0.0652373 0
    outer loop
      vertex 52.75 0 4
      vertex 52.7692 0.293683 2.6
      vertex 52.7692 0.293683 4
    endloop
  endfacet
  facet normal 0.99787 -0.0652373 0
    outer loop
      vertex 52.7692 0.293683 2.6
      vertex 52.75 0 4
      vertex 52.75 0 2.6
    endloop
  endfacet
  facet normal 0.751936 -0.659236 0
    outer loop
      vertex 53.215 1.36971 4
      vertex 53.409 1.59099 2.6
      vertex 53.409 1.59099 4
    endloop
  endfacet
  facet normal 0.751936 -0.659236 0
    outer loop
      vertex 53.409 1.59099 2.6
      vertex 53.215 1.36971 4
      vertex 53.215 1.36971 2.6
    endloop
  endfacet
  facet normal 0.321421 0.946936 -0
    outer loop
      vertex 54.4177 -2.17333 2.6
      vertex 54.139 -2.07873 4
      vertex 54.4177 -2.17333 4
    endloop
  endfacet
  facet normal 0.321421 0.946936 0
    outer loop
      vertex 54.139 -2.07873 4
      vertex 54.4177 -2.17333 2.6
      vertex 54.139 -2.07873 2.6
    endloop
  endfacet
  facet normal -0.659298 -0.751882 0
    outer loop
      vertex 56.3697 1.78504 2.6
      vertex 56.591 1.59099 4
      vertex 56.3697 1.78504 4
    endloop
  endfacet
  facet normal -0.659298 -0.751882 -0
    outer loop
      vertex 56.591 1.59099 4
      vertex 56.3697 1.78504 2.6
      vertex 56.591 1.59099 2.6
    endloop
  endfacet
  facet normal -0.0654027 -0.997859 0
    outer loop
      vertex 55 2.25 2.6
      vertex 55.2937 2.23075 4
      vertex 55 2.25 4
    endloop
  endfacet
  facet normal -0.0654027 -0.997859 -0
    outer loop
      vertex 55.2937 2.23075 4
      vertex 55 2.25 2.6
      vertex 55.2937 2.23075 2.6
    endloop
  endfacet
  facet normal -0.195136 0.980776 0
    outer loop
      vertex 55.5823 -2.17333 2.6
      vertex 55.2937 -2.23075 4
      vertex 55.5823 -2.17333 4
    endloop
  endfacet
  facet normal -0.195136 0.980776 0
    outer loop
      vertex 55.2937 -2.23075 4
      vertex 55.5823 -2.17333 2.6
      vertex 55.2937 -2.23075 2.6
    endloop
  endfacet
  facet normal -0.321421 0.946936 0
    outer loop
      vertex 55.861 -2.07873 2.6
      vertex 55.5823 -2.17333 4
      vertex 55.861 -2.07873 4
    endloop
  endfacet
  facet normal -0.321421 0.946936 0
    outer loop
      vertex 55.5823 -2.17333 4
      vertex 55.861 -2.07873 2.6
      vertex 55.5823 -2.17333 2.6
    endloop
  endfacet
  facet normal -0.946934 -0.321427 0
    outer loop
      vertex 57.1733 0.582342 2.6
      vertex 57.0787 0.861037 4
      vertex 57.0787 0.861037 2.6
    endloop
  endfacet
  facet normal -0.946934 -0.321427 0
    outer loop
      vertex 57.0787 0.861037 4
      vertex 57.1733 0.582342 2.6
      vertex 57.1733 0.582342 4
    endloop
  endfacet
  facet normal 0.195136 0.980776 -0
    outer loop
      vertex 54.7063 -2.23075 2.6
      vertex 54.4177 -2.17333 4
      vertex 54.7063 -2.23075 4
    endloop
  endfacet
  facet normal 0.195136 0.980776 0
    outer loop
      vertex 54.4177 -2.17333 4
      vertex 54.7063 -2.23075 2.6
      vertex 54.4177 -2.17333 2.6
    endloop
  endfacet
  facet normal 0.946934 0.321427 0
    outer loop
      vertex 52.9213 -0.861037 4
      vertex 52.8267 -0.582342 2.6
      vertex 52.8267 -0.582342 4
    endloop
  endfacet
  facet normal 0.946934 0.321427 0
    outer loop
      vertex 52.8267 -0.582342 2.6
      vertex 52.9213 -0.861037 4
      vertex 52.9213 -0.861037 2.6
    endloop
  endfacet
  facet normal -0.555609 0.831443 0
    outer loop
      vertex 56.3697 -1.78504 2.6
      vertex 56.125 -1.94856 4
      vertex 56.3697 -1.78504 4
    endloop
  endfacet
  facet normal -0.555609 0.831443 0
    outer loop
      vertex 56.125 -1.94856 4
      vertex 56.3697 -1.78504 2.6
      vertex 56.125 -1.94856 2.6
    endloop
  endfacet
  facet normal -0.195136 -0.980776 0
    outer loop
      vertex 55.2937 2.23075 2.6
      vertex 55.5823 2.17333 4
      vertex 55.2937 2.23075 4
    endloop
  endfacet
  facet normal -0.195136 -0.980776 -0
    outer loop
      vertex 55.5823 2.17333 4
      vertex 55.2937 2.23075 2.6
      vertex 55.5823 2.17333 2.6
    endloop
  endfacet
  facet normal -0.442233 -0.8969 0
    outer loop
      vertex 55.861 2.07873 2.6
      vertex 56.125 1.94856 4
      vertex 55.861 2.07873 4
    endloop
  endfacet
  facet normal -0.442233 -0.8969 -0
    outer loop
      vertex 56.125 1.94856 4
      vertex 55.861 2.07873 2.6
      vertex 56.125 1.94856 2.6
    endloop
  endfacet
  facet normal 0.442233 -0.8969 0
    outer loop
      vertex 53.875 1.94856 2.6
      vertex 54.139 2.07873 4
      vertex 53.875 1.94856 4
    endloop
  endfacet
  facet normal 0.442233 -0.8969 0
    outer loop
      vertex 54.139 2.07873 4
      vertex 53.875 1.94856 2.6
      vertex 54.139 2.07873 2.6
    endloop
  endfacet
  facet normal 0.751936 0.659236 0
    outer loop
      vertex 53.409 -1.59099 4
      vertex 53.215 -1.36971 2.6
      vertex 53.215 -1.36971 4
    endloop
  endfacet
  facet normal 0.751936 0.659236 0
    outer loop
      vertex 53.215 -1.36971 2.6
      vertex 53.409 -1.59099 4
      vertex 53.409 -1.59099 2.6
    endloop
  endfacet
  facet normal 0.89697 -0.442091 0
    outer loop
      vertex 52.9213 0.861037 4
      vertex 53.0514 1.125 2.6
      vertex 53.0514 1.125 4
    endloop
  endfacet
  facet normal 0.89697 -0.442091 0
    outer loop
      vertex 53.0514 1.125 2.6
      vertex 52.9213 0.861037 4
      vertex 52.9213 0.861037 2.6
    endloop
  endfacet
  facet normal 0.99787 0.0652373 0
    outer loop
      vertex 52.7692 -0.293683 4
      vertex 52.75 0 2.6
      vertex 52.75 0 4
    endloop
  endfacet
  facet normal 0.99787 0.0652373 0
    outer loop
      vertex 52.75 0 2.6
      vertex 52.7692 -0.293683 4
      vertex 52.7692 -0.293683 2.6
    endloop
  endfacet
  facet normal 0.831328 -0.555782 0
    outer loop
      vertex 53.0514 1.125 4
      vertex 53.215 1.36971 2.6
      vertex 53.215 1.36971 4
    endloop
  endfacet
  facet normal 0.831328 -0.555782 0
    outer loop
      vertex 53.215 1.36971 2.6
      vertex 53.0514 1.125 4
      vertex 53.0514 1.125 2.6
    endloop
  endfacet
  facet normal 0.555609 0.831443 -0
    outer loop
      vertex 53.875 -1.94856 2.6
      vertex 53.6303 -1.78504 4
      vertex 53.875 -1.94856 4
    endloop
  endfacet
  facet normal 0.555609 0.831443 0
    outer loop
      vertex 53.6303 -1.78504 4
      vertex 53.875 -1.94856 2.6
      vertex 53.6303 -1.78504 2.6
    endloop
  endfacet
  facet normal -0.831328 -0.555782 0
    outer loop
      vertex 56.9486 1.125 2.6
      vertex 56.785 1.36971 4
      vertex 56.785 1.36971 2.6
    endloop
  endfacet
  facet normal -0.831328 -0.555782 0
    outer loop
      vertex 56.785 1.36971 4
      vertex 56.9486 1.125 2.6
      vertex 56.9486 1.125 4
    endloop
  endfacet
  facet normal 0.0654027 -0.997859 0
    outer loop
      vertex 54.7063 2.23075 2.6
      vertex 55 2.25 4
      vertex 54.7063 2.23075 4
    endloop
  endfacet
  facet normal 0.0654027 -0.997859 0
    outer loop
      vertex 55 2.25 4
      vertex 54.7063 2.23075 2.6
      vertex 55 2.25 2.6
    endloop
  endfacet
  facet normal 0.659298 0.751882 -0
    outer loop
      vertex 53.6303 -1.78504 2.6
      vertex 53.409 -1.59099 4
      vertex 53.6303 -1.78504 4
    endloop
  endfacet
  facet normal 0.659298 0.751882 0
    outer loop
      vertex 53.409 -1.59099 4
      vertex 53.6303 -1.78504 2.6
      vertex 53.409 -1.59099 2.6
    endloop
  endfacet
  facet normal -0.555609 -0.831443 0
    outer loop
      vertex 56.125 1.94856 2.6
      vertex 56.3697 1.78504 4
      vertex 56.125 1.94856 4
    endloop
  endfacet
  facet normal -0.555609 -0.831443 -0
    outer loop
      vertex 56.3697 1.78504 4
      vertex 56.125 1.94856 2.6
      vertex 56.3697 1.78504 2.6
    endloop
  endfacet
  facet normal 0.980732 0.195359 0
    outer loop
      vertex 52.8267 -0.582342 4
      vertex 52.7692 -0.293683 2.6
      vertex 52.7692 -0.293683 4
    endloop
  endfacet
  facet normal 0.980732 0.195359 0
    outer loop
      vertex 52.7692 -0.293683 2.6
      vertex 52.8267 -0.582342 4
      vertex 52.8267 -0.582342 2.6
    endloop
  endfacet
  facet normal 0.0654027 0.997859 -0
    outer loop
      vertex 55 -2.25 2.6
      vertex 54.7063 -2.23075 4
      vertex 55 -2.25 4
    endloop
  endfacet
  facet normal 0.0654027 0.997859 0
    outer loop
      vertex 54.7063 -2.23075 4
      vertex 55 -2.25 2.6
      vertex 54.7063 -2.23075 2.6
    endloop
  endfacet
  facet normal 0.321421 -0.946936 0
    outer loop
      vertex 54.139 2.07873 2.6
      vertex 54.4177 2.17333 4
      vertex 54.139 2.07873 4
    endloop
  endfacet
  facet normal 0.321421 -0.946936 0
    outer loop
      vertex 54.4177 2.17333 4
      vertex 54.139 2.07873 2.6
      vertex 54.4177 2.17333 2.6
    endloop
  endfacet
  facet normal 0.980732 -0.195359 0
    outer loop
      vertex 52.7692 0.293683 4
      vertex 52.8267 0.582342 2.6
      vertex 52.8267 0.582342 4
    endloop
  endfacet
  facet normal 0.980732 -0.195359 0
    outer loop
      vertex 52.8267 0.582342 2.6
      vertex 52.7692 0.293683 4
      vertex 52.7692 0.293683 2.6
    endloop
  endfacet
  facet normal -0.0654027 0.997859 0
    outer loop
      vertex 55.2937 -2.23075 2.6
      vertex 55 -2.25 4
      vertex 55.2937 -2.23075 4
    endloop
  endfacet
  facet normal -0.0654027 0.997859 0
    outer loop
      vertex 55 -2.25 4
      vertex 55.2937 -2.23075 2.6
      vertex 55 -2.25 2.6
    endloop
  endfacet
  facet normal 0.195136 -0.980776 0
    outer loop
      vertex 54.4177 2.17333 2.6
      vertex 54.7063 2.23075 4
      vertex 54.4177 2.17333 4
    endloop
  endfacet
  facet normal 0.195136 -0.980776 0
    outer loop
      vertex 54.7063 2.23075 4
      vertex 54.4177 2.17333 2.6
      vertex 54.7063 2.23075 2.6
    endloop
  endfacet
  facet normal 0.831328 0.555782 0
    outer loop
      vertex 53.215 -1.36971 4
      vertex 53.0514 -1.125 2.6
      vertex 53.0514 -1.125 4
    endloop
  endfacet
  facet normal 0.831328 0.555782 0
    outer loop
      vertex 53.0514 -1.125 2.6
      vertex 53.215 -1.36971 4
      vertex 53.215 -1.36971 2.6
    endloop
  endfacet
  facet normal -0.6799 -0.335363 -0.652125
    outer loop
      vertex 59.1495 1.71878 0
      vertex 56.9486 1.125 2.6
      vertex 58.8896 2.24569 0
    endloop
  endfacet
  facet normal -0.679986 -0.335146 -0.652148
    outer loop
      vertex 56.9486 1.125 2.6
      vertex 59.1495 1.71878 0
      vertex 57.0787 0.861037 2.6
    endloop
  endfacet
  facet normal -0.147869 0.743538 -0.652139
    outer loop
      vertex 55.5862 -4.45295 0
      vertex 55.5823 -2.17333 2.6
      vertex 56.1625 -4.33834 0
    endloop
  endfacet
  facet normal -0.147933 0.743531 -0.652133
    outer loop
      vertex 55.5823 -2.17333 2.6
      vertex 55.5862 -4.45295 0
      vertex 55.2937 -2.23075 2.6
    endloop
  endfacet
  facet normal -0.756473 0.0496457 -0.652138
    outer loop
      vertex 59.4914 0 0
      vertex 59.453 -0.585117 0
      vertex 57.25 0 2.6
    endloop
  endfacet
  facet normal -0.756501 0.0494575 -0.652119
    outer loop
      vertex 59.453 -0.585117 0
      vertex 57.2308 -0.293683 2.6
      vertex 57.25 0 2.6
    endloop
  endfacet
  facet normal -0.760176 0 -0.649717
    outer loop
      vertex 57.2308 -0.293683 2.6
      vertex 59.453 -0.585117 0
      vertex 59.453 -0.586242 0
    endloop
  endfacet
  facet normal -0.743512 -0.148004 -0.652139
    outer loop
      vertex 59.453 0.586242 0
      vertex 57.1733 0.582342 2.6
      vertex 59.3383 1.16245 0
    endloop
  endfacet
  facet normal -0.743501 -0.148103 -0.652129
    outer loop
      vertex 57.1733 0.582342 2.6
      vertex 59.453 0.586242 0
      vertex 57.2308 0.293683 2.6
    endloop
  endfacet
  facet normal -0.499858 -0.569965 -0.652137
    outer loop
      vertex 56.591 1.59099 2.6
      vertex 57.7342 3.56325 0
      vertex 58.1759 3.17588 0
    endloop
  endfacet
  facet normal -0.499811 -0.569999 -0.652142
    outer loop
      vertex 57.7342 3.56325 0
      vertex 56.591 1.59099 2.6
      vertex 56.3697 1.78504 2.6
    endloop
  endfacet
  facet normal -0.0549791 0.755963 -0.652301
    outer loop
      vertex 55.5851 -4.45303 0
      vertex 55.2937 -2.23075 2.6
      vertex 55.5862 -4.45295 0
    endloop
  endfacet
  facet normal -0.0495819 0.756478 -0.652137
    outer loop
      vertex 55.2937 -2.23075 2.6
      vertex 55.5851 -4.45303 0
      vertex 55 -2.25 2.6
    endloop
  endfacet
  facet normal 0.243673 0.717871 -0.652139
    outer loop
      vertex 54.139 -2.07873 2.6
      vertex 53.8365 -4.33798 0
      vertex 53.2812 -4.14949 0
    endloop
  endfacet
  facet normal -0.717858 -0.243699 -0.652143
    outer loop
      vertex 59.1495 1.71878 0
      vertex 59.338 1.16352 0
      vertex 57.0787 0.861037 2.6
    endloop
  endfacet
  facet normal 0.335255 0.679937 -0.652142
    outer loop
      vertex 53.2812 -4.14949 0
      vertex 53.875 -1.94856 2.6
      vertex 54.139 -2.07873 2.6
    endloop
  endfacet
  facet normal 0.335301 0.679919 -0.652137
    outer loop
      vertex 53.875 -1.94856 2.6
      vertex 53.2812 -4.14949 0
      vertex 52.7543 -3.88965 0
    endloop
  endfacet
  facet normal -0.727113 -0.203863 -0.655551
    outer loop
      vertex 59.3383 1.16245 0
      vertex 57.0787 0.861037 2.6
      vertex 59.338 1.16352 0
    endloop
  endfacet
  facet normal -0.717873 -0.243674 -0.652136
    outer loop
      vertex 57.0787 0.861037 2.6
      vertex 59.3383 1.16245 0
      vertex 57.1733 0.582342 2.6
    endloop
  endfacet
  facet normal 0.717858 -0.243699 -0.652143
    outer loop
      vertex 50.8505 1.71878 0
      vertex 52.9213 0.861037 2.6
      vertex 50.662 1.16352 0
    endloop
  endfacet
  facet normal 0.570046 -0.499769 -0.652133
    outer loop
      vertex 53.215 1.36971 2.6
      vertex 51.8241 3.17588 0
      vertex 53.409 1.59099 2.6
    endloop
  endfacet
  facet normal 0.569938 -0.499874 -0.652148
    outer loop
      vertex 51.8241 3.17588 0
      vertex 53.215 1.36971 2.6
      vertex 51.4367 2.73418 0
    endloop
  endfacet
  facet normal 0.756473 0.0496457 -0.652138
    outer loop
      vertex 52.75 0 2.6
      vertex 50.547 -0.585117 0
      vertex 50.5086 0 0
    endloop
  endfacet
  facet normal 0.243669 0.717869 -0.652142
    outer loop
      vertex 53.8375 -4.33834 0
      vertex 54.139 -2.07873 2.6
      vertex 54.4177 -2.17333 2.6
    endloop
  endfacet
  facet normal 0.257195 0.71443 -0.650723
    outer loop
      vertex 54.139 -2.07873 2.6
      vertex 53.8375 -4.33834 0
      vertex 53.8365 -4.33798 0
    endloop
  endfacet
  facet normal -0.243673 -0.717871 -0.652139
    outer loop
      vertex 56.1635 4.33798 0
      vertex 56.7188 4.14949 0
      vertex 55.861 2.07873 2.6
    endloop
  endfacet
  facet normal 0.743512 -0.148004 -0.652139
    outer loop
      vertex 52.8267 0.582342 2.6
      vertex 50.547 0.586242 0
      vertex 50.6617 1.16245 0
    endloop
  endfacet
  facet normal 0.743501 -0.148103 -0.652129
    outer loop
      vertex 50.547 0.586242 0
      vertex 52.8267 0.582342 2.6
      vertex 52.7692 0.293683 2.6
    endloop
  endfacet
  facet normal -0.760176 0 -0.649717
    outer loop
      vertex 59.453 0.585117 0
      vertex 57.2308 0.293683 2.6
      vertex 59.453 0.586242 0
    endloop
  endfacet
  facet normal -0.756501 -0.0494575 -0.652119
    outer loop
      vertex 57.2308 0.293683 2.6
      vertex 59.453 0.585117 0
      vertex 57.25 0 2.6
    endloop
  endfacet
  facet normal -0.756473 -0.0496457 -0.652138
    outer loop
      vertex 59.453 0.585117 0
      vertex 59.4914 0 0
      vertex 57.25 0 2.6
    endloop
  endfacet
  facet normal -0.569938 -0.499874 -0.652148
    outer loop
      vertex 56.785 1.36971 2.6
      vertex 58.1759 3.17588 0
      vertex 58.5633 2.73418 0
    endloop
  endfacet
  facet normal -0.570046 -0.499769 -0.652133
    outer loop
      vertex 58.1759 3.17588 0
      vertex 56.785 1.36971 2.6
      vertex 56.591 1.59099 2.6
    endloop
  endfacet
  facet normal 0.743501 0.148103 -0.652129
    outer loop
      vertex 52.8267 -0.582342 2.6
      vertex 50.547 -0.586242 0
      vertex 52.7692 -0.293683 2.6
    endloop
  endfacet
  facet normal 0.743512 0.148004 -0.652139
    outer loop
      vertex 50.547 -0.586242 0
      vertex 52.8267 -0.582342 2.6
      vertex 50.6617 -1.16245 0
    endloop
  endfacet
  facet normal 0.630217 -0.421329 -0.652156
    outer loop
      vertex 53.0514 1.125 2.6
      vertex 51.4367 2.73418 0
      vertex 53.215 1.36971 2.6
    endloop
  endfacet
  facet normal 0.630404 -0.421095 -0.652127
    outer loop
      vertex 51.4367 2.73418 0
      vertex 53.0514 1.125 2.6
      vertex 51.1104 2.24569 0
    endloop
  endfacet
  facet normal 0.335301 -0.679919 -0.652137
    outer loop
      vertex 53.2812 4.14949 0
      vertex 53.875 1.94856 2.6
      vertex 52.7543 3.88965 0
    endloop
  endfacet
  facet normal 0.335255 -0.679937 -0.652142
    outer loop
      vertex 53.875 1.94856 2.6
      vertex 53.2812 4.14949 0
      vertex 54.139 2.07873 2.6
    endloop
  endfacet
  facet normal 0.630217 0.421329 -0.652156
    outer loop
      vertex 51.4367 -2.73418 0
      vertex 53.0514 -1.125 2.6
      vertex 53.215 -1.36971 2.6
    endloop
  endfacet
  facet normal 0.630404 0.421095 -0.652127
    outer loop
      vertex 53.0514 -1.125 2.6
      vertex 51.4367 -2.73418 0
      vertex 51.1104 -2.24569 0
    endloop
  endfacet
  facet normal 0.727113 -0.203863 -0.655551
    outer loop
      vertex 52.9213 0.861037 2.6
      vertex 50.6617 1.16245 0
      vertex 50.662 1.16352 0
    endloop
  endfacet
  facet normal 0.717873 -0.243674 -0.652136
    outer loop
      vertex 50.6617 1.16245 0
      vertex 52.9213 0.861037 2.6
      vertex 52.8267 0.582342 2.6
    endloop
  endfacet
  facet normal -0.630404 -0.421095 -0.652127
    outer loop
      vertex 56.9486 1.125 2.6
      vertex 58.5633 2.73418 0
      vertex 58.8896 2.24569 0
    endloop
  endfacet
  facet normal -0.630217 -0.421329 -0.652156
    outer loop
      vertex 58.5633 2.73418 0
      vertex 56.9486 1.125 2.6
      vertex 56.785 1.36971 2.6
    endloop
  endfacet
  facet normal 0.570046 0.499769 -0.652133
    outer loop
      vertex 51.8241 -3.17588 0
      vertex 53.215 -1.36971 2.6
      vertex 53.409 -1.59099 2.6
    endloop
  endfacet
  facet normal 0.569938 0.499874 -0.652148
    outer loop
      vertex 53.215 -1.36971 2.6
      vertex 51.8241 -3.17588 0
      vertex 51.4367 -2.73418 0
    endloop
  endfacet
  facet normal -0.421172 -0.630339 -0.65214
    outer loop
      vertex 56.3697 1.78504 2.6
      vertex 57.2457 3.88965 0
      vertex 57.7342 3.56325 0
    endloop
  endfacet
  facet normal -0.421209 -0.630319 -0.652136
    outer loop
      vertex 57.2457 3.88965 0
      vertex 56.3697 1.78504 2.6
      vertex 56.125 1.94856 2.6
    endloop
  endfacet
  facet normal 0.0495829 0.756478 -0.652137
    outer loop
      vertex 55 -2.25 2.6
      vertex 55 -4.49138 0
      vertex 54.4149 -4.45303 0
    endloop
  endfacet
  facet normal -0.0495829 -0.756478 -0.652137
    outer loop
      vertex 55.5851 4.45303 0
      vertex 55 2.25 2.6
      vertex 55 4.49138 0
    endloop
  endfacet
  facet normal -0.630404 0.421095 -0.652127
    outer loop
      vertex 58.5633 -2.73418 0
      vertex 56.9486 -1.125 2.6
      vertex 58.8896 -2.24569 0
    endloop
  endfacet
  facet normal -0.630217 0.421329 -0.652156
    outer loop
      vertex 56.9486 -1.125 2.6
      vertex 58.5633 -2.73418 0
      vertex 56.785 -1.36971 2.6
    endloop
  endfacet
  facet normal -0.147933 -0.743531 -0.652133
    outer loop
      vertex 55.5862 4.45295 0
      vertex 55.5823 2.17333 2.6
      vertex 55.2937 2.23075 2.6
    endloop
  endfacet
  facet normal -0.147869 -0.743538 -0.652139
    outer loop
      vertex 55.5823 2.17333 2.6
      vertex 55.5862 4.45295 0
      vertex 56.1625 4.33834 0
    endloop
  endfacet
  facet normal -0.243669 -0.717869 -0.652142
    outer loop
      vertex 56.1625 4.33834 0
      vertex 55.861 2.07873 2.6
      vertex 55.5823 2.17333 2.6
    endloop
  endfacet
  facet normal -0.257195 -0.71443 -0.650723
    outer loop
      vertex 55.861 2.07873 2.6
      vertex 56.1625 4.33834 0
      vertex 56.1635 4.33798 0
    endloop
  endfacet
  facet normal 0.756473 -0.0496457 -0.652138
    outer loop
      vertex 50.547 0.585117 0
      vertex 52.75 0 2.6
      vertex 50.5086 0 0
    endloop
  endfacet
  facet normal 0.147933 0.743531 -0.652133
    outer loop
      vertex 54.4138 -4.45295 0
      vertex 54.4177 -2.17333 2.6
      vertex 54.7063 -2.23075 2.6
    endloop
  endfacet
  facet normal 0.147869 0.743538 -0.652139
    outer loop
      vertex 54.4177 -2.17333 2.6
      vertex 54.4138 -4.45295 0
      vertex 53.8375 -4.33834 0
    endloop
  endfacet
  facet normal -0.335255 -0.679937 -0.652142
    outer loop
      vertex 56.7188 4.14949 0
      vertex 56.125 1.94856 2.6
      vertex 55.861 2.07873 2.6
    endloop
  endfacet
  facet normal -0.335301 -0.679919 -0.652137
    outer loop
      vertex 56.125 1.94856 2.6
      vertex 56.7188 4.14949 0
      vertex 57.2457 3.88965 0
    endloop
  endfacet
  facet normal 0.243673 -0.717871 -0.652139
    outer loop
      vertex 53.8365 4.33798 0
      vertex 54.139 2.07873 2.6
      vertex 53.2812 4.14949 0
    endloop
  endfacet
  facet normal -0.257195 0.71443 -0.650723
    outer loop
      vertex 56.1625 -4.33834 0
      vertex 55.861 -2.07873 2.6
      vertex 56.1635 -4.33798 0
    endloop
  endfacet
  facet normal -0.243669 0.717869 -0.652142
    outer loop
      vertex 55.861 -2.07873 2.6
      vertex 56.1625 -4.33834 0
      vertex 55.5823 -2.17333 2.6
    endloop
  endfacet
  facet normal 0.499811 0.569999 -0.652142
    outer loop
      vertex 52.2658 -3.56325 0
      vertex 53.409 -1.59099 2.6
      vertex 53.6303 -1.78504 2.6
    endloop
  endfacet
  facet normal 0.499858 0.569965 -0.652137
    outer loop
      vertex 53.409 -1.59099 2.6
      vertex 52.2658 -3.56325 0
      vertex 51.8241 -3.17588 0
    endloop
  endfacet
  facet normal 0.499811 -0.569999 -0.652142
    outer loop
      vertex 53.409 1.59099 2.6
      vertex 52.2658 3.56325 0
      vertex 53.6303 1.78504 2.6
    endloop
  endfacet
  facet normal 0.499858 -0.569965 -0.652137
    outer loop
      vertex 52.2658 3.56325 0
      vertex 53.409 1.59099 2.6
      vertex 51.8241 3.17588 0
    endloop
  endfacet
  facet normal -0.0495819 -0.756478 -0.652137
    outer loop
      vertex 55.5851 4.45303 0
      vertex 55.2937 2.23075 2.6
      vertex 55 2.25 2.6
    endloop
  endfacet
  facet normal -0.0549791 -0.755963 -0.652301
    outer loop
      vertex 55.2937 2.23075 2.6
      vertex 55.5851 4.45303 0
      vertex 55.5862 4.45295 0
    endloop
  endfacet
  facet normal 0.6799 -0.335363 -0.652125
    outer loop
      vertex 53.0514 1.125 2.6
      vertex 50.8505 1.71878 0
      vertex 51.1104 2.24569 0
    endloop
  endfacet
  facet normal 0.679986 -0.335146 -0.652148
    outer loop
      vertex 50.8505 1.71878 0
      vertex 53.0514 1.125 2.6
      vertex 52.9213 0.861037 2.6
    endloop
  endfacet
  facet normal -0.243673 0.717871 -0.652139
    outer loop
      vertex 56.7188 -4.14949 0
      vertex 56.1635 -4.33798 0
      vertex 55.861 -2.07873 2.6
    endloop
  endfacet
  facet normal 0.421209 -0.630319 -0.652136
    outer loop
      vertex 53.6303 1.78504 2.6
      vertex 52.7543 3.88965 0
      vertex 53.875 1.94856 2.6
    endloop
  endfacet
  facet normal 0.421172 -0.630339 -0.65214
    outer loop
      vertex 52.7543 3.88965 0
      vertex 53.6303 1.78504 2.6
      vertex 52.2658 3.56325 0
    endloop
  endfacet
  facet normal 0.0495819 0.756478 -0.652137
    outer loop
      vertex 54.4149 -4.45303 0
      vertex 54.7063 -2.23075 2.6
      vertex 55 -2.25 2.6
    endloop
  endfacet
  facet normal 0.0549791 0.755963 -0.652301
    outer loop
      vertex 54.7063 -2.23075 2.6
      vertex 54.4149 -4.45303 0
      vertex 54.4138 -4.45295 0
    endloop
  endfacet
  facet normal -0.679986 0.335146 -0.652148
    outer loop
      vertex 59.1495 -1.71878 0
      vertex 56.9486 -1.125 2.6
      vertex 57.0787 -0.861037 2.6
    endloop
  endfacet
  facet normal -0.6799 0.335363 -0.652125
    outer loop
      vertex 56.9486 -1.125 2.6
      vertex 59.1495 -1.71878 0
      vertex 58.8896 -2.24569 0
    endloop
  endfacet
  facet normal -0.717873 0.243674 -0.652136
    outer loop
      vertex 59.3383 -1.16245 0
      vertex 57.0787 -0.861037 2.6
      vertex 57.1733 -0.582342 2.6
    endloop
  endfacet
  facet normal -0.727113 0.203863 -0.655551
    outer loop
      vertex 57.0787 -0.861037 2.6
      vertex 59.3383 -1.16245 0
      vertex 59.338 -1.16352 0
    endloop
  endfacet
  facet normal 0.717858 0.243699 -0.652143
    outer loop
      vertex 52.9213 -0.861037 2.6
      vertex 50.8505 -1.71878 0
      vertex 50.662 -1.16352 0
    endloop
  endfacet
  facet normal 0.0549791 -0.755963 -0.652301
    outer loop
      vertex 54.4149 4.45303 0
      vertex 54.7063 2.23075 2.6
      vertex 54.4138 4.45295 0
    endloop
  endfacet
  facet normal 0.0495819 -0.756478 -0.652137
    outer loop
      vertex 54.7063 2.23075 2.6
      vertex 54.4149 4.45303 0
      vertex 55 2.25 2.6
    endloop
  endfacet
  facet normal 0.756501 0.0494575 -0.652119
    outer loop
      vertex 52.7692 -0.293683 2.6
      vertex 50.547 -0.585117 0
      vertex 52.75 0 2.6
    endloop
  endfacet
  facet normal 0.760176 0 -0.649717
    outer loop
      vertex 50.547 -0.585117 0
      vertex 52.7692 -0.293683 2.6
      vertex 50.547 -0.586242 0
    endloop
  endfacet
  facet normal -0.421172 0.630339 -0.65214
    outer loop
      vertex 57.2457 -3.88965 0
      vertex 56.3697 -1.78504 2.6
      vertex 57.7342 -3.56325 0
    endloop
  endfacet
  facet normal -0.421209 0.630319 -0.652136
    outer loop
      vertex 56.3697 -1.78504 2.6
      vertex 57.2457 -3.88965 0
      vertex 56.125 -1.94856 2.6
    endloop
  endfacet
  facet normal -0.717858 0.243699 -0.652143
    outer loop
      vertex 59.338 -1.16352 0
      vertex 59.1495 -1.71878 0
      vertex 57.0787 -0.861037 2.6
    endloop
  endfacet
  facet normal -0.0495829 0.756478 -0.652137
    outer loop
      vertex 55.5851 -4.45303 0
      vertex 55 -4.49138 0
      vertex 55 -2.25 2.6
    endloop
  endfacet
  facet normal 0.257195 -0.71443 -0.650723
    outer loop
      vertex 53.8375 4.33834 0
      vertex 54.139 2.07873 2.6
      vertex 53.8365 4.33798 0
    endloop
  endfacet
  facet normal 0.243669 -0.717869 -0.652142
    outer loop
      vertex 54.139 2.07873 2.6
      vertex 53.8375 4.33834 0
      vertex 54.4177 2.17333 2.6
    endloop
  endfacet
  facet normal 0.679986 0.335146 -0.652148
    outer loop
      vertex 53.0514 -1.125 2.6
      vertex 50.8505 -1.71878 0
      vertex 52.9213 -0.861037 2.6
    endloop
  endfacet
  facet normal 0.6799 0.335363 -0.652125
    outer loop
      vertex 50.8505 -1.71878 0
      vertex 53.0514 -1.125 2.6
      vertex 51.1104 -2.24569 0
    endloop
  endfacet
  facet normal 0.0495829 -0.756478 -0.652137
    outer loop
      vertex 55 4.49138 0
      vertex 55 2.25 2.6
      vertex 54.4149 4.45303 0
    endloop
  endfacet
  facet normal -0.335301 0.679919 -0.652137
    outer loop
      vertex 56.7188 -4.14949 0
      vertex 56.125 -1.94856 2.6
      vertex 57.2457 -3.88965 0
    endloop
  endfacet
  facet normal -0.335255 0.679937 -0.652142
    outer loop
      vertex 56.125 -1.94856 2.6
      vertex 56.7188 -4.14949 0
      vertex 55.861 -2.07873 2.6
    endloop
  endfacet
  facet normal 0.147869 -0.743538 -0.652139
    outer loop
      vertex 54.4138 4.45295 0
      vertex 54.4177 2.17333 2.6
      vertex 53.8375 4.33834 0
    endloop
  endfacet
  facet normal 0.147933 -0.743531 -0.652133
    outer loop
      vertex 54.4177 2.17333 2.6
      vertex 54.4138 4.45295 0
      vertex 54.7063 2.23075 2.6
    endloop
  endfacet
  facet normal 0.760176 0 -0.649717
    outer loop
      vertex 52.7692 0.293683 2.6
      vertex 50.547 0.585117 0
      vertex 50.547 0.586242 0
    endloop
  endfacet
  facet normal 0.756501 -0.0494575 -0.652119
    outer loop
      vertex 50.547 0.585117 0
      vertex 52.7692 0.293683 2.6
      vertex 52.75 0 2.6
    endloop
  endfacet
  facet normal 0.717873 0.243674 -0.652136
    outer loop
      vertex 52.9213 -0.861037 2.6
      vertex 50.6617 -1.16245 0
      vertex 52.8267 -0.582342 2.6
    endloop
  endfacet
  facet normal 0.727113 0.203863 -0.655551
    outer loop
      vertex 50.6617 -1.16245 0
      vertex 52.9213 -0.861037 2.6
      vertex 50.662 -1.16352 0
    endloop
  endfacet
  facet normal -0.499858 0.569965 -0.652137
    outer loop
      vertex 57.7342 -3.56325 0
      vertex 56.591 -1.59099 2.6
      vertex 58.1759 -3.17588 0
    endloop
  endfacet
  facet normal -0.499811 0.569999 -0.652142
    outer loop
      vertex 56.591 -1.59099 2.6
      vertex 57.7342 -3.56325 0
      vertex 56.3697 -1.78504 2.6
    endloop
  endfacet
  facet normal 0.421209 0.630319 -0.652136
    outer loop
      vertex 52.7543 -3.88965 0
      vertex 53.6303 -1.78504 2.6
      vertex 53.875 -1.94856 2.6
    endloop
  endfacet
  facet normal 0.421172 0.630339 -0.65214
    outer loop
      vertex 53.6303 -1.78504 2.6
      vertex 52.7543 -3.88965 0
      vertex 52.2658 -3.56325 0
    endloop
  endfacet
  facet normal -0.569938 0.499874 -0.652148
    outer loop
      vertex 58.1759 -3.17588 0
      vertex 56.785 -1.36971 2.6
      vertex 58.5633 -2.73418 0
    endloop
  endfacet
  facet normal -0.570046 0.499769 -0.652133
    outer loop
      vertex 56.785 -1.36971 2.6
      vertex 58.1759 -3.17588 0
      vertex 56.591 -1.59099 2.6
    endloop
  endfacet
  facet normal -0.743501 0.148103 -0.652129
    outer loop
      vertex 59.453 -0.586242 0
      vertex 57.1733 -0.582342 2.6
      vertex 57.2308 -0.293683 2.6
    endloop
  endfacet
  facet normal -0.743512 0.148004 -0.652139
    outer loop
      vertex 57.1733 -0.582342 2.6
      vertex 59.453 -0.586242 0
      vertex 59.3383 -1.16245 0
    endloop
  endfacet
  facet normal -0.980732 0.195359 0
    outer loop
      vertex 82.1733 -0.582342 2.6
      vertex 82.2308 -0.293683 4
      vertex 82.2308 -0.293683 2.6
    endloop
  endfacet
  facet normal -0.980732 0.195359 0
    outer loop
      vertex 82.2308 -0.293683 4
      vertex 82.1733 -0.582342 2.6
      vertex 82.1733 -0.582342 4
    endloop
  endfacet
  facet normal -0.99787 0.0652373 0
    outer loop
      vertex 82.2308 -0.293683 2.6
      vertex 82.25 0 4
      vertex 82.25 0 2.6
    endloop
  endfacet
  facet normal -0.99787 0.0652373 0
    outer loop
      vertex 82.25 0 4
      vertex 82.2308 -0.293683 2.6
      vertex 82.2308 -0.293683 4
    endloop
  endfacet
  facet normal -0.946934 0.321427 0
    outer loop
      vertex 82.0787 -0.861037 2.6
      vertex 82.1733 -0.582342 4
      vertex 82.1733 -0.582342 2.6
    endloop
  endfacet
  facet normal -0.946934 0.321427 0
    outer loop
      vertex 82.1733 -0.582342 4
      vertex 82.0787 -0.861037 2.6
      vertex 82.0787 -0.861037 4
    endloop
  endfacet
  facet normal -0.831328 0.555782 0
    outer loop
      vertex 81.785 -1.36971 2.6
      vertex 81.9486 -1.125 4
      vertex 81.9486 -1.125 2.6
    endloop
  endfacet
  facet normal -0.831328 0.555782 0
    outer loop
      vertex 81.9486 -1.125 4
      vertex 81.785 -1.36971 2.6
      vertex 81.785 -1.36971 4
    endloop
  endfacet
  facet normal 0.659298 -0.751882 0
    outer loop
      vertex 78.409 1.59099 2.6
      vertex 78.6303 1.78504 4
      vertex 78.409 1.59099 4
    endloop
  endfacet
  facet normal 0.659298 -0.751882 0
    outer loop
      vertex 78.6303 1.78504 4
      vertex 78.409 1.59099 2.6
      vertex 78.6303 1.78504 2.6
    endloop
  endfacet
  facet normal -0.751936 -0.659236 0
    outer loop
      vertex 81.785 1.36971 2.6
      vertex 81.591 1.59099 4
      vertex 81.591 1.59099 2.6
    endloop
  endfacet
  facet normal -0.751936 -0.659236 0
    outer loop
      vertex 81.591 1.59099 4
      vertex 81.785 1.36971 2.6
      vertex 81.785 1.36971 4
    endloop
  endfacet
  facet normal -0.659298 0.751882 0
    outer loop
      vertex 81.591 -1.59099 2.6
      vertex 81.3697 -1.78504 4
      vertex 81.591 -1.59099 4
    endloop
  endfacet
  facet normal -0.659298 0.751882 0
    outer loop
      vertex 81.3697 -1.78504 4
      vertex 81.591 -1.59099 2.6
      vertex 81.3697 -1.78504 2.6
    endloop
  endfacet
  facet normal 0.442233 0.8969 -0
    outer loop
      vertex 79.139 -2.07873 2.6
      vertex 78.875 -1.94856 4
      vertex 79.139 -2.07873 4
    endloop
  endfacet
  facet normal 0.442233 0.8969 0
    outer loop
      vertex 78.875 -1.94856 4
      vertex 79.139 -2.07873 2.6
      vertex 78.875 -1.94856 2.6
    endloop
  endfacet
  facet normal -0.442233 0.8969 0
    outer loop
      vertex 81.125 -1.94856 2.6
      vertex 80.861 -2.07873 4
      vertex 81.125 -1.94856 4
    endloop
  endfacet
  facet normal -0.442233 0.8969 0
    outer loop
      vertex 80.861 -2.07873 4
      vertex 81.125 -1.94856 2.6
      vertex 80.861 -2.07873 2.6
    endloop
  endfacet
  facet normal -0.89697 -0.442091 0
    outer loop
      vertex 82.0787 0.861037 2.6
      vertex 81.9486 1.125 4
      vertex 81.9486 1.125 2.6
    endloop
  endfacet
  facet normal -0.89697 -0.442091 0
    outer loop
      vertex 81.9486 1.125 4
      vertex 82.0787 0.861037 2.6
      vertex 82.0787 0.861037 4
    endloop
  endfacet
  facet normal -0.321421 -0.946936 0
    outer loop
      vertex 80.5823 2.17333 2.6
      vertex 80.861 2.07873 4
      vertex 80.5823 2.17333 4
    endloop
  endfacet
  facet normal -0.321421 -0.946936 -0
    outer loop
      vertex 80.861 2.07873 4
      vertex 80.5823 2.17333 2.6
      vertex 80.861 2.07873 2.6
    endloop
  endfacet
  facet normal -0.89697 0.442091 0
    outer loop
      vertex 81.9486 -1.125 2.6
      vertex 82.0787 -0.861037 4
      vertex 82.0787 -0.861037 2.6
    endloop
  endfacet
  facet normal -0.89697 0.442091 0
    outer loop
      vertex 82.0787 -0.861037 4
      vertex 81.9486 -1.125 2.6
      vertex 81.9486 -1.125 4
    endloop
  endfacet
  facet normal 0.89697 0.442091 0
    outer loop
      vertex 78.0514 -1.125 4
      vertex 77.9213 -0.861037 2.6
      vertex 77.9213 -0.861037 4
    endloop
  endfacet
  facet normal 0.89697 0.442091 0
    outer loop
      vertex 77.9213 -0.861037 2.6
      vertex 78.0514 -1.125 4
      vertex 78.0514 -1.125 2.6
    endloop
  endfacet
  facet normal -0.751936 0.659236 0
    outer loop
      vertex 81.591 -1.59099 2.6
      vertex 81.785 -1.36971 4
      vertex 81.785 -1.36971 2.6
    endloop
  endfacet
  facet normal -0.751936 0.659236 0
    outer loop
      vertex 81.785 -1.36971 4
      vertex 81.591 -1.59099 2.6
      vertex 81.591 -1.59099 4
    endloop
  endfacet
  facet normal -0.980732 -0.195359 0
    outer loop
      vertex 82.2308 0.293683 2.6
      vertex 82.1733 0.582342 4
      vertex 82.1733 0.582342 2.6
    endloop
  endfacet
  facet normal -0.980732 -0.195359 0
    outer loop
      vertex 82.1733 0.582342 4
      vertex 82.2308 0.293683 2.6
      vertex 82.2308 0.293683 4
    endloop
  endfacet
  facet normal -0.99787 -0.0652373 0
    outer loop
      vertex 82.25 0 2.6
      vertex 82.2308 0.293683 4
      vertex 82.2308 0.293683 2.6
    endloop
  endfacet
  facet normal -0.99787 -0.0652373 0
    outer loop
      vertex 82.2308 0.293683 4
      vertex 82.25 0 2.6
      vertex 82.25 0 4
    endloop
  endfacet
  facet normal 0.555609 -0.831443 0
    outer loop
      vertex 78.6303 1.78504 2.6
      vertex 78.875 1.94856 4
      vertex 78.6303 1.78504 4
    endloop
  endfacet
  facet normal 0.555609 -0.831443 0
    outer loop
      vertex 78.875 1.94856 4
      vertex 78.6303 1.78504 2.6
      vertex 78.875 1.94856 2.6
    endloop
  endfacet
  facet normal 0.946934 -0.321427 0
    outer loop
      vertex 77.8267 0.582342 4
      vertex 77.9213 0.861037 2.6
      vertex 77.9213 0.861037 4
    endloop
  endfacet
  facet normal 0.946934 -0.321427 0
    outer loop
      vertex 77.9213 0.861037 2.6
      vertex 77.8267 0.582342 4
      vertex 77.8267 0.582342 2.6
    endloop
  endfacet
  facet normal 0.99787 -0.0652373 0
    outer loop
      vertex 77.75 0 4
      vertex 77.7692 0.293683 2.6
      vertex 77.7692 0.293683 4
    endloop
  endfacet
  facet normal 0.99787 -0.0652373 0
    outer loop
      vertex 77.7692 0.293683 2.6
      vertex 77.75 0 4
      vertex 77.75 0 2.6
    endloop
  endfacet
  facet normal 0.751936 -0.659236 0
    outer loop
      vertex 78.215 1.36971 4
      vertex 78.409 1.59099 2.6
      vertex 78.409 1.59099 4
    endloop
  endfacet
  facet normal 0.751936 -0.659236 0
    outer loop
      vertex 78.409 1.59099 2.6
      vertex 78.215 1.36971 4
      vertex 78.215 1.36971 2.6
    endloop
  endfacet
  facet normal 0.321421 0.946936 -0
    outer loop
      vertex 79.4177 -2.17333 2.6
      vertex 79.139 -2.07873 4
      vertex 79.4177 -2.17333 4
    endloop
  endfacet
  facet normal 0.321421 0.946936 0
    outer loop
      vertex 79.139 -2.07873 4
      vertex 79.4177 -2.17333 2.6
      vertex 79.139 -2.07873 2.6
    endloop
  endfacet
  facet normal -0.659298 -0.751882 0
    outer loop
      vertex 81.3697 1.78504 2.6
      vertex 81.591 1.59099 4
      vertex 81.3697 1.78504 4
    endloop
  endfacet
  facet normal -0.659298 -0.751882 -0
    outer loop
      vertex 81.591 1.59099 4
      vertex 81.3697 1.78504 2.6
      vertex 81.591 1.59099 2.6
    endloop
  endfacet
  facet normal -0.0654027 -0.997859 0
    outer loop
      vertex 80 2.25 2.6
      vertex 80.2937 2.23075 4
      vertex 80 2.25 4
    endloop
  endfacet
  facet normal -0.0654027 -0.997859 -0
    outer loop
      vertex 80.2937 2.23075 4
      vertex 80 2.25 2.6
      vertex 80.2937 2.23075 2.6
    endloop
  endfacet
  facet normal -0.195136 0.980776 0
    outer loop
      vertex 80.5823 -2.17333 2.6
      vertex 80.2937 -2.23075 4
      vertex 80.5823 -2.17333 4
    endloop
  endfacet
  facet normal -0.195136 0.980776 0
    outer loop
      vertex 80.2937 -2.23075 4
      vertex 80.5823 -2.17333 2.6
      vertex 80.2937 -2.23075 2.6
    endloop
  endfacet
  facet normal -0.321421 0.946936 0
    outer loop
      vertex 80.861 -2.07873 2.6
      vertex 80.5823 -2.17333 4
      vertex 80.861 -2.07873 4
    endloop
  endfacet
  facet normal -0.321421 0.946936 0
    outer loop
      vertex 80.5823 -2.17333 4
      vertex 80.861 -2.07873 2.6
      vertex 80.5823 -2.17333 2.6
    endloop
  endfacet
  facet normal -0.946934 -0.321427 0
    outer loop
      vertex 82.1733 0.582342 2.6
      vertex 82.0787 0.861037 4
      vertex 82.0787 0.861037 2.6
    endloop
  endfacet
  facet normal -0.946934 -0.321427 0
    outer loop
      vertex 82.0787 0.861037 4
      vertex 82.1733 0.582342 2.6
      vertex 82.1733 0.582342 4
    endloop
  endfacet
  facet normal 0.195136 0.980776 -0
    outer loop
      vertex 79.7063 -2.23075 2.6
      vertex 79.4177 -2.17333 4
      vertex 79.7063 -2.23075 4
    endloop
  endfacet
  facet normal 0.195136 0.980776 0
    outer loop
      vertex 79.4177 -2.17333 4
      vertex 79.7063 -2.23075 2.6
      vertex 79.4177 -2.17333 2.6
    endloop
  endfacet
  facet normal 0.946934 0.321427 0
    outer loop
      vertex 77.9213 -0.861037 4
      vertex 77.8267 -0.582342 2.6
      vertex 77.8267 -0.582342 4
    endloop
  endfacet
  facet normal 0.946934 0.321427 0
    outer loop
      vertex 77.8267 -0.582342 2.6
      vertex 77.9213 -0.861037 4
      vertex 77.9213 -0.861037 2.6
    endloop
  endfacet
  facet normal -0.555609 0.831443 0
    outer loop
      vertex 81.3697 -1.78504 2.6
      vertex 81.125 -1.94856 4
      vertex 81.3697 -1.78504 4
    endloop
  endfacet
  facet normal -0.555609 0.831443 0
    outer loop
      vertex 81.125 -1.94856 4
      vertex 81.3697 -1.78504 2.6
      vertex 81.125 -1.94856 2.6
    endloop
  endfacet
  facet normal -0.195136 -0.980776 0
    outer loop
      vertex 80.2937 2.23075 2.6
      vertex 80.5823 2.17333 4
      vertex 80.2937 2.23075 4
    endloop
  endfacet
  facet normal -0.195136 -0.980776 -0
    outer loop
      vertex 80.5823 2.17333 4
      vertex 80.2937 2.23075 2.6
      vertex 80.5823 2.17333 2.6
    endloop
  endfacet
  facet normal -0.442233 -0.8969 0
    outer loop
      vertex 80.861 2.07873 2.6
      vertex 81.125 1.94856 4
      vertex 80.861 2.07873 4
    endloop
  endfacet
  facet normal -0.442233 -0.8969 -0
    outer loop
      vertex 81.125 1.94856 4
      vertex 80.861 2.07873 2.6
      vertex 81.125 1.94856 2.6
    endloop
  endfacet
  facet normal 0.442233 -0.8969 0
    outer loop
      vertex 78.875 1.94856 2.6
      vertex 79.139 2.07873 4
      vertex 78.875 1.94856 4
    endloop
  endfacet
  facet normal 0.442233 -0.8969 0
    outer loop
      vertex 79.139 2.07873 4
      vertex 78.875 1.94856 2.6
      vertex 79.139 2.07873 2.6
    endloop
  endfacet
  facet normal 0.751936 0.659236 0
    outer loop
      vertex 78.409 -1.59099 4
      vertex 78.215 -1.36971 2.6
      vertex 78.215 -1.36971 4
    endloop
  endfacet
  facet normal 0.751936 0.659236 0
    outer loop
      vertex 78.215 -1.36971 2.6
      vertex 78.409 -1.59099 4
      vertex 78.409 -1.59099 2.6
    endloop
  endfacet
  facet normal 0.89697 -0.442091 0
    outer loop
      vertex 77.9213 0.861037 4
      vertex 78.0514 1.125 2.6
      vertex 78.0514 1.125 4
    endloop
  endfacet
  facet normal 0.89697 -0.442091 0
    outer loop
      vertex 78.0514 1.125 2.6
      vertex 77.9213 0.861037 4
      vertex 77.9213 0.861037 2.6
    endloop
  endfacet
  facet normal 0.99787 0.0652373 0
    outer loop
      vertex 77.7692 -0.293683 4
      vertex 77.75 0 2.6
      vertex 77.75 0 4
    endloop
  endfacet
  facet normal 0.99787 0.0652373 0
    outer loop
      vertex 77.75 0 2.6
      vertex 77.7692 -0.293683 4
      vertex 77.7692 -0.293683 2.6
    endloop
  endfacet
  facet normal 0.831328 -0.555782 0
    outer loop
      vertex 78.0514 1.125 4
      vertex 78.215 1.36971 2.6
      vertex 78.215 1.36971 4
    endloop
  endfacet
  facet normal 0.831328 -0.555782 0
    outer loop
      vertex 78.215 1.36971 2.6
      vertex 78.0514 1.125 4
      vertex 78.0514 1.125 2.6
    endloop
  endfacet
  facet normal 0.555609 0.831443 -0
    outer loop
      vertex 78.875 -1.94856 2.6
      vertex 78.6303 -1.78504 4
      vertex 78.875 -1.94856 4
    endloop
  endfacet
  facet normal 0.555609 0.831443 0
    outer loop
      vertex 78.6303 -1.78504 4
      vertex 78.875 -1.94856 2.6
      vertex 78.6303 -1.78504 2.6
    endloop
  endfacet
  facet normal -0.831328 -0.555782 0
    outer loop
      vertex 81.9486 1.125 2.6
      vertex 81.785 1.36971 4
      vertex 81.785 1.36971 2.6
    endloop
  endfacet
  facet normal -0.831328 -0.555782 0
    outer loop
      vertex 81.785 1.36971 4
      vertex 81.9486 1.125 2.6
      vertex 81.9486 1.125 4
    endloop
  endfacet
  facet normal 0.0654027 -0.997859 0
    outer loop
      vertex 79.7063 2.23075 2.6
      vertex 80 2.25 4
      vertex 79.7063 2.23075 4
    endloop
  endfacet
  facet normal 0.0654027 -0.997859 0
    outer loop
      vertex 80 2.25 4
      vertex 79.7063 2.23075 2.6
      vertex 80 2.25 2.6
    endloop
  endfacet
  facet normal 0.659298 0.751882 -0
    outer loop
      vertex 78.6303 -1.78504 2.6
      vertex 78.409 -1.59099 4
      vertex 78.6303 -1.78504 4
    endloop
  endfacet
  facet normal 0.659298 0.751882 0
    outer loop
      vertex 78.409 -1.59099 4
      vertex 78.6303 -1.78504 2.6
      vertex 78.409 -1.59099 2.6
    endloop
  endfacet
  facet normal -0.555609 -0.831443 0
    outer loop
      vertex 81.125 1.94856 2.6
      vertex 81.3697 1.78504 4
      vertex 81.125 1.94856 4
    endloop
  endfacet
  facet normal -0.555609 -0.831443 -0
    outer loop
      vertex 81.3697 1.78504 4
      vertex 81.125 1.94856 2.6
      vertex 81.3697 1.78504 2.6
    endloop
  endfacet
  facet normal 0.980732 0.195359 0
    outer loop
      vertex 77.8267 -0.582342 4
      vertex 77.7692 -0.293683 2.6
      vertex 77.7692 -0.293683 4
    endloop
  endfacet
  facet normal 0.980732 0.195359 0
    outer loop
      vertex 77.7692 -0.293683 2.6
      vertex 77.8267 -0.582342 4
      vertex 77.8267 -0.582342 2.6
    endloop
  endfacet
  facet normal 0.0654027 0.997859 -0
    outer loop
      vertex 80 -2.25 2.6
      vertex 79.7063 -2.23075 4
      vertex 80 -2.25 4
    endloop
  endfacet
  facet normal 0.0654027 0.997859 0
    outer loop
      vertex 79.7063 -2.23075 4
      vertex 80 -2.25 2.6
      vertex 79.7063 -2.23075 2.6
    endloop
  endfacet
  facet normal 0.321421 -0.946936 0
    outer loop
      vertex 79.139 2.07873 2.6
      vertex 79.4177 2.17333 4
      vertex 79.139 2.07873 4
    endloop
  endfacet
  facet normal 0.321421 -0.946936 0
    outer loop
      vertex 79.4177 2.17333 4
      vertex 79.139 2.07873 2.6
      vertex 79.4177 2.17333 2.6
    endloop
  endfacet
  facet normal 0.980732 -0.195359 0
    outer loop
      vertex 77.7692 0.293683 4
      vertex 77.8267 0.582342 2.6
      vertex 77.8267 0.582342 4
    endloop
  endfacet
  facet normal 0.980732 -0.195359 0
    outer loop
      vertex 77.8267 0.582342 2.6
      vertex 77.7692 0.293683 4
      vertex 77.7692 0.293683 2.6
    endloop
  endfacet
  facet normal -0.0654027 0.997859 0
    outer loop
      vertex 80.2937 -2.23075 2.6
      vertex 80 -2.25 4
      vertex 80.2937 -2.23075 4
    endloop
  endfacet
  facet normal -0.0654027 0.997859 0
    outer loop
      vertex 80 -2.25 4
      vertex 80.2937 -2.23075 2.6
      vertex 80 -2.25 2.6
    endloop
  endfacet
  facet normal 0.195136 -0.980776 0
    outer loop
      vertex 79.4177 2.17333 2.6
      vertex 79.7063 2.23075 4
      vertex 79.4177 2.17333 4
    endloop
  endfacet
  facet normal 0.195136 -0.980776 0
    outer loop
      vertex 79.7063 2.23075 4
      vertex 79.4177 2.17333 2.6
      vertex 79.7063 2.23075 2.6
    endloop
  endfacet
  facet normal 0.831328 0.555782 0
    outer loop
      vertex 78.215 -1.36971 4
      vertex 78.0514 -1.125 2.6
      vertex 78.0514 -1.125 4
    endloop
  endfacet
  facet normal 0.831328 0.555782 0
    outer loop
      vertex 78.0514 -1.125 2.6
      vertex 78.215 -1.36971 4
      vertex 78.215 -1.36971 2.6
    endloop
  endfacet
  facet normal -0.6799 -0.335363 -0.652125
    outer loop
      vertex 84.1495 1.71878 0
      vertex 81.9486 1.125 2.6
      vertex 83.8896 2.24569 0
    endloop
  endfacet
  facet normal -0.679986 -0.335146 -0.652148
    outer loop
      vertex 81.9486 1.125 2.6
      vertex 84.1495 1.71878 0
      vertex 82.0787 0.861037 2.6
    endloop
  endfacet
  facet normal -0.147869 0.743538 -0.652139
    outer loop
      vertex 80.5862 -4.45295 0
      vertex 80.5823 -2.17333 2.6
      vertex 81.1625 -4.33834 0
    endloop
  endfacet
  facet normal -0.147933 0.743531 -0.652133
    outer loop
      vertex 80.5823 -2.17333 2.6
      vertex 80.5862 -4.45295 0
      vertex 80.2937 -2.23075 2.6
    endloop
  endfacet
  facet normal -0.756473 0.0496457 -0.652138
    outer loop
      vertex 84.4914 0 0
      vertex 84.453 -0.585117 0
      vertex 82.25 0 2.6
    endloop
  endfacet
  facet normal -0.756501 0.0494575 -0.652119
    outer loop
      vertex 84.453 -0.585117 0
      vertex 82.2308 -0.293683 2.6
      vertex 82.25 0 2.6
    endloop
  endfacet
  facet normal -0.760176 0 -0.649717
    outer loop
      vertex 82.2308 -0.293683 2.6
      vertex 84.453 -0.585117 0
      vertex 84.453 -0.586242 0
    endloop
  endfacet
  facet normal -0.743512 -0.148004 -0.652139
    outer loop
      vertex 84.453 0.586242 0
      vertex 82.1733 0.582342 2.6
      vertex 84.3383 1.16245 0
    endloop
  endfacet
  facet normal -0.743501 -0.148103 -0.652129
    outer loop
      vertex 82.1733 0.582342 2.6
      vertex 84.453 0.586242 0
      vertex 82.2308 0.293683 2.6
    endloop
  endfacet
  facet normal -0.499858 -0.569965 -0.652137
    outer loop
      vertex 81.591 1.59099 2.6
      vertex 82.7342 3.56325 0
      vertex 83.1759 3.17588 0
    endloop
  endfacet
  facet normal -0.499811 -0.569999 -0.652142
    outer loop
      vertex 82.7342 3.56325 0
      vertex 81.591 1.59099 2.6
      vertex 81.3697 1.78504 2.6
    endloop
  endfacet
  facet normal -0.0549791 0.755963 -0.652301
    outer loop
      vertex 80.5851 -4.45303 0
      vertex 80.2937 -2.23075 2.6
      vertex 80.5862 -4.45295 0
    endloop
  endfacet
  facet normal -0.0495819 0.756478 -0.652137
    outer loop
      vertex 80.2937 -2.23075 2.6
      vertex 80.5851 -4.45303 0
      vertex 80 -2.25 2.6
    endloop
  endfacet
  facet normal 0.243673 0.717871 -0.652139
    outer loop
      vertex 79.139 -2.07873 2.6
      vertex 78.8365 -4.33798 0
      vertex 78.2812 -4.14949 0
    endloop
  endfacet
  facet normal -0.717858 -0.243699 -0.652143
    outer loop
      vertex 84.1495 1.71878 0
      vertex 84.338 1.16352 0
      vertex 82.0787 0.861037 2.6
    endloop
  endfacet
  facet normal 0.335255 0.679937 -0.652142
    outer loop
      vertex 78.2812 -4.14949 0
      vertex 78.875 -1.94856 2.6
      vertex 79.139 -2.07873 2.6
    endloop
  endfacet
  facet normal 0.335301 0.679919 -0.652137
    outer loop
      vertex 78.875 -1.94856 2.6
      vertex 78.2812 -4.14949 0
      vertex 77.7543 -3.88965 0
    endloop
  endfacet
  facet normal -0.727113 -0.203863 -0.655551
    outer loop
      vertex 84.3383 1.16245 0
      vertex 82.0787 0.861037 2.6
      vertex 84.338 1.16352 0
    endloop
  endfacet
  facet normal -0.717873 -0.243674 -0.652136
    outer loop
      vertex 82.0787 0.861037 2.6
      vertex 84.3383 1.16245 0
      vertex 82.1733 0.582342 2.6
    endloop
  endfacet
  facet normal 0.717858 -0.243699 -0.652143
    outer loop
      vertex 75.8505 1.71878 0
      vertex 77.9213 0.861037 2.6
      vertex 75.662 1.16352 0
    endloop
  endfacet
  facet normal 0.570046 -0.499769 -0.652133
    outer loop
      vertex 78.215 1.36971 2.6
      vertex 76.8241 3.17588 0
      vertex 78.409 1.59099 2.6
    endloop
  endfacet
  facet normal 0.570009 -0.499806 -0.652138
    outer loop
      vertex 76.8241 3.17588 0
      vertex 78.215 1.36971 2.6
      vertex 76.4368 2.73418 0
    endloop
  endfacet
  facet normal 0.756473 0.0496457 -0.652138
    outer loop
      vertex 77.75 0 2.6
      vertex 75.547 -0.585117 0
      vertex 75.5086 0 0
    endloop
  endfacet
  facet normal 0.243669 0.717869 -0.652142
    outer loop
      vertex 78.8375 -4.33834 0
      vertex 79.139 -2.07873 2.6
      vertex 79.4177 -2.17333 2.6
    endloop
  endfacet
  facet normal 0.257195 0.71443 -0.650723
    outer loop
      vertex 79.139 -2.07873 2.6
      vertex 78.8375 -4.33834 0
      vertex 78.8365 -4.33798 0
    endloop
  endfacet
  facet normal -0.243673 -0.717871 -0.652139
    outer loop
      vertex 81.1635 4.33798 0
      vertex 81.7188 4.14949 0
      vertex 80.861 2.07873 2.6
    endloop
  endfacet
  facet normal 0.743512 -0.148004 -0.652139
    outer loop
      vertex 77.8267 0.582342 2.6
      vertex 75.547 0.586242 0
      vertex 75.6617 1.16245 0
    endloop
  endfacet
  facet normal 0.743501 -0.148103 -0.652129
    outer loop
      vertex 75.547 0.586242 0
      vertex 77.8267 0.582342 2.6
      vertex 77.7692 0.293683 2.6
    endloop
  endfacet
  facet normal -0.760176 0 -0.649717
    outer loop
      vertex 84.453 0.585117 0
      vertex 82.2308 0.293683 2.6
      vertex 84.453 0.586242 0
    endloop
  endfacet
  facet normal -0.756501 -0.0494575 -0.652119
    outer loop
      vertex 82.2308 0.293683 2.6
      vertex 84.453 0.585117 0
      vertex 82.25 0 2.6
    endloop
  endfacet
  facet normal -0.756473 -0.0496457 -0.652138
    outer loop
      vertex 84.453 0.585117 0
      vertex 84.4914 0 0
      vertex 82.25 0 2.6
    endloop
  endfacet
  facet normal -0.570009 -0.499806 -0.652138
    outer loop
      vertex 81.785 1.36971 2.6
      vertex 83.1759 3.17588 0
      vertex 83.5632 2.73418 0
    endloop
  endfacet
  facet normal -0.570046 -0.499769 -0.652133
    outer loop
      vertex 83.1759 3.17588 0
      vertex 81.785 1.36971 2.6
      vertex 81.591 1.59099 2.6
    endloop
  endfacet
  facet normal 0.743501 0.148103 -0.652129
    outer loop
      vertex 77.8267 -0.582342 2.6
      vertex 75.547 -0.586242 0
      vertex 77.7692 -0.293683 2.6
    endloop
  endfacet
  facet normal 0.743512 0.148004 -0.652139
    outer loop
      vertex 75.547 -0.586242 0
      vertex 77.8267 -0.582342 2.6
      vertex 75.6617 -1.16245 0
    endloop
  endfacet
  facet normal 0.630227 -0.421336 -0.652142
    outer loop
      vertex 78.0514 1.125 2.6
      vertex 76.4368 2.73418 0
      vertex 78.215 1.36971 2.6
    endloop
  endfacet
  facet normal 0.630347 -0.421186 -0.652124
    outer loop
      vertex 76.4368 2.73418 0
      vertex 78.0514 1.125 2.6
      vertex 76.1104 2.24569 0
    endloop
  endfacet
  facet normal 0.335301 -0.679919 -0.652137
    outer loop
      vertex 78.2812 4.14949 0
      vertex 78.875 1.94856 2.6
      vertex 77.7543 3.88965 0
    endloop
  endfacet
  facet normal 0.335255 -0.679937 -0.652142
    outer loop
      vertex 78.875 1.94856 2.6
      vertex 78.2812 4.14949 0
      vertex 79.139 2.07873 2.6
    endloop
  endfacet
  facet normal 0.630227 0.421336 -0.652142
    outer loop
      vertex 76.4368 -2.73418 0
      vertex 78.0514 -1.125 2.6
      vertex 78.215 -1.36971 2.6
    endloop
  endfacet
  facet normal 0.630347 0.421186 -0.652124
    outer loop
      vertex 78.0514 -1.125 2.6
      vertex 76.4368 -2.73418 0
      vertex 76.1104 -2.24569 0
    endloop
  endfacet
  facet normal 0.727113 -0.203863 -0.655551
    outer loop
      vertex 77.9213 0.861037 2.6
      vertex 75.6617 1.16245 0
      vertex 75.662 1.16352 0
    endloop
  endfacet
  facet normal 0.717873 -0.243674 -0.652136
    outer loop
      vertex 75.6617 1.16245 0
      vertex 77.9213 0.861037 2.6
      vertex 77.8267 0.582342 2.6
    endloop
  endfacet
  facet normal -0.630347 -0.421186 -0.652124
    outer loop
      vertex 81.9486 1.125 2.6
      vertex 83.5632 2.73418 0
      vertex 83.8896 2.24569 0
    endloop
  endfacet
  facet normal -0.630227 -0.421336 -0.652142
    outer loop
      vertex 83.5632 2.73418 0
      vertex 81.9486 1.125 2.6
      vertex 81.785 1.36971 2.6
    endloop
  endfacet
  facet normal 0.570046 0.499769 -0.652133
    outer loop
      vertex 76.8241 -3.17588 0
      vertex 78.215 -1.36971 2.6
      vertex 78.409 -1.59099 2.6
    endloop
  endfacet
  facet normal 0.570009 0.499806 -0.652138
    outer loop
      vertex 78.215 -1.36971 2.6
      vertex 76.8241 -3.17588 0
      vertex 76.4368 -2.73418 0
    endloop
  endfacet
  facet normal -0.421172 -0.630339 -0.65214
    outer loop
      vertex 81.3697 1.78504 2.6
      vertex 82.2457 3.88965 0
      vertex 82.7342 3.56325 0
    endloop
  endfacet
  facet normal -0.421209 -0.630319 -0.652136
    outer loop
      vertex 82.2457 3.88965 0
      vertex 81.3697 1.78504 2.6
      vertex 81.125 1.94856 2.6
    endloop
  endfacet
  facet normal 0.0495829 0.756478 -0.652137
    outer loop
      vertex 80 -2.25 2.6
      vertex 80 -4.49138 0
      vertex 79.4149 -4.45303 0
    endloop
  endfacet
  facet normal -0.0495829 -0.756478 -0.652137
    outer loop
      vertex 80.5851 4.45303 0
      vertex 80 2.25 2.6
      vertex 80 4.49138 0
    endloop
  endfacet
  facet normal -0.630347 0.421186 -0.652124
    outer loop
      vertex 83.5632 -2.73418 0
      vertex 81.9486 -1.125 2.6
      vertex 83.8896 -2.24569 0
    endloop
  endfacet
  facet normal -0.630227 0.421336 -0.652142
    outer loop
      vertex 81.9486 -1.125 2.6
      vertex 83.5632 -2.73418 0
      vertex 81.785 -1.36971 2.6
    endloop
  endfacet
  facet normal -0.147933 -0.743531 -0.652133
    outer loop
      vertex 80.5862 4.45295 0
      vertex 80.5823 2.17333 2.6
      vertex 80.2937 2.23075 2.6
    endloop
  endfacet
  facet normal -0.147869 -0.743538 -0.652139
    outer loop
      vertex 80.5823 2.17333 2.6
      vertex 80.5862 4.45295 0
      vertex 81.1625 4.33834 0
    endloop
  endfacet
  facet normal -0.243669 -0.717869 -0.652142
    outer loop
      vertex 81.1625 4.33834 0
      vertex 80.861 2.07873 2.6
      vertex 80.5823 2.17333 2.6
    endloop
  endfacet
  facet normal -0.257195 -0.71443 -0.650723
    outer loop
      vertex 80.861 2.07873 2.6
      vertex 81.1625 4.33834 0
      vertex 81.1635 4.33798 0
    endloop
  endfacet
  facet normal 0.756473 -0.0496457 -0.652138
    outer loop
      vertex 75.547 0.585117 0
      vertex 77.75 0 2.6
      vertex 75.5086 0 0
    endloop
  endfacet
  facet normal 0.147933 0.743531 -0.652133
    outer loop
      vertex 79.4138 -4.45295 0
      vertex 79.4177 -2.17333 2.6
      vertex 79.7063 -2.23075 2.6
    endloop
  endfacet
  facet normal 0.147869 0.743538 -0.652139
    outer loop
      vertex 79.4177 -2.17333 2.6
      vertex 79.4138 -4.45295 0
      vertex 78.8375 -4.33834 0
    endloop
  endfacet
  facet normal -0.335255 -0.679937 -0.652142
    outer loop
      vertex 81.7188 4.14949 0
      vertex 81.125 1.94856 2.6
      vertex 80.861 2.07873 2.6
    endloop
  endfacet
  facet normal -0.335301 -0.679919 -0.652137
    outer loop
      vertex 81.125 1.94856 2.6
      vertex 81.7188 4.14949 0
      vertex 82.2457 3.88965 0
    endloop
  endfacet
  facet normal 0.243673 -0.717871 -0.652139
    outer loop
      vertex 78.8365 4.33798 0
      vertex 79.139 2.07873 2.6
      vertex 78.2812 4.14949 0
    endloop
  endfacet
  facet normal -0.257195 0.71443 -0.650723
    outer loop
      vertex 81.1625 -4.33834 0
      vertex 80.861 -2.07873 2.6
      vertex 81.1635 -4.33798 0
    endloop
  endfacet
  facet normal -0.243669 0.717869 -0.652142
    outer loop
      vertex 80.861 -2.07873 2.6
      vertex 81.1625 -4.33834 0
      vertex 80.5823 -2.17333 2.6
    endloop
  endfacet
  facet normal 0.499811 0.569999 -0.652142
    outer loop
      vertex 77.2658 -3.56325 0
      vertex 78.409 -1.59099 2.6
      vertex 78.6303 -1.78504 2.6
    endloop
  endfacet
  facet normal 0.499858 0.569965 -0.652137
    outer loop
      vertex 78.409 -1.59099 2.6
      vertex 77.2658 -3.56325 0
      vertex 76.8241 -3.17588 0
    endloop
  endfacet
  facet normal 0.499811 -0.569999 -0.652142
    outer loop
      vertex 78.409 1.59099 2.6
      vertex 77.2658 3.56325 0
      vertex 78.6303 1.78504 2.6
    endloop
  endfacet
  facet normal 0.499858 -0.569965 -0.652137
    outer loop
      vertex 77.2658 3.56325 0
      vertex 78.409 1.59099 2.6
      vertex 76.8241 3.17588 0
    endloop
  endfacet
  facet normal -0.0495819 -0.756478 -0.652137
    outer loop
      vertex 80.5851 4.45303 0
      vertex 80.2937 2.23075 2.6
      vertex 80 2.25 2.6
    endloop
  endfacet
  facet normal -0.0549791 -0.755963 -0.652301
    outer loop
      vertex 80.2937 2.23075 2.6
      vertex 80.5851 4.45303 0
      vertex 80.5862 4.45295 0
    endloop
  endfacet
  facet normal 0.6799 -0.335363 -0.652125
    outer loop
      vertex 78.0514 1.125 2.6
      vertex 75.8505 1.71878 0
      vertex 76.1104 2.24569 0
    endloop
  endfacet
  facet normal 0.679986 -0.335146 -0.652148
    outer loop
      vertex 75.8505 1.71878 0
      vertex 78.0514 1.125 2.6
      vertex 77.9213 0.861037 2.6
    endloop
  endfacet
  facet normal -0.243673 0.717871 -0.652139
    outer loop
      vertex 81.7188 -4.14949 0
      vertex 81.1635 -4.33798 0
      vertex 80.861 -2.07873 2.6
    endloop
  endfacet
  facet normal 0.421209 -0.630319 -0.652136
    outer loop
      vertex 78.6303 1.78504 2.6
      vertex 77.7543 3.88965 0
      vertex 78.875 1.94856 2.6
    endloop
  endfacet
  facet normal 0.421172 -0.630339 -0.65214
    outer loop
      vertex 77.7543 3.88965 0
      vertex 78.6303 1.78504 2.6
      vertex 77.2658 3.56325 0
    endloop
  endfacet
  facet normal 0.0495819 0.756478 -0.652137
    outer loop
      vertex 79.4149 -4.45303 0
      vertex 79.7063 -2.23075 2.6
      vertex 80 -2.25 2.6
    endloop
  endfacet
  facet normal 0.0549791 0.755963 -0.652301
    outer loop
      vertex 79.7063 -2.23075 2.6
      vertex 79.4149 -4.45303 0
      vertex 79.4138 -4.45295 0
    endloop
  endfacet
  facet normal -0.679986 0.335146 -0.652148
    outer loop
      vertex 84.1495 -1.71878 0
      vertex 81.9486 -1.125 2.6
      vertex 82.0787 -0.861037 2.6
    endloop
  endfacet
  facet normal -0.6799 0.335363 -0.652125
    outer loop
      vertex 81.9486 -1.125 2.6
      vertex 84.1495 -1.71878 0
      vertex 83.8896 -2.24569 0
    endloop
  endfacet
  facet normal -0.717873 0.243674 -0.652136
    outer loop
      vertex 84.3383 -1.16245 0
      vertex 82.0787 -0.861037 2.6
      vertex 82.1733 -0.582342 2.6
    endloop
  endfacet
  facet normal -0.727113 0.203863 -0.655551
    outer loop
      vertex 82.0787 -0.861037 2.6
      vertex 84.3383 -1.16245 0
      vertex 84.338 -1.16352 0
    endloop
  endfacet
  facet normal 0.717858 0.243699 -0.652143
    outer loop
      vertex 77.9213 -0.861037 2.6
      vertex 75.8505 -1.71878 0
      vertex 75.662 -1.16352 0
    endloop
  endfacet
  facet normal 0.0549791 -0.755963 -0.652301
    outer loop
      vertex 79.4149 4.45303 0
      vertex 79.7063 2.23075 2.6
      vertex 79.4138 4.45295 0
    endloop
  endfacet
  facet normal 0.0495819 -0.756478 -0.652137
    outer loop
      vertex 79.7063 2.23075 2.6
      vertex 79.4149 4.45303 0
      vertex 80 2.25 2.6
    endloop
  endfacet
  facet normal 0.756501 0.0494575 -0.652119
    outer loop
      vertex 77.7692 -0.293683 2.6
      vertex 75.547 -0.585117 0
      vertex 77.75 0 2.6
    endloop
  endfacet
  facet normal 0.760176 0 -0.649717
    outer loop
      vertex 75.547 -0.585117 0
      vertex 77.7692 -0.293683 2.6
      vertex 75.547 -0.586242 0
    endloop
  endfacet
  facet normal -0.421172 0.630339 -0.65214
    outer loop
      vertex 82.2457 -3.88965 0
      vertex 81.3697 -1.78504 2.6
      vertex 82.7342 -3.56325 0
    endloop
  endfacet
  facet normal -0.421209 0.630319 -0.652136
    outer loop
      vertex 81.3697 -1.78504 2.6
      vertex 82.2457 -3.88965 0
      vertex 81.125 -1.94856 2.6
    endloop
  endfacet
  facet normal -0.717858 0.243699 -0.652143
    outer loop
      vertex 84.338 -1.16352 0
      vertex 84.1495 -1.71878 0
      vertex 82.0787 -0.861037 2.6
    endloop
  endfacet
  facet normal -0.0495829 0.756478 -0.652137
    outer loop
      vertex 80.5851 -4.45303 0
      vertex 80 -4.49138 0
      vertex 80 -2.25 2.6
    endloop
  endfacet
  facet normal 0.257195 -0.71443 -0.650723
    outer loop
      vertex 78.8375 4.33834 0
      vertex 79.139 2.07873 2.6
      vertex 78.8365 4.33798 0
    endloop
  endfacet
  facet normal 0.243669 -0.717869 -0.652142
    outer loop
      vertex 79.139 2.07873 2.6
      vertex 78.8375 4.33834 0
      vertex 79.4177 2.17333 2.6
    endloop
  endfacet
  facet normal 0.679986 0.335146 -0.652148
    outer loop
      vertex 78.0514 -1.125 2.6
      vertex 75.8505 -1.71878 0
      vertex 77.9213 -0.861037 2.6
    endloop
  endfacet
  facet normal 0.6799 0.335363 -0.652125
    outer loop
      vertex 75.8505 -1.71878 0
      vertex 78.0514 -1.125 2.6
      vertex 76.1104 -2.24569 0
    endloop
  endfacet
  facet normal 0.0495829 -0.756478 -0.652137
    outer loop
      vertex 80 4.49138 0
      vertex 80 2.25 2.6
      vertex 79.4149 4.45303 0
    endloop
  endfacet
  facet normal -0.335301 0.679919 -0.652137
    outer loop
      vertex 81.7188 -4.14949 0
      vertex 81.125 -1.94856 2.6
      vertex 82.2457 -3.88965 0
    endloop
  endfacet
  facet normal -0.335255 0.679937 -0.652142
    outer loop
      vertex 81.125 -1.94856 2.6
      vertex 81.7188 -4.14949 0
      vertex 80.861 -2.07873 2.6
    endloop
  endfacet
  facet normal 0.147869 -0.743538 -0.652139
    outer loop
      vertex 79.4138 4.45295 0
      vertex 79.4177 2.17333 2.6
      vertex 78.8375 4.33834 0
    endloop
  endfacet
  facet normal 0.147933 -0.743531 -0.652133
    outer loop
      vertex 79.4177 2.17333 2.6
      vertex 79.4138 4.45295 0
      vertex 79.7063 2.23075 2.6
    endloop
  endfacet
  facet normal 0.760176 0 -0.649717
    outer loop
      vertex 77.7692 0.293683 2.6
      vertex 75.547 0.585117 0
      vertex 75.547 0.586242 0
    endloop
  endfacet
  facet normal 0.756501 -0.0494575 -0.652119
    outer loop
      vertex 75.547 0.585117 0
      vertex 77.7692 0.293683 2.6
      vertex 77.75 0 2.6
    endloop
  endfacet
  facet normal 0.717873 0.243674 -0.652136
    outer loop
      vertex 77.9213 -0.861037 2.6
      vertex 75.6617 -1.16245 0
      vertex 77.8267 -0.582342 2.6
    endloop
  endfacet
  facet normal 0.727113 0.203863 -0.655551
    outer loop
      vertex 75.6617 -1.16245 0
      vertex 77.9213 -0.861037 2.6
      vertex 75.662 -1.16352 0
    endloop
  endfacet
  facet normal -0.499858 0.569965 -0.652137
    outer loop
      vertex 82.7342 -3.56325 0
      vertex 81.591 -1.59099 2.6
      vertex 83.1759 -3.17588 0
    endloop
  endfacet
  facet normal -0.499811 0.569999 -0.652142
    outer loop
      vertex 81.591 -1.59099 2.6
      vertex 82.7342 -3.56325 0
      vertex 81.3697 -1.78504 2.6
    endloop
  endfacet
  facet normal 0.421209 0.630319 -0.652136
    outer loop
      vertex 77.7543 -3.88965 0
      vertex 78.6303 -1.78504 2.6
      vertex 78.875 -1.94856 2.6
    endloop
  endfacet
  facet normal 0.421172 0.630339 -0.65214
    outer loop
      vertex 78.6303 -1.78504 2.6
      vertex 77.7543 -3.88965 0
      vertex 77.2658 -3.56325 0
    endloop
  endfacet
  facet normal -0.570009 0.499806 -0.652138
    outer loop
      vertex 83.1759 -3.17588 0
      vertex 81.785 -1.36971 2.6
      vertex 83.5632 -2.73418 0
    endloop
  endfacet
  facet normal -0.570046 0.499769 -0.652133
    outer loop
      vertex 81.785 -1.36971 2.6
      vertex 83.1759 -3.17588 0
      vertex 81.591 -1.59099 2.6
    endloop
  endfacet
  facet normal -0.743501 0.148103 -0.652129
    outer loop
      vertex 84.453 -0.586242 0
      vertex 82.1733 -0.582342 2.6
      vertex 82.2308 -0.293683 2.6
    endloop
  endfacet
  facet normal -0.743512 0.148004 -0.652139
    outer loop
      vertex 82.1733 -0.582342 2.6
      vertex 84.453 -0.586242 0
      vertex 84.3383 -1.16245 0
    endloop
  endfacet
  facet normal -0 0 1
    outer loop
      vertex 82.0787 0.861037 4
      vertex 90 0 4
      vertex 89.8767 4.71024 4
    endloop
  endfacet
  facet normal 0 0 1
    outer loop
      vertex 81.3697 1.78504 4
      vertex 89.8767 4.71024 4
      vertex 89.507 9.40756 4
    endloop
  endfacet
  facet normal 0 0 1
    outer loop
      vertex 90 0 4
      vertex 82.1733 0.582342 4
      vertex 82.2308 0.293683 4
    endloop
  endfacet
  facet normal 0 0 1
    outer loop
      vertex 80.5823 2.17333 4
      vertex 89.507 9.40756 4
      vertex 89.2578 11.3 4
    endloop
  endfacet
  facet normal 0 0 1
    outer loop
      vertex 82.2308 -0.293683 4
      vertex 90 0 4
      vertex 82.25 0 4
    endloop
  endfacet
  facet normal 0 0 1
    outer loop
      vertex 82.0787 -0.861037 4
      vertex 90 0 4
      vertex 82.1733 -0.582342 4
    endloop
  endfacet
  facet normal 0 0 1
    outer loop
      vertex 82.1733 -0.582342 4
      vertex 90 0 4
      vertex 82.2308 -0.293683 4
    endloop
  endfacet
  facet normal 0 0 1
    outer loop
      vertex 90 0 4
      vertex 82.2308 0.293683 4
      vertex 82.25 0 4
    endloop
  endfacet
  facet normal 0 0 1
    outer loop
      vertex 90 0 4
      vertex 82.0787 0.861037 4
      vertex 82.1733 0.582342 4
    endloop
  endfacet
  facet normal 0 0 1
    outer loop
      vertex 89.8767 4.71024 4
      vertex 81.9486 1.125 4
      vertex 82.0787 0.861037 4
    endloop
  endfacet
  facet normal 0 0 1
    outer loop
      vertex 89.8767 4.71024 4
      vertex 81.785 1.36971 4
      vertex 81.9486 1.125 4
    endloop
  endfacet
  facet normal 0 0 1
    outer loop
      vertex 89.8767 4.71024 4
      vertex 81.591 1.59099 4
      vertex 81.785 1.36971 4
    endloop
  endfacet
  facet normal 0 0 1
    outer loop
      vertex 89.8767 4.71024 4
      vertex 81.3697 1.78504 4
      vertex 81.591 1.59099 4
    endloop
  endfacet
  facet normal 0 0 1
    outer loop
      vertex 89.507 9.40756 4
      vertex 81.125 1.94856 4
      vertex 81.3697 1.78504 4
    endloop
  endfacet
  facet normal 0 0 1
    outer loop
      vertex 89.507 9.40756 4
      vertex 80.861 2.07873 4
      vertex 81.125 1.94856 4
    endloop
  endfacet
  facet normal 0 0 1
    outer loop
      vertex 89.507 9.40756 4
      vertex 80.5823 2.17333 4
      vertex 80.861 2.07873 4
    endloop
  endfacet
  facet normal 0 0 1
    outer loop
      vertex 89.2578 11.3 4
      vertex 80.2937 2.23075 4
      vertex 80.5823 2.17333 4
    endloop
  endfacet
  facet normal 0 0 1
    outer loop
      vertex 89.2578 11.3 4
      vertex 80 2.25 4
      vertex 80.2937 2.23075 4
    endloop
  endfacet
  facet normal 0 0 1
    outer loop
      vertex 89.2578 11.3 4
      vertex 79.7063 2.23075 4
      vertex 80 2.25 4
    endloop
  endfacet
  facet normal 0 0 1
    outer loop
      vertex 89.2578 11.3 4
      vertex 79.4177 2.17333 4
      vertex 79.7063 2.23075 4
    endloop
  endfacet
  facet normal 0 0 1
    outer loop
      vertex 89.2578 11.3 4
      vertex 79.139 2.07873 4
      vertex 79.4177 2.17333 4
    endloop
  endfacet
  facet normal 0 0 1
    outer loop
      vertex 89.2578 11.3 4
      vertex 78.875 1.94856 4
      vertex 79.139 2.07873 4
    endloop
  endfacet
  facet normal 0 0 1
    outer loop
      vertex 56.125 1.94856 4
      vertex 78.875 1.94856 4
      vertex 89.2578 11.3 4
    endloop
  endfacet
  facet normal 0 0 1
    outer loop
      vertex 78.875 1.94856 4
      vertex 56.125 1.94856 4
      vertex 78.6303 1.78504 4
    endloop
  endfacet
  facet normal 0 0 1
    outer loop
      vertex 77.7692 0.293683 4
      vertex 57.25 0 4
      vertex 77.75 0 4
    endloop
  endfacet
  facet normal 0 0 1
    outer loop
      vertex 57.2308 0.293683 4
      vertex 77.7692 0.293683 4
      vertex 77.8267 0.582342 4
    endloop
  endfacet
  facet normal 0 0 1
    outer loop
      vertex 57.1733 0.582342 4
      vertex 77.8267 0.582342 4
      vertex 77.9213 0.861037 4
    endloop
  endfacet
  facet normal 0 0 1
    outer loop
      vertex 57.0787 0.861037 4
      vertex 77.9213 0.861037 4
      vertex 78.0514 1.125 4
    endloop
  endfacet
  facet normal 0 0 1
    outer loop
      vertex 56.9486 1.125 4
      vertex 78.0514 1.125 4
      vertex 78.215 1.36971 4
    endloop
  endfacet
  facet normal 0 0 1
    outer loop
      vertex 56.785 1.36971 4
      vertex 78.215 1.36971 4
      vertex 78.409 1.59099 4
    endloop
  endfacet
  facet normal 0 -0 1
    outer loop
      vertex 56.3697 1.78504 4
      vertex 78.6303 1.78504 4
      vertex 56.125 1.94856 4
    endloop
  endfacet
  facet normal 0 0 1
    outer loop
      vertex 77.7692 0.293683 4
      vertex 57.2308 0.293683 4
      vertex 57.25 0 4
    endloop
  endfacet
  facet normal 0 0 1
    outer loop
      vertex 77.8267 0.582342 4
      vertex 57.1733 0.582342 4
      vertex 57.2308 0.293683 4
    endloop
  endfacet
  facet normal 0 0 1
    outer loop
      vertex 77.9213 0.861037 4
      vertex 57.0787 0.861037 4
      vertex 57.1733 0.582342 4
    endloop
  endfacet
  facet normal 0 0 1
    outer loop
      vertex 78.0514 1.125 4
      vertex 56.9486 1.125 4
      vertex 57.0787 0.861037 4
    endloop
  endfacet
  facet normal 0 0 1
    outer loop
      vertex 78.215 1.36971 4
      vertex 56.785 1.36971 4
      vertex 56.9486 1.125 4
    endloop
  endfacet
  facet normal 0 0 1
    outer loop
      vertex 78.409 1.59099 4
      vertex 56.591 1.59099 4
      vertex 56.785 1.36971 4
    endloop
  endfacet
  facet normal 0 0 1
    outer loop
      vertex 78.409 1.59099 4
      vertex 56.3697 1.78504 4
      vertex 56.591 1.59099 4
    endloop
  endfacet
  facet normal 0 0 1
    outer loop
      vertex 78.6303 1.78504 4
      vertex 56.3697 1.78504 4
      vertex 78.409 1.59099 4
    endloop
  endfacet
  facet normal 0 0 1
    outer loop
      vertex 89.2578 11.3 4
      vertex 55.861 2.07873 4
      vertex 56.125 1.94856 4
    endloop
  endfacet
  facet normal 0 0 1
    outer loop
      vertex 89.2578 11.3 4
      vertex 55.5823 2.17333 4
      vertex 55.861 2.07873 4
    endloop
  endfacet
  facet normal -0 0 1
    outer loop
      vertex 40 11.3 4
      vertex 55.5823 2.17333 4
      vertex 89.2578 11.3 4
    endloop
  endfacet
  facet normal 0 0 1
    outer loop
      vertex 55.5823 2.17333 4
      vertex 40 11.3 4
      vertex 55.2937 2.23075 4
    endloop
  endfacet
  facet normal 0 0 1
    outer loop
      vertex 55.2937 2.23075 4
      vertex 40 11.3 4
      vertex 55 2.25 4
    endloop
  endfacet
  facet normal 0 0 1
    outer loop
      vertex 55 2.25 4
      vertex 40 11.3 4
      vertex 54.7063 2.23075 4
    endloop
  endfacet
  facet normal 0 0 1
    outer loop
      vertex 52.7692 0.293683 4
      vertex 40 11.3 4
      vertex 52.75 0 4
    endloop
  endfacet
  facet normal 0 0 1
    outer loop
      vertex 52.8267 0.582342 4
      vertex 40 11.3 4
      vertex 52.7692 0.293683 4
    endloop
  endfacet
  facet normal 0 0 1
    outer loop
      vertex 52.9213 0.861037 4
      vertex 40 11.3 4
      vertex 52.8267 0.582342 4
    endloop
  endfacet
  facet normal 0 0 1
    outer loop
      vertex 53.0514 1.125 4
      vertex 40 11.3 4
      vertex 52.9213 0.861037 4
    endloop
  endfacet
  facet normal 0 0 1
    outer loop
      vertex 53.215 1.36971 4
      vertex 40 11.3 4
      vertex 53.0514 1.125 4
    endloop
  endfacet
  facet normal 0 0 1
    outer loop
      vertex 53.409 1.59099 4
      vertex 40 11.3 4
      vertex 53.215 1.36971 4
    endloop
  endfacet
  facet normal 0 0 1
    outer loop
      vertex 53.6303 1.78504 4
      vertex 40 11.3 4
      vertex 53.409 1.59099 4
    endloop
  endfacet
  facet normal 0 0 1
    outer loop
      vertex 53.875 1.94856 4
      vertex 40 11.3 4
      vertex 53.6303 1.78504 4
    endloop
  endfacet
  facet normal 0 0 1
    outer loop
      vertex 54.139 2.07873 4
      vertex 40 11.3 4
      vertex 53.875 1.94856 4
    endloop
  endfacet
  facet normal 0 0 1
    outer loop
      vertex 54.4177 2.17333 4
      vertex 40 11.3 4
      vertex 54.139 2.07873 4
    endloop
  endfacet
  facet normal 0 0 1
    outer loop
      vertex 54.7063 2.23075 4
      vertex 40 11.3 4
      vertex 54.4177 2.17333 4
    endloop
  endfacet
  facet normal 0 0 1
    outer loop
      vertex 90 0 4
      vertex 82.0787 -0.861037 4
      vertex 89.8767 -4.71024 4
    endloop
  endfacet
  facet normal -0 0 1
    outer loop
      vertex 81.9486 -1.125 4
      vertex 89.8767 -4.71024 4
      vertex 82.0787 -0.861037 4
    endloop
  endfacet
  facet normal -0 0 1
    outer loop
      vertex 81.785 -1.36971 4
      vertex 89.8767 -4.71024 4
      vertex 81.9486 -1.125 4
    endloop
  endfacet
  facet normal -0 0 1
    outer loop
      vertex 81.591 -1.59099 4
      vertex 89.8767 -4.71024 4
      vertex 81.785 -1.36971 4
    endloop
  endfacet
  facet normal -0 0 1
    outer loop
      vertex 81.3697 -1.78504 4
      vertex 89.8767 -4.71024 4
      vertex 81.591 -1.59099 4
    endloop
  endfacet
  facet normal 0 0 1
    outer loop
      vertex 89.8767 -4.71024 4
      vertex 81.3697 -1.78504 4
      vertex 89.507 -9.40756 4
    endloop
  endfacet
  facet normal -0 0 1
    outer loop
      vertex 81.125 -1.94856 4
      vertex 89.507 -9.40756 4
      vertex 81.3697 -1.78504 4
    endloop
  endfacet
  facet normal -0 0 1
    outer loop
      vertex 80.861 -2.07873 4
      vertex 89.507 -9.40756 4
      vertex 81.125 -1.94856 4
    endloop
  endfacet
  facet normal -0 0 1
    outer loop
      vertex 80.5823 -2.17333 4
      vertex 89.507 -9.40756 4
      vertex 80.861 -2.07873 4
    endloop
  endfacet
  facet normal 0 0 1
    outer loop
      vertex 89.507 -9.40756 4
      vertex 80.5823 -2.17333 4
      vertex 89.2578 -11.3 4
    endloop
  endfacet
  facet normal -0 0 1
    outer loop
      vertex 80.2937 -2.23075 4
      vertex 89.2578 -11.3 4
      vertex 80.5823 -2.17333 4
    endloop
  endfacet
  facet normal -0 0 1
    outer loop
      vertex 80 -2.25 4
      vertex 89.2578 -11.3 4
      vertex 80.2937 -2.23075 4
    endloop
  endfacet
  facet normal 0 0 1
    outer loop
      vertex 79.7063 -2.23075 4
      vertex 89.2578 -11.3 4
      vertex 80 -2.25 4
    endloop
  endfacet
  facet normal 0 0 1
    outer loop
      vertex 79.4177 -2.17333 4
      vertex 89.2578 -11.3 4
      vertex 79.7063 -2.23075 4
    endloop
  endfacet
  facet normal 0 0 1
    outer loop
      vertex 79.139 -2.07873 4
      vertex 89.2578 -11.3 4
      vertex 79.4177 -2.17333 4
    endloop
  endfacet
  facet normal 0 0 1
    outer loop
      vertex 78.875 -1.94856 4
      vertex 89.2578 -11.3 4
      vertex 79.139 -2.07873 4
    endloop
  endfacet
  facet normal 0 0 1
    outer loop
      vertex 56.125 -1.94856 4
      vertex 78.875 -1.94856 4
      vertex 78.6303 -1.78504 4
    endloop
  endfacet
  facet normal 0 0 1
    outer loop
      vertex 56.3697 -1.78504 4
      vertex 78.6303 -1.78504 4
      vertex 78.409 -1.59099 4
    endloop
  endfacet
  facet normal -0 0 1
    outer loop
      vertex 57.25 0 4
      vertex 77.7692 -0.293683 4
      vertex 77.75 0 4
    endloop
  endfacet
  facet normal 0 0 1
    outer loop
      vertex 57.2308 -0.293683 4
      vertex 77.7692 -0.293683 4
      vertex 57.25 0 4
    endloop
  endfacet
  facet normal 0 0 1
    outer loop
      vertex 77.7692 -0.293683 4
      vertex 57.2308 -0.293683 4
      vertex 77.8267 -0.582342 4
    endloop
  endfacet
  facet normal 0 0 1
    outer loop
      vertex 57.1733 -0.582342 4
      vertex 77.8267 -0.582342 4
      vertex 57.2308 -0.293683 4
    endloop
  endfacet
  facet normal 0 0 1
    outer loop
      vertex 77.8267 -0.582342 4
      vertex 57.1733 -0.582342 4
      vertex 77.9213 -0.861037 4
    endloop
  endfacet
  facet normal 0 0 1
    outer loop
      vertex 57.0787 -0.861037 4
      vertex 77.9213 -0.861037 4
      vertex 57.1733 -0.582342 4
    endloop
  endfacet
  facet normal 0 0 1
    outer loop
      vertex 77.9213 -0.861037 4
      vertex 57.0787 -0.861037 4
      vertex 78.0514 -1.125 4
    endloop
  endfacet
  facet normal 0 0 1
    outer loop
      vertex 56.9486 -1.125 4
      vertex 78.0514 -1.125 4
      vertex 57.0787 -0.861037 4
    endloop
  endfacet
  facet normal 0 0 1
    outer loop
      vertex 78.0514 -1.125 4
      vertex 56.9486 -1.125 4
      vertex 78.215 -1.36971 4
    endloop
  endfacet
  facet normal 0 0 1
    outer loop
      vertex 56.785 -1.36971 4
      vertex 78.215 -1.36971 4
      vertex 56.9486 -1.125 4
    endloop
  endfacet
  facet normal 0 0 1
    outer loop
      vertex 78.215 -1.36971 4
      vertex 56.785 -1.36971 4
      vertex 78.409 -1.59099 4
    endloop
  endfacet
  facet normal 0 0 1
    outer loop
      vertex 56.591 -1.59099 4
      vertex 78.409 -1.59099 4
      vertex 56.785 -1.36971 4
    endloop
  endfacet
  facet normal 0 0 1
    outer loop
      vertex 56.3697 -1.78504 4
      vertex 78.409 -1.59099 4
      vertex 56.591 -1.59099 4
    endloop
  endfacet
  facet normal 0 0 1
    outer loop
      vertex 78.6303 -1.78504 4
      vertex 56.3697 -1.78504 4
      vertex 56.125 -1.94856 4
    endloop
  endfacet
  facet normal 0 0 1
    outer loop
      vertex 78.875 -1.94856 4
      vertex 56.125 -1.94856 4
      vertex 89.2578 -11.3 4
    endloop
  endfacet
  facet normal -0 0 1
    outer loop
      vertex 55.861 -2.07873 4
      vertex 89.2578 -11.3 4
      vertex 56.125 -1.94856 4
    endloop
  endfacet
  facet normal -0 0 1
    outer loop
      vertex 55.5823 -2.17333 4
      vertex 89.2578 -11.3 4
      vertex 55.861 -2.07873 4
    endloop
  endfacet
  facet normal 0 0 1
    outer loop
      vertex 40 -11.3 4
      vertex 55.5823 -2.17333 4
      vertex 55.2937 -2.23075 4
    endloop
  endfacet
  facet normal 0 0 1
    outer loop
      vertex 40 -11.3 4
      vertex 55.2937 -2.23075 4
      vertex 55 -2.25 4
    endloop
  endfacet
  facet normal 0 0 1
    outer loop
      vertex 40 -11.3 4
      vertex 55 -2.25 4
      vertex 54.7063 -2.23075 4
    endloop
  endfacet
  facet normal 0 0 1
    outer loop
      vertex 40 -11.3 4
      vertex 54.7063 -2.23075 4
      vertex 54.4177 -2.17333 4
    endloop
  endfacet
  facet normal 0 0 1
    outer loop
      vertex 40 -11.3 4
      vertex 52.75 0 4
      vertex 40 11.3 4
    endloop
  endfacet
  facet normal 0 0 1
    outer loop
      vertex 52.75 0 4
      vertex 40 -11.3 4
      vertex 52.7692 -0.293683 4
    endloop
  endfacet
  facet normal 0 0 1
    outer loop
      vertex 52.7692 -0.293683 4
      vertex 40 -11.3 4
      vertex 52.8267 -0.582342 4
    endloop
  endfacet
  facet normal 0 0 1
    outer loop
      vertex 52.8267 -0.582342 4
      vertex 40 -11.3 4
      vertex 52.9213 -0.861037 4
    endloop
  endfacet
  facet normal 0 0 1
    outer loop
      vertex 52.9213 -0.861037 4
      vertex 40 -11.3 4
      vertex 53.0514 -1.125 4
    endloop
  endfacet
  facet normal 0 0 1
    outer loop
      vertex 53.0514 -1.125 4
      vertex 40 -11.3 4
      vertex 53.215 -1.36971 4
    endloop
  endfacet
  facet normal 0 0 1
    outer loop
      vertex 55.5823 -2.17333 4
      vertex 40 -11.3 4
      vertex 89.2578 -11.3 4
    endloop
  endfacet
  facet normal 0 0 1
    outer loop
      vertex 54.139 -2.07873 4
      vertex 40 -11.3 4
      vertex 54.4177 -2.17333 4
    endloop
  endfacet
  facet normal 0 0 1
    outer loop
      vertex 53.875 -1.94856 4
      vertex 40 -11.3 4
      vertex 54.139 -2.07873 4
    endloop
  endfacet
  facet normal 0 0 1
    outer loop
      vertex 53.6303 -1.78504 4
      vertex 40 -11.3 4
      vertex 53.875 -1.94856 4
    endloop
  endfacet
  facet normal 0 0 1
    outer loop
      vertex 53.409 -1.59099 4
      vertex 40 -11.3 4
      vertex 53.6303 -1.78504 4
    endloop
  endfacet
  facet normal 0 0 1
    outer loop
      vertex 53.215 -1.36971 4
      vertex 40 -11.3 4
      vertex 53.409 -1.59099 4
    endloop
  endfacet
  facet normal 1 -0 0
    outer loop
      vertex 40 -11.3 10
      vertex 40 11.3 4
      vertex 40 11.3 10
    endloop
  endfacet
  facet normal 1 0 0
    outer loop
      vertex 40 11.3 4
      vertex 40 -11.3 10
      vertex 40 -11.3 4
    endloop
  endfacet
  facet normal 0 1 -0
    outer loop
      vertex 89.2578 -11.3 4
      vertex 40 -11.3 10
      vertex 89.2578 -11.3 10
    endloop
  endfacet
  facet normal 0 1 0
    outer loop
      vertex 40 -11.3 10
      vertex 89.2578 -11.3 4
      vertex 40 -11.3 4
    endloop
  endfacet
  facet normal 0 -1 0
    outer loop
      vertex 40 11.3 4
      vertex 89.2578 11.3 10
      vertex 40 11.3 10
    endloop
  endfacet
  facet normal 0 -1 -0
    outer loop
      vertex 89.2578 11.3 10
      vertex 40 11.3 4
      vertex 89.2578 11.3 4
    endloop
  endfacet
  facet normal 0.659202 0.751966 -0
    outer loop
      vertex -28.8697 -49.4164 2.6
      vertex -29.091 -49.2224 4
      vertex -28.8697 -49.4164 4
    endloop
  endfacet
  facet normal 0.659202 0.751966 0
    outer loop
      vertex -29.091 -49.2224 4
      vertex -28.8697 -49.4164 2.6
      vertex -29.091 -49.2224 2.6
    endloop
  endfacet
  facet normal 0.555797 0.831318 -0
    outer loop
      vertex -28.625 -49.58 2.6
      vertex -28.8697 -49.4164 4
      vertex -28.625 -49.58 4
    endloop
  endfacet
  facet normal 0.555797 0.831318 0
    outer loop
      vertex -28.8697 -49.4164 4
      vertex -28.625 -49.58 2.6
      vertex -28.8697 -49.4164 2.6
    endloop
  endfacet
  facet normal 0.751966 0.659202 0
    outer loop
      vertex -29.091 -49.2224 4
      vertex -29.285 -49.0011 2.6
      vertex -29.285 -49.0011 4
    endloop
  endfacet
  facet normal 0.751966 0.659202 0
    outer loop
      vertex -29.285 -49.0011 2.6
      vertex -29.091 -49.2224 4
      vertex -29.091 -49.2224 2.6
    endloop
  endfacet
  facet normal 0.896995 0.442042 0
    outer loop
      vertex -29.4486 -48.7564 4
      vertex -29.5787 -48.4924 2.6
      vertex -29.5787 -48.4924 4
    endloop
  endfacet
  facet normal 0.896995 0.442042 0
    outer loop
      vertex -29.5787 -48.4924 2.6
      vertex -29.4486 -48.7564 4
      vertex -29.4486 -48.7564 2.6
    endloop
  endfacet
  facet normal -0.980724 -0.195397 0
    outer loop
      vertex -25.2692 -47.3377 2.6
      vertex -25.3267 -47.0491 4
      vertex -25.3267 -47.0491 2.6
    endloop
  endfacet
  facet normal -0.980724 -0.195397 0
    outer loop
      vertex -25.3267 -47.0491 4
      vertex -25.2692 -47.3377 2.6
      vertex -25.2692 -47.3377 4
    endloop
  endfacet
  facet normal -0.19507 0.980789 0
    outer loop
      vertex -26.9177 -49.8047 2.6
      vertex -27.2063 -49.8621 4
      vertex -26.9177 -49.8047 4
    endloop
  endfacet
  facet normal -0.19507 0.980789 0
    outer loop
      vertex -27.2063 -49.8621 4
      vertex -26.9177 -49.8047 2.6
      vertex -27.2063 -49.8621 2.6
    endloop
  endfacet
  facet normal 0.980724 0.195397 0
    outer loop
      vertex -29.6733 -48.2137 4
      vertex -29.7308 -47.9251 2.6
      vertex -29.7308 -47.9251 4
    endloop
  endfacet
  facet normal 0.980724 0.195397 0
    outer loop
      vertex -29.7308 -47.9251 2.6
      vertex -29.6733 -48.2137 4
      vertex -29.6733 -48.2137 2.6
    endloop
  endfacet
  facet normal 0.555797 -0.831318 0
    outer loop
      vertex -28.8697 -45.8464 2.6
      vertex -28.625 -45.6828 4
      vertex -28.8697 -45.8464 4
    endloop
  endfacet
  facet normal 0.555797 -0.831318 0
    outer loop
      vertex -28.625 -45.6828 4
      vertex -28.8697 -45.8464 2.6
      vertex -28.625 -45.6828 2.6
    endloop
  endfacet
  facet normal 0.99787 -0.0652336 0
    outer loop
      vertex -29.75 -47.6314 4
      vertex -29.7308 -47.3377 2.6
      vertex -29.7308 -47.3377 4
    endloop
  endfacet
  facet normal 0.99787 -0.0652336 0
    outer loop
      vertex -29.7308 -47.3377 2.6
      vertex -29.75 -47.6314 4
      vertex -29.75 -47.6314 2.6
    endloop
  endfacet
  facet normal 0.0655719 0.997848 -0
    outer loop
      vertex -27.5 -49.8814 2.6
      vertex -27.7937 -49.8621 4
      vertex -27.5 -49.8814 4
    endloop
  endfacet
  facet normal 0.0655719 0.997848 0
    outer loop
      vertex -27.7937 -49.8621 4
      vertex -27.5 -49.8814 2.6
      vertex -27.7937 -49.8621 2.6
    endloop
  endfacet
  facet normal -0.659202 0.751966 0
    outer loop
      vertex -25.909 -49.2224 2.6
      vertex -26.1303 -49.4164 4
      vertex -25.909 -49.2224 4
    endloop
  endfacet
  facet normal -0.659202 0.751966 0
    outer loop
      vertex -26.1303 -49.4164 4
      vertex -25.909 -49.2224 2.6
      vertex -26.1303 -49.4164 2.6
    endloop
  endfacet
  facet normal 0.831318 0.555797 0
    outer loop
      vertex -29.285 -49.0011 4
      vertex -29.4486 -48.7564 2.6
      vertex -29.4486 -48.7564 4
    endloop
  endfacet
  facet normal 0.831318 0.555797 0
    outer loop
      vertex -29.4486 -48.7564 2.6
      vertex -29.285 -49.0011 4
      vertex -29.285 -49.0011 2.6
    endloop
  endfacet
  facet normal -0.0652336 -0.99787 0
    outer loop
      vertex -27.5 -45.3814 2.6
      vertex -27.2063 -45.4006 4
      vertex -27.5 -45.3814 4
    endloop
  endfacet
  facet normal -0.0652336 -0.99787 -0
    outer loop
      vertex -27.2063 -45.4006 4
      vertex -27.5 -45.3814 2.6
      vertex -27.2063 -45.4006 2.6
    endloop
  endfacet
  facet normal 0.946936 0.321421 0
    outer loop
      vertex -29.5787 -48.4924 4
      vertex -29.6733 -48.2137 2.6
      vertex -29.6733 -48.2137 4
    endloop
  endfacet
  facet normal 0.946936 0.321421 0
    outer loop
      vertex -29.6733 -48.2137 2.6
      vertex -29.5787 -48.4924 4
      vertex -29.5787 -48.4924 2.6
    endloop
  endfacet
  facet normal 0.321421 0.946936 -0
    outer loop
      vertex -28.0823 -49.8047 2.6
      vertex -28.361 -49.7101 4
      vertex -28.0823 -49.8047 4
    endloop
  endfacet
  facet normal 0.321421 0.946936 0
    outer loop
      vertex -28.361 -49.7101 4
      vertex -28.0823 -49.8047 2.6
      vertex -28.361 -49.7101 2.6
    endloop
  endfacet
  facet normal 0.442042 0.896995 -0
    outer loop
      vertex -28.361 -49.7101 2.6
      vertex -28.625 -49.58 4
      vertex -28.361 -49.7101 4
    endloop
  endfacet
  facet normal 0.442042 0.896995 0
    outer loop
      vertex -28.625 -49.58 4
      vertex -28.361 -49.7101 2.6
      vertex -28.625 -49.58 2.6
    endloop
  endfacet
  facet normal -0.99787 -0.0652336 0
    outer loop
      vertex -25.25 -47.6314 2.6
      vertex -25.2692 -47.3377 4
      vertex -25.2692 -47.3377 2.6
    endloop
  endfacet
  facet normal -0.99787 -0.0652336 0
    outer loop
      vertex -25.2692 -47.3377 4
      vertex -25.25 -47.6314 2.6
      vertex -25.25 -47.6314 4
    endloop
  endfacet
  facet normal -0.751966 -0.659202 0
    outer loop
      vertex -25.715 -46.2617 2.6
      vertex -25.909 -46.0404 4
      vertex -25.909 -46.0404 2.6
    endloop
  endfacet
  facet normal -0.751966 -0.659202 0
    outer loop
      vertex -25.909 -46.0404 4
      vertex -25.715 -46.2617 2.6
      vertex -25.715 -46.2617 4
    endloop
  endfacet
  facet normal -0.555797 -0.831318 0
    outer loop
      vertex -26.375 -45.6828 2.6
      vertex -26.1303 -45.8464 4
      vertex -26.375 -45.6828 4
    endloop
  endfacet
  facet normal -0.555797 -0.831318 -0
    outer loop
      vertex -26.1303 -45.8464 4
      vertex -26.375 -45.6828 2.6
      vertex -26.1303 -45.8464 2.6
    endloop
  endfacet
  facet normal -0.946936 -0.321421 0
    outer loop
      vertex -25.3267 -47.0491 2.6
      vertex -25.4213 -46.7704 4
      vertex -25.4213 -46.7704 2.6
    endloop
  endfacet
  facet normal -0.946936 -0.321421 0
    outer loop
      vertex -25.4213 -46.7704 4
      vertex -25.3267 -47.0491 2.6
      vertex -25.3267 -47.0491 4
    endloop
  endfacet
  facet normal 0.659202 -0.751966 0
    outer loop
      vertex -29.091 -46.0404 2.6
      vertex -28.8697 -45.8464 4
      vertex -29.091 -46.0404 4
    endloop
  endfacet
  facet normal 0.659202 -0.751966 0
    outer loop
      vertex -28.8697 -45.8464 4
      vertex -29.091 -46.0404 2.6
      vertex -28.8697 -45.8464 2.6
    endloop
  endfacet
  facet normal -0.321421 0.946936 0
    outer loop
      vertex -26.639 -49.7101 2.6
      vertex -26.9177 -49.8047 4
      vertex -26.639 -49.7101 4
    endloop
  endfacet
  facet normal -0.321421 0.946936 0
    outer loop
      vertex -26.9177 -49.8047 4
      vertex -26.639 -49.7101 2.6
      vertex -26.9177 -49.8047 2.6
    endloop
  endfacet
  facet normal -0.831318 0.555797 0
    outer loop
      vertex -25.715 -49.0011 2.6
      vertex -25.5514 -48.7564 4
      vertex -25.5514 -48.7564 2.6
    endloop
  endfacet
  facet normal -0.831318 0.555797 0
    outer loop
      vertex -25.5514 -48.7564 4
      vertex -25.715 -49.0011 2.6
      vertex -25.715 -49.0011 4
    endloop
  endfacet
  facet normal 0.946936 -0.321421 0
    outer loop
      vertex -29.6733 -47.0491 4
      vertex -29.5787 -46.7704 2.6
      vertex -29.5787 -46.7704 4
    endloop
  endfacet
  facet normal 0.946936 -0.321421 0
    outer loop
      vertex -29.5787 -46.7704 2.6
      vertex -29.6733 -47.0491 4
      vertex -29.6733 -47.0491 2.6
    endloop
  endfacet
  facet normal 0.980724 -0.195397 0
    outer loop
      vertex -29.7308 -47.3377 4
      vertex -29.6733 -47.0491 2.6
      vertex -29.6733 -47.0491 4
    endloop
  endfacet
  facet normal 0.980724 -0.195397 0
    outer loop
      vertex -29.6733 -47.0491 2.6
      vertex -29.7308 -47.3377 4
      vertex -29.7308 -47.3377 2.6
    endloop
  endfacet
  facet normal 0.19507 0.980789 -0
    outer loop
      vertex -27.7937 -49.8621 2.6
      vertex -28.0823 -49.8047 4
      vertex -27.7937 -49.8621 4
    endloop
  endfacet
  facet normal 0.19507 0.980789 0
    outer loop
      vertex -28.0823 -49.8047 4
      vertex -27.7937 -49.8621 2.6
      vertex -28.0823 -49.8047 2.6
    endloop
  endfacet
  facet normal 0.751966 -0.659202 0
    outer loop
      vertex -29.285 -46.2617 4
      vertex -29.091 -46.0404 2.6
      vertex -29.091 -46.0404 4
    endloop
  endfacet
  facet normal 0.751966 -0.659202 0
    outer loop
      vertex -29.091 -46.0404 2.6
      vertex -29.285 -46.2617 4
      vertex -29.285 -46.2617 2.6
    endloop
  endfacet
  facet normal -0.195397 -0.980724 0
    outer loop
      vertex -27.2063 -45.4006 2.6
      vertex -26.9177 -45.4581 4
      vertex -27.2063 -45.4006 4
    endloop
  endfacet
  facet normal -0.195397 -0.980724 -0
    outer loop
      vertex -26.9177 -45.4581 4
      vertex -27.2063 -45.4006 2.6
      vertex -26.9177 -45.4581 2.6
    endloop
  endfacet
  facet normal 0.99787 0.0652336 0
    outer loop
      vertex -29.7308 -47.9251 4
      vertex -29.75 -47.6314 2.6
      vertex -29.75 -47.6314 4
    endloop
  endfacet
  facet normal 0.99787 0.0652336 0
    outer loop
      vertex -29.75 -47.6314 2.6
      vertex -29.7308 -47.9251 4
      vertex -29.7308 -47.9251 2.6
    endloop
  endfacet
  facet normal -0.751966 0.659202 0
    outer loop
      vertex -25.909 -49.2224 2.6
      vertex -25.715 -49.0011 4
      vertex -25.715 -49.0011 2.6
    endloop
  endfacet
  facet normal -0.751966 0.659202 0
    outer loop
      vertex -25.715 -49.0011 4
      vertex -25.909 -49.2224 2.6
      vertex -25.909 -49.2224 4
    endloop
  endfacet
  facet normal -0.555797 0.831318 0
    outer loop
      vertex -26.1303 -49.4164 2.6
      vertex -26.375 -49.58 4
      vertex -26.1303 -49.4164 4
    endloop
  endfacet
  facet normal -0.555797 0.831318 0
    outer loop
      vertex -26.375 -49.58 4
      vertex -26.1303 -49.4164 2.6
      vertex -26.375 -49.58 2.6
    endloop
  endfacet
  facet normal -0.99787 0.0652336 0
    outer loop
      vertex -25.2692 -47.9251 2.6
      vertex -25.25 -47.6314 4
      vertex -25.25 -47.6314 2.6
    endloop
  endfacet
  facet normal -0.99787 0.0652336 0
    outer loop
      vertex -25.25 -47.6314 4
      vertex -25.2692 -47.9251 2.6
      vertex -25.2692 -47.9251 4
    endloop
  endfacet
  facet normal 0.195397 -0.980724 0
    outer loop
      vertex -28.0823 -45.4581 2.6
      vertex -27.7937 -45.4006 4
      vertex -28.0823 -45.4581 4
    endloop
  endfacet
  facet normal 0.195397 -0.980724 0
    outer loop
      vertex -27.7937 -45.4006 4
      vertex -28.0823 -45.4581 2.6
      vertex -27.7937 -45.4006 2.6
    endloop
  endfacet
  facet normal -0.831318 -0.555797 0
    outer loop
      vertex -25.5514 -46.5064 2.6
      vertex -25.715 -46.2617 4
      vertex -25.715 -46.2617 2.6
    endloop
  endfacet
  facet normal -0.831318 -0.555797 0
    outer loop
      vertex -25.715 -46.2617 4
      vertex -25.5514 -46.5064 2.6
      vertex -25.5514 -46.5064 4
    endloop
  endfacet
  facet normal -0.442042 -0.896995 0
    outer loop
      vertex -26.639 -45.5527 2.6
      vertex -26.375 -45.6828 4
      vertex -26.639 -45.5527 4
    endloop
  endfacet
  facet normal -0.442042 -0.896995 -0
    outer loop
      vertex -26.375 -45.6828 4
      vertex -26.639 -45.5527 2.6
      vertex -26.375 -45.6828 2.6
    endloop
  endfacet
  facet normal -0.896995 -0.442042 0
    outer loop
      vertex -25.4213 -46.7704 2.6
      vertex -25.5514 -46.5064 4
      vertex -25.5514 -46.5064 2.6
    endloop
  endfacet
  facet normal -0.896995 -0.442042 0
    outer loop
      vertex -25.5514 -46.5064 4
      vertex -25.4213 -46.7704 2.6
      vertex -25.4213 -46.7704 4
    endloop
  endfacet
  facet normal 0.442042 -0.896995 0
    outer loop
      vertex -28.625 -45.6828 2.6
      vertex -28.361 -45.5527 4
      vertex -28.625 -45.6828 4
    endloop
  endfacet
  facet normal 0.442042 -0.896995 0
    outer loop
      vertex -28.361 -45.5527 4
      vertex -28.625 -45.6828 2.6
      vertex -28.361 -45.5527 2.6
    endloop
  endfacet
  facet normal -0.0655719 0.997848 0
    outer loop
      vertex -27.2063 -49.8621 2.6
      vertex -27.5 -49.8814 4
      vertex -27.2063 -49.8621 4
    endloop
  endfacet
  facet normal -0.0655719 0.997848 0
    outer loop
      vertex -27.5 -49.8814 4
      vertex -27.2063 -49.8621 2.6
      vertex -27.5 -49.8814 2.6
    endloop
  endfacet
  facet normal -0.896995 0.442042 0
    outer loop
      vertex -25.5514 -48.7564 2.6
      vertex -25.4213 -48.4924 4
      vertex -25.4213 -48.4924 2.6
    endloop
  endfacet
  facet normal -0.896995 0.442042 0
    outer loop
      vertex -25.4213 -48.4924 4
      vertex -25.5514 -48.7564 2.6
      vertex -25.5514 -48.7564 4
    endloop
  endfacet
  facet normal 0.321421 -0.946936 0
    outer loop
      vertex -28.361 -45.5527 2.6
      vertex -28.0823 -45.4581 4
      vertex -28.361 -45.5527 4
    endloop
  endfacet
  facet normal 0.321421 -0.946936 0
    outer loop
      vertex -28.0823 -45.4581 4
      vertex -28.361 -45.5527 2.6
      vertex -28.0823 -45.4581 2.6
    endloop
  endfacet
  facet normal -0.442042 0.896995 0
    outer loop
      vertex -26.375 -49.58 2.6
      vertex -26.639 -49.7101 4
      vertex -26.375 -49.58 4
    endloop
  endfacet
  facet normal -0.442042 0.896995 0
    outer loop
      vertex -26.639 -49.7101 4
      vertex -26.375 -49.58 2.6
      vertex -26.639 -49.7101 2.6
    endloop
  endfacet
  facet normal -0.321421 -0.946936 0
    outer loop
      vertex -26.9177 -45.4581 2.6
      vertex -26.639 -45.5527 4
      vertex -26.9177 -45.4581 4
    endloop
  endfacet
  facet normal -0.321421 -0.946936 -0
    outer loop
      vertex -26.639 -45.5527 4
      vertex -26.9177 -45.4581 2.6
      vertex -26.639 -45.5527 2.6
    endloop
  endfacet
  facet normal 0.831318 -0.555797 0
    outer loop
      vertex -29.4486 -46.5064 4
      vertex -29.285 -46.2617 2.6
      vertex -29.285 -46.2617 4
    endloop
  endfacet
  facet normal 0.831318 -0.555797 0
    outer loop
      vertex -29.285 -46.2617 2.6
      vertex -29.4486 -46.5064 4
      vertex -29.4486 -46.5064 2.6
    endloop
  endfacet
  facet normal -0.980724 0.195397 0
    outer loop
      vertex -25.3267 -48.2137 2.6
      vertex -25.2692 -47.9251 4
      vertex -25.2692 -47.9251 2.6
    endloop
  endfacet
  facet normal -0.980724 0.195397 0
    outer loop
      vertex -25.2692 -47.9251 4
      vertex -25.3267 -48.2137 2.6
      vertex -25.3267 -48.2137 4
    endloop
  endfacet
  facet normal -0.659202 -0.751966 0
    outer loop
      vertex -26.1303 -45.8464 2.6
      vertex -25.909 -46.0404 4
      vertex -26.1303 -45.8464 4
    endloop
  endfacet
  facet normal -0.659202 -0.751966 -0
    outer loop
      vertex -25.909 -46.0404 4
      vertex -26.1303 -45.8464 2.6
      vertex -25.909 -46.0404 2.6
    endloop
  endfacet
  facet normal 0.896995 -0.442042 0
    outer loop
      vertex -29.5787 -46.7704 4
      vertex -29.4486 -46.5064 2.6
      vertex -29.4486 -46.5064 4
    endloop
  endfacet
  facet normal 0.896995 -0.442042 0
    outer loop
      vertex -29.4486 -46.5064 2.6
      vertex -29.5787 -46.7704 4
      vertex -29.5787 -46.7704 2.6
    endloop
  endfacet
  facet normal -0.946936 0.321421 0
    outer loop
      vertex -25.4213 -48.4924 2.6
      vertex -25.3267 -48.2137 4
      vertex -25.3267 -48.2137 2.6
    endloop
  endfacet
  facet normal -0.946936 0.321421 0
    outer loop
      vertex -25.3267 -48.2137 4
      vertex -25.4213 -48.4924 2.6
      vertex -25.4213 -48.4924 4
    endloop
  endfacet
  facet normal 0.0652336 -0.99787 0
    outer loop
      vertex -27.7937 -45.4006 2.6
      vertex -27.5 -45.3814 4
      vertex -27.7937 -45.4006 4
    endloop
  endfacet
  facet normal 0.0652336 -0.99787 0
    outer loop
      vertex -27.5 -45.3814 4
      vertex -27.7937 -45.4006 2.6
      vertex -27.5 -45.3814 2.6
    endloop
  endfacet
  facet normal 0.0497102 0.756471 -0.652136
    outer loop
      vertex -27.5 -52.1228 0
      vertex -27.7937 -49.8621 2.6
      vertex -27.5 -49.8814 2.6
    endloop
  endfacet
  facet normal 0.0495537 0.756468 -0.652151
    outer loop
      vertex -27.7937 -49.8621 2.6
      vertex -27.5 -52.1228 0
      vertex -28.0862 -52.0844 0
    endloop
  endfacet
  facet normal 0.717878 -0.243637 -0.652144
    outer loop
      vertex -29.5787 -46.7704 2.6
      vertex -31.8383 -46.4689 0
      vertex -31.6495 -45.9126 0
    endloop
  endfacet
  facet normal 0.71787 -0.243669 -0.652141
    outer loop
      vertex -31.8383 -46.4689 0
      vertex -29.5787 -46.7704 2.6
      vertex -29.6733 -47.0491 2.6
    endloop
  endfacet
  facet normal 0.421151 0.630368 -0.652126
    outer loop
      vertex -28.625 -49.58 2.6
      vertex -29.7457 -51.521 0
      vertex -30.2332 -51.1953 0
    endloop
  endfacet
  facet normal 0.421344 0.630214 -0.65215
    outer loop
      vertex -30.2332 -51.1953 0
      vertex -28.8697 -49.4164 2.6
      vertex -28.625 -49.58 2.6
    endloop
  endfacet
  facet normal 0.434522 0.620746 -0.652583
    outer loop
      vertex -28.8697 -49.4164 2.6
      vertex -30.2332 -51.1953 0
      vertex -30.2342 -51.1946 0
    endloop
  endfacet
  facet normal 0.243669 0.71787 -0.652141
    outer loop
      vertex -28.6625 -51.9697 0
      vertex -28.361 -49.7101 2.6
      vertex -28.0823 -49.8047 2.6
    endloop
  endfacet
  facet normal 0.243637 0.717878 -0.652144
    outer loop
      vertex -28.361 -49.7101 2.6
      vertex -28.6625 -51.9697 0
      vertex -29.2188 -51.7809 0
    endloop
  endfacet
  facet normal -0.243637 0.717878 -0.652144
    outer loop
      vertex -26.3375 -51.9697 0
      vertex -26.639 -49.7101 2.6
      vertex -25.7812 -51.7809 0
    endloop
  endfacet
  facet normal -0.243669 0.71787 -0.652141
    outer loop
      vertex -26.639 -49.7101 2.6
      vertex -26.3375 -51.9697 0
      vertex -26.9177 -49.8047 2.6
    endloop
  endfacet
  facet normal 0.678386 -0.339193 -0.651721
    outer loop
      vertex -29.4486 -46.5064 2.6
      vertex -31.6495 -45.9126 0
      vertex -31.649 -45.9116 0
    endloop
  endfacet
  facet normal 0.68 -0.335106 -0.652153
    outer loop
      vertex -31.6495 -45.9126 0
      vertex -29.4486 -46.5064 2.6
      vertex -29.5787 -46.7704 2.6
    endloop
  endfacet
  facet normal 0.499939 -0.569881 -0.652148
    outer loop
      vertex -30.2342 -44.0681 0
      vertex -28.8697 -45.8464 2.6
      vertex -30.675 -44.4548 0
    endloop
  endfacet
  facet normal 0.147903 0.743522 -0.65215
    outer loop
      vertex -27.7937 -49.8621 2.6
      vertex -28.0862 -52.0844 0
      vertex -28.6613 -51.97 0
    endloop
  endfacet
  facet normal 0.421353 -0.630227 -0.652132
    outer loop
      vertex -28.8697 -45.8464 2.6
      vertex -29.7457 -43.7417 0
      vertex -28.625 -45.6828 2.6
    endloop
  endfacet
  facet normal 0.421166 -0.63033 -0.652153
    outer loop
      vertex -29.7457 -43.7417 0
      vertex -28.8697 -45.8464 2.6
      vertex -30.2342 -44.0681 0
    endloop
  endfacet
  facet normal 0.147881 0.743528 -0.652148
    outer loop
      vertex -28.6613 -51.97 0
      vertex -28.0823 -49.8047 2.6
      vertex -27.7937 -49.8621 2.6
    endloop
  endfacet
  facet normal 0.183709 0.734838 -0.652889
    outer loop
      vertex -28.0823 -49.8047 2.6
      vertex -28.6613 -51.97 0
      vertex -28.6625 -51.9697 0
    endloop
  endfacet
  facet normal -0.569951 -0.499871 -0.652139
    outer loop
      vertex -24.3234 -44.4564 0
      vertex -23.9368 -44.8972 0
      vertex -25.715 -46.2617 2.6
    endloop
  endfacet
  facet normal -0.717878 -0.243637 -0.652144
    outer loop
      vertex -23.1617 -46.4689 0
      vertex -25.4213 -46.7704 2.6
      vertex -23.3505 -45.9126 0
    endloop
  endfacet
  facet normal -0.71787 -0.243669 -0.652141
    outer loop
      vertex -25.4213 -46.7704 2.6
      vertex -23.1617 -46.4689 0
      vertex -25.3267 -47.0491 2.6
    endloop
  endfacet
  facet normal -0.335253 -0.679943 -0.652137
    outer loop
      vertex -25.7802 -43.4824 0
      vertex -25.2543 -43.7417 0
      vertex -26.375 -45.6828 2.6
    endloop
  endfacet
  facet normal 0.49975 -0.570076 -0.652122
    outer loop
      vertex -29.091 -46.0404 2.6
      vertex -30.675 -44.4548 0
      vertex -28.8697 -45.8464 2.6
    endloop
  endfacet
  facet normal 0.466537 -0.599833 -0.650034
    outer loop
      vertex -30.675 -44.4548 0
      vertex -29.091 -46.0404 2.6
      vertex -30.6759 -44.4555 0
    endloop
  endfacet
  facet normal -0.499871 0.569951 -0.652139
    outer loop
      vertex -24.325 -50.808 0
      vertex -24.7658 -51.1946 0
      vertex -26.1303 -49.4164 2.6
    endloop
  endfacet
  facet normal -0.499878 -0.569944 -0.652139
    outer loop
      vertex -25.909 -46.0404 2.6
      vertex -24.7658 -44.0681 0
      vertex -24.3241 -44.4555 0
    endloop
  endfacet
  facet normal -0.49973 -0.570053 -0.652157
    outer loop
      vertex -24.7658 -44.0681 0
      vertex -25.909 -46.0404 2.6
      vertex -26.1303 -45.8464 2.6
    endloop
  endfacet
  facet normal 0.335106 0.68 -0.652153
    outer loop
      vertex -29.2188 -51.7809 0
      vertex -28.625 -49.58 2.6
      vertex -28.361 -49.7101 2.6
    endloop
  endfacet
  facet normal 0.339193 0.678386 -0.651721
    outer loop
      vertex -28.625 -49.58 2.6
      vertex -29.2188 -51.7809 0
      vertex -29.2198 -51.7804 0
    endloop
  endfacet
  facet normal 0.335361 0.679901 -0.652126
    outer loop
      vertex -28.625 -49.58 2.6
      vertex -29.2198 -51.7804 0
      vertex -29.7457 -51.521 0
    endloop
  endfacet
  facet normal -0.14798 0.743514 -0.652141
    outer loop
      vertex -26.9138 -52.0844 0
      vertex -26.9177 -49.8047 2.6
      vertex -26.3375 -51.9697 0
    endloop
  endfacet
  facet normal -0.147881 0.743526 -0.652151
    outer loop
      vertex -26.9177 -49.8047 2.6
      vertex -26.9138 -52.0844 0
      vertex -27.2063 -49.8621 2.6
    endloop
  endfacet
  facet normal -0.243669 -0.71787 -0.652141
    outer loop
      vertex -26.3375 -43.2931 0
      vertex -26.639 -45.5527 2.6
      vertex -26.9177 -45.4581 2.6
    endloop
  endfacet
  facet normal -0.243637 -0.717878 -0.652144
    outer loop
      vertex -26.639 -45.5527 2.6
      vertex -26.3375 -43.2931 0
      vertex -25.7812 -43.4819 0
    endloop
  endfacet
  facet normal -0.679897 -0.335368 -0.652126
    outer loop
      vertex -23.3505 -45.9126 0
      vertex -25.5514 -46.5064 2.6
      vertex -23.6104 -45.3857 0
    endloop
  endfacet
  facet normal -0.68 -0.335106 -0.652153
    outer loop
      vertex -25.5514 -46.5064 2.6
      vertex -23.3505 -45.9126 0
      vertex -25.4213 -46.7704 2.6
    endloop
  endfacet
  facet normal -0.75648 0.0494533 -0.652144
    outer loop
      vertex -23.0086 -47.6314 0
      vertex -25.2692 -47.9251 2.6
      vertex -25.25 -47.6314 2.6
    endloop
  endfacet
  facet normal -0.756482 0.0495546 -0.652134
    outer loop
      vertex -25.2692 -47.9251 2.6
      vertex -23.0086 -47.6314 0
      vertex -23.047 -48.2176 0
    endloop
  endfacet
  facet normal 0.0495546 -0.756482 -0.652134
    outer loop
      vertex -27.5 -43.14 0
      vertex -27.7937 -45.4006 2.6
      vertex -28.0862 -43.1784 0
    endloop
  endfacet
  facet normal 0.0494533 -0.75648 -0.652144
    outer loop
      vertex -27.7937 -45.4006 2.6
      vertex -27.5 -43.14 0
      vertex -27.5 -45.3814 2.6
    endloop
  endfacet
  facet normal -0.570076 -0.49975 -0.652122
    outer loop
      vertex -25.909 -46.0404 2.6
      vertex -24.3234 -44.4564 0
      vertex -25.715 -46.2617 2.6
    endloop
  endfacet
  facet normal -0.599833 -0.466537 -0.650034
    outer loop
      vertex -24.3234 -44.4564 0
      vertex -25.909 -46.0404 2.6
      vertex -24.3241 -44.4555 0
    endloop
  endfacet
  facet normal -0.0495537 0.756468 -0.652151
    outer loop
      vertex -27.5 -52.1228 0
      vertex -27.2063 -49.8621 2.6
      vertex -26.9138 -52.0844 0
    endloop
  endfacet
  facet normal -0.0497102 0.756471 -0.652136
    outer loop
      vertex -27.2063 -49.8621 2.6
      vertex -27.5 -52.1228 0
      vertex -27.5 -49.8814 2.6
    endloop
  endfacet
  facet normal 0.14798 -0.743514 -0.652141
    outer loop
      vertex -28.0862 -43.1784 0
      vertex -28.0823 -45.4581 2.6
      vertex -28.6625 -43.2931 0
    endloop
  endfacet
  facet normal 0.148133 -0.743497 -0.652126
    outer loop
      vertex -28.0823 -45.4581 2.6
      vertex -28.0862 -43.1784 0
      vertex -27.7937 -45.4006 2.6
    endloop
  endfacet
  facet normal -0.335368 0.679897 -0.652126
    outer loop
      vertex -25.7812 -51.7809 0
      vertex -26.375 -49.58 2.6
      vertex -25.2543 -51.521 0
    endloop
  endfacet
  facet normal -0.335106 0.68 -0.652153
    outer loop
      vertex -26.375 -49.58 2.6
      vertex -25.7812 -51.7809 0
      vertex -26.639 -49.7101 2.6
    endloop
  endfacet
  facet normal 0.630368 -0.421151 -0.652126
    outer loop
      vertex -31.0639 -44.8982 0
      vertex -29.4486 -46.5064 2.6
      vertex -31.3896 -45.3857 0
    endloop
  endfacet
  facet normal -0.630368 0.421151 -0.652126
    outer loop
      vertex -23.6104 -49.8771 0
      vertex -23.9361 -50.3646 0
      vertex -25.5514 -48.7564 2.6
    endloop
  endfacet
  facet normal 0.68 0.335106 -0.652153
    outer loop
      vertex -29.4486 -48.7564 2.6
      vertex -31.6495 -49.3502 0
      vertex -29.5787 -48.4924 2.6
    endloop
  endfacet
  facet normal 0.679897 0.335368 -0.652126
    outer loop
      vertex -31.6495 -49.3502 0
      vertex -29.4486 -48.7564 2.6
      vertex -31.3896 -49.8771 0
    endloop
  endfacet
  facet normal -0.569936 0.499872 -0.652151
    outer loop
      vertex -24.3241 -50.8073 0
      vertex -25.715 -49.0011 2.6
      vertex -23.9367 -50.3656 0
    endloop
  endfacet
  facet normal -0.570069 0.499744 -0.652133
    outer loop
      vertex -25.715 -49.0011 2.6
      vertex -24.3241 -50.8073 0
      vertex -25.909 -49.2224 2.6
    endloop
  endfacet
  facet normal -0.466537 0.599833 -0.650034
    outer loop
      vertex -24.325 -50.808 0
      vertex -25.909 -49.2224 2.6
      vertex -24.3241 -50.8073 0
    endloop
  endfacet
  facet normal -0.49975 0.570076 -0.652122
    outer loop
      vertex -25.909 -49.2224 2.6
      vertex -24.325 -50.808 0
      vertex -26.1303 -49.4164 2.6
    endloop
  endfacet
  facet normal -0.421235 -0.630301 -0.652137
    outer loop
      vertex -25.2543 -43.7417 0
      vertex -24.7668 -44.0675 0
      vertex -26.375 -45.6828 2.6
    endloop
  endfacet
  facet normal 0.570069 -0.499744 -0.652133
    outer loop
      vertex -29.285 -46.2617 2.6
      vertex -30.6759 -44.4555 0
      vertex -29.091 -46.0404 2.6
    endloop
  endfacet
  facet normal 0.569936 -0.499872 -0.652151
    outer loop
      vertex -30.6759 -44.4555 0
      vertex -29.285 -46.2617 2.6
      vertex -31.0633 -44.8972 0
    endloop
  endfacet
  facet normal -0.421173 0.63034 -0.652139
    outer loop
      vertex -25.2543 -51.521 0
      vertex -26.1303 -49.4164 2.6
      vertex -24.7658 -51.1946 0
    endloop
  endfacet
  facet normal -0.42136 0.630237 -0.652118
    outer loop
      vertex -26.1303 -49.4164 2.6
      vertex -25.2543 -51.521 0
      vertex -26.375 -49.58 2.6
    endloop
  endfacet
  facet normal -0.743536 0.147906 -0.652134
    outer loop
      vertex -23.047 -48.2176 0
      vertex -23.1614 -48.7927 0
      vertex -25.2692 -47.9251 2.6
    endloop
  endfacet
  facet normal 0.730722 -0.199288 -0.652939
    outer loop
      vertex -29.6733 -47.0491 2.6
      vertex -31.8386 -46.47 0
      vertex -31.8383 -46.4689 0
    endloop
  endfacet
  facet normal 0.743469 -0.148127 -0.652159
    outer loop
      vertex -31.8386 -46.47 0
      vertex -29.6733 -47.0491 2.6
      vertex -29.7308 -47.3377 2.6
    endloop
  endfacet
  facet normal 0.243637 -0.717878 -0.652144
    outer loop
      vertex -28.6625 -43.2931 0
      vertex -28.361 -45.5527 2.6
      vertex -29.2188 -43.4819 0
    endloop
  endfacet
  facet normal 0.243669 -0.71787 -0.652141
    outer loop
      vertex -28.361 -45.5527 2.6
      vertex -28.6625 -43.2931 0
      vertex -28.0823 -45.4581 2.6
    endloop
  endfacet
  facet normal -0.743514 -0.14798 -0.652141
    outer loop
      vertex -23.047 -47.0452 0
      vertex -25.3267 -47.0491 2.6
      vertex -23.1617 -46.4689 0
    endloop
  endfacet
  facet normal -0.743497 -0.148133 -0.652126
    outer loop
      vertex -25.3267 -47.0491 2.6
      vertex -23.047 -47.0452 0
      vertex -25.2692 -47.3377 2.6
    endloop
  endfacet
  facet normal -0.651263 0.390758 -0.650511
    outer loop
      vertex -25.715 -49.0011 2.6
      vertex -23.9361 -50.3646 0
      vertex -23.9367 -50.3656 0
    endloop
  endfacet
  facet normal -0.630214 0.421344 -0.65215
    outer loop
      vertex -23.9361 -50.3646 0
      vertex -25.715 -49.0011 2.6
      vertex -25.5514 -48.7564 2.6
    endloop
  endfacet
  facet normal -0.63035 -0.421179 -0.652125
    outer loop
      vertex -25.5514 -46.5064 2.6
      vertex -23.9368 -44.8972 0
      vertex -23.6104 -45.3857 0
    endloop
  endfacet
  facet normal -0.630217 -0.421346 -0.652146
    outer loop
      vertex -23.9368 -44.8972 0
      vertex -25.5514 -46.5064 2.6
      vertex -25.715 -46.2617 2.6
    endloop
  endfacet
  facet normal 0.74354 -0.147881 -0.652135
    outer loop
      vertex -31.8386 -46.47 0
      vertex -29.7308 -47.3377 2.6
      vertex -31.953 -47.0452 0
    endloop
  endfacet
  facet normal -0.756482 -0.0495546 -0.652134
    outer loop
      vertex -23.0086 -47.6314 0
      vertex -25.2692 -47.3377 2.6
      vertex -23.047 -47.0452 0
    endloop
  endfacet
  facet normal -0.75648 -0.0494533 -0.652144
    outer loop
      vertex -25.2692 -47.3377 2.6
      vertex -23.0086 -47.6314 0
      vertex -25.25 -47.6314 2.6
    endloop
  endfacet
  facet normal 0.630214 -0.421344 -0.65215
    outer loop
      vertex -31.0639 -44.8982 0
      vertex -29.285 -46.2617 2.6
      vertex -29.4486 -46.5064 2.6
    endloop
  endfacet
  facet normal 0.651263 -0.390758 -0.650511
    outer loop
      vertex -29.285 -46.2617 2.6
      vertex -31.0639 -44.8982 0
      vertex -31.0633 -44.8972 0
    endloop
  endfacet
  facet normal 0.630217 0.421346 -0.652146
    outer loop
      vertex -31.0632 -50.3656 0
      vertex -29.4486 -48.7564 2.6
      vertex -29.285 -49.0011 2.6
    endloop
  endfacet
  facet normal 0.63035 0.421179 -0.652125
    outer loop
      vertex -29.4486 -48.7564 2.6
      vertex -31.0632 -50.3656 0
      vertex -31.3896 -49.8771 0
    endloop
  endfacet
  facet normal 0.599833 0.466537 -0.650034
    outer loop
      vertex -30.6766 -50.8064 0
      vertex -29.091 -49.2224 2.6
      vertex -30.6759 -50.8073 0
    endloop
  endfacet
  facet normal 0.570076 0.49975 -0.652122
    outer loop
      vertex -29.091 -49.2224 2.6
      vertex -30.6766 -50.8064 0
      vertex -29.285 -49.0011 2.6
    endloop
  endfacet
  facet normal -0.147906 -0.743536 -0.652134
    outer loop
      vertex -26.9138 -43.1784 0
      vertex -26.3387 -43.2928 0
      vertex -27.2063 -45.4006 2.6
    endloop
  endfacet
  facet normal -0.68 0.335106 -0.652153
    outer loop
      vertex -23.3505 -49.3502 0
      vertex -25.5514 -48.7564 2.6
      vertex -25.4213 -48.4924 2.6
    endloop
  endfacet
  facet normal -0.678386 0.339193 -0.651721
    outer loop
      vertex -25.5514 -48.7564 2.6
      vertex -23.3505 -49.3502 0
      vertex -23.351 -49.3512 0
    endloop
  endfacet
  facet normal -0.335106 -0.68 -0.652153
    outer loop
      vertex -25.7812 -43.4819 0
      vertex -26.375 -45.6828 2.6
      vertex -26.639 -45.5527 2.6
    endloop
  endfacet
  facet normal -0.339193 -0.678386 -0.651721
    outer loop
      vertex -26.375 -45.6828 2.6
      vertex -25.7812 -43.4819 0
      vertex -25.7802 -43.4824 0
    endloop
  endfacet
  facet normal 0.75648 0.0494533 -0.652144
    outer loop
      vertex -29.7308 -47.9251 2.6
      vertex -31.9914 -47.6314 0
      vertex -29.75 -47.6314 2.6
    endloop
  endfacet
  facet normal 0.756482 0.0495546 -0.652134
    outer loop
      vertex -31.9914 -47.6314 0
      vertex -29.7308 -47.9251 2.6
      vertex -31.953 -48.2176 0
    endloop
  endfacet
  facet normal 0.569951 0.499871 -0.652139
    outer loop
      vertex -29.285 -49.0011 2.6
      vertex -30.6766 -50.8064 0
      vertex -31.0632 -50.3656 0
    endloop
  endfacet
  facet normal 0.679901 -0.335361 -0.652126
    outer loop
      vertex -31.3896 -45.3857 0
      vertex -29.4486 -46.5064 2.6
      vertex -31.649 -45.9116 0
    endloop
  endfacet
  facet normal -0.743472 0.148128 -0.652156
    outer loop
      vertex -23.1614 -48.7927 0
      vertex -25.3267 -48.2137 2.6
      vertex -25.2692 -47.9251 2.6
    endloop
  endfacet
  facet normal -0.730726 0.199289 -0.652934
    outer loop
      vertex -25.3267 -48.2137 2.6
      vertex -23.1614 -48.7927 0
      vertex -23.1617 -48.7938 0
    endloop
  endfacet
  facet normal -0.0494533 -0.75648 -0.652144
    outer loop
      vertex -27.5 -43.14 0
      vertex -27.2063 -45.4006 2.6
      vertex -27.5 -45.3814 2.6
    endloop
  endfacet
  facet normal -0.0495546 -0.756482 -0.652134
    outer loop
      vertex -27.2063 -45.4006 2.6
      vertex -27.5 -43.14 0
      vertex -26.9138 -43.1784 0
    endloop
  endfacet
  facet normal -0.679901 0.335361 -0.652126
    outer loop
      vertex -23.351 -49.3512 0
      vertex -23.6104 -49.8771 0
      vertex -25.5514 -48.7564 2.6
    endloop
  endfacet
  facet normal 0.75648 -0.0494533 -0.652144
    outer loop
      vertex -31.9914 -47.6314 0
      vertex -29.7308 -47.3377 2.6
      vertex -29.75 -47.6314 2.6
    endloop
  endfacet
  facet normal 0.756482 -0.0495546 -0.652134
    outer loop
      vertex -29.7308 -47.3377 2.6
      vertex -31.9914 -47.6314 0
      vertex -31.953 -47.0452 0
    endloop
  endfacet
  facet normal -0.717875 0.24367 -0.652135
    outer loop
      vertex -23.1617 -48.7938 0
      vertex -25.4213 -48.4924 2.6
      vertex -25.3267 -48.2137 2.6
    endloop
  endfacet
  facet normal -0.717893 0.243598 -0.652143
    outer loop
      vertex -25.4213 -48.4924 2.6
      vertex -23.1617 -48.7938 0
      vertex -23.3505 -49.3502 0
    endloop
  endfacet
  facet normal -0.390758 -0.651263 -0.650511
    outer loop
      vertex -26.1303 -45.8464 2.6
      vertex -24.7668 -44.0675 0
      vertex -24.7658 -44.0681 0
    endloop
  endfacet
  facet normal -0.421344 -0.630214 -0.65215
    outer loop
      vertex -24.7668 -44.0675 0
      vertex -26.1303 -45.8464 2.6
      vertex -26.375 -45.6828 2.6
    endloop
  endfacet
  facet normal -0.148128 -0.743472 -0.652156
    outer loop
      vertex -26.3387 -43.2928 0
      vertex -26.9177 -45.4581 2.6
      vertex -27.2063 -45.4006 2.6
    endloop
  endfacet
  facet normal -0.183709 -0.734838 -0.652889
    outer loop
      vertex -26.9177 -45.4581 2.6
      vertex -26.3387 -43.2928 0
      vertex -26.3375 -43.2931 0
    endloop
  endfacet
  facet normal 0.743497 0.148133 -0.652126
    outer loop
      vertex -29.6733 -48.2137 2.6
      vertex -31.953 -48.2176 0
      vertex -29.7308 -47.9251 2.6
    endloop
  endfacet
  facet normal 0.743512 0.148006 -0.652139
    outer loop
      vertex -31.953 -48.2176 0
      vertex -29.6733 -48.2137 2.6
      vertex -31.8383 -48.7938 0
    endloop
  endfacet
  facet normal 0.33526 -0.67994 -0.652137
    outer loop
      vertex -29.2188 -43.4819 0
      vertex -28.625 -45.6828 2.6
      vertex -29.7457 -43.7417 0
    endloop
  endfacet
  facet normal 0.335106 -0.68 -0.652153
    outer loop
      vertex -28.625 -45.6828 2.6
      vertex -29.2188 -43.4819 0
      vertex -28.361 -45.5527 2.6
    endloop
  endfacet
  facet normal 0.717875 0.24367 -0.652135
    outer loop
      vertex -29.5787 -48.4924 2.6
      vertex -31.8383 -48.7938 0
      vertex -29.6733 -48.2137 2.6
    endloop
  endfacet
  facet normal 0.717893 0.243598 -0.652143
    outer loop
      vertex -31.8383 -48.7938 0
      vertex -29.5787 -48.4924 2.6
      vertex -31.6495 -49.3502 0
    endloop
  endfacet
  facet normal 0.499738 0.570061 -0.652144
    outer loop
      vertex -30.2342 -51.1946 0
      vertex -29.091 -49.2224 2.6
      vertex -28.8697 -49.4164 2.6
    endloop
  endfacet
  facet normal 0.499807 0.57001 -0.652136
    outer loop
      vertex -29.091 -49.2224 2.6
      vertex -30.2342 -51.1946 0
      vertex -30.6759 -50.8073 0
    endloop
  endfacet
  facet normal 0.659394 0.751798 -0
    outer loop
      vertex -41.3697 -71.0671 2.6
      vertex -41.591 -70.873 4
      vertex -41.3697 -71.0671 4
    endloop
  endfacet
  facet normal 0.659394 0.751798 0
    outer loop
      vertex -41.591 -70.873 4
      vertex -41.3697 -71.0671 2.6
      vertex -41.591 -70.873 2.6
    endloop
  endfacet
  facet normal 0.555562 0.831475 -0
    outer loop
      vertex -41.125 -71.2306 2.6
      vertex -41.3697 -71.0671 4
      vertex -41.125 -71.2306 4
    endloop
  endfacet
  facet normal 0.555562 0.831475 0
    outer loop
      vertex -41.3697 -71.0671 4
      vertex -41.125 -71.2306 2.6
      vertex -41.3697 -71.0671 2.6
    endloop
  endfacet
  facet normal 0.751966 0.659202 0
    outer loop
      vertex -41.591 -70.873 4
      vertex -41.785 -70.6517 2.6
      vertex -41.785 -70.6517 4
    endloop
  endfacet
  facet normal 0.751966 0.659202 0
    outer loop
      vertex -41.785 -70.6517 2.6
      vertex -41.591 -70.873 4
      vertex -41.591 -70.873 2.6
    endloop
  endfacet
  facet normal 0.896928 0.442176 0
    outer loop
      vertex -41.9486 -70.407 4
      vertex -42.0787 -70.1431 2.6
      vertex -42.0787 -70.1431 4
    endloop
  endfacet
  facet normal 0.896928 0.442176 0
    outer loop
      vertex -42.0787 -70.1431 2.6
      vertex -41.9486 -70.407 4
      vertex -41.9486 -70.407 2.6
    endloop
  endfacet
  facet normal -0.980724 -0.195397 0
    outer loop
      vertex -37.7692 -68.9883 2.6
      vertex -37.8267 -68.6997 4
      vertex -37.8267 -68.6997 2.6
    endloop
  endfacet
  facet normal -0.980724 -0.195397 0
    outer loop
      vertex -37.8267 -68.6997 4
      vertex -37.7692 -68.9883 2.6
      vertex -37.7692 -68.9883 4
    endloop
  endfacet
  facet normal -0.19507 0.980789 0
    outer loop
      vertex -39.4177 -71.4554 2.6
      vertex -39.7063 -71.5128 4
      vertex -39.4177 -71.4554 4
    endloop
  endfacet
  facet normal -0.19507 0.980789 0
    outer loop
      vertex -39.7063 -71.5128 4
      vertex -39.4177 -71.4554 2.6
      vertex -39.7063 -71.5128 2.6
    endloop
  endfacet
  facet normal 0.980737 0.195332 0
    outer loop
      vertex -42.1733 -69.8644 4
      vertex -42.2308 -69.5757 2.6
      vertex -42.2308 -69.5757 4
    endloop
  endfacet
  facet normal 0.980737 0.195332 0
    outer loop
      vertex -42.2308 -69.5757 2.6
      vertex -42.1733 -69.8644 4
      vertex -42.1733 -69.8644 2.6
    endloop
  endfacet
  facet normal 0.555562 -0.831475 0
    outer loop
      vertex -41.3697 -67.497 2.6
      vertex -41.125 -67.3335 4
      vertex -41.3697 -67.497 4
    endloop
  endfacet
  facet normal 0.555562 -0.831475 0
    outer loop
      vertex -41.125 -67.3335 4
      vertex -41.3697 -67.497 2.6
      vertex -41.125 -67.3335 2.6
    endloop
  endfacet
  facet normal 0.99787 -0.0652336 0
    outer loop
      vertex -42.25 -69.282 4
      vertex -42.2308 -68.9883 2.6
      vertex -42.2308 -68.9883 4
    endloop
  endfacet
  facet normal 0.99787 -0.0652336 0
    outer loop
      vertex -42.2308 -68.9883 2.6
      vertex -42.25 -69.282 4
      vertex -42.25 -69.282 2.6
    endloop
  endfacet
  facet normal 0.0652336 0.99787 -0
    outer loop
      vertex -40 -71.532 2.6
      vertex -40.2937 -71.5128 4
      vertex -40 -71.532 4
    endloop
  endfacet
  facet normal 0.0652336 0.99787 0
    outer loop
      vertex -40.2937 -71.5128 4
      vertex -40 -71.532 2.6
      vertex -40.2937 -71.5128 2.6
    endloop
  endfacet
  facet normal -0.659394 0.751798 0
    outer loop
      vertex -38.409 -70.873 2.6
      vertex -38.6303 -71.0671 4
      vertex -38.409 -70.873 4
    endloop
  endfacet
  facet normal -0.659394 0.751798 0
    outer loop
      vertex -38.6303 -71.0671 4
      vertex -38.409 -70.873 2.6
      vertex -38.6303 -71.0671 2.6
    endloop
  endfacet
  facet normal 0.831318 0.555797 0
    outer loop
      vertex -41.785 -70.6517 4
      vertex -41.9486 -70.407 2.6
      vertex -41.9486 -70.407 4
    endloop
  endfacet
  facet normal 0.831318 0.555797 0
    outer loop
      vertex -41.9486 -70.407 2.6
      vertex -41.785 -70.6517 4
      vertex -41.785 -70.6517 2.6
    endloop
  endfacet
  facet normal -0.0655719 -0.997848 0
    outer loop
      vertex -40 -67.032 2.6
      vertex -39.7063 -67.0513 4
      vertex -40 -67.032 4
    endloop
  endfacet
  facet normal -0.0655719 -0.997848 -0
    outer loop
      vertex -39.7063 -67.0513 4
      vertex -40 -67.032 2.6
      vertex -39.7063 -67.0513 2.6
    endloop
  endfacet
  facet normal 0.946936 0.321421 0
    outer loop
      vertex -42.0787 -70.1431 4
      vertex -42.1733 -69.8644 2.6
      vertex -42.1733 -69.8644 4
    endloop
  endfacet
  facet normal 0.946936 0.321421 0
    outer loop
      vertex -42.1733 -69.8644 2.6
      vertex -42.0787 -70.1431 4
      vertex -42.0787 -70.1431 2.6
    endloop
  endfacet
  facet normal 0.321421 0.946936 -0
    outer loop
      vertex -40.5823 -71.4554 2.6
      vertex -40.861 -71.3608 4
      vertex -40.5823 -71.4554 4
    endloop
  endfacet
  facet normal 0.321421 0.946936 0
    outer loop
      vertex -40.861 -71.3608 4
      vertex -40.5823 -71.4554 2.6
      vertex -40.861 -71.3608 2.6
    endloop
  endfacet
  facet normal 0.442315 0.89686 -0
    outer loop
      vertex -40.861 -71.3608 2.6
      vertex -41.125 -71.2306 4
      vertex -40.861 -71.3608 4
    endloop
  endfacet
  facet normal 0.442315 0.89686 0
    outer loop
      vertex -41.125 -71.2306 4
      vertex -40.861 -71.3608 2.6
      vertex -41.125 -71.2306 2.6
    endloop
  endfacet
  facet normal -0.99787 -0.0652336 0
    outer loop
      vertex -37.75 -69.282 2.6
      vertex -37.7692 -68.9883 4
      vertex -37.7692 -68.9883 2.6
    endloop
  endfacet
  facet normal -0.99787 -0.0652336 0
    outer loop
      vertex -37.7692 -68.9883 4
      vertex -37.75 -69.282 2.6
      vertex -37.75 -69.282 4
    endloop
  endfacet
  facet normal -0.751966 -0.659202 0
    outer loop
      vertex -38.215 -67.9123 2.6
      vertex -38.409 -67.691 4
      vertex -38.409 -67.691 2.6
    endloop
  endfacet
  facet normal -0.751966 -0.659202 0
    outer loop
      vertex -38.409 -67.691 4
      vertex -38.215 -67.9123 2.6
      vertex -38.215 -67.9123 4
    endloop
  endfacet
  facet normal -0.555562 -0.831475 0
    outer loop
      vertex -38.875 -67.3335 2.6
      vertex -38.6303 -67.497 4
      vertex -38.875 -67.3335 4
    endloop
  endfacet
  facet normal -0.555562 -0.831475 -0
    outer loop
      vertex -38.6303 -67.497 4
      vertex -38.875 -67.3335 2.6
      vertex -38.6303 -67.497 2.6
    endloop
  endfacet
  facet normal -0.946936 -0.321421 0
    outer loop
      vertex -37.8267 -68.6997 2.6
      vertex -37.9213 -68.421 4
      vertex -37.9213 -68.421 2.6
    endloop
  endfacet
  facet normal -0.946936 -0.321421 0
    outer loop
      vertex -37.9213 -68.421 4
      vertex -37.8267 -68.6997 2.6
      vertex -37.8267 -68.6997 4
    endloop
  endfacet
  facet normal 0.659202 -0.751966 0
    outer loop
      vertex -41.591 -67.691 2.6
      vertex -41.3697 -67.497 4
      vertex -41.591 -67.691 4
    endloop
  endfacet
  facet normal 0.659202 -0.751966 0
    outer loop
      vertex -41.3697 -67.497 4
      vertex -41.591 -67.691 2.6
      vertex -41.3697 -67.497 2.6
    endloop
  endfacet
  facet normal -0.321421 0.946936 0
    outer loop
      vertex -39.139 -71.3608 2.6
      vertex -39.4177 -71.4554 4
      vertex -39.139 -71.3608 4
    endloop
  endfacet
  facet normal -0.321421 0.946936 0
    outer loop
      vertex -39.4177 -71.4554 4
      vertex -39.139 -71.3608 2.6
      vertex -39.4177 -71.4554 2.6
    endloop
  endfacet
  facet normal -0.831318 0.555797 0
    outer loop
      vertex -38.215 -70.6517 2.6
      vertex -38.0514 -70.407 4
      vertex -38.0514 -70.407 2.6
    endloop
  endfacet
  facet normal -0.831318 0.555797 0
    outer loop
      vertex -38.0514 -70.407 4
      vertex -38.215 -70.6517 2.6
      vertex -38.215 -70.6517 4
    endloop
  endfacet
  facet normal 0.946936 -0.321421 0
    outer loop
      vertex -42.1733 -68.6997 4
      vertex -42.0787 -68.421 2.6
      vertex -42.0787 -68.421 4
    endloop
  endfacet
  facet normal 0.946936 -0.321421 0
    outer loop
      vertex -42.0787 -68.421 2.6
      vertex -42.1733 -68.6997 4
      vertex -42.1733 -68.6997 2.6
    endloop
  endfacet
  facet normal 0.980724 -0.195397 0
    outer loop
      vertex -42.2308 -68.9883 4
      vertex -42.1733 -68.6997 2.6
      vertex -42.1733 -68.6997 4
    endloop
  endfacet
  facet normal 0.980724 -0.195397 0
    outer loop
      vertex -42.1733 -68.6997 2.6
      vertex -42.2308 -68.9883 4
      vertex -42.2308 -68.9883 2.6
    endloop
  endfacet
  facet normal 0.19507 0.980789 -0
    outer loop
      vertex -40.2937 -71.5128 2.6
      vertex -40.5823 -71.4554 4
      vertex -40.2937 -71.5128 4
    endloop
  endfacet
  facet normal 0.19507 0.980789 0
    outer loop
      vertex -40.5823 -71.4554 4
      vertex -40.2937 -71.5128 2.6
      vertex -40.5823 -71.4554 2.6
    endloop
  endfacet
  facet normal 0.751966 -0.659202 0
    outer loop
      vertex -41.785 -67.9123 4
      vertex -41.591 -67.691 2.6
      vertex -41.591 -67.691 4
    endloop
  endfacet
  facet normal 0.751966 -0.659202 0
    outer loop
      vertex -41.591 -67.691 2.6
      vertex -41.785 -67.9123 4
      vertex -41.785 -67.9123 2.6
    endloop
  endfacet
  facet normal -0.19507 -0.980789 0
    outer loop
      vertex -39.7063 -67.0513 2.6
      vertex -39.4177 -67.1087 4
      vertex -39.7063 -67.0513 4
    endloop
  endfacet
  facet normal -0.19507 -0.980789 -0
    outer loop
      vertex -39.4177 -67.1087 4
      vertex -39.7063 -67.0513 2.6
      vertex -39.4177 -67.1087 2.6
    endloop
  endfacet
  facet normal 0.99787 0.0652336 0
    outer loop
      vertex -42.2308 -69.5757 4
      vertex -42.25 -69.282 2.6
      vertex -42.25 -69.282 4
    endloop
  endfacet
  facet normal 0.99787 0.0652336 0
    outer loop
      vertex -42.25 -69.282 2.6
      vertex -42.2308 -69.5757 4
      vertex -42.2308 -69.5757 2.6
    endloop
  endfacet
  facet normal -0.751966 0.659202 0
    outer loop
      vertex -38.409 -70.873 2.6
      vertex -38.215 -70.6517 4
      vertex -38.215 -70.6517 2.6
    endloop
  endfacet
  facet normal -0.751966 0.659202 0
    outer loop
      vertex -38.215 -70.6517 4
      vertex -38.409 -70.873 2.6
      vertex -38.409 -70.873 4
    endloop
  endfacet
  facet normal -0.555562 0.831475 0
    outer loop
      vertex -38.6303 -71.0671 2.6
      vertex -38.875 -71.2306 4
      vertex -38.6303 -71.0671 4
    endloop
  endfacet
  facet normal -0.555562 0.831475 0
    outer loop
      vertex -38.875 -71.2306 4
      vertex -38.6303 -71.0671 2.6
      vertex -38.875 -71.2306 2.6
    endloop
  endfacet
  facet normal -0.99787 0.0652336 0
    outer loop
      vertex -37.7692 -69.5757 2.6
      vertex -37.75 -69.282 4
      vertex -37.75 -69.282 2.6
    endloop
  endfacet
  facet normal -0.99787 0.0652336 0
    outer loop
      vertex -37.75 -69.282 4
      vertex -37.7692 -69.5757 2.6
      vertex -37.7692 -69.5757 4
    endloop
  endfacet
  facet normal 0.19507 -0.980789 0
    outer loop
      vertex -40.5823 -67.1087 2.6
      vertex -40.2937 -67.0513 4
      vertex -40.5823 -67.1087 4
    endloop
  endfacet
  facet normal 0.19507 -0.980789 0
    outer loop
      vertex -40.2937 -67.0513 4
      vertex -40.5823 -67.1087 2.6
      vertex -40.2937 -67.0513 2.6
    endloop
  endfacet
  facet normal -0.831318 -0.555797 0
    outer loop
      vertex -38.0514 -68.157 2.6
      vertex -38.215 -67.9123 4
      vertex -38.215 -67.9123 2.6
    endloop
  endfacet
  facet normal -0.831318 -0.555797 0
    outer loop
      vertex -38.215 -67.9123 4
      vertex -38.0514 -68.157 2.6
      vertex -38.0514 -68.157 4
    endloop
  endfacet
  facet normal -0.442315 -0.89686 0
    outer loop
      vertex -39.139 -67.2033 2.6
      vertex -38.875 -67.3335 4
      vertex -39.139 -67.2033 4
    endloop
  endfacet
  facet normal -0.442315 -0.89686 -0
    outer loop
      vertex -38.875 -67.3335 4
      vertex -39.139 -67.2033 2.6
      vertex -38.875 -67.3335 2.6
    endloop
  endfacet
  facet normal -0.896995 -0.442042 0
    outer loop
      vertex -37.9213 -68.421 2.6
      vertex -38.0514 -68.157 4
      vertex -38.0514 -68.157 2.6
    endloop
  endfacet
  facet normal -0.896995 -0.442042 0
    outer loop
      vertex -38.0514 -68.157 4
      vertex -37.9213 -68.421 2.6
      vertex -37.9213 -68.421 4
    endloop
  endfacet
  facet normal 0.442315 -0.89686 0
    outer loop
      vertex -41.125 -67.3335 2.6
      vertex -40.861 -67.2033 4
      vertex -41.125 -67.3335 4
    endloop
  endfacet
  facet normal 0.442315 -0.89686 0
    outer loop
      vertex -40.861 -67.2033 4
      vertex -41.125 -67.3335 2.6
      vertex -40.861 -67.2033 2.6
    endloop
  endfacet
  facet normal -0.0652336 0.99787 0
    outer loop
      vertex -39.7063 -71.5128 2.6
      vertex -40 -71.532 4
      vertex -39.7063 -71.5128 4
    endloop
  endfacet
  facet normal -0.0652336 0.99787 0
    outer loop
      vertex -40 -71.532 4
      vertex -39.7063 -71.5128 2.6
      vertex -40 -71.532 2.6
    endloop
  endfacet
  facet normal -0.896928 0.442176 0
    outer loop
      vertex -38.0514 -70.407 2.6
      vertex -37.9213 -70.1431 4
      vertex -37.9213 -70.1431 2.6
    endloop
  endfacet
  facet normal -0.896928 0.442176 0
    outer loop
      vertex -37.9213 -70.1431 4
      vertex -38.0514 -70.407 2.6
      vertex -38.0514 -70.407 4
    endloop
  endfacet
  facet normal 0.321421 -0.946936 0
    outer loop
      vertex -40.861 -67.2033 2.6
      vertex -40.5823 -67.1087 4
      vertex -40.861 -67.2033 4
    endloop
  endfacet
  facet normal 0.321421 -0.946936 0
    outer loop
      vertex -40.5823 -67.1087 4
      vertex -40.861 -67.2033 2.6
      vertex -40.5823 -67.1087 2.6
    endloop
  endfacet
  facet normal -0.442315 0.89686 0
    outer loop
      vertex -38.875 -71.2306 2.6
      vertex -39.139 -71.3608 4
      vertex -38.875 -71.2306 4
    endloop
  endfacet
  facet normal -0.442315 0.89686 0
    outer loop
      vertex -39.139 -71.3608 4
      vertex -38.875 -71.2306 2.6
      vertex -39.139 -71.3608 2.6
    endloop
  endfacet
  facet normal -0.321421 -0.946936 0
    outer loop
      vertex -39.4177 -67.1087 2.6
      vertex -39.139 -67.2033 4
      vertex -39.4177 -67.1087 4
    endloop
  endfacet
  facet normal -0.321421 -0.946936 -0
    outer loop
      vertex -39.139 -67.2033 4
      vertex -39.4177 -67.1087 2.6
      vertex -39.139 -67.2033 2.6
    endloop
  endfacet
  facet normal 0.831318 -0.555797 0
    outer loop
      vertex -41.9486 -68.157 4
      vertex -41.785 -67.9123 2.6
      vertex -41.785 -67.9123 4
    endloop
  endfacet
  facet normal 0.831318 -0.555797 0
    outer loop
      vertex -41.785 -67.9123 2.6
      vertex -41.9486 -68.157 4
      vertex -41.9486 -68.157 2.6
    endloop
  endfacet
  facet normal -0.980737 0.195332 0
    outer loop
      vertex -37.8267 -69.8644 2.6
      vertex -37.7692 -69.5757 4
      vertex -37.7692 -69.5757 2.6
    endloop
  endfacet
  facet normal -0.980737 0.195332 0
    outer loop
      vertex -37.7692 -69.5757 4
      vertex -37.8267 -69.8644 2.6
      vertex -37.8267 -69.8644 4
    endloop
  endfacet
  facet normal -0.659202 -0.751966 0
    outer loop
      vertex -38.6303 -67.497 2.6
      vertex -38.409 -67.691 4
      vertex -38.6303 -67.497 4
    endloop
  endfacet
  facet normal -0.659202 -0.751966 -0
    outer loop
      vertex -38.409 -67.691 4
      vertex -38.6303 -67.497 2.6
      vertex -38.409 -67.691 2.6
    endloop
  endfacet
  facet normal 0.896995 -0.442042 0
    outer loop
      vertex -42.0787 -68.421 4
      vertex -41.9486 -68.157 2.6
      vertex -41.9486 -68.157 4
    endloop
  endfacet
  facet normal 0.896995 -0.442042 0
    outer loop
      vertex -41.9486 -68.157 2.6
      vertex -42.0787 -68.421 4
      vertex -42.0787 -68.421 2.6
    endloop
  endfacet
  facet normal -0.946936 0.321421 0
    outer loop
      vertex -37.9213 -70.1431 2.6
      vertex -37.8267 -69.8644 4
      vertex -37.8267 -69.8644 2.6
    endloop
  endfacet
  facet normal -0.946936 0.321421 0
    outer loop
      vertex -37.8267 -69.8644 4
      vertex -37.9213 -70.1431 2.6
      vertex -37.9213 -70.1431 4
    endloop
  endfacet
  facet normal 0.0655719 -0.997848 0
    outer loop
      vertex -40.2937 -67.0513 2.6
      vertex -40 -67.032 4
      vertex -40.2937 -67.0513 4
    endloop
  endfacet
  facet normal 0.0655719 -0.997848 0
    outer loop
      vertex -40 -67.032 4
      vertex -40.2937 -67.0513 2.6
      vertex -40 -67.032 2.6
    endloop
  endfacet
  facet normal 0.0494533 0.75648 -0.652144
    outer loop
      vertex -40 -73.7734 0
      vertex -40.2937 -71.5128 2.6
      vertex -40 -71.532 2.6
    endloop
  endfacet
  facet normal 0.0495546 0.756482 -0.652134
    outer loop
      vertex -40.2937 -71.5128 2.6
      vertex -40 -73.7734 0
      vertex -40.5862 -73.735 0
    endloop
  endfacet
  facet normal 0.717883 -0.243639 -0.652139
    outer loop
      vertex -42.0787 -68.421 2.6
      vertex -44.3383 -68.1196 0
      vertex -44.1495 -67.5633 0
    endloop
  endfacet
  facet normal 0.717875 -0.24367 -0.652135
    outer loop
      vertex -44.3383 -68.1196 0
      vertex -42.0787 -68.421 2.6
      vertex -42.1733 -68.6997 2.6
    endloop
  endfacet
  facet normal 0.421235 0.630301 -0.652137
    outer loop
      vertex -41.125 -71.2306 2.6
      vertex -42.2457 -73.1717 0
      vertex -42.7332 -72.8459 0
    endloop
  endfacet
  facet normal 0.421176 0.630348 -0.652129
    outer loop
      vertex -42.7332 -72.8459 0
      vertex -41.3697 -71.0671 2.6
      vertex -41.125 -71.2306 2.6
    endloop
  endfacet
  facet normal 0.390764 0.651273 -0.650497
    outer loop
      vertex -41.3697 -71.0671 2.6
      vertex -42.7332 -72.8459 0
      vertex -42.7342 -72.8453 0
    endloop
  endfacet
  facet normal 0.243669 0.71787 -0.652141
    outer loop
      vertex -41.1625 -73.6204 0
      vertex -40.861 -71.3608 2.6
      vertex -40.5823 -71.4554 2.6
    endloop
  endfacet
  facet normal 0.243756 0.717849 -0.652132
    outer loop
      vertex -40.861 -71.3608 2.6
      vertex -41.1625 -73.6204 0
      vertex -41.7188 -73.4315 0
    endloop
  endfacet
  facet normal -0.243756 0.717849 -0.652132
    outer loop
      vertex -38.8375 -73.6204 0
      vertex -39.139 -71.3608 2.6
      vertex -38.2812 -73.4315 0
    endloop
  endfacet
  facet normal -0.243669 0.71787 -0.652141
    outer loop
      vertex -39.139 -71.3608 2.6
      vertex -38.8375 -73.6204 0
      vertex -39.4177 -71.4554 2.6
    endloop
  endfacet
  facet normal 0.688482 -0.312946 -0.65426
    outer loop
      vertex -41.9486 -68.157 2.6
      vertex -44.1495 -67.5633 0
      vertex -44.149 -67.5622 0
    endloop
  endfacet
  facet normal 0.680006 -0.335109 -0.652146
    outer loop
      vertex -44.1495 -67.5633 0
      vertex -41.9486 -68.157 2.6
      vertex -42.0787 -68.421 2.6
    endloop
  endfacet
  facet normal 0.499871 -0.569951 -0.652139
    outer loop
      vertex -42.7342 -65.7188 0
      vertex -41.3697 -67.497 2.6
      vertex -43.175 -66.1054 0
    endloop
  endfacet
  facet normal 0.147881 0.74354 -0.652135
    outer loop
      vertex -40.2937 -71.5128 2.6
      vertex -40.5862 -73.735 0
      vertex -41.1614 -73.6206 0
    endloop
  endfacet
  facet normal 0.421172 -0.630341 -0.652139
    outer loop
      vertex -41.3697 -67.497 2.6
      vertex -42.2457 -65.3924 0
      vertex -41.125 -67.3335 2.6
    endloop
  endfacet
  facet normal 0.421173 -0.63034 -0.652139
    outer loop
      vertex -42.2457 -65.3924 0
      vertex -41.3697 -67.497 2.6
      vertex -42.7342 -65.7188 0
    endloop
  endfacet
  facet normal 0.147883 0.743539 -0.652135
    outer loop
      vertex -41.1614 -73.6206 0
      vertex -40.5823 -71.4554 2.6
      vertex -40.2937 -71.5128 2.6
    endloop
  endfacet
  facet normal 0.135683 0.746258 -0.651682
    outer loop
      vertex -40.5823 -71.4554 2.6
      vertex -41.1614 -73.6206 0
      vertex -41.1625 -73.6204 0
    endloop
  endfacet
  facet normal -0.569942 -0.499879 -0.65214
    outer loop
      vertex -36.8234 -66.107 0
      vertex -36.4367 -66.5479 0
      vertex -38.215 -67.9123 2.6
    endloop
  endfacet
  facet normal -0.717883 -0.243639 -0.652139
    outer loop
      vertex -35.6617 -68.1196 0
      vertex -37.9213 -68.421 2.6
      vertex -35.8505 -67.5633 0
    endloop
  endfacet
  facet normal -0.717875 -0.24367 -0.652135
    outer loop
      vertex -37.9213 -68.421 2.6
      vertex -35.6617 -68.1196 0
      vertex -37.8267 -68.6997 2.6
    endloop
  endfacet
  facet normal -0.335355 -0.679889 -0.652141
    outer loop
      vertex -38.2802 -65.133 0
      vertex -37.7543 -65.3924 0
      vertex -38.875 -67.3335 2.6
    endloop
  endfacet
  facet normal 0.49975 -0.570076 -0.652122
    outer loop
      vertex -41.591 -67.691 2.6
      vertex -43.175 -66.1054 0
      vertex -41.3697 -67.497 2.6
    endloop
  endfacet
  facet normal 0.466537 -0.599833 -0.650034
    outer loop
      vertex -43.175 -66.1054 0
      vertex -41.591 -67.691 2.6
      vertex -43.1759 -66.1061 0
    endloop
  endfacet
  facet normal -0.499871 0.569951 -0.652139
    outer loop
      vertex -36.825 -72.4587 0
      vertex -37.2658 -72.8453 0
      vertex -38.6303 -71.0671 2.6
    endloop
  endfacet
  facet normal -0.499807 -0.57001 -0.652136
    outer loop
      vertex -38.409 -67.691 2.6
      vertex -37.2658 -65.7188 0
      vertex -36.8241 -66.1061 0
    endloop
  endfacet
  facet normal -0.499738 -0.570061 -0.652144
    outer loop
      vertex -37.2658 -65.7188 0
      vertex -38.409 -67.691 2.6
      vertex -38.6303 -67.497 2.6
    endloop
  endfacet
  facet normal 0.335322 0.679915 -0.652131
    outer loop
      vertex -41.7188 -73.4315 0
      vertex -41.125 -71.2306 2.6
      vertex -40.861 -71.3608 2.6
    endloop
  endfacet
  facet normal 0.339193 0.678386 -0.651721
    outer loop
      vertex -41.125 -71.2306 2.6
      vertex -41.7188 -73.4315 0
      vertex -41.7198 -73.431 0
    endloop
  endfacet
  facet normal 0.335253 0.679943 -0.652137
    outer loop
      vertex -41.125 -71.2306 2.6
      vertex -41.7198 -73.431 0
      vertex -42.2457 -73.1717 0
    endloop
  endfacet
  facet normal -0.147857 0.743543 -0.652137
    outer loop
      vertex -39.4138 -73.735 0
      vertex -39.4177 -71.4554 2.6
      vertex -38.8375 -73.6204 0
    endloop
  endfacet
  facet normal -0.147883 0.74354 -0.652134
    outer loop
      vertex -39.4177 -71.4554 2.6
      vertex -39.4138 -73.735 0
      vertex -39.7063 -71.5128 2.6
    endloop
  endfacet
  facet normal -0.243669 -0.71787 -0.652141
    outer loop
      vertex -38.8375 -64.9437 0
      vertex -39.139 -67.2033 2.6
      vertex -39.4177 -67.1087 2.6
    endloop
  endfacet
  facet normal -0.243637 -0.717878 -0.652144
    outer loop
      vertex -39.139 -67.2033 2.6
      vertex -38.8375 -64.9437 0
      vertex -38.2812 -65.1325 0
    endloop
  endfacet
  facet normal -0.679924 -0.335317 -0.652124
    outer loop
      vertex -35.8505 -67.5633 0
      vertex -38.0514 -68.157 2.6
      vertex -36.1104 -67.0363 0
    endloop
  endfacet
  facet normal -0.680006 -0.335109 -0.652146
    outer loop
      vertex -38.0514 -68.157 2.6
      vertex -35.8505 -67.5633 0
      vertex -37.9213 -68.421 2.6
    endloop
  endfacet
  facet normal -0.75648 0.0494533 -0.652144
    outer loop
      vertex -35.5086 -69.282 0
      vertex -37.7692 -69.5757 2.6
      vertex -37.75 -69.282 2.6
    endloop
  endfacet
  facet normal -0.756482 0.0495461 -0.652135
    outer loop
      vertex -37.7692 -69.5757 2.6
      vertex -35.5086 -69.282 0
      vertex -35.547 -69.8683 0
    endloop
  endfacet
  facet normal 0.0496829 -0.75647 -0.652138
    outer loop
      vertex -40 -64.7906 0
      vertex -40.2937 -67.0513 2.6
      vertex -40.5862 -64.8291 0
    endloop
  endfacet
  facet normal 0.0497102 -0.756471 -0.652136
    outer loop
      vertex -40.2937 -67.0513 2.6
      vertex -40 -64.7906 0
      vertex -40 -67.032 2.6
    endloop
  endfacet
  facet normal -0.570076 -0.49975 -0.652122
    outer loop
      vertex -38.409 -67.691 2.6
      vertex -36.8234 -66.107 0
      vertex -38.215 -67.9123 2.6
    endloop
  endfacet
  facet normal -0.599833 -0.466537 -0.650034
    outer loop
      vertex -36.8234 -66.107 0
      vertex -38.409 -67.691 2.6
      vertex -36.8241 -66.1061 0
    endloop
  endfacet
  facet normal -0.0495546 0.756482 -0.652134
    outer loop
      vertex -40 -73.7734 0
      vertex -39.7063 -71.5128 2.6
      vertex -39.4138 -73.735 0
    endloop
  endfacet
  facet normal -0.0494533 0.75648 -0.652144
    outer loop
      vertex -39.7063 -71.5128 2.6
      vertex -40 -73.7734 0
      vertex -40 -71.532 2.6
    endloop
  endfacet
  facet normal 0.147857 -0.743543 -0.652137
    outer loop
      vertex -40.5862 -64.8291 0
      vertex -40.5823 -67.1087 2.6
      vertex -41.1625 -64.9437 0
    endloop
  endfacet
  facet normal 0.147883 -0.74354 -0.652134
    outer loop
      vertex -40.5823 -67.1087 2.6
      vertex -40.5862 -64.8291 0
      vertex -40.2937 -67.0513 2.6
    endloop
  endfacet
  facet normal -0.33526 0.67994 -0.652137
    outer loop
      vertex -38.2812 -73.4315 0
      vertex -38.875 -71.2306 2.6
      vertex -37.7543 -73.1717 0
    endloop
  endfacet
  facet normal -0.335322 0.679915 -0.652131
    outer loop
      vertex -38.875 -71.2306 2.6
      vertex -38.2812 -73.4315 0
      vertex -39.139 -71.3608 2.6
    endloop
  endfacet
  facet normal 0.630368 -0.421151 -0.652126
    outer loop
      vertex -43.5639 -66.5488 0
      vertex -41.9486 -68.157 2.6
      vertex -43.8896 -67.0363 0
    endloop
  endfacet
  facet normal -0.630406 0.42109 -0.652128
    outer loop
      vertex -36.1104 -71.5277 0
      vertex -36.4361 -72.0153 0
      vertex -38.0514 -70.407 2.6
    endloop
  endfacet
  facet normal 0.679958 0.335212 -0.652142
    outer loop
      vertex -41.9486 -70.407 2.6
      vertex -44.1495 -71.0008 0
      vertex -42.0787 -70.1431 2.6
    endloop
  endfacet
  facet normal 0.679897 0.335368 -0.652126
    outer loop
      vertex -44.1495 -71.0008 0
      vertex -41.9486 -70.407 2.6
      vertex -43.8896 -71.5277 0
    endloop
  endfacet
  facet normal -0.569936 0.499872 -0.652151
    outer loop
      vertex -36.8241 -72.4579 0
      vertex -38.215 -70.6517 2.6
      vertex -36.4367 -72.0162 0
    endloop
  endfacet
  facet normal -0.570069 0.499744 -0.652133
    outer loop
      vertex -38.215 -70.6517 2.6
      vertex -36.8241 -72.4579 0
      vertex -38.409 -70.873 2.6
    endloop
  endfacet
  facet normal -0.503565 0.566511 -0.652294
    outer loop
      vertex -36.825 -72.4587 0
      vertex -38.409 -70.873 2.6
      vertex -36.8241 -72.4579 0
    endloop
  endfacet
  facet normal -0.499885 0.569936 -0.652141
    outer loop
      vertex -38.409 -70.873 2.6
      vertex -36.825 -72.4587 0
      vertex -38.6303 -71.0671 2.6
    endloop
  endfacet
  facet normal -0.421235 -0.630301 -0.652137
    outer loop
      vertex -37.7543 -65.3924 0
      vertex -37.2668 -65.7182 0
      vertex -38.875 -67.3335 2.6
    endloop
  endfacet
  facet normal 0.570069 -0.499744 -0.652133
    outer loop
      vertex -41.785 -67.9123 2.6
      vertex -43.1759 -66.1061 0
      vertex -41.591 -67.691 2.6
    endloop
  endfacet
  facet normal 0.569998 -0.499812 -0.652143
    outer loop
      vertex -43.1759 -66.1061 0
      vertex -41.785 -67.9123 2.6
      vertex -43.5633 -66.5479 0
    endloop
  endfacet
  facet normal -0.421173 0.63034 -0.652139
    outer loop
      vertex -37.7543 -73.1717 0
      vertex -38.6303 -71.0671 2.6
      vertex -37.2658 -72.8453 0
    endloop
  endfacet
  facet normal -0.421172 0.630341 -0.652139
    outer loop
      vertex -38.6303 -71.0671 2.6
      vertex -37.7543 -73.1717 0
      vertex -38.875 -71.2306 2.6
    endloop
  endfacet
  facet normal -0.743533 0.147905 -0.652137
    outer loop
      vertex -35.547 -69.8683 0
      vertex -35.6614 -70.4434 0
      vertex -37.7692 -69.5757 2.6
    endloop
  endfacet
  facet normal 0.730726 -0.199289 -0.652934
    outer loop
      vertex -42.1733 -68.6997 2.6
      vertex -44.3386 -68.1207 0
      vertex -44.3383 -68.1196 0
    endloop
  endfacet
  facet normal 0.743472 -0.148128 -0.652156
    outer loop
      vertex -44.3386 -68.1207 0
      vertex -42.1733 -68.6997 2.6
      vertex -42.2308 -68.9883 2.6
    endloop
  endfacet
  facet normal 0.243637 -0.717878 -0.652144
    outer loop
      vertex -41.1625 -64.9437 0
      vertex -40.861 -67.2033 2.6
      vertex -41.7188 -65.1325 0
    endloop
  endfacet
  facet normal 0.243669 -0.71787 -0.652141
    outer loop
      vertex -40.861 -67.2033 2.6
      vertex -41.1625 -64.9437 0
      vertex -40.5823 -67.1087 2.6
    endloop
  endfacet
  facet normal -0.743512 -0.148006 -0.652139
    outer loop
      vertex -35.547 -68.6958 0
      vertex -37.8267 -68.6997 2.6
      vertex -35.6617 -68.1196 0
    endloop
  endfacet
  facet normal -0.743497 -0.148133 -0.652126
    outer loop
      vertex -37.8267 -68.6997 2.6
      vertex -35.547 -68.6958 0
      vertex -37.7692 -68.9883 2.6
    endloop
  endfacet
  facet normal -0.630785 0.420524 -0.652127
    outer loop
      vertex -38.215 -70.6517 2.6
      vertex -36.4361 -72.0153 0
      vertex -36.4367 -72.0162 0
    endloop
  endfacet
  facet normal -0.630207 0.42134 -0.652159
    outer loop
      vertex -36.4361 -72.0153 0
      vertex -38.215 -70.6517 2.6
      vertex -38.0514 -70.407 2.6
    endloop
  endfacet
  facet normal -0.630369 -0.421149 -0.652126
    outer loop
      vertex -38.0514 -68.157 2.6
      vertex -36.4367 -66.5479 0
      vertex -36.1104 -67.0363 0
    endloop
  endfacet
  facet normal -0.630214 -0.421344 -0.65215
    outer loop
      vertex -36.4367 -66.5479 0
      vertex -38.0514 -68.157 2.6
      vertex -38.215 -67.9123 2.6
    endloop
  endfacet
  facet normal 0.743536 -0.147906 -0.652134
    outer loop
      vertex -44.3386 -68.1207 0
      vertex -42.2308 -68.9883 2.6
      vertex -44.453 -68.6958 0
    endloop
  endfacet
  facet normal -0.756482 -0.0495546 -0.652134
    outer loop
      vertex -35.5086 -69.282 0
      vertex -37.7692 -68.9883 2.6
      vertex -35.547 -68.6958 0
    endloop
  endfacet
  facet normal -0.75648 -0.0494533 -0.652144
    outer loop
      vertex -37.7692 -68.9883 2.6
      vertex -35.5086 -69.282 0
      vertex -37.75 -69.282 2.6
    endloop
  endfacet
  facet normal 0.630214 -0.421344 -0.65215
    outer loop
      vertex -43.5639 -66.5488 0
      vertex -41.785 -67.9123 2.6
      vertex -41.9486 -68.157 2.6
    endloop
  endfacet
  facet normal 0.630792 -0.420528 -0.652118
    outer loop
      vertex -41.785 -67.9123 2.6
      vertex -43.5639 -66.5488 0
      vertex -43.5633 -66.5479 0
    endloop
  endfacet
  facet normal 0.630207 0.42134 -0.65216
    outer loop
      vertex -43.5633 -72.0162 0
      vertex -41.9486 -70.407 2.6
      vertex -41.785 -70.6517 2.6
    endloop
  endfacet
  facet normal 0.630407 0.421089 -0.652128
    outer loop
      vertex -41.9486 -70.407 2.6
      vertex -43.5633 -72.0162 0
      vertex -43.8896 -71.5277 0
    endloop
  endfacet
  facet normal 0.570547 0.499228 -0.65211
    outer loop
      vertex -43.1766 -72.4571 0
      vertex -41.591 -70.873 2.6
      vertex -43.1759 -72.4579 0
    endloop
  endfacet
  facet normal 0.570069 0.499744 -0.652133
    outer loop
      vertex -41.591 -70.873 2.6
      vertex -43.1766 -72.4571 0
      vertex -41.785 -70.6517 2.6
    endloop
  endfacet
  facet normal -0.147881 -0.74354 -0.652135
    outer loop
      vertex -39.4138 -64.8291 0
      vertex -38.8386 -64.9435 0
      vertex -39.7063 -67.0513 2.6
    endloop
  endfacet
  facet normal -0.679958 0.335212 -0.652142
    outer loop
      vertex -35.8505 -71.0008 0
      vertex -38.0514 -70.407 2.6
      vertex -37.9213 -70.1431 2.6
    endloop
  endfacet
  facet normal -0.678386 0.339193 -0.651721
    outer loop
      vertex -38.0514 -70.407 2.6
      vertex -35.8505 -71.0008 0
      vertex -35.851 -71.0018 0
    endloop
  endfacet
  facet normal -0.335316 -0.679904 -0.652146
    outer loop
      vertex -38.2812 -65.1325 0
      vertex -38.875 -67.3335 2.6
      vertex -39.139 -67.2033 2.6
    endloop
  endfacet
  facet normal -0.339187 -0.678375 -0.651736
    outer loop
      vertex -38.875 -67.3335 2.6
      vertex -38.2812 -65.1325 0
      vertex -38.2802 -65.133 0
    endloop
  endfacet
  facet normal 0.75648 0.0494533 -0.652144
    outer loop
      vertex -42.2308 -69.5757 2.6
      vertex -44.4914 -69.282 0
      vertex -42.25 -69.282 2.6
    endloop
  endfacet
  facet normal 0.756482 0.0495461 -0.652135
    outer loop
      vertex -44.4914 -69.282 0
      vertex -42.2308 -69.5757 2.6
      vertex -44.453 -69.8683 0
    endloop
  endfacet
  facet normal 0.569935 0.499873 -0.652151
    outer loop
      vertex -41.785 -70.6517 2.6
      vertex -43.1766 -72.4571 0
      vertex -43.5633 -72.0162 0
    endloop
  endfacet
  facet normal 0.679901 -0.335361 -0.652126
    outer loop
      vertex -43.8896 -67.0363 0
      vertex -41.9486 -68.157 2.6
      vertex -44.149 -67.5622 0
    endloop
  endfacet
  facet normal -0.743483 0.148079 -0.652154
    outer loop
      vertex -35.6614 -70.4434 0
      vertex -37.8267 -69.8644 2.6
      vertex -37.7692 -69.5757 2.6
    endloop
  endfacet
  facet normal -0.730726 0.199289 -0.652934
    outer loop
      vertex -37.8267 -69.8644 2.6
      vertex -35.6614 -70.4434 0
      vertex -35.6617 -70.4445 0
    endloop
  endfacet
  facet normal -0.0497102 -0.756471 -0.652136
    outer loop
      vertex -40 -64.7906 0
      vertex -39.7063 -67.0513 2.6
      vertex -40 -67.032 2.6
    endloop
  endfacet
  facet normal -0.0496829 -0.75647 -0.652138
    outer loop
      vertex -39.7063 -67.0513 2.6
      vertex -40 -64.7906 0
      vertex -39.4138 -64.8291 0
    endloop
  endfacet
  facet normal -0.679901 0.335361 -0.652126
    outer loop
      vertex -35.851 -71.0018 0
      vertex -36.1104 -71.5277 0
      vertex -38.0514 -70.407 2.6
    endloop
  endfacet
  facet normal 0.75648 -0.0494533 -0.652144
    outer loop
      vertex -44.4914 -69.282 0
      vertex -42.2308 -68.9883 2.6
      vertex -42.25 -69.282 2.6
    endloop
  endfacet
  facet normal 0.756482 -0.0495546 -0.652134
    outer loop
      vertex -42.2308 -68.9883 2.6
      vertex -44.4914 -69.282 0
      vertex -44.453 -68.6958 0
    endloop
  endfacet
  facet normal -0.717875 0.24367 -0.652135
    outer loop
      vertex -35.6617 -70.4445 0
      vertex -37.9213 -70.1431 2.6
      vertex -37.8267 -69.8644 2.6
    endloop
  endfacet
  facet normal -0.717883 0.243639 -0.652139
    outer loop
      vertex -37.9213 -70.1431 2.6
      vertex -35.6617 -70.4445 0
      vertex -35.8505 -71.0008 0
    endloop
  endfacet
  facet normal -0.390764 -0.651273 -0.650497
    outer loop
      vertex -38.6303 -67.497 2.6
      vertex -37.2668 -65.7182 0
      vertex -37.2658 -65.7188 0
    endloop
  endfacet
  facet normal -0.421176 -0.630348 -0.652129
    outer loop
      vertex -37.2668 -65.7182 0
      vertex -38.6303 -67.497 2.6
      vertex -38.875 -67.3335 2.6
    endloop
  endfacet
  facet normal -0.147883 -0.743539 -0.652135
    outer loop
      vertex -38.8386 -64.9435 0
      vertex -39.4177 -67.1087 2.6
      vertex -39.7063 -67.0513 2.6
    endloop
  endfacet
  facet normal -0.135683 -0.746258 -0.651682
    outer loop
      vertex -39.4177 -67.1087 2.6
      vertex -38.8386 -64.9435 0
      vertex -38.8375 -64.9437 0
    endloop
  endfacet
  facet normal 0.743503 0.148082 -0.652131
    outer loop
      vertex -42.1733 -69.8644 2.6
      vertex -44.453 -69.8683 0
      vertex -42.2308 -69.5757 2.6
    endloop
  endfacet
  facet normal 0.743512 0.148006 -0.652139
    outer loop
      vertex -44.453 -69.8683 0
      vertex -42.1733 -69.8644 2.6
      vertex -44.3383 -70.4445 0
    endloop
  endfacet
  facet normal 0.335362 -0.679886 -0.652141
    outer loop
      vertex -41.7188 -65.1325 0
      vertex -41.125 -67.3335 2.6
      vertex -42.2457 -65.3924 0
    endloop
  endfacet
  facet normal 0.335316 -0.679904 -0.652146
    outer loop
      vertex -41.125 -67.3335 2.6
      vertex -41.7188 -65.1325 0
      vertex -40.861 -67.2033 2.6
    endloop
  endfacet
  facet normal 0.717875 0.24367 -0.652135
    outer loop
      vertex -42.0787 -70.1431 2.6
      vertex -44.3383 -70.4445 0
      vertex -42.1733 -69.8644 2.6
    endloop
  endfacet
  facet normal 0.717883 0.243639 -0.652139
    outer loop
      vertex -44.3383 -70.4445 0
      vertex -42.0787 -70.1431 2.6
      vertex -44.1495 -71.0008 0
    endloop
  endfacet
  facet normal 0.499887 0.569938 -0.652138
    outer loop
      vertex -42.7342 -72.8453 0
      vertex -41.591 -70.873 2.6
      vertex -41.3697 -71.0671 2.6
    endloop
  endfacet
  facet normal 0.499878 0.569944 -0.652139
    outer loop
      vertex -41.591 -70.873 2.6
      vertex -42.7342 -72.8453 0
      vertex -43.1759 -72.4579 0
    endloop
  endfacet
  facet normal -0 0 1
    outer loop
      vertex -37.8267 -69.8644 4
      vertex -34.8428 -82.9495 4
      vertex -37.7692 -69.5757 4
    endloop
  endfacet
  facet normal -0 0 1
    outer loop
      vertex -37.9213 -70.1431 4
      vertex -34.8428 -82.9495 4
      vertex -37.8267 -69.8644 4
    endloop
  endfacet
  facet normal -0 0 1
    outer loop
      vertex -38.0514 -70.407 4
      vertex -34.8428 -82.9495 4
      vertex -37.9213 -70.1431 4
    endloop
  endfacet
  facet normal -0 0 1
    outer loop
      vertex -38.215 -70.6517 4
      vertex -34.8428 -82.9495 4
      vertex -38.0514 -70.407 4
    endloop
  endfacet
  facet normal -0 0 1
    outer loop
      vertex -38.409 -70.873 4
      vertex -34.8428 -82.9495 4
      vertex -38.215 -70.6517 4
    endloop
  endfacet
  facet normal 0 0 1
    outer loop
      vertex -34.8428 -82.9495 4
      vertex -38.409 -70.873 4
      vertex -36.6063 -82.2191 4
    endloop
  endfacet
  facet normal -0 0 1
    outer loop
      vertex -38.6303 -71.0671 4
      vertex -36.6063 -82.2191 4
      vertex -38.409 -70.873 4
    endloop
  endfacet
  facet normal -0 0 1
    outer loop
      vertex -38.875 -71.2306 4
      vertex -36.6063 -82.2191 4
      vertex -38.6303 -71.0671 4
    endloop
  endfacet
  facet normal -0 0 1
    outer loop
      vertex -39.139 -71.3608 4
      vertex -36.6063 -82.2191 4
      vertex -38.875 -71.2306 4
    endloop
  endfacet
  facet normal 0 0 1
    outer loop
      vertex -40.8591 -80.1906 4
      vertex -39.139 -71.3608 4
      vertex -39.4177 -71.4554 4
    endloop
  endfacet
  facet normal 0 0 1
    outer loop
      vertex -40.8591 -80.1906 4
      vertex -39.4177 -71.4554 4
      vertex -39.7063 -71.5128 4
    endloop
  endfacet
  facet normal 0 0 1
    outer loop
      vertex -40.8591 -80.1906 4
      vertex -39.7063 -71.5128 4
      vertex -40 -71.532 4
    endloop
  endfacet
  facet normal 0 0 1
    outer loop
      vertex -40.8591 -80.1906 4
      vertex -40 -71.532 4
      vertex -40.2937 -71.5128 4
    endloop
  endfacet
  facet normal 0 0 1
    outer loop
      vertex -45 -77.9423 4
      vertex -40.2937 -71.5128 4
      vertex -40.5823 -71.4554 4
    endloop
  endfacet
  facet normal 0 0 1
    outer loop
      vertex -39.139 -71.3608 4
      vertex -40.8591 -80.1906 4
      vertex -36.6063 -82.2191 4
    endloop
  endfacet
  facet normal 0 0 1
    outer loop
      vertex -45 -77.9423 4
      vertex -40.5823 -71.4554 4
      vertex -40.861 -71.3608 4
    endloop
  endfacet
  facet normal 0 0 1
    outer loop
      vertex -45 -77.9423 4
      vertex -40.861 -71.3608 4
      vertex -41.125 -71.2306 4
    endloop
  endfacet
  facet normal 0 0 1
    outer loop
      vertex -45 -77.9423 4
      vertex -41.125 -71.2306 4
      vertex -41.3697 -71.0671 4
    endloop
  endfacet
  facet normal 0 0 1
    outer loop
      vertex -45 -77.9423 4
      vertex -41.3697 -71.0671 4
      vertex -41.591 -70.873 4
    endloop
  endfacet
  facet normal 0 0 1
    outer loop
      vertex -45 -77.9423 4
      vertex -41.591 -70.873 4
      vertex -41.785 -70.6517 4
    endloop
  endfacet
  facet normal 0 0 1
    outer loop
      vertex -49.0175 -75.4803 4
      vertex -41.785 -70.6517 4
      vertex -41.9486 -70.407 4
    endloop
  endfacet
  facet normal 0 0 1
    outer loop
      vertex -49.0175 -75.4803 4
      vertex -41.9486 -70.407 4
      vertex -42.0787 -70.1431 4
    endloop
  endfacet
  facet normal 0 0 1
    outer loop
      vertex -49.0175 -75.4803 4
      vertex -42.0787 -70.1431 4
      vertex -42.1733 -69.8644 4
    endloop
  endfacet
  facet normal 0 0 1
    outer loop
      vertex -49.0175 -75.4803 4
      vertex -42.1733 -69.8644 4
      vertex -42.2308 -69.5757 4
    endloop
  endfacet
  facet normal 0 0 1
    outer loop
      vertex -40.2937 -71.5128 4
      vertex -45 -77.9423 4
      vertex -40.8591 -80.1906 4
    endloop
  endfacet
  facet normal 0 0 1
    outer loop
      vertex -49.0175 -75.4803 4
      vertex -42.2308 -69.5757 4
      vertex -42.25 -69.282 4
    endloop
  endfacet
  facet normal 0 0 1
    outer loop
      vertex -10.2139 -40.291 4
      vertex -25.2692 -47.3377 4
      vertex -25.25 -47.6314 4
    endloop
  endfacet
  facet normal 0 0 1
    outer loop
      vertex -10.2139 -40.291 4
      vertex -25.3267 -47.0491 4
      vertex -25.2692 -47.3377 4
    endloop
  endfacet
  facet normal 0 0 1
    outer loop
      vertex -10.2139 -40.291 4
      vertex -25.4213 -46.7704 4
      vertex -25.3267 -47.0491 4
    endloop
  endfacet
  facet normal 0 0 1
    outer loop
      vertex -10.2139 -40.291 4
      vertex -25.5514 -46.5064 4
      vertex -25.4213 -46.7704 4
    endloop
  endfacet
  facet normal 0 0 1
    outer loop
      vertex -10.2139 -40.291 4
      vertex -25.715 -46.2617 4
      vertex -25.5514 -46.5064 4
    endloop
  endfacet
  facet normal 0 0 1
    outer loop
      vertex -10.2139 -40.291 4
      vertex -25.909 -46.0404 4
      vertex -25.715 -46.2617 4
    endloop
  endfacet
  facet normal 0 0 1
    outer loop
      vertex -10.2139 -40.291 4
      vertex -26.1303 -45.8464 4
      vertex -25.909 -46.0404 4
    endloop
  endfacet
  facet normal 0 0 1
    outer loop
      vertex -10.2139 -40.291 4
      vertex -26.375 -45.6828 4
      vertex -26.1303 -45.8464 4
    endloop
  endfacet
  facet normal 0 0 1
    outer loop
      vertex -29.7861 -28.991 4
      vertex -26.375 -45.6828 4
      vertex -10.2139 -40.291 4
    endloop
  endfacet
  facet normal 0 0 1
    outer loop
      vertex -26.375 -45.6828 4
      vertex -29.7861 -28.991 4
      vertex -26.639 -45.5527 4
    endloop
  endfacet
  facet normal 0 0 1
    outer loop
      vertex -26.639 -45.5527 4
      vertex -29.7861 -28.991 4
      vertex -26.9177 -45.4581 4
    endloop
  endfacet
  facet normal 0 0 1
    outer loop
      vertex -26.9177 -45.4581 4
      vertex -29.7861 -28.991 4
      vertex -27.2063 -45.4006 4
    endloop
  endfacet
  facet normal 0 0 1
    outer loop
      vertex -27.2063 -45.4006 4
      vertex -29.7861 -28.991 4
      vertex -27.5 -45.3814 4
    endloop
  endfacet
  facet normal 0 0 1
    outer loop
      vertex -27.5 -45.3814 4
      vertex -29.7861 -28.991 4
      vertex -27.7937 -45.4006 4
    endloop
  endfacet
  facet normal 0 0 1
    outer loop
      vertex -29.6733 -47.0491 4
      vertex -54.415 -71.6495 4
      vertex -29.7308 -47.3377 4
    endloop
  endfacet
  facet normal 0 0 1
    outer loop
      vertex -54.415 -71.6495 4
      vertex -29.6733 -47.0491 4
      vertex -29.7861 -28.991 4
    endloop
  endfacet
  facet normal 0 0 1
    outer loop
      vertex -29.5787 -46.7704 4
      vertex -29.7861 -28.991 4
      vertex -29.6733 -47.0491 4
    endloop
  endfacet
  facet normal 0 0 1
    outer loop
      vertex -29.4486 -46.5064 4
      vertex -29.7861 -28.991 4
      vertex -29.5787 -46.7704 4
    endloop
  endfacet
  facet normal 0 0 1
    outer loop
      vertex -29.285 -46.2617 4
      vertex -29.7861 -28.991 4
      vertex -29.4486 -46.5064 4
    endloop
  endfacet
  facet normal 0 0 1
    outer loop
      vertex -29.091 -46.0404 4
      vertex -29.7861 -28.991 4
      vertex -29.285 -46.2617 4
    endloop
  endfacet
  facet normal 0 0 1
    outer loop
      vertex -28.8697 -45.8464 4
      vertex -29.7861 -28.991 4
      vertex -29.091 -46.0404 4
    endloop
  endfacet
  facet normal 0 0 1
    outer loop
      vertex -28.625 -45.6828 4
      vertex -29.7861 -28.991 4
      vertex -28.8697 -45.8464 4
    endloop
  endfacet
  facet normal 0 0 1
    outer loop
      vertex -28.361 -45.5527 4
      vertex -29.7861 -28.991 4
      vertex -28.625 -45.6828 4
    endloop
  endfacet
  facet normal 0 0 1
    outer loop
      vertex -28.0823 -45.4581 4
      vertex -29.7861 -28.991 4
      vertex -28.361 -45.5527 4
    endloop
  endfacet
  facet normal 0 0 1
    outer loop
      vertex -27.7937 -45.4006 4
      vertex -29.7861 -28.991 4
      vertex -28.0823 -45.4581 4
    endloop
  endfacet
  facet normal 0 0 1
    outer loop
      vertex -25.2692 -47.9251 4
      vertex -10.2139 -40.291 4
      vertex -25.25 -47.6314 4
    endloop
  endfacet
  facet normal 0 0 1
    outer loop
      vertex -25.3267 -48.2137 4
      vertex -10.2139 -40.291 4
      vertex -25.2692 -47.9251 4
    endloop
  endfacet
  facet normal 0 0 1
    outer loop
      vertex -25.4213 -48.4924 4
      vertex -10.2139 -40.291 4
      vertex -25.3267 -48.2137 4
    endloop
  endfacet
  facet normal 0 0 1
    outer loop
      vertex -25.5514 -48.7564 4
      vertex -10.2139 -40.291 4
      vertex -25.4213 -48.4924 4
    endloop
  endfacet
  facet normal 0 0 1
    outer loop
      vertex -25.715 -49.0011 4
      vertex -10.2139 -40.291 4
      vertex -25.5514 -48.7564 4
    endloop
  endfacet
  facet normal 0 0 1
    outer loop
      vertex -25.909 -49.2224 4
      vertex -10.2139 -40.291 4
      vertex -25.715 -49.0011 4
    endloop
  endfacet
  facet normal 0 0 1
    outer loop
      vertex -34.8428 -82.9495 4
      vertex -25.909 -49.2224 4
      vertex -26.1303 -49.4164 4
    endloop
  endfacet
  facet normal 0 0 1
    outer loop
      vertex -34.8428 -82.9495 4
      vertex -26.1303 -49.4164 4
      vertex -26.375 -49.58 4
    endloop
  endfacet
  facet normal -0 0 1
    outer loop
      vertex -25.909 -49.2224 4
      vertex -34.8428 -82.9495 4
      vertex -10.2139 -40.291 4
    endloop
  endfacet
  facet normal 0 0 1
    outer loop
      vertex -37.75 -69.282 4
      vertex -26.375 -49.58 4
      vertex -26.639 -49.7101 4
    endloop
  endfacet
  facet normal 0 0 1
    outer loop
      vertex -37.7692 -68.9883 4
      vertex -26.639 -49.7101 4
      vertex -26.9177 -49.8047 4
    endloop
  endfacet
  facet normal 0 0 1
    outer loop
      vertex -37.8267 -68.6997 4
      vertex -26.9177 -49.8047 4
      vertex -27.2063 -49.8621 4
    endloop
  endfacet
  facet normal 0 0 1
    outer loop
      vertex -37.9213 -68.421 4
      vertex -27.2063 -49.8621 4
      vertex -27.5 -49.8814 4
    endloop
  endfacet
  facet normal 0 0 1
    outer loop
      vertex -38.0514 -68.157 4
      vertex -27.5 -49.8814 4
      vertex -27.7937 -49.8621 4
    endloop
  endfacet
  facet normal 0 0 1
    outer loop
      vertex -38.215 -67.9123 4
      vertex -27.7937 -49.8621 4
      vertex -28.0823 -49.8047 4
    endloop
  endfacet
  facet normal 0 0 1
    outer loop
      vertex -38.409 -67.691 4
      vertex -28.0823 -49.8047 4
      vertex -28.361 -49.7101 4
    endloop
  endfacet
  facet normal 0 0 1
    outer loop
      vertex -38.6303 -67.497 4
      vertex -28.361 -49.7101 4
      vertex -28.625 -49.58 4
    endloop
  endfacet
  facet normal 0 0 1
    outer loop
      vertex -38.875 -67.3335 4
      vertex -28.625 -49.58 4
      vertex -28.8697 -49.4164 4
    endloop
  endfacet
  facet normal 0 0 1
    outer loop
      vertex -39.139 -67.2033 4
      vertex -28.8697 -49.4164 4
      vertex -29.091 -49.2224 4
    endloop
  endfacet
  facet normal 0 0 1
    outer loop
      vertex -39.4177 -67.1087 4
      vertex -29.091 -49.2224 4
      vertex -29.285 -49.0011 4
    endloop
  endfacet
  facet normal 0 0 1
    outer loop
      vertex -39.7063 -67.0513 4
      vertex -29.285 -49.0011 4
      vertex -29.4486 -48.7564 4
    endloop
  endfacet
  facet normal 0 0 1
    outer loop
      vertex -40 -67.032 4
      vertex -29.4486 -48.7564 4
      vertex -29.5787 -48.4924 4
    endloop
  endfacet
  facet normal 0 0 1
    outer loop
      vertex -40.2937 -67.0513 4
      vertex -29.5787 -48.4924 4
      vertex -29.6733 -48.2137 4
    endloop
  endfacet
  facet normal 0 0 1
    outer loop
      vertex -40.5823 -67.1087 4
      vertex -29.6733 -48.2137 4
      vertex -29.7308 -47.9251 4
    endloop
  endfacet
  facet normal 0 0 1
    outer loop
      vertex -40.861 -67.2033 4
      vertex -29.7308 -47.9251 4
      vertex -29.75 -47.6314 4
    endloop
  endfacet
  facet normal 0 0 1
    outer loop
      vertex -29.7308 -47.3377 4
      vertex -54.415 -71.6495 4
      vertex -29.75 -47.6314 4
    endloop
  endfacet
  facet normal 0 0 1
    outer loop
      vertex -26.639 -49.7101 4
      vertex -37.7692 -68.9883 4
      vertex -37.75 -69.282 4
    endloop
  endfacet
  facet normal -0 0 1
    outer loop
      vertex -37.7692 -69.5757 4
      vertex -34.8428 -82.9495 4
      vertex -37.75 -69.282 4
    endloop
  endfacet
  facet normal 0 0 1
    outer loop
      vertex -26.375 -49.58 4
      vertex -37.75 -69.282 4
      vertex -34.8428 -82.9495 4
    endloop
  endfacet
  facet normal 0 0 1
    outer loop
      vertex -26.9177 -49.8047 4
      vertex -37.8267 -68.6997 4
      vertex -37.7692 -68.9883 4
    endloop
  endfacet
  facet normal 0 0 1
    outer loop
      vertex -27.2063 -49.8621 4
      vertex -37.9213 -68.421 4
      vertex -37.8267 -68.6997 4
    endloop
  endfacet
  facet normal 0 0 1
    outer loop
      vertex -27.5 -49.8814 4
      vertex -38.0514 -68.157 4
      vertex -37.9213 -68.421 4
    endloop
  endfacet
  facet normal 0 0 1
    outer loop
      vertex -27.7937 -49.8621 4
      vertex -38.215 -67.9123 4
      vertex -38.0514 -68.157 4
    endloop
  endfacet
  facet normal 0 0 1
    outer loop
      vertex -28.0823 -49.8047 4
      vertex -38.409 -67.691 4
      vertex -38.215 -67.9123 4
    endloop
  endfacet
  facet normal 0 0 1
    outer loop
      vertex -28.361 -49.7101 4
      vertex -38.6303 -67.497 4
      vertex -38.409 -67.691 4
    endloop
  endfacet
  facet normal 0 0 1
    outer loop
      vertex -28.625 -49.58 4
      vertex -38.875 -67.3335 4
      vertex -38.6303 -67.497 4
    endloop
  endfacet
  facet normal 0 0 1
    outer loop
      vertex -28.8697 -49.4164 4
      vertex -39.139 -67.2033 4
      vertex -38.875 -67.3335 4
    endloop
  endfacet
  facet normal 0 0 1
    outer loop
      vertex -29.091 -49.2224 4
      vertex -39.4177 -67.1087 4
      vertex -39.139 -67.2033 4
    endloop
  endfacet
  facet normal 0 0 1
    outer loop
      vertex -29.285 -49.0011 4
      vertex -39.7063 -67.0513 4
      vertex -39.4177 -67.1087 4
    endloop
  endfacet
  facet normal 0 0 1
    outer loop
      vertex -29.4486 -48.7564 4
      vertex -40 -67.032 4
      vertex -39.7063 -67.0513 4
    endloop
  endfacet
  facet normal 0 0 1
    outer loop
      vertex -29.5787 -48.4924 4
      vertex -40.2937 -67.0513 4
      vertex -40 -67.032 4
    endloop
  endfacet
  facet normal 0 0 1
    outer loop
      vertex -29.6733 -48.2137 4
      vertex -40.5823 -67.1087 4
      vertex -40.2937 -67.0513 4
    endloop
  endfacet
  facet normal 0 0 1
    outer loop
      vertex -29.7308 -47.9251 4
      vertex -40.861 -67.2033 4
      vertex -40.5823 -67.1087 4
    endloop
  endfacet
  facet normal 0 0 1
    outer loop
      vertex -29.75 -47.6314 4
      vertex -41.125 -67.3335 4
      vertex -40.861 -67.2033 4
    endloop
  endfacet
  facet normal 0 0 1
    outer loop
      vertex -29.75 -47.6314 4
      vertex -54.415 -71.6495 4
      vertex -41.125 -67.3335 4
    endloop
  endfacet
  facet normal 0 0 1
    outer loop
      vertex -41.125 -67.3335 4
      vertex -54.415 -71.6495 4
      vertex -41.3697 -67.497 4
    endloop
  endfacet
  facet normal 0 0 1
    outer loop
      vertex -41.3697 -67.497 4
      vertex -54.415 -71.6495 4
      vertex -41.591 -67.691 4
    endloop
  endfacet
  facet normal 0 0 1
    outer loop
      vertex -41.591 -67.691 4
      vertex -54.415 -71.6495 4
      vertex -41.785 -67.9123 4
    endloop
  endfacet
  facet normal 0 0 1
    outer loop
      vertex -41.785 -67.9123 4
      vertex -54.415 -71.6495 4
      vertex -41.9486 -68.157 4
    endloop
  endfacet
  facet normal 0 0 1
    outer loop
      vertex -41.9486 -68.157 4
      vertex -54.415 -71.6495 4
      vertex -42.0787 -68.421 4
    endloop
  endfacet
  facet normal 0 0 1
    outer loop
      vertex -52.9007 -72.8115 4
      vertex -42.25 -69.282 4
      vertex -42.2308 -68.9883 4
    endloop
  endfacet
  facet normal 0 0 1
    outer loop
      vertex -52.9007 -72.8115 4
      vertex -42.2308 -68.9883 4
      vertex -42.1733 -68.6997 4
    endloop
  endfacet
  facet normal 0 0 1
    outer loop
      vertex -41.785 -70.6517 4
      vertex -49.0175 -75.4803 4
      vertex -45 -77.9423 4
    endloop
  endfacet
  facet normal 0 0 1
    outer loop
      vertex -42.0787 -68.421 4
      vertex -54.415 -71.6495 4
      vertex -42.1733 -68.6997 4
    endloop
  endfacet
  facet normal 0 0 1
    outer loop
      vertex -42.25 -69.282 4
      vertex -52.9007 -72.8115 4
      vertex -49.0175 -75.4803 4
    endloop
  endfacet
  facet normal 0 0 1
    outer loop
      vertex -42.1733 -68.6997 4
      vertex -54.415 -71.6495 4
      vertex -52.9007 -72.8115 4
    endloop
  endfacet
  facet normal -0.5 -0.866026 0
    outer loop
      vertex -29.7861 -28.991 4
      vertex -10.2139 -40.291 10
      vertex -29.7861 -28.991 10
    endloop
  endfacet
  facet normal -0.5 -0.866026 -0
    outer loop
      vertex -10.2139 -40.291 10
      vertex -29.7861 -28.991 4
      vertex -10.2139 -40.291 4
    endloop
  endfacet
  facet normal 0.866025 -0.5 0
    outer loop
      vertex -54.415 -71.6495 10
      vertex -29.7861 -28.991 4
      vertex -29.7861 -28.991 10
    endloop
  endfacet
  facet normal 0.866025 -0.5 0
    outer loop
      vertex -29.7861 -28.991 4
      vertex -54.415 -71.6495 10
      vertex -54.415 -71.6495 4
    endloop
  endfacet
  facet normal -0.866025 0.5 0
    outer loop
      vertex -34.8428 -82.9495 4
      vertex -10.2139 -40.291 10
      vertex -10.2139 -40.291 4
    endloop
  endfacet
  facet normal -0.866025 0.5 0
    outer loop
      vertex -10.2139 -40.291 10
      vertex -34.8428 -82.9495 4
      vertex -34.8428 -82.9495 10
    endloop
  endfacet
  facet normal 0.321421 -0.946936 0
    outer loop
      vertex -28.361 49.7101 2.6
      vertex -28.0823 49.8047 4
      vertex -28.361 49.7101 4
    endloop
  endfacet
  facet normal 0.321421 -0.946936 0
    outer loop
      vertex -28.0823 49.8047 4
      vertex -28.361 49.7101 2.6
      vertex -28.0823 49.8047 2.6
    endloop
  endfacet
  facet normal 0.442042 -0.896995 0
    outer loop
      vertex -28.625 49.58 2.6
      vertex -28.361 49.7101 4
      vertex -28.625 49.58 4
    endloop
  endfacet
  facet normal 0.442042 -0.896995 0
    outer loop
      vertex -28.361 49.7101 4
      vertex -28.625 49.58 2.6
      vertex -28.361 49.7101 2.6
    endloop
  endfacet
  facet normal 0.19507 -0.980789 0
    outer loop
      vertex -28.0823 49.8047 2.6
      vertex -27.7937 49.8621 4
      vertex -28.0823 49.8047 4
    endloop
  endfacet
  facet normal 0.19507 -0.980789 0
    outer loop
      vertex -27.7937 49.8621 4
      vertex -28.0823 49.8047 2.6
      vertex -27.7937 49.8621 2.6
    endloop
  endfacet
  facet normal -0.0655719 -0.997848 0
    outer loop
      vertex -27.5 49.8814 2.6
      vertex -27.2063 49.8621 4
      vertex -27.5 49.8814 4
    endloop
  endfacet
  facet normal -0.0655719 -0.997848 -0
    outer loop
      vertex -27.2063 49.8621 4
      vertex -27.5 49.8814 2.6
      vertex -27.2063 49.8621 2.6
    endloop
  endfacet
  facet normal 0.321421 0.946936 -0
    outer loop
      vertex -28.0823 45.4581 2.6
      vertex -28.361 45.5527 4
      vertex -28.0823 45.4581 4
    endloop
  endfacet
  facet normal 0.321421 0.946936 0
    outer loop
      vertex -28.361 45.5527 4
      vertex -28.0823 45.4581 2.6
      vertex -28.361 45.5527 2.6
    endloop
  endfacet
  facet normal 0.946936 -0.321421 0
    outer loop
      vertex -29.6733 48.2137 4
      vertex -29.5787 48.4924 2.6
      vertex -29.5787 48.4924 4
    endloop
  endfacet
  facet normal 0.946936 -0.321421 0
    outer loop
      vertex -29.5787 48.4924 2.6
      vertex -29.6733 48.2137 4
      vertex -29.6733 48.2137 2.6
    endloop
  endfacet
  facet normal -0.321421 -0.946936 0
    outer loop
      vertex -26.9177 49.8047 2.6
      vertex -26.639 49.7101 4
      vertex -26.9177 49.8047 4
    endloop
  endfacet
  facet normal -0.321421 -0.946936 -0
    outer loop
      vertex -26.639 49.7101 4
      vertex -26.9177 49.8047 2.6
      vertex -26.639 49.7101 2.6
    endloop
  endfacet
  facet normal -0.99787 -0.0652336 0
    outer loop
      vertex -25.25 47.6314 2.6
      vertex -25.2692 47.9251 4
      vertex -25.2692 47.9251 2.6
    endloop
  endfacet
  facet normal -0.99787 -0.0652336 0
    outer loop
      vertex -25.2692 47.9251 4
      vertex -25.25 47.6314 2.6
      vertex -25.25 47.6314 4
    endloop
  endfacet
  facet normal -0.555797 -0.831318 0
    outer loop
      vertex -26.375 49.58 2.6
      vertex -26.1303 49.4164 4
      vertex -26.375 49.58 4
    endloop
  endfacet
  facet normal -0.555797 -0.831318 -0
    outer loop
      vertex -26.1303 49.4164 4
      vertex -26.375 49.58 2.6
      vertex -26.1303 49.4164 2.6
    endloop
  endfacet
  facet normal 0.831318 -0.555797 0
    outer loop
      vertex -29.4486 48.7564 4
      vertex -29.285 49.0011 2.6
      vertex -29.285 49.0011 4
    endloop
  endfacet
  facet normal 0.831318 -0.555797 0
    outer loop
      vertex -29.285 49.0011 2.6
      vertex -29.4486 48.7564 4
      vertex -29.4486 48.7564 2.6
    endloop
  endfacet
  facet normal 0.980724 0.195397 0
    outer loop
      vertex -29.6733 47.0491 4
      vertex -29.7308 47.3377 2.6
      vertex -29.7308 47.3377 4
    endloop
  endfacet
  facet normal 0.980724 0.195397 0
    outer loop
      vertex -29.7308 47.3377 2.6
      vertex -29.6733 47.0491 4
      vertex -29.6733 47.0491 2.6
    endloop
  endfacet
  facet normal 0.0655719 -0.997848 0
    outer loop
      vertex -27.7937 49.8621 2.6
      vertex -27.5 49.8814 4
      vertex -27.7937 49.8621 4
    endloop
  endfacet
  facet normal 0.0655719 -0.997848 0
    outer loop
      vertex -27.5 49.8814 4
      vertex -27.7937 49.8621 2.6
      vertex -27.5 49.8814 2.6
    endloop
  endfacet
  facet normal -0.831318 0.555797 0
    outer loop
      vertex -25.715 46.2617 2.6
      vertex -25.5514 46.5064 4
      vertex -25.5514 46.5064 2.6
    endloop
  endfacet
  facet normal -0.831318 0.555797 0
    outer loop
      vertex -25.5514 46.5064 4
      vertex -25.715 46.2617 2.6
      vertex -25.715 46.2617 4
    endloop
  endfacet
  facet normal -0.19507 -0.980789 0
    outer loop
      vertex -27.2063 49.8621 2.6
      vertex -26.9177 49.8047 4
      vertex -27.2063 49.8621 4
    endloop
  endfacet
  facet normal -0.19507 -0.980789 -0
    outer loop
      vertex -26.9177 49.8047 4
      vertex -27.2063 49.8621 2.6
      vertex -26.9177 49.8047 2.6
    endloop
  endfacet
  facet normal 0.659202 -0.751966 0
    outer loop
      vertex -29.091 49.2224 2.6
      vertex -28.8697 49.4164 4
      vertex -29.091 49.2224 4
    endloop
  endfacet
  facet normal 0.659202 -0.751966 0
    outer loop
      vertex -28.8697 49.4164 4
      vertex -29.091 49.2224 2.6
      vertex -28.8697 49.4164 2.6
    endloop
  endfacet
  facet normal 0.555797 -0.831318 0
    outer loop
      vertex -28.8697 49.4164 2.6
      vertex -28.625 49.58 4
      vertex -28.8697 49.4164 4
    endloop
  endfacet
  facet normal 0.555797 -0.831318 0
    outer loop
      vertex -28.625 49.58 4
      vertex -28.8697 49.4164 2.6
      vertex -28.625 49.58 2.6
    endloop
  endfacet
  facet normal 0.442042 0.896995 -0
    outer loop
      vertex -28.361 45.5527 2.6
      vertex -28.625 45.6828 4
      vertex -28.361 45.5527 4
    endloop
  endfacet
  facet normal 0.442042 0.896995 0
    outer loop
      vertex -28.625 45.6828 4
      vertex -28.361 45.5527 2.6
      vertex -28.625 45.6828 2.6
    endloop
  endfacet
  facet normal -0.195397 0.980724 0
    outer loop
      vertex -26.9177 45.4581 2.6
      vertex -27.2063 45.4006 4
      vertex -26.9177 45.4581 4
    endloop
  endfacet
  facet normal -0.195397 0.980724 0
    outer loop
      vertex -27.2063 45.4006 4
      vertex -26.9177 45.4581 2.6
      vertex -27.2063 45.4006 2.6
    endloop
  endfacet
  facet normal -0.442042 0.896995 0
    outer loop
      vertex -26.375 45.6828 2.6
      vertex -26.639 45.5527 4
      vertex -26.375 45.6828 4
    endloop
  endfacet
  facet normal -0.442042 0.896995 0
    outer loop
      vertex -26.639 45.5527 4
      vertex -26.375 45.6828 2.6
      vertex -26.639 45.5527 2.6
    endloop
  endfacet
  facet normal 0.195397 0.980724 -0
    outer loop
      vertex -27.7937 45.4006 2.6
      vertex -28.0823 45.4581 4
      vertex -27.7937 45.4006 4
    endloop
  endfacet
  facet normal 0.195397 0.980724 0
    outer loop
      vertex -28.0823 45.4581 4
      vertex -27.7937 45.4006 2.6
      vertex -28.0823 45.4581 2.6
    endloop
  endfacet
  facet normal -0.980724 -0.195397 0
    outer loop
      vertex -25.2692 47.9251 2.6
      vertex -25.3267 48.2137 4
      vertex -25.3267 48.2137 2.6
    endloop
  endfacet
  facet normal -0.980724 -0.195397 0
    outer loop
      vertex -25.3267 48.2137 4
      vertex -25.2692 47.9251 2.6
      vertex -25.2692 47.9251 4
    endloop
  endfacet
  facet normal 0.980724 -0.195397 0
    outer loop
      vertex -29.7308 47.9251 4
      vertex -29.6733 48.2137 2.6
      vertex -29.6733 48.2137 4
    endloop
  endfacet
  facet normal 0.980724 -0.195397 0
    outer loop
      vertex -29.6733 48.2137 2.6
      vertex -29.7308 47.9251 4
      vertex -29.7308 47.9251 2.6
    endloop
  endfacet
  facet normal 0.896995 0.442042 0
    outer loop
      vertex -29.4486 46.5064 4
      vertex -29.5787 46.7704 2.6
      vertex -29.5787 46.7704 4
    endloop
  endfacet
  facet normal 0.896995 0.442042 0
    outer loop
      vertex -29.5787 46.7704 2.6
      vertex -29.4486 46.5064 4
      vertex -29.4486 46.5064 2.6
    endloop
  endfacet
  facet normal -0.751966 -0.659202 0
    outer loop
      vertex -25.715 49.0011 2.6
      vertex -25.909 49.2224 4
      vertex -25.909 49.2224 2.6
    endloop
  endfacet
  facet normal -0.751966 -0.659202 0
    outer loop
      vertex -25.909 49.2224 4
      vertex -25.715 49.0011 2.6
      vertex -25.715 49.0011 4
    endloop
  endfacet
  facet normal -0.659202 -0.751966 0
    outer loop
      vertex -26.1303 49.4164 2.6
      vertex -25.909 49.2224 4
      vertex -26.1303 49.4164 4
    endloop
  endfacet
  facet normal -0.659202 -0.751966 -0
    outer loop
      vertex -25.909 49.2224 4
      vertex -26.1303 49.4164 2.6
      vertex -25.909 49.2224 2.6
    endloop
  endfacet
  facet normal 0.751966 -0.659202 0
    outer loop
      vertex -29.285 49.0011 4
      vertex -29.091 49.2224 2.6
      vertex -29.091 49.2224 4
    endloop
  endfacet
  facet normal 0.751966 -0.659202 0
    outer loop
      vertex -29.091 49.2224 2.6
      vertex -29.285 49.0011 4
      vertex -29.285 49.0011 2.6
    endloop
  endfacet
  facet normal -0.946936 -0.321421 0
    outer loop
      vertex -25.3267 48.2137 2.6
      vertex -25.4213 48.4924 4
      vertex -25.4213 48.4924 2.6
    endloop
  endfacet
  facet normal -0.946936 -0.321421 0
    outer loop
      vertex -25.4213 48.4924 4
      vertex -25.3267 48.2137 2.6
      vertex -25.3267 48.2137 4
    endloop
  endfacet
  facet normal -0.751966 0.659202 0
    outer loop
      vertex -25.909 46.0404 2.6
      vertex -25.715 46.2617 4
      vertex -25.715 46.2617 2.6
    endloop
  endfacet
  facet normal -0.751966 0.659202 0
    outer loop
      vertex -25.715 46.2617 4
      vertex -25.909 46.0404 2.6
      vertex -25.909 46.0404 4
    endloop
  endfacet
  facet normal -0.442042 -0.896995 0
    outer loop
      vertex -26.639 49.7101 2.6
      vertex -26.375 49.58 4
      vertex -26.639 49.7101 4
    endloop
  endfacet
  facet normal -0.442042 -0.896995 -0
    outer loop
      vertex -26.375 49.58 4
      vertex -26.639 49.7101 2.6
      vertex -26.375 49.58 2.6
    endloop
  endfacet
  facet normal 0.946936 0.321421 0
    outer loop
      vertex -29.5787 46.7704 4
      vertex -29.6733 47.0491 2.6
      vertex -29.6733 47.0491 4
    endloop
  endfacet
  facet normal 0.946936 0.321421 0
    outer loop
      vertex -29.6733 47.0491 2.6
      vertex -29.5787 46.7704 4
      vertex -29.5787 46.7704 2.6
    endloop
  endfacet
  facet normal 0.99787 0.0652336 0
    outer loop
      vertex -29.7308 47.3377 4
      vertex -29.75 47.6314 2.6
      vertex -29.75 47.6314 4
    endloop
  endfacet
  facet normal 0.99787 0.0652336 0
    outer loop
      vertex -29.75 47.6314 2.6
      vertex -29.7308 47.3377 4
      vertex -29.7308 47.3377 2.6
    endloop
  endfacet
  facet normal 0.555797 0.831318 -0
    outer loop
      vertex -28.625 45.6828 2.6
      vertex -28.8697 45.8464 4
      vertex -28.625 45.6828 4
    endloop
  endfacet
  facet normal 0.555797 0.831318 0
    outer loop
      vertex -28.8697 45.8464 4
      vertex -28.625 45.6828 2.6
      vertex -28.8697 45.8464 2.6
    endloop
  endfacet
  facet normal -0.946936 0.321421 0
    outer loop
      vertex -25.4213 46.7704 2.6
      vertex -25.3267 47.0491 4
      vertex -25.3267 47.0491 2.6
    endloop
  endfacet
  facet normal -0.946936 0.321421 0
    outer loop
      vertex -25.3267 47.0491 4
      vertex -25.4213 46.7704 2.6
      vertex -25.4213 46.7704 4
    endloop
  endfacet
  facet normal -0.0652336 0.99787 0
    outer loop
      vertex -27.2063 45.4006 2.6
      vertex -27.5 45.3814 4
      vertex -27.2063 45.4006 4
    endloop
  endfacet
  facet normal -0.0652336 0.99787 0
    outer loop
      vertex -27.5 45.3814 4
      vertex -27.2063 45.4006 2.6
      vertex -27.5 45.3814 2.6
    endloop
  endfacet
  facet normal -0.555797 0.831318 0
    outer loop
      vertex -26.1303 45.8464 2.6
      vertex -26.375 45.6828 4
      vertex -26.1303 45.8464 4
    endloop
  endfacet
  facet normal -0.555797 0.831318 0
    outer loop
      vertex -26.375 45.6828 4
      vertex -26.1303 45.8464 2.6
      vertex -26.375 45.6828 2.6
    endloop
  endfacet
  facet normal 0.0652336 0.99787 -0
    outer loop
      vertex -27.5 45.3814 2.6
      vertex -27.7937 45.4006 4
      vertex -27.5 45.3814 4
    endloop
  endfacet
  facet normal 0.0652336 0.99787 0
    outer loop
      vertex -27.7937 45.4006 4
      vertex -27.5 45.3814 2.6
      vertex -27.7937 45.4006 2.6
    endloop
  endfacet
  facet normal -0.99787 0.0652336 0
    outer loop
      vertex -25.2692 47.3377 2.6
      vertex -25.25 47.6314 4
      vertex -25.25 47.6314 2.6
    endloop
  endfacet
  facet normal -0.99787 0.0652336 0
    outer loop
      vertex -25.25 47.6314 4
      vertex -25.2692 47.3377 2.6
      vertex -25.2692 47.3377 4
    endloop
  endfacet
  facet normal 0.896995 -0.442042 0
    outer loop
      vertex -29.5787 48.4924 4
      vertex -29.4486 48.7564 2.6
      vertex -29.4486 48.7564 4
    endloop
  endfacet
  facet normal 0.896995 -0.442042 0
    outer loop
      vertex -29.4486 48.7564 2.6
      vertex -29.5787 48.4924 4
      vertex -29.5787 48.4924 2.6
    endloop
  endfacet
  facet normal 0.831318 0.555797 0
    outer loop
      vertex -29.285 46.2617 4
      vertex -29.4486 46.5064 2.6
      vertex -29.4486 46.5064 4
    endloop
  endfacet
  facet normal 0.831318 0.555797 0
    outer loop
      vertex -29.4486 46.5064 2.6
      vertex -29.285 46.2617 4
      vertex -29.285 46.2617 2.6
    endloop
  endfacet
  facet normal -0.980724 0.195397 0
    outer loop
      vertex -25.3267 47.0491 2.6
      vertex -25.2692 47.3377 4
      vertex -25.2692 47.3377 2.6
    endloop
  endfacet
  facet normal -0.980724 0.195397 0
    outer loop
      vertex -25.2692 47.3377 4
      vertex -25.3267 47.0491 2.6
      vertex -25.3267 47.0491 4
    endloop
  endfacet
  facet normal 0.99787 -0.0652336 0
    outer loop
      vertex -29.75 47.6314 4
      vertex -29.7308 47.9251 2.6
      vertex -29.7308 47.9251 4
    endloop
  endfacet
  facet normal 0.99787 -0.0652336 0
    outer loop
      vertex -29.7308 47.9251 2.6
      vertex -29.75 47.6314 4
      vertex -29.75 47.6314 2.6
    endloop
  endfacet
  facet normal -0.659202 0.751966 0
    outer loop
      vertex -25.909 46.0404 2.6
      vertex -26.1303 45.8464 4
      vertex -25.909 46.0404 4
    endloop
  endfacet
  facet normal -0.659202 0.751966 0
    outer loop
      vertex -26.1303 45.8464 4
      vertex -25.909 46.0404 2.6
      vertex -26.1303 45.8464 2.6
    endloop
  endfacet
  facet normal -0.896995 -0.442042 0
    outer loop
      vertex -25.4213 48.4924 2.6
      vertex -25.5514 48.7564 4
      vertex -25.5514 48.7564 2.6
    endloop
  endfacet
  facet normal -0.896995 -0.442042 0
    outer loop
      vertex -25.5514 48.7564 4
      vertex -25.4213 48.4924 2.6
      vertex -25.4213 48.4924 4
    endloop
  endfacet
  facet normal 0.659202 0.751966 -0
    outer loop
      vertex -28.8697 45.8464 2.6
      vertex -29.091 46.0404 4
      vertex -28.8697 45.8464 4
    endloop
  endfacet
  facet normal 0.659202 0.751966 0
    outer loop
      vertex -29.091 46.0404 4
      vertex -28.8697 45.8464 2.6
      vertex -29.091 46.0404 2.6
    endloop
  endfacet
  facet normal -0.321421 0.946936 0
    outer loop
      vertex -26.639 45.5527 2.6
      vertex -26.9177 45.4581 4
      vertex -26.639 45.5527 4
    endloop
  endfacet
  facet normal -0.321421 0.946936 0
    outer loop
      vertex -26.9177 45.4581 4
      vertex -26.639 45.5527 2.6
      vertex -26.9177 45.4581 2.6
    endloop
  endfacet
  facet normal -0.831318 -0.555797 0
    outer loop
      vertex -25.5514 48.7564 2.6
      vertex -25.715 49.0011 4
      vertex -25.715 49.0011 2.6
    endloop
  endfacet
  facet normal -0.831318 -0.555797 0
    outer loop
      vertex -25.715 49.0011 4
      vertex -25.5514 48.7564 2.6
      vertex -25.5514 48.7564 4
    endloop
  endfacet
  facet normal 0.751966 0.659202 0
    outer loop
      vertex -29.091 46.0404 4
      vertex -29.285 46.2617 2.6
      vertex -29.285 46.2617 4
    endloop
  endfacet
  facet normal 0.751966 0.659202 0
    outer loop
      vertex -29.285 46.2617 2.6
      vertex -29.091 46.0404 4
      vertex -29.091 46.0404 2.6
    endloop
  endfacet
  facet normal -0.896995 0.442042 0
    outer loop
      vertex -25.5514 46.5064 2.6
      vertex -25.4213 46.7704 4
      vertex -25.4213 46.7704 2.6
    endloop
  endfacet
  facet normal -0.896995 0.442042 0
    outer loop
      vertex -25.4213 46.7704 4
      vertex -25.5514 46.5064 2.6
      vertex -25.5514 46.5064 4
    endloop
  endfacet
  facet normal 0.630217 -0.421346 -0.652146
    outer loop
      vertex -29.4486 48.7564 2.6
      vertex -31.0632 50.3656 0
      vertex -29.285 49.0011 2.6
    endloop
  endfacet
  facet normal 0.63035 -0.421179 -0.652125
    outer loop
      vertex -31.0632 50.3656 0
      vertex -29.4486 48.7564 2.6
      vertex -31.3896 49.8771 0
    endloop
  endfacet
  facet normal -0.569936 -0.499872 -0.652151
    outer loop
      vertex -25.715 49.0011 2.6
      vertex -24.3241 50.8073 0
      vertex -23.9367 50.3656 0
    endloop
  endfacet
  facet normal -0.570069 -0.499744 -0.652133
    outer loop
      vertex -24.3241 50.8073 0
      vertex -25.715 49.0011 2.6
      vertex -25.909 49.2224 2.6
    endloop
  endfacet
  facet normal 0.335361 -0.679901 -0.652126
    outer loop
      vertex -29.2198 51.7804 0
      vertex -28.625 49.58 2.6
      vertex -29.7457 51.521 0
    endloop
  endfacet
  facet normal 0.339193 -0.678386 -0.651721
    outer loop
      vertex -29.2188 51.7809 0
      vertex -28.625 49.58 2.6
      vertex -29.2198 51.7804 0
    endloop
  endfacet
  facet normal 0.335106 -0.68 -0.652153
    outer loop
      vertex -28.625 49.58 2.6
      vertex -29.2188 51.7809 0
      vertex -28.361 49.7101 2.6
    endloop
  endfacet
  facet normal 0.499738 -0.570061 -0.652144
    outer loop
      vertex -29.091 49.2224 2.6
      vertex -30.2342 51.1946 0
      vertex -28.8697 49.4164 2.6
    endloop
  endfacet
  facet normal 0.499807 -0.57001 -0.652136
    outer loop
      vertex -30.2342 51.1946 0
      vertex -29.091 49.2224 2.6
      vertex -30.6759 50.8073 0
    endloop
  endfacet
  facet normal 0.743512 -0.148006 -0.652139
    outer loop
      vertex -29.6733 48.2137 2.6
      vertex -31.953 48.2176 0
      vertex -31.8383 48.7938 0
    endloop
  endfacet
  facet normal 0.743497 -0.148133 -0.652126
    outer loop
      vertex -31.953 48.2176 0
      vertex -29.6733 48.2137 2.6
      vertex -29.7308 47.9251 2.6
    endloop
  endfacet
  facet normal -0.630214 -0.421344 -0.65215
    outer loop
      vertex -25.715 49.0011 2.6
      vertex -23.9361 50.3646 0
      vertex -25.5514 48.7564 2.6
    endloop
  endfacet
  facet normal -0.651263 -0.390758 -0.650511
    outer loop
      vertex -23.9361 50.3646 0
      vertex -25.715 49.0011 2.6
      vertex -23.9367 50.3656 0
    endloop
  endfacet
  facet normal -0.743536 -0.147906 -0.652134
    outer loop
      vertex -23.1614 48.7927 0
      vertex -23.047 48.2176 0
      vertex -25.2692 47.9251 2.6
    endloop
  endfacet
  facet normal 0.569951 -0.499871 -0.652139
    outer loop
      vertex -30.6766 50.8064 0
      vertex -29.285 49.0011 2.6
      vertex -31.0632 50.3656 0
    endloop
  endfacet
  facet normal -0.756482 -0.0495546 -0.652134
    outer loop
      vertex -23.0086 47.6314 0
      vertex -25.2692 47.9251 2.6
      vertex -23.047 48.2176 0
    endloop
  endfacet
  facet normal -0.75648 -0.0494533 -0.652144
    outer loop
      vertex -25.2692 47.9251 2.6
      vertex -23.0086 47.6314 0
      vertex -25.25 47.6314 2.6
    endloop
  endfacet
  facet normal 0.570076 -0.49975 -0.652122
    outer loop
      vertex -30.6766 50.8064 0
      vertex -29.091 49.2224 2.6
      vertex -29.285 49.0011 2.6
    endloop
  endfacet
  facet normal 0.599833 -0.466537 -0.650034
    outer loop
      vertex -29.091 49.2224 2.6
      vertex -30.6766 50.8064 0
      vertex -30.6759 50.8073 0
    endloop
  endfacet
  facet normal -0.147906 0.743536 -0.652134
    outer loop
      vertex -26.3387 43.2928 0
      vertex -26.9138 43.1784 0
      vertex -27.2063 45.4006 2.6
    endloop
  endfacet
  facet normal 0.148133 0.743497 -0.652126
    outer loop
      vertex -28.0862 43.1784 0
      vertex -28.0823 45.4581 2.6
      vertex -27.7937 45.4006 2.6
    endloop
  endfacet
  facet normal 0.14798 0.743514 -0.652141
    outer loop
      vertex -28.0823 45.4581 2.6
      vertex -28.0862 43.1784 0
      vertex -28.6625 43.2931 0
    endloop
  endfacet
  facet normal -0.421235 0.630301 -0.652137
    outer loop
      vertex -24.7668 44.0675 0
      vertex -25.2543 43.7417 0
      vertex -26.375 45.6828 2.6
    endloop
  endfacet
  facet normal -0.730726 -0.199289 -0.652934
    outer loop
      vertex -23.1614 48.7927 0
      vertex -25.3267 48.2137 2.6
      vertex -23.1617 48.7938 0
    endloop
  endfacet
  facet normal -0.743472 -0.148128 -0.652156
    outer loop
      vertex -25.3267 48.2137 2.6
      vertex -23.1614 48.7927 0
      vertex -25.2692 47.9251 2.6
    endloop
  endfacet
  facet normal 0.74354 0.147881 -0.652135
    outer loop
      vertex -29.7308 47.3377 2.6
      vertex -31.8386 46.47 0
      vertex -31.953 47.0452 0
    endloop
  endfacet
  facet normal -0.243637 0.717878 -0.652144
    outer loop
      vertex -26.3375 43.2931 0
      vertex -26.639 45.5527 2.6
      vertex -25.7812 43.4819 0
    endloop
  endfacet
  facet normal -0.243669 0.71787 -0.652141
    outer loop
      vertex -26.639 45.5527 2.6
      vertex -26.3375 43.2931 0
      vertex -26.9177 45.4581 2.6
    endloop
  endfacet
  facet normal 0.421344 -0.630214 -0.65215
    outer loop
      vertex -28.8697 49.4164 2.6
      vertex -30.2332 51.1953 0
      vertex -28.625 49.58 2.6
    endloop
  endfacet
  facet normal 0.434522 -0.620746 -0.652583
    outer loop
      vertex -30.2332 51.1953 0
      vertex -28.8697 49.4164 2.6
      vertex -30.2342 51.1946 0
    endloop
  endfacet
  facet normal 0.421151 -0.630368 -0.652126
    outer loop
      vertex -29.7457 51.521 0
      vertex -28.625 49.58 2.6
      vertex -30.2332 51.1953 0
    endloop
  endfacet
  facet normal 0.717893 -0.243598 -0.652143
    outer loop
      vertex -29.5787 48.4924 2.6
      vertex -31.8383 48.7938 0
      vertex -31.6495 49.3502 0
    endloop
  endfacet
  facet normal 0.717875 -0.24367 -0.652135
    outer loop
      vertex -31.8383 48.7938 0
      vertex -29.5787 48.4924 2.6
      vertex -29.6733 48.2137 2.6
    endloop
  endfacet
  facet normal -0.499878 0.569944 -0.652139
    outer loop
      vertex -24.7658 44.0681 0
      vertex -25.909 46.0404 2.6
      vertex -24.3241 44.4555 0
    endloop
  endfacet
  facet normal -0.49973 0.570053 -0.652157
    outer loop
      vertex -25.909 46.0404 2.6
      vertex -24.7658 44.0681 0
      vertex -26.1303 45.8464 2.6
    endloop
  endfacet
  facet normal 0.0494533 0.75648 -0.652144
    outer loop
      vertex -27.5 43.14 0
      vertex -27.7937 45.4006 2.6
      vertex -27.5 45.3814 2.6
    endloop
  endfacet
  facet normal 0.0495546 0.756482 -0.652134
    outer loop
      vertex -27.7937 45.4006 2.6
      vertex -27.5 43.14 0
      vertex -28.0862 43.1784 0
    endloop
  endfacet
  facet normal 0.421353 0.630227 -0.652132
    outer loop
      vertex -29.7457 43.7417 0
      vertex -28.8697 45.8464 2.6
      vertex -28.625 45.6828 2.6
    endloop
  endfacet
  facet normal 0.421166 0.63033 -0.652153
    outer loop
      vertex -28.8697 45.8464 2.6
      vertex -29.7457 43.7417 0
      vertex -30.2342 44.0681 0
    endloop
  endfacet
  facet normal -0.68 0.335106 -0.652153
    outer loop
      vertex -23.3505 45.9126 0
      vertex -25.5514 46.5064 2.6
      vertex -25.4213 46.7704 2.6
    endloop
  endfacet
  facet normal -0.679897 0.335368 -0.652126
    outer loop
      vertex -25.5514 46.5064 2.6
      vertex -23.3505 45.9126 0
      vertex -23.6104 45.3857 0
    endloop
  endfacet
  facet normal -0.183709 0.734838 -0.652889
    outer loop
      vertex -26.3387 43.2928 0
      vertex -26.9177 45.4581 2.6
      vertex -26.3375 43.2931 0
    endloop
  endfacet
  facet normal -0.148128 0.743472 -0.652156
    outer loop
      vertex -26.9177 45.4581 2.6
      vertex -26.3387 43.2928 0
      vertex -27.2063 45.4006 2.6
    endloop
  endfacet
  facet normal 0.679897 -0.335368 -0.652126
    outer loop
      vertex -29.4486 48.7564 2.6
      vertex -31.6495 49.3502 0
      vertex -31.3896 49.8771 0
    endloop
  endfacet
  facet normal 0.68 -0.335106 -0.652153
    outer loop
      vertex -31.6495 49.3502 0
      vertex -29.4486 48.7564 2.6
      vertex -29.5787 48.4924 2.6
    endloop
  endfacet
  facet normal -0.71787 0.243669 -0.652141
    outer loop
      vertex -23.1617 46.4689 0
      vertex -25.4213 46.7704 2.6
      vertex -25.3267 47.0491 2.6
    endloop
  endfacet
  facet normal -0.717878 0.243637 -0.652144
    outer loop
      vertex -25.4213 46.7704 2.6
      vertex -23.1617 46.4689 0
      vertex -23.3505 45.9126 0
    endloop
  endfacet
  facet normal 0.75648 -0.0494533 -0.652144
    outer loop
      vertex -31.9914 47.6314 0
      vertex -29.7308 47.9251 2.6
      vertex -29.75 47.6314 2.6
    endloop
  endfacet
  facet normal 0.756482 -0.0495546 -0.652134
    outer loop
      vertex -29.7308 47.9251 2.6
      vertex -31.9914 47.6314 0
      vertex -31.953 48.2176 0
    endloop
  endfacet
  facet normal -0.679901 -0.335361 -0.652126
    outer loop
      vertex -23.6104 49.8771 0
      vertex -23.351 49.3512 0
      vertex -25.5514 48.7564 2.6
    endloop
  endfacet
  facet normal 0.679901 0.335361 -0.652126
    outer loop
      vertex -29.4486 46.5064 2.6
      vertex -31.3896 45.3857 0
      vertex -31.649 45.9116 0
    endloop
  endfacet
  facet normal -0.0497102 -0.756471 -0.652136
    outer loop
      vertex -27.5 52.1228 0
      vertex -27.2063 49.8621 2.6
      vertex -27.5 49.8814 2.6
    endloop
  endfacet
  facet normal -0.0495537 -0.756468 -0.652151
    outer loop
      vertex -27.2063 49.8621 2.6
      vertex -27.5 52.1228 0
      vertex -26.9138 52.0844 0
    endloop
  endfacet
  facet normal 0.71787 0.243669 -0.652141
    outer loop
      vertex -29.5787 46.7704 2.6
      vertex -31.8383 46.4689 0
      vertex -29.6733 47.0491 2.6
    endloop
  endfacet
  facet normal 0.717878 0.243637 -0.652144
    outer loop
      vertex -31.8383 46.4689 0
      vertex -29.5787 46.7704 2.6
      vertex -31.6495 45.9126 0
    endloop
  endfacet
  facet normal 0.743469 0.148127 -0.652159
    outer loop
      vertex -29.6733 47.0491 2.6
      vertex -31.8386 46.47 0
      vertex -29.7308 47.3377 2.6
    endloop
  endfacet
  facet normal 0.730722 0.199288 -0.652939
    outer loop
      vertex -31.8386 46.47 0
      vertex -29.6733 47.0491 2.6
      vertex -31.8383 46.4689 0
    endloop
  endfacet
  facet normal -0.335253 0.679943 -0.652137
    outer loop
      vertex -25.2543 43.7417 0
      vertex -25.7802 43.4824 0
      vertex -26.375 45.6828 2.6
    endloop
  endfacet
  facet normal -0.717893 -0.243598 -0.652143
    outer loop
      vertex -23.1617 48.7938 0
      vertex -25.4213 48.4924 2.6
      vertex -23.3505 49.3502 0
    endloop
  endfacet
  facet normal -0.717875 -0.24367 -0.652135
    outer loop
      vertex -25.4213 48.4924 2.6
      vertex -23.1617 48.7938 0
      vertex -25.3267 48.2137 2.6
    endloop
  endfacet
  facet normal 0.75648 0.0494533 -0.652144
    outer loop
      vertex -29.7308 47.3377 2.6
      vertex -31.9914 47.6314 0
      vertex -29.75 47.6314 2.6
    endloop
  endfacet
  facet normal 0.756482 0.0495546 -0.652134
    outer loop
      vertex -31.9914 47.6314 0
      vertex -29.7308 47.3377 2.6
      vertex -31.953 47.0452 0
    endloop
  endfacet
  facet normal 0.499939 0.569881 -0.652148
    outer loop
      vertex -28.8697 45.8464 2.6
      vertex -30.2342 44.0681 0
      vertex -30.675 44.4548 0
    endloop
  endfacet
  facet normal -0.466537 -0.599833 -0.650034
    outer loop
      vertex -25.909 49.2224 2.6
      vertex -24.325 50.808 0
      vertex -24.3241 50.8073 0
    endloop
  endfacet
  facet normal -0.49975 -0.570076 -0.652122
    outer loop
      vertex -24.325 50.808 0
      vertex -25.909 49.2224 2.6
      vertex -26.1303 49.4164 2.6
    endloop
  endfacet
  facet normal -0.743497 0.148133 -0.652126
    outer loop
      vertex -23.047 47.0452 0
      vertex -25.3267 47.0491 2.6
      vertex -25.2692 47.3377 2.6
    endloop
  endfacet
  facet normal -0.743514 0.14798 -0.652141
    outer loop
      vertex -25.3267 47.0491 2.6
      vertex -23.047 47.0452 0
      vertex -23.1617 46.4689 0
    endloop
  endfacet
  facet normal 0.243669 0.71787 -0.652141
    outer loop
      vertex -28.6625 43.2931 0
      vertex -28.361 45.5527 2.6
      vertex -28.0823 45.4581 2.6
    endloop
  endfacet
  facet normal 0.243637 0.717878 -0.652144
    outer loop
      vertex -28.361 45.5527 2.6
      vertex -28.6625 43.2931 0
      vertex -29.2188 43.4819 0
    endloop
  endfacet
  facet normal 0.68 0.335106 -0.652153
    outer loop
      vertex -29.4486 46.5064 2.6
      vertex -31.6495 45.9126 0
      vertex -29.5787 46.7704 2.6
    endloop
  endfacet
  facet normal 0.678386 0.339193 -0.651721
    outer loop
      vertex -31.6495 45.9126 0
      vertex -29.4486 46.5064 2.6
      vertex -31.649 45.9116 0
    endloop
  endfacet
  facet normal -0.0495546 0.756482 -0.652134
    outer loop
      vertex -27.5 43.14 0
      vertex -27.2063 45.4006 2.6
      vertex -26.9138 43.1784 0
    endloop
  endfacet
  facet normal -0.0494533 0.75648 -0.652144
    outer loop
      vertex -27.2063 45.4006 2.6
      vertex -27.5 43.14 0
      vertex -27.5 45.3814 2.6
    endloop
  endfacet
  facet normal -0.499871 -0.569951 -0.652139
    outer loop
      vertex -24.7658 51.1946 0
      vertex -24.325 50.808 0
      vertex -26.1303 49.4164 2.6
    endloop
  endfacet
  facet normal 0.335106 0.68 -0.652153
    outer loop
      vertex -29.2188 43.4819 0
      vertex -28.625 45.6828 2.6
      vertex -28.361 45.5527 2.6
    endloop
  endfacet
  facet normal 0.33526 0.67994 -0.652137
    outer loop
      vertex -28.625 45.6828 2.6
      vertex -29.2188 43.4819 0
      vertex -29.7457 43.7417 0
    endloop
  endfacet
  facet normal -0.678386 -0.339193 -0.651721
    outer loop
      vertex -23.3505 49.3502 0
      vertex -25.5514 48.7564 2.6
      vertex -23.351 49.3512 0
    endloop
  endfacet
  facet normal -0.68 -0.335106 -0.652153
    outer loop
      vertex -25.5514 48.7564 2.6
      vertex -23.3505 49.3502 0
      vertex -25.4213 48.4924 2.6
    endloop
  endfacet
  facet normal 0.0495537 -0.756468 -0.652151
    outer loop
      vertex -27.5 52.1228 0
      vertex -27.7937 49.8621 2.6
      vertex -28.0862 52.0844 0
    endloop
  endfacet
  facet normal 0.0497102 -0.756471 -0.652136
    outer loop
      vertex -27.7937 49.8621 2.6
      vertex -27.5 52.1228 0
      vertex -27.5 49.8814 2.6
    endloop
  endfacet
  facet normal 0.183709 -0.734838 -0.652889
    outer loop
      vertex -28.6613 51.97 0
      vertex -28.0823 49.8047 2.6
      vertex -28.6625 51.9697 0
    endloop
  endfacet
  facet normal 0.147881 -0.743528 -0.652148
    outer loop
      vertex -28.0823 49.8047 2.6
      vertex -28.6613 51.97 0
      vertex -27.7937 49.8621 2.6
    endloop
  endfacet
  facet normal -0.569951 0.499871 -0.652139
    outer loop
      vertex -23.9368 44.8972 0
      vertex -24.3234 44.4564 0
      vertex -25.715 46.2617 2.6
    endloop
  endfacet
  facet normal 0.651263 0.390758 -0.650511
    outer loop
      vertex -31.0639 44.8982 0
      vertex -29.285 46.2617 2.6
      vertex -31.0633 44.8972 0
    endloop
  endfacet
  facet normal 0.630214 0.421344 -0.65215
    outer loop
      vertex -29.285 46.2617 2.6
      vertex -31.0639 44.8982 0
      vertex -29.4486 46.5064 2.6
    endloop
  endfacet
  facet normal -0.390758 0.651263 -0.650511
    outer loop
      vertex -24.7668 44.0675 0
      vertex -26.1303 45.8464 2.6
      vertex -24.7658 44.0681 0
    endloop
  endfacet
  facet normal -0.421344 0.630214 -0.65215
    outer loop
      vertex -26.1303 45.8464 2.6
      vertex -24.7668 44.0675 0
      vertex -26.375 45.6828 2.6
    endloop
  endfacet
  facet normal -0.335106 -0.68 -0.652153
    outer loop
      vertex -25.7812 51.7809 0
      vertex -26.375 49.58 2.6
      vertex -26.639 49.7101 2.6
    endloop
  endfacet
  facet normal -0.335368 -0.679897 -0.652126
    outer loop
      vertex -26.375 49.58 2.6
      vertex -25.7812 51.7809 0
      vertex -25.2543 51.521 0
    endloop
  endfacet
  facet normal 0.147903 -0.743522 -0.65215
    outer loop
      vertex -28.0862 52.0844 0
      vertex -27.7937 49.8621 2.6
      vertex -28.6613 51.97 0
    endloop
  endfacet
  facet normal -0.630368 -0.421151 -0.652126
    outer loop
      vertex -23.9361 50.3646 0
      vertex -23.6104 49.8771 0
      vertex -25.5514 48.7564 2.6
    endloop
  endfacet
  facet normal 0.49975 0.570076 -0.652122
    outer loop
      vertex -30.675 44.4548 0
      vertex -29.091 46.0404 2.6
      vertex -28.8697 45.8464 2.6
    endloop
  endfacet
  facet normal 0.466537 0.599833 -0.650034
    outer loop
      vertex -29.091 46.0404 2.6
      vertex -30.675 44.4548 0
      vertex -30.6759 44.4555 0
    endloop
  endfacet
  facet normal -0.63035 0.421179 -0.652125
    outer loop
      vertex -23.9368 44.8972 0
      vertex -25.5514 46.5064 2.6
      vertex -23.6104 45.3857 0
    endloop
  endfacet
  facet normal -0.630217 0.421346 -0.652146
    outer loop
      vertex -25.5514 46.5064 2.6
      vertex -23.9368 44.8972 0
      vertex -25.715 46.2617 2.6
    endloop
  endfacet
  facet normal 0.630368 0.421151 -0.652126
    outer loop
      vertex -29.4486 46.5064 2.6
      vertex -31.0639 44.8982 0
      vertex -31.3896 45.3857 0
    endloop
  endfacet
  facet normal -0.421173 -0.63034 -0.652139
    outer loop
      vertex -26.1303 49.4164 2.6
      vertex -25.2543 51.521 0
      vertex -24.7658 51.1946 0
    endloop
  endfacet
  facet normal -0.42136 -0.630237 -0.652118
    outer loop
      vertex -25.2543 51.521 0
      vertex -26.1303 49.4164 2.6
      vertex -26.375 49.58 2.6
    endloop
  endfacet
  facet normal 0.570069 0.499744 -0.652133
    outer loop
      vertex -30.6759 44.4555 0
      vertex -29.285 46.2617 2.6
      vertex -29.091 46.0404 2.6
    endloop
  endfacet
  facet normal 0.569936 0.499872 -0.652151
    outer loop
      vertex -29.285 46.2617 2.6
      vertex -30.6759 44.4555 0
      vertex -31.0633 44.8972 0
    endloop
  endfacet
  facet normal -0.339193 0.678386 -0.651721
    outer loop
      vertex -25.7812 43.4819 0
      vertex -26.375 45.6828 2.6
      vertex -25.7802 43.4824 0
    endloop
  endfacet
  facet normal -0.335106 0.68 -0.652153
    outer loop
      vertex -26.375 45.6828 2.6
      vertex -25.7812 43.4819 0
      vertex -26.639 45.5527 2.6
    endloop
  endfacet
  facet normal -0.599833 0.466537 -0.650034
    outer loop
      vertex -25.909 46.0404 2.6
      vertex -24.3234 44.4564 0
      vertex -24.3241 44.4555 0
    endloop
  endfacet
  facet normal -0.570076 0.49975 -0.652122
    outer loop
      vertex -24.3234 44.4564 0
      vertex -25.909 46.0404 2.6
      vertex -25.715 46.2617 2.6
    endloop
  endfacet
  facet normal -0.243669 -0.71787 -0.652141
    outer loop
      vertex -26.3375 51.9697 0
      vertex -26.639 49.7101 2.6
      vertex -26.9177 49.8047 2.6
    endloop
  endfacet
  facet normal -0.243637 -0.717878 -0.652144
    outer loop
      vertex -26.639 49.7101 2.6
      vertex -26.3375 51.9697 0
      vertex -25.7812 51.7809 0
    endloop
  endfacet
  facet normal -0.75648 0.0494533 -0.652144
    outer loop
      vertex -23.0086 47.6314 0
      vertex -25.2692 47.3377 2.6
      vertex -25.25 47.6314 2.6
    endloop
  endfacet
  facet normal -0.756482 0.0495546 -0.652134
    outer loop
      vertex -25.2692 47.3377 2.6
      vertex -23.0086 47.6314 0
      vertex -23.047 47.0452 0
    endloop
  endfacet
  facet normal -0.147881 -0.743526 -0.652151
    outer loop
      vertex -26.9138 52.0844 0
      vertex -26.9177 49.8047 2.6
      vertex -27.2063 49.8621 2.6
    endloop
  endfacet
  facet normal -0.14798 -0.743514 -0.652141
    outer loop
      vertex -26.9177 49.8047 2.6
      vertex -26.9138 52.0844 0
      vertex -26.3375 51.9697 0
    endloop
  endfacet
  facet normal 0.243637 -0.717878 -0.652144
    outer loop
      vertex -28.6625 51.9697 0
      vertex -28.361 49.7101 2.6
      vertex -29.2188 51.7809 0
    endloop
  endfacet
  facet normal 0.243669 -0.71787 -0.652141
    outer loop
      vertex -28.361 49.7101 2.6
      vertex -28.6625 51.9697 0
      vertex -28.0823 49.8047 2.6
    endloop
  endfacet
  facet normal 0.321421 -0.946936 0
    outer loop
      vertex -40.861 71.3608 2.6
      vertex -40.5823 71.4554 4
      vertex -40.861 71.3608 4
    endloop
  endfacet
  facet normal 0.321421 -0.946936 0
    outer loop
      vertex -40.5823 71.4554 4
      vertex -40.861 71.3608 2.6
      vertex -40.5823 71.4554 2.6
    endloop
  endfacet
  facet normal 0.442315 -0.89686 0
    outer loop
      vertex -41.125 71.2306 2.6
      vertex -40.861 71.3608 4
      vertex -41.125 71.2306 4
    endloop
  endfacet
  facet normal 0.442315 -0.89686 0
    outer loop
      vertex -40.861 71.3608 4
      vertex -41.125 71.2306 2.6
      vertex -40.861 71.3608 2.6
    endloop
  endfacet
  facet normal 0.19507 -0.980789 0
    outer loop
      vertex -40.5823 71.4554 2.6
      vertex -40.2937 71.5128 4
      vertex -40.5823 71.4554 4
    endloop
  endfacet
  facet normal 0.19507 -0.980789 0
    outer loop
      vertex -40.2937 71.5128 4
      vertex -40.5823 71.4554 2.6
      vertex -40.2937 71.5128 2.6
    endloop
  endfacet
  facet normal -0.0652336 -0.99787 0
    outer loop
      vertex -40 71.532 2.6
      vertex -39.7063 71.5128 4
      vertex -40 71.532 4
    endloop
  endfacet
  facet normal -0.0652336 -0.99787 -0
    outer loop
      vertex -39.7063 71.5128 4
      vertex -40 71.532 2.6
      vertex -39.7063 71.5128 2.6
    endloop
  endfacet
  facet normal 0.321421 0.946936 -0
    outer loop
      vertex -40.5823 67.1087 2.6
      vertex -40.861 67.2033 4
      vertex -40.5823 67.1087 4
    endloop
  endfacet
  facet normal 0.321421 0.946936 0
    outer loop
      vertex -40.861 67.2033 4
      vertex -40.5823 67.1087 2.6
      vertex -40.861 67.2033 2.6
    endloop
  endfacet
  facet normal 0.946936 -0.321421 0
    outer loop
      vertex -42.1733 69.8644 4
      vertex -42.0787 70.1431 2.6
      vertex -42.0787 70.1431 4
    endloop
  endfacet
  facet normal 0.946936 -0.321421 0
    outer loop
      vertex -42.0787 70.1431 2.6
      vertex -42.1733 69.8644 4
      vertex -42.1733 69.8644 2.6
    endloop
  endfacet
  facet normal -0.321421 -0.946936 0
    outer loop
      vertex -39.4177 71.4554 2.6
      vertex -39.139 71.3608 4
      vertex -39.4177 71.4554 4
    endloop
  endfacet
  facet normal -0.321421 -0.946936 -0
    outer loop
      vertex -39.139 71.3608 4
      vertex -39.4177 71.4554 2.6
      vertex -39.139 71.3608 2.6
    endloop
  endfacet
  facet normal -0.99787 -0.0652336 0
    outer loop
      vertex -37.75 69.282 2.6
      vertex -37.7692 69.5757 4
      vertex -37.7692 69.5757 2.6
    endloop
  endfacet
  facet normal -0.99787 -0.0652336 0
    outer loop
      vertex -37.7692 69.5757 4
      vertex -37.75 69.282 2.6
      vertex -37.75 69.282 4
    endloop
  endfacet
  facet normal -0.555562 -0.831475 0
    outer loop
      vertex -38.875 71.2306 2.6
      vertex -38.6303 71.0671 4
      vertex -38.875 71.2306 4
    endloop
  endfacet
  facet normal -0.555562 -0.831475 -0
    outer loop
      vertex -38.6303 71.0671 4
      vertex -38.875 71.2306 2.6
      vertex -38.6303 71.0671 2.6
    endloop
  endfacet
  facet normal 0.831318 -0.555797 0
    outer loop
      vertex -41.9486 70.407 4
      vertex -41.785 70.6517 2.6
      vertex -41.785 70.6517 4
    endloop
  endfacet
  facet normal 0.831318 -0.555797 0
    outer loop
      vertex -41.785 70.6517 2.6
      vertex -41.9486 70.407 4
      vertex -41.9486 70.407 2.6
    endloop
  endfacet
  facet normal 0.980724 0.195397 0
    outer loop
      vertex -42.1733 68.6997 4
      vertex -42.2308 68.9883 2.6
      vertex -42.2308 68.9883 4
    endloop
  endfacet
  facet normal 0.980724 0.195397 0
    outer loop
      vertex -42.2308 68.9883 2.6
      vertex -42.1733 68.6997 4
      vertex -42.1733 68.6997 2.6
    endloop
  endfacet
  facet normal 0.0652336 -0.99787 0
    outer loop
      vertex -40.2937 71.5128 2.6
      vertex -40 71.532 4
      vertex -40.2937 71.5128 4
    endloop
  endfacet
  facet normal 0.0652336 -0.99787 0
    outer loop
      vertex -40 71.532 4
      vertex -40.2937 71.5128 2.6
      vertex -40 71.532 2.6
    endloop
  endfacet
  facet normal -0.831318 0.555797 0
    outer loop
      vertex -38.215 67.9123 2.6
      vertex -38.0514 68.157 4
      vertex -38.0514 68.157 2.6
    endloop
  endfacet
  facet normal -0.831318 0.555797 0
    outer loop
      vertex -38.0514 68.157 4
      vertex -38.215 67.9123 2.6
      vertex -38.215 67.9123 4
    endloop
  endfacet
  facet normal -0.19507 -0.980789 0
    outer loop
      vertex -39.7063 71.5128 2.6
      vertex -39.4177 71.4554 4
      vertex -39.7063 71.5128 4
    endloop
  endfacet
  facet normal -0.19507 -0.980789 -0
    outer loop
      vertex -39.4177 71.4554 4
      vertex -39.7063 71.5128 2.6
      vertex -39.4177 71.4554 2.6
    endloop
  endfacet
  facet normal 0.659394 -0.751798 0
    outer loop
      vertex -41.591 70.873 2.6
      vertex -41.3697 71.0671 4
      vertex -41.591 70.873 4
    endloop
  endfacet
  facet normal 0.659394 -0.751798 0
    outer loop
      vertex -41.3697 71.0671 4
      vertex -41.591 70.873 2.6
      vertex -41.3697 71.0671 2.6
    endloop
  endfacet
  facet normal 0.555562 -0.831475 0
    outer loop
      vertex -41.3697 71.0671 2.6
      vertex -41.125 71.2306 4
      vertex -41.3697 71.0671 4
    endloop
  endfacet
  facet normal 0.555562 -0.831475 0
    outer loop
      vertex -41.125 71.2306 4
      vertex -41.3697 71.0671 2.6
      vertex -41.125 71.2306 2.6
    endloop
  endfacet
  facet normal 0.442315 0.89686 -0
    outer loop
      vertex -40.861 67.2033 2.6
      vertex -41.125 67.3335 4
      vertex -40.861 67.2033 4
    endloop
  endfacet
  facet normal 0.442315 0.89686 0
    outer loop
      vertex -41.125 67.3335 4
      vertex -40.861 67.2033 2.6
      vertex -41.125 67.3335 2.6
    endloop
  endfacet
  facet normal -0.19507 0.980789 0
    outer loop
      vertex -39.4177 67.1087 2.6
      vertex -39.7063 67.0513 4
      vertex -39.4177 67.1087 4
    endloop
  endfacet
  facet normal -0.19507 0.980789 0
    outer loop
      vertex -39.7063 67.0513 4
      vertex -39.4177 67.1087 2.6
      vertex -39.7063 67.0513 2.6
    endloop
  endfacet
  facet normal -0.442315 0.89686 0
    outer loop
      vertex -38.875 67.3335 2.6
      vertex -39.139 67.2033 4
      vertex -38.875 67.3335 4
    endloop
  endfacet
  facet normal -0.442315 0.89686 0
    outer loop
      vertex -39.139 67.2033 4
      vertex -38.875 67.3335 2.6
      vertex -39.139 67.2033 2.6
    endloop
  endfacet
  facet normal 0.19507 0.980789 -0
    outer loop
      vertex -40.2937 67.0513 2.6
      vertex -40.5823 67.1087 4
      vertex -40.2937 67.0513 4
    endloop
  endfacet
  facet normal 0.19507 0.980789 0
    outer loop
      vertex -40.5823 67.1087 4
      vertex -40.2937 67.0513 2.6
      vertex -40.5823 67.1087 2.6
    endloop
  endfacet
  facet normal -0.980737 -0.195332 0
    outer loop
      vertex -37.7692 69.5757 2.6
      vertex -37.8267 69.8644 4
      vertex -37.8267 69.8644 2.6
    endloop
  endfacet
  facet normal -0.980737 -0.195332 0
    outer loop
      vertex -37.8267 69.8644 4
      vertex -37.7692 69.5757 2.6
      vertex -37.7692 69.5757 4
    endloop
  endfacet
  facet normal 0.980737 -0.195332 0
    outer loop
      vertex -42.2308 69.5757 4
      vertex -42.1733 69.8644 2.6
      vertex -42.1733 69.8644 4
    endloop
  endfacet
  facet normal 0.980737 -0.195332 0
    outer loop
      vertex -42.1733 69.8644 2.6
      vertex -42.2308 69.5757 4
      vertex -42.2308 69.5757 2.6
    endloop
  endfacet
  facet normal 0.896995 0.442042 0
    outer loop
      vertex -41.9486 68.157 4
      vertex -42.0787 68.421 2.6
      vertex -42.0787 68.421 4
    endloop
  endfacet
  facet normal 0.896995 0.442042 0
    outer loop
      vertex -42.0787 68.421 2.6
      vertex -41.9486 68.157 4
      vertex -41.9486 68.157 2.6
    endloop
  endfacet
  facet normal -0.751966 -0.659202 0
    outer loop
      vertex -38.215 70.6517 2.6
      vertex -38.409 70.873 4
      vertex -38.409 70.873 2.6
    endloop
  endfacet
  facet normal -0.751966 -0.659202 0
    outer loop
      vertex -38.409 70.873 4
      vertex -38.215 70.6517 2.6
      vertex -38.215 70.6517 4
    endloop
  endfacet
  facet normal -0.659394 -0.751798 0
    outer loop
      vertex -38.6303 71.0671 2.6
      vertex -38.409 70.873 4
      vertex -38.6303 71.0671 4
    endloop
  endfacet
  facet normal -0.659394 -0.751798 -0
    outer loop
      vertex -38.409 70.873 4
      vertex -38.6303 71.0671 2.6
      vertex -38.409 70.873 2.6
    endloop
  endfacet
  facet normal 0.751966 -0.659202 0
    outer loop
      vertex -41.785 70.6517 4
      vertex -41.591 70.873 2.6
      vertex -41.591 70.873 4
    endloop
  endfacet
  facet normal 0.751966 -0.659202 0
    outer loop
      vertex -41.591 70.873 2.6
      vertex -41.785 70.6517 4
      vertex -41.785 70.6517 2.6
    endloop
  endfacet
  facet normal -0.946936 -0.321421 0
    outer loop
      vertex -37.8267 69.8644 2.6
      vertex -37.9213 70.1431 4
      vertex -37.9213 70.1431 2.6
    endloop
  endfacet
  facet normal -0.946936 -0.321421 0
    outer loop
      vertex -37.9213 70.1431 4
      vertex -37.8267 69.8644 2.6
      vertex -37.8267 69.8644 4
    endloop
  endfacet
  facet normal -0.751966 0.659202 0
    outer loop
      vertex -38.409 67.691 2.6
      vertex -38.215 67.9123 4
      vertex -38.215 67.9123 2.6
    endloop
  endfacet
  facet normal -0.751966 0.659202 0
    outer loop
      vertex -38.215 67.9123 4
      vertex -38.409 67.691 2.6
      vertex -38.409 67.691 4
    endloop
  endfacet
  facet normal -0.442315 -0.89686 0
    outer loop
      vertex -39.139 71.3608 2.6
      vertex -38.875 71.2306 4
      vertex -39.139 71.3608 4
    endloop
  endfacet
  facet normal -0.442315 -0.89686 -0
    outer loop
      vertex -38.875 71.2306 4
      vertex -39.139 71.3608 2.6
      vertex -38.875 71.2306 2.6
    endloop
  endfacet
  facet normal 0.946936 0.321421 0
    outer loop
      vertex -42.0787 68.421 4
      vertex -42.1733 68.6997 2.6
      vertex -42.1733 68.6997 4
    endloop
  endfacet
  facet normal 0.946936 0.321421 0
    outer loop
      vertex -42.1733 68.6997 2.6
      vertex -42.0787 68.421 4
      vertex -42.0787 68.421 2.6
    endloop
  endfacet
  facet normal 0.99787 0.0652336 0
    outer loop
      vertex -42.2308 68.9883 4
      vertex -42.25 69.282 2.6
      vertex -42.25 69.282 4
    endloop
  endfacet
  facet normal 0.99787 0.0652336 0
    outer loop
      vertex -42.25 69.282 2.6
      vertex -42.2308 68.9883 4
      vertex -42.2308 68.9883 2.6
    endloop
  endfacet
  facet normal 0.555562 0.831475 -0
    outer loop
      vertex -41.125 67.3335 2.6
      vertex -41.3697 67.497 4
      vertex -41.125 67.3335 4
    endloop
  endfacet
  facet normal 0.555562 0.831475 0
    outer loop
      vertex -41.3697 67.497 4
      vertex -41.125 67.3335 2.6
      vertex -41.3697 67.497 2.6
    endloop
  endfacet
  facet normal -0.946936 0.321421 0
    outer loop
      vertex -37.9213 68.421 2.6
      vertex -37.8267 68.6997 4
      vertex -37.8267 68.6997 2.6
    endloop
  endfacet
  facet normal -0.946936 0.321421 0
    outer loop
      vertex -37.8267 68.6997 4
      vertex -37.9213 68.421 2.6
      vertex -37.9213 68.421 4
    endloop
  endfacet
  facet normal -0.0655719 0.997848 0
    outer loop
      vertex -39.7063 67.0513 2.6
      vertex -40 67.032 4
      vertex -39.7063 67.0513 4
    endloop
  endfacet
  facet normal -0.0655719 0.997848 0
    outer loop
      vertex -40 67.032 4
      vertex -39.7063 67.0513 2.6
      vertex -40 67.032 2.6
    endloop
  endfacet
  facet normal -0.555562 0.831475 0
    outer loop
      vertex -38.6303 67.497 2.6
      vertex -38.875 67.3335 4
      vertex -38.6303 67.497 4
    endloop
  endfacet
  facet normal -0.555562 0.831475 0
    outer loop
      vertex -38.875 67.3335 4
      vertex -38.6303 67.497 2.6
      vertex -38.875 67.3335 2.6
    endloop
  endfacet
  facet normal 0.0655719 0.997848 -0
    outer loop
      vertex -40 67.032 2.6
      vertex -40.2937 67.0513 4
      vertex -40 67.032 4
    endloop
  endfacet
  facet normal 0.0655719 0.997848 0
    outer loop
      vertex -40.2937 67.0513 4
      vertex -40 67.032 2.6
      vertex -40.2937 67.0513 2.6
    endloop
  endfacet
  facet normal -0.99787 0.0652336 0
    outer loop
      vertex -37.7692 68.9883 2.6
      vertex -37.75 69.282 4
      vertex -37.75 69.282 2.6
    endloop
  endfacet
  facet normal -0.99787 0.0652336 0
    outer loop
      vertex -37.75 69.282 4
      vertex -37.7692 68.9883 2.6
      vertex -37.7692 68.9883 4
    endloop
  endfacet
  facet normal 0.896928 -0.442176 0
    outer loop
      vertex -42.0787 70.1431 4
      vertex -41.9486 70.407 2.6
      vertex -41.9486 70.407 4
    endloop
  endfacet
  facet normal 0.896928 -0.442176 0
    outer loop
      vertex -41.9486 70.407 2.6
      vertex -42.0787 70.1431 4
      vertex -42.0787 70.1431 2.6
    endloop
  endfacet
  facet normal 0.831318 0.555797 0
    outer loop
      vertex -41.785 67.9123 4
      vertex -41.9486 68.157 2.6
      vertex -41.9486 68.157 4
    endloop
  endfacet
  facet normal 0.831318 0.555797 0
    outer loop
      vertex -41.9486 68.157 2.6
      vertex -41.785 67.9123 4
      vertex -41.785 67.9123 2.6
    endloop
  endfacet
  facet normal -0.980724 0.195397 0
    outer loop
      vertex -37.8267 68.6997 2.6
      vertex -37.7692 68.9883 4
      vertex -37.7692 68.9883 2.6
    endloop
  endfacet
  facet normal -0.980724 0.195397 0
    outer loop
      vertex -37.7692 68.9883 4
      vertex -37.8267 68.6997 2.6
      vertex -37.8267 68.6997 4
    endloop
  endfacet
  facet normal 0.99787 -0.0652336 0
    outer loop
      vertex -42.25 69.282 4
      vertex -42.2308 69.5757 2.6
      vertex -42.2308 69.5757 4
    endloop
  endfacet
  facet normal 0.99787 -0.0652336 0
    outer loop
      vertex -42.2308 69.5757 2.6
      vertex -42.25 69.282 4
      vertex -42.25 69.282 2.6
    endloop
  endfacet
  facet normal -0.659202 0.751966 0
    outer loop
      vertex -38.409 67.691 2.6
      vertex -38.6303 67.497 4
      vertex -38.409 67.691 4
    endloop
  endfacet
  facet normal -0.659202 0.751966 0
    outer loop
      vertex -38.6303 67.497 4
      vertex -38.409 67.691 2.6
      vertex -38.6303 67.497 2.6
    endloop
  endfacet
  facet normal -0.896928 -0.442176 0
    outer loop
      vertex -37.9213 70.1431 2.6
      vertex -38.0514 70.407 4
      vertex -38.0514 70.407 2.6
    endloop
  endfacet
  facet normal -0.896928 -0.442176 0
    outer loop
      vertex -38.0514 70.407 4
      vertex -37.9213 70.1431 2.6
      vertex -37.9213 70.1431 4
    endloop
  endfacet
  facet normal 0.659202 0.751966 -0
    outer loop
      vertex -41.3697 67.497 2.6
      vertex -41.591 67.691 4
      vertex -41.3697 67.497 4
    endloop
  endfacet
  facet normal 0.659202 0.751966 0
    outer loop
      vertex -41.591 67.691 4
      vertex -41.3697 67.497 2.6
      vertex -41.591 67.691 2.6
    endloop
  endfacet
  facet normal -0.321421 0.946936 0
    outer loop
      vertex -39.139 67.2033 2.6
      vertex -39.4177 67.1087 4
      vertex -39.139 67.2033 4
    endloop
  endfacet
  facet normal -0.321421 0.946936 0
    outer loop
      vertex -39.4177 67.1087 4
      vertex -39.139 67.2033 2.6
      vertex -39.4177 67.1087 2.6
    endloop
  endfacet
  facet normal -0.831318 -0.555797 0
    outer loop
      vertex -38.0514 70.407 2.6
      vertex -38.215 70.6517 4
      vertex -38.215 70.6517 2.6
    endloop
  endfacet
  facet normal -0.831318 -0.555797 0
    outer loop
      vertex -38.215 70.6517 4
      vertex -38.0514 70.407 2.6
      vertex -38.0514 70.407 4
    endloop
  endfacet
  facet normal 0.751966 0.659202 0
    outer loop
      vertex -41.591 67.691 4
      vertex -41.785 67.9123 2.6
      vertex -41.785 67.9123 4
    endloop
  endfacet
  facet normal 0.751966 0.659202 0
    outer loop
      vertex -41.785 67.9123 2.6
      vertex -41.591 67.691 4
      vertex -41.591 67.691 2.6
    endloop
  endfacet
  facet normal -0.896995 0.442042 0
    outer loop
      vertex -38.0514 68.157 2.6
      vertex -37.9213 68.421 4
      vertex -37.9213 68.421 2.6
    endloop
  endfacet
  facet normal -0.896995 0.442042 0
    outer loop
      vertex -37.9213 68.421 4
      vertex -38.0514 68.157 2.6
      vertex -38.0514 68.157 4
    endloop
  endfacet
  facet normal 0.630207 -0.42134 -0.65216
    outer loop
      vertex -41.9486 70.407 2.6
      vertex -43.5633 72.0162 0
      vertex -41.785 70.6517 2.6
    endloop
  endfacet
  facet normal 0.630407 -0.421089 -0.652128
    outer loop
      vertex -43.5633 72.0162 0
      vertex -41.9486 70.407 2.6
      vertex -43.8896 71.5277 0
    endloop
  endfacet
  facet normal -0.569936 -0.499872 -0.652151
    outer loop
      vertex -38.215 70.6517 2.6
      vertex -36.8241 72.4579 0
      vertex -36.4367 72.0162 0
    endloop
  endfacet
  facet normal -0.570069 -0.499744 -0.652133
    outer loop
      vertex -36.8241 72.4579 0
      vertex -38.215 70.6517 2.6
      vertex -38.409 70.873 2.6
    endloop
  endfacet
  facet normal 0.335253 -0.679943 -0.652137
    outer loop
      vertex -41.7198 73.431 0
      vertex -41.125 71.2306 2.6
      vertex -42.2457 73.1717 0
    endloop
  endfacet
  facet normal 0.339193 -0.678386 -0.651721
    outer loop
      vertex -41.7188 73.4315 0
      vertex -41.125 71.2306 2.6
      vertex -41.7198 73.431 0
    endloop
  endfacet
  facet normal 0.335322 -0.679915 -0.652131
    outer loop
      vertex -41.125 71.2306 2.6
      vertex -41.7188 73.4315 0
      vertex -40.861 71.3608 2.6
    endloop
  endfacet
  facet normal 0.499887 -0.569938 -0.652138
    outer loop
      vertex -41.591 70.873 2.6
      vertex -42.7342 72.8453 0
      vertex -41.3697 71.0671 2.6
    endloop
  endfacet
  facet normal 0.499878 -0.569944 -0.652139
    outer loop
      vertex -42.7342 72.8453 0
      vertex -41.591 70.873 2.6
      vertex -43.1759 72.4579 0
    endloop
  endfacet
  facet normal 0.743512 -0.148006 -0.652139
    outer loop
      vertex -42.1733 69.8644 2.6
      vertex -44.453 69.8683 0
      vertex -44.3383 70.4445 0
    endloop
  endfacet
  facet normal 0.743503 -0.148082 -0.652131
    outer loop
      vertex -44.453 69.8683 0
      vertex -42.1733 69.8644 2.6
      vertex -42.2308 69.5757 2.6
    endloop
  endfacet
  facet normal -0.630207 -0.42134 -0.652159
    outer loop
      vertex -38.215 70.6517 2.6
      vertex -36.4361 72.0153 0
      vertex -38.0514 70.407 2.6
    endloop
  endfacet
  facet normal -0.630785 -0.420524 -0.652127
    outer loop
      vertex -36.4361 72.0153 0
      vertex -38.215 70.6517 2.6
      vertex -36.4367 72.0162 0
    endloop
  endfacet
  facet normal -0.743533 -0.147905 -0.652137
    outer loop
      vertex -35.6614 70.4434 0
      vertex -35.547 69.8683 0
      vertex -37.7692 69.5757 2.6
    endloop
  endfacet
  facet normal 0.569935 -0.499873 -0.652151
    outer loop
      vertex -43.1766 72.4571 0
      vertex -41.785 70.6517 2.6
      vertex -43.5633 72.0162 0
    endloop
  endfacet
  facet normal -0.756482 -0.0495461 -0.652135
    outer loop
      vertex -35.5086 69.282 0
      vertex -37.7692 69.5757 2.6
      vertex -35.547 69.8683 0
    endloop
  endfacet
  facet normal -0.75648 -0.0494533 -0.652144
    outer loop
      vertex -37.7692 69.5757 2.6
      vertex -35.5086 69.282 0
      vertex -37.75 69.282 2.6
    endloop
  endfacet
  facet normal 0.570069 -0.499744 -0.652133
    outer loop
      vertex -43.1766 72.4571 0
      vertex -41.591 70.873 2.6
      vertex -41.785 70.6517 2.6
    endloop
  endfacet
  facet normal 0.570547 -0.499228 -0.65211
    outer loop
      vertex -41.591 70.873 2.6
      vertex -43.1766 72.4571 0
      vertex -43.1759 72.4579 0
    endloop
  endfacet
  facet normal -0.147881 0.74354 -0.652135
    outer loop
      vertex -38.8386 64.9435 0
      vertex -39.4138 64.8291 0
      vertex -39.7063 67.0513 2.6
    endloop
  endfacet
  facet normal 0.147883 0.74354 -0.652134
    outer loop
      vertex -40.5862 64.8291 0
      vertex -40.5823 67.1087 2.6
      vertex -40.2937 67.0513 2.6
    endloop
  endfacet
  facet normal 0.147857 0.743543 -0.652137
    outer loop
      vertex -40.5823 67.1087 2.6
      vertex -40.5862 64.8291 0
      vertex -41.1625 64.9437 0
    endloop
  endfacet
  facet normal -0.421235 0.630301 -0.652137
    outer loop
      vertex -37.2668 65.7182 0
      vertex -37.7543 65.3924 0
      vertex -38.875 67.3335 2.6
    endloop
  endfacet
  facet normal -0.730726 -0.199289 -0.652934
    outer loop
      vertex -35.6614 70.4434 0
      vertex -37.8267 69.8644 2.6
      vertex -35.6617 70.4445 0
    endloop
  endfacet
  facet normal -0.743483 -0.148079 -0.652154
    outer loop
      vertex -37.8267 69.8644 2.6
      vertex -35.6614 70.4434 0
      vertex -37.7692 69.5757 2.6
    endloop
  endfacet
  facet normal 0.743536 0.147906 -0.652134
    outer loop
      vertex -42.2308 68.9883 2.6
      vertex -44.3386 68.1207 0
      vertex -44.453 68.6958 0
    endloop
  endfacet
  facet normal -0.243637 0.717878 -0.652144
    outer loop
      vertex -38.8375 64.9437 0
      vertex -39.139 67.2033 2.6
      vertex -38.2812 65.1325 0
    endloop
  endfacet
  facet normal -0.243669 0.71787 -0.652141
    outer loop
      vertex -39.139 67.2033 2.6
      vertex -38.8375 64.9437 0
      vertex -39.4177 67.1087 2.6
    endloop
  endfacet
  facet normal 0.421176 -0.630348 -0.652129
    outer loop
      vertex -41.3697 71.0671 2.6
      vertex -42.7332 72.8459 0
      vertex -41.125 71.2306 2.6
    endloop
  endfacet
  facet normal 0.390764 -0.651273 -0.650497
    outer loop
      vertex -42.7332 72.8459 0
      vertex -41.3697 71.0671 2.6
      vertex -42.7342 72.8453 0
    endloop
  endfacet
  facet normal 0.421235 -0.630301 -0.652137
    outer loop
      vertex -42.2457 73.1717 0
      vertex -41.125 71.2306 2.6
      vertex -42.7332 72.8459 0
    endloop
  endfacet
  facet normal 0.717883 -0.243639 -0.652139
    outer loop
      vertex -42.0787 70.1431 2.6
      vertex -44.3383 70.4445 0
      vertex -44.1495 71.0008 0
    endloop
  endfacet
  facet normal 0.717875 -0.24367 -0.652135
    outer loop
      vertex -44.3383 70.4445 0
      vertex -42.0787 70.1431 2.6
      vertex -42.1733 69.8644 2.6
    endloop
  endfacet
  facet normal -0.499807 0.57001 -0.652136
    outer loop
      vertex -37.2658 65.7188 0
      vertex -38.409 67.691 2.6
      vertex -36.8241 66.1061 0
    endloop
  endfacet
  facet normal -0.499738 0.570061 -0.652144
    outer loop
      vertex -38.409 67.691 2.6
      vertex -37.2658 65.7188 0
      vertex -38.6303 67.497 2.6
    endloop
  endfacet
  facet normal 0.0497102 0.756471 -0.652136
    outer loop
      vertex -40 64.7906 0
      vertex -40.2937 67.0513 2.6
      vertex -40 67.032 2.6
    endloop
  endfacet
  facet normal 0.0496829 0.75647 -0.652138
    outer loop
      vertex -40.2937 67.0513 2.6
      vertex -40 64.7906 0
      vertex -40.5862 64.8291 0
    endloop
  endfacet
  facet normal 0.421172 0.630341 -0.652139
    outer loop
      vertex -42.2457 65.3924 0
      vertex -41.3697 67.497 2.6
      vertex -41.125 67.3335 2.6
    endloop
  endfacet
  facet normal 0.421173 0.63034 -0.652139
    outer loop
      vertex -41.3697 67.497 2.6
      vertex -42.2457 65.3924 0
      vertex -42.7342 65.7188 0
    endloop
  endfacet
  facet normal -0.680006 0.335109 -0.652146
    outer loop
      vertex -35.8505 67.5633 0
      vertex -38.0514 68.157 2.6
      vertex -37.9213 68.421 2.6
    endloop
  endfacet
  facet normal -0.679924 0.335317 -0.652124
    outer loop
      vertex -38.0514 68.157 2.6
      vertex -35.8505 67.5633 0
      vertex -36.1104 67.0363 0
    endloop
  endfacet
  facet normal -0.135683 0.746258 -0.651682
    outer loop
      vertex -38.8386 64.9435 0
      vertex -39.4177 67.1087 2.6
      vertex -38.8375 64.9437 0
    endloop
  endfacet
  facet normal -0.147883 0.743539 -0.652135
    outer loop
      vertex -39.4177 67.1087 2.6
      vertex -38.8386 64.9435 0
      vertex -39.7063 67.0513 2.6
    endloop
  endfacet
  facet normal 0.679897 -0.335368 -0.652126
    outer loop
      vertex -41.9486 70.407 2.6
      vertex -44.1495 71.0008 0
      vertex -43.8896 71.5277 0
    endloop
  endfacet
  facet normal 0.679958 -0.335212 -0.652142
    outer loop
      vertex -44.1495 71.0008 0
      vertex -41.9486 70.407 2.6
      vertex -42.0787 70.1431 2.6
    endloop
  endfacet
  facet normal -0.717875 0.24367 -0.652135
    outer loop
      vertex -35.6617 68.1196 0
      vertex -37.9213 68.421 2.6
      vertex -37.8267 68.6997 2.6
    endloop
  endfacet
  facet normal -0.717883 0.243639 -0.652139
    outer loop
      vertex -37.9213 68.421 2.6
      vertex -35.6617 68.1196 0
      vertex -35.8505 67.5633 0
    endloop
  endfacet
  facet normal 0.75648 -0.0494533 -0.652144
    outer loop
      vertex -44.4914 69.282 0
      vertex -42.2308 69.5757 2.6
      vertex -42.25 69.282 2.6
    endloop
  endfacet
  facet normal 0.756482 -0.0495461 -0.652135
    outer loop
      vertex -42.2308 69.5757 2.6
      vertex -44.4914 69.282 0
      vertex -44.453 69.8683 0
    endloop
  endfacet
  facet normal -0.679901 -0.335361 -0.652126
    outer loop
      vertex -36.1104 71.5277 0
      vertex -35.851 71.0018 0
      vertex -38.0514 70.407 2.6
    endloop
  endfacet
  facet normal 0.679901 0.335361 -0.652126
    outer loop
      vertex -41.9486 68.157 2.6
      vertex -43.8896 67.0363 0
      vertex -44.149 67.5622 0
    endloop
  endfacet
  facet normal -0.0494533 -0.75648 -0.652144
    outer loop
      vertex -40 73.7734 0
      vertex -39.7063 71.5128 2.6
      vertex -40 71.532 2.6
    endloop
  endfacet
  facet normal -0.0495546 -0.756482 -0.652134
    outer loop
      vertex -39.7063 71.5128 2.6
      vertex -40 73.7734 0
      vertex -39.4138 73.735 0
    endloop
  endfacet
  facet normal 0.717875 0.24367 -0.652135
    outer loop
      vertex -42.0787 68.421 2.6
      vertex -44.3383 68.1196 0
      vertex -42.1733 68.6997 2.6
    endloop
  endfacet
  facet normal 0.717883 0.243639 -0.652139
    outer loop
      vertex -44.3383 68.1196 0
      vertex -42.0787 68.421 2.6
      vertex -44.1495 67.5633 0
    endloop
  endfacet
  facet normal 0.743472 0.148128 -0.652156
    outer loop
      vertex -42.1733 68.6997 2.6
      vertex -44.3386 68.1207 0
      vertex -42.2308 68.9883 2.6
    endloop
  endfacet
  facet normal 0.730726 0.199289 -0.652934
    outer loop
      vertex -44.3386 68.1207 0
      vertex -42.1733 68.6997 2.6
      vertex -44.3383 68.1196 0
    endloop
  endfacet
  facet normal -0.335355 0.679889 -0.652141
    outer loop
      vertex -37.7543 65.3924 0
      vertex -38.2802 65.133 0
      vertex -38.875 67.3335 2.6
    endloop
  endfacet
  facet normal -0.717883 -0.243639 -0.652139
    outer loop
      vertex -35.6617 70.4445 0
      vertex -37.9213 70.1431 2.6
      vertex -35.8505 71.0008 0
    endloop
  endfacet
  facet normal -0.717875 -0.24367 -0.652135
    outer loop
      vertex -37.9213 70.1431 2.6
      vertex -35.6617 70.4445 0
      vertex -37.8267 69.8644 2.6
    endloop
  endfacet
  facet normal 0.75648 0.0494533 -0.652144
    outer loop
      vertex -42.2308 68.9883 2.6
      vertex -44.4914 69.282 0
      vertex -42.25 69.282 2.6
    endloop
  endfacet
  facet normal 0.756482 0.0495546 -0.652134
    outer loop
      vertex -44.4914 69.282 0
      vertex -42.2308 68.9883 2.6
      vertex -44.453 68.6958 0
    endloop
  endfacet
  facet normal 0.499871 0.569951 -0.652139
    outer loop
      vertex -41.3697 67.497 2.6
      vertex -42.7342 65.7188 0
      vertex -43.175 66.1054 0
    endloop
  endfacet
  facet normal -0.503565 -0.566511 -0.652294
    outer loop
      vertex -38.409 70.873 2.6
      vertex -36.825 72.4587 0
      vertex -36.8241 72.4579 0
    endloop
  endfacet
  facet normal -0.499885 -0.569936 -0.652141
    outer loop
      vertex -36.825 72.4587 0
      vertex -38.409 70.873 2.6
      vertex -38.6303 71.0671 2.6
    endloop
  endfacet
  facet normal -0.743497 0.148133 -0.652126
    outer loop
      vertex -35.547 68.6958 0
      vertex -37.8267 68.6997 2.6
      vertex -37.7692 68.9883 2.6
    endloop
  endfacet
  facet normal -0.743512 0.148006 -0.652139
    outer loop
      vertex -37.8267 68.6997 2.6
      vertex -35.547 68.6958 0
      vertex -35.6617 68.1196 0
    endloop
  endfacet
  facet normal 0.243669 0.71787 -0.652141
    outer loop
      vertex -41.1625 64.9437 0
      vertex -40.861 67.2033 2.6
      vertex -40.5823 67.1087 2.6
    endloop
  endfacet
  facet normal 0.243637 0.717878 -0.652144
    outer loop
      vertex -40.861 67.2033 2.6
      vertex -41.1625 64.9437 0
      vertex -41.7188 65.1325 0
    endloop
  endfacet
  facet normal 0.680006 0.335109 -0.652146
    outer loop
      vertex -41.9486 68.157 2.6
      vertex -44.1495 67.5633 0
      vertex -42.0787 68.421 2.6
    endloop
  endfacet
  facet normal 0.688482 0.312946 -0.65426
    outer loop
      vertex -44.1495 67.5633 0
      vertex -41.9486 68.157 2.6
      vertex -44.149 67.5622 0
    endloop
  endfacet
  facet normal -0.0496829 0.75647 -0.652138
    outer loop
      vertex -40 64.7906 0
      vertex -39.7063 67.0513 2.6
      vertex -39.4138 64.8291 0
    endloop
  endfacet
  facet normal -0.0497102 0.756471 -0.652136
    outer loop
      vertex -39.7063 67.0513 2.6
      vertex -40 64.7906 0
      vertex -40 67.032 2.6
    endloop
  endfacet
  facet normal -0.499871 -0.569951 -0.652139
    outer loop
      vertex -37.2658 72.8453 0
      vertex -36.825 72.4587 0
      vertex -38.6303 71.0671 2.6
    endloop
  endfacet
  facet normal 0.335316 0.679904 -0.652146
    outer loop
      vertex -41.7188 65.1325 0
      vertex -41.125 67.3335 2.6
      vertex -40.861 67.2033 2.6
    endloop
  endfacet
  facet normal 0.335362 0.679886 -0.652141
    outer loop
      vertex -41.125 67.3335 2.6
      vertex -41.7188 65.1325 0
      vertex -42.2457 65.3924 0
    endloop
  endfacet
  facet normal -0.678386 -0.339193 -0.651721
    outer loop
      vertex -35.8505 71.0008 0
      vertex -38.0514 70.407 2.6
      vertex -35.851 71.0018 0
    endloop
  endfacet
  facet normal -0.679958 -0.335212 -0.652142
    outer loop
      vertex -38.0514 70.407 2.6
      vertex -35.8505 71.0008 0
      vertex -37.9213 70.1431 2.6
    endloop
  endfacet
  facet normal 0.0495546 -0.756482 -0.652134
    outer loop
      vertex -40 73.7734 0
      vertex -40.2937 71.5128 2.6
      vertex -40.5862 73.735 0
    endloop
  endfacet
  facet normal 0.0494533 -0.75648 -0.652144
    outer loop
      vertex -40.2937 71.5128 2.6
      vertex -40 73.7734 0
      vertex -40 71.532 2.6
    endloop
  endfacet
  facet normal 0.135683 -0.746258 -0.651682
    outer loop
      vertex -41.1614 73.6206 0
      vertex -40.5823 71.4554 2.6
      vertex -41.1625 73.6204 0
    endloop
  endfacet
  facet normal 0.147883 -0.743539 -0.652135
    outer loop
      vertex -40.5823 71.4554 2.6
      vertex -41.1614 73.6206 0
      vertex -40.2937 71.5128 2.6
    endloop
  endfacet
  facet normal -0.569942 0.499879 -0.65214
    outer loop
      vertex -36.4367 66.5479 0
      vertex -36.8234 66.107 0
      vertex -38.215 67.9123 2.6
    endloop
  endfacet
  facet normal 0.630792 0.420528 -0.652118
    outer loop
      vertex -43.5639 66.5488 0
      vertex -41.785 67.9123 2.6
      vertex -43.5633 66.5479 0
    endloop
  endfacet
  facet normal 0.630214 0.421344 -0.65215
    outer loop
      vertex -41.785 67.9123 2.6
      vertex -43.5639 66.5488 0
      vertex -41.9486 68.157 2.6
    endloop
  endfacet
  facet normal -0.390764 0.651273 -0.650497
    outer loop
      vertex -37.2668 65.7182 0
      vertex -38.6303 67.497 2.6
      vertex -37.2658 65.7188 0
    endloop
  endfacet
  facet normal -0.421176 0.630348 -0.652129
    outer loop
      vertex -38.6303 67.497 2.6
      vertex -37.2668 65.7182 0
      vertex -38.875 67.3335 2.6
    endloop
  endfacet
  facet normal -0.335322 -0.679915 -0.652131
    outer loop
      vertex -38.2812 73.4315 0
      vertex -38.875 71.2306 2.6
      vertex -39.139 71.3608 2.6
    endloop
  endfacet
  facet normal -0.33526 -0.67994 -0.652137
    outer loop
      vertex -38.875 71.2306 2.6
      vertex -38.2812 73.4315 0
      vertex -37.7543 73.1717 0
    endloop
  endfacet
  facet normal 0.147881 -0.74354 -0.652135
    outer loop
      vertex -40.5862 73.735 0
      vertex -40.2937 71.5128 2.6
      vertex -41.1614 73.6206 0
    endloop
  endfacet
  facet normal -0.630406 -0.42109 -0.652128
    outer loop
      vertex -36.4361 72.0153 0
      vertex -36.1104 71.5277 0
      vertex -38.0514 70.407 2.6
    endloop
  endfacet
  facet normal 0.49975 0.570076 -0.652122
    outer loop
      vertex -43.175 66.1054 0
      vertex -41.591 67.691 2.6
      vertex -41.3697 67.497 2.6
    endloop
  endfacet
  facet normal 0.466537 0.599833 -0.650034
    outer loop
      vertex -41.591 67.691 2.6
      vertex -43.175 66.1054 0
      vertex -43.1759 66.1061 0
    endloop
  endfacet
  facet normal -0.630369 0.421149 -0.652126
    outer loop
      vertex -36.4367 66.5479 0
      vertex -38.0514 68.157 2.6
      vertex -36.1104 67.0363 0
    endloop
  endfacet
  facet normal -0.630214 0.421344 -0.65215
    outer loop
      vertex -38.0514 68.157 2.6
      vertex -36.4367 66.5479 0
      vertex -38.215 67.9123 2.6
    endloop
  endfacet
  facet normal 0.630368 0.421151 -0.652126
    outer loop
      vertex -41.9486 68.157 2.6
      vertex -43.5639 66.5488 0
      vertex -43.8896 67.0363 0
    endloop
  endfacet
  facet normal -0.421173 -0.63034 -0.652139
    outer loop
      vertex -38.6303 71.0671 2.6
      vertex -37.7543 73.1717 0
      vertex -37.2658 72.8453 0
    endloop
  endfacet
  facet normal -0.421172 -0.630341 -0.652139
    outer loop
      vertex -37.7543 73.1717 0
      vertex -38.6303 71.0671 2.6
      vertex -38.875 71.2306 2.6
    endloop
  endfacet
  facet normal 0.570069 0.499744 -0.652133
    outer loop
      vertex -43.1759 66.1061 0
      vertex -41.785 67.9123 2.6
      vertex -41.591 67.691 2.6
    endloop
  endfacet
  facet normal 0.569998 0.499812 -0.652143
    outer loop
      vertex -41.785 67.9123 2.6
      vertex -43.1759 66.1061 0
      vertex -43.5633 66.5479 0
    endloop
  endfacet
  facet normal -0.339187 0.678375 -0.651736
    outer loop
      vertex -38.2812 65.1325 0
      vertex -38.875 67.3335 2.6
      vertex -38.2802 65.133 0
    endloop
  endfacet
  facet normal -0.335316 0.679904 -0.652146
    outer loop
      vertex -38.875 67.3335 2.6
      vertex -38.2812 65.1325 0
      vertex -39.139 67.2033 2.6
    endloop
  endfacet
  facet normal -0.599833 0.466537 -0.650034
    outer loop
      vertex -38.409 67.691 2.6
      vertex -36.8234 66.107 0
      vertex -36.8241 66.1061 0
    endloop
  endfacet
  facet normal -0.570076 0.49975 -0.652122
    outer loop
      vertex -36.8234 66.107 0
      vertex -38.409 67.691 2.6
      vertex -38.215 67.9123 2.6
    endloop
  endfacet
  facet normal -0.243669 -0.71787 -0.652141
    outer loop
      vertex -38.8375 73.6204 0
      vertex -39.139 71.3608 2.6
      vertex -39.4177 71.4554 2.6
    endloop
  endfacet
  facet normal -0.243756 -0.717849 -0.652132
    outer loop
      vertex -39.139 71.3608 2.6
      vertex -38.8375 73.6204 0
      vertex -38.2812 73.4315 0
    endloop
  endfacet
  facet normal -0.75648 0.0494533 -0.652144
    outer loop
      vertex -35.5086 69.282 0
      vertex -37.7692 68.9883 2.6
      vertex -37.75 69.282 2.6
    endloop
  endfacet
  facet normal -0.756482 0.0495546 -0.652134
    outer loop
      vertex -37.7692 68.9883 2.6
      vertex -35.5086 69.282 0
      vertex -35.547 68.6958 0
    endloop
  endfacet
  facet normal -0.147883 -0.74354 -0.652134
    outer loop
      vertex -39.4138 73.735 0
      vertex -39.4177 71.4554 2.6
      vertex -39.7063 71.5128 2.6
    endloop
  endfacet
  facet normal -0.147857 -0.743543 -0.652137
    outer loop
      vertex -39.4177 71.4554 2.6
      vertex -39.4138 73.735 0
      vertex -38.8375 73.6204 0
    endloop
  endfacet
  facet normal 0.243756 -0.717849 -0.652132
    outer loop
      vertex -41.1625 73.6204 0
      vertex -40.861 71.3608 2.6
      vertex -41.7188 73.4315 0
    endloop
  endfacet
  facet normal 0.243669 -0.71787 -0.652141
    outer loop
      vertex -40.861 71.3608 2.6
      vertex -41.1625 73.6204 0
      vertex -40.5823 71.4554 2.6
    endloop
  endfacet
  facet normal 0 0 1
    outer loop
      vertex -34.8428 82.9495 4
      vertex -37.7692 69.5757 4
      vertex -37.75 69.282 4
    endloop
  endfacet
  facet normal 0 0 1
    outer loop
      vertex -34.8428 82.9495 4
      vertex -37.8267 69.8644 4
      vertex -37.7692 69.5757 4
    endloop
  endfacet
  facet normal 0 0 1
    outer loop
      vertex -34.8428 82.9495 4
      vertex -37.9213 70.1431 4
      vertex -37.8267 69.8644 4
    endloop
  endfacet
  facet normal 0 0 1
    outer loop
      vertex -34.8428 82.9495 4
      vertex -38.0514 70.407 4
      vertex -37.9213 70.1431 4
    endloop
  endfacet
  facet normal 0 0 1
    outer loop
      vertex -34.8428 82.9495 4
      vertex -38.215 70.6517 4
      vertex -38.0514 70.407 4
    endloop
  endfacet
  facet normal 0 0 1
    outer loop
      vertex -34.8428 82.9495 4
      vertex -38.409 70.873 4
      vertex -38.215 70.6517 4
    endloop
  endfacet
  facet normal 0 0 1
    outer loop
      vertex -36.6063 82.2191 4
      vertex -38.6303 71.0671 4
      vertex -38.409 70.873 4
    endloop
  endfacet
  facet normal 0 0 1
    outer loop
      vertex -36.6063 82.2191 4
      vertex -38.875 71.2306 4
      vertex -38.6303 71.0671 4
    endloop
  endfacet
  facet normal 0 0 1
    outer loop
      vertex -36.6063 82.2191 4
      vertex -39.139 71.3608 4
      vertex -38.875 71.2306 4
    endloop
  endfacet
  facet normal -0 0 1
    outer loop
      vertex -40.8591 80.1906 4
      vertex -39.139 71.3608 4
      vertex -36.6063 82.2191 4
    endloop
  endfacet
  facet normal 0 0 1
    outer loop
      vertex -39.139 71.3608 4
      vertex -40.8591 80.1906 4
      vertex -39.4177 71.4554 4
    endloop
  endfacet
  facet normal 0 0 1
    outer loop
      vertex -39.4177 71.4554 4
      vertex -40.8591 80.1906 4
      vertex -39.7063 71.5128 4
    endloop
  endfacet
  facet normal 0 0 1
    outer loop
      vertex -39.7063 71.5128 4
      vertex -40.8591 80.1906 4
      vertex -40 71.532 4
    endloop
  endfacet
  facet normal 0 0 1
    outer loop
      vertex -40 71.532 4
      vertex -40.8591 80.1906 4
      vertex -40.2937 71.5128 4
    endloop
  endfacet
  facet normal -0 0 1
    outer loop
      vertex -45 77.9423 4
      vertex -40.2937 71.5128 4
      vertex -40.8591 80.1906 4
    endloop
  endfacet
  facet normal 0 0 1
    outer loop
      vertex -40.2937 71.5128 4
      vertex -45 77.9423 4
      vertex -40.5823 71.4554 4
    endloop
  endfacet
  facet normal 0 0 1
    outer loop
      vertex -40.5823 71.4554 4
      vertex -45 77.9423 4
      vertex -40.861 71.3608 4
    endloop
  endfacet
  facet normal 0 0 1
    outer loop
      vertex -40.861 71.3608 4
      vertex -45 77.9423 4
      vertex -41.125 71.2306 4
    endloop
  endfacet
  facet normal 0 0 1
    outer loop
      vertex -41.125 71.2306 4
      vertex -45 77.9423 4
      vertex -41.3697 71.0671 4
    endloop
  endfacet
  facet normal 0 0 1
    outer loop
      vertex -41.3697 71.0671 4
      vertex -45 77.9423 4
      vertex -41.591 70.873 4
    endloop
  endfacet
  facet normal 0 0 1
    outer loop
      vertex -41.591 70.873 4
      vertex -45 77.9423 4
      vertex -41.785 70.6517 4
    endloop
  endfacet
  facet normal -0 0 1
    outer loop
      vertex -49.0175 75.4803 4
      vertex -41.785 70.6517 4
      vertex -45 77.9423 4
    endloop
  endfacet
  facet normal 0 0 1
    outer loop
      vertex -41.785 70.6517 4
      vertex -49.0175 75.4803 4
      vertex -41.9486 70.407 4
    endloop
  endfacet
  facet normal 0 0 1
    outer loop
      vertex -41.9486 70.407 4
      vertex -49.0175 75.4803 4
      vertex -42.0787 70.1431 4
    endloop
  endfacet
  facet normal 0 0 1
    outer loop
      vertex -42.1733 69.8644 4
      vertex -49.0175 75.4803 4
      vertex -42.2308 69.5757 4
    endloop
  endfacet
  facet normal 0 0 1
    outer loop
      vertex -42.0787 70.1431 4
      vertex -49.0175 75.4803 4
      vertex -42.1733 69.8644 4
    endloop
  endfacet
  facet normal 0 0 1
    outer loop
      vertex -10.2139 40.291 4
      vertex -25.2692 47.9251 4
      vertex -25.25 47.6314 4
    endloop
  endfacet
  facet normal 0 0 1
    outer loop
      vertex -10.2139 40.291 4
      vertex -25.3267 48.2137 4
      vertex -25.2692 47.9251 4
    endloop
  endfacet
  facet normal 0 0 1
    outer loop
      vertex -10.2139 40.291 4
      vertex -25.4213 48.4924 4
      vertex -25.3267 48.2137 4
    endloop
  endfacet
  facet normal 0 0 1
    outer loop
      vertex -10.2139 40.291 4
      vertex -25.5514 48.7564 4
      vertex -25.4213 48.4924 4
    endloop
  endfacet
  facet normal 0 0 1
    outer loop
      vertex -10.2139 40.291 4
      vertex -25.715 49.0011 4
      vertex -25.5514 48.7564 4
    endloop
  endfacet
  facet normal 0 0 1
    outer loop
      vertex -10.2139 40.291 4
      vertex -25.909 49.2224 4
      vertex -25.715 49.0011 4
    endloop
  endfacet
  facet normal 0 0 1
    outer loop
      vertex -34.8428 82.9495 4
      vertex -25.909 49.2224 4
      vertex -10.2139 40.291 4
    endloop
  endfacet
  facet normal 0 0 1
    outer loop
      vertex -25.909 49.2224 4
      vertex -34.8428 82.9495 4
      vertex -26.1303 49.4164 4
    endloop
  endfacet
  facet normal 0 0 1
    outer loop
      vertex -26.1303 49.4164 4
      vertex -34.8428 82.9495 4
      vertex -26.375 49.58 4
    endloop
  endfacet
  facet normal -0 0 1
    outer loop
      vertex -37.75 69.282 4
      vertex -26.375 49.58 4
      vertex -34.8428 82.9495 4
    endloop
  endfacet
  facet normal 0 0 1
    outer loop
      vertex -26.375 49.58 4
      vertex -37.75 69.282 4
      vertex -26.639 49.7101 4
    endloop
  endfacet
  facet normal -0 0 1
    outer loop
      vertex -37.7692 68.9883 4
      vertex -26.639 49.7101 4
      vertex -37.75 69.282 4
    endloop
  endfacet
  facet normal 0 0 1
    outer loop
      vertex -26.639 49.7101 4
      vertex -37.7692 68.9883 4
      vertex -26.9177 49.8047 4
    endloop
  endfacet
  facet normal -0 0 1
    outer loop
      vertex -37.8267 68.6997 4
      vertex -26.9177 49.8047 4
      vertex -37.7692 68.9883 4
    endloop
  endfacet
  facet normal 0 0 1
    outer loop
      vertex -26.9177 49.8047 4
      vertex -37.8267 68.6997 4
      vertex -27.2063 49.8621 4
    endloop
  endfacet
  facet normal -0 0 1
    outer loop
      vertex -37.9213 68.421 4
      vertex -27.2063 49.8621 4
      vertex -37.8267 68.6997 4
    endloop
  endfacet
  facet normal 0 0 1
    outer loop
      vertex -27.2063 49.8621 4
      vertex -37.9213 68.421 4
      vertex -27.5 49.8814 4
    endloop
  endfacet
  facet normal -0 0 1
    outer loop
      vertex -38.0514 68.157 4
      vertex -27.5 49.8814 4
      vertex -37.9213 68.421 4
    endloop
  endfacet
  facet normal 0 0 1
    outer loop
      vertex -27.5 49.8814 4
      vertex -38.0514 68.157 4
      vertex -27.7937 49.8621 4
    endloop
  endfacet
  facet normal -0 0 1
    outer loop
      vertex -38.215 67.9123 4
      vertex -27.7937 49.8621 4
      vertex -38.0514 68.157 4
    endloop
  endfacet
  facet normal 0 0 1
    outer loop
      vertex -27.7937 49.8621 4
      vertex -38.215 67.9123 4
      vertex -28.0823 49.8047 4
    endloop
  endfacet
  facet normal -0 0 1
    outer loop
      vertex -38.409 67.691 4
      vertex -28.0823 49.8047 4
      vertex -38.215 67.9123 4
    endloop
  endfacet
  facet normal 0 0 1
    outer loop
      vertex -28.0823 49.8047 4
      vertex -38.409 67.691 4
      vertex -28.361 49.7101 4
    endloop
  endfacet
  facet normal -0 0 1
    outer loop
      vertex -38.6303 67.497 4
      vertex -28.361 49.7101 4
      vertex -38.409 67.691 4
    endloop
  endfacet
  facet normal 0 0 1
    outer loop
      vertex -28.361 49.7101 4
      vertex -38.6303 67.497 4
      vertex -28.625 49.58 4
    endloop
  endfacet
  facet normal -0 0 1
    outer loop
      vertex -38.875 67.3335 4
      vertex -28.625 49.58 4
      vertex -38.6303 67.497 4
    endloop
  endfacet
  facet normal 0 0 1
    outer loop
      vertex -38.409 70.873 4
      vertex -34.8428 82.9495 4
      vertex -36.6063 82.2191 4
    endloop
  endfacet
  facet normal 0 0 1
    outer loop
      vertex -28.625 49.58 4
      vertex -38.875 67.3335 4
      vertex -28.8697 49.4164 4
    endloop
  endfacet
  facet normal -0 0 1
    outer loop
      vertex -39.139 67.2033 4
      vertex -28.8697 49.4164 4
      vertex -38.875 67.3335 4
    endloop
  endfacet
  facet normal 0 0 1
    outer loop
      vertex -28.8697 49.4164 4
      vertex -39.139 67.2033 4
      vertex -29.091 49.2224 4
    endloop
  endfacet
  facet normal -0 0 1
    outer loop
      vertex -39.4177 67.1087 4
      vertex -29.091 49.2224 4
      vertex -39.139 67.2033 4
    endloop
  endfacet
  facet normal 0 0 1
    outer loop
      vertex -29.091 49.2224 4
      vertex -39.4177 67.1087 4
      vertex -29.285 49.0011 4
    endloop
  endfacet
  facet normal -0 0 1
    outer loop
      vertex -39.7063 67.0513 4
      vertex -29.285 49.0011 4
      vertex -39.4177 67.1087 4
    endloop
  endfacet
  facet normal 0 0 1
    outer loop
      vertex -29.285 49.0011 4
      vertex -39.7063 67.0513 4
      vertex -29.4486 48.7564 4
    endloop
  endfacet
  facet normal -0 0 1
    outer loop
      vertex -40 67.032 4
      vertex -29.4486 48.7564 4
      vertex -39.7063 67.0513 4
    endloop
  endfacet
  facet normal 0 0 1
    outer loop
      vertex -29.4486 48.7564 4
      vertex -40 67.032 4
      vertex -29.5787 48.4924 4
    endloop
  endfacet
  facet normal 0 0 1
    outer loop
      vertex -40.2937 67.0513 4
      vertex -29.5787 48.4924 4
      vertex -40 67.032 4
    endloop
  endfacet
  facet normal 0 0 1
    outer loop
      vertex -29.5787 48.4924 4
      vertex -40.2937 67.0513 4
      vertex -29.6733 48.2137 4
    endloop
  endfacet
  facet normal 0 0 1
    outer loop
      vertex -40.5823 67.1087 4
      vertex -29.6733 48.2137 4
      vertex -40.2937 67.0513 4
    endloop
  endfacet
  facet normal 0 0 1
    outer loop
      vertex -29.6733 48.2137 4
      vertex -40.5823 67.1087 4
      vertex -29.7308 47.9251 4
    endloop
  endfacet
  facet normal 0 0 1
    outer loop
      vertex -40.861 67.2033 4
      vertex -29.7308 47.9251 4
      vertex -40.5823 67.1087 4
    endloop
  endfacet
  facet normal 0 0 1
    outer loop
      vertex -29.7308 47.9251 4
      vertex -40.861 67.2033 4
      vertex -29.75 47.6314 4
    endloop
  endfacet
  facet normal 0 0 1
    outer loop
      vertex -41.125 67.3335 4
      vertex -29.75 47.6314 4
      vertex -40.861 67.2033 4
    endloop
  endfacet
  facet normal 0 0 1
    outer loop
      vertex -54.415 71.6495 4
      vertex -29.75 47.6314 4
      vertex -41.125 67.3335 4
    endloop
  endfacet
  facet normal 0 0 1
    outer loop
      vertex -54.415 71.6495 4
      vertex -41.125 67.3335 4
      vertex -41.3697 67.497 4
    endloop
  endfacet
  facet normal 0 0 1
    outer loop
      vertex -54.415 71.6495 4
      vertex -41.3697 67.497 4
      vertex -41.591 67.691 4
    endloop
  endfacet
  facet normal 0 0 1
    outer loop
      vertex -54.415 71.6495 4
      vertex -41.591 67.691 4
      vertex -41.785 67.9123 4
    endloop
  endfacet
  facet normal 0 0 1
    outer loop
      vertex -54.415 71.6495 4
      vertex -41.785 67.9123 4
      vertex -41.9486 68.157 4
    endloop
  endfacet
  facet normal 0 0 1
    outer loop
      vertex -54.415 71.6495 4
      vertex -41.9486 68.157 4
      vertex -42.0787 68.421 4
    endloop
  endfacet
  facet normal 0 0 1
    outer loop
      vertex -54.415 71.6495 4
      vertex -42.0787 68.421 4
      vertex -42.1733 68.6997 4
    endloop
  endfacet
  facet normal 0 0 1
    outer loop
      vertex -42.2308 69.5757 4
      vertex -49.0175 75.4803 4
      vertex -42.25 69.282 4
    endloop
  endfacet
  facet normal -0 0 1
    outer loop
      vertex -52.9007 72.8115 4
      vertex -42.25 69.282 4
      vertex -49.0175 75.4803 4
    endloop
  endfacet
  facet normal 0 0 1
    outer loop
      vertex -42.25 69.282 4
      vertex -52.9007 72.8115 4
      vertex -42.2308 68.9883 4
    endloop
  endfacet
  facet normal 0 0 1
    outer loop
      vertex -42.2308 68.9883 4
      vertex -52.9007 72.8115 4
      vertex -42.1733 68.6997 4
    endloop
  endfacet
  facet normal -0 0 1
    outer loop
      vertex -54.415 71.6495 4
      vertex -42.1733 68.6997 4
      vertex -52.9007 72.8115 4
    endloop
  endfacet
  facet normal 0 0 1
    outer loop
      vertex -29.75 47.6314 4
      vertex -54.415 71.6495 4
      vertex -29.7861 28.991 4
    endloop
  endfacet
  facet normal -0 0 1
    outer loop
      vertex -25.2692 47.3377 4
      vertex -10.2139 40.291 4
      vertex -25.25 47.6314 4
    endloop
  endfacet
  facet normal -0 0 1
    outer loop
      vertex -25.3267 47.0491 4
      vertex -10.2139 40.291 4
      vertex -25.2692 47.3377 4
    endloop
  endfacet
  facet normal -0 0 1
    outer loop
      vertex -25.4213 46.7704 4
      vertex -10.2139 40.291 4
      vertex -25.3267 47.0491 4
    endloop
  endfacet
  facet normal -0 0 1
    outer loop
      vertex -25.5514 46.5064 4
      vertex -10.2139 40.291 4
      vertex -25.4213 46.7704 4
    endloop
  endfacet
  facet normal -0 0 1
    outer loop
      vertex -25.715 46.2617 4
      vertex -10.2139 40.291 4
      vertex -25.5514 46.5064 4
    endloop
  endfacet
  facet normal -0 0 1
    outer loop
      vertex -25.909 46.0404 4
      vertex -10.2139 40.291 4
      vertex -25.715 46.2617 4
    endloop
  endfacet
  facet normal -0 0 1
    outer loop
      vertex -26.1303 45.8464 4
      vertex -10.2139 40.291 4
      vertex -25.909 46.0404 4
    endloop
  endfacet
  facet normal -0 0 1
    outer loop
      vertex -26.375 45.6828 4
      vertex -10.2139 40.291 4
      vertex -26.1303 45.8464 4
    endloop
  endfacet
  facet normal 0 0 1
    outer loop
      vertex -29.7861 28.991 4
      vertex -26.375 45.6828 4
      vertex -26.639 45.5527 4
    endloop
  endfacet
  facet normal 0 0 1
    outer loop
      vertex -29.7861 28.991 4
      vertex -26.639 45.5527 4
      vertex -26.9177 45.4581 4
    endloop
  endfacet
  facet normal 0 0 1
    outer loop
      vertex -29.7861 28.991 4
      vertex -26.9177 45.4581 4
      vertex -27.2063 45.4006 4
    endloop
  endfacet
  facet normal 0 0 1
    outer loop
      vertex -29.7861 28.991 4
      vertex -27.2063 45.4006 4
      vertex -27.5 45.3814 4
    endloop
  endfacet
  facet normal 0 0 1
    outer loop
      vertex -29.7861 28.991 4
      vertex -27.5 45.3814 4
      vertex -27.7937 45.4006 4
    endloop
  endfacet
  facet normal 0 0 1
    outer loop
      vertex -29.7861 28.991 4
      vertex -27.7937 45.4006 4
      vertex -28.0823 45.4581 4
    endloop
  endfacet
  facet normal 0 0 1
    outer loop
      vertex -26.375 45.6828 4
      vertex -29.7861 28.991 4
      vertex -10.2139 40.291 4
    endloop
  endfacet
  facet normal 0 0 1
    outer loop
      vertex -28.361 45.5527 4
      vertex -29.7861 28.991 4
      vertex -28.0823 45.4581 4
    endloop
  endfacet
  facet normal 0 0 1
    outer loop
      vertex -28.625 45.6828 4
      vertex -29.7861 28.991 4
      vertex -28.361 45.5527 4
    endloop
  endfacet
  facet normal 0 0 1
    outer loop
      vertex -28.8697 45.8464 4
      vertex -29.7861 28.991 4
      vertex -28.625 45.6828 4
    endloop
  endfacet
  facet normal 0 0 1
    outer loop
      vertex -29.091 46.0404 4
      vertex -29.7861 28.991 4
      vertex -28.8697 45.8464 4
    endloop
  endfacet
  facet normal 0 0 1
    outer loop
      vertex -29.285 46.2617 4
      vertex -29.7861 28.991 4
      vertex -29.091 46.0404 4
    endloop
  endfacet
  facet normal 0 0 1
    outer loop
      vertex -29.4486 46.5064 4
      vertex -29.7861 28.991 4
      vertex -29.285 46.2617 4
    endloop
  endfacet
  facet normal 0 0 1
    outer loop
      vertex -29.5787 46.7704 4
      vertex -29.7861 28.991 4
      vertex -29.4486 46.5064 4
    endloop
  endfacet
  facet normal 0 0 1
    outer loop
      vertex -29.6733 47.0491 4
      vertex -29.7861 28.991 4
      vertex -29.5787 46.7704 4
    endloop
  endfacet
  facet normal 0 0 1
    outer loop
      vertex -29.7308 47.3377 4
      vertex -29.7861 28.991 4
      vertex -29.6733 47.0491 4
    endloop
  endfacet
  facet normal 0 0 1
    outer loop
      vertex -29.7861 28.991 4
      vertex -29.7308 47.3377 4
      vertex -29.75 47.6314 4
    endloop
  endfacet
  facet normal -0.5 0.866026 0
    outer loop
      vertex -10.2139 40.291 4
      vertex -29.7861 28.991 10
      vertex -10.2139 40.291 10
    endloop
  endfacet
  facet normal -0.5 0.866026 0
    outer loop
      vertex -29.7861 28.991 10
      vertex -10.2139 40.291 4
      vertex -29.7861 28.991 4
    endloop
  endfacet
  facet normal -0.866025 -0.5 0
    outer loop
      vertex -10.2139 40.291 4
      vertex -34.8428 82.9495 10
      vertex -34.8428 82.9495 4
    endloop
  endfacet
  facet normal -0.866025 -0.5 0
    outer loop
      vertex -34.8428 82.9495 10
      vertex -10.2139 40.291 4
      vertex -10.2139 40.291 10
    endloop
  endfacet
  facet normal 0.866025 0.5 0
    outer loop
      vertex -29.7861 28.991 10
      vertex -54.415 71.6495 4
      vertex -54.415 71.6495 10
    endloop
  endfacet
  facet normal 0.866025 0.5 0
    outer loop
      vertex -54.415 71.6495 4
      vertex -29.7861 28.991 10
      vertex -29.7861 28.991 4
    endloop
  endfacet
  facet normal 0.980858 0.194723 0
    outer loop
      vertex 12.1647 -24.7405 7.81
      vertex 12.1163 -24.4967 0
      vertex 12.1163 -24.4967 7.81
    endloop
  endfacet
  facet normal 0.980858 0.194723 0
    outer loop
      vertex 12.1163 -24.4967 0
      vertex 12.1647 -24.7405 7.81
      vertex 12.1647 -24.7405 0
    endloop
  endfacet
  facet normal -0.0655843 -0.997847 0
    outer loop
      vertex 14 -22.3487 0
      vertex 14.248 -22.365 7.81
      vertex 14 -22.3487 7.81
    endloop
  endfacet
  facet normal -0.0655843 -0.997847 -0
    outer loop
      vertex 14.248 -22.365 7.81
      vertex 14 -22.3487 0
      vertex 14.248 -22.365 0
    endloop
  endfacet
  facet normal -0.0651837 0.997873 0
    outer loop
      vertex 14.248 -26.1325 0
      vertex 14 -26.1487 7.81
      vertex 14.248 -26.1325 7.81
    endloop
  endfacet
  facet normal -0.0651837 0.997873 0
    outer loop
      vertex 14 -26.1487 7.81
      vertex 14.248 -26.1325 0
      vertex 14 -26.1487 0
    endloop
  endfacet
  facet normal 0.555443 -0.831555 0
    outer loop
      vertex 12.8434 -22.7413 0
      vertex 13.05 -22.6033 7.81
      vertex 12.8434 -22.7413 7.81
    endloop
  endfacet
  facet normal 0.555443 -0.831555 0
    outer loop
      vertex 13.05 -22.6033 7.81
      vertex 12.8434 -22.7413 0
      vertex 13.05 -22.6033 0
    endloop
  endfacet
  facet normal 0.896748 0.442541 0
    outer loop
      vertex 12.3546 -25.1987 7.81
      vertex 12.2446 -24.9758 0
      vertex 12.2446 -24.9758 7.81
    endloop
  endfacet
  facet normal 0.896748 0.442541 0
    outer loop
      vertex 12.2446 -24.9758 0
      vertex 12.3546 -25.1987 7.81
      vertex 12.3546 -25.1987 0
    endloop
  endfacet
  facet normal 0.980843 -0.1948 0
    outer loop
      vertex 12.1163 -24.0007 7.81
      vertex 12.1647 -23.757 0
      vertex 12.1647 -23.757 7.81
    endloop
  endfacet
  facet normal 0.980843 -0.1948 0
    outer loop
      vertex 12.1647 -23.757 0
      vertex 12.1163 -24.0007 7.81
      vertex 12.1163 -24.0007 0
    endloop
  endfacet
  facet normal -0.946939 -0.321412 0
    outer loop
      vertex 15.8353 -23.757 0
      vertex 15.7554 -23.5216 7.81
      vertex 15.7554 -23.5216 0
    endloop
  endfacet
  facet normal -0.946939 -0.321412 0
    outer loop
      vertex 15.7554 -23.5216 7.81
      vertex 15.8353 -23.757 0
      vertex 15.8353 -23.757 7.81
    endloop
  endfacet
  facet normal -0.321535 0.946898 0
    outer loop
      vertex 14.7271 -26.0041 0
      vertex 14.4918 -26.084 7.81
      vertex 14.7271 -26.0041 7.81
    endloop
  endfacet
  facet normal -0.321535 0.946898 0
    outer loop
      vertex 14.4918 -26.084 7.81
      vertex 14.7271 -26.0041 0
      vertex 14.4918 -26.084 0
    endloop
  endfacet
  facet normal -0.65933 0.751854 0
    outer loop
      vertex 15.3435 -25.5922 0
      vertex 15.1566 -25.7561 7.81
      vertex 15.3435 -25.5922 7.81
    endloop
  endfacet
  facet normal -0.65933 0.751854 0
    outer loop
      vertex 15.1566 -25.7561 7.81
      vertex 15.3435 -25.5922 0
      vertex 15.1566 -25.7561 0
    endloop
  endfacet
  facet normal 0.442541 -0.896748 0
    outer loop
      vertex 13.05 -22.6033 0
      vertex 13.2729 -22.4933 7.81
      vertex 13.05 -22.6033 7.81
    endloop
  endfacet
  facet normal 0.442541 -0.896748 0
    outer loop
      vertex 13.2729 -22.4933 7.81
      vertex 13.05 -22.6033 0
      vertex 13.2729 -22.4933 0
    endloop
  endfacet
  facet normal -0.980858 0.194723 0
    outer loop
      vertex 15.8353 -24.7405 0
      vertex 15.8837 -24.4967 7.81
      vertex 15.8837 -24.4967 0
    endloop
  endfacet
  facet normal -0.980858 0.194723 0
    outer loop
      vertex 15.8837 -24.4967 7.81
      vertex 15.8353 -24.7405 0
      vertex 15.8353 -24.7405 7.81
    endloop
  endfacet
  facet normal -0.831555 -0.555443 0
    outer loop
      vertex 15.6454 -23.2987 0
      vertex 15.5074 -23.0921 7.81
      vertex 15.5074 -23.0921 0
    endloop
  endfacet
  facet normal -0.831555 -0.555443 0
    outer loop
      vertex 15.5074 -23.0921 7.81
      vertex 15.6454 -23.2987 0
      vertex 15.6454 -23.2987 7.81
    endloop
  endfacet
  facet normal -0.19511 0.980781 0
    outer loop
      vertex 14.4918 -26.084 0
      vertex 14.248 -26.1325 7.81
      vertex 14.4918 -26.084 7.81
    endloop
  endfacet
  facet normal -0.19511 0.980781 0
    outer loop
      vertex 14.248 -26.1325 7.81
      vertex 14.4918 -26.084 0
      vertex 14.248 -26.1325 0
    endloop
  endfacet
  facet normal -0.896748 0.442541 0
    outer loop
      vertex 15.6454 -25.1987 0
      vertex 15.7554 -24.9758 7.81
      vertex 15.7554 -24.9758 0
    endloop
  endfacet
  facet normal -0.896748 0.442541 0
    outer loop
      vertex 15.7554 -24.9758 7.81
      vertex 15.6454 -25.1987 0
      vertex 15.6454 -25.1987 7.81
    endloop
  endfacet
  facet normal -0.946898 0.321535 0
    outer loop
      vertex 15.7554 -24.9758 0
      vertex 15.8353 -24.7405 7.81
      vertex 15.8353 -24.7405 0
    endloop
  endfacet
  facet normal -0.946898 0.321535 0
    outer loop
      vertex 15.8353 -24.7405 7.81
      vertex 15.7554 -24.9758 0
      vertex 15.7554 -24.9758 7.81
    endloop
  endfacet
  facet normal -0.896748 -0.442541 0
    outer loop
      vertex 15.7554 -23.5216 0
      vertex 15.6454 -23.2987 7.81
      vertex 15.6454 -23.2987 0
    endloop
  endfacet
  facet normal -0.896748 -0.442541 0
    outer loop
      vertex 15.6454 -23.2987 7.81
      vertex 15.7554 -23.5216 0
      vertex 15.7554 -23.5216 7.81
    endloop
  endfacet
  facet normal 0.751679 0.65953 0
    outer loop
      vertex 12.6565 -25.5922 7.81
      vertex 12.4926 -25.4054 0
      vertex 12.4926 -25.4054 7.81
    endloop
  endfacet
  facet normal 0.751679 0.65953 0
    outer loop
      vertex 12.4926 -25.4054 0
      vertex 12.6565 -25.5922 7.81
      vertex 12.6565 -25.5922 0
    endloop
  endfacet
  facet normal -0.442217 0.896908 0
    outer loop
      vertex 14.95 -25.8942 0
      vertex 14.7271 -26.0041 7.81
      vertex 14.95 -25.8942 7.81
    endloop
  endfacet
  facet normal -0.442217 0.896908 0
    outer loop
      vertex 14.7271 -26.0041 7.81
      vertex 14.95 -25.8942 0
      vertex 14.7271 -26.0041 0
    endloop
  endfacet
  facet normal 0.442217 0.896908 -0
    outer loop
      vertex 13.2729 -26.0041 0
      vertex 13.05 -25.8942 7.81
      vertex 13.2729 -26.0041 7.81
    endloop
  endfacet
  facet normal 0.442217 0.896908 0
    outer loop
      vertex 13.05 -25.8942 7.81
      vertex 13.2729 -26.0041 0
      vertex 13.05 -25.8942 0
    endloop
  endfacet
  facet normal -0.555721 0.831369 0
    outer loop
      vertex 15.1566 -25.7561 0
      vertex 14.95 -25.8942 7.81
      vertex 15.1566 -25.7561 7.81
    endloop
  endfacet
  facet normal -0.555721 0.831369 0
    outer loop
      vertex 14.95 -25.8942 7.81
      vertex 15.1566 -25.7561 0
      vertex 14.95 -25.8942 0
    endloop
  endfacet
  facet normal -0.19511 -0.980781 0
    outer loop
      vertex 14.248 -22.365 0
      vertex 14.4918 -22.4135 7.81
      vertex 14.248 -22.365 7.81
    endloop
  endfacet
  facet normal -0.19511 -0.980781 -0
    outer loop
      vertex 14.4918 -22.4135 7.81
      vertex 14.248 -22.365 0
      vertex 14.4918 -22.4135 0
    endloop
  endfacet
  facet normal 0.896748 -0.442541 0
    outer loop
      vertex 12.2446 -23.5216 7.81
      vertex 12.3546 -23.2987 0
      vertex 12.3546 -23.2987 7.81
    endloop
  endfacet
  facet normal 0.896748 -0.442541 0
    outer loop
      vertex 12.3546 -23.2987 0
      vertex 12.2446 -23.5216 7.81
      vertex 12.2446 -23.5216 0
    endloop
  endfacet
  facet normal -0.751679 0.65953 0
    outer loop
      vertex 15.3435 -25.5922 0
      vertex 15.5074 -25.4054 7.81
      vertex 15.5074 -25.4054 0
    endloop
  endfacet
  facet normal -0.751679 0.65953 0
    outer loop
      vertex 15.5074 -25.4054 7.81
      vertex 15.3435 -25.5922 0
      vertex 15.3435 -25.5922 7.81
    endloop
  endfacet
  facet normal 0.555721 0.831369 -0
    outer loop
      vertex 13.05 -25.8942 0
      vertex 12.8434 -25.7561 7.81
      vertex 13.05 -25.8942 7.81
    endloop
  endfacet
  facet normal 0.555721 0.831369 0
    outer loop
      vertex 12.8434 -25.7561 7.81
      vertex 13.05 -25.8942 0
      vertex 12.8434 -25.7561 0
    endloop
  endfacet
  facet normal 0.997847 -0.0655843 0
    outer loop
      vertex 12.1 -24.2487 7.81
      vertex 12.1163 -24.0007 0
      vertex 12.1163 -24.0007 7.81
    endloop
  endfacet
  facet normal 0.997847 -0.0655843 0
    outer loop
      vertex 12.1163 -24.0007 0
      vertex 12.1 -24.2487 7.81
      vertex 12.1 -24.2487 0
    endloop
  endfacet
  facet normal 0.65933 0.751854 -0
    outer loop
      vertex 12.8434 -25.7561 0
      vertex 12.6565 -25.5922 7.81
      vertex 12.8434 -25.7561 7.81
    endloop
  endfacet
  facet normal 0.65933 0.751854 0
    outer loop
      vertex 12.6565 -25.5922 7.81
      vertex 12.8434 -25.7561 0
      vertex 12.6565 -25.5922 0
    endloop
  endfacet
  facet normal -0.831679 0.555257 0
    outer loop
      vertex 15.5074 -25.4054 0
      vertex 15.6454 -25.1987 7.81
      vertex 15.6454 -25.1987 0
    endloop
  endfacet
  facet normal -0.831679 0.555257 0
    outer loop
      vertex 15.6454 -25.1987 7.81
      vertex 15.5074 -25.4054 0
      vertex 15.5074 -25.4054 7.81
    endloop
  endfacet
  facet normal 0.0655843 -0.997847 0
    outer loop
      vertex 13.752 -22.365 0
      vertex 14 -22.3487 7.81
      vertex 13.752 -22.365 7.81
    endloop
  endfacet
  facet normal 0.0655843 -0.997847 0
    outer loop
      vertex 14 -22.3487 7.81
      vertex 13.752 -22.365 0
      vertex 14 -22.3487 0
    endloop
  endfacet
  facet normal 0.0651837 0.997873 -0
    outer loop
      vertex 14 -26.1487 0
      vertex 13.752 -26.1325 7.81
      vertex 14 -26.1487 7.81
    endloop
  endfacet
  facet normal 0.0651837 0.997873 0
    outer loop
      vertex 13.752 -26.1325 7.81
      vertex 14 -26.1487 0
      vertex 13.752 -26.1325 0
    endloop
  endfacet
  facet normal -0.997847 -0.0655843 0
    outer loop
      vertex 15.9 -24.2487 0
      vertex 15.8837 -24.0007 7.81
      vertex 15.8837 -24.0007 0
    endloop
  endfacet
  facet normal -0.997847 -0.0655843 0
    outer loop
      vertex 15.8837 -24.0007 7.81
      vertex 15.9 -24.2487 0
      vertex 15.9 -24.2487 7.81
    endloop
  endfacet
  facet normal 0.831555 -0.555443 0
    outer loop
      vertex 12.3546 -23.2987 7.81
      vertex 12.4926 -23.0921 0
      vertex 12.4926 -23.0921 7.81
    endloop
  endfacet
  facet normal 0.831555 -0.555443 0
    outer loop
      vertex 12.4926 -23.0921 0
      vertex 12.3546 -23.2987 7.81
      vertex 12.3546 -23.2987 0
    endloop
  endfacet
  facet normal 0.19511 -0.980781 0
    outer loop
      vertex 13.5082 -22.4135 0
      vertex 13.752 -22.365 7.81
      vertex 13.5082 -22.4135 7.81
    endloop
  endfacet
  facet normal 0.19511 -0.980781 0
    outer loop
      vertex 13.752 -22.365 7.81
      vertex 13.5082 -22.4135 0
      vertex 13.752 -22.365 0
    endloop
  endfacet
  facet normal 0.997847 0.0655843 0
    outer loop
      vertex 12.1163 -24.4967 7.81
      vertex 12.1 -24.2487 0
      vertex 12.1 -24.2487 7.81
    endloop
  endfacet
  facet normal 0.997847 0.0655843 0
    outer loop
      vertex 12.1 -24.2487 0
      vertex 12.1163 -24.4967 7.81
      vertex 12.1163 -24.4967 0
    endloop
  endfacet
  facet normal -0.555443 -0.831555 0
    outer loop
      vertex 14.95 -22.6033 0
      vertex 15.1566 -22.7413 7.81
      vertex 14.95 -22.6033 7.81
    endloop
  endfacet
  facet normal -0.555443 -0.831555 -0
    outer loop
      vertex 15.1566 -22.7413 7.81
      vertex 14.95 -22.6033 0
      vertex 15.1566 -22.7413 0
    endloop
  endfacet
  facet normal 0.65933 -0.751854 0
    outer loop
      vertex 12.6565 -22.9052 0
      vertex 12.8434 -22.7413 7.81
      vertex 12.6565 -22.9052 7.81
    endloop
  endfacet
  facet normal 0.65933 -0.751854 0
    outer loop
      vertex 12.8434 -22.7413 7.81
      vertex 12.6565 -22.9052 0
      vertex 12.8434 -22.7413 0
    endloop
  endfacet
  facet normal 0.946898 0.321535 0
    outer loop
      vertex 12.2446 -24.9758 7.81
      vertex 12.1647 -24.7405 0
      vertex 12.1647 -24.7405 7.81
    endloop
  endfacet
  facet normal 0.946898 0.321535 0
    outer loop
      vertex 12.1647 -24.7405 0
      vertex 12.2446 -24.9758 7.81
      vertex 12.2446 -24.9758 0
    endloop
  endfacet
  facet normal 0.751854 -0.65933 0
    outer loop
      vertex 12.4926 -23.0921 7.81
      vertex 12.6565 -22.9052 0
      vertex 12.6565 -22.9052 7.81
    endloop
  endfacet
  facet normal 0.751854 -0.65933 0
    outer loop
      vertex 12.6565 -22.9052 0
      vertex 12.4926 -23.0921 7.81
      vertex 12.4926 -23.0921 0
    endloop
  endfacet
  facet normal -0.65933 -0.751854 0
    outer loop
      vertex 15.1566 -22.7413 0
      vertex 15.3435 -22.9052 7.81
      vertex 15.1566 -22.7413 7.81
    endloop
  endfacet
  facet normal -0.65933 -0.751854 -0
    outer loop
      vertex 15.3435 -22.9052 7.81
      vertex 15.1566 -22.7413 0
      vertex 15.3435 -22.9052 0
    endloop
  endfacet
  facet normal 0.831679 0.555257 0
    outer loop
      vertex 12.4926 -25.4054 7.81
      vertex 12.3546 -25.1987 0
      vertex 12.3546 -25.1987 7.81
    endloop
  endfacet
  facet normal 0.831679 0.555257 0
    outer loop
      vertex 12.3546 -25.1987 0
      vertex 12.4926 -25.4054 7.81
      vertex 12.4926 -25.4054 0
    endloop
  endfacet
  facet normal 0.19511 0.980781 -0
    outer loop
      vertex 13.752 -26.1325 0
      vertex 13.5082 -26.084 7.81
      vertex 13.752 -26.1325 7.81
    endloop
  endfacet
  facet normal 0.19511 0.980781 0
    outer loop
      vertex 13.5082 -26.084 7.81
      vertex 13.752 -26.1325 0
      vertex 13.5082 -26.084 0
    endloop
  endfacet
  facet normal -0.980843 -0.1948 0
    outer loop
      vertex 15.8837 -24.0007 0
      vertex 15.8353 -23.757 7.81
      vertex 15.8353 -23.757 0
    endloop
  endfacet
  facet normal -0.980843 -0.1948 0
    outer loop
      vertex 15.8353 -23.757 7.81
      vertex 15.8837 -24.0007 0
      vertex 15.8837 -24.0007 7.81
    endloop
  endfacet
  facet normal 0.321174 -0.94702 0
    outer loop
      vertex 13.2729 -22.4933 0
      vertex 13.5082 -22.4135 7.81
      vertex 13.2729 -22.4933 7.81
    endloop
  endfacet
  facet normal 0.321174 -0.94702 0
    outer loop
      vertex 13.5082 -22.4135 7.81
      vertex 13.2729 -22.4933 0
      vertex 13.5082 -22.4135 0
    endloop
  endfacet
  facet normal -0.442541 -0.896748 0
    outer loop
      vertex 14.7271 -22.4933 0
      vertex 14.95 -22.6033 7.81
      vertex 14.7271 -22.4933 7.81
    endloop
  endfacet
  facet normal -0.442541 -0.896748 -0
    outer loop
      vertex 14.95 -22.6033 7.81
      vertex 14.7271 -22.4933 0
      vertex 14.95 -22.6033 0
    endloop
  endfacet
  facet normal 0.946939 -0.321412 0
    outer loop
      vertex 12.1647 -23.757 7.81
      vertex 12.2446 -23.5216 0
      vertex 12.2446 -23.5216 7.81
    endloop
  endfacet
  facet normal 0.946939 -0.321412 0
    outer loop
      vertex 12.2446 -23.5216 0
      vertex 12.1647 -23.757 7.81
      vertex 12.1647 -23.757 0
    endloop
  endfacet
  facet normal -0.321174 -0.94702 0
    outer loop
      vertex 14.4918 -22.4135 0
      vertex 14.7271 -22.4933 7.81
      vertex 14.4918 -22.4135 7.81
    endloop
  endfacet
  facet normal -0.321174 -0.94702 -0
    outer loop
      vertex 14.7271 -22.4933 7.81
      vertex 14.4918 -22.4135 0
      vertex 14.7271 -22.4933 0
    endloop
  endfacet
  facet normal -0.997847 0.0655843 0
    outer loop
      vertex 15.8837 -24.4967 0
      vertex 15.9 -24.2487 7.81
      vertex 15.9 -24.2487 0
    endloop
  endfacet
  facet normal -0.997847 0.0655843 0
    outer loop
      vertex 15.9 -24.2487 7.81
      vertex 15.8837 -24.4967 0
      vertex 15.8837 -24.4967 7.81
    endloop
  endfacet
  facet normal 0.321535 0.946898 -0
    outer loop
      vertex 13.5082 -26.084 0
      vertex 13.2729 -26.0041 7.81
      vertex 13.5082 -26.084 7.81
    endloop
  endfacet
  facet normal 0.321535 0.946898 0
    outer loop
      vertex 13.2729 -26.0041 7.81
      vertex 13.5082 -26.084 0
      vertex 13.2729 -26.0041 0
    endloop
  endfacet
  facet normal -0.751854 -0.65933 0
    outer loop
      vertex 15.5074 -23.0921 0
      vertex 15.3435 -22.9052 7.81
      vertex 15.3435 -22.9052 0
    endloop
  endfacet
  facet normal -0.751854 -0.65933 0
    outer loop
      vertex 15.3435 -22.9052 7.81
      vertex 15.5074 -23.0921 0
      vertex 15.5074 -23.0921 7.81
    endloop
  endfacet
  facet normal -0.505065 -0.575962 0.642789
    outer loop
      vertex 16.6449 -21.6023 10
      vertex 16.2777 -21.2803 10
      vertex 15.1566 -22.7413 7.81
    endloop
  endfacet
  facet normal 0.0502407 -0.764399 0.642783
    outer loop
      vertex 14 -22.3487 7.81
      vertex 13.9989 -20.5072 10
      vertex 13.752 -22.365 7.81
    endloop
  endfacet
  facet normal 0.0694104 -0.763515 0.64205
    outer loop
      vertex 13.9989 -20.5072 10
      vertex 14 -22.3487 7.81
      vertex 14 -20.5071 10
    endloop
  endfacet
  facet normal 0.725419 0.246147 0.642791
    outer loop
      vertex 10.5432 -25.6806 10
      vertex 12.2446 -24.9758 7.81
      vertex 10.3863 -25.2182 10
    endloop
  endfacet
  facet normal 0.33888 0.687016 0.642783
    outer loop
      vertex 12.5671 -27.705 10
      vertex 13.05 -25.8942 7.81
      vertex 12.1292 -27.489 10
    endloop
  endfacet
  facet normal -0.342539 0.685079 0.64291
    outer loop
      vertex 14.95 -25.8942 7.81
      vertex 15.8698 -27.4895 10
      vertex 15.8708 -27.489 10
    endloop
  endfacet
  facet normal -0.338761 0.687078 0.64278
    outer loop
      vertex 15.8698 -27.4895 10
      vertex 14.95 -25.8942 7.81
      vertex 14.7271 -26.0041 7.81
    endloop
  endfacet
  facet normal -0.338816 0.687044 0.642786
    outer loop
      vertex 15.4318 -27.7055 10
      vertex 15.8698 -27.4895 10
      vertex 14.7271 -26.0041 7.81
    endloop
  endfacet
  facet normal -0.725419 0.246147 0.642791
    outer loop
      vertex 17.4568 -25.6806 10
      vertex 17.6137 -25.2182 10
      vertex 15.7554 -24.9758 7.81
    endloop
  endfacet
  facet normal -0.246196 0.725406 0.642786
    outer loop
      vertex 14.9695 -27.8624 10
      vertex 15.4318 -27.7055 10
      vertex 14.7271 -26.0041 7.81
    endloop
  endfacet
  facet normal -0.246196 -0.725406 0.642786
    outer loop
      vertex 15.4318 -20.7919 10
      vertex 14.9695 -20.635 10
      vertex 14.7271 -22.4933 7.81
    endloop
  endfacet
  facet normal 0.0500394 -0.764395 0.642803
    outer loop
      vertex 13.752 -22.365 7.81
      vertex 13.9989 -20.5072 10
      vertex 13.5116 -20.5391 10
    endloop
  endfacet
  facet normal 0.764395 0.0500394 0.642803
    outer loop
      vertex 10.2904 -24.7371 10
      vertex 12.1163 -24.4967 7.81
      vertex 10.2585 -24.2498 10
    endloop
  endfacet
  facet normal 0.504974 0.576037 0.642793
    outer loop
      vertex 11.7223 -27.2171 10
      vertex 12.8434 -25.7561 7.81
      vertex 11.3551 -26.8952 10
    endloop
  endfacet
  facet normal 0.685478 -0.342739 0.642378
    outer loop
      vertex 10.5432 -22.8169 10
      vertex 12.3546 -23.2987 7.81
      vertex 10.5437 -22.8159 10
    endloop
  endfacet
  facet normal 0.686956 -0.339009 0.642779
    outer loop
      vertex 12.3546 -23.2987 7.81
      vertex 10.5432 -22.8169 10
      vertex 12.2446 -23.5216 7.81
    endloop
  endfacet
  facet normal 0.505066 0.575942 0.642806
    outer loop
      vertex 12.6565 -25.5922 7.81
      vertex 11.3551 -26.8952 10
      vertex 12.8434 -25.7561 7.81
    endloop
  endfacet
  facet normal 0.541193 0.541193 0.6436
    outer loop
      vertex 11.3551 -26.8952 10
      vertex 12.6565 -25.5922 7.81
      vertex 11.3543 -26.8944 10
    endloop
  endfacet
  facet normal 0.763515 0.0694104 0.64205
    outer loop
      vertex 10.2585 -24.2498 10
      vertex 12.1 -24.2487 7.81
      vertex 10.2584 -24.2487 10
    endloop
  endfacet
  facet normal 0.764399 0.0502407 0.642783
    outer loop
      vertex 12.1 -24.2487 7.81
      vertex 10.2585 -24.2498 10
      vertex 12.1163 -24.4967 7.81
    endloop
  endfacet
  facet normal 0.14951 0.751316 0.642783
    outer loop
      vertex 13.5116 -27.9583 10
      vertex 13.752 -26.1325 7.81
      vertex 13.0327 -27.863 10
    endloop
  endfacet
  facet normal 0.57597 0.505072 0.642776
    outer loop
      vertex 11.3536 -26.8936 10
      vertex 12.4926 -25.4054 7.81
      vertex 11.0316 -26.5264 10
    endloop
  endfacet
  facet normal -0.338873 -0.687002 0.642801
    outer loop
      vertex 15.8708 -21.0084 10
      vertex 15.4329 -20.7924 10
      vertex 14.95 -22.6033 7.81
    endloop
  endfacet
  facet normal -0.425612 0.636928 0.642788
    outer loop
      vertex 15.8717 -27.4884 10
      vertex 16.2777 -27.2171 10
      vertex 15.1566 -25.7561 7.81
    endloop
  endfacet
  facet normal -0.425712 0.636873 0.642777
    outer loop
      vertex 14.95 -25.8942 7.81
      vertex 15.8717 -27.4884 10
      vertex 15.1566 -25.7561 7.81
    endloop
  endfacet
  facet normal -0.424916 0.637374 0.642807
    outer loop
      vertex 15.8717 -27.4884 10
      vertex 14.95 -25.8942 7.81
      vertex 15.8708 -27.489 10
    endloop
  endfacet
  facet normal -0.687002 0.338873 0.642801
    outer loop
      vertex 17.2403 -26.1195 10
      vertex 17.4563 -25.6816 10
      vertex 15.6454 -25.1987 7.81
    endloop
  endfacet
  facet normal 0.0500501 0.764401 0.642795
    outer loop
      vertex 14 -27.9903 10
      vertex 14 -26.1487 7.81
      vertex 13.5128 -27.9584 10
    endloop
  endfacet
  facet normal -0.636936 0.425618 0.642777
    outer loop
      vertex 16.9684 -26.5264 10
      vertex 17.2397 -26.1204 10
      vertex 15.5074 -25.4054 7.81
    endloop
  endfacet
  facet normal 0.262283 -0.721279 0.641064
    outer loop
      vertex 13.2729 -22.4933 7.81
      vertex 13.0316 -20.6346 10
      vertex 13.0305 -20.635 10
    endloop
  endfacet
  facet normal 0.246028 -0.725444 0.642808
    outer loop
      vertex 13.0316 -20.6346 10
      vertex 13.2729 -22.4933 7.81
      vertex 13.5082 -22.4135 7.81
    endloop
  endfacet
  facet normal -0.149461 -0.751313 0.642799
    outer loop
      vertex 14.4918 -22.4135 7.81
      vertex 14.9673 -20.6344 10
      vertex 14.248 -22.365 7.81
    endloop
  endfacet
  facet normal -0.137101 -0.754055 0.642343
    outer loop
      vertex 14.9673 -20.6344 10
      vertex 14.4918 -22.4135 7.81
      vertex 14.9684 -20.6346 10
    endloop
  endfacet
  facet normal -0.0502402 -0.76439 0.642793
    outer loop
      vertex 14.248 -22.365 7.81
      vertex 14.4872 -20.5391 10
      vertex 14 -22.3487 7.81
    endloop
  endfacet
  facet normal 0 -0.768066 0.640371
    outer loop
      vertex 14.4872 -20.5391 10
      vertex 14.248 -22.365 7.81
      vertex 14.4884 -20.5391 10
    endloop
  endfacet
  facet normal 0.338758 0.687071 0.642788
    outer loop
      vertex 13.05 -25.8942 7.81
      vertex 12.5682 -27.7055 10
      vertex 13.2729 -26.0041 7.81
    endloop
  endfacet
  facet normal 0.31623 0.695706 0.644974
    outer loop
      vertex 12.5682 -27.7055 10
      vertex 13.05 -25.8942 7.81
      vertex 12.5671 -27.705 10
    endloop
  endfacet
  facet normal 0.425712 0.636873 0.642777
    outer loop
      vertex 12.1283 -27.4884 10
      vertex 13.05 -25.8942 7.81
      vertex 12.8434 -25.7561 7.81
    endloop
  endfacet
  facet normal 0.424916 0.637374 0.642807
    outer loop
      vertex 13.05 -25.8942 7.81
      vertex 12.1283 -27.4884 10
      vertex 12.1292 -27.489 10
    endloop
  endfacet
  facet normal -0.0500405 0.764412 0.642783
    outer loop
      vertex 14.4884 -27.9583 10
      vertex 14.248 -26.1325 7.81
      vertex 14.0011 -27.9902 10
    endloop
  endfacet
  facet normal -0.57597 0.505072 0.642776
    outer loop
      vertex 16.6464 -26.8936 10
      vertex 16.9684 -26.5264 10
      vertex 15.5074 -25.4054 7.81
    endloop
  endfacet
  facet normal 0.137101 -0.754055 0.642343
    outer loop
      vertex 13.5082 -22.4135 7.81
      vertex 13.0327 -20.6344 10
      vertex 13.0316 -20.6346 10
    endloop
  endfacet
  facet normal 0.149461 -0.751313 0.642799
    outer loop
      vertex 13.0327 -20.6344 10
      vertex 13.5082 -22.4135 7.81
      vertex 13.752 -22.365 7.81
    endloop
  endfacet
  facet normal -0.637362 0.424908 0.642824
    outer loop
      vertex 15.6454 -25.1987 7.81
      vertex 17.2397 -26.1204 10
      vertex 17.2403 -26.1195 10
    endloop
  endfacet
  facet normal -0.637089 0.425342 0.642808
    outer loop
      vertex 17.2397 -26.1204 10
      vertex 15.6454 -25.1987 7.81
      vertex 15.5074 -25.4054 7.81
    endloop
  endfacet
  facet normal -0.751396 0.14917 0.642769
    outer loop
      vertex 15.8353 -24.7405 7.81
      vertex 17.6143 -25.216 10
      vertex 15.8837 -24.4967 7.81
    endloop
  endfacet
  facet normal -0.754072 0.137104 0.642323
    outer loop
      vertex 17.6143 -25.216 10
      vertex 15.8353 -24.7405 7.81
      vertex 17.6141 -25.2171 10
    endloop
  endfacet
  facet normal -0.7513 -0.149507 0.642804
    outer loop
      vertex 17.7096 -23.7603 10
      vertex 17.6143 -23.2814 10
      vertex 15.8837 -24.0007 7.81
    endloop
  endfacet
  facet normal 0.687035 -0.338812 0.642799
    outer loop
      vertex 12.3546 -23.2987 7.81
      vertex 10.7597 -22.3779 10
      vertex 10.5437 -22.8159 10
    endloop
  endfacet
  facet normal 0.0499338 0.764419 0.642784
    outer loop
      vertex 13.752 -26.1325 7.81
      vertex 13.5128 -27.9584 10
      vertex 14 -26.1487 7.81
    endloop
  endfacet
  facet normal 0.0635904 0.763084 0.643163
    outer loop
      vertex 13.5128 -27.9584 10
      vertex 13.752 -26.1325 7.81
      vertex 13.5116 -27.9583 10
    endloop
  endfacet
  facet normal -0.725373 0.246312 0.642779
    outer loop
      vertex 15.7554 -24.9758 7.81
      vertex 17.6141 -25.2171 10
      vertex 15.8353 -24.7405 7.81
    endloop
  endfacet
  facet normal -0.721279 0.262283 0.641064
    outer loop
      vertex 17.6141 -25.2171 10
      vertex 15.7554 -24.9758 7.81
      vertex 17.6137 -25.2182 10
    endloop
  endfacet
  facet normal 0.687008 0.338876 0.642793
    outer loop
      vertex 10.7592 -26.1185 10
      vertex 12.2446 -24.9758 7.81
      vertex 10.5432 -25.6806 10
    endloop
  endfacet
  facet normal -0.137104 0.754072 0.642323
    outer loop
      vertex 14.4918 -26.084 7.81
      vertex 14.9673 -27.863 10
      vertex 14.9684 -27.8628 10
    endloop
  endfacet
  facet normal -0.149465 0.751329 0.642779
    outer loop
      vertex 14.9673 -27.863 10
      vertex 14.4918 -26.084 7.81
      vertex 14.248 -26.1325 7.81
    endloop
  endfacet
  facet normal 0.342532 -0.685065 0.642929
    outer loop
      vertex 13.05 -22.6033 7.81
      vertex 12.1302 -21.0079 10
      vertex 12.1292 -21.0084 10
    endloop
  endfacet
  facet normal 0.338999 -0.686935 0.642807
    outer loop
      vertex 12.1302 -21.0079 10
      vertex 13.05 -22.6033 7.81
      vertex 13.2729 -22.4933 7.81
    endloop
  endfacet
  facet normal 0.149507 -0.7513 0.642804
    outer loop
      vertex 13.752 -22.365 7.81
      vertex 13.5116 -20.5391 10
      vertex 13.0327 -20.6344 10
    endloop
  endfacet
  facet normal 0.246312 0.725373 0.642779
    outer loop
      vertex 13.2729 -26.0041 7.81
      vertex 13.0316 -27.8628 10
      vertex 13.5082 -26.084 7.81
    endloop
  endfacet
  facet normal 0.262283 0.721279 0.641064
    outer loop
      vertex 13.0316 -27.8628 10
      vertex 13.2729 -26.0041 7.81
      vertex 13.0305 -27.8624 10
    endloop
  endfacet
  facet normal -0.0499333 0.764411 0.642793
    outer loop
      vertex 14 -26.1487 7.81
      vertex 14.0011 -27.9902 10
      vertex 14.248 -26.1325 7.81
    endloop
  endfacet
  facet normal -0.0694104 0.763515 0.64205
    outer loop
      vertex 14.0011 -27.9902 10
      vertex 14 -26.1487 7.81
      vertex 14 -27.9903 10
    endloop
  endfacet
  facet normal -0.14951 0.751316 0.642783
    outer loop
      vertex 14.4884 -27.9583 10
      vertex 14.9673 -27.863 10
      vertex 14.248 -26.1325 7.81
    endloop
  endfacet
  facet normal 0.338816 -0.687044 0.642786
    outer loop
      vertex 13.2729 -22.4933 7.81
      vertex 12.5682 -20.7919 10
      vertex 12.1302 -21.0079 10
    endloop
  endfacet
  facet normal 0.763067 -0.0635889 0.643183
    outer loop
      vertex 10.2903 -23.7615 10
      vertex 12.1163 -24.0007 7.81
      vertex 10.2904 -23.7603 10
    endloop
  endfacet
  facet normal 0.764373 -0.050239 0.642814
    outer loop
      vertex 12.1163 -24.0007 7.81
      vertex 10.2903 -23.7615 10
      vertex 12.1 -24.2487 7.81
    endloop
  endfacet
  facet normal 0.637089 0.425342 0.642808
    outer loop
      vertex 12.3546 -25.1987 7.81
      vertex 10.7603 -26.1204 10
      vertex 12.4926 -25.4054 7.81
    endloop
  endfacet
  facet normal 0.637362 0.424908 0.642824
    outer loop
      vertex 10.7603 -26.1204 10
      vertex 12.3546 -25.1987 7.81
      vertex 10.7597 -26.1195 10
    endloop
  endfacet
  facet normal 0.764401 -0.0500501 0.642795
    outer loop
      vertex 12.1 -24.2487 7.81
      vertex 10.2903 -23.7615 10
      vertex 10.2584 -24.2487 10
    endloop
  endfacet
  facet normal 0.149465 0.751329 0.642779
    outer loop
      vertex 13.5082 -26.084 7.81
      vertex 13.0327 -27.863 10
      vertex 13.752 -26.1325 7.81
    endloop
  endfacet
  facet normal 0.137104 0.754072 0.642323
    outer loop
      vertex 13.0327 -27.863 10
      vertex 13.5082 -26.084 7.81
      vertex 13.0316 -27.8628 10
    endloop
  endfacet
  facet normal 0.246196 -0.725406 0.642786
    outer loop
      vertex 13.2729 -22.4933 7.81
      vertex 13.0305 -20.635 10
      vertex 12.5682 -20.7919 10
    endloop
  endfacet
  facet normal -0.764395 -0.0500394 0.642803
    outer loop
      vertex 17.7415 -24.2476 10
      vertex 17.7096 -23.7603 10
      vertex 15.8837 -24.0007 7.81
    endloop
  endfacet
  facet normal 0.425612 0.636928 0.642788
    outer loop
      vertex 12.1283 -27.4884 10
      vertex 12.8434 -25.7561 7.81
      vertex 11.7223 -27.2171 10
    endloop
  endfacet
  facet normal -0.262283 0.721279 0.641064
    outer loop
      vertex 14.7271 -26.0041 7.81
      vertex 14.9684 -27.8628 10
      vertex 14.9695 -27.8624 10
    endloop
  endfacet
  facet normal -0.246312 0.725373 0.642779
    outer loop
      vertex 14.9684 -27.8628 10
      vertex 14.7271 -26.0041 7.81
      vertex 14.4918 -26.084 7.81
    endloop
  endfacet
  facet normal 0.7513 0.149507 0.642804
    outer loop
      vertex 10.3857 -25.216 10
      vertex 12.1163 -24.4967 7.81
      vertex 10.2904 -24.7371 10
    endloop
  endfacet
  facet normal -0.424908 -0.637362 0.642824
    outer loop
      vertex 14.95 -22.6033 7.81
      vertex 15.8717 -21.009 10
      vertex 15.8708 -21.0084 10
    endloop
  endfacet
  facet normal -0.425487 -0.636998 0.642802
    outer loop
      vertex 15.8717 -21.009 10
      vertex 14.95 -22.6033 7.81
      vertex 15.1566 -22.7413 7.81
    endloop
  endfacet
  facet normal 0.7513 -0.149507 0.642804
    outer loop
      vertex 12.1163 -24.0007 7.81
      vertex 10.3857 -23.2814 10
      vertex 10.2904 -23.7603 10
    endloop
  endfacet
  facet normal 0.505075 -0.575951 0.64279
    outer loop
      vertex 11.3551 -21.6023 10
      vertex 12.6565 -22.9052 7.81
      vertex 12.8434 -22.7413 7.81
    endloop
  endfacet
  facet normal 0.504457 -0.576523 0.642763
    outer loop
      vertex 12.6565 -22.9052 7.81
      vertex 11.3551 -21.6023 10
      vertex 11.3543 -21.603 10
    endloop
  endfacet
  facet normal 0.636998 -0.425487 0.642802
    outer loop
      vertex 10.7603 -22.377 10
      vertex 12.3546 -23.2987 7.81
      vertex 12.4926 -23.0921 7.81
    endloop
  endfacet
  facet normal 0.637362 -0.424908 0.642824
    outer loop
      vertex 12.3546 -23.2987 7.81
      vertex 10.7603 -22.377 10
      vertex 10.7597 -22.3779 10
    endloop
  endfacet
  facet normal -0.504974 0.576037 0.642793
    outer loop
      vertex 16.2777 -27.2171 10
      vertex 16.6449 -26.8952 10
      vertex 15.1566 -25.7561 7.81
    endloop
  endfacet
  facet normal -0.339009 -0.686956 0.642779
    outer loop
      vertex 14.95 -22.6033 7.81
      vertex 15.4318 -20.7919 10
      vertex 14.7271 -22.4933 7.81
    endloop
  endfacet
  facet normal -0.316224 -0.695692 0.644992
    outer loop
      vertex 15.4318 -20.7919 10
      vertex 14.95 -22.6033 7.81
      vertex 15.4329 -20.7924 10
    endloop
  endfacet
  facet normal 0.246196 0.725406 0.642786
    outer loop
      vertex 13.0305 -27.8624 10
      vertex 13.2729 -26.0041 7.81
      vertex 12.5682 -27.7055 10
    endloop
  endfacet
  facet normal -0.637362 -0.424908 0.642824
    outer loop
      vertex 17.2397 -22.377 10
      vertex 15.6454 -23.2987 7.81
      vertex 17.2403 -22.3779 10
    endloop
  endfacet
  facet normal -0.636998 -0.425487 0.642802
    outer loop
      vertex 15.6454 -23.2987 7.81
      vertex 17.2397 -22.377 10
      vertex 15.5074 -23.0921 7.81
    endloop
  endfacet
  facet normal 0.754069 -0.137103 0.642326
    outer loop
      vertex 10.3857 -23.2814 10
      vertex 12.1647 -23.757 7.81
      vertex 10.3859 -23.2803 10
    endloop
  endfacet
  facet normal 0.75138 -0.149228 0.642775
    outer loop
      vertex 12.1647 -23.757 7.81
      vertex 10.3857 -23.2814 10
      vertex 12.1163 -24.0007 7.81
    endloop
  endfacet
  facet normal -0.687044 -0.338816 0.642786
    outer loop
      vertex 17.4568 -22.8169 10
      vertex 17.2408 -22.3789 10
      vertex 15.7554 -23.5216 7.81
    endloop
  endfacet
  facet normal -0.246028 -0.725444 0.642808
    outer loop
      vertex 14.7271 -22.4933 7.81
      vertex 14.9684 -20.6346 10
      vertex 14.4918 -22.4135 7.81
    endloop
  endfacet
  facet normal -0.262283 -0.721279 0.641064
    outer loop
      vertex 14.9684 -20.6346 10
      vertex 14.7271 -22.4933 7.81
      vertex 14.9695 -20.635 10
    endloop
  endfacet
  facet normal 0.575813 0.505224 0.642797
    outer loop
      vertex 11.3536 -26.8936 10
      vertex 12.6565 -25.5922 7.81
      vertex 12.4926 -25.4054 7.81
    endloop
  endfacet
  facet normal 0.576523 0.504457 0.642763
    outer loop
      vertex 12.6565 -25.5922 7.81
      vertex 11.3536 -26.8936 10
      vertex 11.3543 -26.8944 10
    endloop
  endfacet
  facet normal -0.541193 0.541193 0.6436
    outer loop
      vertex 15.3435 -25.5922 7.81
      vertex 16.6449 -26.8952 10
      vertex 16.6457 -26.8944 10
    endloop
  endfacet
  facet normal -0.505066 0.575942 0.642806
    outer loop
      vertex 16.6449 -26.8952 10
      vertex 15.3435 -25.5922 7.81
      vertex 15.1566 -25.7561 7.81
    endloop
  endfacet
  facet normal 0.424908 -0.637362 0.642824
    outer loop
      vertex 12.1283 -21.009 10
      vertex 13.05 -22.6033 7.81
      vertex 12.1292 -21.0084 10
    endloop
  endfacet
  facet normal 0.425487 -0.636998 0.642802
    outer loop
      vertex 13.05 -22.6033 7.81
      vertex 12.1283 -21.009 10
      vertex 12.8434 -22.7413 7.81
    endloop
  endfacet
  facet normal -0.149507 -0.7513 0.642804
    outer loop
      vertex 14.9673 -20.6344 10
      vertex 14.4884 -20.5391 10
      vertex 14.248 -22.365 7.81
    endloop
  endfacet
  facet normal 0.425612 -0.636928 0.642788
    outer loop
      vertex 12.8434 -22.7413 7.81
      vertex 12.1283 -21.009 10
      vertex 11.7223 -21.2803 10
    endloop
  endfacet
  facet normal 0.686935 0.338999 0.642807
    outer loop
      vertex 10.7592 -26.1185 10
      vertex 12.3546 -25.1987 7.81
      vertex 12.2446 -24.9758 7.81
    endloop
  endfacet
  facet normal 0.685065 0.342532 0.642929
    outer loop
      vertex 12.3546 -25.1987 7.81
      vertex 10.7592 -26.1185 10
      vertex 10.7597 -26.1195 10
    endloop
  endfacet
  facet normal -0.685065 -0.342532 0.642929
    outer loop
      vertex 15.6454 -23.2987 7.81
      vertex 17.2408 -22.3789 10
      vertex 17.2403 -22.3779 10
    endloop
  endfacet
  facet normal -0.686935 -0.338999 0.642807
    outer loop
      vertex 17.2408 -22.3789 10
      vertex 15.6454 -23.2987 7.81
      vertex 15.7554 -23.5216 7.81
    endloop
  endfacet
  facet normal 0.725406 -0.246196 0.642786
    outer loop
      vertex 12.2446 -23.5216 7.81
      vertex 10.5432 -22.8169 10
      vertex 10.3863 -23.2792 10
    endloop
  endfacet
  facet normal -0.0502066 -0.764395 0.64279
    outer loop
      vertex 14.4872 -20.5391 10
      vertex 14 -20.5071 10
      vertex 14 -22.3487 7.81
    endloop
  endfacet
  facet normal 0.575896 -0.505144 0.642786
    outer loop
      vertex 12.4926 -23.0921 7.81
      vertex 11.3536 -21.6039 10
      vertex 11.0316 -21.971 10
    endloop
  endfacet
  facet normal 0.636928 -0.425612 0.642788
    outer loop
      vertex 12.4926 -23.0921 7.81
      vertex 11.0316 -21.971 10
      vertex 10.7603 -22.377 10
    endloop
  endfacet
  facet normal 0.721279 -0.262283 0.641064
    outer loop
      vertex 10.3859 -23.2803 10
      vertex 12.2446 -23.5216 7.81
      vertex 10.3863 -23.2792 10
    endloop
  endfacet
  facet normal 0.725397 -0.246216 0.642789
    outer loop
      vertex 12.2446 -23.5216 7.81
      vertex 10.3859 -23.2803 10
      vertex 12.1647 -23.757 7.81
    endloop
  endfacet
  facet normal -0.575813 0.505224 0.642797
    outer loop
      vertex 15.3435 -25.5922 7.81
      vertex 16.6464 -26.8936 10
      vertex 15.5074 -25.4054 7.81
    endloop
  endfacet
  facet normal -0.576523 0.504457 0.642763
    outer loop
      vertex 16.6464 -26.8936 10
      vertex 15.3435 -25.5922 7.81
      vertex 16.6457 -26.8944 10
    endloop
  endfacet
  facet normal -0.572448 -0.508843 0.642948
    outer loop
      vertex 15.3435 -22.9052 7.81
      vertex 16.6465 -21.6039 10
      vertex 16.6457 -21.603 10
    endloop
  endfacet
  facet normal -0.57595 -0.505074 0.642792
    outer loop
      vertex 16.6465 -21.6039 10
      vertex 15.3435 -22.9052 7.81
      vertex 15.5074 -23.0921 7.81
    endloop
  endfacet
  facet normal -0.764372 0.050239 0.642815
    outer loop
      vertex 15.8837 -24.4967 7.81
      vertex 17.7097 -24.736 10
      vertex 15.9 -24.2487 7.81
    endloop
  endfacet
  facet normal -0.762463 0.0693148 0.643308
    outer loop
      vertex 17.7097 -24.736 10
      vertex 15.8837 -24.4967 7.81
      vertex 17.7096 -24.7371 10
    endloop
  endfacet
  facet normal -0.764399 -0.0502407 0.642783
    outer loop
      vertex 15.9 -24.2487 7.81
      vertex 17.7415 -24.2476 10
      vertex 15.8837 -24.0007 7.81
    endloop
  endfacet
  facet normal -0.763515 -0.0694104 0.64205
    outer loop
      vertex 17.7415 -24.2476 10
      vertex 15.9 -24.2487 7.81
      vertex 17.7416 -24.2487 10
    endloop
  endfacet
  facet normal 0.725373 0.246312 0.642779
    outer loop
      vertex 10.3859 -25.2171 10
      vertex 12.2446 -24.9758 7.81
      vertex 12.1647 -24.7405 7.81
    endloop
  endfacet
  facet normal 0.721279 0.262283 0.641064
    outer loop
      vertex 12.2446 -24.9758 7.81
      vertex 10.3859 -25.2171 10
      vertex 10.3863 -25.2182 10
    endloop
  endfacet
  facet normal 0.751396 0.14917 0.642769
    outer loop
      vertex 10.3857 -25.216 10
      vertex 12.1647 -24.7405 7.81
      vertex 12.1163 -24.4967 7.81
    endloop
  endfacet
  facet normal 0.754072 0.137104 0.642323
    outer loop
      vertex 12.1647 -24.7405 7.81
      vertex 10.3857 -25.216 10
      vertex 10.3859 -25.2171 10
    endloop
  endfacet
  facet normal 0.636936 0.425618 0.642777
    outer loop
      vertex 11.0316 -26.5264 10
      vertex 12.4926 -25.4054 7.81
      vertex 10.7603 -26.1204 10
    endloop
  endfacet
  facet normal -0.504457 -0.576523 0.642763
    outer loop
      vertex 16.6449 -21.6023 10
      vertex 15.3435 -22.9052 7.81
      vertex 16.6457 -21.603 10
    endloop
  endfacet
  facet normal -0.505075 -0.575951 0.64279
    outer loop
      vertex 15.3435 -22.9052 7.81
      vertex 16.6449 -21.6023 10
      vertex 15.1566 -22.7413 7.81
    endloop
  endfacet
  facet normal -0.425612 -0.636928 0.642788
    outer loop
      vertex 16.2777 -21.2803 10
      vertex 15.8717 -21.009 10
      vertex 15.1566 -22.7413 7.81
    endloop
  endfacet
  facet normal -0.636928 -0.425612 0.642788
    outer loop
      vertex 17.2397 -22.377 10
      vertex 16.9684 -21.971 10
      vertex 15.5074 -23.0921 7.81
    endloop
  endfacet
  facet normal -0.725406 -0.246196 0.642786
    outer loop
      vertex 17.6137 -23.2792 10
      vertex 17.4568 -22.8169 10
      vertex 15.7554 -23.5216 7.81
    endloop
  endfacet
  facet normal 0.505065 -0.575962 0.642789
    outer loop
      vertex 12.8434 -22.7413 7.81
      vertex 11.7223 -21.2803 10
      vertex 11.3551 -21.6023 10
    endloop
  endfacet
  facet normal -0.575971 -0.505053 0.64279
    outer loop
      vertex 16.9684 -21.971 10
      vertex 16.6465 -21.6039 10
      vertex 15.5074 -23.0921 7.81
    endloop
  endfacet
  facet normal -0.686949 0.339006 0.642788
    outer loop
      vertex 15.6454 -25.1987 7.81
      vertex 17.4568 -25.6806 10
      vertex 15.7554 -24.9758 7.81
    endloop
  endfacet
  facet normal -0.685472 0.342736 0.642387
    outer loop
      vertex 17.4568 -25.6806 10
      vertex 15.6454 -25.1987 7.81
      vertex 17.4563 -25.6816 10
    endloop
  endfacet
  facet normal -0.721279 -0.262283 0.641064
    outer loop
      vertex 15.7554 -23.5216 7.81
      vertex 17.6141 -23.2803 10
      vertex 17.6137 -23.2792 10
    endloop
  endfacet
  facet normal -0.725397 -0.246216 0.642789
    outer loop
      vertex 17.6141 -23.2803 10
      vertex 15.7554 -23.5216 7.81
      vertex 15.8353 -23.757 7.81
    endloop
  endfacet
  facet normal 0.606075 -0.471391 0.640674
    outer loop
      vertex 11.3536 -21.6039 10
      vertex 12.6565 -22.9052 7.81
      vertex 11.3543 -21.603 10
    endloop
  endfacet
  facet normal 0.57596 -0.505082 0.642777
    outer loop
      vertex 12.6565 -22.9052 7.81
      vertex 11.3536 -21.6039 10
      vertex 12.4926 -23.0921 7.81
    endloop
  endfacet
  facet normal -0.754069 -0.137103 0.642326
    outer loop
      vertex 15.8353 -23.757 7.81
      vertex 17.6143 -23.2814 10
      vertex 17.6141 -23.2803 10
    endloop
  endfacet
  facet normal -0.75138 -0.149228 0.642775
    outer loop
      vertex 17.6143 -23.2814 10
      vertex 15.8353 -23.757 7.81
      vertex 15.8837 -24.0007 7.81
    endloop
  endfacet
  facet normal -0.7513 0.149507 0.642804
    outer loop
      vertex 17.6143 -25.216 10
      vertex 17.7096 -24.7371 10
      vertex 15.8837 -24.4967 7.81
    endloop
  endfacet
  facet normal -0.764402 0.0500398 0.642796
    outer loop
      vertex 17.7097 -24.736 10
      vertex 17.7416 -24.2487 10
      vertex 15.9 -24.2487 7.81
    endloop
  endfacet
  facet normal 0.0653948 -0.997859 0
    outer loop
      vertex 29.3032 -40.8048 0
      vertex 31 -40.6936 10
      vertex 29.3032 -40.8048 10
    endloop
  endfacet
  facet normal 0.0653948 -0.997859 0
    outer loop
      vertex 31 -40.6936 10
      vertex 29.3032 -40.8048 0
      vertex 31 -40.6936 0
    endloop
  endfacet
  facet normal -0.99786 -0.065391 0
    outer loop
      vertex 44 -53.6936 0
      vertex 43.8888 -51.9967 10
      vertex 43.8888 -51.9967 0
    endloop
  endfacet
  facet normal -0.99786 -0.065391 0
    outer loop
      vertex 43.8888 -51.9967 10
      vertex 44 -53.6936 0
      vertex 44 -53.6936 10
    endloop
  endfacet
  facet normal 0.980779 -0.195121 0
    outer loop
      vertex 18.1112 -51.9967 10
      vertex 18.443 -50.3289 0
      vertex 18.443 -50.3289 10
    endloop
  endfacet
  facet normal 0.980779 -0.195121 0
    outer loop
      vertex 18.443 -50.3289 0
      vertex 18.1112 -51.9967 10
      vertex 18.1112 -51.9967 0
    endloop
  endfacet
  facet normal 0.555555 0.83148 -0
    outer loop
      vertex 24.5 -64.9519 0
      vertex 23.0861 -64.0072 10
      vertex 24.5 -64.9519 10
    endloop
  endfacet
  facet normal 0.555555 0.83148 0
    outer loop
      vertex 23.0861 -64.0072 10
      vertex 24.5 -64.9519 0
      vertex 23.0861 -64.0072 0
    endloop
  endfacet
  facet normal 0.751844 -0.659341 0
    outer loop
      vertex 20.6864 -45.7797 10
      vertex 21.8076 -44.5012 0
      vertex 21.8076 -44.5012 10
    endloop
  endfacet
  facet normal 0.751844 -0.659341 0
    outer loop
      vertex 21.8076 -44.5012 0
      vertex 20.6864 -45.7797 10
      vertex 20.6864 -45.7797 0
    endloop
  endfacet
  facet normal -0.980779 -0.195121 0
    outer loop
      vertex 43.8888 -51.9967 0
      vertex 43.557 -50.3289 10
      vertex 43.557 -50.3289 0
    endloop
  endfacet
  facet normal -0.980779 -0.195121 0
    outer loop
      vertex 43.557 -50.3289 10
      vertex 43.8888 -51.9967 0
      vertex 43.8888 -51.9967 10
    endloop
  endfacet
  facet normal 0.321427 -0.946934 0
    outer loop
      vertex 26.0251 -41.6831 0
      vertex 27.6354 -41.1365 10
      vertex 26.0251 -41.6831 10
    endloop
  endfacet
  facet normal 0.321427 -0.946934 0
    outer loop
      vertex 27.6354 -41.1365 10
      vertex 26.0251 -41.6831 0
      vertex 27.6354 -41.1365 0
    endloop
  endfacet
  facet normal 0.195121 0.980779 -0
    outer loop
      vertex 29.3032 -66.5824 0
      vertex 27.6354 -66.2506 10
      vertex 29.3032 -66.5824 10
    endloop
  endfacet
  facet normal 0.195121 0.980779 0
    outer loop
      vertex 27.6354 -66.2506 10
      vertex 29.3032 -66.5824 0
      vertex 27.6354 -66.2506 0
    endloop
  endfacet
  facet normal 0.896872 0.442291 0
    outer loop
      vertex 19.7417 -60.1936 10
      vertex 18.9896 -58.6685 0
      vertex 18.9896 -58.6685 10
    endloop
  endfacet
  facet normal 0.896872 0.442291 0
    outer loop
      vertex 18.9896 -58.6685 0
      vertex 19.7417 -60.1936 10
      vertex 19.7417 -60.1936 0
    endloop
  endfacet
  facet normal -0.442291 0.896872 0
    outer loop
      vertex 37.5 -64.9519 0
      vertex 35.9749 -65.704 10
      vertex 37.5 -64.9519 10
    endloop
  endfacet
  facet normal -0.442291 0.896872 0
    outer loop
      vertex 35.9749 -65.704 10
      vertex 37.5 -64.9519 0
      vertex 35.9749 -65.704 0
    endloop
  endfacet
  facet normal -0.442291 -0.896872 0
    outer loop
      vertex 35.9749 -41.6831 0
      vertex 37.5 -42.4352 10
      vertex 35.9749 -41.6831 10
    endloop
  endfacet
  facet normal -0.442291 -0.896872 -0
    outer loop
      vertex 37.5 -42.4352 10
      vertex 35.9749 -41.6831 0
      vertex 37.5 -42.4352 0
    endloop
  endfacet
  facet normal 0.946934 0.321427 0
    outer loop
      vertex 18.9896 -58.6685 10
      vertex 18.443 -57.0582 0
      vertex 18.443 -57.0582 10
    endloop
  endfacet
  facet normal 0.946934 0.321427 0
    outer loop
      vertex 18.443 -57.0582 0
      vertex 18.9896 -58.6685 10
      vertex 18.9896 -58.6685 0
    endloop
  endfacet
  facet normal -0.321427 0.946934 0
    outer loop
      vertex 35.9749 -65.704 0
      vertex 34.3646 -66.2506 10
      vertex 35.9749 -65.704 10
    endloop
  endfacet
  facet normal -0.321427 0.946934 0
    outer loop
      vertex 34.3646 -66.2506 10
      vertex 35.9749 -65.704 0
      vertex 34.3646 -66.2506 0
    endloop
  endfacet
  facet normal -0.0653948 -0.997859 0
    outer loop
      vertex 31 -40.6936 0
      vertex 32.6968 -40.8048 10
      vertex 31 -40.6936 10
    endloop
  endfacet
  facet normal -0.0653948 -0.997859 -0
    outer loop
      vertex 32.6968 -40.8048 10
      vertex 31 -40.6936 0
      vertex 32.6968 -40.8048 0
    endloop
  endfacet
  facet normal 0.896872 -0.442291 0
    outer loop
      vertex 18.9896 -48.7187 10
      vertex 19.7417 -47.1936 0
      vertex 19.7417 -47.1936 10
    endloop
  endfacet
  facet normal 0.896872 -0.442291 0
    outer loop
      vertex 19.7417 -47.1936 0
      vertex 18.9896 -48.7187 10
      vertex 18.9896 -48.7187 0
    endloop
  endfacet
  facet normal 0.442291 0.896872 -0
    outer loop
      vertex 26.0251 -65.704 0
      vertex 24.5 -64.9519 10
      vertex 26.0251 -65.704 10
    endloop
  endfacet
  facet normal 0.442291 0.896872 0
    outer loop
      vertex 24.5 -64.9519 10
      vertex 26.0251 -65.704 0
      vertex 24.5 -64.9519 0
    endloop
  endfacet
  facet normal 0.659341 -0.751844 0
    outer loop
      vertex 21.8076 -44.5012 0
      vertex 23.0861 -43.38 10
      vertex 21.8076 -44.5012 10
    endloop
  endfacet
  facet normal 0.659341 -0.751844 0
    outer loop
      vertex 23.0861 -43.38 10
      vertex 21.8076 -44.5012 0
      vertex 23.0861 -43.38 0
    endloop
  endfacet
  facet normal -0.321427 -0.946934 0
    outer loop
      vertex 34.3646 -41.1365 0
      vertex 35.9749 -41.6831 10
      vertex 34.3646 -41.1365 10
    endloop
  endfacet
  facet normal -0.321427 -0.946934 -0
    outer loop
      vertex 35.9749 -41.6831 10
      vertex 34.3646 -41.1365 0
      vertex 35.9749 -41.6831 0
    endloop
  endfacet
  facet normal -0.946934 0.321427 0
    outer loop
      vertex 43.0104 -58.6685 0
      vertex 43.557 -57.0582 10
      vertex 43.557 -57.0582 0
    endloop
  endfacet
  facet normal -0.946934 0.321427 0
    outer loop
      vertex 43.557 -57.0582 10
      vertex 43.0104 -58.6685 0
      vertex 43.0104 -58.6685 10
    endloop
  endfacet
  facet normal -0.751844 0.659341 0
    outer loop
      vertex 40.1924 -62.886 0
      vertex 41.3136 -61.6075 10
      vertex 41.3136 -61.6075 0
    endloop
  endfacet
  facet normal -0.751844 0.659341 0
    outer loop
      vertex 41.3136 -61.6075 10
      vertex 40.1924 -62.886 0
      vertex 40.1924 -62.886 10
    endloop
  endfacet
  facet normal 0.751844 0.659341 0
    outer loop
      vertex 21.8076 -62.886 10
      vertex 20.6864 -61.6075 0
      vertex 20.6864 -61.6075 10
    endloop
  endfacet
  facet normal 0.751844 0.659341 0
    outer loop
      vertex 20.6864 -61.6075 0
      vertex 21.8076 -62.886 10
      vertex 21.8076 -62.886 0
    endloop
  endfacet
  facet normal -0.946928 -0.321445 0
    outer loop
      vertex 43.557 -50.3289 0
      vertex 43.0104 -48.7187 10
      vertex 43.0104 -48.7187 0
    endloop
  endfacet
  facet normal -0.946928 -0.321445 0
    outer loop
      vertex 43.0104 -48.7187 10
      vertex 43.557 -50.3289 0
      vertex 43.557 -50.3289 10
    endloop
  endfacet
  facet normal -0.751844 -0.659341 0
    outer loop
      vertex 41.3136 -45.7797 0
      vertex 40.1924 -44.5012 10
      vertex 40.1924 -44.5012 0
    endloop
  endfacet
  facet normal -0.751844 -0.659341 0
    outer loop
      vertex 40.1924 -44.5012 10
      vertex 41.3136 -45.7797 0
      vertex 41.3136 -45.7797 10
    endloop
  endfacet
  facet normal -0.83148 -0.555555 0
    outer loop
      vertex 42.2583 -47.1936 0
      vertex 41.3136 -45.7797 10
      vertex 41.3136 -45.7797 0
    endloop
  endfacet
  facet normal -0.83148 -0.555555 0
    outer loop
      vertex 41.3136 -45.7797 10
      vertex 42.2583 -47.1936 0
      vertex 42.2583 -47.1936 10
    endloop
  endfacet
  facet normal -0.896872 -0.442291 0
    outer loop
      vertex 43.0104 -48.7187 0
      vertex 42.2583 -47.1936 10
      vertex 42.2583 -47.1936 0
    endloop
  endfacet
  facet normal -0.896872 -0.442291 0
    outer loop
      vertex 42.2583 -47.1936 10
      vertex 43.0104 -48.7187 0
      vertex 43.0104 -48.7187 10
    endloop
  endfacet
  facet normal 0.0653948 0.997859 -0
    outer loop
      vertex 31 -66.6936 0
      vertex 29.3032 -66.5824 10
      vertex 31 -66.6936 10
    endloop
  endfacet
  facet normal 0.0653948 0.997859 0
    outer loop
      vertex 29.3032 -66.5824 10
      vertex 31 -66.6936 0
      vertex 29.3032 -66.5824 0
    endloop
  endfacet
  facet normal 0.980779 0.195121 0
    outer loop
      vertex 18.443 -57.0582 10
      vertex 18.1112 -55.3904 0
      vertex 18.1112 -55.3904 10
    endloop
  endfacet
  facet normal 0.980779 0.195121 0
    outer loop
      vertex 18.1112 -55.3904 0
      vertex 18.443 -57.0582 10
      vertex 18.443 -57.0582 0
    endloop
  endfacet
  facet normal 0.997859 0.0653948 0
    outer loop
      vertex 18.1112 -55.3904 10
      vertex 18 -53.6936 0
      vertex 18 -53.6936 10
    endloop
  endfacet
  facet normal 0.997859 0.0653948 0
    outer loop
      vertex 18 -53.6936 0
      vertex 18.1112 -55.3904 10
      vertex 18.1112 -55.3904 0
    endloop
  endfacet
  facet normal 0.83148 0.555555 0
    outer loop
      vertex 20.6864 -61.6075 10
      vertex 19.7417 -60.1936 0
      vertex 19.7417 -60.1936 10
    endloop
  endfacet
  facet normal 0.83148 0.555555 0
    outer loop
      vertex 19.7417 -60.1936 0
      vertex 20.6864 -61.6075 10
      vertex 20.6864 -61.6075 0
    endloop
  endfacet
  facet normal -0.195121 0.980779 0
    outer loop
      vertex 34.3646 -66.2506 0
      vertex 32.6968 -66.5824 10
      vertex 34.3646 -66.2506 10
    endloop
  endfacet
  facet normal -0.195121 0.980779 0
    outer loop
      vertex 32.6968 -66.5824 10
      vertex 34.3646 -66.2506 0
      vertex 32.6968 -66.5824 0
    endloop
  endfacet
  facet normal -0.555555 0.83148 0
    outer loop
      vertex 38.9139 -64.0072 0
      vertex 37.5 -64.9519 10
      vertex 38.9139 -64.0072 10
    endloop
  endfacet
  facet normal -0.555555 0.83148 0
    outer loop
      vertex 37.5 -64.9519 10
      vertex 38.9139 -64.0072 0
      vertex 37.5 -64.9519 0
    endloop
  endfacet
  facet normal 0.659341 0.751844 -0
    outer loop
      vertex 23.0861 -64.0072 0
      vertex 21.8076 -62.886 10
      vertex 23.0861 -64.0072 10
    endloop
  endfacet
  facet normal 0.659341 0.751844 0
    outer loop
      vertex 21.8076 -62.886 10
      vertex 23.0861 -64.0072 0
      vertex 21.8076 -62.886 0
    endloop
  endfacet
  facet normal 0.99786 -0.065391 0
    outer loop
      vertex 18 -53.6936 10
      vertex 18.1112 -51.9967 0
      vertex 18.1112 -51.9967 10
    endloop
  endfacet
  facet normal 0.99786 -0.065391 0
    outer loop
      vertex 18.1112 -51.9967 0
      vertex 18 -53.6936 10
      vertex 18 -53.6936 0
    endloop
  endfacet
  facet normal -0.896872 0.442291 0
    outer loop
      vertex 42.2583 -60.1936 0
      vertex 43.0104 -58.6685 10
      vertex 43.0104 -58.6685 0
    endloop
  endfacet
  facet normal -0.896872 0.442291 0
    outer loop
      vertex 43.0104 -58.6685 10
      vertex 42.2583 -60.1936 0
      vertex 42.2583 -60.1936 10
    endloop
  endfacet
  facet normal -0.83148 0.555555 0
    outer loop
      vertex 41.3136 -61.6075 0
      vertex 42.2583 -60.1936 10
      vertex 42.2583 -60.1936 0
    endloop
  endfacet
  facet normal -0.83148 0.555555 0
    outer loop
      vertex 42.2583 -60.1936 10
      vertex 41.3136 -61.6075 0
      vertex 41.3136 -61.6075 10
    endloop
  endfacet
  facet normal 0.321427 0.946934 -0
    outer loop
      vertex 27.6354 -66.2506 0
      vertex 26.0251 -65.704 10
      vertex 27.6354 -66.2506 10
    endloop
  endfacet
  facet normal 0.321427 0.946934 0
    outer loop
      vertex 26.0251 -65.704 10
      vertex 27.6354 -66.2506 0
      vertex 26.0251 -65.704 0
    endloop
  endfacet
  facet normal 0.195064 -0.98079 0
    outer loop
      vertex 27.6354 -41.1365 0
      vertex 29.3032 -40.8048 10
      vertex 27.6354 -41.1365 10
    endloop
  endfacet
  facet normal 0.195064 -0.98079 0
    outer loop
      vertex 29.3032 -40.8048 10
      vertex 27.6354 -41.1365 0
      vertex 29.3032 -40.8048 0
    endloop
  endfacet
  facet normal 0.442291 -0.896872 0
    outer loop
      vertex 24.5 -42.4352 0
      vertex 26.0251 -41.6831 10
      vertex 24.5 -42.4352 10
    endloop
  endfacet
  facet normal 0.442291 -0.896872 0
    outer loop
      vertex 26.0251 -41.6831 10
      vertex 24.5 -42.4352 0
      vertex 26.0251 -41.6831 0
    endloop
  endfacet
  facet normal -0.659341 0.751844 0
    outer loop
      vertex 40.1924 -62.886 0
      vertex 38.9139 -64.0072 10
      vertex 40.1924 -62.886 10
    endloop
  endfacet
  facet normal -0.659341 0.751844 0
    outer loop
      vertex 38.9139 -64.0072 10
      vertex 40.1924 -62.886 0
      vertex 38.9139 -64.0072 0
    endloop
  endfacet
  facet normal -0.0653948 0.997859 0
    outer loop
      vertex 32.6968 -66.5824 0
      vertex 31 -66.6936 10
      vertex 32.6968 -66.5824 10
    endloop
  endfacet
  facet normal -0.0653948 0.997859 0
    outer loop
      vertex 31 -66.6936 10
      vertex 32.6968 -66.5824 0
      vertex 31 -66.6936 0
    endloop
  endfacet
  facet normal -0.195064 -0.98079 0
    outer loop
      vertex 32.6968 -40.8048 0
      vertex 34.3646 -41.1365 10
      vertex 32.6968 -40.8048 10
    endloop
  endfacet
  facet normal -0.195064 -0.98079 -0
    outer loop
      vertex 34.3646 -41.1365 10
      vertex 32.6968 -40.8048 0
      vertex 34.3646 -41.1365 0
    endloop
  endfacet
  facet normal 0.946928 -0.321445 0
    outer loop
      vertex 18.443 -50.3289 10
      vertex 18.9896 -48.7187 0
      vertex 18.9896 -48.7187 10
    endloop
  endfacet
  facet normal 0.946928 -0.321445 0
    outer loop
      vertex 18.9896 -48.7187 0
      vertex 18.443 -50.3289 10
      vertex 18.443 -50.3289 0
    endloop
  endfacet
  facet normal -0.555596 -0.831453 0
    outer loop
      vertex 37.5 -42.4352 0
      vertex 38.9139 -43.38 10
      vertex 37.5 -42.4352 10
    endloop
  endfacet
  facet normal -0.555596 -0.831453 -0
    outer loop
      vertex 38.9139 -43.38 10
      vertex 37.5 -42.4352 0
      vertex 38.9139 -43.38 0
    endloop
  endfacet
  facet normal -0.997859 0.0653948 0
    outer loop
      vertex 43.8888 -55.3904 0
      vertex 44 -53.6936 10
      vertex 44 -53.6936 0
    endloop
  endfacet
  facet normal -0.997859 0.0653948 0
    outer loop
      vertex 44 -53.6936 10
      vertex 43.8888 -55.3904 0
      vertex 43.8888 -55.3904 10
    endloop
  endfacet
  facet normal -0.980779 0.195121 0
    outer loop
      vertex 43.557 -57.0582 0
      vertex 43.8888 -55.3904 10
      vertex 43.8888 -55.3904 0
    endloop
  endfacet
  facet normal -0.980779 0.195121 0
    outer loop
      vertex 43.8888 -55.3904 10
      vertex 43.557 -57.0582 0
      vertex 43.557 -57.0582 10
    endloop
  endfacet
  facet normal -0.659341 -0.751844 0
    outer loop
      vertex 38.9139 -43.38 0
      vertex 40.1924 -44.5012 10
      vertex 38.9139 -43.38 10
    endloop
  endfacet
  facet normal -0.659341 -0.751844 -0
    outer loop
      vertex 40.1924 -44.5012 10
      vertex 38.9139 -43.38 0
      vertex 40.1924 -44.5012 0
    endloop
  endfacet
  facet normal 0.555596 -0.831453 0
    outer loop
      vertex 23.0861 -43.38 0
      vertex 24.5 -42.4352 10
      vertex 23.0861 -43.38 10
    endloop
  endfacet
  facet normal 0.555596 -0.831453 0
    outer loop
      vertex 24.5 -42.4352 10
      vertex 23.0861 -43.38 0
      vertex 24.5 -42.4352 0
    endloop
  endfacet
  facet normal 0.83148 -0.555555 0
    outer loop
      vertex 19.7417 -47.1936 10
      vertex 20.6864 -45.7797 0
      vertex 20.6864 -45.7797 10
    endloop
  endfacet
  facet normal 0.83148 -0.555555 0
    outer loop
      vertex 20.6864 -45.7797 0
      vertex 19.7417 -47.1936 10
      vertex 19.7417 -47.1936 0
    endloop
  endfacet
  facet normal -0.321499 -0.94691 0
    outer loop
      vertex -27.5082 1.83526 0
      vertex -27.2729 1.75537 7.81
      vertex -27.5082 1.83526 7.81
    endloop
  endfacet
  facet normal -0.321499 -0.94691 -0
    outer loop
      vertex -27.2729 1.75537 7.81
      vertex -27.5082 1.83526 0
      vertex -27.2729 1.75537 0
    endloop
  endfacet
  facet normal -0.831617 0.55535 0
    outer loop
      vertex -26.4926 -1.15665 0
      vertex -26.3546 -0.95 7.81
      vertex -26.3546 -0.95 0
    endloop
  endfacet
  facet normal -0.831617 0.55535 0
    outer loop
      vertex -26.3546 -0.95 7.81
      vertex -26.4926 -1.15665 0
      vertex -26.4926 -1.15665 7.81
    endloop
  endfacet
  facet normal 0.89675 -0.442538 0
    outer loop
      vertex -29.7554 0.727098 7.81
      vertex -29.6454 0.95 0
      vertex -29.6454 0.95 7.81
    endloop
  endfacet
  facet normal 0.89675 -0.442538 0
    outer loop
      vertex -29.6454 0.95 0
      vertex -29.7554 0.727098 7.81
      vertex -29.7554 0.727098 0
    endloop
  endfacet
  facet normal -0.997847 -0.0655846 0
    outer loop
      vertex -26.1 0 0
      vertex -26.1163 0.247999 7.81
      vertex -26.1163 0.247999 0
    endloop
  endfacet
  facet normal -0.997847 -0.0655846 0
    outer loop
      vertex -26.1163 0.247999 7.81
      vertex -26.1 0 0
      vertex -26.1 0 7.81
    endloop
  endfacet
  facet normal -0.065384 -0.99786 0
    outer loop
      vertex -28 1.9 0
      vertex -27.752 1.88375 7.81
      vertex -28 1.9 7.81
    endloop
  endfacet
  facet normal -0.065384 -0.99786 -0
    outer loop
      vertex -27.752 1.88375 7.81
      vertex -28 1.9 0
      vertex -27.752 1.88375 0
    endloop
  endfacet
  facet normal -0.659262 -0.751913 0
    outer loop
      vertex -26.8434 1.50737 0
      vertex -26.6565 1.3435 7.81
      vertex -26.8434 1.50737 7.81
    endloop
  endfacet
  facet normal -0.659262 -0.751913 -0
    outer loop
      vertex -26.6565 1.3435 7.81
      vertex -26.8434 1.50737 0
      vertex -26.6565 1.3435 0
    endloop
  endfacet
  facet normal 0.195072 0.980789 -0
    outer loop
      vertex -28.248 -1.88375 0
      vertex -28.4918 -1.83526 7.81
      vertex -28.248 -1.88375 7.81
    endloop
  endfacet
  facet normal 0.195072 0.980789 0
    outer loop
      vertex -28.4918 -1.83526 7.81
      vertex -28.248 -1.88375 0
      vertex -28.4918 -1.83526 0
    endloop
  endfacet
  facet normal 0.980852 -0.194757 0
    outer loop
      vertex -29.8837 0.247999 7.81
      vertex -29.8353 0.491755 0
      vertex -29.8353 0.491755 7.81
    endloop
  endfacet
  facet normal 0.980852 -0.194757 0
    outer loop
      vertex -29.8353 0.491755 0
      vertex -29.8837 0.247999 7.81
      vertex -29.8837 0.247999 0
    endloop
  endfacet
  facet normal 0.980852 0.194757 0
    outer loop
      vertex -29.8353 -0.491755 7.81
      vertex -29.8837 -0.247999 0
      vertex -29.8837 -0.247999 7.81
    endloop
  endfacet
  facet normal 0.980852 0.194757 0
    outer loop
      vertex -29.8837 -0.247999 0
      vertex -29.8353 -0.491755 7.81
      vertex -29.8353 -0.491755 0
    endloop
  endfacet
  facet normal -0.997847 0.0655846 0
    outer loop
      vertex -26.1163 -0.247999 0
      vertex -26.1 0 7.81
      vertex -26.1 0 0
    endloop
  endfacet
  facet normal -0.997847 0.0655846 0
    outer loop
      vertex -26.1 0 7.81
      vertex -26.1163 -0.247999 0
      vertex -26.1163 -0.247999 7.81
    endloop
  endfacet
  facet normal 0.659262 0.751913 -0
    outer loop
      vertex -29.1566 -1.50737 0
      vertex -29.3435 -1.3435 7.81
      vertex -29.1566 -1.50737 7.81
    endloop
  endfacet
  facet normal 0.659262 0.751913 0
    outer loop
      vertex -29.3435 -1.3435 7.81
      vertex -29.1566 -1.50737 0
      vertex -29.3435 -1.3435 0
    endloop
  endfacet
  facet normal -0.065384 0.99786 0
    outer loop
      vertex -27.752 -1.88375 0
      vertex -28 -1.9 7.81
      vertex -27.752 -1.88375 7.81
    endloop
  endfacet
  facet normal -0.065384 0.99786 0
    outer loop
      vertex -28 -1.9 7.81
      vertex -27.752 -1.88375 0
      vertex -28 -1.9 0
    endloop
  endfacet
  facet normal 0.946916 -0.321482 0
    outer loop
      vertex -29.8353 0.491755 7.81
      vertex -29.7554 0.727098 0
      vertex -29.7554 0.727098 7.81
    endloop
  endfacet
  facet normal 0.946916 -0.321482 0
    outer loop
      vertex -29.7554 0.727098 0
      vertex -29.8353 0.491755 7.81
      vertex -29.8353 0.491755 0
    endloop
  endfacet
  facet normal 0.831617 0.55535 0
    outer loop
      vertex -29.5074 -1.15665 7.81
      vertex -29.6454 -0.95 0
      vertex -29.6454 -0.95 7.81
    endloop
  endfacet
  facet normal 0.831617 0.55535 0
    outer loop
      vertex -29.6454 -0.95 0
      vertex -29.5074 -1.15665 7.81
      vertex -29.5074 -1.15665 0
    endloop
  endfacet
  facet normal 0.751766 0.65943 0
    outer loop
      vertex -29.3435 -1.3435 7.81
      vertex -29.5074 -1.15665 0
      vertex -29.5074 -1.15665 7.81
    endloop
  endfacet
  facet normal 0.751766 0.65943 0
    outer loop
      vertex -29.5074 -1.15665 0
      vertex -29.3435 -1.3435 7.81
      vertex -29.3435 -1.3435 0
    endloop
  endfacet
  facet normal 0.065384 0.99786 -0
    outer loop
      vertex -28 -1.9 0
      vertex -28.248 -1.88375 7.81
      vertex -28 -1.9 7.81
    endloop
  endfacet
  facet normal 0.065384 0.99786 0
    outer loop
      vertex -28.248 -1.88375 7.81
      vertex -28 -1.9 0
      vertex -28.248 -1.88375 0
    endloop
  endfacet
  facet normal 0.195072 -0.980789 0
    outer loop
      vertex -28.4918 1.83526 0
      vertex -28.248 1.88375 7.81
      vertex -28.4918 1.83526 7.81
    endloop
  endfacet
  facet normal 0.195072 -0.980789 0
    outer loop
      vertex -28.248 1.88375 7.81
      vertex -28.4918 1.83526 0
      vertex -28.248 1.88375 0
    endloop
  endfacet
  facet normal 0.997847 -0.0655846 0
    outer loop
      vertex -29.9 0 7.81
      vertex -29.8837 0.247999 0
      vertex -29.8837 0.247999 7.81
    endloop
  endfacet
  facet normal 0.997847 -0.0655846 0
    outer loop
      vertex -29.8837 0.247999 0
      vertex -29.9 0 7.81
      vertex -29.9 0 0
    endloop
  endfacet
  facet normal 0.555666 -0.831406 0
    outer loop
      vertex -29.1566 1.50737 0
      vertex -28.95 1.64545 7.81
      vertex -29.1566 1.50737 7.81
    endloop
  endfacet
  facet normal 0.555666 -0.831406 0
    outer loop
      vertex -28.95 1.64545 7.81
      vertex -29.1566 1.50737 0
      vertex -28.95 1.64545 0
    endloop
  endfacet
  facet normal 0.997847 0.0655846 0
    outer loop
      vertex -29.8837 -0.247999 7.81
      vertex -29.9 0 0
      vertex -29.9 0 7.81
    endloop
  endfacet
  facet normal 0.997847 0.0655846 0
    outer loop
      vertex -29.9 0 0
      vertex -29.8837 -0.247999 7.81
      vertex -29.8837 -0.247999 0
    endloop
  endfacet
  facet normal -0.751766 0.65943 0
    outer loop
      vertex -26.6565 -1.3435 0
      vertex -26.4926 -1.15665 7.81
      vertex -26.4926 -1.15665 0
    endloop
  endfacet
  facet normal -0.751766 0.65943 0
    outer loop
      vertex -26.4926 -1.15665 7.81
      vertex -26.6565 -1.3435 0
      vertex -26.6565 -1.3435 7.81
    endloop
  endfacet
  facet normal -0.831617 -0.55535 0
    outer loop
      vertex -26.3546 0.95 0
      vertex -26.4926 1.15665 7.81
      vertex -26.4926 1.15665 0
    endloop
  endfacet
  facet normal -0.831617 -0.55535 0
    outer loop
      vertex -26.4926 1.15665 7.81
      vertex -26.3546 0.95 0
      vertex -26.3546 0.95 7.81
    endloop
  endfacet
  facet normal 0.946916 0.321482 0
    outer loop
      vertex -29.7554 -0.727098 7.81
      vertex -29.8353 -0.491755 0
      vertex -29.8353 -0.491755 7.81
    endloop
  endfacet
  facet normal 0.946916 0.321482 0
    outer loop
      vertex -29.8353 -0.491755 0
      vertex -29.7554 -0.727098 7.81
      vertex -29.7554 -0.727098 0
    endloop
  endfacet
  facet normal 0.442282 -0.896876 0
    outer loop
      vertex -28.95 1.64545 0
      vertex -28.7271 1.75537 7.81
      vertex -28.95 1.64545 7.81
    endloop
  endfacet
  facet normal 0.442282 -0.896876 0
    outer loop
      vertex -28.7271 1.75537 7.81
      vertex -28.95 1.64545 0
      vertex -28.7271 1.75537 0
    endloop
  endfacet
  facet normal -0.555666 -0.831406 0
    outer loop
      vertex -27.05 1.64545 0
      vertex -26.8434 1.50737 7.81
      vertex -27.05 1.64545 7.81
    endloop
  endfacet
  facet normal -0.555666 -0.831406 -0
    outer loop
      vertex -26.8434 1.50737 7.81
      vertex -27.05 1.64545 0
      vertex -26.8434 1.50737 0
    endloop
  endfacet
  facet normal 0.321499 -0.94691 0
    outer loop
      vertex -28.7271 1.75537 0
      vertex -28.4918 1.83526 7.81
      vertex -28.7271 1.75537 7.81
    endloop
  endfacet
  facet normal 0.321499 -0.94691 0
    outer loop
      vertex -28.4918 1.83526 7.81
      vertex -28.7271 1.75537 0
      vertex -28.4918 1.83526 0
    endloop
  endfacet
  facet normal 0.89675 0.442538 0
    outer loop
      vertex -29.6454 -0.95 7.81
      vertex -29.7554 -0.727098 0
      vertex -29.7554 -0.727098 7.81
    endloop
  endfacet
  facet normal 0.89675 0.442538 0
    outer loop
      vertex -29.7554 -0.727098 0
      vertex -29.6454 -0.95 7.81
      vertex -29.6454 -0.95 0
    endloop
  endfacet
  facet normal -0.89675 0.442538 0
    outer loop
      vertex -26.3546 -0.95 0
      vertex -26.2446 -0.727098 7.81
      vertex -26.2446 -0.727098 0
    endloop
  endfacet
  facet normal -0.89675 0.442538 0
    outer loop
      vertex -26.2446 -0.727098 7.81
      vertex -26.3546 -0.95 0
      vertex -26.3546 -0.95 7.81
    endloop
  endfacet
  facet normal 0.831617 -0.55535 0
    outer loop
      vertex -29.6454 0.95 7.81
      vertex -29.5074 1.15665 0
      vertex -29.5074 1.15665 7.81
    endloop
  endfacet
  facet normal 0.831617 -0.55535 0
    outer loop
      vertex -29.5074 1.15665 0
      vertex -29.6454 0.95 7.81
      vertex -29.6454 0.95 0
    endloop
  endfacet
  facet normal 0.442282 0.896876 -0
    outer loop
      vertex -28.7271 -1.75537 0
      vertex -28.95 -1.64545 7.81
      vertex -28.7271 -1.75537 7.81
    endloop
  endfacet
  facet normal 0.442282 0.896876 0
    outer loop
      vertex -28.95 -1.64545 7.81
      vertex -28.7271 -1.75537 0
      vertex -28.95 -1.64545 0
    endloop
  endfacet
  facet normal -0.89675 -0.442538 0
    outer loop
      vertex -26.2446 0.727098 0
      vertex -26.3546 0.95 7.81
      vertex -26.3546 0.95 0
    endloop
  endfacet
  facet normal -0.89675 -0.442538 0
    outer loop
      vertex -26.3546 0.95 7.81
      vertex -26.2446 0.727098 0
      vertex -26.2446 0.727098 7.81
    endloop
  endfacet
  facet normal -0.946916 0.321482 0
    outer loop
      vertex -26.2446 -0.727098 0
      vertex -26.1647 -0.491755 7.81
      vertex -26.1647 -0.491755 0
    endloop
  endfacet
  facet normal -0.946916 0.321482 0
    outer loop
      vertex -26.1647 -0.491755 7.81
      vertex -26.2446 -0.727098 0
      vertex -26.2446 -0.727098 7.81
    endloop
  endfacet
  facet normal -0.442282 -0.896876 0
    outer loop
      vertex -27.2729 1.75537 0
      vertex -27.05 1.64545 7.81
      vertex -27.2729 1.75537 7.81
    endloop
  endfacet
  facet normal -0.442282 -0.896876 -0
    outer loop
      vertex -27.05 1.64545 7.81
      vertex -27.2729 1.75537 0
      vertex -27.05 1.64545 0
    endloop
  endfacet
  facet normal -0.442282 0.896876 0
    outer loop
      vertex -27.05 -1.64545 0
      vertex -27.2729 -1.75537 7.81
      vertex -27.05 -1.64545 7.81
    endloop
  endfacet
  facet normal -0.442282 0.896876 0
    outer loop
      vertex -27.2729 -1.75537 7.81
      vertex -27.05 -1.64545 0
      vertex -27.2729 -1.75537 0
    endloop
  endfacet
  facet normal -0.980852 -0.194757 0
    outer loop
      vertex -26.1163 0.247999 0
      vertex -26.1647 0.491755 7.81
      vertex -26.1647 0.491755 0
    endloop
  endfacet
  facet normal -0.980852 -0.194757 0
    outer loop
      vertex -26.1647 0.491755 7.81
      vertex -26.1163 0.247999 0
      vertex -26.1163 0.247999 7.81
    endloop
  endfacet
  facet normal -0.195072 -0.980789 0
    outer loop
      vertex -27.752 1.88375 0
      vertex -27.5082 1.83526 7.81
      vertex -27.752 1.88375 7.81
    endloop
  endfacet
  facet normal -0.195072 -0.980789 -0
    outer loop
      vertex -27.5082 1.83526 7.81
      vertex -27.752 1.88375 0
      vertex -27.5082 1.83526 0
    endloop
  endfacet
  facet normal -0.946916 -0.321482 0
    outer loop
      vertex -26.1647 0.491755 0
      vertex -26.2446 0.727098 7.81
      vertex -26.2446 0.727098 0
    endloop
  endfacet
  facet normal -0.946916 -0.321482 0
    outer loop
      vertex -26.2446 0.727098 7.81
      vertex -26.1647 0.491755 0
      vertex -26.1647 0.491755 7.81
    endloop
  endfacet
  facet normal -0.321499 0.94691 0
    outer loop
      vertex -27.2729 -1.75537 0
      vertex -27.5082 -1.83526 7.81
      vertex -27.2729 -1.75537 7.81
    endloop
  endfacet
  facet normal -0.321499 0.94691 0
    outer loop
      vertex -27.5082 -1.83526 7.81
      vertex -27.2729 -1.75537 0
      vertex -27.5082 -1.83526 0
    endloop
  endfacet
  facet normal 0.065384 -0.99786 0
    outer loop
      vertex -28.248 1.88375 0
      vertex -28 1.9 7.81
      vertex -28.248 1.88375 7.81
    endloop
  endfacet
  facet normal 0.065384 -0.99786 0
    outer loop
      vertex -28 1.9 7.81
      vertex -28.248 1.88375 0
      vertex -28 1.9 0
    endloop
  endfacet
  facet normal 0.751766 -0.65943 0
    outer loop
      vertex -29.5074 1.15665 7.81
      vertex -29.3435 1.3435 0
      vertex -29.3435 1.3435 7.81
    endloop
  endfacet
  facet normal 0.751766 -0.65943 0
    outer loop
      vertex -29.3435 1.3435 0
      vertex -29.5074 1.15665 7.81
      vertex -29.5074 1.15665 0
    endloop
  endfacet
  facet normal 0.321499 0.94691 -0
    outer loop
      vertex -28.4918 -1.83526 0
      vertex -28.7271 -1.75537 7.81
      vertex -28.4918 -1.83526 7.81
    endloop
  endfacet
  facet normal 0.321499 0.94691 0
    outer loop
      vertex -28.7271 -1.75537 7.81
      vertex -28.4918 -1.83526 0
      vertex -28.7271 -1.75537 0
    endloop
  endfacet
  facet normal -0.980852 0.194757 0
    outer loop
      vertex -26.1647 -0.491755 0
      vertex -26.1163 -0.247999 7.81
      vertex -26.1163 -0.247999 0
    endloop
  endfacet
  facet normal -0.980852 0.194757 0
    outer loop
      vertex -26.1163 -0.247999 7.81
      vertex -26.1647 -0.491755 0
      vertex -26.1647 -0.491755 7.81
    endloop
  endfacet
  facet normal -0.555666 0.831406 0
    outer loop
      vertex -26.8434 -1.50737 0
      vertex -27.05 -1.64545 7.81
      vertex -26.8434 -1.50737 7.81
    endloop
  endfacet
  facet normal -0.555666 0.831406 0
    outer loop
      vertex -27.05 -1.64545 7.81
      vertex -26.8434 -1.50737 0
      vertex -27.05 -1.64545 0
    endloop
  endfacet
  facet normal -0.751766 -0.65943 0
    outer loop
      vertex -26.4926 1.15665 0
      vertex -26.6565 1.3435 7.81
      vertex -26.6565 1.3435 0
    endloop
  endfacet
  facet normal -0.751766 -0.65943 0
    outer loop
      vertex -26.6565 1.3435 7.81
      vertex -26.4926 1.15665 0
      vertex -26.4926 1.15665 7.81
    endloop
  endfacet
  facet normal -0.659262 0.751913 0
    outer loop
      vertex -26.6565 -1.3435 0
      vertex -26.8434 -1.50737 7.81
      vertex -26.6565 -1.3435 7.81
    endloop
  endfacet
  facet normal -0.659262 0.751913 0
    outer loop
      vertex -26.8434 -1.50737 7.81
      vertex -26.6565 -1.3435 0
      vertex -26.8434 -1.50737 0
    endloop
  endfacet
  facet normal 0.555666 0.831406 -0
    outer loop
      vertex -28.95 -1.64545 0
      vertex -29.1566 -1.50737 7.81
      vertex -28.95 -1.64545 7.81
    endloop
  endfacet
  facet normal 0.555666 0.831406 0
    outer loop
      vertex -29.1566 -1.50737 7.81
      vertex -28.95 -1.64545 0
      vertex -29.1566 -1.50737 0
    endloop
  endfacet
  facet normal 0.659262 -0.751913 0
    outer loop
      vertex -29.3435 1.3435 0
      vertex -29.1566 1.50737 7.81
      vertex -29.3435 1.3435 7.81
    endloop
  endfacet
  facet normal 0.659262 -0.751913 0
    outer loop
      vertex -29.1566 1.50737 7.81
      vertex -29.3435 1.3435 0
      vertex -29.1566 1.50737 0
    endloop
  endfacet
  facet normal -0.195072 0.980789 0
    outer loop
      vertex -27.5082 -1.83526 0
      vertex -27.752 -1.88375 7.81
      vertex -27.5082 -1.83526 7.81
    endloop
  endfacet
  facet normal -0.195072 0.980789 0
    outer loop
      vertex -27.752 -1.88375 7.81
      vertex -27.5082 -1.83526 0
      vertex -27.752 -1.88375 0
    endloop
  endfacet
  facet normal -0.246279 0.725374 0.64279
    outer loop
      vertex -27.0305 -3.61374 10
      vertex -26.5682 -3.45678 10
      vertex -27.2729 -1.75537 7.81
    endloop
  endfacet
  facet normal -0.686937 0.338997 0.642805
    outer loop
      vertex -26.3546 -0.95 7.81
      vertex -24.7592 -1.86978 10
      vertex -26.2446 -0.727098 7.81
    endloop
  endfacet
  facet normal -0.687884 0.337198 0.642739
    outer loop
      vertex -24.7592 -1.86978 10
      vertex -26.3546 -0.95 7.81
      vertex -24.7597 -1.8708 10
    endloop
  endfacet
  facet normal -0.149449 -0.751322 0.642791
    outer loop
      vertex -27.0327 3.61432 10
      vertex -27.5116 3.70958 10
      vertex -27.752 1.88375 7.81
    endloop
  endfacet
  facet normal 0.425589 -0.63694 0.642791
    outer loop
      vertex -28.95 1.64545 7.81
      vertex -29.8708 3.24031 10
      vertex -30.2768 2.96903 10
    endloop
  endfacet
  facet normal 0.763602 -0.0677439 0.642123
    outer loop
      vertex -29.9 0 7.81
      vertex -31.7415 0.00112719 10
      vertex -31.7416 0 10
    endloop
  endfacet
  facet normal 0.764398 -0.0502409 0.642784
    outer loop
      vertex -31.7415 0.00112719 10
      vertex -29.9 0 7.81
      vertex -29.8837 0.247999 7.81
    endloop
  endfacet
  facet normal 0.764395 -0.0500448 0.642803
    outer loop
      vertex -29.8837 0.247999 7.81
      vertex -31.7096 0.488375 10
      vertex -31.7415 0.00112719 10
    endloop
  endfacet
  facet normal 0.575985 0.505038 0.642789
    outer loop
      vertex -30.6465 -2.64486 10
      vertex -29.5074 -1.15665 7.81
      vertex -30.9684 -2.27774 10
    endloop
  endfacet
  facet normal 0.751301 -0.149504 0.642803
    outer loop
      vertex -29.8837 0.247999 7.81
      vertex -31.6143 0.967286 10
      vertex -31.7096 0.488375 10
    endloop
  endfacet
  facet normal -0.505017 0.575997 0.642796
    outer loop
      vertex -25.7223 -2.9684 10
      vertex -25.3551 -2.64645 10
      vertex -26.8434 -1.50737 7.81
    endloop
  endfacet
  facet normal -0.687024 0.338853 0.642788
    outer loop
      vertex -24.7592 -1.86978 10
      vertex -24.5432 -1.43184 10
      vertex -26.2446 -0.727098 7.81
    endloop
  endfacet
  facet normal -0.338777 -0.687061 0.642789
    outer loop
      vertex -26.1302 3.24081 10
      vertex -26.5682 3.45678 10
      vertex -27.2729 1.75537 7.81
    endloop
  endfacet
  facet normal 0.246279 -0.725374 0.64279
    outer loop
      vertex -28.7271 1.75537 7.81
      vertex -28.9695 3.61374 10
      vertex -29.4318 3.45678 10
    endloop
  endfacet
  facet normal -0.646142 -0.412431 0.642185
    outer loop
      vertex -26.4926 1.15665 7.81
      vertex -25.031 2.2768 10
      vertex -25.0316 2.27774 10
    endloop
  endfacet
  facet normal -0.637064 -0.425429 0.642775
    outer loop
      vertex -25.031 2.2768 10
      vertex -26.4926 1.15665 7.81
      vertex -26.3546 0.95 7.81
    endloop
  endfacet
  facet normal 0.238058 -0.727399 0.643599
    outer loop
      vertex -28.7271 1.75537 7.81
      vertex -28.9684 3.6141 10
      vertex -28.9695 3.61374 10
    endloop
  endfacet
  facet normal 0.246282 -0.725375 0.642788
    outer loop
      vertex -28.9684 3.6141 10
      vertex -28.7271 1.75537 7.81
      vertex -28.4918 1.83526 7.81
    endloop
  endfacet
  facet normal -0.338806 -0.687043 0.642792
    outer loop
      vertex -27.05 1.64545 7.81
      vertex -26.1302 3.24081 10
      vertex -27.2729 1.75537 7.81
    endloop
  endfacet
  facet normal -0.342535 -0.685071 0.642921
    outer loop
      vertex -26.1302 3.24081 10
      vertex -27.05 1.64545 7.81
      vertex -26.1292 3.24031 10
    endloop
  endfacet
  facet normal 0.575985 -0.505038 0.642789
    outer loop
      vertex -29.5074 1.15665 7.81
      vertex -30.6465 2.64486 10
      vertex -30.9684 2.27774 10
    endloop
  endfacet
  facet normal 0.149449 -0.751322 0.642791
    outer loop
      vertex -28.248 1.88375 7.81
      vertex -28.4884 3.70958 10
      vertex -28.9673 3.61432 10
    endloop
  endfacet
  facet normal -0.425589 0.63694 0.642791
    outer loop
      vertex -26.1292 -3.24031 10
      vertex -25.7232 -2.96903 10
      vertex -27.05 -1.64545 7.81
    endloop
  endfacet
  facet normal 0.764395 0.0500448 0.642803
    outer loop
      vertex -31.7096 -0.488375 10
      vertex -29.8837 -0.247999 7.81
      vertex -31.7415 -0.00112719 10
    endloop
  endfacet
  facet normal 0.763602 0.0677439 0.642123
    outer loop
      vertex -31.7415 -0.00112719 10
      vertex -29.9 0 7.81
      vertex -31.7416 0 10
    endloop
  endfacet
  facet normal 0.764398 0.0502409 0.642784
    outer loop
      vertex -29.9 0 7.81
      vertex -31.7415 -0.00112719 10
      vertex -29.8837 -0.247999 7.81
    endloop
  endfacet
  facet normal 0.636922 0.425608 0.642797
    outer loop
      vertex -30.969 -2.2768 10
      vertex -29.6454 -0.95 7.81
      vertex -31.2403 -1.8708 10
    endloop
  endfacet
  facet normal 0.636922 -0.425608 0.642797
    outer loop
      vertex -29.6454 0.95 7.81
      vertex -30.969 2.2768 10
      vertex -31.2403 1.8708 10
    endloop
  endfacet
  facet normal 0.687024 0.338853 0.642788
    outer loop
      vertex -31.2408 -1.86978 10
      vertex -29.7554 -0.727098 7.81
      vertex -31.4568 -1.43184 10
    endloop
  endfacet
  facet normal -0.751389 0.149195 0.642771
    outer loop
      vertex -26.1647 -0.491755 7.81
      vertex -24.3857 -0.967286 10
      vertex -26.1163 -0.247999 7.81
    endloop
  endfacet
  facet normal -0.754277 0.136151 0.642284
    outer loop
      vertex -24.3857 -0.967286 10
      vertex -26.1647 -0.491755 7.81
      vertex -24.3859 -0.968394 10
    endloop
  endfacet
  facet normal -0.575876 0.505144 0.642804
    outer loop
      vertex -26.6565 -1.3435 7.81
      vertex -25.3535 -2.64486 10
      vertex -26.4926 -1.15665 7.81
    endloop
  endfacet
  facet normal -0.554296 0.527901 0.643487
    outer loop
      vertex -25.3535 -2.64486 10
      vertex -26.6565 -1.3435 7.81
      vertex -25.3543 -2.6457 10
    endloop
  endfacet
  facet normal -0.637064 0.425429 0.642775
    outer loop
      vertex -26.4926 -1.15665 7.81
      vertex -25.031 -2.2768 10
      vertex -26.3546 -0.95 7.81
    endloop
  endfacet
  facet normal -0.646142 0.412431 0.642185
    outer loop
      vertex -25.031 -2.2768 10
      vertex -26.4926 -1.15665 7.81
      vertex -25.0316 -2.27774 10
    endloop
  endfacet
  facet normal 0.425659 -0.636885 0.6428
    outer loop
      vertex -30.2768 2.96903 10
      vertex -29.1566 1.50737 7.81
      vertex -28.95 1.64545 7.81
    endloop
  endfacet
  facet normal 0.43908 -0.627257 0.643239
    outer loop
      vertex -29.1566 1.50737 7.81
      vertex -30.2768 2.96903 10
      vertex -30.2777 2.9684 10
    endloop
  endfacet
  facet normal 0.342535 -0.685071 0.642921
    outer loop
      vertex -28.95 1.64545 7.81
      vertex -29.8698 3.24081 10
      vertex -29.8708 3.24031 10
    endloop
  endfacet
  facet normal 0.338806 -0.687043 0.642792
    outer loop
      vertex -29.8698 3.24081 10
      vertex -28.95 1.64545 7.81
      vertex -28.7271 1.75537 7.81
    endloop
  endfacet
  facet normal 0.687024 -0.338853 0.642788
    outer loop
      vertex -29.7554 0.727098 7.81
      vertex -31.2408 1.86978 10
      vertex -31.4568 1.43184 10
    endloop
  endfacet
  facet normal 0.725417 0.246159 0.642787
    outer loop
      vertex -31.4568 -1.43184 10
      vertex -29.7554 -0.727098 7.81
      vertex -31.6137 -0.969464 10
    endloop
  endfacet
  facet normal -0.725383 0.246271 0.642783
    outer loop
      vertex -26.2446 -0.727098 7.81
      vertex -24.3859 -0.968394 10
      vertex -26.1647 -0.491755 7.81
    endloop
  endfacet
  facet normal -0.719501 0.268972 0.640291
    outer loop
      vertex -24.3859 -0.968394 10
      vertex -26.2446 -0.727098 7.81
      vertex -24.3863 -0.969464 10
    endloop
  endfacet
  facet normal 0.686937 0.338997 0.642805
    outer loop
      vertex -31.2408 -1.86978 10
      vertex -29.6454 -0.95 7.81
      vertex -29.7554 -0.727098 7.81
    endloop
  endfacet
  facet normal 0.687884 0.337198 0.642739
    outer loop
      vertex -29.6454 -0.95 7.81
      vertex -31.2408 -1.86978 10
      vertex -31.2403 -1.8708 10
    endloop
  endfacet
  facet normal 0.505019 0.575994 0.642796
    outer loop
      vertex -29.3435 -1.3435 7.81
      vertex -30.6449 -2.64645 10
      vertex -29.1566 -1.50737 7.81
    endloop
  endfacet
  facet normal 0.523576 0.558481 0.643403
    outer loop
      vertex -30.6449 -2.64645 10
      vertex -29.3435 -1.3435 7.81
      vertex -30.6457 -2.6457 10
    endloop
  endfacet
  facet normal 0.246279 0.725374 0.64279
    outer loop
      vertex -28.9695 -3.61374 10
      vertex -28.7271 -1.75537 7.81
      vertex -29.4318 -3.45678 10
    endloop
  endfacet
  facet normal -0.636922 -0.425608 0.642797
    outer loop
      vertex -24.7597 1.8708 10
      vertex -25.031 2.2768 10
      vertex -26.3546 0.95 7.81
    endloop
  endfacet
  facet normal 0.646142 -0.412431 0.642185
    outer loop
      vertex -30.969 2.2768 10
      vertex -29.5074 1.15665 7.81
      vertex -30.9684 2.27774 10
    endloop
  endfacet
  facet normal 0.637064 -0.425429 0.642775
    outer loop
      vertex -29.5074 1.15665 7.81
      vertex -30.969 2.2768 10
      vertex -29.6454 0.95 7.81
    endloop
  endfacet
  facet normal 0.575876 0.505144 0.642804
    outer loop
      vertex -30.6465 -2.64486 10
      vertex -29.3435 -1.3435 7.81
      vertex -29.5074 -1.15665 7.81
    endloop
  endfacet
  facet normal 0.554296 0.527901 0.643487
    outer loop
      vertex -29.3435 -1.3435 7.81
      vertex -30.6465 -2.64486 10
      vertex -30.6457 -2.6457 10
    endloop
  endfacet
  facet normal -0.0501026 -0.764402 0.642791
    outer loop
      vertex -27.752 1.88375 7.81
      vertex -27.5116 3.70958 10
      vertex -27.9989 3.74152 10
    endloop
  endfacet
  facet normal 0.719501 -0.268972 0.640291
    outer loop
      vertex -31.6141 0.968394 10
      vertex -29.7554 0.727098 7.81
      vertex -31.6137 0.969464 10
    endloop
  endfacet
  facet normal 0.725383 -0.246271 0.642783
    outer loop
      vertex -29.7554 0.727098 7.81
      vertex -31.6141 0.968394 10
      vertex -29.8353 0.491755 7.81
    endloop
  endfacet
  facet normal -0.763602 0.0677439 0.642123
    outer loop
      vertex -26.1 0 7.81
      vertex -24.2585 -0.00112719 10
      vertex -24.2584 0 10
    endloop
  endfacet
  facet normal -0.764398 0.0502409 0.642784
    outer loop
      vertex -24.2585 -0.00112719 10
      vertex -26.1 0 7.81
      vertex -26.1163 -0.247999 7.81
    endloop
  endfacet
  facet normal -0.725417 0.246159 0.642787
    outer loop
      vertex -24.5432 -1.43184 10
      vertex -24.3863 -0.969464 10
      vertex -26.2446 -0.727098 7.81
    endloop
  endfacet
  facet normal 0.505019 -0.575994 0.642796
    outer loop
      vertex -30.6449 2.64645 10
      vertex -29.3435 1.3435 7.81
      vertex -29.1566 1.50737 7.81
    endloop
  endfacet
  facet normal 0.523576 -0.558481 0.643403
    outer loop
      vertex -29.3435 1.3435 7.81
      vertex -30.6449 2.64645 10
      vertex -30.6457 2.6457 10
    endloop
  endfacet
  facet normal 0.687884 -0.337198 0.642739
    outer loop
      vertex -31.2408 1.86978 10
      vertex -29.6454 0.95 7.81
      vertex -31.2403 1.8708 10
    endloop
  endfacet
  facet normal 0.686937 -0.338997 0.642805
    outer loop
      vertex -29.6454 0.95 7.81
      vertex -31.2408 1.86978 10
      vertex -29.7554 0.727098 7.81
    endloop
  endfacet
  facet normal 0.725417 -0.246159 0.642787
    outer loop
      vertex -29.7554 0.727098 7.81
      vertex -31.4568 1.43184 10
      vertex -31.6137 0.969464 10
    endloop
  endfacet
  facet normal -0.764395 0.0500448 0.642803
    outer loop
      vertex -24.2904 -0.488375 10
      vertex -24.2585 -0.00112719 10
      vertex -26.1163 -0.247999 7.81
    endloop
  endfacet
  facet normal -0.43908 -0.627257 0.643239
    outer loop
      vertex -25.7232 2.96903 10
      vertex -26.8434 1.50737 7.81
      vertex -25.7223 2.9684 10
    endloop
  endfacet
  facet normal -0.425659 -0.636885 0.6428
    outer loop
      vertex -26.8434 1.50737 7.81
      vertex -25.7232 2.96903 10
      vertex -27.05 1.64545 7.81
    endloop
  endfacet
  facet normal 0.0500868 -0.764401 0.642792
    outer loop
      vertex -28 1.9 7.81
      vertex -28.0011 3.74152 10
      vertex -28.248 1.88375 7.81
    endloop
  endfacet
  facet normal 0.0486472 -0.764456 0.642838
    outer loop
      vertex -28.0011 3.74152 10
      vertex -28 1.9 7.81
      vertex -28 3.74159 10
    endloop
  endfacet
  facet normal -0.425589 -0.63694 0.642791
    outer loop
      vertex -25.7232 2.96903 10
      vertex -26.1292 3.24031 10
      vertex -27.05 1.64545 7.81
    endloop
  endfacet
  facet normal 0.554296 -0.527901 0.643487
    outer loop
      vertex -30.6465 2.64486 10
      vertex -29.3435 1.3435 7.81
      vertex -30.6457 2.6457 10
    endloop
  endfacet
  facet normal 0.575876 -0.505144 0.642804
    outer loop
      vertex -29.3435 1.3435 7.81
      vertex -30.6465 2.64486 10
      vertex -29.5074 1.15665 7.81
    endloop
  endfacet
  facet normal -0.751301 0.149504 0.642803
    outer loop
      vertex -24.3857 -0.967286 10
      vertex -24.2904 -0.488375 10
      vertex -26.1163 -0.247999 7.81
    endloop
  endfacet
  facet normal 0.338777 0.687061 0.642789
    outer loop
      vertex -29.4318 -3.45678 10
      vertex -28.7271 -1.75537 7.81
      vertex -29.8698 -3.24081 10
    endloop
  endfacet
  facet normal 0.338777 -0.687061 0.642789
    outer loop
      vertex -28.7271 1.75537 7.81
      vertex -29.4318 3.45678 10
      vertex -29.8698 3.24081 10
    endloop
  endfacet
  facet normal 0.754277 -0.136151 0.642284
    outer loop
      vertex -31.6143 0.967286 10
      vertex -29.8353 0.491755 7.81
      vertex -31.6141 0.968394 10
    endloop
  endfacet
  facet normal 0.751389 -0.149195 0.642771
    outer loop
      vertex -29.8353 0.491755 7.81
      vertex -31.6143 0.967286 10
      vertex -29.8837 0.247999 7.81
    endloop
  endfacet
  facet normal -0.246279 -0.725374 0.64279
    outer loop
      vertex -26.5682 3.45678 10
      vertex -27.0305 3.61374 10
      vertex -27.2729 1.75537 7.81
    endloop
  endfacet
  facet normal -0.342535 0.685071 0.642921
    outer loop
      vertex -27.05 -1.64545 7.81
      vertex -26.1302 -3.24081 10
      vertex -26.1292 -3.24031 10
    endloop
  endfacet
  facet normal -0.338806 0.687043 0.642792
    outer loop
      vertex -26.1302 -3.24081 10
      vertex -27.05 -1.64545 7.81
      vertex -27.2729 -1.75537 7.81
    endloop
  endfacet
  facet normal -0.505017 -0.575997 0.642796
    outer loop
      vertex -25.3551 2.64645 10
      vertex -25.7223 2.9684 10
      vertex -26.8434 1.50737 7.81
    endloop
  endfacet
  facet normal -0.754277 -0.136151 0.642284
    outer loop
      vertex -26.1647 0.491755 7.81
      vertex -24.3857 0.967286 10
      vertex -24.3859 0.968394 10
    endloop
  endfacet
  facet normal -0.751389 -0.149195 0.642771
    outer loop
      vertex -24.3857 0.967286 10
      vertex -26.1647 0.491755 7.81
      vertex -26.1163 0.247999 7.81
    endloop
  endfacet
  facet normal -0.687884 -0.337198 0.642739
    outer loop
      vertex -26.3546 0.95 7.81
      vertex -24.7592 1.86978 10
      vertex -24.7597 1.8708 10
    endloop
  endfacet
  facet normal -0.686937 -0.338997 0.642805
    outer loop
      vertex -24.7592 1.86978 10
      vertex -26.3546 0.95 7.81
      vertex -26.2446 0.727098 7.81
    endloop
  endfacet
  facet normal 0.751301 0.149504 0.642803
    outer loop
      vertex -31.6143 -0.967286 10
      vertex -29.8837 -0.247999 7.81
      vertex -31.7096 -0.488375 10
    endloop
  endfacet
  facet normal -0.43908 0.627257 0.643239
    outer loop
      vertex -26.8434 -1.50737 7.81
      vertex -25.7232 -2.96903 10
      vertex -25.7223 -2.9684 10
    endloop
  endfacet
  facet normal -0.425659 0.636885 0.6428
    outer loop
      vertex -25.7232 -2.96903 10
      vertex -26.8434 -1.50737 7.81
      vertex -27.05 -1.64545 7.81
    endloop
  endfacet
  facet normal 0.505017 -0.575997 0.642796
    outer loop
      vertex -29.1566 1.50737 7.81
      vertex -30.2777 2.9684 10
      vertex -30.6449 2.64645 10
    endloop
  endfacet
  facet normal -0.0500868 0.764401 0.642792
    outer loop
      vertex -28 -1.9 7.81
      vertex -27.9989 -3.74152 10
      vertex -27.752 -1.88375 7.81
    endloop
  endfacet
  facet normal -0.0486472 0.764456 0.642838
    outer loop
      vertex -27.9989 -3.74152 10
      vertex -28 -1.9 7.81
      vertex -28 -3.74159 10
    endloop
  endfacet
  facet normal -0.523576 -0.558481 0.643403
    outer loop
      vertex -25.3551 2.64645 10
      vertex -26.6565 1.3435 7.81
      vertex -25.3543 2.6457 10
    endloop
  endfacet
  facet normal -0.505019 -0.575994 0.642796
    outer loop
      vertex -26.6565 1.3435 7.81
      vertex -25.3551 2.64645 10
      vertex -26.8434 1.50737 7.81
    endloop
  endfacet
  facet normal 0.0501026 0.764402 0.642791
    outer loop
      vertex -28.0011 -3.74152 10
      vertex -28.248 -1.88375 7.81
      vertex -28.4884 -3.70958 10
    endloop
  endfacet
  facet normal -0.523576 0.558481 0.643403
    outer loop
      vertex -26.6565 -1.3435 7.81
      vertex -25.3551 -2.64645 10
      vertex -25.3543 -2.6457 10
    endloop
  endfacet
  facet normal -0.505019 0.575994 0.642796
    outer loop
      vertex -25.3551 -2.64645 10
      vertex -26.6565 -1.3435 7.81
      vertex -26.8434 -1.50737 7.81
    endloop
  endfacet
  facet normal 0.150229 -0.751145 0.642816
    outer loop
      vertex -28.4918 1.83526 7.81
      vertex -28.9673 3.61432 10
      vertex -28.9684 3.6141 10
    endloop
  endfacet
  facet normal 0.149433 -0.751326 0.64279
    outer loop
      vertex -28.9673 3.61432 10
      vertex -28.4918 1.83526 7.81
      vertex -28.248 1.88375 7.81
    endloop
  endfacet
  facet normal 0.751389 0.149195 0.642771
    outer loop
      vertex -31.6143 -0.967286 10
      vertex -29.8353 -0.491755 7.81
      vertex -29.8837 -0.247999 7.81
    endloop
  endfacet
  facet normal 0.754277 0.136151 0.642284
    outer loop
      vertex -29.8353 -0.491755 7.81
      vertex -31.6143 -0.967286 10
      vertex -31.6141 -0.968394 10
    endloop
  endfacet
  facet normal -0.764398 -0.0502409 0.642784
    outer loop
      vertex -26.1 0 7.81
      vertex -24.2585 0.00112719 10
      vertex -26.1163 0.247999 7.81
    endloop
  endfacet
  facet normal -0.763602 -0.0677439 0.642123
    outer loop
      vertex -24.2585 0.00112719 10
      vertex -26.1 0 7.81
      vertex -24.2584 0 10
    endloop
  endfacet
  facet normal -0.575985 0.505038 0.642789
    outer loop
      vertex -25.3535 -2.64486 10
      vertex -25.0316 -2.27774 10
      vertex -26.4926 -1.15665 7.81
    endloop
  endfacet
  facet normal -0.764395 -0.0500448 0.642803
    outer loop
      vertex -24.2585 0.00112719 10
      vertex -24.2904 0.488375 10
      vertex -26.1163 0.247999 7.81
    endloop
  endfacet
  facet normal -0.0486472 -0.764456 0.642838
    outer loop
      vertex -28 1.9 7.81
      vertex -27.9989 3.74152 10
      vertex -28 3.74159 10
    endloop
  endfacet
  facet normal -0.0500868 -0.764401 0.642792
    outer loop
      vertex -27.9989 3.74152 10
      vertex -28 1.9 7.81
      vertex -27.752 1.88375 7.81
    endloop
  endfacet
  facet normal 0.0486472 0.764456 0.642838
    outer loop
      vertex -28 -1.9 7.81
      vertex -28.0011 -3.74152 10
      vertex -28 -3.74159 10
    endloop
  endfacet
  facet normal 0.0500868 0.764401 0.642792
    outer loop
      vertex -28.0011 -3.74152 10
      vertex -28 -1.9 7.81
      vertex -28.248 -1.88375 7.81
    endloop
  endfacet
  facet normal -0.575985 -0.505038 0.642789
    outer loop
      vertex -25.0316 2.27774 10
      vertex -25.3535 2.64486 10
      vertex -26.4926 1.15665 7.81
    endloop
  endfacet
  facet normal -0.636922 0.425608 0.642797
    outer loop
      vertex -25.031 -2.2768 10
      vertex -24.7597 -1.8708 10
      vertex -26.3546 -0.95 7.81
    endloop
  endfacet
  facet normal -0.725417 -0.246159 0.642787
    outer loop
      vertex -24.3863 0.969464 10
      vertex -24.5432 1.43184 10
      vertex -26.2446 0.727098 7.81
    endloop
  endfacet
  facet normal -0.687024 -0.338853 0.642788
    outer loop
      vertex -24.5432 1.43184 10
      vertex -24.7592 1.86978 10
      vertex -26.2446 0.727098 7.81
    endloop
  endfacet
  facet normal -0.554296 -0.527901 0.643487
    outer loop
      vertex -26.6565 1.3435 7.81
      vertex -25.3535 2.64486 10
      vertex -25.3543 2.6457 10
    endloop
  endfacet
  facet normal -0.575876 -0.505144 0.642804
    outer loop
      vertex -25.3535 2.64486 10
      vertex -26.6565 1.3435 7.81
      vertex -26.4926 1.15665 7.81
    endloop
  endfacet
  facet normal 0.725383 0.246271 0.642783
    outer loop
      vertex -31.6141 -0.968394 10
      vertex -29.7554 -0.727098 7.81
      vertex -29.8353 -0.491755 7.81
    endloop
  endfacet
  facet normal 0.719501 0.268972 0.640291
    outer loop
      vertex -29.7554 -0.727098 7.81
      vertex -31.6141 -0.968394 10
      vertex -31.6137 -0.969464 10
    endloop
  endfacet
  facet normal -0.150229 0.751145 0.642816
    outer loop
      vertex -27.5082 -1.83526 7.81
      vertex -27.0327 -3.61432 10
      vertex -27.0316 -3.6141 10
    endloop
  endfacet
  facet normal -0.149433 0.751326 0.64279
    outer loop
      vertex -27.0327 -3.61432 10
      vertex -27.5082 -1.83526 7.81
      vertex -27.752 -1.88375 7.81
    endloop
  endfacet
  facet normal 0.425659 0.636885 0.6428
    outer loop
      vertex -29.1566 -1.50737 7.81
      vertex -30.2768 -2.96903 10
      vertex -28.95 -1.64545 7.81
    endloop
  endfacet
  facet normal 0.43908 0.627257 0.643239
    outer loop
      vertex -30.2768 -2.96903 10
      vertex -29.1566 -1.50737 7.81
      vertex -30.2777 -2.9684 10
    endloop
  endfacet
  facet normal 0.338806 0.687043 0.642792
    outer loop
      vertex -28.95 -1.64545 7.81
      vertex -29.8698 -3.24081 10
      vertex -28.7271 -1.75537 7.81
    endloop
  endfacet
  facet normal 0.342535 0.685071 0.642921
    outer loop
      vertex -29.8698 -3.24081 10
      vertex -28.95 -1.64545 7.81
      vertex -29.8708 -3.24031 10
    endloop
  endfacet
  facet normal -0.149433 -0.751326 0.64279
    outer loop
      vertex -27.5082 1.83526 7.81
      vertex -27.0327 3.61432 10
      vertex -27.752 1.88375 7.81
    endloop
  endfacet
  facet normal -0.150229 -0.751145 0.642816
    outer loop
      vertex -27.0327 3.61432 10
      vertex -27.5082 1.83526 7.81
      vertex -27.0316 3.6141 10
    endloop
  endfacet
  facet normal -0.246282 -0.725375 0.642788
    outer loop
      vertex -27.2729 1.75537 7.81
      vertex -27.0316 3.6141 10
      vertex -27.5082 1.83526 7.81
    endloop
  endfacet
  facet normal -0.238058 -0.727399 0.643599
    outer loop
      vertex -27.0316 3.6141 10
      vertex -27.2729 1.75537 7.81
      vertex -27.0305 3.61374 10
    endloop
  endfacet
  facet normal 0.0501026 -0.764402 0.642791
    outer loop
      vertex -28.248 1.88375 7.81
      vertex -28.0011 3.74152 10
      vertex -28.4884 3.70958 10
    endloop
  endfacet
  facet normal -0.238058 0.727399 0.643599
    outer loop
      vertex -27.2729 -1.75537 7.81
      vertex -27.0316 -3.6141 10
      vertex -27.0305 -3.61374 10
    endloop
  endfacet
  facet normal -0.246282 0.725375 0.642788
    outer loop
      vertex -27.0316 -3.6141 10
      vertex -27.2729 -1.75537 7.81
      vertex -27.5082 -1.83526 7.81
    endloop
  endfacet
  facet normal -0.338777 0.687061 0.642789
    outer loop
      vertex -26.5682 -3.45678 10
      vertex -26.1302 -3.24081 10
      vertex -27.2729 -1.75537 7.81
    endloop
  endfacet
  facet normal -0.0501026 0.764402 0.642791
    outer loop
      vertex -27.5116 -3.70958 10
      vertex -27.752 -1.88375 7.81
      vertex -27.9989 -3.74152 10
    endloop
  endfacet
  facet normal 0.149449 0.751322 0.642791
    outer loop
      vertex -28.4884 -3.70958 10
      vertex -28.248 -1.88375 7.81
      vertex -28.9673 -3.61432 10
    endloop
  endfacet
  facet normal -0.751301 -0.149504 0.642803
    outer loop
      vertex -24.2904 0.488375 10
      vertex -24.3857 0.967286 10
      vertex -26.1163 0.247999 7.81
    endloop
  endfacet
  facet normal -0.149449 0.751322 0.642791
    outer loop
      vertex -27.5116 -3.70958 10
      vertex -27.0327 -3.61432 10
      vertex -27.752 -1.88375 7.81
    endloop
  endfacet
  facet normal 0.637064 0.425429 0.642775
    outer loop
      vertex -30.969 -2.2768 10
      vertex -29.5074 -1.15665 7.81
      vertex -29.6454 -0.95 7.81
    endloop
  endfacet
  facet normal 0.646142 0.412431 0.642185
    outer loop
      vertex -29.5074 -1.15665 7.81
      vertex -30.969 -2.2768 10
      vertex -30.9684 -2.27774 10
    endloop
  endfacet
  facet normal 0.149433 0.751326 0.64279
    outer loop
      vertex -28.4918 -1.83526 7.81
      vertex -28.9673 -3.61432 10
      vertex -28.248 -1.88375 7.81
    endloop
  endfacet
  facet normal 0.150229 0.751145 0.642816
    outer loop
      vertex -28.9673 -3.61432 10
      vertex -28.4918 -1.83526 7.81
      vertex -28.9684 -3.6141 10
    endloop
  endfacet
  facet normal -0.719501 -0.268972 0.640291
    outer loop
      vertex -26.2446 0.727098 7.81
      vertex -24.3859 0.968394 10
      vertex -24.3863 0.969464 10
    endloop
  endfacet
  facet normal -0.725383 -0.246271 0.642783
    outer loop
      vertex -24.3859 0.968394 10
      vertex -26.2446 0.727098 7.81
      vertex -26.1647 0.491755 7.81
    endloop
  endfacet
  facet normal 0.246282 0.725375 0.642788
    outer loop
      vertex -28.7271 -1.75537 7.81
      vertex -28.9684 -3.6141 10
      vertex -28.4918 -1.83526 7.81
    endloop
  endfacet
  facet normal 0.238058 0.727399 0.643599
    outer loop
      vertex -28.9684 -3.6141 10
      vertex -28.7271 -1.75537 7.81
      vertex -28.9695 -3.61374 10
    endloop
  endfacet
  facet normal 0.505017 0.575997 0.642796
    outer loop
      vertex -30.2777 -2.9684 10
      vertex -29.1566 -1.50737 7.81
      vertex -30.6449 -2.64645 10
    endloop
  endfacet
  facet normal 0.425589 0.63694 0.642791
    outer loop
      vertex -29.8708 -3.24031 10
      vertex -28.95 -1.64545 7.81
      vertex -30.2768 -2.96903 10
    endloop
  endfacet
  facet normal -0.896874 0.442286 0
    outer loop
      vertex -50.7417 -6.5 0
      vertex -49.9896 -4.97488 10
      vertex -49.9896 -4.97488 0
    endloop
  endfacet
  facet normal -0.896874 0.442286 0
    outer loop
      vertex -49.9896 -4.97488 10
      vertex -50.7417 -6.5 0
      vertex -50.7417 -6.5 10
    endloop
  endfacet
  facet normal 0.442291 0.896872 -0
    outer loop
      vertex -66.9749 -12.0104 0
      vertex -68.5 -11.2583 10
      vertex -66.9749 -12.0104 10
    endloop
  endfacet
  facet normal 0.442291 0.896872 0
    outer loop
      vertex -68.5 -11.2583 10
      vertex -66.9749 -12.0104 0
      vertex -68.5 -11.2583 0
    endloop
  endfacet
  facet normal 0.442291 -0.896872 0
    outer loop
      vertex -68.5 11.2583 0
      vertex -66.9749 12.0104 10
      vertex -68.5 11.2583 10
    endloop
  endfacet
  facet normal 0.442291 -0.896872 0
    outer loop
      vertex -66.9749 12.0104 10
      vertex -68.5 11.2583 0
      vertex -66.9749 12.0104 0
    endloop
  endfacet
  facet normal -0.94693 -0.32144 0
    outer loop
      vertex -49.443 3.36465 0
      vertex -49.9896 4.97488 10
      vertex -49.9896 4.97488 0
    endloop
  endfacet
  facet normal -0.94693 -0.32144 0
    outer loop
      vertex -49.9896 4.97488 10
      vertex -49.443 3.36465 0
      vertex -49.443 3.36465 10
    endloop
  endfacet
  facet normal -0.555555 -0.83148 0
    outer loop
      vertex -55.5 11.2583 0
      vertex -54.0861 10.3136 10
      vertex -55.5 11.2583 10
    endloop
  endfacet
  facet normal -0.555555 -0.83148 -0
    outer loop
      vertex -54.0861 10.3136 10
      vertex -55.5 11.2583 0
      vertex -54.0861 10.3136 0
    endloop
  endfacet
  facet normal 0.321427 0.946934 -0
    outer loop
      vertex -65.3646 -12.557 0
      vertex -66.9749 -12.0104 10
      vertex -65.3646 -12.557 10
    endloop
  endfacet
  facet normal 0.321427 0.946934 0
    outer loop
      vertex -66.9749 -12.0104 10
      vertex -65.3646 -12.557 0
      vertex -66.9749 -12.0104 0
    endloop
  endfacet
  facet normal -0.980779 0.19512 0
    outer loop
      vertex -49.443 -3.36465 0
      vertex -49.1112 -1.69684 10
      vertex -49.1112 -1.69684 0
    endloop
  endfacet
  facet normal -0.980779 0.19512 0
    outer loop
      vertex -49.1112 -1.69684 10
      vertex -49.443 -3.36465 0
      vertex -49.443 -3.36465 10
    endloop
  endfacet
  facet normal 0.751841 -0.659344 0
    outer loop
      vertex -72.3136 7.9139 10
      vertex -71.1924 9.19239 0
      vertex -71.1924 9.19239 10
    endloop
  endfacet
  facet normal 0.751841 -0.659344 0
    outer loop
      vertex -71.1924 9.19239 0
      vertex -72.3136 7.9139 10
      vertex -72.3136 7.9139 0
    endloop
  endfacet
  facet normal -0.0653948 -0.997859 0
    outer loop
      vertex -62 13 0
      vertex -60.3032 12.8888 10
      vertex -62 13 10
    endloop
  endfacet
  facet normal -0.0653948 -0.997859 -0
    outer loop
      vertex -60.3032 12.8888 10
      vertex -62 13 0
      vertex -60.3032 12.8888 0
    endloop
  endfacet
  facet normal 0.99786 -0.0653933 0
    outer loop
      vertex -75 0 10
      vertex -74.8888 1.69684 0
      vertex -74.8888 1.69684 10
    endloop
  endfacet
  facet normal 0.99786 -0.0653933 0
    outer loop
      vertex -74.8888 1.69684 0
      vertex -75 0 10
      vertex -75 0 0
    endloop
  endfacet
  facet normal -0.555555 0.83148 0
    outer loop
      vertex -54.0861 -10.3136 0
      vertex -55.5 -11.2583 10
      vertex -54.0861 -10.3136 10
    endloop
  endfacet
  facet normal -0.555555 0.83148 0
    outer loop
      vertex -55.5 -11.2583 10
      vertex -54.0861 -10.3136 0
      vertex -55.5 -11.2583 0
    endloop
  endfacet
  facet normal -0.195121 -0.980779 0
    outer loop
      vertex -60.3032 12.8888 0
      vertex -58.6354 12.557 10
      vertex -60.3032 12.8888 10
    endloop
  endfacet
  facet normal -0.195121 -0.980779 -0
    outer loop
      vertex -58.6354 12.557 10
      vertex -60.3032 12.8888 0
      vertex -58.6354 12.557 0
    endloop
  endfacet
  facet normal 0.980779 -0.19512 0
    outer loop
      vertex -74.8888 1.69684 10
      vertex -74.557 3.36465 0
      vertex -74.557 3.36465 10
    endloop
  endfacet
  facet normal 0.980779 -0.19512 0
    outer loop
      vertex -74.557 3.36465 0
      vertex -74.8888 1.69684 10
      vertex -74.8888 1.69684 0
    endloop
  endfacet
  facet normal -0.83148 0.555555 0
    outer loop
      vertex -51.6864 -7.9139 0
      vertex -50.7417 -6.5 10
      vertex -50.7417 -6.5 0
    endloop
  endfacet
  facet normal -0.83148 0.555555 0
    outer loop
      vertex -50.7417 -6.5 10
      vertex -51.6864 -7.9139 0
      vertex -51.6864 -7.9139 10
    endloop
  endfacet
  facet normal -0.83148 -0.555555 0
    outer loop
      vertex -50.7417 6.5 0
      vertex -51.6864 7.9139 10
      vertex -51.6864 7.9139 0
    endloop
  endfacet
  facet normal -0.83148 -0.555555 0
    outer loop
      vertex -51.6864 7.9139 10
      vertex -50.7417 6.5 0
      vertex -50.7417 6.5 10
    endloop
  endfacet
  facet normal 0.555555 -0.83148 0
    outer loop
      vertex -69.9139 10.3136 0
      vertex -68.5 11.2583 10
      vertex -69.9139 10.3136 10
    endloop
  endfacet
  facet normal 0.555555 -0.83148 0
    outer loop
      vertex -68.5 11.2583 10
      vertex -69.9139 10.3136 0
      vertex -68.5 11.2583 0
    endloop
  endfacet
  facet normal -0.980779 -0.19512 0
    outer loop
      vertex -49.1112 1.69684 0
      vertex -49.443 3.36465 10
      vertex -49.443 3.36465 0
    endloop
  endfacet
  facet normal -0.980779 -0.19512 0
    outer loop
      vertex -49.443 3.36465 10
      vertex -49.1112 1.69684 0
      vertex -49.1112 1.69684 10
    endloop
  endfacet
  facet normal -0.659344 0.751841 0
    outer loop
      vertex -52.8076 -9.19239 0
      vertex -54.0861 -10.3136 10
      vertex -52.8076 -9.19239 10
    endloop
  endfacet
  facet normal -0.659344 0.751841 0
    outer loop
      vertex -54.0861 -10.3136 10
      vertex -52.8076 -9.19239 0
      vertex -54.0861 -10.3136 0
    endloop
  endfacet
  facet normal 0.751841 0.659344 0
    outer loop
      vertex -71.1924 -9.19239 10
      vertex -72.3136 -7.9139 0
      vertex -72.3136 -7.9139 10
    endloop
  endfacet
  facet normal 0.751841 0.659344 0
    outer loop
      vertex -72.3136 -7.9139 0
      vertex -71.1924 -9.19239 10
      vertex -71.1924 -9.19239 0
    endloop
  endfacet
  facet normal 0.94693 0.32144 0
    outer loop
      vertex -74.0104 -4.97488 10
      vertex -74.557 -3.36465 0
      vertex -74.557 -3.36465 10
    endloop
  endfacet
  facet normal 0.94693 0.32144 0
    outer loop
      vertex -74.557 -3.36465 0
      vertex -74.0104 -4.97488 10
      vertex -74.0104 -4.97488 0
    endloop
  endfacet
  facet normal 0.195121 -0.980779 0
    outer loop
      vertex -65.3646 12.557 0
      vertex -63.6968 12.8888 10
      vertex -65.3646 12.557 10
    endloop
  endfacet
  facet normal 0.195121 -0.980779 0
    outer loop
      vertex -63.6968 12.8888 10
      vertex -65.3646 12.557 0
      vertex -63.6968 12.8888 0
    endloop
  endfacet
  facet normal 0.195121 0.980779 -0
    outer loop
      vertex -63.6968 -12.8888 0
      vertex -65.3646 -12.557 10
      vertex -63.6968 -12.8888 10
    endloop
  endfacet
  facet normal 0.195121 0.980779 0
    outer loop
      vertex -65.3646 -12.557 10
      vertex -63.6968 -12.8888 0
      vertex -65.3646 -12.557 0
    endloop
  endfacet
  facet normal -0.195121 0.980779 0
    outer loop
      vertex -58.6354 -12.557 0
      vertex -60.3032 -12.8888 10
      vertex -58.6354 -12.557 10
    endloop
  endfacet
  facet normal -0.195121 0.980779 0
    outer loop
      vertex -60.3032 -12.8888 10
      vertex -58.6354 -12.557 0
      vertex -60.3032 -12.8888 0
    endloop
  endfacet
  facet normal -0.0653948 0.997859 0
    outer loop
      vertex -60.3032 -12.8888 0
      vertex -62 -13 10
      vertex -60.3032 -12.8888 10
    endloop
  endfacet
  facet normal -0.0653948 0.997859 0
    outer loop
      vertex -62 -13 10
      vertex -60.3032 -12.8888 0
      vertex -62 -13 0
    endloop
  endfacet
  facet normal 0.0653948 0.997859 -0
    outer loop
      vertex -62 -13 0
      vertex -63.6968 -12.8888 10
      vertex -62 -13 10
    endloop
  endfacet
  facet normal 0.0653948 0.997859 0
    outer loop
      vertex -63.6968 -12.8888 10
      vertex -62 -13 0
      vertex -63.6968 -12.8888 0
    endloop
  endfacet
  facet normal 0.83148 -0.555555 0
    outer loop
      vertex -73.2583 6.5 10
      vertex -72.3136 7.9139 0
      vertex -72.3136 7.9139 10
    endloop
  endfacet
  facet normal 0.83148 -0.555555 0
    outer loop
      vertex -72.3136 7.9139 0
      vertex -73.2583 6.5 10
      vertex -73.2583 6.5 0
    endloop
  endfacet
  facet normal -0.321427 -0.946934 0
    outer loop
      vertex -58.6354 12.557 0
      vertex -57.0251 12.0104 10
      vertex -58.6354 12.557 10
    endloop
  endfacet
  facet normal -0.321427 -0.946934 -0
    outer loop
      vertex -57.0251 12.0104 10
      vertex -58.6354 12.557 0
      vertex -57.0251 12.0104 0
    endloop
  endfacet
  facet normal -0.442291 -0.896872 0
    outer loop
      vertex -57.0251 12.0104 0
      vertex -55.5 11.2583 10
      vertex -57.0251 12.0104 10
    endloop
  endfacet
  facet normal -0.442291 -0.896872 -0
    outer loop
      vertex -55.5 11.2583 10
      vertex -57.0251 12.0104 0
      vertex -55.5 11.2583 0
    endloop
  endfacet
  facet normal 0.0653948 -0.997859 0
    outer loop
      vertex -63.6968 12.8888 0
      vertex -62 13 10
      vertex -63.6968 12.8888 10
    endloop
  endfacet
  facet normal 0.0653948 -0.997859 0
    outer loop
      vertex -62 13 10
      vertex -63.6968 12.8888 0
      vertex -62 13 0
    endloop
  endfacet
  facet normal 0.94693 -0.32144 0
    outer loop
      vertex -74.557 3.36465 10
      vertex -74.0104 4.97488 0
      vertex -74.0104 4.97488 10
    endloop
  endfacet
  facet normal 0.94693 -0.32144 0
    outer loop
      vertex -74.0104 4.97488 0
      vertex -74.557 3.36465 10
      vertex -74.557 3.36465 0
    endloop
  endfacet
  facet normal 0.99786 0.0653933 0
    outer loop
      vertex -74.8888 -1.69684 10
      vertex -75 0 0
      vertex -75 0 10
    endloop
  endfacet
  facet normal 0.99786 0.0653933 0
    outer loop
      vertex -75 0 0
      vertex -74.8888 -1.69684 10
      vertex -74.8888 -1.69684 0
    endloop
  endfacet
  facet normal 0.321427 -0.946934 0
    outer loop
      vertex -66.9749 12.0104 0
      vertex -65.3646 12.557 10
      vertex -66.9749 12.0104 10
    endloop
  endfacet
  facet normal 0.321427 -0.946934 0
    outer loop
      vertex -65.3646 12.557 10
      vertex -66.9749 12.0104 0
      vertex -65.3646 12.557 0
    endloop
  endfacet
  facet normal 0.83148 0.555555 0
    outer loop
      vertex -72.3136 -7.9139 10
      vertex -73.2583 -6.5 0
      vertex -73.2583 -6.5 10
    endloop
  endfacet
  facet normal 0.83148 0.555555 0
    outer loop
      vertex -73.2583 -6.5 0
      vertex -72.3136 -7.9139 10
      vertex -72.3136 -7.9139 0
    endloop
  endfacet
  facet normal 0.896874 0.442286 0
    outer loop
      vertex -73.2583 -6.5 10
      vertex -74.0104 -4.97488 0
      vertex -74.0104 -4.97488 10
    endloop
  endfacet
  facet normal 0.896874 0.442286 0
    outer loop
      vertex -74.0104 -4.97488 0
      vertex -73.2583 -6.5 10
      vertex -73.2583 -6.5 0
    endloop
  endfacet
  facet normal 0.659344 -0.751841 0
    outer loop
      vertex -71.1924 9.19239 0
      vertex -69.9139 10.3136 10
      vertex -71.1924 9.19239 10
    endloop
  endfacet
  facet normal 0.659344 -0.751841 0
    outer loop
      vertex -69.9139 10.3136 10
      vertex -71.1924 9.19239 0
      vertex -69.9139 10.3136 0
    endloop
  endfacet
  facet normal -0.94693 0.32144 0
    outer loop
      vertex -49.9896 -4.97488 0
      vertex -49.443 -3.36465 10
      vertex -49.443 -3.36465 0
    endloop
  endfacet
  facet normal -0.94693 0.32144 0
    outer loop
      vertex -49.443 -3.36465 10
      vertex -49.9896 -4.97488 0
      vertex -49.9896 -4.97488 10
    endloop
  endfacet
  facet normal -0.99786 0.0653933 0
    outer loop
      vertex -49.1112 -1.69684 0
      vertex -49 0 10
      vertex -49 0 0
    endloop
  endfacet
  facet normal -0.99786 0.0653933 0
    outer loop
      vertex -49 0 10
      vertex -49.1112 -1.69684 0
      vertex -49.1112 -1.69684 10
    endloop
  endfacet
  facet normal 0.980779 0.19512 0
    outer loop
      vertex -74.557 -3.36465 10
      vertex -74.8888 -1.69684 0
      vertex -74.8888 -1.69684 10
    endloop
  endfacet
  facet normal 0.980779 0.19512 0
    outer loop
      vertex -74.8888 -1.69684 0
      vertex -74.557 -3.36465 10
      vertex -74.557 -3.36465 0
    endloop
  endfacet
  facet normal -0.321427 0.946934 0
    outer loop
      vertex -57.0251 -12.0104 0
      vertex -58.6354 -12.557 10
      vertex -57.0251 -12.0104 10
    endloop
  endfacet
  facet normal -0.321427 0.946934 0
    outer loop
      vertex -58.6354 -12.557 10
      vertex -57.0251 -12.0104 0
      vertex -58.6354 -12.557 0
    endloop
  endfacet
  facet normal 0.896874 -0.442286 0
    outer loop
      vertex -74.0104 4.97488 10
      vertex -73.2583 6.5 0
      vertex -73.2583 6.5 10
    endloop
  endfacet
  facet normal 0.896874 -0.442286 0
    outer loop
      vertex -73.2583 6.5 0
      vertex -74.0104 4.97488 10
      vertex -74.0104 4.97488 0
    endloop
  endfacet
  facet normal -0.751841 0.659344 0
    outer loop
      vertex -52.8076 -9.19239 0
      vertex -51.6864 -7.9139 10
      vertex -51.6864 -7.9139 0
    endloop
  endfacet
  facet normal -0.751841 0.659344 0
    outer loop
      vertex -51.6864 -7.9139 10
      vertex -52.8076 -9.19239 0
      vertex -52.8076 -9.19239 10
    endloop
  endfacet
  facet normal -0.751841 -0.659344 0
    outer loop
      vertex -51.6864 7.9139 0
      vertex -52.8076 9.19239 10
      vertex -52.8076 9.19239 0
    endloop
  endfacet
  facet normal -0.751841 -0.659344 0
    outer loop
      vertex -52.8076 9.19239 10
      vertex -51.6864 7.9139 0
      vertex -51.6864 7.9139 10
    endloop
  endfacet
  facet normal -0.442291 0.896872 0
    outer loop
      vertex -55.5 -11.2583 0
      vertex -57.0251 -12.0104 10
      vertex -55.5 -11.2583 10
    endloop
  endfacet
  facet normal -0.442291 0.896872 0
    outer loop
      vertex -57.0251 -12.0104 10
      vertex -55.5 -11.2583 0
      vertex -57.0251 -12.0104 0
    endloop
  endfacet
  facet normal -0.659344 -0.751841 0
    outer loop
      vertex -54.0861 10.3136 0
      vertex -52.8076 9.19239 10
      vertex -54.0861 10.3136 10
    endloop
  endfacet
  facet normal -0.659344 -0.751841 -0
    outer loop
      vertex -52.8076 9.19239 10
      vertex -54.0861 10.3136 0
      vertex -52.8076 9.19239 0
    endloop
  endfacet
  facet normal 0.555555 0.83148 -0
    outer loop
      vertex -68.5 -11.2583 0
      vertex -69.9139 -10.3136 10
      vertex -68.5 -11.2583 10
    endloop
  endfacet
  facet normal 0.555555 0.83148 0
    outer loop
      vertex -69.9139 -10.3136 10
      vertex -68.5 -11.2583 0
      vertex -69.9139 -10.3136 0
    endloop
  endfacet
  facet normal 0.659344 0.751841 -0
    outer loop
      vertex -69.9139 -10.3136 0
      vertex -71.1924 -9.19239 10
      vertex -69.9139 -10.3136 10
    endloop
  endfacet
  facet normal 0.659344 0.751841 0
    outer loop
      vertex -71.1924 -9.19239 10
      vertex -69.9139 -10.3136 0
      vertex -71.1924 -9.19239 0
    endloop
  endfacet
  facet normal -0.99786 -0.0653933 0
    outer loop
      vertex -49 0 0
      vertex -49.1112 1.69684 10
      vertex -49.1112 1.69684 0
    endloop
  endfacet
  facet normal -0.99786 -0.0653933 0
    outer loop
      vertex -49.1112 1.69684 10
      vertex -49 0 0
      vertex -49 0 10
    endloop
  endfacet
  facet normal -0.896874 -0.442286 0
    outer loop
      vertex -49.9896 4.97488 0
      vertex -50.7417 6.5 10
      vertex -50.7417 6.5 0
    endloop
  endfacet
  facet normal -0.896874 -0.442286 0
    outer loop
      vertex -50.7417 6.5 10
      vertex -49.9896 4.97488 0
      vertex -49.9896 4.97488 10
    endloop
  endfacet
  facet normal -0.65933 0.751854 0
    outer loop
      vertex 15.3435 22.9052 0
      vertex 15.1566 22.7413 7.81
      vertex 15.3435 22.9052 7.81
    endloop
  endfacet
  facet normal -0.65933 0.751854 0
    outer loop
      vertex 15.1566 22.7413 7.81
      vertex 15.3435 22.9052 0
      vertex 15.1566 22.7413 0
    endloop
  endfacet
  facet normal 0.896748 0.442541 0
    outer loop
      vertex 12.3546 23.2987 7.81
      vertex 12.2446 23.5216 0
      vertex 12.2446 23.5216 7.81
    endloop
  endfacet
  facet normal 0.896748 0.442541 0
    outer loop
      vertex 12.2446 23.5216 0
      vertex 12.3546 23.2987 7.81
      vertex 12.3546 23.2987 0
    endloop
  endfacet
  facet normal -0.831679 -0.555257 0
    outer loop
      vertex 15.6454 25.1987 0
      vertex 15.5074 25.4054 7.81
      vertex 15.5074 25.4054 0
    endloop
  endfacet
  facet normal -0.831679 -0.555257 0
    outer loop
      vertex 15.5074 25.4054 7.81
      vertex 15.6454 25.1987 0
      vertex 15.6454 25.1987 7.81
    endloop
  endfacet
  facet normal 0.442541 0.896748 -0
    outer loop
      vertex 13.2729 22.4933 0
      vertex 13.05 22.6033 7.81
      vertex 13.2729 22.4933 7.81
    endloop
  endfacet
  facet normal 0.442541 0.896748 0
    outer loop
      vertex 13.05 22.6033 7.81
      vertex 13.2729 22.4933 0
      vertex 13.05 22.6033 0
    endloop
  endfacet
  facet normal -0.831555 0.555443 0
    outer loop
      vertex 15.5074 23.0921 0
      vertex 15.6454 23.2987 7.81
      vertex 15.6454 23.2987 0
    endloop
  endfacet
  facet normal -0.831555 0.555443 0
    outer loop
      vertex 15.6454 23.2987 7.81
      vertex 15.5074 23.0921 0
      vertex 15.5074 23.0921 7.81
    endloop
  endfacet
  facet normal -0.321174 0.94702 0
    outer loop
      vertex 14.7271 22.4933 0
      vertex 14.4918 22.4135 7.81
      vertex 14.7271 22.4933 7.81
    endloop
  endfacet
  facet normal -0.321174 0.94702 0
    outer loop
      vertex 14.4918 22.4135 7.81
      vertex 14.7271 22.4933 0
      vertex 14.4918 22.4135 0
    endloop
  endfacet
  facet normal 0.751679 -0.65953 0
    outer loop
      vertex 12.4926 25.4054 7.81
      vertex 12.6565 25.5922 0
      vertex 12.6565 25.5922 7.81
    endloop
  endfacet
  facet normal 0.751679 -0.65953 0
    outer loop
      vertex 12.6565 25.5922 0
      vertex 12.4926 25.4054 7.81
      vertex 12.4926 25.4054 0
    endloop
  endfacet
  facet normal -0.65933 -0.751854 0
    outer loop
      vertex 15.1566 25.7561 0
      vertex 15.3435 25.5922 7.81
      vertex 15.1566 25.7561 7.81
    endloop
  endfacet
  facet normal -0.65933 -0.751854 -0
    outer loop
      vertex 15.3435 25.5922 7.81
      vertex 15.1566 25.7561 0
      vertex 15.3435 25.5922 0
    endloop
  endfacet
  facet normal -0.321535 -0.946898 0
    outer loop
      vertex 14.4918 26.084 0
      vertex 14.7271 26.0041 7.81
      vertex 14.4918 26.084 7.81
    endloop
  endfacet
  facet normal -0.321535 -0.946898 -0
    outer loop
      vertex 14.7271 26.0041 7.81
      vertex 14.4918 26.084 0
      vertex 14.7271 26.0041 0
    endloop
  endfacet
  facet normal 0.555443 0.831555 -0
    outer loop
      vertex 13.05 22.6033 0
      vertex 12.8434 22.7413 7.81
      vertex 13.05 22.6033 7.81
    endloop
  endfacet
  facet normal 0.555443 0.831555 0
    outer loop
      vertex 12.8434 22.7413 7.81
      vertex 13.05 22.6033 0
      vertex 12.8434 22.7413 0
    endloop
  endfacet
  facet normal 0.321535 -0.946898 0
    outer loop
      vertex 13.2729 26.0041 0
      vertex 13.5082 26.084 7.81
      vertex 13.2729 26.0041 7.81
    endloop
  endfacet
  facet normal 0.321535 -0.946898 0
    outer loop
      vertex 13.5082 26.084 7.81
      vertex 13.2729 26.0041 0
      vertex 13.5082 26.084 0
    endloop
  endfacet
  facet normal 0.896748 -0.442541 0
    outer loop
      vertex 12.2446 24.9758 7.81
      vertex 12.3546 25.1987 0
      vertex 12.3546 25.1987 7.81
    endloop
  endfacet
  facet normal 0.896748 -0.442541 0
    outer loop
      vertex 12.3546 25.1987 0
      vertex 12.2446 24.9758 7.81
      vertex 12.2446 24.9758 0
    endloop
  endfacet
  facet normal -0.751679 -0.65953 0
    outer loop
      vertex 15.5074 25.4054 0
      vertex 15.3435 25.5922 7.81
      vertex 15.3435 25.5922 0
    endloop
  endfacet
  facet normal -0.751679 -0.65953 0
    outer loop
      vertex 15.3435 25.5922 7.81
      vertex 15.5074 25.4054 0
      vertex 15.5074 25.4054 7.81
    endloop
  endfacet
  facet normal 0.0651837 -0.997873 0
    outer loop
      vertex 13.752 26.1325 0
      vertex 14 26.1487 7.81
      vertex 13.752 26.1325 7.81
    endloop
  endfacet
  facet normal 0.0651837 -0.997873 0
    outer loop
      vertex 14 26.1487 7.81
      vertex 13.752 26.1325 0
      vertex 14 26.1487 0
    endloop
  endfacet
  facet normal 0.19511 -0.980781 0
    outer loop
      vertex 13.5082 26.084 0
      vertex 13.752 26.1325 7.81
      vertex 13.5082 26.084 7.81
    endloop
  endfacet
  facet normal 0.19511 -0.980781 0
    outer loop
      vertex 13.752 26.1325 7.81
      vertex 13.5082 26.084 0
      vertex 13.752 26.1325 0
    endloop
  endfacet
  facet normal 0.831679 -0.555257 0
    outer loop
      vertex 12.3546 25.1987 7.81
      vertex 12.4926 25.4054 0
      vertex 12.4926 25.4054 7.81
    endloop
  endfacet
  facet normal 0.831679 -0.555257 0
    outer loop
      vertex 12.4926 25.4054 0
      vertex 12.3546 25.1987 7.81
      vertex 12.3546 25.1987 0
    endloop
  endfacet
  facet normal -0.946939 0.321412 0
    outer loop
      vertex 15.7554 23.5216 0
      vertex 15.8353 23.757 7.81
      vertex 15.8353 23.757 0
    endloop
  endfacet
  facet normal -0.946939 0.321412 0
    outer loop
      vertex 15.8353 23.757 7.81
      vertex 15.7554 23.5216 0
      vertex 15.7554 23.5216 7.81
    endloop
  endfacet
  facet normal -0.555721 -0.831369 0
    outer loop
      vertex 14.95 25.8942 0
      vertex 15.1566 25.7561 7.81
      vertex 14.95 25.8942 7.81
    endloop
  endfacet
  facet normal -0.555721 -0.831369 -0
    outer loop
      vertex 15.1566 25.7561 7.81
      vertex 14.95 25.8942 0
      vertex 15.1566 25.7561 0
    endloop
  endfacet
  facet normal -0.997847 -0.0655843 0
    outer loop
      vertex 15.9 24.2487 0
      vertex 15.8837 24.4967 7.81
      vertex 15.8837 24.4967 0
    endloop
  endfacet
  facet normal -0.997847 -0.0655843 0
    outer loop
      vertex 15.8837 24.4967 7.81
      vertex 15.9 24.2487 0
      vertex 15.9 24.2487 7.81
    endloop
  endfacet
  facet normal -0.442217 -0.896908 0
    outer loop
      vertex 14.7271 26.0041 0
      vertex 14.95 25.8942 7.81
      vertex 14.7271 26.0041 7.81
    endloop
  endfacet
  facet normal -0.442217 -0.896908 -0
    outer loop
      vertex 14.95 25.8942 7.81
      vertex 14.7271 26.0041 0
      vertex 14.95 25.8942 0
    endloop
  endfacet
  facet normal 0.946939 0.321412 0
    outer loop
      vertex 12.2446 23.5216 7.81
      vertex 12.1647 23.757 0
      vertex 12.1647 23.757 7.81
    endloop
  endfacet
  facet normal 0.946939 0.321412 0
    outer loop
      vertex 12.1647 23.757 0
      vertex 12.2446 23.5216 7.81
      vertex 12.2446 23.5216 0
    endloop
  endfacet
  facet normal -0.0655843 0.997847 0
    outer loop
      vertex 14.248 22.365 0
      vertex 14 22.3487 7.81
      vertex 14.248 22.365 7.81
    endloop
  endfacet
  facet normal -0.0655843 0.997847 0
    outer loop
      vertex 14 22.3487 7.81
      vertex 14.248 22.365 0
      vertex 14 22.3487 0
    endloop
  endfacet
  facet normal -0.19511 -0.980781 0
    outer loop
      vertex 14.248 26.1325 0
      vertex 14.4918 26.084 7.81
      vertex 14.248 26.1325 7.81
    endloop
  endfacet
  facet normal -0.19511 -0.980781 -0
    outer loop
      vertex 14.4918 26.084 7.81
      vertex 14.248 26.1325 0
      vertex 14.4918 26.084 0
    endloop
  endfacet
  facet normal -0.997847 0.0655843 0
    outer loop
      vertex 15.8837 24.0007 0
      vertex 15.9 24.2487 7.81
      vertex 15.9 24.2487 0
    endloop
  endfacet
  facet normal -0.997847 0.0655843 0
    outer loop
      vertex 15.9 24.2487 7.81
      vertex 15.8837 24.0007 0
      vertex 15.8837 24.0007 7.81
    endloop
  endfacet
  facet normal -0.442541 0.896748 0
    outer loop
      vertex 14.95 22.6033 0
      vertex 14.7271 22.4933 7.81
      vertex 14.95 22.6033 7.81
    endloop
  endfacet
  facet normal -0.442541 0.896748 0
    outer loop
      vertex 14.7271 22.4933 7.81
      vertex 14.95 22.6033 0
      vertex 14.7271 22.4933 0
    endloop
  endfacet
  facet normal -0.980843 0.1948 0
    outer loop
      vertex 15.8353 23.757 0
      vertex 15.8837 24.0007 7.81
      vertex 15.8837 24.0007 0
    endloop
  endfacet
  facet normal -0.980843 0.1948 0
    outer loop
      vertex 15.8837 24.0007 7.81
      vertex 15.8353 23.757 0
      vertex 15.8353 23.757 7.81
    endloop
  endfacet
  facet normal -0.0651837 -0.997873 0
    outer loop
      vertex 14 26.1487 0
      vertex 14.248 26.1325 7.81
      vertex 14 26.1487 7.81
    endloop
  endfacet
  facet normal -0.0651837 -0.997873 -0
    outer loop
      vertex 14.248 26.1325 7.81
      vertex 14 26.1487 0
      vertex 14.248 26.1325 0
    endloop
  endfacet
  facet normal 0.831555 0.555443 0
    outer loop
      vertex 12.4926 23.0921 7.81
      vertex 12.3546 23.2987 0
      vertex 12.3546 23.2987 7.81
    endloop
  endfacet
  facet normal 0.831555 0.555443 0
    outer loop
      vertex 12.3546 23.2987 0
      vertex 12.4926 23.0921 7.81
      vertex 12.4926 23.0921 0
    endloop
  endfacet
  facet normal -0.896748 -0.442541 0
    outer loop
      vertex 15.7554 24.9758 0
      vertex 15.6454 25.1987 7.81
      vertex 15.6454 25.1987 0
    endloop
  endfacet
  facet normal -0.896748 -0.442541 0
    outer loop
      vertex 15.6454 25.1987 7.81
      vertex 15.7554 24.9758 0
      vertex 15.7554 24.9758 7.81
    endloop
  endfacet
  facet normal 0.555721 -0.831369 0
    outer loop
      vertex 12.8434 25.7561 0
      vertex 13.05 25.8942 7.81
      vertex 12.8434 25.7561 7.81
    endloop
  endfacet
  facet normal 0.555721 -0.831369 0
    outer loop
      vertex 13.05 25.8942 7.81
      vertex 12.8434 25.7561 0
      vertex 13.05 25.8942 0
    endloop
  endfacet
  facet normal 0.0655843 0.997847 -0
    outer loop
      vertex 14 22.3487 0
      vertex 13.752 22.365 7.81
      vertex 14 22.3487 7.81
    endloop
  endfacet
  facet normal 0.0655843 0.997847 0
    outer loop
      vertex 13.752 22.365 7.81
      vertex 14 22.3487 0
      vertex 13.752 22.365 0
    endloop
  endfacet
  facet normal 0.751854 0.65933 0
    outer loop
      vertex 12.6565 22.9052 7.81
      vertex 12.4926 23.0921 0
      vertex 12.4926 23.0921 7.81
    endloop
  endfacet
  facet normal 0.751854 0.65933 0
    outer loop
      vertex 12.4926 23.0921 0
      vertex 12.6565 22.9052 7.81
      vertex 12.6565 22.9052 0
    endloop
  endfacet
  facet normal -0.555443 0.831555 0
    outer loop
      vertex 15.1566 22.7413 0
      vertex 14.95 22.6033 7.81
      vertex 15.1566 22.7413 7.81
    endloop
  endfacet
  facet normal -0.555443 0.831555 0
    outer loop
      vertex 14.95 22.6033 7.81
      vertex 15.1566 22.7413 0
      vertex 14.95 22.6033 0
    endloop
  endfacet
  facet normal 0.997847 -0.0655843 0
    outer loop
      vertex 12.1 24.2487 7.81
      vertex 12.1163 24.4967 0
      vertex 12.1163 24.4967 7.81
    endloop
  endfacet
  facet normal 0.997847 -0.0655843 0
    outer loop
      vertex 12.1163 24.4967 0
      vertex 12.1 24.2487 7.81
      vertex 12.1 24.2487 0
    endloop
  endfacet
  facet normal 0.321174 0.94702 -0
    outer loop
      vertex 13.5082 22.4135 0
      vertex 13.2729 22.4933 7.81
      vertex 13.5082 22.4135 7.81
    endloop
  endfacet
  facet normal 0.321174 0.94702 0
    outer loop
      vertex 13.2729 22.4933 7.81
      vertex 13.5082 22.4135 0
      vertex 13.2729 22.4933 0
    endloop
  endfacet
  facet normal -0.751854 0.65933 0
    outer loop
      vertex 15.3435 22.9052 0
      vertex 15.5074 23.0921 7.81
      vertex 15.5074 23.0921 0
    endloop
  endfacet
  facet normal -0.751854 0.65933 0
    outer loop
      vertex 15.5074 23.0921 7.81
      vertex 15.3435 22.9052 0
      vertex 15.3435 22.9052 7.81
    endloop
  endfacet
  facet normal 0.19511 0.980781 -0
    outer loop
      vertex 13.752 22.365 0
      vertex 13.5082 22.4135 7.81
      vertex 13.752 22.365 7.81
    endloop
  endfacet
  facet normal 0.19511 0.980781 0
    outer loop
      vertex 13.5082 22.4135 7.81
      vertex 13.752 22.365 0
      vertex 13.5082 22.4135 0
    endloop
  endfacet
  facet normal 0.980858 -0.194723 0
    outer loop
      vertex 12.1163 24.4967 7.81
      vertex 12.1647 24.7405 0
      vertex 12.1647 24.7405 7.81
    endloop
  endfacet
  facet normal 0.980858 -0.194723 0
    outer loop
      vertex 12.1647 24.7405 0
      vertex 12.1163 24.4967 7.81
      vertex 12.1163 24.4967 0
    endloop
  endfacet
  facet normal -0.896748 0.442541 0
    outer loop
      vertex 15.6454 23.2987 0
      vertex 15.7554 23.5216 7.81
      vertex 15.7554 23.5216 0
    endloop
  endfacet
  facet normal -0.896748 0.442541 0
    outer loop
      vertex 15.7554 23.5216 7.81
      vertex 15.6454 23.2987 0
      vertex 15.6454 23.2987 7.81
    endloop
  endfacet
  facet normal -0.946898 -0.321535 0
    outer loop
      vertex 15.8353 24.7405 0
      vertex 15.7554 24.9758 7.81
      vertex 15.7554 24.9758 0
    endloop
  endfacet
  facet normal -0.946898 -0.321535 0
    outer loop
      vertex 15.7554 24.9758 7.81
      vertex 15.8353 24.7405 0
      vertex 15.8353 24.7405 7.81
    endloop
  endfacet
  facet normal 0.65933 -0.751854 0
    outer loop
      vertex 12.6565 25.5922 0
      vertex 12.8434 25.7561 7.81
      vertex 12.6565 25.5922 7.81
    endloop
  endfacet
  facet normal 0.65933 -0.751854 0
    outer loop
      vertex 12.8434 25.7561 7.81
      vertex 12.6565 25.5922 0
      vertex 12.8434 25.7561 0
    endloop
  endfacet
  facet normal 0.65933 0.751854 -0
    outer loop
      vertex 12.8434 22.7413 0
      vertex 12.6565 22.9052 7.81
      vertex 12.8434 22.7413 7.81
    endloop
  endfacet
  facet normal 0.65933 0.751854 0
    outer loop
      vertex 12.6565 22.9052 7.81
      vertex 12.8434 22.7413 0
      vertex 12.6565 22.9052 0
    endloop
  endfacet
  facet normal 0.997847 0.0655843 0
    outer loop
      vertex 12.1163 24.0007 7.81
      vertex 12.1 24.2487 0
      vertex 12.1 24.2487 7.81
    endloop
  endfacet
  facet normal 0.997847 0.0655843 0
    outer loop
      vertex 12.1 24.2487 0
      vertex 12.1163 24.0007 7.81
      vertex 12.1163 24.0007 0
    endloop
  endfacet
  facet normal -0.19511 0.980781 0
    outer loop
      vertex 14.4918 22.4135 0
      vertex 14.248 22.365 7.81
      vertex 14.4918 22.4135 7.81
    endloop
  endfacet
  facet normal -0.19511 0.980781 0
    outer loop
      vertex 14.248 22.365 7.81
      vertex 14.4918 22.4135 0
      vertex 14.248 22.365 0
    endloop
  endfacet
  facet normal 0.980843 0.1948 0
    outer loop
      vertex 12.1647 23.757 7.81
      vertex 12.1163 24.0007 0
      vertex 12.1163 24.0007 7.81
    endloop
  endfacet
  facet normal 0.980843 0.1948 0
    outer loop
      vertex 12.1163 24.0007 0
      vertex 12.1647 23.757 7.81
      vertex 12.1647 23.757 0
    endloop
  endfacet
  facet normal 0.442217 -0.896908 0
    outer loop
      vertex 13.05 25.8942 0
      vertex 13.2729 26.0041 7.81
      vertex 13.05 25.8942 7.81
    endloop
  endfacet
  facet normal 0.442217 -0.896908 0
    outer loop
      vertex 13.2729 26.0041 7.81
      vertex 13.05 25.8942 0
      vertex 13.2729 26.0041 0
    endloop
  endfacet
  facet normal -0.980858 -0.194723 0
    outer loop
      vertex 15.8837 24.4967 0
      vertex 15.8353 24.7405 7.81
      vertex 15.8353 24.7405 0
    endloop
  endfacet
  facet normal -0.980858 -0.194723 0
    outer loop
      vertex 15.8353 24.7405 7.81
      vertex 15.8837 24.4967 0
      vertex 15.8837 24.4967 7.81
    endloop
  endfacet
  facet normal 0.946898 -0.321535 0
    outer loop
      vertex 12.1647 24.7405 7.81
      vertex 12.2446 24.9758 0
      vertex 12.2446 24.9758 7.81
    endloop
  endfacet
  facet normal 0.946898 -0.321535 0
    outer loop
      vertex 12.2446 24.9758 0
      vertex 12.1647 24.7405 7.81
      vertex 12.1647 24.7405 0
    endloop
  endfacet
  facet normal 0.7513 -0.149507 0.642804
    outer loop
      vertex 12.1163 24.4967 7.81
      vertex 10.3857 25.216 10
      vertex 10.2904 24.7371 10
    endloop
  endfacet
  facet normal 0.636998 0.425487 0.642802
    outer loop
      vertex 12.3546 23.2987 7.81
      vertex 10.7603 22.377 10
      vertex 12.4926 23.0921 7.81
    endloop
  endfacet
  facet normal 0.637362 0.424908 0.642824
    outer loop
      vertex 10.7603 22.377 10
      vertex 12.3546 23.2987 7.81
      vertex 10.7597 22.3779 10
    endloop
  endfacet
  facet normal -0.575971 0.505053 0.64279
    outer loop
      vertex 16.6465 21.6039 10
      vertex 16.9684 21.971 10
      vertex 15.5074 23.0921 7.81
    endloop
  endfacet
  facet normal -0.764402 -0.0500398 0.642796
    outer loop
      vertex 17.7416 24.2487 10
      vertex 17.7097 24.736 10
      vertex 15.9 24.2487 7.81
    endloop
  endfacet
  facet normal -0.424916 -0.637374 0.642807
    outer loop
      vertex 14.95 25.8942 7.81
      vertex 15.8717 27.4884 10
      vertex 15.8708 27.489 10
    endloop
  endfacet
  facet normal -0.425712 -0.636873 0.642777
    outer loop
      vertex 15.8717 27.4884 10
      vertex 14.95 25.8942 7.81
      vertex 15.1566 25.7561 7.81
    endloop
  endfacet
  facet normal -0.425612 -0.636928 0.642788
    outer loop
      vertex 16.2777 27.2171 10
      vertex 15.8717 27.4884 10
      vertex 15.1566 25.7561 7.81
    endloop
  endfacet
  facet normal 0.14951 -0.751316 0.642783
    outer loop
      vertex 13.752 26.1325 7.81
      vertex 13.5116 27.9583 10
      vertex 13.0327 27.863 10
    endloop
  endfacet
  facet normal -0.504974 -0.576037 0.642793
    outer loop
      vertex 16.6449 26.8952 10
      vertex 16.2777 27.2171 10
      vertex 15.1566 25.7561 7.81
    endloop
  endfacet
  facet normal 0.7513 0.149507 0.642804
    outer loop
      vertex 10.3857 23.2814 10
      vertex 12.1163 24.0007 7.81
      vertex 10.2904 23.7603 10
    endloop
  endfacet
  facet normal 0.636928 0.425612 0.642788
    outer loop
      vertex 11.0316 21.971 10
      vertex 12.4926 23.0921 7.81
      vertex 10.7603 22.377 10
    endloop
  endfacet
  facet normal -0.425612 0.636928 0.642788
    outer loop
      vertex 15.8717 21.009 10
      vertex 16.2777 21.2803 10
      vertex 15.1566 22.7413 7.81
    endloop
  endfacet
  facet normal -0.7513 0.149507 0.642804
    outer loop
      vertex 17.6143 23.2814 10
      vertex 17.7096 23.7603 10
      vertex 15.8837 24.0007 7.81
    endloop
  endfacet
  facet normal 0 0.768066 0.640371
    outer loop
      vertex 14.248 22.365 7.81
      vertex 14.4872 20.5391 10
      vertex 14.4884 20.5391 10
    endloop
  endfacet
  facet normal -0.0502402 0.76439 0.642793
    outer loop
      vertex 14.4872 20.5391 10
      vertex 14.248 22.365 7.81
      vertex 14 22.3487 7.81
    endloop
  endfacet
  facet normal -0.75138 0.149228 0.642775
    outer loop
      vertex 15.8353 23.757 7.81
      vertex 17.6143 23.2814 10
      vertex 15.8837 24.0007 7.81
    endloop
  endfacet
  facet normal -0.754069 0.137103 0.642326
    outer loop
      vertex 17.6143 23.2814 10
      vertex 15.8353 23.757 7.81
      vertex 17.6141 23.2803 10
    endloop
  endfacet
  facet normal -0.425487 0.636998 0.642802
    outer loop
      vertex 14.95 22.6033 7.81
      vertex 15.8717 21.009 10
      vertex 15.1566 22.7413 7.81
    endloop
  endfacet
  facet normal -0.424908 0.637362 0.642824
    outer loop
      vertex 15.8717 21.009 10
      vertex 14.95 22.6033 7.81
      vertex 15.8708 21.0084 10
    endloop
  endfacet
  facet normal -0.725419 -0.246147 0.642791
    outer loop
      vertex 17.6137 25.2182 10
      vertex 17.4568 25.6806 10
      vertex 15.7554 24.9758 7.81
    endloop
  endfacet
  facet normal -0.725406 0.246196 0.642786
    outer loop
      vertex 17.4568 22.8169 10
      vertex 17.6137 23.2792 10
      vertex 15.7554 23.5216 7.81
    endloop
  endfacet
  facet normal 0.764401 0.0500501 0.642795
    outer loop
      vertex 10.2903 23.7615 10
      vertex 12.1 24.2487 7.81
      vertex 10.2584 24.2487 10
    endloop
  endfacet
  facet normal -0.338816 -0.687044 0.642786
    outer loop
      vertex 15.8698 27.4895 10
      vertex 15.4318 27.7055 10
      vertex 14.7271 26.0041 7.81
    endloop
  endfacet
  facet normal -0.338761 -0.687078 0.64278
    outer loop
      vertex 14.95 25.8942 7.81
      vertex 15.8698 27.4895 10
      vertex 14.7271 26.0041 7.81
    endloop
  endfacet
  facet normal -0.342539 -0.685079 0.64291
    outer loop
      vertex 15.8698 27.4895 10
      vertex 14.95 25.8942 7.81
      vertex 15.8708 27.489 10
    endloop
  endfacet
  facet normal 0.0500501 -0.764401 0.642795
    outer loop
      vertex 14 26.1487 7.81
      vertex 14 27.9903 10
      vertex 13.5128 27.9584 10
    endloop
  endfacet
  facet normal -0.687002 -0.338873 0.642801
    outer loop
      vertex 17.4563 25.6816 10
      vertex 17.2403 26.1195 10
      vertex 15.6454 25.1987 7.81
    endloop
  endfacet
  facet normal -0.0500405 -0.764412 0.642783
    outer loop
      vertex 14.248 26.1325 7.81
      vertex 14.4884 27.9583 10
      vertex 14.0011 27.9902 10
    endloop
  endfacet
  facet normal 0.505075 0.575951 0.64279
    outer loop
      vertex 12.6565 22.9052 7.81
      vertex 11.3551 21.6023 10
      vertex 12.8434 22.7413 7.81
    endloop
  endfacet
  facet normal 0.504457 0.576523 0.642763
    outer loop
      vertex 11.3551 21.6023 10
      vertex 12.6565 22.9052 7.81
      vertex 11.3543 21.603 10
    endloop
  endfacet
  facet normal 0.725397 0.246216 0.642789
    outer loop
      vertex 10.3859 23.2803 10
      vertex 12.2446 23.5216 7.81
      vertex 12.1647 23.757 7.81
    endloop
  endfacet
  facet normal 0.721279 0.262283 0.641064
    outer loop
      vertex 12.2446 23.5216 7.81
      vertex 10.3859 23.2803 10
      vertex 10.3863 23.2792 10
    endloop
  endfacet
  facet normal 0.686956 0.339009 0.642779
    outer loop
      vertex 10.5432 22.8169 10
      vertex 12.3546 23.2987 7.81
      vertex 12.2446 23.5216 7.81
    endloop
  endfacet
  facet normal 0.685478 0.342739 0.642378
    outer loop
      vertex 12.3546 23.2987 7.81
      vertex 10.5432 22.8169 10
      vertex 10.5437 22.8159 10
    endloop
  endfacet
  facet normal -0.762463 -0.0693148 0.643308
    outer loop
      vertex 15.8837 24.4967 7.81
      vertex 17.7097 24.736 10
      vertex 17.7096 24.7371 10
    endloop
  endfacet
  facet normal -0.764372 -0.050239 0.642815
    outer loop
      vertex 17.7097 24.736 10
      vertex 15.8837 24.4967 7.81
      vertex 15.9 24.2487 7.81
    endloop
  endfacet
  facet normal -0.763515 0.0694104 0.64205
    outer loop
      vertex 15.9 24.2487 7.81
      vertex 17.7415 24.2476 10
      vertex 17.7416 24.2487 10
    endloop
  endfacet
  facet normal -0.764399 0.0502407 0.642783
    outer loop
      vertex 17.7415 24.2476 10
      vertex 15.9 24.2487 7.81
      vertex 15.8837 24.0007 7.81
    endloop
  endfacet
  facet normal -0.636936 -0.425618 0.642777
    outer loop
      vertex 17.2397 26.1204 10
      vertex 16.9684 26.5264 10
      vertex 15.5074 25.4054 7.81
    endloop
  endfacet
  facet normal -0.14951 -0.751316 0.642783
    outer loop
      vertex 14.9673 27.863 10
      vertex 14.4884 27.9583 10
      vertex 14.248 26.1325 7.81
    endloop
  endfacet
  facet normal 0.57596 0.505082 0.642777
    outer loop
      vertex 11.3536 21.6039 10
      vertex 12.6565 22.9052 7.81
      vertex 12.4926 23.0921 7.81
    endloop
  endfacet
  facet normal 0.606075 0.471391 0.640674
    outer loop
      vertex 12.6565 22.9052 7.81
      vertex 11.3536 21.6039 10
      vertex 11.3543 21.603 10
    endloop
  endfacet
  facet normal -0.0694104 -0.763515 0.64205
    outer loop
      vertex 14 26.1487 7.81
      vertex 14.0011 27.9902 10
      vertex 14 27.9903 10
    endloop
  endfacet
  facet normal -0.0499333 -0.764411 0.642793
    outer loop
      vertex 14.0011 27.9902 10
      vertex 14 26.1487 7.81
      vertex 14.248 26.1325 7.81
    endloop
  endfacet
  facet normal 0.262283 -0.721279 0.641064
    outer loop
      vertex 13.2729 26.0041 7.81
      vertex 13.0316 27.8628 10
      vertex 13.0305 27.8624 10
    endloop
  endfacet
  facet normal 0.246312 -0.725373 0.642779
    outer loop
      vertex 13.0316 27.8628 10
      vertex 13.2729 26.0041 7.81
      vertex 13.5082 26.084 7.81
    endloop
  endfacet
  facet normal 0.504974 -0.576037 0.642793
    outer loop
      vertex 12.8434 25.7561 7.81
      vertex 11.7223 27.2171 10
      vertex 11.3551 26.8952 10
    endloop
  endfacet
  facet normal -0.0502066 0.764395 0.64279
    outer loop
      vertex 14 20.5071 10
      vertex 14.4872 20.5391 10
      vertex 14 22.3487 7.81
    endloop
  endfacet
  facet normal -0.685472 -0.342736 0.642387
    outer loop
      vertex 15.6454 25.1987 7.81
      vertex 17.4568 25.6806 10
      vertex 17.4563 25.6816 10
    endloop
  endfacet
  facet normal -0.686949 -0.339006 0.642788
    outer loop
      vertex 17.4568 25.6806 10
      vertex 15.6454 25.1987 7.81
      vertex 15.7554 24.9758 7.81
    endloop
  endfacet
  facet normal 0.137104 -0.754072 0.642323
    outer loop
      vertex 13.5082 26.084 7.81
      vertex 13.0327 27.863 10
      vertex 13.0316 27.8628 10
    endloop
  endfacet
  facet normal 0.149465 -0.751329 0.642779
    outer loop
      vertex 13.0327 27.863 10
      vertex 13.5082 26.084 7.81
      vertex 13.752 26.1325 7.81
    endloop
  endfacet
  facet normal -0.636928 0.425612 0.642788
    outer loop
      vertex 16.9684 21.971 10
      vertex 17.2397 22.377 10
      vertex 15.5074 23.0921 7.81
    endloop
  endfacet
  facet normal -0.576523 -0.504457 0.642763
    outer loop
      vertex 15.3435 25.5922 7.81
      vertex 16.6464 26.8936 10
      vertex 16.6457 26.8944 10
    endloop
  endfacet
  facet normal -0.575813 -0.505224 0.642797
    outer loop
      vertex 16.6464 26.8936 10
      vertex 15.3435 25.5922 7.81
      vertex 15.5074 25.4054 7.81
    endloop
  endfacet
  facet normal 0.425487 0.636998 0.642802
    outer loop
      vertex 12.1283 21.009 10
      vertex 13.05 22.6033 7.81
      vertex 12.8434 22.7413 7.81
    endloop
  endfacet
  facet normal 0.424908 0.637362 0.642824
    outer loop
      vertex 13.05 22.6033 7.81
      vertex 12.1283 21.009 10
      vertex 12.1292 21.0084 10
    endloop
  endfacet
  facet normal 0.575896 0.505144 0.642786
    outer loop
      vertex 11.3536 21.6039 10
      vertex 12.4926 23.0921 7.81
      vertex 11.0316 21.971 10
    endloop
  endfacet
  facet normal -0.754072 -0.137104 0.642323
    outer loop
      vertex 15.8353 24.7405 7.81
      vertex 17.6143 25.216 10
      vertex 17.6141 25.2171 10
    endloop
  endfacet
  facet normal -0.751396 -0.14917 0.642769
    outer loop
      vertex 17.6143 25.216 10
      vertex 15.8353 24.7405 7.81
      vertex 15.8837 24.4967 7.81
    endloop
  endfacet
  facet normal -0.637362 -0.424908 0.642824
    outer loop
      vertex 17.2397 26.1204 10
      vertex 15.6454 25.1987 7.81
      vertex 17.2403 26.1195 10
    endloop
  endfacet
  facet normal -0.637089 -0.425342 0.642808
    outer loop
      vertex 15.6454 25.1987 7.81
      vertex 17.2397 26.1204 10
      vertex 15.5074 25.4054 7.81
    endloop
  endfacet
  facet normal -0.57597 -0.505072 0.642776
    outer loop
      vertex 16.9684 26.5264 10
      vertex 16.6464 26.8936 10
      vertex 15.5074 25.4054 7.81
    endloop
  endfacet
  facet normal 0.425612 0.636928 0.642788
    outer loop
      vertex 12.1283 21.009 10
      vertex 12.8434 22.7413 7.81
      vertex 11.7223 21.2803 10
    endloop
  endfacet
  facet normal -0.316224 0.695692 0.644992
    outer loop
      vertex 14.95 22.6033 7.81
      vertex 15.4318 20.7919 10
      vertex 15.4329 20.7924 10
    endloop
  endfacet
  facet normal -0.339009 0.686956 0.642779
    outer loop
      vertex 15.4318 20.7919 10
      vertex 14.95 22.6033 7.81
      vertex 14.7271 22.4933 7.81
    endloop
  endfacet
  facet normal -0.686935 0.338999 0.642807
    outer loop
      vertex 15.6454 23.2987 7.81
      vertex 17.2408 22.3789 10
      vertex 15.7554 23.5216 7.81
    endloop
  endfacet
  facet normal -0.685065 0.342532 0.642929
    outer loop
      vertex 17.2408 22.3789 10
      vertex 15.6454 23.2987 7.81
      vertex 17.2403 22.3779 10
    endloop
  endfacet
  facet normal -0.338873 0.687002 0.642801
    outer loop
      vertex 15.4329 20.7924 10
      vertex 15.8708 21.0084 10
      vertex 14.95 22.6033 7.81
    endloop
  endfacet
  facet normal -0.721279 -0.262283 0.641064
    outer loop
      vertex 15.7554 24.9758 7.81
      vertex 17.6141 25.2171 10
      vertex 17.6137 25.2182 10
    endloop
  endfacet
  facet normal -0.725373 -0.246312 0.642779
    outer loop
      vertex 17.6141 25.2171 10
      vertex 15.7554 24.9758 7.81
      vertex 15.8353 24.7405 7.81
    endloop
  endfacet
  facet normal 0.505065 0.575962 0.642789
    outer loop
      vertex 11.7223 21.2803 10
      vertex 12.8434 22.7413 7.81
      vertex 11.3551 21.6023 10
    endloop
  endfacet
  facet normal 0.425612 -0.636928 0.642788
    outer loop
      vertex 12.8434 25.7561 7.81
      vertex 12.1283 27.4884 10
      vertex 11.7223 27.2171 10
    endloop
  endfacet
  facet normal -0.764395 0.0500394 0.642803
    outer loop
      vertex 17.7096 23.7603 10
      vertex 17.7415 24.2476 10
      vertex 15.8837 24.0007 7.81
    endloop
  endfacet
  facet normal -0.541193 -0.541193 0.6436
    outer loop
      vertex 16.6449 26.8952 10
      vertex 15.3435 25.5922 7.81
      vertex 16.6457 26.8944 10
    endloop
  endfacet
  facet normal -0.505066 -0.575942 0.642806
    outer loop
      vertex 15.3435 25.5922 7.81
      vertex 16.6449 26.8952 10
      vertex 15.1566 25.7561 7.81
    endloop
  endfacet
  facet normal -0.505065 0.575962 0.642789
    outer loop
      vertex 16.2777 21.2803 10
      vertex 16.6449 21.6023 10
      vertex 15.1566 22.7413 7.81
    endloop
  endfacet
  facet normal 0.763515 -0.0694104 0.64205
    outer loop
      vertex 12.1 24.2487 7.81
      vertex 10.2585 24.2498 10
      vertex 10.2584 24.2487 10
    endloop
  endfacet
  facet normal 0.764399 -0.0502407 0.642783
    outer loop
      vertex 10.2585 24.2498 10
      vertex 12.1 24.2487 7.81
      vertex 12.1163 24.4967 7.81
    endloop
  endfacet
  facet normal -0.246196 0.725406 0.642786
    outer loop
      vertex 14.9695 20.635 10
      vertex 15.4318 20.7919 10
      vertex 14.7271 22.4933 7.81
    endloop
  endfacet
  facet normal 0.246028 0.725444 0.642808
    outer loop
      vertex 13.2729 22.4933 7.81
      vertex 13.0316 20.6346 10
      vertex 13.5082 22.4135 7.81
    endloop
  endfacet
  facet normal 0.262283 0.721279 0.641064
    outer loop
      vertex 13.0316 20.6346 10
      vertex 13.2729 22.4933 7.81
      vertex 13.0305 20.635 10
    endloop
  endfacet
  facet normal 0.0694104 0.763515 0.64205
    outer loop
      vertex 14 22.3487 7.81
      vertex 13.9989 20.5072 10
      vertex 14 20.5071 10
    endloop
  endfacet
  facet normal 0.0502407 0.764399 0.642783
    outer loop
      vertex 13.9989 20.5072 10
      vertex 14 22.3487 7.81
      vertex 13.752 22.365 7.81
    endloop
  endfacet
  facet normal -0.246196 -0.725406 0.642786
    outer loop
      vertex 15.4318 27.7055 10
      vertex 14.9695 27.8624 10
      vertex 14.7271 26.0041 7.81
    endloop
  endfacet
  facet normal 0.764373 0.050239 0.642814
    outer loop
      vertex 10.2903 23.7615 10
      vertex 12.1163 24.0007 7.81
      vertex 12.1 24.2487 7.81
    endloop
  endfacet
  facet normal 0.763067 0.0635889 0.643183
    outer loop
      vertex 12.1163 24.0007 7.81
      vertex 10.2903 23.7615 10
      vertex 10.2904 23.7603 10
    endloop
  endfacet
  facet normal -0.7513 -0.149507 0.642804
    outer loop
      vertex 17.7096 24.7371 10
      vertex 17.6143 25.216 10
      vertex 15.8837 24.4967 7.81
    endloop
  endfacet
  facet normal 0.685065 -0.342532 0.642929
    outer loop
      vertex 10.7592 26.1185 10
      vertex 12.3546 25.1987 7.81
      vertex 10.7597 26.1195 10
    endloop
  endfacet
  facet normal 0.686935 -0.338999 0.642807
    outer loop
      vertex 12.3546 25.1987 7.81
      vertex 10.7592 26.1185 10
      vertex 12.2446 24.9758 7.81
    endloop
  endfacet
  facet normal -0.262283 0.721279 0.641064
    outer loop
      vertex 14.7271 22.4933 7.81
      vertex 14.9684 20.6346 10
      vertex 14.9695 20.635 10
    endloop
  endfacet
  facet normal -0.246028 0.725444 0.642808
    outer loop
      vertex 14.9684 20.6346 10
      vertex 14.7271 22.4933 7.81
      vertex 14.4918 22.4135 7.81
    endloop
  endfacet
  facet normal 0.636936 -0.425618 0.642777
    outer loop
      vertex 12.4926 25.4054 7.81
      vertex 11.0316 26.5264 10
      vertex 10.7603 26.1204 10
    endloop
  endfacet
  facet normal 0.75138 0.149228 0.642775
    outer loop
      vertex 10.3857 23.2814 10
      vertex 12.1647 23.757 7.81
      vertex 12.1163 24.0007 7.81
    endloop
  endfacet
  facet normal 0.754069 0.137103 0.642326
    outer loop
      vertex 12.1647 23.757 7.81
      vertex 10.3857 23.2814 10
      vertex 10.3859 23.2803 10
    endloop
  endfacet
  facet normal -0.725397 0.246216 0.642789
    outer loop
      vertex 15.7554 23.5216 7.81
      vertex 17.6141 23.2803 10
      vertex 15.8353 23.757 7.81
    endloop
  endfacet
  facet normal -0.721279 0.262283 0.641064
    outer loop
      vertex 17.6141 23.2803 10
      vertex 15.7554 23.5216 7.81
      vertex 17.6137 23.2792 10
    endloop
  endfacet
  facet normal -0.246312 -0.725373 0.642779
    outer loop
      vertex 14.7271 26.0041 7.81
      vertex 14.9684 27.8628 10
      vertex 14.4918 26.084 7.81
    endloop
  endfacet
  facet normal -0.262283 -0.721279 0.641064
    outer loop
      vertex 14.9684 27.8628 10
      vertex 14.7271 26.0041 7.81
      vertex 14.9695 27.8624 10
    endloop
  endfacet
  facet normal 0.338999 0.686935 0.642807
    outer loop
      vertex 13.05 22.6033 7.81
      vertex 12.1302 21.0079 10
      vertex 13.2729 22.4933 7.81
    endloop
  endfacet
  facet normal 0.342532 0.685065 0.642929
    outer loop
      vertex 12.1302 21.0079 10
      vertex 13.05 22.6033 7.81
      vertex 12.1292 21.0084 10
    endloop
  endfacet
  facet normal 0.725406 0.246196 0.642786
    outer loop
      vertex 10.5432 22.8169 10
      vertex 12.2446 23.5216 7.81
      vertex 10.3863 23.2792 10
    endloop
  endfacet
  facet normal 0.338816 0.687044 0.642786
    outer loop
      vertex 12.5682 20.7919 10
      vertex 13.2729 22.4933 7.81
      vertex 12.1302 21.0079 10
    endloop
  endfacet
  facet normal -0.637362 0.424908 0.642824
    outer loop
      vertex 15.6454 23.2987 7.81
      vertex 17.2397 22.377 10
      vertex 17.2403 22.3779 10
    endloop
  endfacet
  facet normal -0.636998 0.425487 0.642802
    outer loop
      vertex 17.2397 22.377 10
      vertex 15.6454 23.2987 7.81
      vertex 15.5074 23.0921 7.81
    endloop
  endfacet
  facet normal 0.637089 -0.425342 0.642808
    outer loop
      vertex 10.7603 26.1204 10
      vertex 12.3546 25.1987 7.81
      vertex 12.4926 25.4054 7.81
    endloop
  endfacet
  facet normal 0.637362 -0.424908 0.642824
    outer loop
      vertex 12.3546 25.1987 7.81
      vertex 10.7603 26.1204 10
      vertex 10.7597 26.1195 10
    endloop
  endfacet
  facet normal -0.149507 0.7513 0.642804
    outer loop
      vertex 14.4884 20.5391 10
      vertex 14.9673 20.6344 10
      vertex 14.248 22.365 7.81
    endloop
  endfacet
  facet normal 0.687035 0.338812 0.642799
    outer loop
      vertex 10.7597 22.3779 10
      vertex 12.3546 23.2987 7.81
      vertex 10.5437 22.8159 10
    endloop
  endfacet
  facet normal 0.149507 0.7513 0.642804
    outer loop
      vertex 13.5116 20.5391 10
      vertex 13.752 22.365 7.81
      vertex 13.0327 20.6344 10
    endloop
  endfacet
  facet normal 0.0500394 0.764395 0.642803
    outer loop
      vertex 13.9989 20.5072 10
      vertex 13.752 22.365 7.81
      vertex 13.5116 20.5391 10
    endloop
  endfacet
  facet normal -0.137101 0.754055 0.642343
    outer loop
      vertex 14.4918 22.4135 7.81
      vertex 14.9673 20.6344 10
      vertex 14.9684 20.6346 10
    endloop
  endfacet
  facet normal -0.149461 0.751313 0.642799
    outer loop
      vertex 14.9673 20.6344 10
      vertex 14.4918 22.4135 7.81
      vertex 14.248 22.365 7.81
    endloop
  endfacet
  facet normal -0.149465 -0.751329 0.642779
    outer loop
      vertex 14.4918 26.084 7.81
      vertex 14.9673 27.863 10
      vertex 14.248 26.1325 7.81
    endloop
  endfacet
  facet normal -0.137104 -0.754072 0.642323
    outer loop
      vertex 14.9673 27.863 10
      vertex 14.4918 26.084 7.81
      vertex 14.9684 27.8628 10
    endloop
  endfacet
  facet normal 0.721279 -0.262283 0.641064
    outer loop
      vertex 10.3859 25.2171 10
      vertex 12.2446 24.9758 7.81
      vertex 10.3863 25.2182 10
    endloop
  endfacet
  facet normal 0.725373 -0.246312 0.642779
    outer loop
      vertex 12.2446 24.9758 7.81
      vertex 10.3859 25.2171 10
      vertex 12.1647 24.7405 7.81
    endloop
  endfacet
  facet normal 0.31623 -0.695706 0.644974
    outer loop
      vertex 13.05 25.8942 7.81
      vertex 12.5682 27.7055 10
      vertex 12.5671 27.705 10
    endloop
  endfacet
  facet normal 0.338758 -0.687071 0.642788
    outer loop
      vertex 12.5682 27.7055 10
      vertex 13.05 25.8942 7.81
      vertex 13.2729 26.0041 7.81
    endloop
  endfacet
  facet normal 0.424916 -0.637374 0.642807
    outer loop
      vertex 12.1283 27.4884 10
      vertex 13.05 25.8942 7.81
      vertex 12.1292 27.489 10
    endloop
  endfacet
  facet normal 0.425712 -0.636873 0.642777
    outer loop
      vertex 13.05 25.8942 7.81
      vertex 12.1283 27.4884 10
      vertex 12.8434 25.7561 7.81
    endloop
  endfacet
  facet normal -0.57595 0.505074 0.642792
    outer loop
      vertex 15.3435 22.9052 7.81
      vertex 16.6465 21.6039 10
      vertex 15.5074 23.0921 7.81
    endloop
  endfacet
  facet normal -0.572448 0.508843 0.642948
    outer loop
      vertex 16.6465 21.6039 10
      vertex 15.3435 22.9052 7.81
      vertex 16.6457 21.603 10
    endloop
  endfacet
  facet normal -0.504457 0.576523 0.642763
    outer loop
      vertex 15.3435 22.9052 7.81
      vertex 16.6449 21.6023 10
      vertex 16.6457 21.603 10
    endloop
  endfacet
  facet normal -0.505075 0.575951 0.64279
    outer loop
      vertex 16.6449 21.6023 10
      vertex 15.3435 22.9052 7.81
      vertex 15.1566 22.7413 7.81
    endloop
  endfacet
  facet normal -0.687044 0.338816 0.642786
    outer loop
      vertex 17.2408 22.3789 10
      vertex 17.4568 22.8169 10
      vertex 15.7554 23.5216 7.81
    endloop
  endfacet
  facet normal 0.754072 -0.137104 0.642323
    outer loop
      vertex 10.3857 25.216 10
      vertex 12.1647 24.7405 7.81
      vertex 10.3859 25.2171 10
    endloop
  endfacet
  facet normal 0.751396 -0.14917 0.642769
    outer loop
      vertex 12.1647 24.7405 7.81
      vertex 10.3857 25.216 10
      vertex 12.1163 24.4967 7.81
    endloop
  endfacet
  facet normal 0.764395 -0.0500394 0.642803
    outer loop
      vertex 12.1163 24.4967 7.81
      vertex 10.2904 24.7371 10
      vertex 10.2585 24.2498 10
    endloop
  endfacet
  facet normal 0.687008 -0.338876 0.642793
    outer loop
      vertex 12.2446 24.9758 7.81
      vertex 10.7592 26.1185 10
      vertex 10.5432 25.6806 10
    endloop
  endfacet
  facet normal 0.57597 -0.505072 0.642776
    outer loop
      vertex 12.4926 25.4054 7.81
      vertex 11.3536 26.8936 10
      vertex 11.0316 26.5264 10
    endloop
  endfacet
  facet normal 0.246196 0.725406 0.642786
    outer loop
      vertex 13.0305 20.635 10
      vertex 13.2729 22.4933 7.81
      vertex 12.5682 20.7919 10
    endloop
  endfacet
  facet normal 0.725419 -0.246147 0.642791
    outer loop
      vertex 12.2446 24.9758 7.81
      vertex 10.5432 25.6806 10
      vertex 10.3863 25.2182 10
    endloop
  endfacet
  facet normal 0.0635904 -0.763084 0.643163
    outer loop
      vertex 13.752 26.1325 7.81
      vertex 13.5128 27.9584 10
      vertex 13.5116 27.9583 10
    endloop
  endfacet
  facet normal 0.0499338 -0.764419 0.642784
    outer loop
      vertex 13.5128 27.9584 10
      vertex 13.752 26.1325 7.81
      vertex 14 26.1487 7.81
    endloop
  endfacet
  facet normal 0.576523 -0.504457 0.642763
    outer loop
      vertex 11.3536 26.8936 10
      vertex 12.6565 25.5922 7.81
      vertex 11.3543 26.8944 10
    endloop
  endfacet
  facet normal 0.575813 -0.505224 0.642797
    outer loop
      vertex 12.6565 25.5922 7.81
      vertex 11.3536 26.8936 10
      vertex 12.4926 25.4054 7.81
    endloop
  endfacet
  facet normal 0.149461 0.751313 0.642799
    outer loop
      vertex 13.5082 22.4135 7.81
      vertex 13.0327 20.6344 10
      vertex 13.752 22.365 7.81
    endloop
  endfacet
  facet normal 0.137101 0.754055 0.642343
    outer loop
      vertex 13.0327 20.6344 10
      vertex 13.5082 22.4135 7.81
      vertex 13.0316 20.6346 10
    endloop
  endfacet
  facet normal 0.505066 -0.575942 0.642806
    outer loop
      vertex 11.3551 26.8952 10
      vertex 12.6565 25.5922 7.81
      vertex 12.8434 25.7561 7.81
    endloop
  endfacet
  facet normal 0.541193 -0.541193 0.6436
    outer loop
      vertex 12.6565 25.5922 7.81
      vertex 11.3551 26.8952 10
      vertex 11.3543 26.8944 10
    endloop
  endfacet
  facet normal 0.246196 -0.725406 0.642786
    outer loop
      vertex 13.2729 26.0041 7.81
      vertex 13.0305 27.8624 10
      vertex 12.5682 27.7055 10
    endloop
  endfacet
  facet normal 0.33888 -0.687016 0.642783
    outer loop
      vertex 13.05 25.8942 7.81
      vertex 12.5671 27.705 10
      vertex 12.1292 27.489 10
    endloop
  endfacet
  facet normal 0.195064 0.98079 -0
    outer loop
      vertex 29.3032 40.8048 0
      vertex 27.6354 41.1365 10
      vertex 29.3032 40.8048 10
    endloop
  endfacet
  facet normal 0.195064 0.98079 0
    outer loop
      vertex 27.6354 41.1365 10
      vertex 29.3032 40.8048 0
      vertex 27.6354 41.1365 0
    endloop
  endfacet
  facet normal -0.659341 -0.751844 0
    outer loop
      vertex 38.9139 64.0072 0
      vertex 40.1924 62.886 10
      vertex 38.9139 64.0072 10
    endloop
  endfacet
  facet normal -0.659341 -0.751844 -0
    outer loop
      vertex 40.1924 62.886 10
      vertex 38.9139 64.0072 0
      vertex 40.1924 62.886 0
    endloop
  endfacet
  facet normal -0.555555 -0.83148 0
    outer loop
      vertex 37.5 64.9519 0
      vertex 38.9139 64.0072 10
      vertex 37.5 64.9519 10
    endloop
  endfacet
  facet normal -0.555555 -0.83148 -0
    outer loop
      vertex 38.9139 64.0072 10
      vertex 37.5 64.9519 0
      vertex 38.9139 64.0072 0
    endloop
  endfacet
  facet normal -0.83148 0.555555 0
    outer loop
      vertex 41.3136 45.7797 0
      vertex 42.2583 47.1936 10
      vertex 42.2583 47.1936 0
    endloop
  endfacet
  facet normal -0.83148 0.555555 0
    outer loop
      vertex 42.2583 47.1936 10
      vertex 41.3136 45.7797 0
      vertex 41.3136 45.7797 10
    endloop
  endfacet
  facet normal -0.980779 0.195121 0
    outer loop
      vertex 43.557 50.3289 0
      vertex 43.8888 51.9967 10
      vertex 43.8888 51.9967 0
    endloop
  endfacet
  facet normal -0.980779 0.195121 0
    outer loop
      vertex 43.8888 51.9967 10
      vertex 43.557 50.3289 0
      vertex 43.557 50.3289 10
    endloop
  endfacet
  facet normal -0.751844 0.659341 0
    outer loop
      vertex 40.1924 44.5012 0
      vertex 41.3136 45.7797 10
      vertex 41.3136 45.7797 0
    endloop
  endfacet
  facet normal -0.751844 0.659341 0
    outer loop
      vertex 41.3136 45.7797 10
      vertex 40.1924 44.5012 0
      vertex 40.1924 44.5012 10
    endloop
  endfacet
  facet normal 0.659341 0.751844 -0
    outer loop
      vertex 23.0861 43.38 0
      vertex 21.8076 44.5012 10
      vertex 23.0861 43.38 10
    endloop
  endfacet
  facet normal 0.659341 0.751844 0
    outer loop
      vertex 21.8076 44.5012 10
      vertex 23.0861 43.38 0
      vertex 21.8076 44.5012 0
    endloop
  endfacet
  facet normal 0.751844 -0.659341 0
    outer loop
      vertex 20.6864 61.6075 10
      vertex 21.8076 62.886 0
      vertex 21.8076 62.886 10
    endloop
  endfacet
  facet normal 0.751844 -0.659341 0
    outer loop
      vertex 21.8076 62.886 0
      vertex 20.6864 61.6075 10
      vertex 20.6864 61.6075 0
    endloop
  endfacet
  facet normal -0.751844 -0.659341 0
    outer loop
      vertex 41.3136 61.6075 0
      vertex 40.1924 62.886 10
      vertex 40.1924 62.886 0
    endloop
  endfacet
  facet normal -0.751844 -0.659341 0
    outer loop
      vertex 40.1924 62.886 10
      vertex 41.3136 61.6075 0
      vertex 41.3136 61.6075 10
    endloop
  endfacet
  facet normal -0.442291 0.896872 0
    outer loop
      vertex 37.5 42.4352 0
      vertex 35.9749 41.6831 10
      vertex 37.5 42.4352 10
    endloop
  endfacet
  facet normal -0.442291 0.896872 0
    outer loop
      vertex 35.9749 41.6831 10
      vertex 37.5 42.4352 0
      vertex 35.9749 41.6831 0
    endloop
  endfacet
  facet normal 0.0653948 -0.997859 0
    outer loop
      vertex 29.3032 66.5824 0
      vertex 31 66.6936 10
      vertex 29.3032 66.5824 10
    endloop
  endfacet
  facet normal 0.0653948 -0.997859 0
    outer loop
      vertex 31 66.6936 10
      vertex 29.3032 66.5824 0
      vertex 31 66.6936 0
    endloop
  endfacet
  facet normal -0.896872 0.442291 0
    outer loop
      vertex 42.2583 47.1936 0
      vertex 43.0104 48.7187 10
      vertex 43.0104 48.7187 0
    endloop
  endfacet
  facet normal -0.896872 0.442291 0
    outer loop
      vertex 43.0104 48.7187 10
      vertex 42.2583 47.1936 0
      vertex 42.2583 47.1936 10
    endloop
  endfacet
  facet normal -0.195064 0.98079 0
    outer loop
      vertex 34.3646 41.1365 0
      vertex 32.6968 40.8048 10
      vertex 34.3646 41.1365 10
    endloop
  endfacet
  facet normal -0.195064 0.98079 0
    outer loop
      vertex 32.6968 40.8048 10
      vertex 34.3646 41.1365 0
      vertex 32.6968 40.8048 0
    endloop
  endfacet
  facet normal -0.83148 -0.555555 0
    outer loop
      vertex 42.2583 60.1936 0
      vertex 41.3136 61.6075 10
      vertex 41.3136 61.6075 0
    endloop
  endfacet
  facet normal -0.83148 -0.555555 0
    outer loop
      vertex 41.3136 61.6075 10
      vertex 42.2583 60.1936 0
      vertex 42.2583 60.1936 10
    endloop
  endfacet
  facet normal -0.0653948 0.997859 0
    outer loop
      vertex 32.6968 40.8048 0
      vertex 31 40.6936 10
      vertex 32.6968 40.8048 10
    endloop
  endfacet
  facet normal -0.0653948 0.997859 0
    outer loop
      vertex 31 40.6936 10
      vertex 32.6968 40.8048 0
      vertex 31 40.6936 0
    endloop
  endfacet
  facet normal 0.83148 -0.555555 0
    outer loop
      vertex 19.7417 60.1936 10
      vertex 20.6864 61.6075 0
      vertex 20.6864 61.6075 10
    endloop
  endfacet
  facet normal 0.83148 -0.555555 0
    outer loop
      vertex 20.6864 61.6075 0
      vertex 19.7417 60.1936 10
      vertex 19.7417 60.1936 0
    endloop
  endfacet
  facet normal 0.321427 -0.946934 0
    outer loop
      vertex 26.0251 65.704 0
      vertex 27.6354 66.2506 10
      vertex 26.0251 65.704 10
    endloop
  endfacet
  facet normal 0.321427 -0.946934 0
    outer loop
      vertex 27.6354 66.2506 10
      vertex 26.0251 65.704 0
      vertex 27.6354 66.2506 0
    endloop
  endfacet
  facet normal 0.896872 -0.442291 0
    outer loop
      vertex 18.9896 58.6685 10
      vertex 19.7417 60.1936 0
      vertex 19.7417 60.1936 10
    endloop
  endfacet
  facet normal 0.896872 -0.442291 0
    outer loop
      vertex 19.7417 60.1936 0
      vertex 18.9896 58.6685 10
      vertex 18.9896 58.6685 0
    endloop
  endfacet
  facet normal -0.195121 -0.980779 0
    outer loop
      vertex 32.6968 66.5824 0
      vertex 34.3646 66.2506 10
      vertex 32.6968 66.5824 10
    endloop
  endfacet
  facet normal -0.195121 -0.980779 -0
    outer loop
      vertex 34.3646 66.2506 10
      vertex 32.6968 66.5824 0
      vertex 34.3646 66.2506 0
    endloop
  endfacet
  facet normal -0.442291 -0.896872 0
    outer loop
      vertex 35.9749 65.704 0
      vertex 37.5 64.9519 10
      vertex 35.9749 65.704 10
    endloop
  endfacet
  facet normal -0.442291 -0.896872 -0
    outer loop
      vertex 37.5 64.9519 10
      vertex 35.9749 65.704 0
      vertex 37.5 64.9519 0
    endloop
  endfacet
  facet normal -0.99786 0.065391 0
    outer loop
      vertex 43.8888 51.9967 0
      vertex 44 53.6936 10
      vertex 44 53.6936 0
    endloop
  endfacet
  facet normal -0.99786 0.065391 0
    outer loop
      vertex 44 53.6936 10
      vertex 43.8888 51.9967 0
      vertex 43.8888 51.9967 10
    endloop
  endfacet
  facet normal -0.896872 -0.442291 0
    outer loop
      vertex 43.0104 58.6685 0
      vertex 42.2583 60.1936 10
      vertex 42.2583 60.1936 0
    endloop
  endfacet
  facet normal -0.896872 -0.442291 0
    outer loop
      vertex 42.2583 60.1936 10
      vertex 43.0104 58.6685 0
      vertex 43.0104 58.6685 10
    endloop
  endfacet
  facet normal -0.321427 0.946934 0
    outer loop
      vertex 35.9749 41.6831 0
      vertex 34.3646 41.1365 10
      vertex 35.9749 41.6831 10
    endloop
  endfacet
  facet normal -0.321427 0.946934 0
    outer loop
      vertex 34.3646 41.1365 10
      vertex 35.9749 41.6831 0
      vertex 34.3646 41.1365 0
    endloop
  endfacet
  facet normal 0.751844 0.659341 0
    outer loop
      vertex 21.8076 44.5012 10
      vertex 20.6864 45.7797 0
      vertex 20.6864 45.7797 10
    endloop
  endfacet
  facet normal 0.751844 0.659341 0
    outer loop
      vertex 20.6864 45.7797 0
      vertex 21.8076 44.5012 10
      vertex 21.8076 44.5012 0
    endloop
  endfacet
  facet normal -0.946928 0.321445 0
    outer loop
      vertex 43.0104 48.7187 0
      vertex 43.557 50.3289 10
      vertex 43.557 50.3289 0
    endloop
  endfacet
  facet normal -0.946928 0.321445 0
    outer loop
      vertex 43.557 50.3289 10
      vertex 43.0104 48.7187 0
      vertex 43.0104 48.7187 10
    endloop
  endfacet
  facet normal -0.997859 -0.0653948 0
    outer loop
      vertex 44 53.6936 0
      vertex 43.8888 55.3904 10
      vertex 43.8888 55.3904 0
    endloop
  endfacet
  facet normal -0.997859 -0.0653948 0
    outer loop
      vertex 43.8888 55.3904 10
      vertex 44 53.6936 0
      vertex 44 53.6936 10
    endloop
  endfacet
  facet normal 0.997859 -0.0653948 0
    outer loop
      vertex 18 53.6936 10
      vertex 18.1112 55.3904 0
      vertex 18.1112 55.3904 10
    endloop
  endfacet
  facet normal 0.997859 -0.0653948 0
    outer loop
      vertex 18.1112 55.3904 0
      vertex 18 53.6936 10
      vertex 18 53.6936 0
    endloop
  endfacet
  facet normal 0.946928 0.321445 0
    outer loop
      vertex 18.9896 48.7187 10
      vertex 18.443 50.3289 0
      vertex 18.443 50.3289 10
    endloop
  endfacet
  facet normal 0.946928 0.321445 0
    outer loop
      vertex 18.443 50.3289 0
      vertex 18.9896 48.7187 10
      vertex 18.9896 48.7187 0
    endloop
  endfacet
  facet normal -0.321427 -0.946934 0
    outer loop
      vertex 34.3646 66.2506 0
      vertex 35.9749 65.704 10
      vertex 34.3646 66.2506 10
    endloop
  endfacet
  facet normal -0.321427 -0.946934 -0
    outer loop
      vertex 35.9749 65.704 10
      vertex 34.3646 66.2506 0
      vertex 35.9749 65.704 0
    endloop
  endfacet
  facet normal -0.659341 0.751844 0
    outer loop
      vertex 40.1924 44.5012 0
      vertex 38.9139 43.38 10
      vertex 40.1924 44.5012 10
    endloop
  endfacet
  facet normal -0.659341 0.751844 0
    outer loop
      vertex 38.9139 43.38 10
      vertex 40.1924 44.5012 0
      vertex 38.9139 43.38 0
    endloop
  endfacet
  facet normal -0.0653948 -0.997859 0
    outer loop
      vertex 31 66.6936 0
      vertex 32.6968 66.5824 10
      vertex 31 66.6936 10
    endloop
  endfacet
  facet normal -0.0653948 -0.997859 -0
    outer loop
      vertex 32.6968 66.5824 10
      vertex 31 66.6936 0
      vertex 32.6968 66.5824 0
    endloop
  endfacet
  facet normal 0.896872 0.442291 0
    outer loop
      vertex 19.7417 47.1936 10
      vertex 18.9896 48.7187 0
      vertex 18.9896 48.7187 10
    endloop
  endfacet
  facet normal 0.896872 0.442291 0
    outer loop
      vertex 18.9896 48.7187 0
      vertex 19.7417 47.1936 10
      vertex 19.7417 47.1936 0
    endloop
  endfacet
  facet normal -0.980779 -0.195121 0
    outer loop
      vertex 43.8888 55.3904 0
      vertex 43.557 57.0582 10
      vertex 43.557 57.0582 0
    endloop
  endfacet
  facet normal -0.980779 -0.195121 0
    outer loop
      vertex 43.557 57.0582 10
      vertex 43.8888 55.3904 0
      vertex 43.8888 55.3904 10
    endloop
  endfacet
  facet normal 0.555555 -0.83148 0
    outer loop
      vertex 23.0861 64.0072 0
      vertex 24.5 64.9519 10
      vertex 23.0861 64.0072 10
    endloop
  endfacet
  facet normal 0.555555 -0.83148 0
    outer loop
      vertex 24.5 64.9519 10
      vertex 23.0861 64.0072 0
      vertex 24.5 64.9519 0
    endloop
  endfacet
  facet normal -0.555596 0.831453 0
    outer loop
      vertex 38.9139 43.38 0
      vertex 37.5 42.4352 10
      vertex 38.9139 43.38 10
    endloop
  endfacet
  facet normal -0.555596 0.831453 0
    outer loop
      vertex 37.5 42.4352 10
      vertex 38.9139 43.38 0
      vertex 37.5 42.4352 0
    endloop
  endfacet
  facet normal 0.946934 -0.321427 0
    outer loop
      vertex 18.443 57.0582 10
      vertex 18.9896 58.6685 0
      vertex 18.9896 58.6685 10
    endloop
  endfacet
  facet normal 0.946934 -0.321427 0
    outer loop
      vertex 18.9896 58.6685 0
      vertex 18.443 57.0582 10
      vertex 18.443 57.0582 0
    endloop
  endfacet
  facet normal -0.946934 -0.321427 0
    outer loop
      vertex 43.557 57.0582 0
      vertex 43.0104 58.6685 10
      vertex 43.0104 58.6685 0
    endloop
  endfacet
  facet normal -0.946934 -0.321427 0
    outer loop
      vertex 43.0104 58.6685 10
      vertex 43.557 57.0582 0
      vertex 43.557 57.0582 10
    endloop
  endfacet
  facet normal 0.659341 -0.751844 0
    outer loop
      vertex 21.8076 62.886 0
      vertex 23.0861 64.0072 10
      vertex 21.8076 62.886 10
    endloop
  endfacet
  facet normal 0.659341 -0.751844 0
    outer loop
      vertex 23.0861 64.0072 10
      vertex 21.8076 62.886 0
      vertex 23.0861 64.0072 0
    endloop
  endfacet
  facet normal 0.99786 0.065391 0
    outer loop
      vertex 18.1112 51.9967 10
      vertex 18 53.6936 0
      vertex 18 53.6936 10
    endloop
  endfacet
  facet normal 0.99786 0.065391 0
    outer loop
      vertex 18 53.6936 0
      vertex 18.1112 51.9967 10
      vertex 18.1112 51.9967 0
    endloop
  endfacet
  facet normal 0.321427 0.946934 -0
    outer loop
      vertex 27.6354 41.1365 0
      vertex 26.0251 41.6831 10
      vertex 27.6354 41.1365 10
    endloop
  endfacet
  facet normal 0.321427 0.946934 0
    outer loop
      vertex 26.0251 41.6831 10
      vertex 27.6354 41.1365 0
      vertex 26.0251 41.6831 0
    endloop
  endfacet
  facet normal 0.555596 0.831453 -0
    outer loop
      vertex 24.5 42.4352 0
      vertex 23.0861 43.38 10
      vertex 24.5 42.4352 10
    endloop
  endfacet
  facet normal 0.555596 0.831453 0
    outer loop
      vertex 23.0861 43.38 10
      vertex 24.5 42.4352 0
      vertex 23.0861 43.38 0
    endloop
  endfacet
  facet normal 0.442291 0.896872 -0
    outer loop
      vertex 26.0251 41.6831 0
      vertex 24.5 42.4352 10
      vertex 26.0251 41.6831 10
    endloop
  endfacet
  facet normal 0.442291 0.896872 0
    outer loop
      vertex 24.5 42.4352 10
      vertex 26.0251 41.6831 0
      vertex 24.5 42.4352 0
    endloop
  endfacet
  facet normal 0.980779 0.195121 0
    outer loop
      vertex 18.443 50.3289 10
      vertex 18.1112 51.9967 0
      vertex 18.1112 51.9967 10
    endloop
  endfacet
  facet normal 0.980779 0.195121 0
    outer loop
      vertex 18.1112 51.9967 0
      vertex 18.443 50.3289 10
      vertex 18.443 50.3289 0
    endloop
  endfacet
  facet normal 0.442291 -0.896872 0
    outer loop
      vertex 24.5 64.9519 0
      vertex 26.0251 65.704 10
      vertex 24.5 64.9519 10
    endloop
  endfacet
  facet normal 0.442291 -0.896872 0
    outer loop
      vertex 26.0251 65.704 10
      vertex 24.5 64.9519 0
      vertex 26.0251 65.704 0
    endloop
  endfacet
  facet normal 0.83148 0.555555 0
    outer loop
      vertex 20.6864 45.7797 10
      vertex 19.7417 47.1936 0
      vertex 19.7417 47.1936 10
    endloop
  endfacet
  facet normal 0.83148 0.555555 0
    outer loop
      vertex 19.7417 47.1936 0
      vertex 20.6864 45.7797 10
      vertex 20.6864 45.7797 0
    endloop
  endfacet
  facet normal 0.980779 -0.195121 0
    outer loop
      vertex 18.1112 55.3904 10
      vertex 18.443 57.0582 0
      vertex 18.443 57.0582 10
    endloop
  endfacet
  facet normal 0.980779 -0.195121 0
    outer loop
      vertex 18.443 57.0582 0
      vertex 18.1112 55.3904 10
      vertex 18.1112 55.3904 0
    endloop
  endfacet
  facet normal 0.195121 -0.980779 0
    outer loop
      vertex 27.6354 66.2506 0
      vertex 29.3032 66.5824 10
      vertex 27.6354 66.2506 10
    endloop
  endfacet
  facet normal 0.195121 -0.980779 0
    outer loop
      vertex 29.3032 66.5824 10
      vertex 27.6354 66.2506 0
      vertex 29.3032 66.5824 0
    endloop
  endfacet
  facet normal 0.0653948 0.997859 -0
    outer loop
      vertex 31 40.6936 0
      vertex 29.3032 40.8048 10
      vertex 31 40.6936 10
    endloop
  endfacet
  facet normal 0.0653948 0.997859 0
    outer loop
      vertex 29.3032 40.8048 10
      vertex 31 40.6936 0
      vertex 29.3032 40.8048 0
    endloop
  endfacet
  facet normal 0.996917 -0.0784618 0
    outer loop
      vertex 89.507 -9.40756 4
      vertex 89.8767 -4.71024 0
      vertex 89.8767 -4.71024 4
    endloop
  endfacet
  facet normal 0.996917 -0.0784618 0
    outer loop
      vertex 89.8767 -4.71024 0
      vertex 89.507 -9.40756 4
      vertex 89.507 -9.40756 0
    endloop
  endfacet
  facet normal 0.999658 -0.026168 0
    outer loop
      vertex 89.8767 -4.71024 4
      vertex 90 0 0
      vertex 90 0 4
    endloop
  endfacet
  facet normal 0.999658 -0.026168 0
    outer loop
      vertex 90 0 0
      vertex 89.8767 -4.71024 4
      vertex 89.8767 -4.71024 0
    endloop
  endfacet
  facet normal 0.991448 -0.1305 0
    outer loop
      vertex 89.2578 -11.3 10
      vertex 88.892 -14.0791 10
      vertex 89.2578 -11.3 4
    endloop
  endfacet
  facet normal 0.991441 -0.130555 0
    outer loop
      vertex 89.2578 -11.3 4
      vertex 89.507 -9.40756 0
      vertex 89.507 -9.40756 4
    endloop
  endfacet
  facet normal 0.991445 -0.130522 1.57671e-05
    outer loop
      vertex 89.2578 -11.3 4
      vertex 88.892 -14.0791 0
      vertex 89.507 -9.40756 0
    endloop
  endfacet
  facet normal 0.991448 -0.1305 0
    outer loop
      vertex 88.892 -14.0791 0
      vertex 89.2578 -11.3 4
      vertex 88.892 -14.0791 10
    endloop
  endfacet
  facet normal 0.608769 -0.793348 0
    outer loop
      vertex 52.9007 -72.8115 0
      vertex 56.6388 -69.9431 10
      vertex 52.9007 -72.8115 10
    endloop
  endfacet
  facet normal 0.608769 -0.793348 0
    outer loop
      vertex 56.6388 -69.9431 10
      vertex 52.9007 -72.8115 0
      vertex 56.6388 -69.9431 0
    endloop
  endfacet
  facet normal 0.996917 0.0784618 0
    outer loop
      vertex 89.8767 4.71024 4
      vertex 89.507 9.40756 0
      vertex 89.507 9.40756 4
    endloop
  endfacet
  facet normal 0.996917 0.0784618 0
    outer loop
      vertex 89.507 9.40756 0
      vertex 89.8767 4.71024 4
      vertex 89.8767 4.71024 0
    endloop
  endfacet
  facet normal -0.566399 0.824131 0
    outer loop
      vertex -49.0175 75.4803 0
      vertex -52.9007 72.8115 4
      vertex -49.0175 75.4803 4
    endloop
  endfacet
  facet normal -0.566399 0.824131 0
    outer loop
      vertex -52.9007 72.8115 4
      vertex -49.0175 75.4803 0
      vertex -52.9007 72.8115 0
    endloop
  endfacet
  facet normal 0.0784618 0.996917 -0
    outer loop
      vertex 9.40756 89.507 0
      vertex 4.71024 89.8767 10
      vertex 9.40756 89.507 10
    endloop
  endfacet
  facet normal 0.0784618 0.996917 0
    outer loop
      vertex 4.71024 89.8767 10
      vertex 9.40756 89.507 0
      vertex 4.71024 89.8767 0
    endloop
  endfacet
  facet normal 0.760413 0.649439 0
    outer loop
      vertex 69.9431 56.6388 10
      vertex 66.883 60.2218 0
      vertex 66.883 60.2218 10
    endloop
  endfacet
  facet normal 0.760413 0.649439 0
    outer loop
      vertex 66.883 60.2218 0
      vertex 69.9431 56.6388 10
      vertex 69.9431 56.6388 0
    endloop
  endfacet
  facet normal -0.760413 0.649439 0
    outer loop
      vertex -69.9431 56.6388 0
      vertex -66.883 60.2218 10
      vertex -66.883 60.2218 0
    endloop
  endfacet
  facet normal -0.760413 0.649439 0
    outer loop
      vertex -66.883 60.2218 10
      vertex -69.9431 56.6388 0
      vertex -69.9431 56.6388 10
    endloop
  endfacet
  facet normal 0.608769 0.793348 -0
    outer loop
      vertex 56.6388 69.9431 0
      vertex 52.9007 72.8115 10
      vertex 56.6388 69.9431 10
    endloop
  endfacet
  facet normal 0.608769 0.793348 0
    outer loop
      vertex 52.9007 72.8115 10
      vertex 56.6388 69.9431 0
      vertex 52.9007 72.8115 0
    endloop
  endfacet
  facet normal -0.996917 0.0784618 0
    outer loop
      vertex -89.8767 4.71024 0
      vertex -89.507 9.40756 10
      vertex -89.507 9.40756 0
    endloop
  endfacet
  facet normal -0.996917 0.0784618 0
    outer loop
      vertex -89.507 9.40756 10
      vertex -89.8767 4.71024 0
      vertex -89.8767 4.71024 10
    endloop
  endfacet
  facet normal 0.430514 -0.902584 0
    outer loop
      vertex 36.6063 -82.2191 0
      vertex 40.8591 -80.1906 10
      vertex 36.6063 -82.2191 10
    endloop
  endfacet
  facet normal 0.430514 -0.902584 0
    outer loop
      vertex 40.8591 -80.1906 10
      vertex 36.6063 -82.2191 0
      vertex 40.8591 -80.1906 0
    endloop
  endfacet
  facet normal -0.902584 0.430514 0
    outer loop
      vertex -82.2191 36.6063 0
      vertex -80.1906 40.8591 10
      vertex -80.1906 40.8591 0
    endloop
  endfacet
  facet normal -0.902584 0.430514 0
    outer loop
      vertex -80.1906 40.8591 10
      vertex -82.2191 36.6063 0
      vertex -82.2191 36.6063 10
    endloop
  endfacet
  facet normal 0.760413 -0.649439 0
    outer loop
      vertex 66.883 -60.2218 10
      vertex 69.9431 -56.6388 0
      vertex 69.9431 -56.6388 10
    endloop
  endfacet
  facet normal 0.760413 -0.649439 0
    outer loop
      vertex 69.9431 -56.6388 0
      vertex 66.883 -60.2218 10
      vertex 66.883 -60.2218 0
    endloop
  endfacet
  facet normal 0.026168 0.999658 -0
    outer loop
      vertex 4.71024 89.8767 0
      vertex 0 90 10
      vertex 4.71024 89.8767 10
    endloop
  endfacet
  facet normal 0.026168 0.999658 0
    outer loop
      vertex 0 90 10
      vertex 4.71024 89.8767 0
      vertex 0 90 0
    endloop
  endfacet
  facet normal -0.0784618 -0.996917 0
    outer loop
      vertex -9.40756 -89.507 0
      vertex -4.71024 -89.8767 10
      vertex -9.40756 -89.507 10
    endloop
  endfacet
  facet normal -0.0784618 -0.996917 -0
    outer loop
      vertex -4.71024 -89.8767 10
      vertex -9.40756 -89.507 0
      vertex -4.71024 -89.8767 0
    endloop
  endfacet
  facet normal -0.902584 -0.430514 0
    outer loop
      vertex -80.1906 -40.8591 0
      vertex -82.2191 -36.6063 10
      vertex -82.2191 -36.6063 0
    endloop
  endfacet
  facet normal -0.902584 -0.430514 0
    outer loop
      vertex -82.2191 -36.6063 10
      vertex -80.1906 -40.8591 0
      vertex -80.1906 -40.8591 10
    endloop
  endfacet
  facet normal -0.688358 0.725371 0
    outer loop
      vertex -60.2218 66.883 0
      vertex -63.6396 63.6396 10
      vertex -60.2218 66.883 10
    endloop
  endfacet
  facet normal -0.688358 0.725371 0
    outer loop
      vertex -63.6396 63.6396 10
      vertex -60.2218 66.883 0
      vertex -63.6396 63.6396 0
    endloop
  endfacet
  facet normal 0.333816 -0.942638 0
    outer loop
      vertex 27.8115 -85.5951 0
      vertex 32.2531 -84.0222 10
      vertex 27.8115 -85.5951 10
    endloop
  endfacet
  facet normal 0.333816 -0.942638 0
    outer loop
      vertex 32.2531 -84.0222 10
      vertex 27.8115 -85.5951 0
      vertex 32.2531 -84.0222 0
    endloop
  endfacet
  facet normal 0.852633 0.52251 0
    outer loop
      vertex 77.9423 45 10
      vertex 75.4803 49.0175 0
      vertex 75.4803 49.0175 10
    endloop
  endfacet
  facet normal 0.852633 0.52251 0
    outer loop
      vertex 75.4803 49.0175 0
      vertex 77.9423 45 10
      vertex 77.9423 45 0
    endloop
  endfacet
  facet normal 0.958822 -0.284009 0
    outer loop
      vertex 85.5951 -27.8115 10
      vertex 86.9333 -23.2937 0
      vertex 86.9333 -23.2937 10
    endloop
  endfacet
  facet normal 0.958822 -0.284009 0
    outer loop
      vertex 86.9333 -23.2937 0
      vertex 85.5951 -27.8115 10
      vertex 85.5951 -27.8115 0
    endloop
  endfacet
  facet normal 0.52251 -0.852633 0
    outer loop
      vertex 45 -77.9423 0
      vertex 49.0175 -75.4803 10
      vertex 45 -77.9423 10
    endloop
  endfacet
  facet normal 0.52251 -0.852633 0
    outer loop
      vertex 49.0175 -75.4803 10
      vertex 45 -77.9423 0
      vertex 49.0175 -75.4803 0
    endloop
  endfacet
  facet normal 0.725371 0.688358 0
    outer loop
      vertex 66.883 60.2218 10
      vertex 63.6396 63.6396 0
      vertex 63.6396 63.6396 10
    endloop
  endfacet
  facet normal 0.725371 0.688358 0
    outer loop
      vertex 63.6396 63.6396 0
      vertex 66.883 60.2218 10
      vertex 66.883 60.2218 0
    endloop
  endfacet
  facet normal 0.824131 -0.566399 0
    outer loop
      vertex 72.8115 -52.9007 10
      vertex 75.4803 -49.0175 0
      vertex 75.4803 -49.0175 10
    endloop
  endfacet
  facet normal 0.824131 -0.566399 0
    outer loop
      vertex 75.4803 -49.0175 0
      vertex 72.8115 -52.9007 10
      vertex 72.8115 -52.9007 0
    endloop
  endfacet
  facet normal -0.382687 0.923878 0
    outer loop
      vertex -32.2531 84.0222 10
      vertex -34.8428 82.9495 4
      vertex -34.8428 82.9495 10
    endloop
  endfacet
  facet normal -0.382687 0.923878 0
    outer loop
      vertex -32.2531 84.0222 0
      vertex -34.8428 82.9495 4
      vertex -32.2531 84.0222 10
    endloop
  endfacet
  facet normal -0.382674 0.923884 1.00582e-05
    outer loop
      vertex -36.6063 82.2191 0
      vertex -34.8428 82.9495 4
      vertex -32.2531 84.0222 0
    endloop
  endfacet
  facet normal -0.382654 0.923892 0
    outer loop
      vertex -34.8428 82.9495 4
      vertex -36.6063 82.2191 0
      vertex -36.6063 82.2191 4
    endloop
  endfacet
  facet normal -0.284009 0.958822 0
    outer loop
      vertex -23.2937 86.9333 0
      vertex -27.8115 85.5951 10
      vertex -23.2937 86.9333 10
    endloop
  endfacet
  facet normal -0.284009 0.958822 0
    outer loop
      vertex -27.8115 85.5951 10
      vertex -23.2937 86.9333 0
      vertex -27.8115 85.5951 0
    endloop
  endfacet
  facet normal 0.852633 -0.52251 0
    outer loop
      vertex 75.4803 -49.0175 10
      vertex 77.9423 -45 0
      vertex 77.9423 -45 10
    endloop
  endfacet
  facet normal 0.852633 -0.52251 0
    outer loop
      vertex 77.9423 -45 0
      vertex 75.4803 -49.0175 10
      vertex 75.4803 -49.0175 0
    endloop
  endfacet
  facet normal 0.477155 -0.878819 0
    outer loop
      vertex 40.8591 -80.1906 0
      vertex 45 -77.9423 10
      vertex 40.8591 -80.1906 10
    endloop
  endfacet
  facet normal 0.477155 -0.878819 0
    outer loop
      vertex 45 -77.9423 10
      vertex 40.8591 -80.1906 0
      vertex 45 -77.9423 0
    endloop
  endfacet
  facet normal -0.430514 -0.902584 0
    outer loop
      vertex -40.8591 -80.1906 0
      vertex -36.6063 -82.2191 4
      vertex -40.8591 -80.1906 4
    endloop
  endfacet
  facet normal -0.430514 -0.902584 -0
    outer loop
      vertex -36.6063 -82.2191 4
      vertex -40.8591 -80.1906 0
      vertex -36.6063 -82.2191 0
    endloop
  endfacet
  facet normal -0.477155 0.878819 0
    outer loop
      vertex -40.8591 80.1906 0
      vertex -45 77.9423 4
      vertex -40.8591 80.1906 4
    endloop
  endfacet
  facet normal -0.477155 0.878819 0
    outer loop
      vertex -45 77.9423 4
      vertex -40.8591 80.1906 0
      vertex -45 77.9423 0
    endloop
  endfacet
  facet normal 0.284009 0.958822 -0
    outer loop
      vertex 27.8115 85.5951 0
      vertex 23.2937 86.9333 10
      vertex 27.8115 85.5951 10
    endloop
  endfacet
  facet normal 0.284009 0.958822 0
    outer loop
      vertex 23.2937 86.9333 10
      vertex 27.8115 85.5951 0
      vertex 23.2937 86.9333 0
    endloop
  endfacet
  facet normal -0.923884 -0.382674 0
    outer loop
      vertex -82.2191 -36.6063 0
      vertex -84.0222 -32.2531 10
      vertex -84.0222 -32.2531 0
    endloop
  endfacet
  facet normal -0.923884 -0.382674 0
    outer loop
      vertex -84.0222 -32.2531 10
      vertex -82.2191 -36.6063 0
      vertex -82.2191 -36.6063 10
    endloop
  endfacet
  facet normal -0.991445 0.130522 0
    outer loop
      vertex -89.507 9.40756 0
      vertex -88.892 14.0791 10
      vertex -88.892 14.0791 0
    endloop
  endfacet
  facet normal -0.991445 0.130522 0
    outer loop
      vertex -88.892 14.0791 10
      vertex -89.507 9.40756 0
      vertex -89.507 9.40756 10
    endloop
  endfacet
  facet normal 0.382674 -0.923884 0
    outer loop
      vertex 32.2531 -84.0222 0
      vertex 36.6063 -82.2191 10
      vertex 32.2531 -84.0222 10
    endloop
  endfacet
  facet normal 0.382674 -0.923884 0
    outer loop
      vertex 36.6063 -82.2191 10
      vertex 32.2531 -84.0222 0
      vertex 36.6063 -82.2191 0
    endloop
  endfacet
  facet normal 0.958822 0.284009 0
    outer loop
      vertex 86.9333 23.2937 10
      vertex 85.5951 27.8115 0
      vertex 85.5951 27.8115 10
    endloop
  endfacet
  facet normal 0.958822 0.284009 0
    outer loop
      vertex 85.5951 27.8115 0
      vertex 86.9333 23.2937 10
      vertex 86.9333 23.2937 0
    endloop
  endfacet
  facet normal 0.130522 -0.991445 0
    outer loop
      vertex 9.40756 -89.507 0
      vertex 14.0791 -88.892 10
      vertex 9.40756 -89.507 10
    endloop
  endfacet
  facet normal 0.130522 -0.991445 0
    outer loop
      vertex 14.0791 -88.892 10
      vertex 9.40756 -89.507 0
      vertex 14.0791 -88.892 0
    endloop
  endfacet
  facet normal 0.430514 0.902584 -0
    outer loop
      vertex 40.8591 80.1906 0
      vertex 36.6063 82.2191 10
      vertex 40.8591 80.1906 10
    endloop
  endfacet
  facet normal 0.430514 0.902584 0
    outer loop
      vertex 36.6063 82.2191 10
      vertex 40.8591 80.1906 0
      vertex 36.6063 82.2191 0
    endloop
  endfacet
  facet normal 0.793348 -0.608769 0
    outer loop
      vertex 69.9431 -56.6388 10
      vertex 72.8115 -52.9007 0
      vertex 72.8115 -52.9007 10
    endloop
  endfacet
  facet normal 0.793348 -0.608769 0
    outer loop
      vertex 72.8115 -52.9007 0
      vertex 69.9431 -56.6388 10
      vertex 69.9431 -56.6388 0
    endloop
  endfacet
  facet normal 0.942638 -0.333816 0
    outer loop
      vertex 84.0222 -32.2531 10
      vertex 85.5951 -27.8115 0
      vertex 85.5951 -27.8115 10
    endloop
  endfacet
  facet normal 0.942638 -0.333816 0
    outer loop
      vertex 85.5951 -27.8115 0
      vertex 84.0222 -32.2531 10
      vertex 84.0222 -32.2531 0
    endloop
  endfacet
  facet normal -0.725371 0.688358 0
    outer loop
      vertex -66.883 60.2218 0
      vertex -63.6396 63.6396 10
      vertex -63.6396 63.6396 0
    endloop
  endfacet
  facet normal -0.725371 0.688358 0
    outer loop
      vertex -63.6396 63.6396 10
      vertex -66.883 60.2218 0
      vertex -66.883 60.2218 10
    endloop
  endfacet
  facet normal 0 0 -1
    outer loop
      vertex -43.1766 72.4571 0
      vertex -49.0175 75.4803 0
      vertex -45 77.9423 0
    endloop
  endfacet
  facet normal 0 0 -1
    outer loop
      vertex -69.9431 56.6388 0
      vertex -41.1625 64.9437 0
      vertex -57.0251 12.0104 0
    endloop
  endfacet
  facet normal -0 0 -1
    outer loop
      vertex -41.1625 64.9437 0
      vertex -69.9431 56.6388 0
      vertex -41.7188 65.1325 0
    endloop
  endfacet
  facet normal 0 -0 -1
    outer loop
      vertex -66.883 60.2218 0
      vertex -41.7188 65.1325 0
      vertex -69.9431 56.6388 0
    endloop
  endfacet
  facet normal -0 0 -1
    outer loop
      vertex -41.7188 65.1325 0
      vertex -66.883 60.2218 0
      vertex -42.2457 65.3924 0
    endloop
  endfacet
  facet normal 0 -0 -1
    outer loop
      vertex -63.6396 63.6396 0
      vertex -42.2457 65.3924 0
      vertex -66.883 60.2218 0
    endloop
  endfacet
  facet normal -0 0 -1
    outer loop
      vertex -42.2457 65.3924 0
      vertex -63.6396 63.6396 0
      vertex -42.7342 65.7188 0
    endloop
  endfacet
  facet normal 0 -0 -1
    outer loop
      vertex -60.2218 66.883 0
      vertex -42.7342 65.7188 0
      vertex -63.6396 63.6396 0
    endloop
  endfacet
  facet normal 0 0 -1
    outer loop
      vertex -43.8896 67.0363 0
      vertex -52.9007 72.8115 0
      vertex -49.0175 75.4803 0
    endloop
  endfacet
  facet normal 0 0 -1
    outer loop
      vertex -42.7342 65.7188 0
      vertex -60.2218 66.883 0
      vertex -43.175 66.1054 0
    endloop
  endfacet
  facet normal 0 0 -1
    outer loop
      vertex -43.8896 67.0363 0
      vertex -56.6388 69.9431 0
      vertex -52.9007 72.8115 0
    endloop
  endfacet
  facet normal 0 0 -1
    outer loop
      vertex -43.175 66.1054 0
      vertex -60.2218 66.883 0
      vertex -43.1759 66.1061 0
    endloop
  endfacet
  facet normal 0 0 -1
    outer loop
      vertex -69.9431 56.6388 0
      vertex -57.0251 12.0104 0
      vertex -58.6354 12.557 0
    endloop
  endfacet
  facet normal 0 0 -1
    outer loop
      vertex -43.5639 66.5488 0
      vertex -56.6388 69.9431 0
      vertex -43.8896 67.0363 0
    endloop
  endfacet
  facet normal 0 0 -1
    outer loop
      vertex -75.4803 49.0175 0
      vertex -58.6354 12.557 0
      vertex -60.3032 12.8888 0
    endloop
  endfacet
  facet normal 0 0 -1
    outer loop
      vertex -77.9423 45 0
      vertex -60.3032 12.8888 0
      vertex -62 13 0
    endloop
  endfacet
  facet normal 0 -0 -1
    outer loop
      vertex -56.6388 69.9431 0
      vertex -43.5639 66.5488 0
      vertex -60.2218 66.883 0
    endloop
  endfacet
  facet normal 0 0 -1
    outer loop
      vertex -80.1906 40.8591 0
      vertex -62 13 0
      vertex -63.6968 12.8888 0
    endloop
  endfacet
  facet normal 0 0 -1
    outer loop
      vertex -82.2191 36.6063 0
      vertex -63.6968 12.8888 0
      vertex -65.3646 12.557 0
    endloop
  endfacet
  facet normal 0 0 -1
    outer loop
      vertex -43.5633 66.5479 0
      vertex -60.2218 66.883 0
      vertex -43.5639 66.5488 0
    endloop
  endfacet
  facet normal 0 0 -1
    outer loop
      vertex -84.0222 32.2531 0
      vertex -65.3646 12.557 0
      vertex -66.9749 12.0104 0
    endloop
  endfacet
  facet normal 0 0 -1
    outer loop
      vertex -85.5951 27.8115 0
      vertex -66.9749 12.0104 0
      vertex -68.5 11.2583 0
    endloop
  endfacet
  facet normal 0 0 -1
    outer loop
      vertex -86.9333 23.2937 0
      vertex -68.5 11.2583 0
      vertex -69.9139 10.3136 0
    endloop
  endfacet
  facet normal 0 0 -1
    outer loop
      vertex -43.1759 66.1061 0
      vertex -60.2218 66.883 0
      vertex -43.5633 66.5479 0
    endloop
  endfacet
  facet normal 0 0 -1
    outer loop
      vertex -88.0333 18.7121 0
      vertex -69.9139 10.3136 0
      vertex -71.1924 9.19239 0
    endloop
  endfacet
  facet normal 0 0 -1
    outer loop
      vertex -88.0333 18.7121 0
      vertex -71.1924 9.19239 0
      vertex -72.3136 7.9139 0
    endloop
  endfacet
  facet normal 0 0 -1
    outer loop
      vertex -58.6354 12.557 0
      vertex -72.8115 52.9007 0
      vertex -69.9431 56.6388 0
    endloop
  endfacet
  facet normal 0 0 -1
    outer loop
      vertex -88.892 14.0791 0
      vertex -72.3136 7.9139 0
      vertex -73.2583 6.5 0
    endloop
  endfacet
  facet normal 0 0 -1
    outer loop
      vertex -89.507 9.40756 0
      vertex -73.2583 6.5 0
      vertex -74.0104 4.97488 0
    endloop
  endfacet
  facet normal 0 0 -1
    outer loop
      vertex -89.507 9.40756 0
      vertex -74.0104 4.97488 0
      vertex -74.557 3.36465 0
    endloop
  endfacet
  facet normal 0 0 -1
    outer loop
      vertex -89.8767 4.71024 0
      vertex -74.557 3.36465 0
      vertex -74.8888 1.69684 0
    endloop
  endfacet
  facet normal 0 0 -1
    outer loop
      vertex -90 0 0
      vertex -74.8888 1.69684 0
      vertex -75 0 0
    endloop
  endfacet
  facet normal 0 0 -1
    outer loop
      vertex -58.6354 12.557 0
      vertex -75.4803 49.0175 0
      vertex -72.8115 52.9007 0
    endloop
  endfacet
  facet normal -0 0 -1
    outer loop
      vertex -69.9139 -10.3136 0
      vertex -88.0333 -18.7121 0
      vertex -71.1924 -9.19239 0
    endloop
  endfacet
  facet normal -0 0 -1
    outer loop
      vertex -71.1924 -9.19239 0
      vertex -88.0333 -18.7121 0
      vertex -72.3136 -7.9139 0
    endloop
  endfacet
  facet normal 0 0 -1
    outer loop
      vertex -60.3032 12.8888 0
      vertex -77.9423 45 0
      vertex -75.4803 49.0175 0
    endloop
  endfacet
  facet normal 0 0 -1
    outer loop
      vertex -88.892 -14.0791 0
      vertex -72.3136 -7.9139 0
      vertex -88.0333 -18.7121 0
    endloop
  endfacet
  facet normal 0 0 -1
    outer loop
      vertex -62 13 0
      vertex -80.1906 40.8591 0
      vertex -77.9423 45 0
    endloop
  endfacet
  facet normal -0 0 -1
    outer loop
      vertex -72.3136 -7.9139 0
      vertex -88.892 -14.0791 0
      vertex -73.2583 -6.5 0
    endloop
  endfacet
  facet normal 0 0 -1
    outer loop
      vertex -63.6968 12.8888 0
      vertex -82.2191 36.6063 0
      vertex -80.1906 40.8591 0
    endloop
  endfacet
  facet normal 0 0 -1
    outer loop
      vertex -89.507 -9.40756 0
      vertex -73.2583 -6.5 0
      vertex -88.892 -14.0791 0
    endloop
  endfacet
  facet normal 0 0 -1
    outer loop
      vertex -65.3646 12.557 0
      vertex -84.0222 32.2531 0
      vertex -82.2191 36.6063 0
    endloop
  endfacet
  facet normal -0 0 -1
    outer loop
      vertex -73.2583 -6.5 0
      vertex -89.507 -9.40756 0
      vertex -74.0104 -4.97488 0
    endloop
  endfacet
  facet normal 0 0 -1
    outer loop
      vertex -66.9749 12.0104 0
      vertex -85.5951 27.8115 0
      vertex -84.0222 32.2531 0
    endloop
  endfacet
  facet normal -0 0 -1
    outer loop
      vertex -74.0104 -4.97488 0
      vertex -89.507 -9.40756 0
      vertex -74.557 -3.36465 0
    endloop
  endfacet
  facet normal 0 0 -1
    outer loop
      vertex -68.5 11.2583 0
      vertex -86.9333 23.2937 0
      vertex -85.5951 27.8115 0
    endloop
  endfacet
  facet normal 0 0 -1
    outer loop
      vertex -89.8767 -4.71024 0
      vertex -74.557 -3.36465 0
      vertex -89.507 -9.40756 0
    endloop
  endfacet
  facet normal 0 0 -1
    outer loop
      vertex -69.9139 10.3136 0
      vertex -88.0333 18.7121 0
      vertex -86.9333 23.2937 0
    endloop
  endfacet
  facet normal -0 0 -1
    outer loop
      vertex -74.557 -3.36465 0
      vertex -89.8767 -4.71024 0
      vertex -74.8888 -1.69684 0
    endloop
  endfacet
  facet normal 0 0 -1
    outer loop
      vertex -72.3136 7.9139 0
      vertex -88.892 14.0791 0
      vertex -88.0333 18.7121 0
    endloop
  endfacet
  facet normal 0 0 -1
    outer loop
      vertex -90 0 0
      vertex -74.8888 -1.69684 0
      vertex -89.8767 -4.71024 0
    endloop
  endfacet
  facet normal 0 0 -1
    outer loop
      vertex -73.2583 6.5 0
      vertex -89.507 9.40756 0
      vertex -88.892 14.0791 0
    endloop
  endfacet
  facet normal 0 0 -1
    outer loop
      vertex -74.8888 -1.69684 0
      vertex -90 0 0
      vertex -75 0 0
    endloop
  endfacet
  facet normal 0 0 -1
    outer loop
      vertex -74.557 3.36465 0
      vertex -89.8767 4.71024 0
      vertex -89.507 9.40756 0
    endloop
  endfacet
  facet normal -0 0 -1
    outer loop
      vertex -74.8888 1.69684 0
      vertex -90 0 0
      vertex -89.8767 4.71024 0
    endloop
  endfacet
  facet normal 0 0 -1
    outer loop
      vertex -38.2812 -65.1325 0
      vertex -30.2342 -51.1946 0
      vertex -38.2802 -65.133 0
    endloop
  endfacet
  facet normal 0 0 -1
    outer loop
      vertex -29.9 0 0
      vertex -35.547 68.6958 0
      vertex -35.5086 69.282 0
    endloop
  endfacet
  facet normal -0 0 -1
    outer loop
      vertex -30.2342 -51.1946 0
      vertex -38.2812 -65.1325 0
      vertex -30.6759 -50.8073 0
    endloop
  endfacet
  facet normal 0 0 -1
    outer loop
      vertex -29.9 0 0
      vertex -35.6617 68.1196 0
      vertex -35.547 68.6958 0
    endloop
  endfacet
  facet normal 0 0 -1
    outer loop
      vertex -38.8375 -64.9437 0
      vertex -30.6759 -50.8073 0
      vertex -38.2812 -65.1325 0
    endloop
  endfacet
  facet normal 0 0 -1
    outer loop
      vertex -29.9 0 0
      vertex -35.8505 67.5633 0
      vertex -35.6617 68.1196 0
    endloop
  endfacet
  facet normal -0 0 -1
    outer loop
      vertex -30.6759 -50.8073 0
      vertex -38.8375 -64.9437 0
      vertex -30.6766 -50.8064 0
    endloop
  endfacet
  facet normal 0 0 -1
    outer loop
      vertex -49.1112 1.69684 0
      vertex -29.9 0 0
      vertex -49 0 0
    endloop
  endfacet
  facet normal 0 0 -1
    outer loop
      vertex -38.8386 -64.9435 0
      vertex -30.6766 -50.8064 0
      vertex -38.8375 -64.9437 0
    endloop
  endfacet
  facet normal 0 0 -1
    outer loop
      vertex -29.9 0 0
      vertex -36.1104 67.0363 0
      vertex -35.8505 67.5633 0
    endloop
  endfacet
  facet normal -0 0 -1
    outer loop
      vertex -30.6766 -50.8064 0
      vertex -38.8386 -64.9435 0
      vertex -31.0632 -50.3656 0
    endloop
  endfacet
  facet normal 0 0 -1
    outer loop
      vertex -29.9 0 0
      vertex -36.4367 66.5479 0
      vertex -36.1104 67.0363 0
    endloop
  endfacet
  facet normal 0 0 -1
    outer loop
      vertex -39.4138 -64.8291 0
      vertex -31.0632 -50.3656 0
      vertex -38.8386 -64.9435 0
    endloop
  endfacet
  facet normal 0 0 -1
    outer loop
      vertex -29.9 0 0
      vertex -36.8234 66.107 0
      vertex -36.4367 66.5479 0
    endloop
  endfacet
  facet normal -0 0 -1
    outer loop
      vertex -31.0632 -50.3656 0
      vertex -39.4138 -64.8291 0
      vertex -31.3896 -49.8771 0
    endloop
  endfacet
  facet normal 0 0 -1
    outer loop
      vertex -29.9 0 0
      vertex -36.8241 66.1061 0
      vertex -36.8234 66.107 0
    endloop
  endfacet
  facet normal 0 0 -1
    outer loop
      vertex -40 -64.7906 0
      vertex -31.3896 -49.8771 0
      vertex -39.4138 -64.8291 0
    endloop
  endfacet
  facet normal 0 0 -1
    outer loop
      vertex -29.9 0 0
      vertex -37.2658 65.7188 0
      vertex -36.8241 66.1061 0
    endloop
  endfacet
  facet normal -0 0 -1
    outer loop
      vertex -31.3896 -49.8771 0
      vertex -40 -64.7906 0
      vertex -31.6495 -49.3502 0
    endloop
  endfacet
  facet normal 0 0 -1
    outer loop
      vertex -29.9 0 0
      vertex -37.2668 65.7182 0
      vertex -37.2658 65.7188 0
    endloop
  endfacet
  facet normal 0 0 -1
    outer loop
      vertex -40.5862 -64.8291 0
      vertex -31.6495 -49.3502 0
      vertex -40 -64.7906 0
    endloop
  endfacet
  facet normal 0 0 -1
    outer loop
      vertex -29.9 0 0
      vertex -37.7543 65.3924 0
      vertex -37.2668 65.7182 0
    endloop
  endfacet
  facet normal -0 0 -1
    outer loop
      vertex -31.6495 -49.3502 0
      vertex -40.5862 -64.8291 0
      vertex -31.8383 -48.7938 0
    endloop
  endfacet
  facet normal 0 0 -1
    outer loop
      vertex -29.9 0 0
      vertex -38.2802 65.133 0
      vertex -37.7543 65.3924 0
    endloop
  endfacet
  facet normal 0 0 -1
    outer loop
      vertex -41.1625 -64.9437 0
      vertex -31.8383 -48.7938 0
      vertex -40.5862 -64.8291 0
    endloop
  endfacet
  facet normal 0 0 -1
    outer loop
      vertex -29.9 0 0
      vertex -38.2812 65.1325 0
      vertex -38.2802 65.133 0
    endloop
  endfacet
  facet normal -0 0 -1
    outer loop
      vertex -31.8383 -48.7938 0
      vertex -41.1625 -64.9437 0
      vertex -31.953 -48.2176 0
    endloop
  endfacet
  facet normal 0 0 -1
    outer loop
      vertex -29.9 0 0
      vertex -38.8375 64.9437 0
      vertex -38.2812 65.1325 0
    endloop
  endfacet
  facet normal 0 0 -1
    outer loop
      vertex -41.7188 -65.1325 0
      vertex -31.953 -48.2176 0
      vertex -41.1625 -64.9437 0
    endloop
  endfacet
  facet normal 0 0 -1
    outer loop
      vertex -51.6864 7.9139 0
      vertex -29.9 0 0
      vertex -50.7417 6.5 0
    endloop
  endfacet
  facet normal 0 0 -1
    outer loop
      vertex -31.953 -47.0452 0
      vertex -49 0 0
      vertex -29.9 0 0
    endloop
  endfacet
  facet normal 0 0 -1
    outer loop
      vertex -52.8076 9.19239 0
      vertex -29.9 0 0
      vertex -51.6864 7.9139 0
    endloop
  endfacet
  facet normal -0 0 -1
    outer loop
      vertex -31.953 -48.2176 0
      vertex -41.7188 -65.1325 0
      vertex -31.9914 -47.6314 0
    endloop
  endfacet
  facet normal 0 0 -1
    outer loop
      vertex -49.443 3.36465 0
      vertex -29.9 0 0
      vertex -49.1112 1.69684 0
    endloop
  endfacet
  facet normal 0 0 -1
    outer loop
      vertex -42.2457 -65.3924 0
      vertex -31.9914 -47.6314 0
      vertex -41.7188 -65.1325 0
    endloop
  endfacet
  facet normal 0 0 -1
    outer loop
      vertex -49.9896 4.97488 0
      vertex -29.9 0 0
      vertex -49.443 3.36465 0
    endloop
  endfacet
  facet normal -0 0 -1
    outer loop
      vertex -31.9914 -47.6314 0
      vertex -42.2457 -65.3924 0
      vertex -31.953 -47.0452 0
    endloop
  endfacet
  facet normal 0 0 -1
    outer loop
      vertex -50.7417 6.5 0
      vertex -29.9 0 0
      vertex -49.9896 4.97488 0
    endloop
  endfacet
  facet normal 0 0 -1
    outer loop
      vertex -42.7342 -65.7188 0
      vertex -31.953 -47.0452 0
      vertex -42.2457 -65.3924 0
    endloop
  endfacet
  facet normal 0 0 -1
    outer loop
      vertex -29.9 0 0
      vertex -52.8076 9.19239 0
      vertex -38.8375 64.9437 0
    endloop
  endfacet
  facet normal 0 0 -1
    outer loop
      vertex -43.175 -66.1054 0
      vertex -31.953 -47.0452 0
      vertex -42.7342 -65.7188 0
    endloop
  endfacet
  facet normal 0 0 -1
    outer loop
      vertex -38.8375 64.9437 0
      vertex -52.8076 9.19239 0
      vertex -38.8386 64.9435 0
    endloop
  endfacet
  facet normal 0 0 -1
    outer loop
      vertex -43.1759 -66.1061 0
      vertex -31.953 -47.0452 0
      vertex -43.175 -66.1054 0
    endloop
  endfacet
  facet normal 0 0 -1
    outer loop
      vertex -54.0861 10.3136 0
      vertex -38.8386 64.9435 0
      vertex -52.8076 9.19239 0
    endloop
  endfacet
  facet normal -0 0 -1
    outer loop
      vertex -31.953 -47.0452 0
      vertex -43.1759 -66.1061 0
      vertex -49 0 0
    endloop
  endfacet
  facet normal 0 0 -1
    outer loop
      vertex -38.8386 64.9435 0
      vertex -54.0861 10.3136 0
      vertex -39.4138 64.8291 0
    endloop
  endfacet
  facet normal 0 0 -1
    outer loop
      vertex -49 0 0
      vertex -43.1759 -66.1061 0
      vertex -43.5633 -66.5479 0
    endloop
  endfacet
  facet normal 0 0 -1
    outer loop
      vertex -39.4138 64.8291 0
      vertex -54.0861 10.3136 0
      vertex -40 64.7906 0
    endloop
  endfacet
  facet normal 0 0 -1
    outer loop
      vertex -49 0 0
      vertex -43.5633 -66.5479 0
      vertex -43.5639 -66.5488 0
    endloop
  endfacet
  facet normal 0 0 -1
    outer loop
      vertex -55.5 11.2583 0
      vertex -40 64.7906 0
      vertex -54.0861 10.3136 0
    endloop
  endfacet
  facet normal 0 0 -1
    outer loop
      vertex -49 0 0
      vertex -43.5639 -66.5488 0
      vertex -43.8896 -67.0363 0
    endloop
  endfacet
  facet normal -0 0 -1
    outer loop
      vertex -40 64.7906 0
      vertex -55.5 11.2583 0
      vertex -40.5862 64.8291 0
    endloop
  endfacet
  facet normal 0 0 -1
    outer loop
      vertex -49 0 0
      vertex -43.8896 -67.0363 0
      vertex -44.149 -67.5622 0
    endloop
  endfacet
  facet normal 0 0 -1
    outer loop
      vertex -57.0251 12.0104 0
      vertex -40.5862 64.8291 0
      vertex -55.5 11.2583 0
    endloop
  endfacet
  facet normal 0 0 -1
    outer loop
      vertex -49 0 0
      vertex -44.149 -67.5622 0
      vertex -44.1495 -67.5633 0
    endloop
  endfacet
  facet normal -0 0 -1
    outer loop
      vertex -40.5862 64.8291 0
      vertex -57.0251 12.0104 0
      vertex -41.1625 64.9437 0
    endloop
  endfacet
  facet normal 0 0 -1
    outer loop
      vertex -49 0 0
      vertex -44.1495 -67.5633 0
      vertex -44.3383 -68.1196 0
    endloop
  endfacet
  facet normal 0 0 -1
    outer loop
      vertex -43.8896 67.0363 0
      vertex -49.0175 75.4803 0
      vertex -44.149 67.5622 0
    endloop
  endfacet
  facet normal 0 0 -1
    outer loop
      vertex -49 0 0
      vertex -44.3383 -68.1196 0
      vertex -44.3386 -68.1207 0
    endloop
  endfacet
  facet normal 0 0 -1
    outer loop
      vertex -44.149 67.5622 0
      vertex -49.0175 75.4803 0
      vertex -44.1495 67.5633 0
    endloop
  endfacet
  facet normal 0 0 -1
    outer loop
      vertex -49 0 0
      vertex -44.3386 -68.1207 0
      vertex -44.453 -68.6958 0
    endloop
  endfacet
  facet normal 0 0 -1
    outer loop
      vertex -44.1495 67.5633 0
      vertex -49.0175 75.4803 0
      vertex -44.3383 68.1196 0
    endloop
  endfacet
  facet normal 0 0 -1
    outer loop
      vertex -49 0 0
      vertex -44.453 -68.6958 0
      vertex -44.4914 -69.282 0
    endloop
  endfacet
  facet normal 0 0 -1
    outer loop
      vertex -44.3383 68.1196 0
      vertex -49.0175 75.4803 0
      vertex -44.3386 68.1207 0
    endloop
  endfacet
  facet normal 0 0 -1
    outer loop
      vertex -23.2937 86.9333 0
      vertex -35.547 69.8683 0
      vertex -27.8115 85.5951 0
    endloop
  endfacet
  facet normal 0 0 -1
    outer loop
      vertex -35.6614 70.4434 0
      vertex -27.8115 85.5951 0
      vertex -35.547 69.8683 0
    endloop
  endfacet
  facet normal 0 0 -1
    outer loop
      vertex -35.6617 70.4445 0
      vertex -27.8115 85.5951 0
      vertex -35.6614 70.4434 0
    endloop
  endfacet
  facet normal 0 0 -1
    outer loop
      vertex -35.8505 71.0008 0
      vertex -27.8115 85.5951 0
      vertex -35.6617 70.4445 0
    endloop
  endfacet
  facet normal 0 0 -1
    outer loop
      vertex -27.8115 85.5951 0
      vertex -35.8505 71.0008 0
      vertex -32.2531 84.0222 0
    endloop
  endfacet
  facet normal 0 0 -1
    outer loop
      vertex -35.851 71.0018 0
      vertex -32.2531 84.0222 0
      vertex -35.8505 71.0008 0
    endloop
  endfacet
  facet normal 0 0 -1
    outer loop
      vertex -36.1104 71.5277 0
      vertex -32.2531 84.0222 0
      vertex -35.851 71.0018 0
    endloop
  endfacet
  facet normal 0 0 -1
    outer loop
      vertex -36.4361 72.0153 0
      vertex -32.2531 84.0222 0
      vertex -36.1104 71.5277 0
    endloop
  endfacet
  facet normal 0 0 -1
    outer loop
      vertex -36.4367 72.0162 0
      vertex -32.2531 84.0222 0
      vertex -36.4361 72.0153 0
    endloop
  endfacet
  facet normal 0 0 -1
    outer loop
      vertex -36.8241 72.4579 0
      vertex -32.2531 84.0222 0
      vertex -36.4367 72.0162 0
    endloop
  endfacet
  facet normal 0 0 -1
    outer loop
      vertex -32.2531 84.0222 0
      vertex -36.8241 72.4579 0
      vertex -36.6063 82.2191 0
    endloop
  endfacet
  facet normal 0 0 -1
    outer loop
      vertex -36.825 72.4587 0
      vertex -36.6063 82.2191 0
      vertex -36.8241 72.4579 0
    endloop
  endfacet
  facet normal 0 0 -1
    outer loop
      vertex -37.2658 72.8453 0
      vertex -36.6063 82.2191 0
      vertex -36.825 72.4587 0
    endloop
  endfacet
  facet normal 0 0 -1
    outer loop
      vertex -37.7543 73.1717 0
      vertex -36.6063 82.2191 0
      vertex -37.2658 72.8453 0
    endloop
  endfacet
  facet normal 0 0 -1
    outer loop
      vertex -38.2812 73.4315 0
      vertex -36.6063 82.2191 0
      vertex -37.7543 73.1717 0
    endloop
  endfacet
  facet normal 0 0 -1
    outer loop
      vertex -38.8375 73.6204 0
      vertex -36.6063 82.2191 0
      vertex -38.2812 73.4315 0
    endloop
  endfacet
  facet normal 0 0 -1
    outer loop
      vertex -40.8591 80.1906 0
      vertex -38.8375 73.6204 0
      vertex -39.4138 73.735 0
    endloop
  endfacet
  facet normal 0 0 -1
    outer loop
      vertex -40.8591 80.1906 0
      vertex -39.4138 73.735 0
      vertex -40 73.7734 0
    endloop
  endfacet
  facet normal 0 0 -1
    outer loop
      vertex -40.8591 80.1906 0
      vertex -40 73.7734 0
      vertex -40.5862 73.735 0
    endloop
  endfacet
  facet normal 0 0 -1
    outer loop
      vertex -38.8375 73.6204 0
      vertex -40.8591 80.1906 0
      vertex -36.6063 82.2191 0
    endloop
  endfacet
  facet normal 0 0 -1
    outer loop
      vertex -41.1614 73.6206 0
      vertex -40.8591 80.1906 0
      vertex -40.5862 73.735 0
    endloop
  endfacet
  facet normal 0 0 -1
    outer loop
      vertex -45 77.9423 0
      vertex -41.1614 73.6206 0
      vertex -41.1625 73.6204 0
    endloop
  endfacet
  facet normal 0 0 -1
    outer loop
      vertex -45 77.9423 0
      vertex -41.1625 73.6204 0
      vertex -41.7188 73.4315 0
    endloop
  endfacet
  facet normal 0 0 -1
    outer loop
      vertex -45 77.9423 0
      vertex -41.7188 73.4315 0
      vertex -41.7198 73.431 0
    endloop
  endfacet
  facet normal 0 0 -1
    outer loop
      vertex -45 77.9423 0
      vertex -41.7198 73.431 0
      vertex -42.2457 73.1717 0
    endloop
  endfacet
  facet normal 0 0 -1
    outer loop
      vertex -45 77.9423 0
      vertex -42.2457 73.1717 0
      vertex -42.7332 72.8459 0
    endloop
  endfacet
  facet normal 0 0 -1
    outer loop
      vertex -45 77.9423 0
      vertex -42.7332 72.8459 0
      vertex -42.7342 72.8453 0
    endloop
  endfacet
  facet normal 0 0 -1
    outer loop
      vertex -45 77.9423 0
      vertex -42.7342 72.8453 0
      vertex -43.1759 72.4579 0
    endloop
  endfacet
  facet normal 0 0 -1
    outer loop
      vertex -45 77.9423 0
      vertex -43.1759 72.4579 0
      vertex -43.1766 72.4571 0
    endloop
  endfacet
  facet normal 0 0 -1
    outer loop
      vertex -49.0175 75.4803 0
      vertex -43.1766 72.4571 0
      vertex -43.5633 72.0162 0
    endloop
  endfacet
  facet normal 0 0 -1
    outer loop
      vertex -49.0175 75.4803 0
      vertex -43.5633 72.0162 0
      vertex -43.8896 71.5277 0
    endloop
  endfacet
  facet normal 0 0 -1
    outer loop
      vertex -49.0175 75.4803 0
      vertex -43.8896 71.5277 0
      vertex -44.1495 71.0008 0
    endloop
  endfacet
  facet normal 0 0 -1
    outer loop
      vertex -41.1614 73.6206 0
      vertex -45 77.9423 0
      vertex -40.8591 80.1906 0
    endloop
  endfacet
  facet normal 0 0 -1
    outer loop
      vertex -49.0175 75.4803 0
      vertex -44.1495 71.0008 0
      vertex -44.3383 70.4445 0
    endloop
  endfacet
  facet normal 0 0 -1
    outer loop
      vertex -49.0175 75.4803 0
      vertex -44.3383 70.4445 0
      vertex -44.453 69.8683 0
    endloop
  endfacet
  facet normal 0 0 -1
    outer loop
      vertex -49.0175 75.4803 0
      vertex -44.453 69.8683 0
      vertex -44.4914 69.282 0
    endloop
  endfacet
  facet normal 0 0 -1
    outer loop
      vertex -44.3386 68.1207 0
      vertex -49.0175 75.4803 0
      vertex -44.453 68.6958 0
    endloop
  endfacet
  facet normal 0 0 -1
    outer loop
      vertex -44.453 68.6958 0
      vertex -49.0175 75.4803 0
      vertex -44.4914 69.282 0
    endloop
  endfacet
  facet normal 0 0 -1
    outer loop
      vertex -52.8076 -9.19239 0
      vertex -45 -77.9423 0
      vertex -49.0175 -75.4803 0
    endloop
  endfacet
  facet normal 0 0 -1
    outer loop
      vertex -45 -77.9423 0
      vertex -49.1112 -1.69684 0
      vertex -49 0 0
    endloop
  endfacet
  facet normal 0 0 -1
    outer loop
      vertex -45 -77.9423 0
      vertex -49.443 -3.36465 0
      vertex -49.1112 -1.69684 0
    endloop
  endfacet
  facet normal 0 0 -1
    outer loop
      vertex -45 -77.9423 0
      vertex -49.9896 -4.97488 0
      vertex -49.443 -3.36465 0
    endloop
  endfacet
  facet normal 0 0 -1
    outer loop
      vertex -45 -77.9423 0
      vertex -50.7417 -6.5 0
      vertex -49.9896 -4.97488 0
    endloop
  endfacet
  facet normal 0 0 -1
    outer loop
      vertex -45 -77.9423 0
      vertex -51.6864 -7.9139 0
      vertex -50.7417 -6.5 0
    endloop
  endfacet
  facet normal 0 0 -1
    outer loop
      vertex -45 -77.9423 0
      vertex -52.8076 -9.19239 0
      vertex -51.6864 -7.9139 0
    endloop
  endfacet
  facet normal 0 0 -1
    outer loop
      vertex -54.0861 -10.3136 0
      vertex -49.0175 -75.4803 0
      vertex -52.9007 -72.8115 0
    endloop
  endfacet
  facet normal 0 0 -1
    outer loop
      vertex -49.0175 -75.4803 0
      vertex -54.0861 -10.3136 0
      vertex -52.8076 -9.19239 0
    endloop
  endfacet
  facet normal 0 0 -1
    outer loop
      vertex -56.6388 -69.9431 0
      vertex -54.0861 -10.3136 0
      vertex -52.9007 -72.8115 0
    endloop
  endfacet
  facet normal 0 0 -1
    outer loop
      vertex -54.0861 -10.3136 0
      vertex -56.6388 -69.9431 0
      vertex -55.5 -11.2583 0
    endloop
  endfacet
  facet normal 0 0 -1
    outer loop
      vertex -60.2218 -66.883 0
      vertex -55.5 -11.2583 0
      vertex -56.6388 -69.9431 0
    endloop
  endfacet
  facet normal 0 0 -1
    outer loop
      vertex -63.6396 -63.6396 0
      vertex -55.5 -11.2583 0
      vertex -60.2218 -66.883 0
    endloop
  endfacet
  facet normal 0 0 -1
    outer loop
      vertex -55.5 -11.2583 0
      vertex -63.6396 -63.6396 0
      vertex -57.0251 -12.0104 0
    endloop
  endfacet
  facet normal 0 0 -1
    outer loop
      vertex -66.883 -60.2218 0
      vertex -57.0251 -12.0104 0
      vertex -63.6396 -63.6396 0
    endloop
  endfacet
  facet normal 0 0 -1
    outer loop
      vertex -69.9431 -56.6388 0
      vertex -57.0251 -12.0104 0
      vertex -66.883 -60.2218 0
    endloop
  endfacet
  facet normal 0 0 -1
    outer loop
      vertex -57.0251 -12.0104 0
      vertex -69.9431 -56.6388 0
      vertex -58.6354 -12.557 0
    endloop
  endfacet
  facet normal 0 0 -1
    outer loop
      vertex -72.8115 -52.9007 0
      vertex -58.6354 -12.557 0
      vertex -69.9431 -56.6388 0
    endloop
  endfacet
  facet normal 0 0 -1
    outer loop
      vertex -75.4803 -49.0175 0
      vertex -58.6354 -12.557 0
      vertex -72.8115 -52.9007 0
    endloop
  endfacet
  facet normal 0 0 -1
    outer loop
      vertex -58.6354 -12.557 0
      vertex -75.4803 -49.0175 0
      vertex -60.3032 -12.8888 0
    endloop
  endfacet
  facet normal 0 0 -1
    outer loop
      vertex -77.9423 -45 0
      vertex -60.3032 -12.8888 0
      vertex -75.4803 -49.0175 0
    endloop
  endfacet
  facet normal 0 0 -1
    outer loop
      vertex -60.3032 -12.8888 0
      vertex -77.9423 -45 0
      vertex -62 -13 0
    endloop
  endfacet
  facet normal 0 0 -1
    outer loop
      vertex -80.1906 -40.8591 0
      vertex -62 -13 0
      vertex -77.9423 -45 0
    endloop
  endfacet
  facet normal -0 0 -1
    outer loop
      vertex -62 -13 0
      vertex -80.1906 -40.8591 0
      vertex -63.6968 -12.8888 0
    endloop
  endfacet
  facet normal 0 0 -1
    outer loop
      vertex -82.2191 -36.6063 0
      vertex -63.6968 -12.8888 0
      vertex -80.1906 -40.8591 0
    endloop
  endfacet
  facet normal -0 0 -1
    outer loop
      vertex -63.6968 -12.8888 0
      vertex -82.2191 -36.6063 0
      vertex -65.3646 -12.557 0
    endloop
  endfacet
  facet normal 0 0 -1
    outer loop
      vertex -84.0222 -32.2531 0
      vertex -65.3646 -12.557 0
      vertex -82.2191 -36.6063 0
    endloop
  endfacet
  facet normal -0 0 -1
    outer loop
      vertex -65.3646 -12.557 0
      vertex -84.0222 -32.2531 0
      vertex -66.9749 -12.0104 0
    endloop
  endfacet
  facet normal 0 0 -1
    outer loop
      vertex -85.5951 -27.8115 0
      vertex -66.9749 -12.0104 0
      vertex -84.0222 -32.2531 0
    endloop
  endfacet
  facet normal -0 0 -1
    outer loop
      vertex -66.9749 -12.0104 0
      vertex -85.5951 -27.8115 0
      vertex -68.5 -11.2583 0
    endloop
  endfacet
  facet normal 0 0 -1
    outer loop
      vertex -86.9333 -23.2937 0
      vertex -68.5 -11.2583 0
      vertex -85.5951 -27.8115 0
    endloop
  endfacet
  facet normal -0 0 -1
    outer loop
      vertex -68.5 -11.2583 0
      vertex -86.9333 -23.2937 0
      vertex -69.9139 -10.3136 0
    endloop
  endfacet
  facet normal 0 0 -1
    outer loop
      vertex -88.0333 -18.7121 0
      vertex -69.9139 -10.3136 0
      vertex -86.9333 -23.2937 0
    endloop
  endfacet
  facet normal 0 0 -1
    outer loop
      vertex -25.2543 -43.7417 0
      vertex -1.625 -2.81458 0
      vertex -24.7668 -44.0675 0
    endloop
  endfacet
  facet normal 0 0 -1
    outer loop
      vertex -3.25 0 0
      vertex -23.047 47.0452 0
      vertex -23.0086 47.6314 0
    endloop
  endfacet
  facet normal -0 0 -1
    outer loop
      vertex -1.625 -2.81458 0
      vertex -25.2543 -43.7417 0
      vertex -1.97847 -2.5784 0
    endloop
  endfacet
  facet normal 0 0 -1
    outer loop
      vertex -26.1163 0.247999 0
      vertex -3.25 0 0
      vertex -26.1 0 0
    endloop
  endfacet
  facet normal 0 0 -1
    outer loop
      vertex -25.7802 -43.4824 0
      vertex -1.97847 -2.5784 0
      vertex -25.2543 -43.7417 0
    endloop
  endfacet
  facet normal 0 0 -1
    outer loop
      vertex -3.25 0 0
      vertex -23.1617 46.4689 0
      vertex -23.047 47.0452 0
    endloop
  endfacet
  facet normal 0 -0 -1
    outer loop
      vertex -26.8434 -1.50737 0
      vertex -1.97847 -2.5784 0
      vertex -27.05 -1.64545 0
    endloop
  endfacet
  facet normal 0 0 -1
    outer loop
      vertex -26.1647 0.491755 0
      vertex -3.25 0 0
      vertex -26.1163 0.247999 0
    endloop
  endfacet
  facet normal 0 0 -1
    outer loop
      vertex -1.97847 -2.5784 0
      vertex -26.8434 -1.50737 0
      vertex -2.2981 -2.2981 0
    endloop
  endfacet
  facet normal 0 0 -1
    outer loop
      vertex -3.25 0 0
      vertex -23.3505 45.9126 0
      vertex -23.1617 46.4689 0
    endloop
  endfacet
  facet normal 0 -0 -1
    outer loop
      vertex -26.6565 -1.3435 0
      vertex -2.2981 -2.2981 0
      vertex -26.8434 -1.50737 0
    endloop
  endfacet
  facet normal 0 0 -1
    outer loop
      vertex -26.2446 0.727098 0
      vertex -3.25 0 0
      vertex -26.1647 0.491755 0
    endloop
  endfacet
  facet normal 0 0 -1
    outer loop
      vertex -2.2981 -2.2981 0
      vertex -26.6565 -1.3435 0
      vertex -2.5784 -1.97847 0
    endloop
  endfacet
  facet normal 0 0 -1
    outer loop
      vertex -26.3546 0.95 0
      vertex -3.25 0 0
      vertex -26.2446 0.727098 0
    endloop
  endfacet
  facet normal 0 -0 -1
    outer loop
      vertex -26.4926 -1.15665 0
      vertex -2.5784 -1.97847 0
      vertex -26.6565 -1.3435 0
    endloop
  endfacet
  facet normal 0 0 -1
    outer loop
      vertex -3.25 0 0
      vertex -23.6104 45.3857 0
      vertex -23.3505 45.9126 0
    endloop
  endfacet
  facet normal 0 0 -1
    outer loop
      vertex -2.5784 -1.97847 0
      vertex -26.4926 -1.15665 0
      vertex -2.81458 -1.625 0
    endloop
  endfacet
  facet normal 0 0 -1
    outer loop
      vertex -26.4926 1.15665 0
      vertex -3.25 0 0
      vertex -26.3546 0.95 0
    endloop
  endfacet
  facet normal 0 -0 -1
    outer loop
      vertex -26.3546 -0.95 0
      vertex -2.81458 -1.625 0
      vertex -26.4926 -1.15665 0
    endloop
  endfacet
  facet normal 0 0 -1
    outer loop
      vertex -3.25 0 0
      vertex -23.9368 44.8972 0
      vertex -23.6104 45.3857 0
    endloop
  endfacet
  facet normal -0 0 -1
    outer loop
      vertex -1.97847 -2.5784 0
      vertex -25.7802 -43.4824 0
      vertex -27.05 -1.64545 0
    endloop
  endfacet
  facet normal 0 0 -1
    outer loop
      vertex -26.6565 1.3435 0
      vertex -3.25 0 0
      vertex -26.4926 1.15665 0
    endloop
  endfacet
  facet normal 0 0 -1
    outer loop
      vertex -27.05 -1.64545 0
      vertex -25.7802 -43.4824 0
      vertex -25.7812 -43.4819 0
    endloop
  endfacet
  facet normal 0 0 -1
    outer loop
      vertex -3.25 0 0
      vertex -24.3234 44.4564 0
      vertex -23.9368 44.8972 0
    endloop
  endfacet
  facet normal 0 0 -1
    outer loop
      vertex -3.25 0 0
      vertex -24.3241 44.4555 0
      vertex -24.3234 44.4564 0
    endloop
  endfacet
  facet normal -0 0 -1
    outer loop
      vertex -3.25 0 0
      vertex -26.1163 -0.247999 0
      vertex -26.1 0 0
    endloop
  endfacet
  facet normal 0 0 -1
    outer loop
      vertex -3.2222 -0.42421 0
      vertex -26.1163 -0.247999 0
      vertex -3.25 0 0
    endloop
  endfacet
  facet normal 0 -0 -1
    outer loop
      vertex -26.1163 -0.247999 0
      vertex -3.2222 -0.42421 0
      vertex -26.1647 -0.491755 0
    endloop
  endfacet
  facet normal 0 0 -1
    outer loop
      vertex -27.2729 -1.75537 0
      vertex -25.7812 -43.4819 0
      vertex -26.3375 -43.2931 0
    endloop
  endfacet
  facet normal 0 0 -1
    outer loop
      vertex -27.5082 -1.83526 0
      vertex -26.3375 -43.2931 0
      vertex -26.3387 -43.2928 0
    endloop
  endfacet
  facet normal 0 0 -1
    outer loop
      vertex -3.13926 -0.841162 0
      vertex -26.1647 -0.491755 0
      vertex -3.2222 -0.42421 0
    endloop
  endfacet
  facet normal 0 -0 -1
    outer loop
      vertex -26.1647 -0.491755 0
      vertex -3.13926 -0.841162 0
      vertex -26.2446 -0.727098 0
    endloop
  endfacet
  facet normal 0 0 -1
    outer loop
      vertex -3.00261 -1.24372 0
      vertex -26.2446 -0.727098 0
      vertex -3.13926 -0.841162 0
    endloop
  endfacet
  facet normal 0 -0 -1
    outer loop
      vertex -26.2446 -0.727098 0
      vertex -3.00261 -1.24372 0
      vertex -26.3546 -0.95 0
    endloop
  endfacet
  facet normal 0 0 -1
    outer loop
      vertex -27.5082 -1.83526 0
      vertex -26.3387 -43.2928 0
      vertex -26.9138 -43.1784 0
    endloop
  endfacet
  facet normal 0 0 -1
    outer loop
      vertex -2.81458 -1.625 0
      vertex -26.3546 -0.95 0
      vertex -3.00261 -1.24372 0
    endloop
  endfacet
  facet normal 0 0 -1
    outer loop
      vertex -25.7812 -43.4819 0
      vertex -27.2729 -1.75537 0
      vertex -27.05 -1.64545 0
    endloop
  endfacet
  facet normal 0 0 -1
    outer loop
      vertex -27.752 -1.88375 0
      vertex -26.9138 -43.1784 0
      vertex -27.5 -43.14 0
    endloop
  endfacet
  facet normal 0 0 -1
    outer loop
      vertex -26.3375 -43.2931 0
      vertex -27.5082 -1.83526 0
      vertex -27.2729 -1.75537 0
    endloop
  endfacet
  facet normal 0 0 -1
    outer loop
      vertex -26.9138 -43.1784 0
      vertex -27.752 -1.88375 0
      vertex -27.5082 -1.83526 0
    endloop
  endfacet
  facet normal 0 0 -1
    outer loop
      vertex -27.5 -43.14 0
      vertex -28 -1.9 0
      vertex -27.752 -1.88375 0
    endloop
  endfacet
  facet normal 0 0 -1
    outer loop
      vertex -28.0862 -43.1784 0
      vertex -28 -1.9 0
      vertex -27.5 -43.14 0
    endloop
  endfacet
  facet normal 0 0 -1
    outer loop
      vertex -28.0862 -43.1784 0
      vertex -28.248 -1.88375 0
      vertex -28 -1.9 0
    endloop
  endfacet
  facet normal 0 0 -1
    outer loop
      vertex -28.0862 -43.1784 0
      vertex -28.4918 -1.83526 0
      vertex -28.248 -1.88375 0
    endloop
  endfacet
  facet normal 0 0 -1
    outer loop
      vertex -28.6625 -43.2931 0
      vertex -28.4918 -1.83526 0
      vertex -28.0862 -43.1784 0
    endloop
  endfacet
  facet normal 0 0 -1
    outer loop
      vertex -28.6625 -43.2931 0
      vertex -28.7271 -1.75537 0
      vertex -28.4918 -1.83526 0
    endloop
  endfacet
  facet normal 0 0 -1
    outer loop
      vertex -29.2188 -43.4819 0
      vertex -28.7271 -1.75537 0
      vertex -28.6625 -43.2931 0
    endloop
  endfacet
  facet normal -0 0 -1
    outer loop
      vertex -28.7271 -1.75537 0
      vertex -29.2188 -43.4819 0
      vertex -28.95 -1.64545 0
    endloop
  endfacet
  facet normal 0 0 -1
    outer loop
      vertex -29.7457 -43.7417 0
      vertex -28.95 -1.64545 0
      vertex -29.2188 -43.4819 0
    endloop
  endfacet
  facet normal -0 0 -1
    outer loop
      vertex -28.95 -1.64545 0
      vertex -29.7457 -43.7417 0
      vertex -29.1566 -1.50737 0
    endloop
  endfacet
  facet normal 0 0 -1
    outer loop
      vertex -30.2342 -44.0681 0
      vertex -29.1566 -1.50737 0
      vertex -29.7457 -43.7417 0
    endloop
  endfacet
  facet normal -0 0 -1
    outer loop
      vertex -29.1566 -1.50737 0
      vertex -30.2342 -44.0681 0
      vertex -29.3435 -1.3435 0
    endloop
  endfacet
  facet normal 0 0 -1
    outer loop
      vertex -30.675 -44.4548 0
      vertex -29.3435 -1.3435 0
      vertex -30.2342 -44.0681 0
    endloop
  endfacet
  facet normal 0 0 -1
    outer loop
      vertex -30.6759 -44.4555 0
      vertex -29.3435 -1.3435 0
      vertex -30.675 -44.4548 0
    endloop
  endfacet
  facet normal -0 0 -1
    outer loop
      vertex -29.3435 -1.3435 0
      vertex -30.6759 -44.4555 0
      vertex -29.5074 -1.15665 0
    endloop
  endfacet
  facet normal 0 0 -1
    outer loop
      vertex -31.0633 -44.8972 0
      vertex -29.5074 -1.15665 0
      vertex -30.6759 -44.4555 0
    endloop
  endfacet
  facet normal -0 0 -1
    outer loop
      vertex -29.5074 -1.15665 0
      vertex -31.0633 -44.8972 0
      vertex -29.6454 -0.95 0
    endloop
  endfacet
  facet normal 0 0 -1
    outer loop
      vertex -31.0639 -44.8982 0
      vertex -29.6454 -0.95 0
      vertex -31.0633 -44.8972 0
    endloop
  endfacet
  facet normal 0 0 -1
    outer loop
      vertex -23.351 49.3512 0
      vertex 18.1112 55.3904 0
      vertex -23.3505 49.3502 0
    endloop
  endfacet
  facet normal 0 0 -1
    outer loop
      vertex -23.6104 49.8771 0
      vertex 18.1112 55.3904 0
      vertex -23.351 49.3512 0
    endloop
  endfacet
  facet normal -0 0 -1
    outer loop
      vertex 18.1112 55.3904 0
      vertex -23.6104 49.8771 0
      vertex 18.443 57.0582 0
    endloop
  endfacet
  facet normal 0 0 -1
    outer loop
      vertex -23.9361 50.3646 0
      vertex 18.443 57.0582 0
      vertex -23.6104 49.8771 0
    endloop
  endfacet
  facet normal 0 0 -1
    outer loop
      vertex -23.9367 50.3656 0
      vertex 18.443 57.0582 0
      vertex -23.9361 50.3646 0
    endloop
  endfacet
  facet normal -0 0 -1
    outer loop
      vertex 18.443 57.0582 0
      vertex -23.9367 50.3656 0
      vertex -4.71024 89.8767 0
    endloop
  endfacet
  facet normal 0 0 -1
    outer loop
      vertex -4.71024 89.8767 0
      vertex -23.9367 50.3656 0
      vertex -9.40756 89.507 0
    endloop
  endfacet
  facet normal 0 0 -1
    outer loop
      vertex -24.3241 50.8073 0
      vertex -9.40756 89.507 0
      vertex -23.9367 50.3656 0
    endloop
  endfacet
  facet normal 0 0 -1
    outer loop
      vertex -9.40756 89.507 0
      vertex -24.3241 50.8073 0
      vertex -14.0791 88.892 0
    endloop
  endfacet
  facet normal 0 0 -1
    outer loop
      vertex -24.325 50.808 0
      vertex -14.0791 88.892 0
      vertex -24.3241 50.8073 0
    endloop
  endfacet
  facet normal 0 0 -1
    outer loop
      vertex -24.7658 51.1946 0
      vertex -14.0791 88.892 0
      vertex -24.325 50.808 0
    endloop
  endfacet
  facet normal 0 0 -1
    outer loop
      vertex -14.0791 88.892 0
      vertex -24.7658 51.1946 0
      vertex -18.7121 88.0333 0
    endloop
  endfacet
  facet normal 0 0 -1
    outer loop
      vertex -25.2543 51.521 0
      vertex -18.7121 88.0333 0
      vertex -24.7658 51.1946 0
    endloop
  endfacet
  facet normal 0 0 -1
    outer loop
      vertex -35.5086 69.282 0
      vertex -18.7121 88.0333 0
      vertex -25.2543 51.521 0
    endloop
  endfacet
  facet normal 0 0 -1
    outer loop
      vertex -35.5086 69.282 0
      vertex -25.2543 51.521 0
      vertex -25.7812 51.7809 0
    endloop
  endfacet
  facet normal 0 0 -1
    outer loop
      vertex -35.5086 69.282 0
      vertex -25.7812 51.7809 0
      vertex -26.3375 51.9697 0
    endloop
  endfacet
  facet normal 0 0 -1
    outer loop
      vertex -35.5086 69.282 0
      vertex -26.3375 51.9697 0
      vertex -26.9138 52.0844 0
    endloop
  endfacet
  facet normal 0 0 -1
    outer loop
      vertex -35.5086 69.282 0
      vertex -26.9138 52.0844 0
      vertex -27.5 52.1228 0
    endloop
  endfacet
  facet normal 0 0 -1
    outer loop
      vertex -18.7121 88.0333 0
      vertex -35.5086 69.282 0
      vertex -23.2937 86.9333 0
    endloop
  endfacet
  facet normal 0 0 -1
    outer loop
      vertex -35.5086 69.282 0
      vertex -27.5 52.1228 0
      vertex -28.0862 52.0844 0
    endloop
  endfacet
  facet normal 0 0 -1
    outer loop
      vertex -35.5086 69.282 0
      vertex -28.0862 52.0844 0
      vertex -28.6613 51.97 0
    endloop
  endfacet
  facet normal 0 0 -1
    outer loop
      vertex -35.5086 69.282 0
      vertex -28.6613 51.97 0
      vertex -28.6625 51.9697 0
    endloop
  endfacet
  facet normal 0 0 -1
    outer loop
      vertex -35.5086 69.282 0
      vertex -28.6625 51.9697 0
      vertex -29.2188 51.7809 0
    endloop
  endfacet
  facet normal 0 0 -1
    outer loop
      vertex -35.5086 69.282 0
      vertex -29.2188 51.7809 0
      vertex -29.2198 51.7804 0
    endloop
  endfacet
  facet normal 0 0 -1
    outer loop
      vertex -35.5086 69.282 0
      vertex -29.2198 51.7804 0
      vertex -29.7457 51.521 0
    endloop
  endfacet
  facet normal 0 0 -1
    outer loop
      vertex -35.5086 69.282 0
      vertex -29.7457 51.521 0
      vertex -30.2332 51.1953 0
    endloop
  endfacet
  facet normal 0 0 -1
    outer loop
      vertex -35.5086 69.282 0
      vertex -30.2332 51.1953 0
      vertex -30.2342 51.1946 0
    endloop
  endfacet
  facet normal 0 0 -1
    outer loop
      vertex -35.5086 69.282 0
      vertex -30.2342 51.1946 0
      vertex -30.6759 50.8073 0
    endloop
  endfacet
  facet normal 0 0 -1
    outer loop
      vertex -35.5086 69.282 0
      vertex -30.6759 50.8073 0
      vertex -30.6766 50.8064 0
    endloop
  endfacet
  facet normal 0 0 -1
    outer loop
      vertex -35.5086 69.282 0
      vertex -30.6766 50.8064 0
      vertex -31.0632 50.3656 0
    endloop
  endfacet
  facet normal 0 0 -1
    outer loop
      vertex -35.5086 69.282 0
      vertex -31.0632 50.3656 0
      vertex -31.3896 49.8771 0
    endloop
  endfacet
  facet normal 0 0 -1
    outer loop
      vertex -35.5086 69.282 0
      vertex -31.3896 49.8771 0
      vertex -31.6495 49.3502 0
    endloop
  endfacet
  facet normal 0 0 -1
    outer loop
      vertex -35.5086 69.282 0
      vertex -31.6495 49.3502 0
      vertex -31.8383 48.7938 0
    endloop
  endfacet
  facet normal 0 0 -1
    outer loop
      vertex -35.5086 69.282 0
      vertex -31.8383 48.7938 0
      vertex -31.953 48.2176 0
    endloop
  endfacet
  facet normal 0 0 -1
    outer loop
      vertex -35.547 69.8683 0
      vertex -23.2937 86.9333 0
      vertex -35.5086 69.282 0
    endloop
  endfacet
  facet normal 0 0 -1
    outer loop
      vertex -35.5086 69.282 0
      vertex -31.953 48.2176 0
      vertex -31.9914 47.6314 0
    endloop
  endfacet
  facet normal 0 0 -1
    outer loop
      vertex -29.9 0 0
      vertex -35.5086 69.282 0
      vertex -31.953 47.0452 0
    endloop
  endfacet
  facet normal 0 0 -1
    outer loop
      vertex -31.953 47.0452 0
      vertex -35.5086 69.282 0
      vertex -31.9914 47.6314 0
    endloop
  endfacet
  facet normal 0 0 -1
    outer loop
      vertex -32.2531 -84.0222 0
      vertex -35.547 -69.8683 0
      vertex -35.5086 -69.282 0
    endloop
  endfacet
  facet normal 0 0 -1
    outer loop
      vertex -32.2531 -84.0222 0
      vertex -35.6614 -70.4434 0
      vertex -35.547 -69.8683 0
    endloop
  endfacet
  facet normal 0 0 -1
    outer loop
      vertex -32.2531 -84.0222 0
      vertex -35.6617 -70.4445 0
      vertex -35.6614 -70.4434 0
    endloop
  endfacet
  facet normal 0 0 -1
    outer loop
      vertex -32.2531 -84.0222 0
      vertex -35.8505 -71.0008 0
      vertex -35.6617 -70.4445 0
    endloop
  endfacet
  facet normal 0 0 -1
    outer loop
      vertex -32.2531 -84.0222 0
      vertex -35.851 -71.0018 0
      vertex -35.8505 -71.0008 0
    endloop
  endfacet
  facet normal 0 0 -1
    outer loop
      vertex -32.2531 -84.0222 0
      vertex -36.1104 -71.5277 0
      vertex -35.851 -71.0018 0
    endloop
  endfacet
  facet normal 0 0 -1
    outer loop
      vertex -32.2531 -84.0222 0
      vertex -36.4361 -72.0153 0
      vertex -36.1104 -71.5277 0
    endloop
  endfacet
  facet normal 0 0 -1
    outer loop
      vertex -32.2531 -84.0222 0
      vertex -36.4367 -72.0162 0
      vertex -36.4361 -72.0153 0
    endloop
  endfacet
  facet normal 0 0 -1
    outer loop
      vertex -36.8241 -72.4579 0
      vertex -32.2531 -84.0222 0
      vertex -36.6063 -82.2191 0
    endloop
  endfacet
  facet normal 0 0 -1
    outer loop
      vertex -32.2531 -84.0222 0
      vertex -36.8241 -72.4579 0
      vertex -36.4367 -72.0162 0
    endloop
  endfacet
  facet normal 0 0 -1
    outer loop
      vertex -36.6063 -82.2191 0
      vertex -36.825 -72.4587 0
      vertex -36.8241 -72.4579 0
    endloop
  endfacet
  facet normal 0 0 -1
    outer loop
      vertex -36.6063 -82.2191 0
      vertex -37.2658 -72.8453 0
      vertex -36.825 -72.4587 0
    endloop
  endfacet
  facet normal 0 0 -1
    outer loop
      vertex -36.6063 -82.2191 0
      vertex -37.7543 -73.1717 0
      vertex -37.2658 -72.8453 0
    endloop
  endfacet
  facet normal 0 0 -1
    outer loop
      vertex -36.6063 -82.2191 0
      vertex -38.2812 -73.4315 0
      vertex -37.7543 -73.1717 0
    endloop
  endfacet
  facet normal 0 0 -1
    outer loop
      vertex -36.6063 -82.2191 0
      vertex -38.8375 -73.6204 0
      vertex -38.2812 -73.4315 0
    endloop
  endfacet
  facet normal 0 0 -1
    outer loop
      vertex -40.8591 -80.1906 0
      vertex -38.8375 -73.6204 0
      vertex -36.6063 -82.2191 0
    endloop
  endfacet
  facet normal 0 0 -1
    outer loop
      vertex -38.8375 -73.6204 0
      vertex -40.8591 -80.1906 0
      vertex -39.4138 -73.735 0
    endloop
  endfacet
  facet normal 0 0 -1
    outer loop
      vertex -39.4138 -73.735 0
      vertex -40.8591 -80.1906 0
      vertex -40 -73.7734 0
    endloop
  endfacet
  facet normal -0 0 -1
    outer loop
      vertex -40 -73.7734 0
      vertex -40.8591 -80.1906 0
      vertex -40.5862 -73.735 0
    endloop
  endfacet
  facet normal 0 0 -1
    outer loop
      vertex -40.8591 -80.1906 0
      vertex -41.1614 -73.6206 0
      vertex -40.5862 -73.735 0
    endloop
  endfacet
  facet normal 0 0 -1
    outer loop
      vertex -45 -77.9423 0
      vertex -41.1614 -73.6206 0
      vertex -40.8591 -80.1906 0
    endloop
  endfacet
  facet normal -0 0 -1
    outer loop
      vertex -41.1614 -73.6206 0
      vertex -45 -77.9423 0
      vertex -41.1625 -73.6204 0
    endloop
  endfacet
  facet normal -0 0 -1
    outer loop
      vertex -41.1625 -73.6204 0
      vertex -45 -77.9423 0
      vertex -41.7188 -73.4315 0
    endloop
  endfacet
  facet normal -0 0 -1
    outer loop
      vertex -41.7188 -73.4315 0
      vertex -45 -77.9423 0
      vertex -41.7198 -73.431 0
    endloop
  endfacet
  facet normal -0 0 -1
    outer loop
      vertex -41.7198 -73.431 0
      vertex -45 -77.9423 0
      vertex -42.2457 -73.1717 0
    endloop
  endfacet
  facet normal -0 0 -1
    outer loop
      vertex -42.2457 -73.1717 0
      vertex -45 -77.9423 0
      vertex -42.7332 -72.8459 0
    endloop
  endfacet
  facet normal -0 0 -1
    outer loop
      vertex -42.7332 -72.8459 0
      vertex -45 -77.9423 0
      vertex -42.7342 -72.8453 0
    endloop
  endfacet
  facet normal -0 0 -1
    outer loop
      vertex -42.7342 -72.8453 0
      vertex -45 -77.9423 0
      vertex -43.1759 -72.4579 0
    endloop
  endfacet
  facet normal -0 0 -1
    outer loop
      vertex -43.1759 -72.4579 0
      vertex -45 -77.9423 0
      vertex -43.1766 -72.4571 0
    endloop
  endfacet
  facet normal -0 0 -1
    outer loop
      vertex -43.1766 -72.4571 0
      vertex -45 -77.9423 0
      vertex -43.5633 -72.0162 0
    endloop
  endfacet
  facet normal -0 0 -1
    outer loop
      vertex -43.5633 -72.0162 0
      vertex -45 -77.9423 0
      vertex -43.8896 -71.5277 0
    endloop
  endfacet
  facet normal 0 0 -1
    outer loop
      vertex -49 0 0
      vertex -44.4914 -69.282 0
      vertex -45 -77.9423 0
    endloop
  endfacet
  facet normal -0 0 -1
    outer loop
      vertex -44.453 -69.8683 0
      vertex -45 -77.9423 0
      vertex -44.4914 -69.282 0
    endloop
  endfacet
  facet normal -0 0 -1
    outer loop
      vertex -44.3383 -70.4445 0
      vertex -45 -77.9423 0
      vertex -44.453 -69.8683 0
    endloop
  endfacet
  facet normal -0 0 -1
    outer loop
      vertex -44.1495 -71.0008 0
      vertex -45 -77.9423 0
      vertex -44.3383 -70.4445 0
    endloop
  endfacet
  facet normal -0 0 -1
    outer loop
      vertex -43.8896 -71.5277 0
      vertex -45 -77.9423 0
      vertex -44.1495 -71.0008 0
    endloop
  endfacet
  facet normal 0 0 -1
    outer loop
      vertex -26.8434 1.50737 0
      vertex -3.25 0 0
      vertex -26.6565 1.3435 0
    endloop
  endfacet
  facet normal 0 0 -1
    outer loop
      vertex -3.25 0 0
      vertex -24.7658 44.0681 0
      vertex -24.3241 44.4555 0
    endloop
  endfacet
  facet normal 0 0 -1
    outer loop
      vertex -27.05 1.64545 0
      vertex -3.25 0 0
      vertex -26.8434 1.50737 0
    endloop
  endfacet
  facet normal 0 0 -1
    outer loop
      vertex -3.25 0 0
      vertex -24.7668 44.0675 0
      vertex -24.7658 44.0681 0
    endloop
  endfacet
  facet normal 0 0 -1
    outer loop
      vertex -3.25 0 0
      vertex -25.2543 43.7417 0
      vertex -24.7668 44.0675 0
    endloop
  endfacet
  facet normal 0 0 -1
    outer loop
      vertex -3.25 0 0
      vertex -27.05 1.64545 0
      vertex -25.2543 43.7417 0
    endloop
  endfacet
  facet normal 0 0 -1
    outer loop
      vertex -25.2543 43.7417 0
      vertex -27.05 1.64545 0
      vertex -25.7802 43.4824 0
    endloop
  endfacet
  facet normal 0 0 -1
    outer loop
      vertex -25.7802 43.4824 0
      vertex -27.05 1.64545 0
      vertex -25.7812 43.4819 0
    endloop
  endfacet
  facet normal 0 0 -1
    outer loop
      vertex -27.2729 1.75537 0
      vertex -25.7812 43.4819 0
      vertex -27.05 1.64545 0
    endloop
  endfacet
  facet normal 0 0 -1
    outer loop
      vertex -25.7812 43.4819 0
      vertex -27.2729 1.75537 0
      vertex -26.3375 43.2931 0
    endloop
  endfacet
  facet normal 0 0 -1
    outer loop
      vertex -27.5082 1.83526 0
      vertex -26.3375 43.2931 0
      vertex -27.2729 1.75537 0
    endloop
  endfacet
  facet normal 0 0 -1
    outer loop
      vertex -26.3375 43.2931 0
      vertex -27.5082 1.83526 0
      vertex -26.3387 43.2928 0
    endloop
  endfacet
  facet normal 0 0 -1
    outer loop
      vertex -26.3387 43.2928 0
      vertex -27.5082 1.83526 0
      vertex -26.9138 43.1784 0
    endloop
  endfacet
  facet normal 0 0 -1
    outer loop
      vertex -27.752 1.88375 0
      vertex -26.9138 43.1784 0
      vertex -27.5082 1.83526 0
    endloop
  endfacet
  facet normal 0 0 -1
    outer loop
      vertex -26.9138 43.1784 0
      vertex -27.752 1.88375 0
      vertex -27.5 43.14 0
    endloop
  endfacet
  facet normal 0 0 -1
    outer loop
      vertex -28 1.9 0
      vertex -27.5 43.14 0
      vertex -27.752 1.88375 0
    endloop
  endfacet
  facet normal 0 0 -1
    outer loop
      vertex -28 1.9 0
      vertex -28.0862 43.1784 0
      vertex -27.5 43.14 0
    endloop
  endfacet
  facet normal 0 0 -1
    outer loop
      vertex -28.248 1.88375 0
      vertex -28.0862 43.1784 0
      vertex -28 1.9 0
    endloop
  endfacet
  facet normal 0 0 -1
    outer loop
      vertex -28.4918 1.83526 0
      vertex -28.0862 43.1784 0
      vertex -28.248 1.88375 0
    endloop
  endfacet
  facet normal 0 0 -1
    outer loop
      vertex -28.4918 1.83526 0
      vertex -28.6625 43.2931 0
      vertex -28.0862 43.1784 0
    endloop
  endfacet
  facet normal 0 0 -1
    outer loop
      vertex -28.7271 1.75537 0
      vertex -28.6625 43.2931 0
      vertex -28.4918 1.83526 0
    endloop
  endfacet
  facet normal 0 0 -1
    outer loop
      vertex -29.2188 43.4819 0
      vertex -28.7271 1.75537 0
      vertex -28.95 1.64545 0
    endloop
  endfacet
  facet normal 0 0 -1
    outer loop
      vertex -29.7457 43.7417 0
      vertex -28.95 1.64545 0
      vertex -29.1566 1.50737 0
    endloop
  endfacet
  facet normal 0 0 -1
    outer loop
      vertex -28.7271 1.75537 0
      vertex -29.2188 43.4819 0
      vertex -28.6625 43.2931 0
    endloop
  endfacet
  facet normal 0 0 -1
    outer loop
      vertex -30.2342 44.0681 0
      vertex -29.1566 1.50737 0
      vertex -29.3435 1.3435 0
    endloop
  endfacet
  facet normal 0 0 -1
    outer loop
      vertex -30.6759 44.4555 0
      vertex -29.3435 1.3435 0
      vertex -29.5074 1.15665 0
    endloop
  endfacet
  facet normal 0 0 -1
    outer loop
      vertex -31.0633 44.8972 0
      vertex -29.5074 1.15665 0
      vertex -29.6454 0.95 0
    endloop
  endfacet
  facet normal 0 0 -1
    outer loop
      vertex -28.95 1.64545 0
      vertex -29.7457 43.7417 0
      vertex -29.2188 43.4819 0
    endloop
  endfacet
  facet normal 0 0 -1
    outer loop
      vertex -31.3896 45.3857 0
      vertex -29.6454 0.95 0
      vertex -29.7554 0.727098 0
    endloop
  endfacet
  facet normal 0 0 -1
    outer loop
      vertex -31.6495 45.9126 0
      vertex -29.7554 0.727098 0
      vertex -29.8353 0.491755 0
    endloop
  endfacet
  facet normal 0 0 -1
    outer loop
      vertex -31.8383 46.4689 0
      vertex -29.8353 0.491755 0
      vertex -29.8837 0.247999 0
    endloop
  endfacet
  facet normal 0 0 -1
    outer loop
      vertex -31.953 47.0452 0
      vertex -29.8837 0.247999 0
      vertex -29.9 0 0
    endloop
  endfacet
  facet normal 0 0 -1
    outer loop
      vertex -31.3896 -45.3857 0
      vertex -29.6454 -0.95 0
      vertex -31.0639 -44.8982 0
    endloop
  endfacet
  facet normal 0 0 -1
    outer loop
      vertex -29.1566 1.50737 0
      vertex -30.2342 44.0681 0
      vertex -29.7457 43.7417 0
    endloop
  endfacet
  facet normal -0 0 -1
    outer loop
      vertex -29.6454 -0.95 0
      vertex -31.3896 -45.3857 0
      vertex -29.7554 -0.727098 0
    endloop
  endfacet
  facet normal 0 0 -1
    outer loop
      vertex -29.3435 1.3435 0
      vertex -30.675 44.4548 0
      vertex -30.2342 44.0681 0
    endloop
  endfacet
  facet normal 0 0 -1
    outer loop
      vertex -31.649 -45.9116 0
      vertex -29.7554 -0.727098 0
      vertex -31.3896 -45.3857 0
    endloop
  endfacet
  facet normal 0 0 -1
    outer loop
      vertex -29.3435 1.3435 0
      vertex -30.6759 44.4555 0
      vertex -30.675 44.4548 0
    endloop
  endfacet
  facet normal 0 0 -1
    outer loop
      vertex -31.6495 -45.9126 0
      vertex -29.7554 -0.727098 0
      vertex -31.649 -45.9116 0
    endloop
  endfacet
  facet normal 0 0 -1
    outer loop
      vertex -29.5074 1.15665 0
      vertex -31.0633 44.8972 0
      vertex -30.6759 44.4555 0
    endloop
  endfacet
  facet normal -0 0 -1
    outer loop
      vertex -29.7554 -0.727098 0
      vertex -31.6495 -45.9126 0
      vertex -29.8353 -0.491755 0
    endloop
  endfacet
  facet normal 0 0 -1
    outer loop
      vertex -29.6454 0.95 0
      vertex -31.0639 44.8982 0
      vertex -31.0633 44.8972 0
    endloop
  endfacet
  facet normal 0 0 -1
    outer loop
      vertex -31.8383 -46.4689 0
      vertex -29.8353 -0.491755 0
      vertex -31.6495 -45.9126 0
    endloop
  endfacet
  facet normal 0 0 -1
    outer loop
      vertex -29.6454 0.95 0
      vertex -31.3896 45.3857 0
      vertex -31.0639 44.8982 0
    endloop
  endfacet
  facet normal -0 0 -1
    outer loop
      vertex -29.8353 -0.491755 0
      vertex -31.8383 -46.4689 0
      vertex -29.8837 -0.247999 0
    endloop
  endfacet
  facet normal 0 0 -1
    outer loop
      vertex -29.7554 0.727098 0
      vertex -31.649 45.9116 0
      vertex -31.3896 45.3857 0
    endloop
  endfacet
  facet normal 0 0 -1
    outer loop
      vertex -31.8386 -46.47 0
      vertex -29.8837 -0.247999 0
      vertex -31.8383 -46.4689 0
    endloop
  endfacet
  facet normal 0 0 -1
    outer loop
      vertex -29.7554 0.727098 0
      vertex -31.6495 45.9126 0
      vertex -31.649 45.9116 0
    endloop
  endfacet
  facet normal 0 0 -1
    outer loop
      vertex -31.953 -47.0452 0
      vertex -29.8837 -0.247999 0
      vertex -31.8386 -46.47 0
    endloop
  endfacet
  facet normal 0 0 -1
    outer loop
      vertex -29.8353 0.491755 0
      vertex -31.8383 46.4689 0
      vertex -31.6495 45.9126 0
    endloop
  endfacet
  facet normal -0 0 -1
    outer loop
      vertex -29.8837 -0.247999 0
      vertex -31.953 -47.0452 0
      vertex -29.9 0 0
    endloop
  endfacet
  facet normal 0 0 -1
    outer loop
      vertex -29.8837 0.247999 0
      vertex -31.8386 46.47 0
      vertex -31.8383 46.4689 0
    endloop
  endfacet
  facet normal 0 0 -1
    outer loop
      vertex -38.2802 -65.133 0
      vertex -30.2332 -51.1953 0
      vertex -37.7543 -65.3924 0
    endloop
  endfacet
  facet normal 0 0 -1
    outer loop
      vertex -29.8837 0.247999 0
      vertex -31.953 47.0452 0
      vertex -31.8386 46.47 0
    endloop
  endfacet
  facet normal -0 0 -1
    outer loop
      vertex -29.7457 -51.521 0
      vertex -37.7543 -65.3924 0
      vertex -30.2332 -51.1953 0
    endloop
  endfacet
  facet normal -0 0 -1
    outer loop
      vertex -30.2332 -51.1953 0
      vertex -38.2802 -65.133 0
      vertex -30.2342 -51.1946 0
    endloop
  endfacet
  facet normal 0 0 -1
    outer loop
      vertex 0.841162 3.13926 0
      vertex 12.6565 22.9052 0
      vertex 1.24372 3.00261 0
    endloop
  endfacet
  facet normal -0 0 -1
    outer loop
      vertex 12.6565 22.9052 0
      vertex 0.841162 3.13926 0
      vertex 12.4926 23.0921 0
    endloop
  endfacet
  facet normal 0 0 -1
    outer loop
      vertex 0.42421 3.2222 0
      vertex 12.4926 23.0921 0
      vertex 0.841162 3.13926 0
    endloop
  endfacet
  facet normal -0 0 -1
    outer loop
      vertex 12.4926 23.0921 0
      vertex 0.42421 3.2222 0
      vertex 12.3546 23.2987 0
    endloop
  endfacet
  facet normal 0 0 -1
    outer loop
      vertex 0 3.25 0
      vertex 12.3546 23.2987 0
      vertex 0.42421 3.2222 0
    endloop
  endfacet
  facet normal -0 0 -1
    outer loop
      vertex 12.3546 23.2987 0
      vertex 0 3.25 0
      vertex 12.2446 23.5216 0
    endloop
  endfacet
  facet normal 0 0 -1
    outer loop
      vertex -0.42421 3.2222 0
      vertex 12.2446 23.5216 0
      vertex 0 3.25 0
    endloop
  endfacet
  facet normal -0 0 -1
    outer loop
      vertex 12.2446 23.5216 0
      vertex -0.42421 3.2222 0
      vertex 12.1647 23.757 0
    endloop
  endfacet
  facet normal 0 0 -1
    outer loop
      vertex -0.841162 3.13926 0
      vertex 12.1647 23.757 0
      vertex -0.42421 3.2222 0
    endloop
  endfacet
  facet normal -0 0 -1
    outer loop
      vertex 12.1647 23.757 0
      vertex -0.841162 3.13926 0
      vertex 12.1163 24.0007 0
    endloop
  endfacet
  facet normal 0 0 -1
    outer loop
      vertex -1.24372 3.00261 0
      vertex 12.1163 24.0007 0
      vertex -0.841162 3.13926 0
    endloop
  endfacet
  facet normal -0 0 -1
    outer loop
      vertex 12.1163 24.0007 0
      vertex -1.24372 3.00261 0
      vertex 12.1 24.2487 0
    endloop
  endfacet
  facet normal 0 0 -1
    outer loop
      vertex 18.443 57.0582 0
      vertex 0 90 0
      vertex 18.9896 58.6685 0
    endloop
  endfacet
  facet normal 0 0 -1
    outer loop
      vertex -1.625 2.81458 0
      vertex 12.1 24.2487 0
      vertex -1.24372 3.00261 0
    endloop
  endfacet
  facet normal 0 0 -1
    outer loop
      vertex -23.0086 47.6314 0
      vertex 12.1 24.2487 0
      vertex -1.625 2.81458 0
    endloop
  endfacet
  facet normal 0 0 -1
    outer loop
      vertex -23.0086 47.6314 0
      vertex -1.625 2.81458 0
      vertex -1.97847 2.5784 0
    endloop
  endfacet
  facet normal 0 0 -1
    outer loop
      vertex 12.1 24.2487 0
      vertex -23.0086 47.6314 0
      vertex 12.1163 24.4967 0
    endloop
  endfacet
  facet normal 0 0 -1
    outer loop
      vertex -23.0086 47.6314 0
      vertex -1.97847 2.5784 0
      vertex -2.2981 2.2981 0
    endloop
  endfacet
  facet normal 0 0 -1
    outer loop
      vertex 12.1163 24.4967 0
      vertex -23.0086 47.6314 0
      vertex 12.1647 24.7405 0
    endloop
  endfacet
  facet normal 0 0 -1
    outer loop
      vertex -23.0086 47.6314 0
      vertex -2.2981 2.2981 0
      vertex -2.5784 1.97847 0
    endloop
  endfacet
  facet normal 0 0 -1
    outer loop
      vertex -23.0086 47.6314 0
      vertex -2.5784 1.97847 0
      vertex -2.81458 1.625 0
    endloop
  endfacet
  facet normal 0 0 -1
    outer loop
      vertex -23.0086 47.6314 0
      vertex -2.81458 1.625 0
      vertex -3.00261 1.24372 0
    endloop
  endfacet
  facet normal 0 0 -1
    outer loop
      vertex -23.0086 47.6314 0
      vertex -3.00261 1.24372 0
      vertex -3.13926 0.841162 0
    endloop
  endfacet
  facet normal 0 0 -1
    outer loop
      vertex -23.0086 47.6314 0
      vertex -3.13926 0.841162 0
      vertex -3.2222 0.42421 0
    endloop
  endfacet
  facet normal -0 0 -1
    outer loop
      vertex -1.24372 -3.00261 0
      vertex -24.7668 -44.0675 0
      vertex -1.625 -2.81458 0
    endloop
  endfacet
  facet normal 0 0 -1
    outer loop
      vertex 18.9896 58.6685 0
      vertex 0 90 0
      vertex 4.71024 89.8767 0
    endloop
  endfacet
  facet normal 0 0 -1
    outer loop
      vertex -24.7668 -44.0675 0
      vertex -1.24372 -3.00261 0
      vertex -24.7658 -44.0681 0
    endloop
  endfacet
  facet normal 0 0 -1
    outer loop
      vertex -23.9367 -50.3656 0
      vertex -4.71024 -89.8767 0
      vertex -9.40756 -89.507 0
    endloop
  endfacet
  facet normal 0 0 -1
    outer loop
      vertex -3.25 0 0
      vertex -23.0086 47.6314 0
      vertex -3.2222 0.42421 0
    endloop
  endfacet
  facet normal 0 0 -1
    outer loop
      vertex -24.3241 -50.8073 0
      vertex -9.40756 -89.507 0
      vertex -14.0791 -88.892 0
    endloop
  endfacet
  facet normal 0 0 -1
    outer loop
      vertex 18.443 57.0582 0
      vertex -4.71024 89.8767 0
      vertex 0 90 0
    endloop
  endfacet
  facet normal 0 0 -1
    outer loop
      vertex -24.7658 -51.1946 0
      vertex -14.0791 -88.892 0
      vertex -18.7121 -88.0333 0
    endloop
  endfacet
  facet normal -0 0 -1
    outer loop
      vertex 18 53.6936 0
      vertex -23.1617 48.7938 0
      vertex 18.1112 55.3904 0
    endloop
  endfacet
  facet normal 0 0 -1
    outer loop
      vertex -23.3505 49.3502 0
      vertex 18.1112 55.3904 0
      vertex -23.1617 48.7938 0
    endloop
  endfacet
  facet normal 0 0 -1
    outer loop
      vertex -4.71024 -89.8767 0
      vertex -23.047 -48.2176 0
      vertex -23.0086 -47.6314 0
    endloop
  endfacet
  facet normal 0 0 -1
    outer loop
      vertex -4.71024 -89.8767 0
      vertex -23.1614 -48.7927 0
      vertex -23.047 -48.2176 0
    endloop
  endfacet
  facet normal 0 0 -1
    outer loop
      vertex -4.71024 -89.8767 0
      vertex -23.1617 -48.7938 0
      vertex -23.1614 -48.7927 0
    endloop
  endfacet
  facet normal 0 0 -1
    outer loop
      vertex -35.5086 -69.282 0
      vertex -18.7121 -88.0333 0
      vertex -23.2937 -86.9333 0
    endloop
  endfacet
  facet normal 0 0 -1
    outer loop
      vertex -4.71024 -89.8767 0
      vertex -23.3505 -49.3502 0
      vertex -23.1617 -48.7938 0
    endloop
  endfacet
  facet normal 0 0 -1
    outer loop
      vertex -4.71024 -89.8767 0
      vertex -23.351 -49.3512 0
      vertex -23.3505 -49.3502 0
    endloop
  endfacet
  facet normal 0 0 -1
    outer loop
      vertex -4.71024 -89.8767 0
      vertex -23.6104 -49.8771 0
      vertex -23.351 -49.3512 0
    endloop
  endfacet
  facet normal 0 0 -1
    outer loop
      vertex -4.71024 -89.8767 0
      vertex -23.9361 -50.3646 0
      vertex -23.6104 -49.8771 0
    endloop
  endfacet
  facet normal 0 0 -1
    outer loop
      vertex -4.71024 -89.8767 0
      vertex -23.9367 -50.3656 0
      vertex -23.9361 -50.3646 0
    endloop
  endfacet
  facet normal 0 0 -1
    outer loop
      vertex -9.40756 -89.507 0
      vertex -24.3241 -50.8073 0
      vertex -23.9367 -50.3656 0
    endloop
  endfacet
  facet normal 0 0 -1
    outer loop
      vertex -14.0791 -88.892 0
      vertex -24.325 -50.808 0
      vertex -24.3241 -50.8073 0
    endloop
  endfacet
  facet normal 0 0 -1
    outer loop
      vertex -14.0791 -88.892 0
      vertex -24.7658 -51.1946 0
      vertex -24.325 -50.808 0
    endloop
  endfacet
  facet normal 0 0 -1
    outer loop
      vertex -18.7121 -88.0333 0
      vertex -25.2543 -51.521 0
      vertex -24.7658 -51.1946 0
    endloop
  endfacet
  facet normal 0 0 -1
    outer loop
      vertex -18.7121 -88.0333 0
      vertex -35.5086 -69.282 0
      vertex -25.2543 -51.521 0
    endloop
  endfacet
  facet normal 0 0 -1
    outer loop
      vertex -25.2543 -51.521 0
      vertex -35.5086 -69.282 0
      vertex -25.7812 -51.7809 0
    endloop
  endfacet
  facet normal 0 0 -1
    outer loop
      vertex -35.5086 -69.282 0
      vertex -23.2937 -86.9333 0
      vertex -27.8115 -85.5951 0
    endloop
  endfacet
  facet normal 0 0 -1
    outer loop
      vertex -35.547 -68.6958 0
      vertex -25.7812 -51.7809 0
      vertex -35.5086 -69.282 0
    endloop
  endfacet
  facet normal 0 0 -1
    outer loop
      vertex -35.5086 -69.282 0
      vertex -27.8115 -85.5951 0
      vertex -32.2531 -84.0222 0
    endloop
  endfacet
  facet normal 0 0 -1
    outer loop
      vertex -25.7812 -51.7809 0
      vertex -35.547 -68.6958 0
      vertex -26.3375 -51.9697 0
    endloop
  endfacet
  facet normal 0 0 -1
    outer loop
      vertex -35.6617 -68.1196 0
      vertex -26.3375 -51.9697 0
      vertex -35.547 -68.6958 0
    endloop
  endfacet
  facet normal 0 0 -1
    outer loop
      vertex -26.3375 -51.9697 0
      vertex -35.6617 -68.1196 0
      vertex -26.9138 -52.0844 0
    endloop
  endfacet
  facet normal 0 0 -1
    outer loop
      vertex -35.8505 -67.5633 0
      vertex -26.9138 -52.0844 0
      vertex -35.6617 -68.1196 0
    endloop
  endfacet
  facet normal 0 0 -1
    outer loop
      vertex -26.9138 -52.0844 0
      vertex -35.8505 -67.5633 0
      vertex -27.5 -52.1228 0
    endloop
  endfacet
  facet normal 0 0 -1
    outer loop
      vertex -36.1104 -67.0363 0
      vertex -27.5 -52.1228 0
      vertex -35.8505 -67.5633 0
    endloop
  endfacet
  facet normal -0 0 -1
    outer loop
      vertex -27.5 -52.1228 0
      vertex -36.1104 -67.0363 0
      vertex -28.0862 -52.0844 0
    endloop
  endfacet
  facet normal 0 0 -1
    outer loop
      vertex -36.4367 -66.5479 0
      vertex -28.0862 -52.0844 0
      vertex -36.1104 -67.0363 0
    endloop
  endfacet
  facet normal -0 0 -1
    outer loop
      vertex -28.0862 -52.0844 0
      vertex -36.4367 -66.5479 0
      vertex -28.6613 -51.97 0
    endloop
  endfacet
  facet normal 0 0 -1
    outer loop
      vertex -36.8234 -66.107 0
      vertex -28.6613 -51.97 0
      vertex -36.4367 -66.5479 0
    endloop
  endfacet
  facet normal -0 0 -1
    outer loop
      vertex -28.6613 -51.97 0
      vertex -36.8234 -66.107 0
      vertex -28.6625 -51.9697 0
    endloop
  endfacet
  facet normal 0 0 -1
    outer loop
      vertex -36.8241 -66.1061 0
      vertex -28.6625 -51.9697 0
      vertex -36.8234 -66.107 0
    endloop
  endfacet
  facet normal -0 0 -1
    outer loop
      vertex -28.6625 -51.9697 0
      vertex -36.8241 -66.1061 0
      vertex -29.2188 -51.7809 0
    endloop
  endfacet
  facet normal 0 0 -1
    outer loop
      vertex -37.2658 -65.7188 0
      vertex -29.2188 -51.7809 0
      vertex -36.8241 -66.1061 0
    endloop
  endfacet
  facet normal -0 0 -1
    outer loop
      vertex -29.2188 -51.7809 0
      vertex -37.2658 -65.7188 0
      vertex -29.2198 -51.7804 0
    endloop
  endfacet
  facet normal 0 0 -1
    outer loop
      vertex -37.7543 -65.3924 0
      vertex -29.7457 -51.521 0
      vertex -37.2668 -65.7182 0
    endloop
  endfacet
  facet normal -0 0 -1
    outer loop
      vertex -29.2198 -51.7804 0
      vertex -37.2668 -65.7182 0
      vertex -29.7457 -51.521 0
    endloop
  endfacet
  facet normal 0 0 -1
    outer loop
      vertex -37.2668 -65.7182 0
      vertex -29.2198 -51.7804 0
      vertex -37.2658 -65.7188 0
    endloop
  endfacet
  facet normal -0 0 -1
    outer loop
      vertex 50.8505 -1.71878 0
      vertex 15.3435 -22.9052 0
      vertex 50.662 -1.16352 0
    endloop
  endfacet
  facet normal 0 0 -1
    outer loop
      vertex 50.5086 0 0
      vertex 15.8837 24.0007 0
      vertex 15.9 24.2487 0
    endloop
  endfacet
  facet normal -0 0 -1
    outer loop
      vertex 50.662 -1.16352 0
      vertex 15.3435 -22.9052 0
      vertex 50.6617 -1.16245 0
    endloop
  endfacet
  facet normal 0 0 -1
    outer loop
      vertex 50.5086 0 0
      vertex 15.8353 23.757 0
      vertex 15.8837 24.0007 0
    endloop
  endfacet
  facet normal 0 0 -1
    outer loop
      vertex 15.1566 -22.7413 0
      vertex 50.6617 -1.16245 0
      vertex 15.3435 -22.9052 0
    endloop
  endfacet
  facet normal 0 0 -1
    outer loop
      vertex 50.5086 0 0
      vertex 15.7554 23.5216 0
      vertex 15.8353 23.757 0
    endloop
  endfacet
  facet normal -0 0 -1
    outer loop
      vertex 50.6617 -1.16245 0
      vertex 15.1566 -22.7413 0
      vertex 50.547 -0.586242 0
    endloop
  endfacet
  facet normal 0 0 -1
    outer loop
      vertex 50.5086 0 0
      vertex 15.6454 23.2987 0
      vertex 15.7554 23.5216 0
    endloop
  endfacet
  facet normal 0 0 -1
    outer loop
      vertex 14.95 -22.6033 0
      vertex 50.547 -0.586242 0
      vertex 15.1566 -22.7413 0
    endloop
  endfacet
  facet normal 0 0 -1
    outer loop
      vertex 50.5086 0 0
      vertex 15.5074 23.0921 0
      vertex 15.6454 23.2987 0
    endloop
  endfacet
  facet normal -0 0 -1
    outer loop
      vertex 50.547 -0.586242 0
      vertex 14.95 -22.6033 0
      vertex 50.547 -0.585117 0
    endloop
  endfacet
  facet normal 0 0 -1
    outer loop
      vertex 50.5086 0 0
      vertex 15.3435 22.9052 0
      vertex 15.5074 23.0921 0
    endloop
  endfacet
  facet normal 0 0 -1
    outer loop
      vertex 3.2222 -0.42421 0
      vertex 50.547 -0.585117 0
      vertex 14.95 -22.6033 0
    endloop
  endfacet
  facet normal 0 0 -1
    outer loop
      vertex 50.5086 0 0
      vertex 15.1566 22.7413 0
      vertex 15.3435 22.9052 0
    endloop
  endfacet
  facet normal 0 0 -1
    outer loop
      vertex 50.547 -0.585117 0
      vertex 3.2222 -0.42421 0
      vertex 50.5086 0 0
    endloop
  endfacet
  facet normal 0 0 -1
    outer loop
      vertex 3.2222 0.42421 0
      vertex 50.5086 0 0
      vertex 3.25 0 0
    endloop
  endfacet
  facet normal 0 0 -1
    outer loop
      vertex 3.2222 -0.42421 0
      vertex 14.95 -22.6033 0
      vertex 14.7271 -22.4933 0
    endloop
  endfacet
  facet normal 0 0 -1
    outer loop
      vertex 50.5086 0 0
      vertex 14.95 22.6033 0
      vertex 15.1566 22.7413 0
    endloop
  endfacet
  facet normal 0 0 -1
    outer loop
      vertex 3.13926 -0.841162 0
      vertex 14.7271 -22.4933 0
      vertex 14.4918 -22.4135 0
    endloop
  endfacet
  facet normal 0 0 -1
    outer loop
      vertex 50.5086 0 0
      vertex 3.2222 0.42421 0
      vertex 14.95 22.6033 0
    endloop
  endfacet
  facet normal 0 0 -1
    outer loop
      vertex 3.13926 -0.841162 0
      vertex 14.4918 -22.4135 0
      vertex 14.248 -22.365 0
    endloop
  endfacet
  facet normal 0 0 -1
    outer loop
      vertex 14.95 22.6033 0
      vertex 3.2222 0.42421 0
      vertex 14.7271 22.4933 0
    endloop
  endfacet
  facet normal 0 0 -1
    outer loop
      vertex 3.13926 -0.841162 0
      vertex 14.248 -22.365 0
      vertex 14 -22.3487 0
    endloop
  endfacet
  facet normal 0 0 -1
    outer loop
      vertex 3.13926 0.841162 0
      vertex 14.7271 22.4933 0
      vertex 3.2222 0.42421 0
    endloop
  endfacet
  facet normal 0 0 -1
    outer loop
      vertex 3.13926 -0.841162 0
      vertex 14 -22.3487 0
      vertex 13.752 -22.365 0
    endloop
  endfacet
  facet normal 0 0 -1
    outer loop
      vertex 14.7271 22.4933 0
      vertex 3.13926 0.841162 0
      vertex 14.4918 22.4135 0
    endloop
  endfacet
  facet normal 0 0 -1
    outer loop
      vertex 3.13926 -0.841162 0
      vertex 13.752 -22.365 0
      vertex 13.5082 -22.4135 0
    endloop
  endfacet
  facet normal 0 0 -1
    outer loop
      vertex 3.00261 1.24372 0
      vertex 14.4918 22.4135 0
      vertex 3.13926 0.841162 0
    endloop
  endfacet
  facet normal 0 0 -1
    outer loop
      vertex 3.13926 -0.841162 0
      vertex 13.5082 -22.4135 0
      vertex 13.2729 -22.4933 0
    endloop
  endfacet
  facet normal 0 0 -1
    outer loop
      vertex 14.4918 22.4135 0
      vertex 3.00261 1.24372 0
      vertex 14.248 22.365 0
    endloop
  endfacet
  facet normal 0 0 -1
    outer loop
      vertex 3.13926 -0.841162 0
      vertex 13.2729 -22.4933 0
      vertex 13.05 -22.6033 0
    endloop
  endfacet
  facet normal 0 0 -1
    outer loop
      vertex 2.81458 1.625 0
      vertex 14.248 22.365 0
      vertex 3.00261 1.24372 0
    endloop
  endfacet
  facet normal 0 0 -1
    outer loop
      vertex 3.13926 -0.841162 0
      vertex 13.05 -22.6033 0
      vertex 12.8434 -22.7413 0
    endloop
  endfacet
  facet normal 0 0 -1
    outer loop
      vertex 14.248 22.365 0
      vertex 2.81458 1.625 0
      vertex 14 22.3487 0
    endloop
  endfacet
  facet normal 0 0 -1
    outer loop
      vertex 3.13926 -0.841162 0
      vertex 12.8434 -22.7413 0
      vertex 12.6565 -22.9052 0
    endloop
  endfacet
  facet normal 0 0 -1
    outer loop
      vertex 2.5784 1.97847 0
      vertex 14 22.3487 0
      vertex 2.81458 1.625 0
    endloop
  endfacet
  facet normal 0 0 -1
    outer loop
      vertex 3.13926 -0.841162 0
      vertex 12.6565 -22.9052 0
      vertex 12.4926 -23.0921 0
    endloop
  endfacet
  facet normal -0 0 -1
    outer loop
      vertex 14 22.3487 0
      vertex 2.5784 1.97847 0
      vertex 13.752 22.365 0
    endloop
  endfacet
  facet normal 0 0 -1
    outer loop
      vertex 3.13926 -0.841162 0
      vertex 12.4926 -23.0921 0
      vertex 12.3546 -23.2987 0
    endloop
  endfacet
  facet normal 0 0 -1
    outer loop
      vertex 2.2981 2.2981 0
      vertex 13.752 22.365 0
      vertex 2.5784 1.97847 0
    endloop
  endfacet
  facet normal 0 0 -1
    outer loop
      vertex 3.13926 -0.841162 0
      vertex 12.3546 -23.2987 0
      vertex 12.2446 -23.5216 0
    endloop
  endfacet
  facet normal -0 0 -1
    outer loop
      vertex 13.752 22.365 0
      vertex 2.2981 2.2981 0
      vertex 13.5082 22.4135 0
    endloop
  endfacet
  facet normal 0 0 -1
    outer loop
      vertex 3.13926 -0.841162 0
      vertex 12.2446 -23.5216 0
      vertex 12.1647 -23.757 0
    endloop
  endfacet
  facet normal 0 0 -1
    outer loop
      vertex 1.97847 2.5784 0
      vertex 13.5082 22.4135 0
      vertex 2.2981 2.2981 0
    endloop
  endfacet
  facet normal 0 0 -1
    outer loop
      vertex 3.13926 -0.841162 0
      vertex 12.1647 -23.757 0
      vertex 12.1163 -24.0007 0
    endloop
  endfacet
  facet normal -0 0 -1
    outer loop
      vertex 13.5082 22.4135 0
      vertex 1.97847 2.5784 0
      vertex 13.2729 22.4933 0
    endloop
  endfacet
  facet normal 0 0 -1
    outer loop
      vertex 3.13926 -0.841162 0
      vertex 12.1163 -24.0007 0
      vertex 12.1 -24.2487 0
    endloop
  endfacet
  facet normal -0 0 -1
    outer loop
      vertex 13.2729 22.4933 0
      vertex 1.97847 2.5784 0
      vertex 13.05 22.6033 0
    endloop
  endfacet
  facet normal -0 0 -1
    outer loop
      vertex 52.2658 -3.56325 0
      vertex 34.3646 -41.1365 0
      vertex 51.8241 -3.17588 0
    endloop
  endfacet
  facet normal 0 0 -1
    outer loop
      vertex 50.5086 0 0
      vertex 43.8888 51.9967 0
      vertex 44 53.6936 0
    endloop
  endfacet
  facet normal 0 0 -1
    outer loop
      vertex 32.6968 -40.8048 0
      vertex 51.8241 -3.17588 0
      vertex 34.3646 -41.1365 0
    endloop
  endfacet
  facet normal 0 0 -1
    outer loop
      vertex 50.5086 0 0
      vertex 43.557 50.3289 0
      vertex 43.8888 51.9967 0
    endloop
  endfacet
  facet normal 0 0 -1
    outer loop
      vertex 15.8837 -24.0007 0
      vertex 32.6968 -40.8048 0
      vertex 15.9 -24.2487 0
    endloop
  endfacet
  facet normal 0 0 -1
    outer loop
      vertex 50.5086 0 0
      vertex 43.0104 48.7187 0
      vertex 43.557 50.3289 0
    endloop
  endfacet
  facet normal 0 0 -1
    outer loop
      vertex 32.6968 -40.8048 0
      vertex 15.8837 -24.0007 0
      vertex 51.8241 -3.17588 0
    endloop
  endfacet
  facet normal 0 0 -1
    outer loop
      vertex 50.5086 0 0
      vertex 42.2583 47.1936 0
      vertex 43.0104 48.7187 0
    endloop
  endfacet
  facet normal 0 0 -1
    outer loop
      vertex 15.8353 -23.757 0
      vertex 51.8241 -3.17588 0
      vertex 15.8837 -24.0007 0
    endloop
  endfacet
  facet normal 0 0 -1
    outer loop
      vertex 50.5086 0 0
      vertex 41.3136 45.7797 0
      vertex 42.2583 47.1936 0
    endloop
  endfacet
  facet normal -0 0 -1
    outer loop
      vertex 51.8241 -3.17588 0
      vertex 15.8353 -23.757 0
      vertex 51.4367 -2.73418 0
    endloop
  endfacet
  facet normal 0 0 -1
    outer loop
      vertex 50.5086 0 0
      vertex 40.1924 44.5012 0
      vertex 41.3136 45.7797 0
    endloop
  endfacet
  facet normal 0 0 -1
    outer loop
      vertex 15.7554 -23.5216 0
      vertex 51.4367 -2.73418 0
      vertex 15.8353 -23.757 0
    endloop
  endfacet
  facet normal 0 0 -1
    outer loop
      vertex 50.5086 0 0
      vertex 38.9139 43.38 0
      vertex 40.1924 44.5012 0
    endloop
  endfacet
  facet normal 0 0 -1
    outer loop
      vertex 15.6454 -23.2987 0
      vertex 51.4367 -2.73418 0
      vertex 15.7554 -23.5216 0
    endloop
  endfacet
  facet normal 0 0 -1
    outer loop
      vertex 50.5086 0 0
      vertex 37.5 42.4352 0
      vertex 38.9139 43.38 0
    endloop
  endfacet
  facet normal -0 0 -1
    outer loop
      vertex 51.4367 -2.73418 0
      vertex 15.6454 -23.2987 0
      vertex 51.1104 -2.24569 0
    endloop
  endfacet
  facet normal 0 0 -1
    outer loop
      vertex 50.5086 0 0
      vertex 35.9749 41.6831 0
      vertex 37.5 42.4352 0
    endloop
  endfacet
  facet normal -0 0 -1
    outer loop
      vertex 51.1104 -2.24569 0
      vertex 15.5074 -23.0921 0
      vertex 50.8505 -1.71878 0
    endloop
  endfacet
  facet normal 0 0 -1
    outer loop
      vertex 15.3435 -22.9052 0
      vertex 50.8505 -1.71878 0
      vertex 15.5074 -23.0921 0
    endloop
  endfacet
  facet normal 0 0 -1
    outer loop
      vertex 15.5074 -23.0921 0
      vertex 51.1104 -2.24569 0
      vertex 15.6454 -23.2987 0
    endloop
  endfacet
  facet normal 0 -0 -1
    outer loop
      vertex 34.3646 41.1365 0
      vertex 50.5086 0 0
      vertex 15.9 24.2487 0
    endloop
  endfacet
  facet normal 0 0 -1
    outer loop
      vertex 15.9 -24.2487 0
      vertex 32.6968 -40.8048 0
      vertex 31 -40.6936 0
    endloop
  endfacet
  facet normal 0 0 -1
    outer loop
      vertex 50.5086 0 0
      vertex 34.3646 41.1365 0
      vertex 35.9749 41.6831 0
    endloop
  endfacet
  facet normal 0 0 -1
    outer loop
      vertex 15.8837 -24.4967 0
      vertex 31 -40.6936 0
      vertex 29.3032 -40.8048 0
    endloop
  endfacet
  facet normal 0 0 -1
    outer loop
      vertex 34.3646 41.1365 0
      vertex 15.9 24.2487 0
      vertex 32.6968 40.8048 0
    endloop
  endfacet
  facet normal 0 0 -1
    outer loop
      vertex 15.7554 -24.9758 0
      vertex 29.3032 -40.8048 0
      vertex 27.6354 -41.1365 0
    endloop
  endfacet
  facet normal 0 0 -1
    outer loop
      vertex 32.6968 40.8048 0
      vertex 15.9 24.2487 0
      vertex 31 40.6936 0
    endloop
  endfacet
  facet normal 0 0 -1
    outer loop
      vertex 15.5074 -25.4054 0
      vertex 27.6354 -41.1365 0
      vertex 26.0251 -41.6831 0
    endloop
  endfacet
  facet normal 0 0 -1
    outer loop
      vertex 15.8837 24.4967 0
      vertex 31 40.6936 0
      vertex 15.9 24.2487 0
    endloop
  endfacet
  facet normal 0 0 -1
    outer loop
      vertex 15.1566 -25.7561 0
      vertex 26.0251 -41.6831 0
      vertex 24.5 -42.4352 0
    endloop
  endfacet
  facet normal -0 0 -1
    outer loop
      vertex 31 40.6936 0
      vertex 15.8837 24.4967 0
      vertex 29.3032 40.8048 0
    endloop
  endfacet
  facet normal 0 0 -1
    outer loop
      vertex 14.7271 -26.0041 0
      vertex 24.5 -42.4352 0
      vertex 23.0861 -43.38 0
    endloop
  endfacet
  facet normal 0 0 -1
    outer loop
      vertex 15.8353 24.7405 0
      vertex 29.3032 40.8048 0
      vertex 15.8837 24.4967 0
    endloop
  endfacet
  facet normal 0 0 -1
    outer loop
      vertex 14.248 -26.1325 0
      vertex 23.0861 -43.38 0
      vertex 21.8076 -44.5012 0
    endloop
  endfacet
  facet normal 0 0 -1
    outer loop
      vertex 15.7554 24.9758 0
      vertex 29.3032 40.8048 0
      vertex 15.8353 24.7405 0
    endloop
  endfacet
  facet normal 0 0 -1
    outer loop
      vertex 13.752 -26.1325 0
      vertex 21.8076 -44.5012 0
      vertex 20.6864 -45.7797 0
    endloop
  endfacet
  facet normal -0 0 -1
    outer loop
      vertex 29.3032 40.8048 0
      vertex 15.7554 24.9758 0
      vertex 27.6354 41.1365 0
    endloop
  endfacet
  facet normal 0 0 -1
    outer loop
      vertex 13.5082 -26.084 0
      vertex 20.6864 -45.7797 0
      vertex 19.7417 -47.1936 0
    endloop
  endfacet
  facet normal 0 0 -1
    outer loop
      vertex 15.6454 25.1987 0
      vertex 27.6354 41.1365 0
      vertex 15.7554 24.9758 0
    endloop
  endfacet
  facet normal 0 0 -1
    outer loop
      vertex 13.05 -25.8942 0
      vertex 19.7417 -47.1936 0
      vertex 18.9896 -48.7187 0
    endloop
  endfacet
  facet normal 0 0 -1
    outer loop
      vertex 15.5074 25.4054 0
      vertex 27.6354 41.1365 0
      vertex 15.6454 25.1987 0
    endloop
  endfacet
  facet normal 0 0 -1
    outer loop
      vertex 12.6565 -25.5922 0
      vertex 18.9896 -48.7187 0
      vertex 18.443 -50.3289 0
    endloop
  endfacet
  facet normal -0 0 -1
    outer loop
      vertex 27.6354 41.1365 0
      vertex 15.5074 25.4054 0
      vertex 26.0251 41.6831 0
    endloop
  endfacet
  facet normal 0 0 -1
    outer loop
      vertex 12.4926 -25.4054 0
      vertex 18.443 -50.3289 0
      vertex 18.1112 -51.9967 0
    endloop
  endfacet
  facet normal 0 0 -1
    outer loop
      vertex 15.3435 25.5922 0
      vertex 26.0251 41.6831 0
      vertex 15.5074 25.4054 0
    endloop
  endfacet
  facet normal 0 0 -1
    outer loop
      vertex 12.3546 -25.1987 0
      vertex 18.1112 -51.9967 0
      vertex 18 -53.6936 0
    endloop
  endfacet
  facet normal 0 0 -1
    outer loop
      vertex 15.1566 25.7561 0
      vertex 26.0251 41.6831 0
      vertex 15.3435 25.5922 0
    endloop
  endfacet
  facet normal -0 0 -1
    outer loop
      vertex 60.2218 66.883 0
      vertex 43.0104 58.6685 0
      vertex 56.6388 69.9431 0
    endloop
  endfacet
  facet normal 0 0 -1
    outer loop
      vertex 42.2583 60.1936 0
      vertex 56.6388 69.9431 0
      vertex 43.0104 58.6685 0
    endloop
  endfacet
  facet normal -0 0 -1
    outer loop
      vertex 56.6388 69.9431 0
      vertex 42.2583 60.1936 0
      vertex 52.9007 72.8115 0
    endloop
  endfacet
  facet normal 0 0 -1
    outer loop
      vertex 41.3136 61.6075 0
      vertex 52.9007 72.8115 0
      vertex 42.2583 60.1936 0
    endloop
  endfacet
  facet normal 0 0 -1
    outer loop
      vertex 40.1924 62.886 0
      vertex 52.9007 72.8115 0
      vertex 41.3136 61.6075 0
    endloop
  endfacet
  facet normal -0 0 -1
    outer loop
      vertex 52.9007 72.8115 0
      vertex 40.1924 62.886 0
      vertex 49.0175 75.4803 0
    endloop
  endfacet
  facet normal 0 0 -1
    outer loop
      vertex 38.9139 64.0072 0
      vertex 49.0175 75.4803 0
      vertex 40.1924 62.886 0
    endloop
  endfacet
  facet normal -0 0 -1
    outer loop
      vertex 49.0175 75.4803 0
      vertex 38.9139 64.0072 0
      vertex 45 77.9423 0
    endloop
  endfacet
  facet normal 0 0 -1
    outer loop
      vertex 37.5 64.9519 0
      vertex 45 77.9423 0
      vertex 38.9139 64.0072 0
    endloop
  endfacet
  facet normal 0 0 -1
    outer loop
      vertex 35.9749 65.704 0
      vertex 45 77.9423 0
      vertex 37.5 64.9519 0
    endloop
  endfacet
  facet normal -0 0 -1
    outer loop
      vertex 45 77.9423 0
      vertex 35.9749 65.704 0
      vertex 40.8591 80.1906 0
    endloop
  endfacet
  facet normal 0 0 -1
    outer loop
      vertex 34.3646 66.2506 0
      vertex 40.8591 80.1906 0
      vertex 35.9749 65.704 0
    endloop
  endfacet
  facet normal -0 0 -1
    outer loop
      vertex 40.8591 80.1906 0
      vertex 34.3646 66.2506 0
      vertex 36.6063 82.2191 0
    endloop
  endfacet
  facet normal 0 0 -1
    outer loop
      vertex 32.6968 66.5824 0
      vertex 36.6063 82.2191 0
      vertex 34.3646 66.2506 0
    endloop
  endfacet
  facet normal 0 0 -1
    outer loop
      vertex 31 66.6936 0
      vertex 36.6063 82.2191 0
      vertex 32.6968 66.5824 0
    endloop
  endfacet
  facet normal -0 0 -1
    outer loop
      vertex 36.6063 82.2191 0
      vertex 31 66.6936 0
      vertex 32.2531 84.0222 0
    endloop
  endfacet
  facet normal 0 0 -1
    outer loop
      vertex 29.3032 66.5824 0
      vertex 32.2531 84.0222 0
      vertex 31 66.6936 0
    endloop
  endfacet
  facet normal 0 0 -1
    outer loop
      vertex 29.3032 66.5824 0
      vertex 27.8115 85.5951 0
      vertex 32.2531 84.0222 0
    endloop
  endfacet
  facet normal 0 0 -1
    outer loop
      vertex 27.6354 66.2506 0
      vertex 27.8115 85.5951 0
      vertex 29.3032 66.5824 0
    endloop
  endfacet
  facet normal 0 0 -1
    outer loop
      vertex 26.0251 65.704 0
      vertex 27.8115 85.5951 0
      vertex 27.6354 66.2506 0
    endloop
  endfacet
  facet normal 0 0 -1
    outer loop
      vertex 23.2937 86.9333 0
      vertex 26.0251 65.704 0
      vertex 24.5 64.9519 0
    endloop
  endfacet
  facet normal 0 0 -1
    outer loop
      vertex 26.0251 65.704 0
      vertex 23.2937 86.9333 0
      vertex 27.8115 85.5951 0
    endloop
  endfacet
  facet normal 0 0 -1
    outer loop
      vertex 18.7121 88.0333 0
      vertex 24.5 64.9519 0
      vertex 23.0861 64.0072 0
    endloop
  endfacet
  facet normal 0 0 -1
    outer loop
      vertex 14.0791 88.892 0
      vertex 23.0861 64.0072 0
      vertex 21.8076 62.886 0
    endloop
  endfacet
  facet normal 0 0 -1
    outer loop
      vertex 9.40756 89.507 0
      vertex 21.8076 62.886 0
      vertex 20.6864 61.6075 0
    endloop
  endfacet
  facet normal 0 0 -1
    outer loop
      vertex 4.71024 89.8767 0
      vertex 20.6864 61.6075 0
      vertex 19.7417 60.1936 0
    endloop
  endfacet
  facet normal 0 0 -1
    outer loop
      vertex 4.71024 89.8767 0
      vertex 19.7417 60.1936 0
      vertex 18.9896 58.6685 0
    endloop
  endfacet
  facet normal 0 0 -1
    outer loop
      vertex 24.5 64.9519 0
      vertex 18.7121 88.0333 0
      vertex 23.2937 86.9333 0
    endloop
  endfacet
  facet normal 0 0 -1
    outer loop
      vertex -23.1617 48.7938 0
      vertex 18 53.6936 0
      vertex -23.1614 48.7927 0
    endloop
  endfacet
  facet normal 0 0 -1
    outer loop
      vertex -23.1614 48.7927 0
      vertex 18 53.6936 0
      vertex -23.047 48.2176 0
    endloop
  endfacet
  facet normal -0 0 -1
    outer loop
      vertex 18.1112 51.9967 0
      vertex -23.047 48.2176 0
      vertex 18 53.6936 0
    endloop
  endfacet
  facet normal 0 0 -1
    outer loop
      vertex 14.95 25.8942 0
      vertex 24.5 42.4352 0
      vertex 15.1566 25.7561 0
    endloop
  endfacet
  facet normal 0 0 -1
    outer loop
      vertex 14.7271 26.0041 0
      vertex 24.5 42.4352 0
      vertex 14.95 25.8942 0
    endloop
  endfacet
  facet normal -0 0 -1
    outer loop
      vertex 24.5 42.4352 0
      vertex 14.7271 26.0041 0
      vertex 23.0861 43.38 0
    endloop
  endfacet
  facet normal 0 0 -1
    outer loop
      vertex 14.4918 26.084 0
      vertex 23.0861 43.38 0
      vertex 14.7271 26.0041 0
    endloop
  endfacet
  facet normal 0 0 -1
    outer loop
      vertex 14.248 26.1325 0
      vertex 23.0861 43.38 0
      vertex 14.4918 26.084 0
    endloop
  endfacet
  facet normal -0 0 -1
    outer loop
      vertex 23.0861 43.38 0
      vertex 14.248 26.1325 0
      vertex 21.8076 44.5012 0
    endloop
  endfacet
  facet normal 0 0 -1
    outer loop
      vertex 14 26.1487 0
      vertex 21.8076 44.5012 0
      vertex 14.248 26.1325 0
    endloop
  endfacet
  facet normal 0 0 -1
    outer loop
      vertex 13.752 26.1325 0
      vertex 21.8076 44.5012 0
      vertex 14 26.1487 0
    endloop
  endfacet
  facet normal -0 0 -1
    outer loop
      vertex 21.8076 44.5012 0
      vertex 13.752 26.1325 0
      vertex 20.6864 45.7797 0
    endloop
  endfacet
  facet normal 0 0 -1
    outer loop
      vertex 13.5082 26.084 0
      vertex 20.6864 45.7797 0
      vertex 13.752 26.1325 0
    endloop
  endfacet
  facet normal -0 0 -1
    outer loop
      vertex 20.6864 45.7797 0
      vertex 13.5082 26.084 0
      vertex 19.7417 47.1936 0
    endloop
  endfacet
  facet normal 0 0 -1
    outer loop
      vertex 13.2729 26.0041 0
      vertex 19.7417 47.1936 0
      vertex 13.5082 26.084 0
    endloop
  endfacet
  facet normal 0 0 -1
    outer loop
      vertex 13.05 25.8942 0
      vertex 19.7417 47.1936 0
      vertex 13.2729 26.0041 0
    endloop
  endfacet
  facet normal -0 0 -1
    outer loop
      vertex 19.7417 47.1936 0
      vertex 13.05 25.8942 0
      vertex 18.9896 48.7187 0
    endloop
  endfacet
  facet normal 0 0 -1
    outer loop
      vertex 12.8434 25.7561 0
      vertex 18.9896 48.7187 0
      vertex 13.05 25.8942 0
    endloop
  endfacet
  facet normal 0 0 -1
    outer loop
      vertex 23.0861 64.0072 0
      vertex 14.0791 88.892 0
      vertex 18.7121 88.0333 0
    endloop
  endfacet
  facet normal 0 0 -1
    outer loop
      vertex 12.6565 25.5922 0
      vertex 18.9896 48.7187 0
      vertex 12.8434 25.7561 0
    endloop
  endfacet
  facet normal 0 0 -1
    outer loop
      vertex -23.0086 47.6314 0
      vertex 18.9896 48.7187 0
      vertex 12.6565 25.5922 0
    endloop
  endfacet
  facet normal 0 0 -1
    outer loop
      vertex -23.0086 47.6314 0
      vertex 12.6565 25.5922 0
      vertex 12.4926 25.4054 0
    endloop
  endfacet
  facet normal -0 0 -1
    outer loop
      vertex 18.9896 48.7187 0
      vertex -23.0086 47.6314 0
      vertex 18.443 50.3289 0
    endloop
  endfacet
  facet normal 0 0 -1
    outer loop
      vertex -23.0086 47.6314 0
      vertex 12.4926 25.4054 0
      vertex 12.3546 25.1987 0
    endloop
  endfacet
  facet normal -0 0 -1
    outer loop
      vertex 18.443 50.3289 0
      vertex -23.0086 47.6314 0
      vertex 18.1112 51.9967 0
    endloop
  endfacet
  facet normal 0 0 -1
    outer loop
      vertex -23.0086 47.6314 0
      vertex 12.3546 25.1987 0
      vertex 12.2446 24.9758 0
    endloop
  endfacet
  facet normal 0 0 -1
    outer loop
      vertex -23.047 48.2176 0
      vertex 18.1112 51.9967 0
      vertex -23.0086 47.6314 0
    endloop
  endfacet
  facet normal 0 0 -1
    outer loop
      vertex -23.0086 47.6314 0
      vertex 12.2446 24.9758 0
      vertex 12.1647 24.7405 0
    endloop
  endfacet
  facet normal 0 0 -1
    outer loop
      vertex 1.24372 3.00261 0
      vertex 12.8434 22.7413 0
      vertex 1.625 2.81458 0
    endloop
  endfacet
  facet normal -0 0 -1
    outer loop
      vertex 13.05 22.6033 0
      vertex 1.625 2.81458 0
      vertex 12.8434 22.7413 0
    endloop
  endfacet
  facet normal 0 0 -1
    outer loop
      vertex 21.8076 62.886 0
      vertex 9.40756 89.507 0
      vertex 14.0791 88.892 0
    endloop
  endfacet
  facet normal 0 0 -1
    outer loop
      vertex 14.7271 -22.4933 0
      vertex 3.13926 -0.841162 0
      vertex 3.2222 -0.42421 0
    endloop
  endfacet
  facet normal 0 0 -1
    outer loop
      vertex -23.0086 -47.6314 0
      vertex 9.40756 -89.507 0
      vertex 4.71024 -89.8767 0
    endloop
  endfacet
  facet normal -0 0 -1
    outer loop
      vertex 12.8434 22.7413 0
      vertex 1.24372 3.00261 0
      vertex 12.6565 22.9052 0
    endloop
  endfacet
  facet normal 0 0 -1
    outer loop
      vertex 20.6864 61.6075 0
      vertex 4.71024 89.8767 0
      vertex 9.40756 89.507 0
    endloop
  endfacet
  facet normal 0 0 -1
    outer loop
      vertex 1.625 2.81458 0
      vertex 13.05 22.6033 0
      vertex 1.97847 2.5784 0
    endloop
  endfacet
  facet normal -0 0 -1
    outer loop
      vertex 50.5086 0 0
      vertex 3.2222 -0.42421 0
      vertex 3.25 0 0
    endloop
  endfacet
  facet normal 0 0 -1
    outer loop
      vertex 9.40756 -89.507 0
      vertex 3.00261 -1.24372 0
      vertex 3.13926 -0.841162 0
    endloop
  endfacet
  facet normal 0 0 -1
    outer loop
      vertex 9.40756 -89.507 0
      vertex 2.81458 -1.625 0
      vertex 3.00261 -1.24372 0
    endloop
  endfacet
  facet normal 0 0 -1
    outer loop
      vertex 9.40756 -89.507 0
      vertex 2.5784 -1.97847 0
      vertex 2.81458 -1.625 0
    endloop
  endfacet
  facet normal 0 0 -1
    outer loop
      vertex 9.40756 -89.507 0
      vertex 2.2981 -2.2981 0
      vertex 2.5784 -1.97847 0
    endloop
  endfacet
  facet normal 0 0 -1
    outer loop
      vertex 9.40756 -89.507 0
      vertex 1.97847 -2.5784 0
      vertex 2.2981 -2.2981 0
    endloop
  endfacet
  facet normal 0 0 -1
    outer loop
      vertex 9.40756 -89.507 0
      vertex 1.625 -2.81458 0
      vertex 1.97847 -2.5784 0
    endloop
  endfacet
  facet normal 0 0 -1
    outer loop
      vertex -23.0086 -47.6314 0
      vertex 1.625 -2.81458 0
      vertex 9.40756 -89.507 0
    endloop
  endfacet
  facet normal 0 0 -1
    outer loop
      vertex -23.047 -47.0452 0
      vertex 1.625 -2.81458 0
      vertex -23.0086 -47.6314 0
    endloop
  endfacet
  facet normal 0 0 -1
    outer loop
      vertex 1.625 -2.81458 0
      vertex -23.047 -47.0452 0
      vertex 1.24372 -3.00261 0
    endloop
  endfacet
  facet normal 0 0 -1
    outer loop
      vertex -23.0086 -47.6314 0
      vertex 4.71024 -89.8767 0
      vertex 0 -90 0
    endloop
  endfacet
  facet normal 0 0 -1
    outer loop
      vertex -23.1617 -46.4689 0
      vertex 1.24372 -3.00261 0
      vertex -23.047 -47.0452 0
    endloop
  endfacet
  facet normal 0 0 -1
    outer loop
      vertex -23.0086 -47.6314 0
      vertex 0 -90 0
      vertex -4.71024 -89.8767 0
    endloop
  endfacet
  facet normal 0 0 -1
    outer loop
      vertex 1.24372 -3.00261 0
      vertex -23.1617 -46.4689 0
      vertex 0.841162 -3.13926 0
    endloop
  endfacet
  facet normal 0 0 -1
    outer loop
      vertex -23.3505 -45.9126 0
      vertex 0.841162 -3.13926 0
      vertex -23.1617 -46.4689 0
    endloop
  endfacet
  facet normal 0 0 -1
    outer loop
      vertex 0.841162 -3.13926 0
      vertex -23.3505 -45.9126 0
      vertex 0.42421 -3.2222 0
    endloop
  endfacet
  facet normal 0 0 -1
    outer loop
      vertex -23.6104 -45.3857 0
      vertex 0.42421 -3.2222 0
      vertex -23.3505 -45.9126 0
    endloop
  endfacet
  facet normal 0 0 -1
    outer loop
      vertex 0.42421 -3.2222 0
      vertex -23.6104 -45.3857 0
      vertex 0 -3.25 0
    endloop
  endfacet
  facet normal 0 0 -1
    outer loop
      vertex -23.9368 -44.8972 0
      vertex 0 -3.25 0
      vertex -23.6104 -45.3857 0
    endloop
  endfacet
  facet normal -0 0 -1
    outer loop
      vertex 0 -3.25 0
      vertex -23.9368 -44.8972 0
      vertex -0.42421 -3.2222 0
    endloop
  endfacet
  facet normal 0 0 -1
    outer loop
      vertex -24.3234 -44.4564 0
      vertex -0.42421 -3.2222 0
      vertex -23.9368 -44.8972 0
    endloop
  endfacet
  facet normal -0 0 -1
    outer loop
      vertex -0.42421 -3.2222 0
      vertex -24.3234 -44.4564 0
      vertex -0.841162 -3.13926 0
    endloop
  endfacet
  facet normal 0 0 -1
    outer loop
      vertex -24.3241 -44.4555 0
      vertex -0.841162 -3.13926 0
      vertex -24.3234 -44.4564 0
    endloop
  endfacet
  facet normal 0 0 -1
    outer loop
      vertex -24.7658 -44.0681 0
      vertex -0.841162 -3.13926 0
      vertex -24.3241 -44.4555 0
    endloop
  endfacet
  facet normal -0 0 -1
    outer loop
      vertex -0.841162 -3.13926 0
      vertex -24.7658 -44.0681 0
      vertex -1.24372 -3.00261 0
    endloop
  endfacet
  facet normal 0 0 -1
    outer loop
      vertex 56.7188 4.14949 0
      vertex 85.5951 27.8115 0
      vertex 57.2457 3.88965 0
    endloop
  endfacet
  facet normal -0 0 -1
    outer loop
      vertex 85.5951 27.8115 0
      vertex 56.7188 4.14949 0
      vertex 84.0222 32.2531 0
    endloop
  endfacet
  facet normal 0 0 -1
    outer loop
      vertex 56.1635 4.33798 0
      vertex 84.0222 32.2531 0
      vertex 56.7188 4.14949 0
    endloop
  endfacet
  facet normal 0 0 -1
    outer loop
      vertex 56.1625 4.33834 0
      vertex 84.0222 32.2531 0
      vertex 56.1635 4.33798 0
    endloop
  endfacet
  facet normal -0 0 -1
    outer loop
      vertex 84.0222 32.2531 0
      vertex 56.1625 4.33834 0
      vertex 82.2191 36.6063 0
    endloop
  endfacet
  facet normal 0 0 -1
    outer loop
      vertex 55.5862 4.45295 0
      vertex 82.2191 36.6063 0
      vertex 56.1625 4.33834 0
    endloop
  endfacet
  facet normal -0 0 -1
    outer loop
      vertex 82.2191 36.6063 0
      vertex 55.5862 4.45295 0
      vertex 80.1906 40.8591 0
    endloop
  endfacet
  facet normal 0 0 -1
    outer loop
      vertex 55.5851 4.45303 0
      vertex 80.1906 40.8591 0
      vertex 55.5862 4.45295 0
    endloop
  endfacet
  facet normal 0 0 -1
    outer loop
      vertex 55 4.49138 0
      vertex 80.1906 40.8591 0
      vertex 55.5851 4.45303 0
    endloop
  endfacet
  facet normal -0 0 -1
    outer loop
      vertex 80.1906 40.8591 0
      vertex 55 4.49138 0
      vertex 77.9423 45 0
    endloop
  endfacet
  facet normal 0 0 -1
    outer loop
      vertex 44 53.6936 0
      vertex 77.9423 45 0
      vertex 55 4.49138 0
    endloop
  endfacet
  facet normal 0 0 -1
    outer loop
      vertex 44 53.6936 0
      vertex 55 4.49138 0
      vertex 54.4149 4.45303 0
    endloop
  endfacet
  facet normal 0 0 -1
    outer loop
      vertex 44 53.6936 0
      vertex 54.4149 4.45303 0
      vertex 54.4138 4.45295 0
    endloop
  endfacet
  facet normal 0 0 -1
    outer loop
      vertex 77.9423 45 0
      vertex 44 53.6936 0
      vertex 75.4803 49.0175 0
    endloop
  endfacet
  facet normal 0 0 -1
    outer loop
      vertex 44 53.6936 0
      vertex 54.4138 4.45295 0
      vertex 53.8375 4.33834 0
    endloop
  endfacet
  facet normal 0 0 -1
    outer loop
      vertex 75.4803 49.0175 0
      vertex 44 53.6936 0
      vertex 72.8115 52.9007 0
    endloop
  endfacet
  facet normal 0 0 -1
    outer loop
      vertex 72.8115 52.9007 0
      vertex 44 53.6936 0
      vertex 69.9431 56.6388 0
    endloop
  endfacet
  facet normal 0 0 -1
    outer loop
      vertex 44 53.6936 0
      vertex 53.8375 4.33834 0
      vertex 53.8365 4.33798 0
    endloop
  endfacet
  facet normal 0 0 -1
    outer loop
      vertex 44 53.6936 0
      vertex 53.8365 4.33798 0
      vertex 53.2812 4.14949 0
    endloop
  endfacet
  facet normal -0 0 -1
    outer loop
      vertex 69.9431 56.6388 0
      vertex 44 53.6936 0
      vertex 66.883 60.2218 0
    endloop
  endfacet
  facet normal 0 0 -1
    outer loop
      vertex 44 53.6936 0
      vertex 53.2812 4.14949 0
      vertex 52.7543 3.88965 0
    endloop
  endfacet
  facet normal -0 0 -1
    outer loop
      vertex 66.883 60.2218 0
      vertex 44 53.6936 0
      vertex 63.6396 63.6396 0
    endloop
  endfacet
  facet normal 0 0 -1
    outer loop
      vertex 43.8888 55.3904 0
      vertex 63.6396 63.6396 0
      vertex 44 53.6936 0
    endloop
  endfacet
  facet normal -0 0 -1
    outer loop
      vertex 63.6396 63.6396 0
      vertex 43.8888 55.3904 0
      vertex 60.2218 66.883 0
    endloop
  endfacet
  facet normal 0 0 -1
    outer loop
      vertex 44 53.6936 0
      vertex 52.7543 3.88965 0
      vertex 52.2658 3.56325 0
    endloop
  endfacet
  facet normal 0 0 -1
    outer loop
      vertex 44 53.6936 0
      vertex 52.2658 3.56325 0
      vertex 51.8241 3.17588 0
    endloop
  endfacet
  facet normal 0 0 -1
    outer loop
      vertex 44 53.6936 0
      vertex 51.8241 3.17588 0
      vertex 51.4367 2.73418 0
    endloop
  endfacet
  facet normal 0 0 -1
    outer loop
      vertex 44 53.6936 0
      vertex 51.4367 2.73418 0
      vertex 51.1104 2.24569 0
    endloop
  endfacet
  facet normal 0 0 -1
    outer loop
      vertex 44 53.6936 0
      vertex 51.1104 2.24569 0
      vertex 50.8505 1.71878 0
    endloop
  endfacet
  facet normal 0 0 -1
    outer loop
      vertex 44 53.6936 0
      vertex 50.8505 1.71878 0
      vertex 50.662 1.16352 0
    endloop
  endfacet
  facet normal 0 0 -1
    outer loop
      vertex 44 53.6936 0
      vertex 50.662 1.16352 0
      vertex 50.6617 1.16245 0
    endloop
  endfacet
  facet normal 0 0 -1
    outer loop
      vertex 44 53.6936 0
      vertex 50.6617 1.16245 0
      vertex 50.547 0.586242 0
    endloop
  endfacet
  facet normal 0 0 -1
    outer loop
      vertex 44 53.6936 0
      vertex 50.547 0.586242 0
      vertex 50.547 0.585117 0
    endloop
  endfacet
  facet normal 0 0 -1
    outer loop
      vertex 44 53.6936 0
      vertex 50.547 0.585117 0
      vertex 50.5086 0 0
    endloop
  endfacet
  facet normal 0 0 -1
    outer loop
      vertex 43.557 57.0582 0
      vertex 60.2218 66.883 0
      vertex 43.8888 55.3904 0
    endloop
  endfacet
  facet normal 0 0 -1
    outer loop
      vertex 34.3646 -41.1365 0
      vertex 52.7543 -3.88965 0
      vertex 35.9749 -41.6831 0
    endloop
  endfacet
  facet normal 0 0 -1
    outer loop
      vertex 38.9139 -64.0072 0
      vertex 49.0175 -75.4803 0
      vertex 45 -77.9423 0
    endloop
  endfacet
  facet normal -0 0 -1
    outer loop
      vertex 52.7543 -3.88965 0
      vertex 34.3646 -41.1365 0
      vertex 52.2658 -3.56325 0
    endloop
  endfacet
  facet normal 0 0 -1
    outer loop
      vertex 43.0104 58.6685 0
      vertex 60.2218 66.883 0
      vertex 43.557 57.0582 0
    endloop
  endfacet
  facet normal 0 0 -1
    outer loop
      vertex 49.0175 -75.4803 0
      vertex 43.8888 -55.3904 0
      vertex 44 -53.6936 0
    endloop
  endfacet
  facet normal 0 0 -1
    outer loop
      vertex 49.0175 -75.4803 0
      vertex 43.557 -57.0582 0
      vertex 43.8888 -55.3904 0
    endloop
  endfacet
  facet normal 0 0 -1
    outer loop
      vertex 49.0175 -75.4803 0
      vertex 43.0104 -58.6685 0
      vertex 43.557 -57.0582 0
    endloop
  endfacet
  facet normal 0 0 -1
    outer loop
      vertex 49.0175 -75.4803 0
      vertex 42.2583 -60.1936 0
      vertex 43.0104 -58.6685 0
    endloop
  endfacet
  facet normal 0 0 -1
    outer loop
      vertex 49.0175 -75.4803 0
      vertex 41.3136 -61.6075 0
      vertex 42.2583 -60.1936 0
    endloop
  endfacet
  facet normal 0 0 -1
    outer loop
      vertex 35.9749 -65.704 0
      vertex 45 -77.9423 0
      vertex 40.8591 -80.1906 0
    endloop
  endfacet
  facet normal 0 0 -1
    outer loop
      vertex 49.0175 -75.4803 0
      vertex 40.1924 -62.886 0
      vertex 41.3136 -61.6075 0
    endloop
  endfacet
  facet normal 0 0 -1
    outer loop
      vertex 49.0175 -75.4803 0
      vertex 38.9139 -64.0072 0
      vertex 40.1924 -62.886 0
    endloop
  endfacet
  facet normal 0 0 -1
    outer loop
      vertex 45 -77.9423 0
      vertex 37.5 -64.9519 0
      vertex 38.9139 -64.0072 0
    endloop
  endfacet
  facet normal 0 0 -1
    outer loop
      vertex 34.3646 -66.2506 0
      vertex 40.8591 -80.1906 0
      vertex 36.6063 -82.2191 0
    endloop
  endfacet
  facet normal 0 0 -1
    outer loop
      vertex 45 -77.9423 0
      vertex 35.9749 -65.704 0
      vertex 37.5 -64.9519 0
    endloop
  endfacet
  facet normal 0 0 -1
    outer loop
      vertex 40.8591 -80.1906 0
      vertex 34.3646 -66.2506 0
      vertex 35.9749 -65.704 0
    endloop
  endfacet
  facet normal 0 0 -1
    outer loop
      vertex 36.6063 -82.2191 0
      vertex 32.6968 -66.5824 0
      vertex 34.3646 -66.2506 0
    endloop
  endfacet
  facet normal 0 0 -1
    outer loop
      vertex 31 -66.6936 0
      vertex 36.6063 -82.2191 0
      vertex 32.2531 -84.0222 0
    endloop
  endfacet
  facet normal 0 0 -1
    outer loop
      vertex 36.6063 -82.2191 0
      vertex 31 -66.6936 0
      vertex 32.6968 -66.5824 0
    endloop
  endfacet
  facet normal 0 0 -1
    outer loop
      vertex 32.2531 -84.0222 0
      vertex 29.3032 -66.5824 0
      vertex 31 -66.6936 0
    endloop
  endfacet
  facet normal 0 0 -1
    outer loop
      vertex 27.8115 -85.5951 0
      vertex 29.3032 -66.5824 0
      vertex 32.2531 -84.0222 0
    endloop
  endfacet
  facet normal 0 0 -1
    outer loop
      vertex 27.8115 -85.5951 0
      vertex 27.6354 -66.2506 0
      vertex 29.3032 -66.5824 0
    endloop
  endfacet
  facet normal 0 0 -1
    outer loop
      vertex 27.8115 -85.5951 0
      vertex 26.0251 -65.704 0
      vertex 27.6354 -66.2506 0
    endloop
  endfacet
  facet normal 0 0 -1
    outer loop
      vertex 23.2937 -86.9333 0
      vertex 26.0251 -65.704 0
      vertex 27.8115 -85.5951 0
    endloop
  endfacet
  facet normal -0 0 -1
    outer loop
      vertex 26.0251 -65.704 0
      vertex 23.2937 -86.9333 0
      vertex 24.5 -64.9519 0
    endloop
  endfacet
  facet normal 0 0 -1
    outer loop
      vertex 18.7121 -88.0333 0
      vertex 24.5 -64.9519 0
      vertex 23.2937 -86.9333 0
    endloop
  endfacet
  facet normal -0 0 -1
    outer loop
      vertex 24.5 -64.9519 0
      vertex 18.7121 -88.0333 0
      vertex 23.0861 -64.0072 0
    endloop
  endfacet
  facet normal 0 0 -1
    outer loop
      vertex 14.0791 -88.892 0
      vertex 23.0861 -64.0072 0
      vertex 18.7121 -88.0333 0
    endloop
  endfacet
  facet normal -0 0 -1
    outer loop
      vertex 23.0861 -64.0072 0
      vertex 14.0791 -88.892 0
      vertex 21.8076 -62.886 0
    endloop
  endfacet
  facet normal 0 0 -1
    outer loop
      vertex 9.40756 -89.507 0
      vertex 21.8076 -62.886 0
      vertex 14.0791 -88.892 0
    endloop
  endfacet
  facet normal -0 0 -1
    outer loop
      vertex 21.8076 -62.886 0
      vertex 9.40756 -89.507 0
      vertex 20.6864 -61.6075 0
    endloop
  endfacet
  facet normal -0 0 -1
    outer loop
      vertex 20.6864 -61.6075 0
      vertex 9.40756 -89.507 0
      vertex 19.7417 -60.1936 0
    endloop
  endfacet
  facet normal -0 0 -1
    outer loop
      vertex 19.7417 -60.1936 0
      vertex 9.40756 -89.507 0
      vertex 18.9896 -58.6685 0
    endloop
  endfacet
  facet normal -0 0 -1
    outer loop
      vertex 18.9896 -58.6685 0
      vertex 9.40756 -89.507 0
      vertex 18.443 -57.0582 0
    endloop
  endfacet
  facet normal -0 0 -1
    outer loop
      vertex 26.0251 41.6831 0
      vertex 15.1566 25.7561 0
      vertex 24.5 42.4352 0
    endloop
  endfacet
  facet normal -0 0 -1
    outer loop
      vertex 18.443 -57.0582 0
      vertex 9.40756 -89.507 0
      vertex 18.1112 -55.3904 0
    endloop
  endfacet
  facet normal 0 0 -1
    outer loop
      vertex 31 -40.6936 0
      vertex 15.8837 -24.4967 0
      vertex 15.9 -24.2487 0
    endloop
  endfacet
  facet normal 0 0 -1
    outer loop
      vertex 29.3032 -40.8048 0
      vertex 15.8353 -24.7405 0
      vertex 15.8837 -24.4967 0
    endloop
  endfacet
  facet normal 0 0 -1
    outer loop
      vertex 29.3032 -40.8048 0
      vertex 15.7554 -24.9758 0
      vertex 15.8353 -24.7405 0
    endloop
  endfacet
  facet normal 0 0 -1
    outer loop
      vertex 27.6354 -41.1365 0
      vertex 15.6454 -25.1987 0
      vertex 15.7554 -24.9758 0
    endloop
  endfacet
  facet normal 0 0 -1
    outer loop
      vertex 27.6354 -41.1365 0
      vertex 15.5074 -25.4054 0
      vertex 15.6454 -25.1987 0
    endloop
  endfacet
  facet normal 0 0 -1
    outer loop
      vertex 26.0251 -41.6831 0
      vertex 15.3435 -25.5922 0
      vertex 15.5074 -25.4054 0
    endloop
  endfacet
  facet normal 0 0 -1
    outer loop
      vertex 26.0251 -41.6831 0
      vertex 15.1566 -25.7561 0
      vertex 15.3435 -25.5922 0
    endloop
  endfacet
  facet normal 0 0 -1
    outer loop
      vertex 24.5 -42.4352 0
      vertex 14.95 -25.8942 0
      vertex 15.1566 -25.7561 0
    endloop
  endfacet
  facet normal 0 0 -1
    outer loop
      vertex 24.5 -42.4352 0
      vertex 14.7271 -26.0041 0
      vertex 14.95 -25.8942 0
    endloop
  endfacet
  facet normal 0 0 -1
    outer loop
      vertex 23.0861 -43.38 0
      vertex 14.4918 -26.084 0
      vertex 14.7271 -26.0041 0
    endloop
  endfacet
  facet normal 0 0 -1
    outer loop
      vertex 23.0861 -43.38 0
      vertex 14.248 -26.1325 0
      vertex 14.4918 -26.084 0
    endloop
  endfacet
  facet normal -0 0 -1
    outer loop
      vertex 18.1112 -55.3904 0
      vertex 9.40756 -89.507 0
      vertex 18 -53.6936 0
    endloop
  endfacet
  facet normal 0 0 -1
    outer loop
      vertex 21.8076 -44.5012 0
      vertex 14 -26.1487 0
      vertex 14.248 -26.1325 0
    endloop
  endfacet
  facet normal 0 0 -1
    outer loop
      vertex 21.8076 -44.5012 0
      vertex 13.752 -26.1325 0
      vertex 14 -26.1487 0
    endloop
  endfacet
  facet normal 0 0 -1
    outer loop
      vertex 20.6864 -45.7797 0
      vertex 13.5082 -26.084 0
      vertex 13.752 -26.1325 0
    endloop
  endfacet
  facet normal 0 -0 -1
    outer loop
      vertex 12.2446 -24.9758 0
      vertex 18 -53.6936 0
      vertex 9.40756 -89.507 0
    endloop
  endfacet
  facet normal 0 0 -1
    outer loop
      vertex 19.7417 -47.1936 0
      vertex 13.2729 -26.0041 0
      vertex 13.5082 -26.084 0
    endloop
  endfacet
  facet normal 0 0 -1
    outer loop
      vertex 19.7417 -47.1936 0
      vertex 13.05 -25.8942 0
      vertex 13.2729 -26.0041 0
    endloop
  endfacet
  facet normal 0 0 -1
    outer loop
      vertex 18.9896 -48.7187 0
      vertex 12.8434 -25.7561 0
      vertex 13.05 -25.8942 0
    endloop
  endfacet
  facet normal 0 0 -1
    outer loop
      vertex 18.9896 -48.7187 0
      vertex 12.6565 -25.5922 0
      vertex 12.8434 -25.7561 0
    endloop
  endfacet
  facet normal 0 0 -1
    outer loop
      vertex 18.443 -50.3289 0
      vertex 12.4926 -25.4054 0
      vertex 12.6565 -25.5922 0
    endloop
  endfacet
  facet normal 0 0 -1
    outer loop
      vertex 18.1112 -51.9967 0
      vertex 12.3546 -25.1987 0
      vertex 12.4926 -25.4054 0
    endloop
  endfacet
  facet normal 0 0 -1
    outer loop
      vertex 18 -53.6936 0
      vertex 12.2446 -24.9758 0
      vertex 12.3546 -25.1987 0
    endloop
  endfacet
  facet normal -0 0 -1
    outer loop
      vertex 12.2446 -24.9758 0
      vertex 9.40756 -89.507 0
      vertex 12.1647 -24.7405 0
    endloop
  endfacet
  facet normal 0 0 -1
    outer loop
      vertex 3.13926 -0.841162 0
      vertex 12.1647 -24.7405 0
      vertex 9.40756 -89.507 0
    endloop
  endfacet
  facet normal 0 0 -1
    outer loop
      vertex 12.1163 -24.4967 0
      vertex 3.13926 -0.841162 0
      vertex 12.1 -24.2487 0
    endloop
  endfacet
  facet normal 0 0 -1
    outer loop
      vertex 12.1647 -24.7405 0
      vertex 3.13926 -0.841162 0
      vertex 12.1163 -24.4967 0
    endloop
  endfacet
  facet normal 0 0 -1
    outer loop
      vertex 84.338 -1.16352 0
      vertex 90 0 0
      vertex 89.8767 -4.71024 0
    endloop
  endfacet
  facet normal 0 0 -1
    outer loop
      vertex 83.1759 -3.17588 0
      vertex 89.8767 -4.71024 0
      vertex 89.507 -9.40756 0
    endloop
  endfacet
  facet normal 0 0 -1
    outer loop
      vertex 90 0 0
      vertex 84.3383 -1.16245 0
      vertex 84.453 -0.586242 0
    endloop
  endfacet
  facet normal 0 0 -1
    outer loop
      vertex 81.1625 -4.33834 0
      vertex 89.507 -9.40756 0
      vertex 88.892 -14.0791 0
    endloop
  endfacet
  facet normal -0 0 -1
    outer loop
      vertex 90 0 0
      vertex 84.453 -0.585117 0
      vertex 84.4914 0 0
    endloop
  endfacet
  facet normal 0 0 -1
    outer loop
      vertex 79.4149 -4.45303 0
      vertex 88.892 -14.0791 0
      vertex 88.0333 -18.7121 0
    endloop
  endfacet
  facet normal 0 0 -1
    outer loop
      vertex 84.453 0.585117 0
      vertex 90 0 0
      vertex 84.4914 0 0
    endloop
  endfacet
  facet normal 0 0 -1
    outer loop
      vertex 78.2812 -4.14949 0
      vertex 88.0333 -18.7121 0
      vertex 86.9333 -23.2937 0
    endloop
  endfacet
  facet normal 0 0 -1
    outer loop
      vertex 84.338 1.16352 0
      vertex 90 0 0
      vertex 84.3383 1.16245 0
    endloop
  endfacet
  facet normal 0 0 -1
    outer loop
      vertex 77.7543 -3.88965 0
      vertex 86.9333 -23.2937 0
      vertex 85.5951 -27.8115 0
    endloop
  endfacet
  facet normal 0 0 -1
    outer loop
      vertex 90 0 0
      vertex 84.338 1.16352 0
      vertex 89.8767 4.71024 0
    endloop
  endfacet
  facet normal 0 0 -1
    outer loop
      vertex 84.1495 1.71878 0
      vertex 89.8767 4.71024 0
      vertex 84.338 1.16352 0
    endloop
  endfacet
  facet normal 0 0 -1
    outer loop
      vertex 84.3383 1.16245 0
      vertex 90 0 0
      vertex 84.453 0.586242 0
    endloop
  endfacet
  facet normal 0 0 -1
    outer loop
      vertex 84.453 0.586242 0
      vertex 90 0 0
      vertex 84.453 0.585117 0
    endloop
  endfacet
  facet normal 0 0 -1
    outer loop
      vertex 90 0 0
      vertex 84.453 -0.586242 0
      vertex 84.453 -0.585117 0
    endloop
  endfacet
  facet normal 0 0 -1
    outer loop
      vertex 90 0 0
      vertex 84.338 -1.16352 0
      vertex 84.3383 -1.16245 0
    endloop
  endfacet
  facet normal 0 0 -1
    outer loop
      vertex 89.8767 -4.71024 0
      vertex 84.1495 -1.71878 0
      vertex 84.338 -1.16352 0
    endloop
  endfacet
  facet normal 0 0 -1
    outer loop
      vertex 56.7188 -4.14949 0
      vertex 85.5951 -27.8115 0
      vertex 84.0222 -32.2531 0
    endloop
  endfacet
  facet normal 0 0 -1
    outer loop
      vertex 89.8767 -4.71024 0
      vertex 83.8896 -2.24569 0
      vertex 84.1495 -1.71878 0
    endloop
  endfacet
  facet normal 0 0 -1
    outer loop
      vertex 89.8767 -4.71024 0
      vertex 83.5632 -2.73418 0
      vertex 83.8896 -2.24569 0
    endloop
  endfacet
  facet normal 0 0 -1
    outer loop
      vertex 89.8767 -4.71024 0
      vertex 83.1759 -3.17588 0
      vertex 83.5632 -2.73418 0
    endloop
  endfacet
  facet normal 0 0 -1
    outer loop
      vertex 89.507 -9.40756 0
      vertex 82.7342 -3.56325 0
      vertex 83.1759 -3.17588 0
    endloop
  endfacet
  facet normal 0 0 -1
    outer loop
      vertex 89.507 -9.40756 0
      vertex 82.2457 -3.88965 0
      vertex 82.7342 -3.56325 0
    endloop
  endfacet
  facet normal 0 0 -1
    outer loop
      vertex 56.1625 -4.33834 0
      vertex 84.0222 -32.2531 0
      vertex 82.2191 -36.6063 0
    endloop
  endfacet
  facet normal 0 0 -1
    outer loop
      vertex 89.507 -9.40756 0
      vertex 81.7188 -4.14949 0
      vertex 82.2457 -3.88965 0
    endloop
  endfacet
  facet normal 0 0 -1
    outer loop
      vertex 89.507 -9.40756 0
      vertex 81.1635 -4.33798 0
      vertex 81.7188 -4.14949 0
    endloop
  endfacet
  facet normal 0 0 -1
    outer loop
      vertex 89.507 -9.40756 0
      vertex 81.1625 -4.33834 0
      vertex 81.1635 -4.33798 0
    endloop
  endfacet
  facet normal 0 0 -1
    outer loop
      vertex 88.892 -14.0791 0
      vertex 80.5862 -4.45295 0
      vertex 81.1625 -4.33834 0
    endloop
  endfacet
  facet normal 0 0 -1
    outer loop
      vertex 88.892 -14.0791 0
      vertex 80.5851 -4.45303 0
      vertex 80.5862 -4.45295 0
    endloop
  endfacet
  facet normal 0 0 -1
    outer loop
      vertex 55.5862 -4.45295 0
      vertex 82.2191 -36.6063 0
      vertex 80.1906 -40.8591 0
    endloop
  endfacet
  facet normal 0 0 -1
    outer loop
      vertex 88.892 -14.0791 0
      vertex 80 -4.49138 0
      vertex 80.5851 -4.45303 0
    endloop
  endfacet
  facet normal 0 0 -1
    outer loop
      vertex 88.892 -14.0791 0
      vertex 79.4149 -4.45303 0
      vertex 80 -4.49138 0
    endloop
  endfacet
  facet normal 0 0 -1
    outer loop
      vertex 88.0333 -18.7121 0
      vertex 79.4138 -4.45295 0
      vertex 79.4149 -4.45303 0
    endloop
  endfacet
  facet normal 0 0 -1
    outer loop
      vertex 88.0333 -18.7121 0
      vertex 78.8375 -4.33834 0
      vertex 79.4138 -4.45295 0
    endloop
  endfacet
  facet normal 0 0 -1
    outer loop
      vertex 88.0333 -18.7121 0
      vertex 78.8365 -4.33798 0
      vertex 78.8375 -4.33834 0
    endloop
  endfacet
  facet normal 0 0 -1
    outer loop
      vertex 88.0333 -18.7121 0
      vertex 78.2812 -4.14949 0
      vertex 78.8365 -4.33798 0
    endloop
  endfacet
  facet normal 0 0 -1
    outer loop
      vertex 72.8115 -52.9007 0
      vertex 43.0104 -48.7187 0
      vertex 75.4803 -49.0175 0
    endloop
  endfacet
  facet normal 0 0 -1
    outer loop
      vertex 86.9333 -23.2937 0
      vertex 77.7543 -3.88965 0
      vertex 78.2812 -4.14949 0
    endloop
  endfacet
  facet normal 0 0 -1
    outer loop
      vertex 85.5951 -27.8115 0
      vertex 57.2457 -3.88965 0
      vertex 77.7543 -3.88965 0
    endloop
  endfacet
  facet normal 0 0 -1
    outer loop
      vertex 77.7543 -3.88965 0
      vertex 57.2457 -3.88965 0
      vertex 77.2658 -3.56325 0
    endloop
  endfacet
  facet normal 0 -0 -1
    outer loop
      vertex 57.7342 -3.56325 0
      vertex 77.2658 -3.56325 0
      vertex 57.2457 -3.88965 0
    endloop
  endfacet
  facet normal 0 0 -1
    outer loop
      vertex 77.2658 -3.56325 0
      vertex 57.7342 -3.56325 0
      vertex 76.8241 -3.17588 0
    endloop
  endfacet
  facet normal 0 -0 -1
    outer loop
      vertex 58.1759 -3.17588 0
      vertex 76.8241 -3.17588 0
      vertex 57.7342 -3.56325 0
    endloop
  endfacet
  facet normal 0 0 -1
    outer loop
      vertex 76.8241 -3.17588 0
      vertex 58.1759 -3.17588 0
      vertex 76.4368 -2.73418 0
    endloop
  endfacet
  facet normal 0 -0 -1
    outer loop
      vertex 58.5633 -2.73418 0
      vertex 76.4368 -2.73418 0
      vertex 58.1759 -3.17588 0
    endloop
  endfacet
  facet normal 0 0 -1
    outer loop
      vertex 76.4368 -2.73418 0
      vertex 58.5633 -2.73418 0
      vertex 76.1104 -2.24569 0
    endloop
  endfacet
  facet normal 0 -0 -1
    outer loop
      vertex 58.8896 -2.24569 0
      vertex 76.1104 -2.24569 0
      vertex 58.5633 -2.73418 0
    endloop
  endfacet
  facet normal 0 0 -1
    outer loop
      vertex 76.1104 -2.24569 0
      vertex 58.8896 -2.24569 0
      vertex 75.8505 -1.71878 0
    endloop
  endfacet
  facet normal 0 0 -1
    outer loop
      vertex 69.9431 -56.6388 0
      vertex 43.557 -50.3289 0
      vertex 72.8115 -52.9007 0
    endloop
  endfacet
  facet normal 0 0 -1
    outer loop
      vertex 83.8896 2.24569 0
      vertex 89.8767 4.71024 0
      vertex 84.1495 1.71878 0
    endloop
  endfacet
  facet normal 0 0 -1
    outer loop
      vertex 83.5632 2.73418 0
      vertex 89.8767 4.71024 0
      vertex 83.8896 2.24569 0
    endloop
  endfacet
  facet normal 0 0 -1
    outer loop
      vertex 83.1759 3.17588 0
      vertex 89.8767 4.71024 0
      vertex 83.5632 2.73418 0
    endloop
  endfacet
  facet normal -0 0 -1
    outer loop
      vertex 89.8767 4.71024 0
      vertex 83.1759 3.17588 0
      vertex 89.507 9.40756 0
    endloop
  endfacet
  facet normal 0 0 -1
    outer loop
      vertex 82.7342 3.56325 0
      vertex 89.507 9.40756 0
      vertex 83.1759 3.17588 0
    endloop
  endfacet
  facet normal 0 0 -1
    outer loop
      vertex 82.2457 3.88965 0
      vertex 89.507 9.40756 0
      vertex 82.7342 3.56325 0
    endloop
  endfacet
  facet normal 0 0 -1
    outer loop
      vertex 81.7188 4.14949 0
      vertex 89.507 9.40756 0
      vertex 82.2457 3.88965 0
    endloop
  endfacet
  facet normal 0 0 -1
    outer loop
      vertex 81.1635 4.33798 0
      vertex 89.507 9.40756 0
      vertex 81.7188 4.14949 0
    endloop
  endfacet
  facet normal 0 0 -1
    outer loop
      vertex 81.1625 4.33834 0
      vertex 89.507 9.40756 0
      vertex 81.1635 4.33798 0
    endloop
  endfacet
  facet normal -0 0 -1
    outer loop
      vertex 89.507 9.40756 0
      vertex 81.1625 4.33834 0
      vertex 88.892 14.0791 0
    endloop
  endfacet
  facet normal 0 0 -1
    outer loop
      vertex 80.5862 4.45295 0
      vertex 88.892 14.0791 0
      vertex 81.1625 4.33834 0
    endloop
  endfacet
  facet normal 0 0 -1
    outer loop
      vertex 80.5851 4.45303 0
      vertex 88.892 14.0791 0
      vertex 80.5862 4.45295 0
    endloop
  endfacet
  facet normal 0 0 -1
    outer loop
      vertex 80 4.49138 0
      vertex 88.892 14.0791 0
      vertex 80.5851 4.45303 0
    endloop
  endfacet
  facet normal 0 0 -1
    outer loop
      vertex 79.4149 4.45303 0
      vertex 88.892 14.0791 0
      vertex 80 4.49138 0
    endloop
  endfacet
  facet normal -0 0 -1
    outer loop
      vertex 88.892 14.0791 0
      vertex 79.4149 4.45303 0
      vertex 88.0333 18.7121 0
    endloop
  endfacet
  facet normal 0 0 -1
    outer loop
      vertex 79.4138 4.45295 0
      vertex 88.0333 18.7121 0
      vertex 79.4149 4.45303 0
    endloop
  endfacet
  facet normal 0 0 -1
    outer loop
      vertex 78.8375 4.33834 0
      vertex 88.0333 18.7121 0
      vertex 79.4138 4.45295 0
    endloop
  endfacet
  facet normal 0 0 -1
    outer loop
      vertex 78.8365 4.33798 0
      vertex 88.0333 18.7121 0
      vertex 78.8375 4.33834 0
    endloop
  endfacet
  facet normal 0 0 -1
    outer loop
      vertex 78.2812 4.14949 0
      vertex 88.0333 18.7121 0
      vertex 78.8365 4.33798 0
    endloop
  endfacet
  facet normal -0 0 -1
    outer loop
      vertex 88.0333 18.7121 0
      vertex 78.2812 4.14949 0
      vertex 86.9333 23.2937 0
    endloop
  endfacet
  facet normal 0 0 -1
    outer loop
      vertex 77.7543 3.88965 0
      vertex 86.9333 23.2937 0
      vertex 78.2812 4.14949 0
    endloop
  endfacet
  facet normal -0 0 -1
    outer loop
      vertex 86.9333 23.2937 0
      vertex 77.7543 3.88965 0
      vertex 85.5951 27.8115 0
    endloop
  endfacet
  facet normal 0 0 -1
    outer loop
      vertex 76.4368 2.73418 0
      vertex 58.5633 2.73418 0
      vertex 76.8241 3.17588 0
    endloop
  endfacet
  facet normal 0 0 -1
    outer loop
      vertex 59.1495 1.71878 0
      vertex 75.8505 1.71878 0
      vertex 59.338 1.16352 0
    endloop
  endfacet
  facet normal 0 0 -1
    outer loop
      vertex 75.8505 1.71878 0
      vertex 59.1495 1.71878 0
      vertex 76.1104 2.24569 0
    endloop
  endfacet
  facet normal 0 0 -1
    outer loop
      vertex 58.8896 2.24569 0
      vertex 76.1104 2.24569 0
      vertex 59.1495 1.71878 0
    endloop
  endfacet
  facet normal 0 0 -1
    outer loop
      vertex 76.1104 2.24569 0
      vertex 58.8896 2.24569 0
      vertex 76.4368 2.73418 0
    endloop
  endfacet
  facet normal 0 0 -1
    outer loop
      vertex 75.662 1.16352 0
      vertex 59.338 1.16352 0
      vertex 75.8505 1.71878 0
    endloop
  endfacet
  facet normal 0 0 -1
    outer loop
      vertex 59.338 1.16352 0
      vertex 75.662 1.16352 0
      vertex 59.3383 1.16245 0
    endloop
  endfacet
  facet normal 0 0 -1
    outer loop
      vertex 75.6617 1.16245 0
      vertex 59.3383 1.16245 0
      vertex 75.662 1.16352 0
    endloop
  endfacet
  facet normal 0 0 -1
    outer loop
      vertex 59.3383 1.16245 0
      vertex 75.6617 1.16245 0
      vertex 59.453 0.586242 0
    endloop
  endfacet
  facet normal 0 0 -1
    outer loop
      vertex 75.547 0.586242 0
      vertex 59.453 0.586242 0
      vertex 75.6617 1.16245 0
    endloop
  endfacet
  facet normal 0 0 -1
    outer loop
      vertex 59.453 0.586242 0
      vertex 75.547 0.586242 0
      vertex 59.453 0.585117 0
    endloop
  endfacet
  facet normal 0 0 -1
    outer loop
      vertex 75.547 0.585117 0
      vertex 59.453 0.585117 0
      vertex 75.547 0.586242 0
    endloop
  endfacet
  facet normal 0 0 -1
    outer loop
      vertex 59.453 0.585117 0
      vertex 75.547 0.585117 0
      vertex 59.4914 0 0
    endloop
  endfacet
  facet normal 0 0 -1
    outer loop
      vertex 59.4914 0 0
      vertex 75.547 0.585117 0
      vertex 75.5086 0 0
    endloop
  endfacet
  facet normal 0 0 -1
    outer loop
      vertex 58.5633 2.73418 0
      vertex 76.4368 2.73418 0
      vertex 58.8896 2.24569 0
    endloop
  endfacet
  facet normal 0 0 -1
    outer loop
      vertex 75.8505 -1.71878 0
      vertex 59.1495 -1.71878 0
      vertex 75.662 -1.16352 0
    endloop
  endfacet
  facet normal 0 0 -1
    outer loop
      vertex 43.557 -50.3289 0
      vertex 69.9431 -56.6388 0
      vertex 43.8888 -51.9967 0
    endloop
  endfacet
  facet normal 0 0 -1
    outer loop
      vertex 58.1759 3.17588 0
      vertex 76.8241 3.17588 0
      vertex 58.5633 2.73418 0
    endloop
  endfacet
  facet normal 0 0 -1
    outer loop
      vertex 66.883 -60.2218 0
      vertex 43.8888 -51.9967 0
      vertex 69.9431 -56.6388 0
    endloop
  endfacet
  facet normal 0 0 -1
    outer loop
      vertex 76.8241 3.17588 0
      vertex 58.1759 3.17588 0
      vertex 77.2658 3.56325 0
    endloop
  endfacet
  facet normal 0 0 -1
    outer loop
      vertex 43.8888 -51.9967 0
      vertex 66.883 -60.2218 0
      vertex 44 -53.6936 0
    endloop
  endfacet
  facet normal 0 0 -1
    outer loop
      vertex 57.7342 3.56325 0
      vertex 77.2658 3.56325 0
      vertex 58.1759 3.17588 0
    endloop
  endfacet
  facet normal 0 0 -1
    outer loop
      vertex 44 -53.6936 0
      vertex 66.883 -60.2218 0
      vertex 63.6396 -63.6396 0
    endloop
  endfacet
  facet normal 0 0 -1
    outer loop
      vertex 77.2658 3.56325 0
      vertex 57.7342 3.56325 0
      vertex 77.7543 3.88965 0
    endloop
  endfacet
  facet normal 0 0 -1
    outer loop
      vertex 44 -53.6936 0
      vertex 63.6396 -63.6396 0
      vertex 60.2218 -66.883 0
    endloop
  endfacet
  facet normal 0 0 -1
    outer loop
      vertex 57.2457 3.88965 0
      vertex 77.7543 3.88965 0
      vertex 57.7342 3.56325 0
    endloop
  endfacet
  facet normal 0 0 -1
    outer loop
      vertex 77.7543 3.88965 0
      vertex 57.2457 3.88965 0
      vertex 85.5951 27.8115 0
    endloop
  endfacet
  facet normal -0 0 -1
    outer loop
      vertex 75.5086 0 0
      vertex 59.453 -0.585117 0
      vertex 59.4914 0 0
    endloop
  endfacet
  facet normal 0 0 -1
    outer loop
      vertex 75.547 -0.585117 0
      vertex 59.453 -0.585117 0
      vertex 75.5086 0 0
    endloop
  endfacet
  facet normal 0 0 -1
    outer loop
      vertex 59.453 -0.585117 0
      vertex 75.547 -0.585117 0
      vertex 59.453 -0.586242 0
    endloop
  endfacet
  facet normal 0 0 -1
    outer loop
      vertex 75.547 -0.586242 0
      vertex 59.453 -0.586242 0
      vertex 75.547 -0.585117 0
    endloop
  endfacet
  facet normal 0 -0 -1
    outer loop
      vertex 59.453 -0.586242 0
      vertex 75.547 -0.586242 0
      vertex 59.3383 -1.16245 0
    endloop
  endfacet
  facet normal 0 0 -1
    outer loop
      vertex 75.6617 -1.16245 0
      vertex 59.3383 -1.16245 0
      vertex 75.547 -0.586242 0
    endloop
  endfacet
  facet normal 0 -0 -1
    outer loop
      vertex 59.3383 -1.16245 0
      vertex 75.6617 -1.16245 0
      vertex 59.338 -1.16352 0
    endloop
  endfacet
  facet normal 0 0 -1
    outer loop
      vertex 75.662 -1.16352 0
      vertex 59.338 -1.16352 0
      vertex 75.6617 -1.16245 0
    endloop
  endfacet
  facet normal 0 -0 -1
    outer loop
      vertex 59.338 -1.16352 0
      vertex 75.662 -1.16352 0
      vertex 59.1495 -1.71878 0
    endloop
  endfacet
  facet normal 0 -0 -1
    outer loop
      vertex 59.1495 -1.71878 0
      vertex 75.8505 -1.71878 0
      vertex 58.8896 -2.24569 0
    endloop
  endfacet
  facet normal 0 0 -1
    outer loop
      vertex 85.5951 -27.8115 0
      vertex 56.7188 -4.14949 0
      vertex 57.2457 -3.88965 0
    endloop
  endfacet
  facet normal 0 0 -1
    outer loop
      vertex 44 -53.6936 0
      vertex 60.2218 -66.883 0
      vertex 56.6388 -69.9431 0
    endloop
  endfacet
  facet normal 0 0 -1
    outer loop
      vertex 84.0222 -32.2531 0
      vertex 56.1635 -4.33798 0
      vertex 56.7188 -4.14949 0
    endloop
  endfacet
  facet normal 0 0 -1
    outer loop
      vertex 84.0222 -32.2531 0
      vertex 56.1625 -4.33834 0
      vertex 56.1635 -4.33798 0
    endloop
  endfacet
  facet normal 0 0 -1
    outer loop
      vertex 82.2191 -36.6063 0
      vertex 55.5862 -4.45295 0
      vertex 56.1625 -4.33834 0
    endloop
  endfacet
  facet normal 0 0 -1
    outer loop
      vertex 75.4803 -49.0175 0
      vertex 42.2583 -47.1936 0
      vertex 77.9423 -45 0
    endloop
  endfacet
  facet normal 0 0 -1
    outer loop
      vertex 41.3136 -45.7797 0
      vertex 77.9423 -45 0
      vertex 42.2583 -47.1936 0
    endloop
  endfacet
  facet normal 0 0 -1
    outer loop
      vertex 43.0104 -48.7187 0
      vertex 72.8115 -52.9007 0
      vertex 43.557 -50.3289 0
    endloop
  endfacet
  facet normal 0 0 -1
    outer loop
      vertex 42.2583 -47.1936 0
      vertex 75.4803 -49.0175 0
      vertex 43.0104 -48.7187 0
    endloop
  endfacet
  facet normal -0 0 -1
    outer loop
      vertex 77.9423 -45 0
      vertex 41.3136 -45.7797 0
      vertex 80.1906 -40.8591 0
    endloop
  endfacet
  facet normal 0 0 -1
    outer loop
      vertex 40.1924 -44.5012 0
      vertex 80.1906 -40.8591 0
      vertex 41.3136 -45.7797 0
    endloop
  endfacet
  facet normal -0 0 -1
    outer loop
      vertex 80.1906 -40.8591 0
      vertex 40.1924 -44.5012 0
      vertex 55.5862 -4.45295 0
    endloop
  endfacet
  facet normal 0 0 -1
    outer loop
      vertex 44 -53.6936 0
      vertex 56.6388 -69.9431 0
      vertex 52.9007 -72.8115 0
    endloop
  endfacet
  facet normal 0 0 -1
    outer loop
      vertex 55.5862 -4.45295 0
      vertex 40.1924 -44.5012 0
      vertex 55.5851 -4.45303 0
    endloop
  endfacet
  facet normal 0 0 -1
    outer loop
      vertex 55.5851 -4.45303 0
      vertex 40.1924 -44.5012 0
      vertex 55 -4.49138 0
    endloop
  endfacet
  facet normal 0 0 -1
    outer loop
      vertex 44 -53.6936 0
      vertex 52.9007 -72.8115 0
      vertex 49.0175 -75.4803 0
    endloop
  endfacet
  facet normal 0 0 -1
    outer loop
      vertex 38.9139 -43.38 0
      vertex 55 -4.49138 0
      vertex 40.1924 -44.5012 0
    endloop
  endfacet
  facet normal -0 0 -1
    outer loop
      vertex 55 -4.49138 0
      vertex 38.9139 -43.38 0
      vertex 54.4149 -4.45303 0
    endloop
  endfacet
  facet normal -0 0 -1
    outer loop
      vertex 54.4149 -4.45303 0
      vertex 38.9139 -43.38 0
      vertex 54.4138 -4.45295 0
    endloop
  endfacet
  facet normal -0 0 -1
    outer loop
      vertex 54.4138 -4.45295 0
      vertex 38.9139 -43.38 0
      vertex 53.8375 -4.33834 0
    endloop
  endfacet
  facet normal 0 0 -1
    outer loop
      vertex 37.5 -42.4352 0
      vertex 53.8375 -4.33834 0
      vertex 38.9139 -43.38 0
    endloop
  endfacet
  facet normal -0 0 -1
    outer loop
      vertex 53.8375 -4.33834 0
      vertex 37.5 -42.4352 0
      vertex 53.8365 -4.33798 0
    endloop
  endfacet
  facet normal -0 0 -1
    outer loop
      vertex 53.8365 -4.33798 0
      vertex 37.5 -42.4352 0
      vertex 53.2812 -4.14949 0
    endloop
  endfacet
  facet normal 0 0 -1
    outer loop
      vertex 35.9749 -41.6831 0
      vertex 53.2812 -4.14949 0
      vertex 37.5 -42.4352 0
    endloop
  endfacet
  facet normal -0 0 -1
    outer loop
      vertex 53.2812 -4.14949 0
      vertex 35.9749 -41.6831 0
      vertex 52.7543 -3.88965 0
    endloop
  endfacet
  facet normal 0.991448 0.1305 -0
    outer loop
      vertex 89.2578 11.3 4
      vertex 88.892 14.0791 10
      vertex 89.2578 11.3 10
    endloop
  endfacet
  facet normal 0.991448 0.1305 0
    outer loop
      vertex 88.892 14.0791 10
      vertex 89.2578 11.3 4
      vertex 88.892 14.0791 0
    endloop
  endfacet
  facet normal 0.991441 0.130555 -0
    outer loop
      vertex 89.507 9.40756 0
      vertex 89.2578 11.3 4
      vertex 89.507 9.40756 4
    endloop
  endfacet
  facet normal 0.991445 0.130522 1.57671e-05
    outer loop
      vertex 89.2578 11.3 4
      vertex 89.507 9.40756 0
      vertex 88.892 14.0791 0
    endloop
  endfacet
  facet normal -0.958822 0.284009 0
    outer loop
      vertex -86.9333 23.2937 0
      vertex -85.5951 27.8115 10
      vertex -85.5951 27.8115 0
    endloop
  endfacet
  facet normal -0.958822 0.284009 0
    outer loop
      vertex -85.5951 27.8115 10
      vertex -86.9333 23.2937 0
      vertex -86.9333 23.2937 10
    endloop
  endfacet
  facet normal 0.878819 0.477155 0
    outer loop
      vertex 80.1906 40.8591 10
      vertex 77.9423 45 0
      vertex 77.9423 45 10
    endloop
  endfacet
  facet normal 0.878819 0.477155 0
    outer loop
      vertex 77.9423 45 0
      vertex 80.1906 40.8591 10
      vertex 80.1906 40.8591 0
    endloop
  endfacet
  facet normal -0.18224 0.983254 0
    outer loop
      vertex -14.0791 88.892 0
      vertex -18.7121 88.0333 10
      vertex -14.0791 88.892 10
    endloop
  endfacet
  facet normal -0.18224 0.983254 0
    outer loop
      vertex -18.7121 88.0333 10
      vertex -14.0791 88.892 0
      vertex -18.7121 88.0333 0
    endloop
  endfacet
  facet normal -0.983254 0.18224 0
    outer loop
      vertex -88.892 14.0791 0
      vertex -88.0333 18.7121 10
      vertex -88.0333 18.7121 0
    endloop
  endfacet
  facet normal -0.983254 0.18224 0
    outer loop
      vertex -88.0333 18.7121 10
      vertex -88.892 14.0791 0
      vertex -88.892 14.0791 10
    endloop
  endfacet
  facet normal -0.852633 -0.52251 0
    outer loop
      vertex -75.4803 -49.0175 0
      vertex -77.9423 -45 10
      vertex -77.9423 -45 0
    endloop
  endfacet
  facet normal -0.852633 -0.52251 0
    outer loop
      vertex -77.9423 -45 10
      vertex -75.4803 -49.0175 0
      vertex -75.4803 -49.0175 10
    endloop
  endfacet
  facet normal 0.923884 0.382674 0
    outer loop
      vertex 84.0222 32.2531 10
      vertex 82.2191 36.6063 0
      vertex 82.2191 36.6063 10
    endloop
  endfacet
  facet normal 0.923884 0.382674 0
    outer loop
      vertex 82.2191 36.6063 0
      vertex 84.0222 32.2531 10
      vertex 84.0222 32.2531 0
    endloop
  endfacet
  facet normal 0.878819 -0.477155 0
    outer loop
      vertex 77.9423 -45 10
      vertex 80.1906 -40.8591 0
      vertex 80.1906 -40.8591 10
    endloop
  endfacet
  facet normal 0.878819 -0.477155 0
    outer loop
      vertex 80.1906 -40.8591 0
      vertex 77.9423 -45 10
      vertex 77.9423 -45 0
    endloop
  endfacet
  facet normal -0.608766 -0.79335 0
    outer loop
      vertex -56.6388 -69.9431 10
      vertex -54.415 -71.6495 4
      vertex -54.415 -71.6495 10
    endloop
  endfacet
  facet normal -0.608766 -0.79335 0
    outer loop
      vertex -56.6388 -69.9431 0
      vertex -54.415 -71.6495 4
      vertex -56.6388 -69.9431 10
    endloop
  endfacet
  facet normal -0.608769 -0.793348 2.86939e-06
    outer loop
      vertex -52.9007 -72.8115 0
      vertex -54.415 -71.6495 4
      vertex -56.6388 -69.9431 0
    endloop
  endfacet
  facet normal -0.608774 -0.793344 0
    outer loop
      vertex -54.415 -71.6495 4
      vertex -52.9007 -72.8115 0
      vertex -52.9007 -72.8115 4
    endloop
  endfacet
  facet normal -0.972367 0.233456 0
    outer loop
      vertex -88.0333 18.7121 0
      vertex -86.9333 23.2937 10
      vertex -86.9333 23.2937 0
    endloop
  endfacet
  facet normal -0.972367 0.233456 0
    outer loop
      vertex -86.9333 23.2937 10
      vertex -88.0333 18.7121 0
      vertex -88.0333 18.7121 10
    endloop
  endfacet
  facet normal -0.824131 0.566399 0
    outer loop
      vertex -75.4803 49.0175 0
      vertex -72.8115 52.9007 10
      vertex -72.8115 52.9007 0
    endloop
  endfacet
  facet normal -0.824131 0.566399 0
    outer loop
      vertex -72.8115 52.9007 10
      vertex -75.4803 49.0175 0
      vertex -75.4803 49.0175 10
    endloop
  endfacet
  facet normal 0.942638 0.333816 0
    outer loop
      vertex 85.5951 27.8115 10
      vertex 84.0222 32.2531 0
      vertex 84.0222 32.2531 10
    endloop
  endfacet
  facet normal 0.942638 0.333816 0
    outer loop
      vertex 84.0222 32.2531 0
      vertex 85.5951 27.8115 10
      vertex 85.5951 27.8115 0
    endloop
  endfacet
  facet normal 0.649439 -0.760413 0
    outer loop
      vertex 56.6388 -69.9431 0
      vertex 60.2218 -66.883 10
      vertex 56.6388 -69.9431 10
    endloop
  endfacet
  facet normal 0.649439 -0.760413 0
    outer loop
      vertex 60.2218 -66.883 10
      vertex 56.6388 -69.9431 0
      vertex 60.2218 -66.883 0
    endloop
  endfacet
  facet normal -0.793348 0.608769 0
    outer loop
      vertex -72.8115 52.9007 0
      vertex -69.9431 56.6388 10
      vertex -69.9431 56.6388 0
    endloop
  endfacet
  facet normal -0.793348 0.608769 0
    outer loop
      vertex -69.9431 56.6388 10
      vertex -72.8115 52.9007 0
      vertex -72.8115 52.9007 10
    endloop
  endfacet
  facet normal -0.999658 -0.026168 0
    outer loop
      vertex -89.8767 -4.71024 0
      vertex -90 0 10
      vertex -90 0 0
    endloop
  endfacet
  facet normal -0.999658 -0.026168 0
    outer loop
      vertex -90 0 10
      vertex -89.8767 -4.71024 0
      vertex -89.8767 -4.71024 10
    endloop
  endfacet
  facet normal 0.18224 -0.983254 0
    outer loop
      vertex 14.0791 -88.892 0
      vertex 18.7121 -88.0333 10
      vertex 14.0791 -88.892 10
    endloop
  endfacet
  facet normal 0.18224 -0.983254 0
    outer loop
      vertex 18.7121 -88.0333 10
      vertex 14.0791 -88.892 0
      vertex 18.7121 -88.0333 0
    endloop
  endfacet
  facet normal 0.0784618 -0.996917 0
    outer loop
      vertex 4.71024 -89.8767 0
      vertex 9.40756 -89.507 10
      vertex 4.71024 -89.8767 10
    endloop
  endfacet
  facet normal 0.0784618 -0.996917 0
    outer loop
      vertex 9.40756 -89.507 10
      vertex 4.71024 -89.8767 0
      vertex 9.40756 -89.507 0
    endloop
  endfacet
  facet normal -0.52251 0.852633 0
    outer loop
      vertex -45 77.9423 0
      vertex -49.0175 75.4803 4
      vertex -45 77.9423 4
    endloop
  endfacet
  facet normal -0.52251 0.852633 0
    outer loop
      vertex -49.0175 75.4803 4
      vertex -45 77.9423 0
      vertex -49.0175 75.4803 0
    endloop
  endfacet
  facet normal 0.999658 0.026168 0
    outer loop
      vertex 90 0 4
      vertex 89.8767 4.71024 0
      vertex 89.8767 4.71024 4
    endloop
  endfacet
  facet normal 0.999658 0.026168 0
    outer loop
      vertex 89.8767 4.71024 0
      vertex 90 0 4
      vertex 90 0 0
    endloop
  endfacet
  facet normal -0.852633 0.52251 0
    outer loop
      vertex -77.9423 45 0
      vertex -75.4803 49.0175 10
      vertex -75.4803 49.0175 0
    endloop
  endfacet
  facet normal -0.852633 0.52251 0
    outer loop
      vertex -75.4803 49.0175 10
      vertex -77.9423 45 0
      vertex -77.9423 45 10
    endloop
  endfacet
  facet normal -0.923884 0.382674 0
    outer loop
      vertex -84.0222 32.2531 0
      vertex -82.2191 36.6063 10
      vertex -82.2191 36.6063 0
    endloop
  endfacet
  facet normal -0.923884 0.382674 0
    outer loop
      vertex -82.2191 36.6063 10
      vertex -84.0222 32.2531 0
      vertex -84.0222 32.2531 10
    endloop
  endfacet
  facet normal 0.130522 0.991445 -0
    outer loop
      vertex 14.0791 88.892 0
      vertex 9.40756 89.507 10
      vertex 14.0791 88.892 10
    endloop
  endfacet
  facet normal 0.130522 0.991445 0
    outer loop
      vertex 9.40756 89.507 10
      vertex 14.0791 88.892 0
      vertex 9.40756 89.507 0
    endloop
  endfacet
  facet normal 0.026168 -0.999658 0
    outer loop
      vertex 0 -90 0
      vertex 4.71024 -89.8767 10
      vertex 0 -90 10
    endloop
  endfacet
  facet normal 0.026168 -0.999658 0
    outer loop
      vertex 4.71024 -89.8767 10
      vertex 0 -90 0
      vertex 4.71024 -89.8767 0
    endloop
  endfacet
  facet normal 0.233456 0.972367 -0
    outer loop
      vertex 23.2937 86.9333 0
      vertex 18.7121 88.0333 10
      vertex 23.2937 86.9333 10
    endloop
  endfacet
  facet normal 0.233456 0.972367 0
    outer loop
      vertex 18.7121 88.0333 10
      vertex 23.2937 86.9333 0
      vertex 18.7121 88.0333 0
    endloop
  endfacet
  facet normal -0.130522 0.991445 0
    outer loop
      vertex -9.40756 89.507 0
      vertex -14.0791 88.892 10
      vertex -9.40756 89.507 10
    endloop
  endfacet
  facet normal -0.130522 0.991445 0
    outer loop
      vertex -14.0791 88.892 10
      vertex -9.40756 89.507 0
      vertex -14.0791 88.892 0
    endloop
  endfacet
  facet normal 0.477155 0.878819 -0
    outer loop
      vertex 45 77.9423 0
      vertex 40.8591 80.1906 10
      vertex 45 77.9423 10
    endloop
  endfacet
  facet normal 0.477155 0.878819 0
    outer loop
      vertex 40.8591 80.1906 10
      vertex 45 77.9423 0
      vertex 40.8591 80.1906 0
    endloop
  endfacet
  facet normal 0.284009 -0.958822 0
    outer loop
      vertex 23.2937 -86.9333 0
      vertex 27.8115 -85.5951 10
      vertex 23.2937 -86.9333 10
    endloop
  endfacet
  facet normal 0.284009 -0.958822 0
    outer loop
      vertex 27.8115 -85.5951 10
      vertex 23.2937 -86.9333 0
      vertex 27.8115 -85.5951 0
    endloop
  endfacet
  facet normal 0.923884 -0.382674 0
    outer loop
      vertex 82.2191 -36.6063 10
      vertex 84.0222 -32.2531 0
      vertex 84.0222 -32.2531 10
    endloop
  endfacet
  facet normal 0.923884 -0.382674 0
    outer loop
      vertex 84.0222 -32.2531 0
      vertex 82.2191 -36.6063 10
      vertex 82.2191 -36.6063 0
    endloop
  endfacet
  facet normal 0.793348 0.608769 0
    outer loop
      vertex 72.8115 52.9007 10
      vertex 69.9431 56.6388 0
      vertex 69.9431 56.6388 10
    endloop
  endfacet
  facet normal 0.793348 0.608769 0
    outer loop
      vertex 69.9431 56.6388 0
      vertex 72.8115 52.9007 10
      vertex 72.8115 52.9007 0
    endloop
  endfacet
  facet normal -0.649439 0.760413 0
    outer loop
      vertex -56.6388 69.9431 0
      vertex -60.2218 66.883 10
      vertex -56.6388 69.9431 10
    endloop
  endfacet
  facet normal -0.649439 0.760413 0
    outer loop
      vertex -60.2218 66.883 10
      vertex -56.6388 69.9431 0
      vertex -60.2218 66.883 0
    endloop
  endfacet
  facet normal 0.983254 0.18224 0
    outer loop
      vertex 88.892 14.0791 10
      vertex 88.0333 18.7121 0
      vertex 88.0333 18.7121 10
    endloop
  endfacet
  facet normal 0.983254 0.18224 0
    outer loop
      vertex 88.0333 18.7121 0
      vertex 88.892 14.0791 10
      vertex 88.892 14.0791 0
    endloop
  endfacet
  facet normal 0.983254 -0.18224 0
    outer loop
      vertex 88.0333 -18.7121 10
      vertex 88.892 -14.0791 0
      vertex 88.892 -14.0791 10
    endloop
  endfacet
  facet normal 0.983254 -0.18224 0
    outer loop
      vertex 88.892 -14.0791 0
      vertex 88.0333 -18.7121 10
      vertex 88.0333 -18.7121 0
    endloop
  endfacet
  facet normal 0.725371 -0.688358 0
    outer loop
      vertex 63.6396 -63.6396 10
      vertex 66.883 -60.2218 0
      vertex 66.883 -60.2218 10
    endloop
  endfacet
  facet normal 0.725371 -0.688358 0
    outer loop
      vertex 66.883 -60.2218 0
      vertex 63.6396 -63.6396 10
      vertex 63.6396 -63.6396 0
    endloop
  endfacet
  facet normal 0.902584 -0.430514 0
    outer loop
      vertex 80.1906 -40.8591 10
      vertex 82.2191 -36.6063 0
      vertex 82.2191 -36.6063 10
    endloop
  endfacet
  facet normal 0.902584 -0.430514 0
    outer loop
      vertex 82.2191 -36.6063 0
      vertex 80.1906 -40.8591 10
      vertex 80.1906 -40.8591 0
    endloop
  endfacet
  facet normal 0.566399 -0.824131 0
    outer loop
      vertex 49.0175 -75.4803 0
      vertex 52.9007 -72.8115 10
      vertex 49.0175 -75.4803 10
    endloop
  endfacet
  facet normal 0.566399 -0.824131 0
    outer loop
      vertex 52.9007 -72.8115 10
      vertex 49.0175 -75.4803 0
      vertex 52.9007 -72.8115 0
    endloop
  endfacet
  facet normal -0.688358 -0.725371 0
    outer loop
      vertex -63.6396 -63.6396 0
      vertex -60.2218 -66.883 10
      vertex -63.6396 -63.6396 10
    endloop
  endfacet
  facet normal -0.688358 -0.725371 -0
    outer loop
      vertex -60.2218 -66.883 10
      vertex -63.6396 -63.6396 0
      vertex -60.2218 -66.883 0
    endloop
  endfacet
  facet normal -0.793348 -0.608769 0
    outer loop
      vertex -69.9431 -56.6388 0
      vertex -72.8115 -52.9007 10
      vertex -72.8115 -52.9007 0
    endloop
  endfacet
  facet normal -0.793348 -0.608769 0
    outer loop
      vertex -72.8115 -52.9007 10
      vertex -69.9431 -56.6388 0
      vertex -69.9431 -56.6388 10
    endloop
  endfacet
  facet normal 0.972367 -0.233456 0
    outer loop
      vertex 86.9333 -23.2937 10
      vertex 88.0333 -18.7121 0
      vertex 88.0333 -18.7121 10
    endloop
  endfacet
  facet normal 0.972367 -0.233456 0
    outer loop
      vertex 88.0333 -18.7121 0
      vertex 86.9333 -23.2937 10
      vertex 86.9333 -23.2937 0
    endloop
  endfacet
  facet normal -0.52251 -0.852633 0
    outer loop
      vertex -49.0175 -75.4803 0
      vertex -45 -77.9423 4
      vertex -49.0175 -75.4803 4
    endloop
  endfacet
  facet normal -0.52251 -0.852633 -0
    outer loop
      vertex -45 -77.9423 4
      vertex -49.0175 -75.4803 0
      vertex -45 -77.9423 0
    endloop
  endfacet
  facet normal -0.608774 0.793344 0
    outer loop
      vertex -52.9007 72.8115 4
      vertex -52.9007 72.8115 0
      vertex -54.415 71.6495 4
    endloop
  endfacet
  facet normal -0.608766 0.79335 0
    outer loop
      vertex -54.415 71.6495 4
      vertex -56.6388 69.9431 10
      vertex -54.415 71.6495 10
    endloop
  endfacet
  facet normal -0.608766 0.79335 0
    outer loop
      vertex -54.415 71.6495 4
      vertex -56.6388 69.9431 0
      vertex -56.6388 69.9431 10
    endloop
  endfacet
  facet normal -0.608769 0.793348 2.86939e-06
    outer loop
      vertex -56.6388 69.9431 0
      vertex -54.415 71.6495 4
      vertex -52.9007 72.8115 0
    endloop
  endfacet
  facet normal -0.18224 -0.983254 0
    outer loop
      vertex -18.7121 -88.0333 0
      vertex -14.0791 -88.892 10
      vertex -18.7121 -88.0333 10
    endloop
  endfacet
  facet normal -0.18224 -0.983254 -0
    outer loop
      vertex -14.0791 -88.892 10
      vertex -18.7121 -88.0333 0
      vertex -14.0791 -88.892 0
    endloop
  endfacet
  facet normal 0.52251 0.852633 -0
    outer loop
      vertex 49.0175 75.4803 0
      vertex 45 77.9423 10
      vertex 49.0175 75.4803 10
    endloop
  endfacet
  facet normal 0.52251 0.852633 0
    outer loop
      vertex 45 77.9423 10
      vertex 49.0175 75.4803 0
      vertex 45 77.9423 0
    endloop
  endfacet
  facet normal -0.382687 -0.923878 0
    outer loop
      vertex -34.8428 -82.9495 4
      vertex -32.2531 -84.0222 10
      vertex -34.8428 -82.9495 10
    endloop
  endfacet
  facet normal -0.382687 -0.923878 0
    outer loop
      vertex -34.8428 -82.9495 4
      vertex -32.2531 -84.0222 0
      vertex -32.2531 -84.0222 10
    endloop
  endfacet
  facet normal -0.382674 -0.923884 1.00582e-05
    outer loop
      vertex -32.2531 -84.0222 0
      vertex -34.8428 -82.9495 4
      vertex -36.6063 -82.2191 0
    endloop
  endfacet
  facet normal -0.382654 -0.923892 -0
    outer loop
      vertex -36.6063 -82.2191 4
      vertex -36.6063 -82.2191 0
      vertex -34.8428 -82.9495 4
    endloop
  endfacet
  facet normal -0.026168 -0.999658 0
    outer loop
      vertex -4.71024 -89.8767 0
      vertex 0 -90 10
      vertex -4.71024 -89.8767 10
    endloop
  endfacet
  facet normal -0.026168 -0.999658 -0
    outer loop
      vertex 0 -90 10
      vertex -4.71024 -89.8767 0
      vertex 0 -90 0
    endloop
  endfacet
  facet normal -0.233456 -0.972367 0
    outer loop
      vertex -23.2937 -86.9333 0
      vertex -18.7121 -88.0333 10
      vertex -23.2937 -86.9333 10
    endloop
  endfacet
  facet normal -0.233456 -0.972367 -0
    outer loop
      vertex -18.7121 -88.0333 10
      vertex -23.2937 -86.9333 0
      vertex -18.7121 -88.0333 0
    endloop
  endfacet
  facet normal 0.688358 -0.725371 0
    outer loop
      vertex 60.2218 -66.883 0
      vertex 63.6396 -63.6396 10
      vertex 60.2218 -66.883 10
    endloop
  endfacet
  facet normal 0.688358 -0.725371 0
    outer loop
      vertex 63.6396 -63.6396 10
      vertex 60.2218 -66.883 0
      vertex 63.6396 -63.6396 0
    endloop
  endfacet
  facet normal -0.566399 -0.824131 0
    outer loop
      vertex -52.9007 -72.8115 0
      vertex -49.0175 -75.4803 4
      vertex -52.9007 -72.8115 4
    endloop
  endfacet
  facet normal -0.566399 -0.824131 -0
    outer loop
      vertex -49.0175 -75.4803 4
      vertex -52.9007 -72.8115 0
      vertex -49.0175 -75.4803 0
    endloop
  endfacet
  facet normal -0.942638 0.333816 0
    outer loop
      vertex -85.5951 27.8115 0
      vertex -84.0222 32.2531 10
      vertex -84.0222 32.2531 0
    endloop
  endfacet
  facet normal -0.942638 0.333816 0
    outer loop
      vertex -84.0222 32.2531 10
      vertex -85.5951 27.8115 0
      vertex -85.5951 27.8115 10
    endloop
  endfacet
  facet normal -0.333816 -0.942638 0
    outer loop
      vertex -32.2531 -84.0222 0
      vertex -27.8115 -85.5951 10
      vertex -32.2531 -84.0222 10
    endloop
  endfacet
  facet normal -0.333816 -0.942638 -0
    outer loop
      vertex -27.8115 -85.5951 10
      vertex -32.2531 -84.0222 0
      vertex -27.8115 -85.5951 0
    endloop
  endfacet
  facet normal -0.130522 -0.991445 0
    outer loop
      vertex -14.0791 -88.892 0
      vertex -9.40756 -89.507 10
      vertex -14.0791 -88.892 10
    endloop
  endfacet
  facet normal -0.130522 -0.991445 -0
    outer loop
      vertex -9.40756 -89.507 10
      vertex -14.0791 -88.892 0
      vertex -9.40756 -89.507 0
    endloop
  endfacet
  facet normal -0.649439 -0.760413 0
    outer loop
      vertex -60.2218 -66.883 0
      vertex -56.6388 -69.9431 10
      vertex -60.2218 -66.883 10
    endloop
  endfacet
  facet normal -0.649439 -0.760413 -0
    outer loop
      vertex -56.6388 -69.9431 10
      vertex -60.2218 -66.883 0
      vertex -56.6388 -69.9431 0
    endloop
  endfacet
  facet normal 0.333816 0.942638 -0
    outer loop
      vertex 32.2531 84.0222 0
      vertex 27.8115 85.5951 10
      vertex 32.2531 84.0222 10
    endloop
  endfacet
  facet normal 0.333816 0.942638 0
    outer loop
      vertex 27.8115 85.5951 10
      vertex 32.2531 84.0222 0
      vertex 27.8115 85.5951 0
    endloop
  endfacet
  facet normal -0.958822 -0.284009 0
    outer loop
      vertex -85.5951 -27.8115 0
      vertex -86.9333 -23.2937 10
      vertex -86.9333 -23.2937 0
    endloop
  endfacet
  facet normal -0.958822 -0.284009 0
    outer loop
      vertex -86.9333 -23.2937 10
      vertex -85.5951 -27.8115 0
      vertex -85.5951 -27.8115 10
    endloop
  endfacet
  facet normal 0.566399 0.824131 -0
    outer loop
      vertex 52.9007 72.8115 0
      vertex 49.0175 75.4803 10
      vertex 52.9007 72.8115 10
    endloop
  endfacet
  facet normal 0.566399 0.824131 0
    outer loop
      vertex 49.0175 75.4803 10
      vertex 52.9007 72.8115 0
      vertex 49.0175 75.4803 0
    endloop
  endfacet
  facet normal 0.18224 0.983254 -0
    outer loop
      vertex 18.7121 88.0333 0
      vertex 14.0791 88.892 10
      vertex 18.7121 88.0333 10
    endloop
  endfacet
  facet normal 0.18224 0.983254 0
    outer loop
      vertex 14.0791 88.892 10
      vertex 18.7121 88.0333 0
      vertex 14.0791 88.892 0
    endloop
  endfacet
  facet normal -0.233456 0.972367 0
    outer loop
      vertex -18.7121 88.0333 0
      vertex -23.2937 86.9333 10
      vertex -18.7121 88.0333 10
    endloop
  endfacet
  facet normal -0.233456 0.972367 0
    outer loop
      vertex -23.2937 86.9333 10
      vertex -18.7121 88.0333 0
      vertex -23.2937 86.9333 0
    endloop
  endfacet
  facet normal -0.999658 0.026168 0
    outer loop
      vertex -90 0 0
      vertex -89.8767 4.71024 10
      vertex -89.8767 4.71024 0
    endloop
  endfacet
  facet normal -0.999658 0.026168 0
    outer loop
      vertex -89.8767 4.71024 10
      vertex -90 0 0
      vertex -90 0 10
    endloop
  endfacet
  facet normal 0.824131 0.566399 0
    outer loop
      vertex 75.4803 49.0175 10
      vertex 72.8115 52.9007 0
      vertex 72.8115 52.9007 10
    endloop
  endfacet
  facet normal 0.824131 0.566399 0
    outer loop
      vertex 72.8115 52.9007 0
      vertex 75.4803 49.0175 10
      vertex 75.4803 49.0175 0
    endloop
  endfacet
  facet normal -0.725371 -0.688358 0
    outer loop
      vertex -63.6396 -63.6396 0
      vertex -66.883 -60.2218 10
      vertex -66.883 -60.2218 0
    endloop
  endfacet
  facet normal -0.725371 -0.688358 0
    outer loop
      vertex -66.883 -60.2218 10
      vertex -63.6396 -63.6396 0
      vertex -63.6396 -63.6396 10
    endloop
  endfacet
  facet normal -0.824131 -0.566399 0
    outer loop
      vertex -72.8115 -52.9007 0
      vertex -75.4803 -49.0175 10
      vertex -75.4803 -49.0175 0
    endloop
  endfacet
  facet normal -0.824131 -0.566399 0
    outer loop
      vertex -75.4803 -49.0175 10
      vertex -72.8115 -52.9007 0
      vertex -72.8115 -52.9007 10
    endloop
  endfacet
  facet normal 0.972367 0.233456 0
    outer loop
      vertex 88.0333 18.7121 10
      vertex 86.9333 23.2937 0
      vertex 86.9333 23.2937 10
    endloop
  endfacet
  facet normal 0.972367 0.233456 0
    outer loop
      vertex 86.9333 23.2937 0
      vertex 88.0333 18.7121 10
      vertex 88.0333 18.7121 0
    endloop
  endfacet
  facet normal -0.477155 -0.878819 0
    outer loop
      vertex -45 -77.9423 0
      vertex -40.8591 -80.1906 4
      vertex -45 -77.9423 4
    endloop
  endfacet
  facet normal -0.477155 -0.878819 -0
    outer loop
      vertex -40.8591 -80.1906 4
      vertex -45 -77.9423 0
      vertex -40.8591 -80.1906 0
    endloop
  endfacet
  facet normal -0.0784618 0.996917 0
    outer loop
      vertex -4.71024 89.8767 0
      vertex -9.40756 89.507 10
      vertex -4.71024 89.8767 10
    endloop
  endfacet
  facet normal -0.0784618 0.996917 0
    outer loop
      vertex -9.40756 89.507 10
      vertex -4.71024 89.8767 0
      vertex -9.40756 89.507 0
    endloop
  endfacet
  facet normal -0.026168 0.999658 0
    outer loop
      vertex 0 90 0
      vertex -4.71024 89.8767 10
      vertex 0 90 10
    endloop
  endfacet
  facet normal -0.026168 0.999658 0
    outer loop
      vertex -4.71024 89.8767 10
      vertex 0 90 0
      vertex -4.71024 89.8767 0
    endloop
  endfacet
  facet normal 0.382674 0.923884 -0
    outer loop
      vertex 36.6063 82.2191 0
      vertex 32.2531 84.0222 10
      vertex 36.6063 82.2191 10
    endloop
  endfacet
  facet normal 0.382674 0.923884 0
    outer loop
      vertex 32.2531 84.0222 10
      vertex 36.6063 82.2191 0
      vertex 32.2531 84.0222 0
    endloop
  endfacet
  facet normal -0.878819 -0.477155 0
    outer loop
      vertex -77.9423 -45 0
      vertex -80.1906 -40.8591 10
      vertex -80.1906 -40.8591 0
    endloop
  endfacet
  facet normal -0.878819 -0.477155 0
    outer loop
      vertex -80.1906 -40.8591 10
      vertex -77.9423 -45 0
      vertex -77.9423 -45 10
    endloop
  endfacet
  facet normal -0.942638 -0.333816 0
    outer loop
      vertex -84.0222 -32.2531 0
      vertex -85.5951 -27.8115 10
      vertex -85.5951 -27.8115 0
    endloop
  endfacet
  facet normal -0.942638 -0.333816 0
    outer loop
      vertex -85.5951 -27.8115 10
      vertex -84.0222 -32.2531 0
      vertex -84.0222 -32.2531 10
    endloop
  endfacet
  facet normal -0.972367 -0.233456 0
    outer loop
      vertex -86.9333 -23.2937 0
      vertex -88.0333 -18.7121 10
      vertex -88.0333 -18.7121 0
    endloop
  endfacet
  facet normal -0.972367 -0.233456 0
    outer loop
      vertex -88.0333 -18.7121 10
      vertex -86.9333 -23.2937 0
      vertex -86.9333 -23.2937 10
    endloop
  endfacet
  facet normal -0.284009 -0.958822 0
    outer loop
      vertex -27.8115 -85.5951 0
      vertex -23.2937 -86.9333 10
      vertex -27.8115 -85.5951 10
    endloop
  endfacet
  facet normal -0.284009 -0.958822 -0
    outer loop
      vertex -23.2937 -86.9333 10
      vertex -27.8115 -85.5951 0
      vertex -23.2937 -86.9333 0
    endloop
  endfacet
  facet normal -0.991445 -0.130522 0
    outer loop
      vertex -88.892 -14.0791 0
      vertex -89.507 -9.40756 10
      vertex -89.507 -9.40756 0
    endloop
  endfacet
  facet normal -0.991445 -0.130522 0
    outer loop
      vertex -89.507 -9.40756 10
      vertex -88.892 -14.0791 0
      vertex -88.892 -14.0791 10
    endloop
  endfacet
  facet normal -0.983254 -0.18224 0
    outer loop
      vertex -88.0333 -18.7121 0
      vertex -88.892 -14.0791 10
      vertex -88.892 -14.0791 0
    endloop
  endfacet
  facet normal -0.983254 -0.18224 0
    outer loop
      vertex -88.892 -14.0791 10
      vertex -88.0333 -18.7121 0
      vertex -88.0333 -18.7121 10
    endloop
  endfacet
  facet normal -0.996917 -0.0784618 0
    outer loop
      vertex -89.507 -9.40756 0
      vertex -89.8767 -4.71024 10
      vertex -89.8767 -4.71024 0
    endloop
  endfacet
  facet normal -0.996917 -0.0784618 0
    outer loop
      vertex -89.8767 -4.71024 10
      vertex -89.507 -9.40756 0
      vertex -89.507 -9.40756 10
    endloop
  endfacet
  facet normal 0.902584 0.430514 0
    outer loop
      vertex 82.2191 36.6063 10
      vertex 80.1906 40.8591 0
      vertex 80.1906 40.8591 10
    endloop
  endfacet
  facet normal 0.902584 0.430514 0
    outer loop
      vertex 80.1906 40.8591 0
      vertex 82.2191 36.6063 10
      vertex 82.2191 36.6063 0
    endloop
  endfacet
  facet normal -0.333816 0.942638 0
    outer loop
      vertex -27.8115 85.5951 0
      vertex -32.2531 84.0222 10
      vertex -27.8115 85.5951 10
    endloop
  endfacet
  facet normal -0.333816 0.942638 0
    outer loop
      vertex -32.2531 84.0222 10
      vertex -27.8115 85.5951 0
      vertex -32.2531 84.0222 0
    endloop
  endfacet
  facet normal -0.430514 0.902584 0
    outer loop
      vertex -36.6063 82.2191 0
      vertex -40.8591 80.1906 4
      vertex -36.6063 82.2191 4
    endloop
  endfacet
  facet normal -0.430514 0.902584 0
    outer loop
      vertex -40.8591 80.1906 4
      vertex -36.6063 82.2191 0
      vertex -40.8591 80.1906 0
    endloop
  endfacet
  facet normal 0.233456 -0.972367 0
    outer loop
      vertex 18.7121 -88.0333 0
      vertex 23.2937 -86.9333 10
      vertex 18.7121 -88.0333 10
    endloop
  endfacet
  facet normal 0.233456 -0.972367 0
    outer loop
      vertex 23.2937 -86.9333 10
      vertex 18.7121 -88.0333 0
      vertex 23.2937 -86.9333 0
    endloop
  endfacet
  facet normal 0.649439 0.760413 -0
    outer loop
      vertex 60.2218 66.883 0
      vertex 56.6388 69.9431 10
      vertex 60.2218 66.883 10
    endloop
  endfacet
  facet normal 0.649439 0.760413 0
    outer loop
      vertex 56.6388 69.9431 10
      vertex 60.2218 66.883 0
      vertex 56.6388 69.9431 0
    endloop
  endfacet
  facet normal 0.688358 0.725371 -0
    outer loop
      vertex 63.6396 63.6396 0
      vertex 60.2218 66.883 10
      vertex 63.6396 63.6396 10
    endloop
  endfacet
  facet normal 0.688358 0.725371 0
    outer loop
      vertex 60.2218 66.883 10
      vertex 63.6396 63.6396 0
      vertex 60.2218 66.883 0
    endloop
  endfacet
  facet normal -0.760413 -0.649439 0
    outer loop
      vertex -66.883 -60.2218 0
      vertex -69.9431 -56.6388 10
      vertex -69.9431 -56.6388 0
    endloop
  endfacet
  facet normal -0.760413 -0.649439 0
    outer loop
      vertex -69.9431 -56.6388 10
      vertex -66.883 -60.2218 0
      vertex -66.883 -60.2218 10
    endloop
  endfacet
  facet normal -0.878819 0.477155 0
    outer loop
      vertex -80.1906 40.8591 0
      vertex -77.9423 45 10
      vertex -77.9423 45 0
    endloop
  endfacet
  facet normal -0.878819 0.477155 0
    outer loop
      vertex -77.9423 45 10
      vertex -80.1906 40.8591 0
      vertex -80.1906 40.8591 10
    endloop
  endfacet
  facet normal 0 0 1
    outer loop
      vertex 63.6396 63.6396 10
      vertex 43.8888 55.3904 10
      vertex 44 53.6936 10
    endloop
  endfacet
  facet normal 0 0 1
    outer loop
      vertex 49.0175 75.4803 10
      vertex 43.557 57.0582 10
      vertex 43.8888 55.3904 10
    endloop
  endfacet
  facet normal 0 0 1
    outer loop
      vertex 49.0175 75.4803 10
      vertex 43.0104 58.6685 10
      vertex 43.557 57.0582 10
    endloop
  endfacet
  facet normal 0 0 1
    outer loop
      vertex 49.0175 75.4803 10
      vertex 42.2583 60.1936 10
      vertex 43.0104 58.6685 10
    endloop
  endfacet
  facet normal 0 0 1
    outer loop
      vertex 49.0175 75.4803 10
      vertex 41.3136 61.6075 10
      vertex 42.2583 60.1936 10
    endloop
  endfacet
  facet normal 0 0 1
    outer loop
      vertex 35.9749 65.704 10
      vertex 45 77.9423 10
      vertex 40.8591 80.1906 10
    endloop
  endfacet
  facet normal 0 0 1
    outer loop
      vertex 49.0175 75.4803 10
      vertex 40.1924 62.886 10
      vertex 41.3136 61.6075 10
    endloop
  endfacet
  facet normal 0 0 1
    outer loop
      vertex 49.0175 75.4803 10
      vertex 38.9139 64.0072 10
      vertex 40.1924 62.886 10
    endloop
  endfacet
  facet normal 0 0 1
    outer loop
      vertex 45 77.9423 10
      vertex 37.5 64.9519 10
      vertex 38.9139 64.0072 10
    endloop
  endfacet
  facet normal 0 0 1
    outer loop
      vertex 34.3646 66.2506 10
      vertex 40.8591 80.1906 10
      vertex 36.6063 82.2191 10
    endloop
  endfacet
  facet normal 0 0 1
    outer loop
      vertex 45 77.9423 10
      vertex 35.9749 65.704 10
      vertex 37.5 64.9519 10
    endloop
  endfacet
  facet normal 0 0 1
    outer loop
      vertex 40.8591 80.1906 10
      vertex 34.3646 66.2506 10
      vertex 35.9749 65.704 10
    endloop
  endfacet
  facet normal 0 0 1
    outer loop
      vertex 36.6063 82.2191 10
      vertex 32.6968 66.5824 10
      vertex 34.3646 66.2506 10
    endloop
  endfacet
  facet normal 0 0 1
    outer loop
      vertex 31 66.6936 10
      vertex 36.6063 82.2191 10
      vertex 32.2531 84.0222 10
    endloop
  endfacet
  facet normal 0 0 1
    outer loop
      vertex 36.6063 82.2191 10
      vertex 31 66.6936 10
      vertex 32.6968 66.5824 10
    endloop
  endfacet
  facet normal 0 0 1
    outer loop
      vertex 32.2531 84.0222 10
      vertex 29.3032 66.5824 10
      vertex 31 66.6936 10
    endloop
  endfacet
  facet normal 0 0 1
    outer loop
      vertex 27.8115 85.5951 10
      vertex 29.3032 66.5824 10
      vertex 32.2531 84.0222 10
    endloop
  endfacet
  facet normal 0 0 1
    outer loop
      vertex 27.8115 85.5951 10
      vertex 27.6354 66.2506 10
      vertex 29.3032 66.5824 10
    endloop
  endfacet
  facet normal 0 0 1
    outer loop
      vertex 27.8115 85.5951 10
      vertex 26.0251 65.704 10
      vertex 27.6354 66.2506 10
    endloop
  endfacet
  facet normal 0 0 1
    outer loop
      vertex 23.2937 86.9333 10
      vertex 26.0251 65.704 10
      vertex 27.8115 85.5951 10
    endloop
  endfacet
  facet normal 0 0 1
    outer loop
      vertex 26.0251 65.704 10
      vertex 23.2937 86.9333 10
      vertex 24.5 64.9519 10
    endloop
  endfacet
  facet normal 0 0 1
    outer loop
      vertex 18.7121 88.0333 10
      vertex 24.5 64.9519 10
      vertex 23.2937 86.9333 10
    endloop
  endfacet
  facet normal 0 0 1
    outer loop
      vertex 24.5 64.9519 10
      vertex 18.7121 88.0333 10
      vertex 23.0861 64.0072 10
    endloop
  endfacet
  facet normal 0 0 1
    outer loop
      vertex 14.0791 88.892 10
      vertex 23.0861 64.0072 10
      vertex 18.7121 88.0333 10
    endloop
  endfacet
  facet normal 0 0 1
    outer loop
      vertex 23.0861 64.0072 10
      vertex 14.0791 88.892 10
      vertex 21.8076 62.886 10
    endloop
  endfacet
  facet normal 0 0 1
    outer loop
      vertex 9.40756 89.507 10
      vertex 21.8076 62.886 10
      vertex 14.0791 88.892 10
    endloop
  endfacet
  facet normal 0 0 1
    outer loop
      vertex 21.8076 62.886 10
      vertex 9.40756 89.507 10
      vertex 20.6864 61.6075 10
    endloop
  endfacet
  facet normal 0 0 1
    outer loop
      vertex 4.71024 89.8767 10
      vertex 20.6864 61.6075 10
      vertex 9.40756 89.507 10
    endloop
  endfacet
  facet normal 0 0 1
    outer loop
      vertex 20.6864 61.6075 10
      vertex 4.71024 89.8767 10
      vertex 19.7417 60.1936 10
    endloop
  endfacet
  facet normal 0 0 1
    outer loop
      vertex 0 90 10
      vertex 19.7417 60.1936 10
      vertex 4.71024 89.8767 10
    endloop
  endfacet
  facet normal -0 0 1
    outer loop
      vertex 17.2397 -26.1204 10
      vertex 27.6354 -41.1365 10
      vertex 17.2403 -26.1195 10
    endloop
  endfacet
  facet normal 0 0 1
    outer loop
      vertex 18.1112 51.9967 10
      vertex 17.7097 24.736 10
      vertex 17.7416 24.2487 10
    endloop
  endfacet
  facet normal 0 0 1
    outer loop
      vertex 18.1112 51.9967 10
      vertex 17.7096 24.7371 10
      vertex 17.7097 24.736 10
    endloop
  endfacet
  facet normal 0 0 1
    outer loop
      vertex 18.1112 51.9967 10
      vertex 17.6143 25.216 10
      vertex 17.7096 24.7371 10
    endloop
  endfacet
  facet normal 0 0 1
    outer loop
      vertex 18.1112 51.9967 10
      vertex 17.6141 25.2171 10
      vertex 17.6143 25.216 10
    endloop
  endfacet
  facet normal 0 0 1
    outer loop
      vertex 18.1112 51.9967 10
      vertex 17.6137 25.2182 10
      vertex 17.6141 25.2171 10
    endloop
  endfacet
  facet normal 0 0 1
    outer loop
      vertex 18.1112 51.9967 10
      vertex 17.4568 25.6806 10
      vertex 17.6137 25.2182 10
    endloop
  endfacet
  facet normal 0 0 1
    outer loop
      vertex 18.1112 51.9967 10
      vertex 17.4563 25.6816 10
      vertex 17.4568 25.6806 10
    endloop
  endfacet
  facet normal 0 0 1
    outer loop
      vertex 18.1112 51.9967 10
      vertex 17.2403 26.1195 10
      vertex 17.4563 25.6816 10
    endloop
  endfacet
  facet normal 0 0 1
    outer loop
      vertex 19.7417 60.1936 10
      vertex 0 90 10
      vertex 18.9896 58.6685 10
    endloop
  endfacet
  facet normal 0 0 1
    outer loop
      vertex 18.1112 51.9967 10
      vertex 17.2397 26.1204 10
      vertex 17.2403 26.1195 10
    endloop
  endfacet
  facet normal 0 0 1
    outer loop
      vertex 18.1112 51.9967 10
      vertex 16.9684 26.5264 10
      vertex 17.2397 26.1204 10
    endloop
  endfacet
  facet normal 0 0 1
    outer loop
      vertex 18.1112 51.9967 10
      vertex 16.6464 26.8936 10
      vertex 16.9684 26.5264 10
    endloop
  endfacet
  facet normal 0 0 1
    outer loop
      vertex 18.1112 51.9967 10
      vertex 16.6457 26.8944 10
      vertex 16.6464 26.8936 10
    endloop
  endfacet
  facet normal 0 0 1
    outer loop
      vertex 18.1112 51.9967 10
      vertex 16.6449 26.8952 10
      vertex 16.6457 26.8944 10
    endloop
  endfacet
  facet normal 0 0 1
    outer loop
      vertex 18.1112 51.9967 10
      vertex 16.2777 27.2171 10
      vertex 16.6449 26.8952 10
    endloop
  endfacet
  facet normal 0 0 1
    outer loop
      vertex 18.1112 51.9967 10
      vertex 15.8717 27.4884 10
      vertex 16.2777 27.2171 10
    endloop
  endfacet
  facet normal 0 0 1
    outer loop
      vertex 18.1112 51.9967 10
      vertex 15.8708 27.489 10
      vertex 15.8717 27.4884 10
    endloop
  endfacet
  facet normal 0 0 1
    outer loop
      vertex 18.1112 51.9967 10
      vertex 15.8698 27.4895 10
      vertex 15.8708 27.489 10
    endloop
  endfacet
  facet normal 0 0 1
    outer loop
      vertex 18.1112 51.9967 10
      vertex 15.4318 27.7055 10
      vertex 15.8698 27.4895 10
    endloop
  endfacet
  facet normal 0 0 1
    outer loop
      vertex 18.1112 51.9967 10
      vertex 14.9695 27.8624 10
      vertex 15.4318 27.7055 10
    endloop
  endfacet
  facet normal 0 0 1
    outer loop
      vertex 18.1112 51.9967 10
      vertex 14.9684 27.8628 10
      vertex 14.9695 27.8624 10
    endloop
  endfacet
  facet normal 0 0 1
    outer loop
      vertex 18.1112 51.9967 10
      vertex 14.9673 27.863 10
      vertex 14.9684 27.8628 10
    endloop
  endfacet
  facet normal 0 0 1
    outer loop
      vertex 18.1112 51.9967 10
      vertex 14.4884 27.9583 10
      vertex 14.9673 27.863 10
    endloop
  endfacet
  facet normal -0 0 1
    outer loop
      vertex -4.71024 89.8767 10
      vertex 18.9896 58.6685 10
      vertex 0 90 10
    endloop
  endfacet
  facet normal 0 0 1
    outer loop
      vertex 18.1112 51.9967 10
      vertex 14.0011 27.9902 10
      vertex 14.4884 27.9583 10
    endloop
  endfacet
  facet normal 0 0 1
    outer loop
      vertex 18.1112 51.9967 10
      vertex 14 27.9903 10
      vertex 14.0011 27.9902 10
    endloop
  endfacet
  facet normal 0 0 1
    outer loop
      vertex 18.1112 51.9967 10
      vertex -10.2139 40.291 10
      vertex 12.5682 27.7055 10
    endloop
  endfacet
  facet normal 0 0 1
    outer loop
      vertex 18.1112 51.9967 10
      vertex 13.5128 27.9584 10
      vertex 14 27.9903 10
    endloop
  endfacet
  facet normal 0 0 1
    outer loop
      vertex 18.1112 51.9967 10
      vertex 13.5116 27.9583 10
      vertex 13.5128 27.9584 10
    endloop
  endfacet
  facet normal 0 0 1
    outer loop
      vertex 18.1112 51.9967 10
      vertex 13.0327 27.863 10
      vertex 13.5116 27.9583 10
    endloop
  endfacet
  facet normal 0 0 1
    outer loop
      vertex 18.1112 51.9967 10
      vertex 13.0316 27.8628 10
      vertex 13.0327 27.863 10
    endloop
  endfacet
  facet normal 0 0 1
    outer loop
      vertex 18.1112 51.9967 10
      vertex 13.0305 27.8624 10
      vertex 13.0316 27.8628 10
    endloop
  endfacet
  facet normal 0 0 1
    outer loop
      vertex 18.1112 51.9967 10
      vertex 12.5682 27.7055 10
      vertex 13.0305 27.8624 10
    endloop
  endfacet
  facet normal 0 0 1
    outer loop
      vertex 12.5682 27.7055 10
      vertex -10.2139 40.291 10
      vertex 12.5671 27.705 10
    endloop
  endfacet
  facet normal 0 0 1
    outer loop
      vertex 12.5671 27.705 10
      vertex -10.2139 40.291 10
      vertex 12.1292 27.489 10
    endloop
  endfacet
  facet normal 0 0 1
    outer loop
      vertex 12.1292 27.489 10
      vertex -10.2139 40.291 10
      vertex 12.1283 27.4884 10
    endloop
  endfacet
  facet normal 0 0 1
    outer loop
      vertex 12.1283 27.4884 10
      vertex -10.2139 40.291 10
      vertex 11.7223 27.2171 10
    endloop
  endfacet
  facet normal 0 0 1
    outer loop
      vertex 11.7223 27.2171 10
      vertex -10.2139 40.291 10
      vertex 11.3551 26.8952 10
    endloop
  endfacet
  facet normal 0 0 1
    outer loop
      vertex 11.3551 26.8952 10
      vertex -10.2139 40.291 10
      vertex 11.3543 26.8944 10
    endloop
  endfacet
  facet normal 0 0 1
    outer loop
      vertex 11.3543 26.8944 10
      vertex -10.2139 40.291 10
      vertex 11.3536 26.8936 10
    endloop
  endfacet
  facet normal 0 0 1
    outer loop
      vertex 11.3536 26.8936 10
      vertex -10.2139 40.291 10
      vertex 11.0316 26.5264 10
    endloop
  endfacet
  facet normal 0 0 1
    outer loop
      vertex 11.0316 26.5264 10
      vertex -10.2139 40.291 10
      vertex 10.7603 26.1204 10
    endloop
  endfacet
  facet normal 0 0 1
    outer loop
      vertex 10.7603 26.1204 10
      vertex -10.2139 40.291 10
      vertex 10.7597 26.1195 10
    endloop
  endfacet
  facet normal 0 0 1
    outer loop
      vertex 10.7597 26.1195 10
      vertex -10.2139 40.291 10
      vertex 10.7592 26.1185 10
    endloop
  endfacet
  facet normal 0 0 1
    outer loop
      vertex 10.7592 26.1185 10
      vertex -10.2139 40.291 10
      vertex 10.5432 25.6806 10
    endloop
  endfacet
  facet normal 0 0 1
    outer loop
      vertex 10.5432 25.6806 10
      vertex -10.2139 40.291 10
      vertex 10.3863 25.2182 10
    endloop
  endfacet
  facet normal 0 0 1
    outer loop
      vertex 10.3863 25.2182 10
      vertex -10.2139 40.291 10
      vertex 10.3859 25.2171 10
    endloop
  endfacet
  facet normal 0 0 1
    outer loop
      vertex 10.3859 25.2171 10
      vertex -10.2139 40.291 10
      vertex 10.3857 25.216 10
    endloop
  endfacet
  facet normal 0 0 1
    outer loop
      vertex 10.3857 25.216 10
      vertex -10.2139 40.291 10
      vertex 10.2904 24.7371 10
    endloop
  endfacet
  facet normal 0 0 1
    outer loop
      vertex 10.2904 24.7371 10
      vertex -10.2139 40.291 10
      vertex 10.2585 24.2498 10
    endloop
  endfacet
  facet normal 0 0 1
    outer loop
      vertex 10.2585 24.2498 10
      vertex -10.2139 40.291 10
      vertex 10.2584 24.2487 10
    endloop
  endfacet
  facet normal 0 0 1
    outer loop
      vertex 18.9896 58.6685 10
      vertex -4.71024 89.8767 10
      vertex 18.443 57.0582 10
    endloop
  endfacet
  facet normal 0 0 1
    outer loop
      vertex 40 11.3 10
      vertex 88.892 14.0791 10
      vertex 88.0333 18.7121 10
    endloop
  endfacet
  facet normal 0 0 1
    outer loop
      vertex 40 11.3 10
      vertex 88.0333 18.7121 10
      vertex 86.9333 23.2937 10
    endloop
  endfacet
  facet normal 0 0 1
    outer loop
      vertex 40 11.3 10
      vertex 86.9333 23.2937 10
      vertex 85.5951 27.8115 10
    endloop
  endfacet
  facet normal 0 0 1
    outer loop
      vertex 40 11.3 10
      vertex 85.5951 27.8115 10
      vertex 84.0222 32.2531 10
    endloop
  endfacet
  facet normal 0 0 1
    outer loop
      vertex 40 11.3 10
      vertex 84.0222 32.2531 10
      vertex 82.2191 36.6063 10
    endloop
  endfacet
  facet normal 0 0 1
    outer loop
      vertex 40 11.3 10
      vertex 82.2191 36.6063 10
      vertex 80.1906 40.8591 10
    endloop
  endfacet
  facet normal 0 0 1
    outer loop
      vertex 41.3136 45.7797 10
      vertex 80.1906 40.8591 10
      vertex 77.9423 45 10
    endloop
  endfacet
  facet normal -0 0 1
    outer loop
      vertex 42.2583 47.1936 10
      vertex 77.9423 45 10
      vertex 75.4803 49.0175 10
    endloop
  endfacet
  facet normal 0 0 1
    outer loop
      vertex 43.0104 48.7187 10
      vertex 75.4803 49.0175 10
      vertex 72.8115 52.9007 10
    endloop
  endfacet
  facet normal 0 0 1
    outer loop
      vertex 43.557 50.3289 10
      vertex 72.8115 52.9007 10
      vertex 69.9431 56.6388 10
    endloop
  endfacet
  facet normal 0 0 1
    outer loop
      vertex 43.8888 51.9967 10
      vertex 69.9431 56.6388 10
      vertex 66.883 60.2218 10
    endloop
  endfacet
  facet normal 0 0 1
    outer loop
      vertex 44 53.6936 10
      vertex 66.883 60.2218 10
      vertex 63.6396 63.6396 10
    endloop
  endfacet
  facet normal 0 0 1
    outer loop
      vertex 43.8888 55.3904 10
      vertex 63.6396 63.6396 10
      vertex 60.2218 66.883 10
    endloop
  endfacet
  facet normal 0 0 1
    outer loop
      vertex 43.8888 55.3904 10
      vertex 60.2218 66.883 10
      vertex 56.6388 69.9431 10
    endloop
  endfacet
  facet normal 0 0 1
    outer loop
      vertex 43.8888 55.3904 10
      vertex 56.6388 69.9431 10
      vertex 52.9007 72.8115 10
    endloop
  endfacet
  facet normal 0 0 1
    outer loop
      vertex 43.8888 55.3904 10
      vertex 52.9007 72.8115 10
      vertex 49.0175 75.4803 10
    endloop
  endfacet
  facet normal 0 0 1
    outer loop
      vertex 38.9139 64.0072 10
      vertex 49.0175 75.4803 10
      vertex 45 77.9423 10
    endloop
  endfacet
  facet normal 0 0 1
    outer loop
      vertex 66.883 60.2218 10
      vertex 44 53.6936 10
      vertex 43.8888 51.9967 10
    endloop
  endfacet
  facet normal 0 0 1
    outer loop
      vertex 69.9431 56.6388 10
      vertex 43.8888 51.9967 10
      vertex 43.557 50.3289 10
    endloop
  endfacet
  facet normal 0 0 1
    outer loop
      vertex 72.8115 52.9007 10
      vertex 43.557 50.3289 10
      vertex 43.0104 48.7187 10
    endloop
  endfacet
  facet normal 0 0 1
    outer loop
      vertex 75.4803 49.0175 10
      vertex 43.0104 48.7187 10
      vertex 42.2583 47.1936 10
    endloop
  endfacet
  facet normal 0 0 1
    outer loop
      vertex 77.9423 45 10
      vertex 42.2583 47.1936 10
      vertex 41.3136 45.7797 10
    endloop
  endfacet
  facet normal 0 0 1
    outer loop
      vertex 80.1906 40.8591 10
      vertex 41.3136 45.7797 10
      vertex 40.1924 44.5012 10
    endloop
  endfacet
  facet normal 0 0 1
    outer loop
      vertex 80.1906 40.8591 10
      vertex 40.1924 44.5012 10
      vertex 40 11.3 10
    endloop
  endfacet
  facet normal 0 0 1
    outer loop
      vertex 88.892 14.0791 10
      vertex 40 11.3 10
      vertex 89.2578 11.3 10
    endloop
  endfacet
  facet normal -0 0 1
    outer loop
      vertex 37.5 42.4352 10
      vertex 40 11.3 10
      vertex 38.9139 43.38 10
    endloop
  endfacet
  facet normal -0 0 1
    outer loop
      vertex 38.9139 43.38 10
      vertex 40 11.3 10
      vertex 40.1924 44.5012 10
    endloop
  endfacet
  facet normal -0 0 1
    outer loop
      vertex 40 -11.3 10
      vertex 88.892 -14.0791 10
      vertex 89.2578 -11.3 10
    endloop
  endfacet
  facet normal 0 0 1
    outer loop
      vertex 88.892 -14.0791 10
      vertex 40 -11.3 10
      vertex 88.0333 -18.7121 10
    endloop
  endfacet
  facet normal 0 0 1
    outer loop
      vertex 88.0333 -18.7121 10
      vertex 40 -11.3 10
      vertex 86.9333 -23.2937 10
    endloop
  endfacet
  facet normal 0 0 1
    outer loop
      vertex 86.9333 -23.2937 10
      vertex 40 -11.3 10
      vertex 85.5951 -27.8115 10
    endloop
  endfacet
  facet normal 0 0 1
    outer loop
      vertex 85.5951 -27.8115 10
      vertex 40 -11.3 10
      vertex 84.0222 -32.2531 10
    endloop
  endfacet
  facet normal 0 0 1
    outer loop
      vertex 84.0222 -32.2531 10
      vertex 40 -11.3 10
      vertex 82.2191 -36.6063 10
    endloop
  endfacet
  facet normal 0 0 1
    outer loop
      vertex 82.2191 -36.6063 10
      vertex 40 -11.3 10
      vertex 80.1906 -40.8591 10
    endloop
  endfacet
  facet normal 0 -0 1
    outer loop
      vertex 40.1924 -44.5012 10
      vertex 80.1906 -40.8591 10
      vertex 40 -11.3 10
    endloop
  endfacet
  facet normal 0 -0 1
    outer loop
      vertex 41.3136 -45.7797 10
      vertex 80.1906 -40.8591 10
      vertex 40.1924 -44.5012 10
    endloop
  endfacet
  facet normal 0 -0 1
    outer loop
      vertex 42.2583 -47.1936 10
      vertex 77.9423 -45 10
      vertex 41.3136 -45.7797 10
    endloop
  endfacet
  facet normal -0 -0 1
    outer loop
      vertex 43.0104 -48.7187 10
      vertex 75.4803 -49.0175 10
      vertex 42.2583 -47.1936 10
    endloop
  endfacet
  facet normal -0 -0 1
    outer loop
      vertex 43.557 -50.3289 10
      vertex 72.8115 -52.9007 10
      vertex 43.0104 -48.7187 10
    endloop
  endfacet
  facet normal 0 0 1
    outer loop
      vertex 72.8115 -52.9007 10
      vertex 43.557 -50.3289 10
      vertex 69.9431 -56.6388 10
    endloop
  endfacet
  facet normal 0 0 1
    outer loop
      vertex 69.9431 -56.6388 10
      vertex 43.8888 -51.9967 10
      vertex 66.883 -60.2218 10
    endloop
  endfacet
  facet normal 0 0 1
    outer loop
      vertex 66.883 -60.2218 10
      vertex 44 -53.6936 10
      vertex 63.6396 -63.6396 10
    endloop
  endfacet
  facet normal 0 0 1
    outer loop
      vertex 63.6396 -63.6396 10
      vertex 43.8888 -55.3904 10
      vertex 60.2218 -66.883 10
    endloop
  endfacet
  facet normal -0 0 1
    outer loop
      vertex 43.0104 -58.6685 10
      vertex 60.2218 -66.883 10
      vertex 43.557 -57.0582 10
    endloop
  endfacet
  facet normal 0 0 1
    outer loop
      vertex 60.2218 -66.883 10
      vertex 43.0104 -58.6685 10
      vertex 56.6388 -69.9431 10
    endloop
  endfacet
  facet normal -0 0 1
    outer loop
      vertex 43.557 -57.0582 10
      vertex 60.2218 -66.883 10
      vertex 43.8888 -55.3904 10
    endloop
  endfacet
  facet normal -0 0 1
    outer loop
      vertex 43.8888 -55.3904 10
      vertex 63.6396 -63.6396 10
      vertex 44 -53.6936 10
    endloop
  endfacet
  facet normal -0 -0 1
    outer loop
      vertex 44 -53.6936 10
      vertex 66.883 -60.2218 10
      vertex 43.8888 -51.9967 10
    endloop
  endfacet
  facet normal -0 -0 1
    outer loop
      vertex 43.8888 -51.9967 10
      vertex 69.9431 -56.6388 10
      vertex 43.557 -50.3289 10
    endloop
  endfacet
  facet normal 0 0 1
    outer loop
      vertex 75.4803 -49.0175 10
      vertex 43.0104 -48.7187 10
      vertex 72.8115 -52.9007 10
    endloop
  endfacet
  facet normal 0 0 1
    outer loop
      vertex 77.9423 -45 10
      vertex 42.2583 -47.1936 10
      vertex 75.4803 -49.0175 10
    endloop
  endfacet
  facet normal 0 0 1
    outer loop
      vertex 80.1906 -40.8591 10
      vertex 41.3136 -45.7797 10
      vertex 77.9423 -45 10
    endloop
  endfacet
  facet normal -0 0 1
    outer loop
      vertex 35.9749 41.6831 10
      vertex 40 11.3 10
      vertex 37.5 42.4352 10
    endloop
  endfacet
  facet normal 0 0 1
    outer loop
      vertex 40 -11.3 10
      vertex 38.9139 -43.38 10
      vertex 40.1924 -44.5012 10
    endloop
  endfacet
  facet normal -0 0 1
    outer loop
      vertex 34.3646 41.1365 10
      vertex 40 11.3 10
      vertex 35.9749 41.6831 10
    endloop
  endfacet
  facet normal 0 0 1
    outer loop
      vertex 40 -11.3 10
      vertex 37.5 -42.4352 10
      vertex 38.9139 -43.38 10
    endloop
  endfacet
  facet normal -0 0 1
    outer loop
      vertex 32.6968 40.8048 10
      vertex 40 11.3 10
      vertex 34.3646 41.1365 10
    endloop
  endfacet
  facet normal 0 0 1
    outer loop
      vertex 40 -11.3 10
      vertex 35.9749 -41.6831 10
      vertex 37.5 -42.4352 10
    endloop
  endfacet
  facet normal 0 0 1
    outer loop
      vertex 17.7416 24.2487 10
      vertex 32.6968 40.8048 10
      vertex 31 40.6936 10
    endloop
  endfacet
  facet normal 0 0 1
    outer loop
      vertex 40 -11.3 10
      vertex 34.3646 -41.1365 10
      vertex 35.9749 -41.6831 10
    endloop
  endfacet
  facet normal 0 0 1
    outer loop
      vertex 17.7416 24.2487 10
      vertex 31 40.6936 10
      vertex 29.3032 40.8048 10
    endloop
  endfacet
  facet normal 0 0 1
    outer loop
      vertex 40 -11.3 10
      vertex 32.6968 -40.8048 10
      vertex 34.3646 -41.1365 10
    endloop
  endfacet
  facet normal 0 0 1
    outer loop
      vertex 17.7416 24.2487 10
      vertex 29.3032 40.8048 10
      vertex 27.6354 41.1365 10
    endloop
  endfacet
  facet normal -0 0 1
    outer loop
      vertex 17.7416 -24.2487 10
      vertex 32.6968 -40.8048 10
      vertex 40 -11.3 10
    endloop
  endfacet
  facet normal 0 0 1
    outer loop
      vertex 17.7416 24.2487 10
      vertex 27.6354 41.1365 10
      vertex 26.0251 41.6831 10
    endloop
  endfacet
  facet normal -0 0 1
    outer loop
      vertex 17.7097 -24.736 10
      vertex 32.6968 -40.8048 10
      vertex 17.7416 -24.2487 10
    endloop
  endfacet
  facet normal 0 0 1
    outer loop
      vertex 17.7416 24.2487 10
      vertex 26.0251 41.6831 10
      vertex 24.5 42.4352 10
    endloop
  endfacet
  facet normal 0 0 1
    outer loop
      vertex 32.6968 -40.8048 10
      vertex 17.7097 -24.736 10
      vertex 31 -40.6936 10
    endloop
  endfacet
  facet normal 0 0 1
    outer loop
      vertex 17.7416 24.2487 10
      vertex 24.5 42.4352 10
      vertex 23.0861 43.38 10
    endloop
  endfacet
  facet normal -0 0 1
    outer loop
      vertex 17.7096 -24.7371 10
      vertex 31 -40.6936 10
      vertex 17.7097 -24.736 10
    endloop
  endfacet
  facet normal 0 0 1
    outer loop
      vertex 17.7416 24.2487 10
      vertex 23.0861 43.38 10
      vertex 21.8076 44.5012 10
    endloop
  endfacet
  facet normal -0 0 1
    outer loop
      vertex 17.6143 -25.216 10
      vertex 31 -40.6936 10
      vertex 17.7096 -24.7371 10
    endloop
  endfacet
  facet normal 0 0 1
    outer loop
      vertex 32.6968 40.8048 10
      vertex 17.7416 24.2487 10
      vertex 40 11.3 10
    endloop
  endfacet
  facet normal -0 0 1
    outer loop
      vertex 17.6141 -25.2171 10
      vertex 31 -40.6936 10
      vertex 17.6143 -25.216 10
    endloop
  endfacet
  facet normal 0 0 1
    outer loop
      vertex 40 11.3 10
      vertex 17.7416 24.2487 10
      vertex 40 -11.3 10
    endloop
  endfacet
  facet normal 0 0 1
    outer loop
      vertex 17.7416 -24.2487 10
      vertex 40 -11.3 10
      vertex 17.7416 24.2487 10
    endloop
  endfacet
  facet normal 0 0 1
    outer loop
      vertex 17.7416 24.2487 10
      vertex 21.8076 44.5012 10
      vertex 20.6864 45.7797 10
    endloop
  endfacet
  facet normal 0 0 1
    outer loop
      vertex 31 -40.6936 10
      vertex 17.6141 -25.2171 10
      vertex 29.3032 -40.8048 10
    endloop
  endfacet
  facet normal 0 0 1
    outer loop
      vertex 17.7416 24.2487 10
      vertex 20.6864 45.7797 10
      vertex 19.7417 47.1936 10
    endloop
  endfacet
  facet normal -0 0 1
    outer loop
      vertex 17.6137 -25.2182 10
      vertex 29.3032 -40.8048 10
      vertex 17.6141 -25.2171 10
    endloop
  endfacet
  facet normal 0 0 1
    outer loop
      vertex 17.7416 24.2487 10
      vertex 19.7417 47.1936 10
      vertex 18.9896 48.7187 10
    endloop
  endfacet
  facet normal -0 0 1
    outer loop
      vertex 17.4568 -25.6806 10
      vertex 29.3032 -40.8048 10
      vertex 17.6137 -25.2182 10
    endloop
  endfacet
  facet normal 0 0 1
    outer loop
      vertex 17.7416 24.2487 10
      vertex 18.9896 48.7187 10
      vertex 18.443 50.3289 10
    endloop
  endfacet
  facet normal -0 0 1
    outer loop
      vertex 17.4563 -25.6816 10
      vertex 29.3032 -40.8048 10
      vertex 17.4568 -25.6806 10
    endloop
  endfacet
  facet normal 0 0 1
    outer loop
      vertex 17.7416 24.2487 10
      vertex 18.443 50.3289 10
      vertex 18.1112 51.9967 10
    endloop
  endfacet
  facet normal -0 0 1
    outer loop
      vertex 17.2403 -26.1195 10
      vertex 29.3032 -40.8048 10
      vertex 17.4563 -25.6816 10
    endloop
  endfacet
  facet normal 0 0 1
    outer loop
      vertex -10.2139 40.291 10
      vertex 18.1112 51.9967 10
      vertex 18 53.6936 10
    endloop
  endfacet
  facet normal 0 0 1
    outer loop
      vertex 29.3032 -40.8048 10
      vertex 17.2403 -26.1195 10
      vertex 27.6354 -41.1365 10
    endloop
  endfacet
  facet normal -0 0 1
    outer loop
      vertex 42.2583 -60.1936 10
      vertex 56.6388 -69.9431 10
      vertex 43.0104 -58.6685 10
    endloop
  endfacet
  facet normal 0 0 1
    outer loop
      vertex 56.6388 -69.9431 10
      vertex 42.2583 -60.1936 10
      vertex 52.9007 -72.8115 10
    endloop
  endfacet
  facet normal -0 0 1
    outer loop
      vertex 41.3136 -61.6075 10
      vertex 52.9007 -72.8115 10
      vertex 42.2583 -60.1936 10
    endloop
  endfacet
  facet normal -0 0 1
    outer loop
      vertex 40.1924 -62.886 10
      vertex 52.9007 -72.8115 10
      vertex 41.3136 -61.6075 10
    endloop
  endfacet
  facet normal 0 0 1
    outer loop
      vertex 52.9007 -72.8115 10
      vertex 40.1924 -62.886 10
      vertex 49.0175 -75.4803 10
    endloop
  endfacet
  facet normal -0 0 1
    outer loop
      vertex 38.9139 -64.0072 10
      vertex 49.0175 -75.4803 10
      vertex 40.1924 -62.886 10
    endloop
  endfacet
  facet normal 0 0 1
    outer loop
      vertex 49.0175 -75.4803 10
      vertex 38.9139 -64.0072 10
      vertex 45 -77.9423 10
    endloop
  endfacet
  facet normal -0 0 1
    outer loop
      vertex 37.5 -64.9519 10
      vertex 45 -77.9423 10
      vertex 38.9139 -64.0072 10
    endloop
  endfacet
  facet normal -0 0 1
    outer loop
      vertex 35.9749 -65.704 10
      vertex 45 -77.9423 10
      vertex 37.5 -64.9519 10
    endloop
  endfacet
  facet normal 0 0 1
    outer loop
      vertex 45 -77.9423 10
      vertex 35.9749 -65.704 10
      vertex 40.8591 -80.1906 10
    endloop
  endfacet
  facet normal -0 0 1
    outer loop
      vertex 34.3646 -66.2506 10
      vertex 40.8591 -80.1906 10
      vertex 35.9749 -65.704 10
    endloop
  endfacet
  facet normal 0 0 1
    outer loop
      vertex 40.8591 -80.1906 10
      vertex 34.3646 -66.2506 10
      vertex 36.6063 -82.2191 10
    endloop
  endfacet
  facet normal -0 0 1
    outer loop
      vertex 32.6968 -66.5824 10
      vertex 36.6063 -82.2191 10
      vertex 34.3646 -66.2506 10
    endloop
  endfacet
  facet normal -0 0 1
    outer loop
      vertex 31 -66.6936 10
      vertex 36.6063 -82.2191 10
      vertex 32.6968 -66.5824 10
    endloop
  endfacet
  facet normal 0 0 1
    outer loop
      vertex 36.6063 -82.2191 10
      vertex 31 -66.6936 10
      vertex 32.2531 -84.0222 10
    endloop
  endfacet
  facet normal 0 0 1
    outer loop
      vertex 29.3032 -66.5824 10
      vertex 32.2531 -84.0222 10
      vertex 31 -66.6936 10
    endloop
  endfacet
  facet normal 0 0 1
    outer loop
      vertex 29.3032 -66.5824 10
      vertex 27.8115 -85.5951 10
      vertex 32.2531 -84.0222 10
    endloop
  endfacet
  facet normal 0 0 1
    outer loop
      vertex 27.6354 -66.2506 10
      vertex 27.8115 -85.5951 10
      vertex 29.3032 -66.5824 10
    endloop
  endfacet
  facet normal 0 0 1
    outer loop
      vertex 26.0251 -65.704 10
      vertex 27.8115 -85.5951 10
      vertex 27.6354 -66.2506 10
    endloop
  endfacet
  facet normal 0 0 1
    outer loop
      vertex 23.2937 -86.9333 10
      vertex 26.0251 -65.704 10
      vertex 24.5 -64.9519 10
    endloop
  endfacet
  facet normal 0 0 1
    outer loop
      vertex 26.0251 -65.704 10
      vertex 23.2937 -86.9333 10
      vertex 27.8115 -85.5951 10
    endloop
  endfacet
  facet normal 0 0 1
    outer loop
      vertex 18.7121 -88.0333 10
      vertex 24.5 -64.9519 10
      vertex 23.0861 -64.0072 10
    endloop
  endfacet
  facet normal 0 0 1
    outer loop
      vertex 14.0791 -88.892 10
      vertex 23.0861 -64.0072 10
      vertex 21.8076 -62.886 10
    endloop
  endfacet
  facet normal 0 0 1
    outer loop
      vertex 9.40756 -89.507 10
      vertex 21.8076 -62.886 10
      vertex 20.6864 -61.6075 10
    endloop
  endfacet
  facet normal 0 0 1
    outer loop
      vertex 4.71024 -89.8767 10
      vertex 20.6864 -61.6075 10
      vertex 19.7417 -60.1936 10
    endloop
  endfacet
  facet normal 0 0 1
    outer loop
      vertex 0 -90 10
      vertex 19.7417 -60.1936 10
      vertex 18.9896 -58.6685 10
    endloop
  endfacet
  facet normal 0 0 1
    outer loop
      vertex 24.5 -64.9519 10
      vertex 18.7121 -88.0333 10
      vertex 23.2937 -86.9333 10
    endloop
  endfacet
  facet normal 0 0 1
    outer loop
      vertex -4.71024 -89.8767 10
      vertex 18.9896 -58.6685 10
      vertex 18.443 -57.0582 10
    endloop
  endfacet
  facet normal 0 0 1
    outer loop
      vertex -10.2139 -40.291 10
      vertex 18.443 -57.0582 10
      vertex 18.1112 -55.3904 10
    endloop
  endfacet
  facet normal 0 0 1
    outer loop
      vertex -10.2139 -40.291 10
      vertex 18.1112 -55.3904 10
      vertex 18 -53.6936 10
    endloop
  endfacet
  facet normal -0 0 1
    outer loop
      vertex 16.9684 -26.5264 10
      vertex 27.6354 -41.1365 10
      vertex 17.2397 -26.1204 10
    endloop
  endfacet
  facet normal 0 0 1
    outer loop
      vertex 27.6354 -41.1365 10
      vertex 16.9684 -26.5264 10
      vertex 26.0251 -41.6831 10
    endloop
  endfacet
  facet normal -0 0 1
    outer loop
      vertex 16.6464 -26.8936 10
      vertex 26.0251 -41.6831 10
      vertex 16.9684 -26.5264 10
    endloop
  endfacet
  facet normal -0 0 1
    outer loop
      vertex 16.6457 -26.8944 10
      vertex 26.0251 -41.6831 10
      vertex 16.6464 -26.8936 10
    endloop
  endfacet
  facet normal -0 0 1
    outer loop
      vertex 16.6449 -26.8952 10
      vertex 26.0251 -41.6831 10
      vertex 16.6457 -26.8944 10
    endloop
  endfacet
  facet normal -0 0 1
    outer loop
      vertex 16.2777 -27.2171 10
      vertex 26.0251 -41.6831 10
      vertex 16.6449 -26.8952 10
    endloop
  endfacet
  facet normal 0 0 1
    outer loop
      vertex 26.0251 -41.6831 10
      vertex 16.2777 -27.2171 10
      vertex 24.5 -42.4352 10
    endloop
  endfacet
  facet normal -0 0 1
    outer loop
      vertex 15.8717 -27.4884 10
      vertex 24.5 -42.4352 10
      vertex 16.2777 -27.2171 10
    endloop
  endfacet
  facet normal -0 0 1
    outer loop
      vertex 15.8708 -27.489 10
      vertex 24.5 -42.4352 10
      vertex 15.8717 -27.4884 10
    endloop
  endfacet
  facet normal -0 0 1
    outer loop
      vertex 15.8698 -27.4895 10
      vertex 24.5 -42.4352 10
      vertex 15.8708 -27.489 10
    endloop
  endfacet
  facet normal -0 0 1
    outer loop
      vertex 15.4318 -27.7055 10
      vertex 24.5 -42.4352 10
      vertex 15.8698 -27.4895 10
    endloop
  endfacet
  facet normal 0 0 1
    outer loop
      vertex 24.5 -42.4352 10
      vertex 15.4318 -27.7055 10
      vertex 23.0861 -43.38 10
    endloop
  endfacet
  facet normal -0 0 1
    outer loop
      vertex 14.9695 -27.8624 10
      vertex 23.0861 -43.38 10
      vertex 15.4318 -27.7055 10
    endloop
  endfacet
  facet normal -0 0 1
    outer loop
      vertex 14.9684 -27.8628 10
      vertex 23.0861 -43.38 10
      vertex 14.9695 -27.8624 10
    endloop
  endfacet
  facet normal -0 0 1
    outer loop
      vertex 14.9673 -27.863 10
      vertex 23.0861 -43.38 10
      vertex 14.9684 -27.8628 10
    endloop
  endfacet
  facet normal -0 0 1
    outer loop
      vertex 14.4884 -27.9583 10
      vertex 23.0861 -43.38 10
      vertex 14.9673 -27.863 10
    endloop
  endfacet
  facet normal 0 0 1
    outer loop
      vertex 23.0861 -43.38 10
      vertex 14.4884 -27.9583 10
      vertex 21.8076 -44.5012 10
    endloop
  endfacet
  facet normal -0 0 1
    outer loop
      vertex 14.0011 -27.9902 10
      vertex 21.8076 -44.5012 10
      vertex 14.4884 -27.9583 10
    endloop
  endfacet
  facet normal -0 0 1
    outer loop
      vertex 14 -27.9903 10
      vertex 21.8076 -44.5012 10
      vertex 14.0011 -27.9902 10
    endloop
  endfacet
  facet normal 0 0 1
    outer loop
      vertex 21.8076 -44.5012 10
      vertex 14 -27.9903 10
      vertex 20.6864 -45.7797 10
    endloop
  endfacet
  facet normal 0 0 1
    outer loop
      vertex 13.5128 -27.9584 10
      vertex 20.6864 -45.7797 10
      vertex 14 -27.9903 10
    endloop
  endfacet
  facet normal 0 0 1
    outer loop
      vertex 13.5116 -27.9583 10
      vertex 20.6864 -45.7797 10
      vertex 13.5128 -27.9584 10
    endloop
  endfacet
  facet normal 0 0 1
    outer loop
      vertex 13.0327 -27.863 10
      vertex 20.6864 -45.7797 10
      vertex 13.5116 -27.9583 10
    endloop
  endfacet
  facet normal 0 0 1
    outer loop
      vertex 13.0316 -27.8628 10
      vertex 20.6864 -45.7797 10
      vertex 13.0327 -27.863 10
    endloop
  endfacet
  facet normal 0 0 1
    outer loop
      vertex 20.6864 -45.7797 10
      vertex 13.0316 -27.8628 10
      vertex 19.7417 -47.1936 10
    endloop
  endfacet
  facet normal 0 0 1
    outer loop
      vertex 13.0305 -27.8624 10
      vertex 19.7417 -47.1936 10
      vertex 13.0316 -27.8628 10
    endloop
  endfacet
  facet normal 0 0 1
    outer loop
      vertex 18.443 -57.0582 10
      vertex -10.2139 -40.291 10
      vertex -4.71024 -89.8767 10
    endloop
  endfacet
  facet normal 0 0 1
    outer loop
      vertex 12.5682 -27.7055 10
      vertex 19.7417 -47.1936 10
      vertex 13.0305 -27.8624 10
    endloop
  endfacet
  facet normal 0 0 1
    outer loop
      vertex 19.7417 -47.1936 10
      vertex 12.5682 -27.7055 10
      vertex 18.9896 -48.7187 10
    endloop
  endfacet
  facet normal 0 0 1
    outer loop
      vertex 12.5671 -27.705 10
      vertex 18.9896 -48.7187 10
      vertex 12.5682 -27.7055 10
    endloop
  endfacet
  facet normal 0 0 1
    outer loop
      vertex 12.1292 -27.489 10
      vertex 18.9896 -48.7187 10
      vertex 12.5671 -27.705 10
    endloop
  endfacet
  facet normal 0 0 1
    outer loop
      vertex 18.443 -50.3289 10
      vertex -10.2139 -40.291 10
      vertex 18.1112 -51.9967 10
    endloop
  endfacet
  facet normal 0 0 1
    outer loop
      vertex 18.1112 -51.9967 10
      vertex -10.2139 -40.291 10
      vertex 18 -53.6936 10
    endloop
  endfacet
  facet normal 0 0 1
    outer loop
      vertex 18.9896 -48.7187 10
      vertex -10.2139 -40.291 10
      vertex 18.443 -50.3289 10
    endloop
  endfacet
  facet normal 0 0 1
    outer loop
      vertex 18.9896 -48.7187 10
      vertex 12.1292 -27.489 10
      vertex -10.2139 -40.291 10
    endloop
  endfacet
  facet normal 0 0 1
    outer loop
      vertex -10.2139 -40.291 10
      vertex 12.1292 -27.489 10
      vertex 12.1283 -27.4884 10
    endloop
  endfacet
  facet normal 0 0 1
    outer loop
      vertex -10.2139 -40.291 10
      vertex 12.1283 -27.4884 10
      vertex 11.7223 -27.2171 10
    endloop
  endfacet
  facet normal 0 0 1
    outer loop
      vertex -10.2139 -40.291 10
      vertex 11.7223 -27.2171 10
      vertex 11.3551 -26.8952 10
    endloop
  endfacet
  facet normal 0 0 1
    outer loop
      vertex -10.2139 -40.291 10
      vertex 11.3551 -26.8952 10
      vertex 11.3543 -26.8944 10
    endloop
  endfacet
  facet normal 0 0 1
    outer loop
      vertex -10.2139 -40.291 10
      vertex 11.3543 -26.8944 10
      vertex 11.3536 -26.8936 10
    endloop
  endfacet
  facet normal 0 0 1
    outer loop
      vertex -10.2139 -40.291 10
      vertex 11.3536 -26.8936 10
      vertex 11.0316 -26.5264 10
    endloop
  endfacet
  facet normal 0 0 1
    outer loop
      vertex -10.2139 -40.291 10
      vertex 11.0316 -26.5264 10
      vertex 10.7603 -26.1204 10
    endloop
  endfacet
  facet normal 0 0 1
    outer loop
      vertex -10.2139 -40.291 10
      vertex 10.7603 -26.1204 10
      vertex 10.7597 -26.1195 10
    endloop
  endfacet
  facet normal 0 0 1
    outer loop
      vertex -10.2139 -40.291 10
      vertex 10.7597 -26.1195 10
      vertex 10.7592 -26.1185 10
    endloop
  endfacet
  facet normal 0 0 1
    outer loop
      vertex -10.2139 -40.291 10
      vertex 10.7592 -26.1185 10
      vertex 10.5432 -25.6806 10
    endloop
  endfacet
  facet normal 0 0 1
    outer loop
      vertex -10.2139 -40.291 10
      vertex 10.5432 -25.6806 10
      vertex 10.3863 -25.2182 10
    endloop
  endfacet
  facet normal 0 0 1
    outer loop
      vertex -10.2139 -40.291 10
      vertex 10.3863 -25.2182 10
      vertex 10.3859 -25.2171 10
    endloop
  endfacet
  facet normal 0 0 1
    outer loop
      vertex -10.2139 -40.291 10
      vertex 10.3859 -25.2171 10
      vertex 10.3857 -25.216 10
    endloop
  endfacet
  facet normal 0 0 1
    outer loop
      vertex -10.2139 -40.291 10
      vertex 10.3857 -25.216 10
      vertex 10.2904 -24.7371 10
    endloop
  endfacet
  facet normal 0 0 1
    outer loop
      vertex -10.2139 -40.291 10
      vertex 10.2904 -24.7371 10
      vertex 10.2585 -24.2498 10
    endloop
  endfacet
  facet normal 0 0 1
    outer loop
      vertex -10.2139 -40.291 10
      vertex 10.2585 -24.2498 10
      vertex 10.2584 -24.2487 10
    endloop
  endfacet
  facet normal 0 0 1
    outer loop
      vertex 23.0861 -64.0072 10
      vertex 14.0791 -88.892 10
      vertex 18.7121 -88.0333 10
    endloop
  endfacet
  facet normal 0 -0 1
    outer loop
      vertex 3.25 0 10
      vertex 10.2584 24.2487 10
      vertex 3.2222 0.42421 10
    endloop
  endfacet
  facet normal 0 0 1
    outer loop
      vertex -10.2139 40.291 10
      vertex 18.443 57.0582 10
      vertex -4.71024 89.8767 10
    endloop
  endfacet
  facet normal -0 0 1
    outer loop
      vertex 3.2222 -0.42421 10
      vertex 10.2584 -24.2487 10
      vertex 3.25 0 10
    endloop
  endfacet
  facet normal -0 0 1
    outer loop
      vertex 3.13926 -0.841162 10
      vertex 10.2584 -24.2487 10
      vertex 3.2222 -0.42421 10
    endloop
  endfacet
  facet normal 0 0 1
    outer loop
      vertex 10.2584 24.2487 10
      vertex 3.25 0 10
      vertex 10.2584 -24.2487 10
    endloop
  endfacet
  facet normal 0 0 1
    outer loop
      vertex 10.2584 24.2487 10
      vertex 3.13926 0.841162 10
      vertex 3.2222 0.42421 10
    endloop
  endfacet
  facet normal 0 0 1
    outer loop
      vertex 10.2584 24.2487 10
      vertex 3.00261 1.24372 10
      vertex 3.13926 0.841162 10
    endloop
  endfacet
  facet normal 0 0 1
    outer loop
      vertex 10.2584 24.2487 10
      vertex 2.81458 1.625 10
      vertex 3.00261 1.24372 10
    endloop
  endfacet
  facet normal 0 0 1
    outer loop
      vertex 10.2584 24.2487 10
      vertex 2.5784 1.97847 10
      vertex 2.81458 1.625 10
    endloop
  endfacet
  facet normal 0 -0 1
    outer loop
      vertex -1.24372 3.00261 10
      vertex 10.2584 24.2487 10
      vertex -10.2139 40.291 10
    endloop
  endfacet
  facet normal 0 0 1
    outer loop
      vertex 10.2584 24.2487 10
      vertex 2.2981 2.2981 10
      vertex 2.5784 1.97847 10
    endloop
  endfacet
  facet normal 0 0 1
    outer loop
      vertex 10.2584 24.2487 10
      vertex 1.97847 2.5784 10
      vertex 2.2981 2.2981 10
    endloop
  endfacet
  facet normal 0 0 1
    outer loop
      vertex 10.2584 24.2487 10
      vertex 1.625 2.81458 10
      vertex 1.97847 2.5784 10
    endloop
  endfacet
  facet normal 0 0 1
    outer loop
      vertex 10.2584 24.2487 10
      vertex 1.24372 3.00261 10
      vertex 1.625 2.81458 10
    endloop
  endfacet
  facet normal 0 0 1
    outer loop
      vertex 10.2584 24.2487 10
      vertex 0.841162 3.13926 10
      vertex 1.24372 3.00261 10
    endloop
  endfacet
  facet normal 0 0 1
    outer loop
      vertex 18.443 57.0582 10
      vertex -10.2139 40.291 10
      vertex 18.1112 55.3904 10
    endloop
  endfacet
  facet normal 0 0 1
    outer loop
      vertex 10.2584 24.2487 10
      vertex 0.42421 3.2222 10
      vertex 0.841162 3.13926 10
    endloop
  endfacet
  facet normal 0 0 1
    outer loop
      vertex 10.2584 24.2487 10
      vertex 0 3.25 10
      vertex 0.42421 3.2222 10
    endloop
  endfacet
  facet normal 0 0 1
    outer loop
      vertex 10.2584 24.2487 10
      vertex -0.42421 3.2222 10
      vertex 0 3.25 10
    endloop
  endfacet
  facet normal 0 0 1
    outer loop
      vertex 10.2584 24.2487 10
      vertex -0.841162 3.13926 10
      vertex -0.42421 3.2222 10
    endloop
  endfacet
  facet normal 0 0 1
    outer loop
      vertex 10.2584 24.2487 10
      vertex -1.24372 3.00261 10
      vertex -0.841162 3.13926 10
    endloop
  endfacet
  facet normal 0 0 1
    outer loop
      vertex -1.24372 3.00261 10
      vertex -10.2139 40.291 10
      vertex -1.625 2.81458 10
    endloop
  endfacet
  facet normal -0 0 1
    outer loop
      vertex -29.7861 28.991 10
      vertex -1.625 2.81458 10
      vertex -10.2139 40.291 10
    endloop
  endfacet
  facet normal 0 0 1
    outer loop
      vertex -1.625 2.81458 10
      vertex -29.7861 28.991 10
      vertex -1.97847 2.5784 10
    endloop
  endfacet
  facet normal -0 -0 1
    outer loop
      vertex -25.7223 2.9684 10
      vertex -1.97847 2.5784 10
      vertex -29.7861 28.991 10
    endloop
  endfacet
  facet normal -0 -0 1
    outer loop
      vertex -25.3551 2.64645 10
      vertex -1.97847 2.5784 10
      vertex -25.7223 2.9684 10
    endloop
  endfacet
  facet normal -0 -0 1
    outer loop
      vertex -25.3543 2.6457 10
      vertex -1.97847 2.5784 10
      vertex -25.3551 2.64645 10
    endloop
  endfacet
  facet normal 0 0 1
    outer loop
      vertex -1.97847 2.5784 10
      vertex -25.3543 2.6457 10
      vertex -2.2981 2.2981 10
    endloop
  endfacet
  facet normal -0 -0 1
    outer loop
      vertex -25.3535 2.64486 10
      vertex -2.2981 2.2981 10
      vertex -25.3543 2.6457 10
    endloop
  endfacet
  facet normal 0 0 1
    outer loop
      vertex 18.1112 55.3904 10
      vertex -10.2139 40.291 10
      vertex 18 53.6936 10
    endloop
  endfacet
  facet normal -0 0 1
    outer loop
      vertex -24.3863 -0.969464 10
      vertex -3.00261 -1.24372 10
      vertex -24.3859 -0.968394 10
    endloop
  endfacet
  facet normal 0 0 1
    outer loop
      vertex -3.25 0 10
      vertex -24.2585 0.00112719 10
      vertex -24.2584 0 10
    endloop
  endfacet
  facet normal 0 0 1
    outer loop
      vertex -3.25 0 10
      vertex -24.2904 0.488375 10
      vertex -24.2585 0.00112719 10
    endloop
  endfacet
  facet normal 0 0 1
    outer loop
      vertex -3.2222 0.42421 10
      vertex -24.2904 0.488375 10
      vertex -3.25 0 10
    endloop
  endfacet
  facet normal -0 -0 1
    outer loop
      vertex -24.2904 0.488375 10
      vertex -3.2222 0.42421 10
      vertex -24.3857 0.967286 10
    endloop
  endfacet
  facet normal 0 0 1
    outer loop
      vertex -3.13926 0.841162 10
      vertex -24.3857 0.967286 10
      vertex -3.2222 0.42421 10
    endloop
  endfacet
  facet normal -0 -0 1
    outer loop
      vertex -24.3857 0.967286 10
      vertex -3.13926 0.841162 10
      vertex -24.3859 0.968394 10
    endloop
  endfacet
  facet normal -0 -0 1
    outer loop
      vertex -24.3859 0.968394 10
      vertex -3.13926 0.841162 10
      vertex -24.3863 0.969464 10
    endloop
  endfacet
  facet normal 0 0 1
    outer loop
      vertex -3.00261 1.24372 10
      vertex -24.3863 0.969464 10
      vertex -3.13926 0.841162 10
    endloop
  endfacet
  facet normal 0 -0 1
    outer loop
      vertex -24.3863 0.969464 10
      vertex -3.00261 1.24372 10
      vertex -24.5432 1.43184 10
    endloop
  endfacet
  facet normal 0 0 1
    outer loop
      vertex -2.81458 1.625 10
      vertex -24.5432 1.43184 10
      vertex -3.00261 1.24372 10
    endloop
  endfacet
  facet normal 0 -0 1
    outer loop
      vertex -24.5432 1.43184 10
      vertex -2.81458 1.625 10
      vertex -24.7592 1.86978 10
    endloop
  endfacet
  facet normal -0 -0 1
    outer loop
      vertex -24.7592 1.86978 10
      vertex -2.81458 1.625 10
      vertex -24.7597 1.8708 10
    endloop
  endfacet
  facet normal -0 -0 1
    outer loop
      vertex -25.031 2.2768 10
      vertex -2.5784 1.97847 10
      vertex -25.0316 2.27774 10
    endloop
  endfacet
  facet normal 0 0 1
    outer loop
      vertex -2.5784 1.97847 10
      vertex -24.7597 1.8708 10
      vertex -2.81458 1.625 10
    endloop
  endfacet
  facet normal 0 -0 1
    outer loop
      vertex -24.7597 1.8708 10
      vertex -2.5784 1.97847 10
      vertex -25.031 2.2768 10
    endloop
  endfacet
  facet normal 0 0 1
    outer loop
      vertex -25.7223 2.9684 10
      vertex -29.7861 28.991 10
      vertex -25.7232 2.96903 10
    endloop
  endfacet
  facet normal 0 0 1
    outer loop
      vertex -25.7232 2.96903 10
      vertex -29.7861 28.991 10
      vertex -26.1292 3.24031 10
    endloop
  endfacet
  facet normal 0 0 1
    outer loop
      vertex -26.1292 3.24031 10
      vertex -29.7861 28.991 10
      vertex -26.1302 3.24081 10
    endloop
  endfacet
  facet normal 0 0 1
    outer loop
      vertex -26.1302 3.24081 10
      vertex -29.7861 28.991 10
      vertex -26.5682 3.45678 10
    endloop
  endfacet
  facet normal 0 0 1
    outer loop
      vertex -26.5682 3.45678 10
      vertex -29.7861 28.991 10
      vertex -27.0305 3.61374 10
    endloop
  endfacet
  facet normal 0 0 1
    outer loop
      vertex -27.0305 3.61374 10
      vertex -29.7861 28.991 10
      vertex -27.0316 3.6141 10
    endloop
  endfacet
  facet normal 0 0 1
    outer loop
      vertex -27.0316 3.6141 10
      vertex -29.7861 28.991 10
      vertex -27.0327 3.61432 10
    endloop
  endfacet
  facet normal 0 0 1
    outer loop
      vertex -27.0327 3.61432 10
      vertex -29.7861 28.991 10
      vertex -27.5116 3.70958 10
    endloop
  endfacet
  facet normal 0 0 1
    outer loop
      vertex -27.5116 3.70958 10
      vertex -29.7861 28.991 10
      vertex -27.9989 3.74152 10
    endloop
  endfacet
  facet normal 0 0 1
    outer loop
      vertex -27.9989 3.74152 10
      vertex -29.7861 28.991 10
      vertex -28 3.74159 10
    endloop
  endfacet
  facet normal 0 0 1
    outer loop
      vertex -28 3.74159 10
      vertex -29.7861 28.991 10
      vertex -28.0011 3.74152 10
    endloop
  endfacet
  facet normal 0 0 1
    outer loop
      vertex -28.0011 3.74152 10
      vertex -29.7861 28.991 10
      vertex -28.4884 3.70958 10
    endloop
  endfacet
  facet normal 0 0 1
    outer loop
      vertex -28.4884 3.70958 10
      vertex -29.7861 28.991 10
      vertex -28.9673 3.61432 10
    endloop
  endfacet
  facet normal 0 0 1
    outer loop
      vertex -28.9673 3.61432 10
      vertex -29.7861 28.991 10
      vertex -28.9684 3.6141 10
    endloop
  endfacet
  facet normal 0 0 1
    outer loop
      vertex -28.9684 3.6141 10
      vertex -29.7861 28.991 10
      vertex -28.9695 3.61374 10
    endloop
  endfacet
  facet normal 0 0 1
    outer loop
      vertex -28.9695 3.61374 10
      vertex -29.7861 28.991 10
      vertex -29.4318 3.45678 10
    endloop
  endfacet
  facet normal 0 0 1
    outer loop
      vertex -29.7861 28.991 10
      vertex -29.8698 3.24081 10
      vertex -29.4318 3.45678 10
    endloop
  endfacet
  facet normal 0 0 1
    outer loop
      vertex -29.7861 28.991 10
      vertex -29.8708 3.24031 10
      vertex -29.8698 3.24081 10
    endloop
  endfacet
  facet normal -0 0 1
    outer loop
      vertex -51.6864 7.9139 10
      vertex -29.8708 3.24031 10
      vertex -29.7861 28.991 10
    endloop
  endfacet
  facet normal 0 0 1
    outer loop
      vertex -29.8708 3.24031 10
      vertex -51.6864 7.9139 10
      vertex -30.2768 2.96903 10
    endloop
  endfacet
  facet normal 0 0 1
    outer loop
      vertex -30.2768 2.96903 10
      vertex -51.6864 7.9139 10
      vertex -30.2777 2.9684 10
    endloop
  endfacet
  facet normal -0 -0 1
    outer loop
      vertex -50.7417 6.5 10
      vertex -30.2777 2.9684 10
      vertex -51.6864 7.9139 10
    endloop
  endfacet
  facet normal 0 0 1
    outer loop
      vertex -30.2777 2.9684 10
      vertex -50.7417 6.5 10
      vertex -30.6449 2.64645 10
    endloop
  endfacet
  facet normal 0 0 1
    outer loop
      vertex -30.6449 2.64645 10
      vertex -50.7417 6.5 10
      vertex -30.6457 2.6457 10
    endloop
  endfacet
  facet normal -0 -0 1
    outer loop
      vertex -49.9896 4.97488 10
      vertex -30.6457 2.6457 10
      vertex -50.7417 6.5 10
    endloop
  endfacet
  facet normal 0 0 1
    outer loop
      vertex -30.6457 2.6457 10
      vertex -49.9896 4.97488 10
      vertex -30.6465 2.64486 10
    endloop
  endfacet
  facet normal 0 0 1
    outer loop
      vertex -30.9684 2.27774 10
      vertex -49.9896 4.97488 10
      vertex -30.969 2.2768 10
    endloop
  endfacet
  facet normal 0 0 1
    outer loop
      vertex -30.969 2.2768 10
      vertex -49.9896 4.97488 10
      vertex -31.2403 1.8708 10
    endloop
  endfacet
  facet normal -0 -0 1
    outer loop
      vertex -49.443 3.36465 10
      vertex -31.2403 1.8708 10
      vertex -49.9896 4.97488 10
    endloop
  endfacet
  facet normal 0 0 1
    outer loop
      vertex -31.2403 1.8708 10
      vertex -49.443 3.36465 10
      vertex -31.2408 1.86978 10
    endloop
  endfacet
  facet normal 0 0 1
    outer loop
      vertex -31.2408 1.86978 10
      vertex -49.443 3.36465 10
      vertex -31.4568 1.43184 10
    endloop
  endfacet
  facet normal -0 -0 1
    outer loop
      vertex -49.1112 1.69684 10
      vertex -31.4568 1.43184 10
      vertex -49.443 3.36465 10
    endloop
  endfacet
  facet normal 0 0 1
    outer loop
      vertex -49 0 10
      vertex -31.7415 0.00112719 10
      vertex -31.7096 0.488375 10
    endloop
  endfacet
  facet normal 0 0 1
    outer loop
      vertex -31.7415 0.00112719 10
      vertex -49 0 10
      vertex -31.7416 0 10
    endloop
  endfacet
  facet normal 0 0 1
    outer loop
      vertex -31.4568 1.43184 10
      vertex -49.1112 1.69684 10
      vertex -31.6137 0.969464 10
    endloop
  endfacet
  facet normal 0 0 1
    outer loop
      vertex -31.7096 0.488375 10
      vertex -49.1112 1.69684 10
      vertex -49 0 10
    endloop
  endfacet
  facet normal 0 0 1
    outer loop
      vertex -31.6143 0.967286 10
      vertex -49.1112 1.69684 10
      vertex -31.7096 0.488375 10
    endloop
  endfacet
  facet normal 0 0 1
    outer loop
      vertex -31.6141 0.968394 10
      vertex -49.1112 1.69684 10
      vertex -31.6143 0.967286 10
    endloop
  endfacet
  facet normal 0 0 1
    outer loop
      vertex -31.6137 0.969464 10
      vertex -49.1112 1.69684 10
      vertex -31.6141 0.968394 10
    endloop
  endfacet
  facet normal 0 0 1
    outer loop
      vertex -30.6465 2.64486 10
      vertex -49.9896 4.97488 10
      vertex -30.9684 2.27774 10
    endloop
  endfacet
  facet normal 0 0 1
    outer loop
      vertex -29.7861 28.991 10
      vertex -52.8076 9.19239 10
      vertex -51.6864 7.9139 10
    endloop
  endfacet
  facet normal 0 0 1
    outer loop
      vertex -29.7861 28.991 10
      vertex -54.0861 10.3136 10
      vertex -52.8076 9.19239 10
    endloop
  endfacet
  facet normal -0 0 1
    outer loop
      vertex -56.6388 69.9431 10
      vertex -29.7861 28.991 10
      vertex -54.415 71.6495 10
    endloop
  endfacet
  facet normal -0 0 1
    outer loop
      vertex -60.2218 66.883 10
      vertex -29.7861 28.991 10
      vertex -56.6388 69.9431 10
    endloop
  endfacet
  facet normal 0 0 1
    outer loop
      vertex -29.7861 28.991 10
      vertex -55.5 11.2583 10
      vertex -54.0861 10.3136 10
    endloop
  endfacet
  facet normal -0 0 1
    outer loop
      vertex -63.6396 63.6396 10
      vertex -29.7861 28.991 10
      vertex -60.2218 66.883 10
    endloop
  endfacet
  facet normal -0 0 1
    outer loop
      vertex -66.883 60.2218 10
      vertex -29.7861 28.991 10
      vertex -63.6396 63.6396 10
    endloop
  endfacet
  facet normal 0 0 1
    outer loop
      vertex -29.7861 28.991 10
      vertex -57.0251 12.0104 10
      vertex -55.5 11.2583 10
    endloop
  endfacet
  facet normal -0 0 1
    outer loop
      vertex -69.9431 56.6388 10
      vertex -29.7861 28.991 10
      vertex -66.883 60.2218 10
    endloop
  endfacet
  facet normal -0 0 1
    outer loop
      vertex -72.8115 52.9007 10
      vertex -29.7861 28.991 10
      vertex -69.9431 56.6388 10
    endloop
  endfacet
  facet normal 0 0 1
    outer loop
      vertex -29.7861 28.991 10
      vertex -58.6354 12.557 10
      vertex -57.0251 12.0104 10
    endloop
  endfacet
  facet normal 0 0 1
    outer loop
      vertex -29.7861 28.991 10
      vertex -72.8115 52.9007 10
      vertex -58.6354 12.557 10
    endloop
  endfacet
  facet normal -0 0 1
    outer loop
      vertex -75.4803 49.0175 10
      vertex -58.6354 12.557 10
      vertex -72.8115 52.9007 10
    endloop
  endfacet
  facet normal 0 0 1
    outer loop
      vertex -58.6354 12.557 10
      vertex -75.4803 49.0175 10
      vertex -60.3032 12.8888 10
    endloop
  endfacet
  facet normal -0 0 1
    outer loop
      vertex -77.9423 45 10
      vertex -60.3032 12.8888 10
      vertex -75.4803 49.0175 10
    endloop
  endfacet
  facet normal 0 0 1
    outer loop
      vertex -60.3032 12.8888 10
      vertex -77.9423 45 10
      vertex -62 13 10
    endloop
  endfacet
  facet normal -0 0 1
    outer loop
      vertex -80.1906 40.8591 10
      vertex -62 13 10
      vertex -77.9423 45 10
    endloop
  endfacet
  facet normal 0 0 1
    outer loop
      vertex -62 13 10
      vertex -80.1906 40.8591 10
      vertex -63.6968 12.8888 10
    endloop
  endfacet
  facet normal -0 0 1
    outer loop
      vertex -82.2191 36.6063 10
      vertex -63.6968 12.8888 10
      vertex -80.1906 40.8591 10
    endloop
  endfacet
  facet normal 0 0 1
    outer loop
      vertex -63.6968 12.8888 10
      vertex -82.2191 36.6063 10
      vertex -65.3646 12.557 10
    endloop
  endfacet
  facet normal -0 0 1
    outer loop
      vertex -84.0222 32.2531 10
      vertex -65.3646 12.557 10
      vertex -82.2191 36.6063 10
    endloop
  endfacet
  facet normal 0 0 1
    outer loop
      vertex -65.3646 12.557 10
      vertex -84.0222 32.2531 10
      vertex -66.9749 12.0104 10
    endloop
  endfacet
  facet normal -0 0 1
    outer loop
      vertex -85.5951 27.8115 10
      vertex -66.9749 12.0104 10
      vertex -84.0222 32.2531 10
    endloop
  endfacet
  facet normal 0 0 1
    outer loop
      vertex -66.9749 12.0104 10
      vertex -85.5951 27.8115 10
      vertex -68.5 11.2583 10
    endloop
  endfacet
  facet normal -0 0 1
    outer loop
      vertex -86.9333 23.2937 10
      vertex -68.5 11.2583 10
      vertex -85.5951 27.8115 10
    endloop
  endfacet
  facet normal 0 0 1
    outer loop
      vertex -68.5 11.2583 10
      vertex -86.9333 23.2937 10
      vertex -69.9139 10.3136 10
    endloop
  endfacet
  facet normal -0 0 1
    outer loop
      vertex -88.0333 18.7121 10
      vertex -69.9139 10.3136 10
      vertex -86.9333 23.2937 10
    endloop
  endfacet
  facet normal 0 0 1
    outer loop
      vertex -4.71024 -89.8767 10
      vertex -10.2139 -40.291 10
      vertex -9.40756 -89.507 10
    endloop
  endfacet
  facet normal 0 0 1
    outer loop
      vertex -10.2139 -40.291 10
      vertex -14.0791 -88.892 10
      vertex -9.40756 -89.507 10
    endloop
  endfacet
  facet normal 0 0 1
    outer loop
      vertex -10.2139 -40.291 10
      vertex -18.7121 -88.0333 10
      vertex -14.0791 -88.892 10
    endloop
  endfacet
  facet normal 0 0 1
    outer loop
      vertex -10.2139 -40.291 10
      vertex -23.2937 -86.9333 10
      vertex -18.7121 -88.0333 10
    endloop
  endfacet
  facet normal 0 0 1
    outer loop
      vertex -10.2139 -40.291 10
      vertex -27.8115 -85.5951 10
      vertex -23.2937 -86.9333 10
    endloop
  endfacet
  facet normal 0 0 1
    outer loop
      vertex -10.2139 -40.291 10
      vertex -32.2531 -84.0222 10
      vertex -27.8115 -85.5951 10
    endloop
  endfacet
  facet normal 0 -0 1
    outer loop
      vertex -32.2531 -84.0222 10
      vertex -10.2139 -40.291 10
      vertex -34.8428 -82.9495 10
    endloop
  endfacet
  facet normal 0 0 1
    outer loop
      vertex -24.5432 -1.43184 10
      vertex -3.00261 -1.24372 10
      vertex -24.3863 -0.969464 10
    endloop
  endfacet
  facet normal 0 0 1
    outer loop
      vertex -3.00261 -1.24372 10
      vertex -24.5432 -1.43184 10
      vertex -2.81458 -1.625 10
    endloop
  endfacet
  facet normal 0 0 1
    outer loop
      vertex -24.7592 -1.86978 10
      vertex -2.81458 -1.625 10
      vertex -24.5432 -1.43184 10
    endloop
  endfacet
  facet normal 0 0 1
    outer loop
      vertex -24.7597 -1.8708 10
      vertex -2.81458 -1.625 10
      vertex -24.7592 -1.86978 10
    endloop
  endfacet
  facet normal 0 0 1
    outer loop
      vertex -2.81458 -1.625 10
      vertex -24.7597 -1.8708 10
      vertex -2.5784 -1.97847 10
    endloop
  endfacet
  facet normal 0 0 1
    outer loop
      vertex -25.031 -2.2768 10
      vertex -2.5784 -1.97847 10
      vertex -24.7597 -1.8708 10
    endloop
  endfacet
  facet normal 0 0 1
    outer loop
      vertex -25.0316 -2.27774 10
      vertex -2.5784 -1.97847 10
      vertex -25.031 -2.2768 10
    endloop
  endfacet
  facet normal 0 0 1
    outer loop
      vertex -2.5784 -1.97847 10
      vertex -25.0316 -2.27774 10
      vertex -2.2981 -2.2981 10
    endloop
  endfacet
  facet normal 0 0 1
    outer loop
      vertex -25.3535 -2.64486 10
      vertex -2.2981 -2.2981 10
      vertex -25.0316 -2.27774 10
    endloop
  endfacet
  facet normal 0 0 1
    outer loop
      vertex -25.3543 -2.6457 10
      vertex -2.2981 -2.2981 10
      vertex -25.3535 -2.64486 10
    endloop
  endfacet
  facet normal 0 0 1
    outer loop
      vertex -2.2981 -2.2981 10
      vertex -25.3543 -2.6457 10
      vertex -1.97847 -2.5784 10
    endloop
  endfacet
  facet normal 0 0 1
    outer loop
      vertex -25.3551 -2.64645 10
      vertex -1.97847 -2.5784 10
      vertex -25.3543 -2.6457 10
    endloop
  endfacet
  facet normal 0 0 1
    outer loop
      vertex -25.7223 -2.9684 10
      vertex -1.97847 -2.5784 10
      vertex -25.3551 -2.64645 10
    endloop
  endfacet
  facet normal 0 0 1
    outer loop
      vertex -1.97847 -2.5784 10
      vertex -25.7223 -2.9684 10
      vertex -29.7861 -28.991 10
    endloop
  endfacet
  facet normal 0 0 1
    outer loop
      vertex -29.7861 -28.991 10
      vertex -25.7223 -2.9684 10
      vertex -25.7232 -2.96903 10
    endloop
  endfacet
  facet normal 0 0 1
    outer loop
      vertex -29.7861 -28.991 10
      vertex -25.7232 -2.96903 10
      vertex -26.1292 -3.24031 10
    endloop
  endfacet
  facet normal 0 0 1
    outer loop
      vertex -29.7861 -28.991 10
      vertex -26.1292 -3.24031 10
      vertex -26.1302 -3.24081 10
    endloop
  endfacet
  facet normal 0 0 1
    outer loop
      vertex -29.7861 -28.991 10
      vertex -26.1302 -3.24081 10
      vertex -26.5682 -3.45678 10
    endloop
  endfacet
  facet normal 0 0 1
    outer loop
      vertex -29.7861 -28.991 10
      vertex -26.5682 -3.45678 10
      vertex -27.0305 -3.61374 10
    endloop
  endfacet
  facet normal 0 0 1
    outer loop
      vertex -29.7861 -28.991 10
      vertex -27.0305 -3.61374 10
      vertex -27.0316 -3.6141 10
    endloop
  endfacet
  facet normal 0 0 1
    outer loop
      vertex -29.7861 -28.991 10
      vertex -27.0316 -3.6141 10
      vertex -27.0327 -3.61432 10
    endloop
  endfacet
  facet normal 0 0 1
    outer loop
      vertex -29.7861 -28.991 10
      vertex -27.0327 -3.61432 10
      vertex -27.5116 -3.70958 10
    endloop
  endfacet
  facet normal 0 0 1
    outer loop
      vertex -29.7861 -28.991 10
      vertex -27.5116 -3.70958 10
      vertex -27.9989 -3.74152 10
    endloop
  endfacet
  facet normal 0 0 1
    outer loop
      vertex -29.7861 -28.991 10
      vertex -27.9989 -3.74152 10
      vertex -28 -3.74159 10
    endloop
  endfacet
  facet normal 0 0 1
    outer loop
      vertex -29.7861 -28.991 10
      vertex -28 -3.74159 10
      vertex -28.0011 -3.74152 10
    endloop
  endfacet
  facet normal 0 0 1
    outer loop
      vertex -29.7861 -28.991 10
      vertex -28.0011 -3.74152 10
      vertex -28.4884 -3.70958 10
    endloop
  endfacet
  facet normal 0 0 1
    outer loop
      vertex -29.7861 -28.991 10
      vertex -28.4884 -3.70958 10
      vertex -28.9673 -3.61432 10
    endloop
  endfacet
  facet normal 0 0 1
    outer loop
      vertex -29.7861 -28.991 10
      vertex -28.9673 -3.61432 10
      vertex -28.9684 -3.6141 10
    endloop
  endfacet
  facet normal 0 0 1
    outer loop
      vertex -29.7861 -28.991 10
      vertex -28.9684 -3.6141 10
      vertex -28.9695 -3.61374 10
    endloop
  endfacet
  facet normal 0 0 1
    outer loop
      vertex -29.7861 -28.991 10
      vertex -28.9695 -3.61374 10
      vertex -29.4318 -3.45678 10
    endloop
  endfacet
  facet normal 0 0 1
    outer loop
      vertex -1.97847 -2.5784 10
      vertex -29.7861 -28.991 10
      vertex -10.2139 -40.291 10
    endloop
  endfacet
  facet normal 0 0 1
    outer loop
      vertex -29.8698 -3.24081 10
      vertex -29.7861 -28.991 10
      vertex -29.4318 -3.45678 10
    endloop
  endfacet
  facet normal 0 0 1
    outer loop
      vertex -29.8708 -3.24031 10
      vertex -29.7861 -28.991 10
      vertex -29.8698 -3.24081 10
    endloop
  endfacet
  facet normal 0 0 1
    outer loop
      vertex -51.6864 -7.9139 10
      vertex -29.8708 -3.24031 10
      vertex -30.2768 -2.96903 10
    endloop
  endfacet
  facet normal 0 0 1
    outer loop
      vertex -51.6864 -7.9139 10
      vertex -30.2768 -2.96903 10
      vertex -30.2777 -2.9684 10
    endloop
  endfacet
  facet normal 0 0 1
    outer loop
      vertex -50.7417 -6.5 10
      vertex -30.2777 -2.9684 10
      vertex -30.6449 -2.64645 10
    endloop
  endfacet
  facet normal 0 0 1
    outer loop
      vertex -50.7417 -6.5 10
      vertex -30.6449 -2.64645 10
      vertex -30.6457 -2.6457 10
    endloop
  endfacet
  facet normal 0 0 1
    outer loop
      vertex -49.9896 -4.97488 10
      vertex -30.6457 -2.6457 10
      vertex -30.6465 -2.64486 10
    endloop
  endfacet
  facet normal 0 0 1
    outer loop
      vertex -49.9896 -4.97488 10
      vertex -30.6465 -2.64486 10
      vertex -30.9684 -2.27774 10
    endloop
  endfacet
  facet normal 0 0 1
    outer loop
      vertex -49.9896 -4.97488 10
      vertex -30.9684 -2.27774 10
      vertex -30.969 -2.2768 10
    endloop
  endfacet
  facet normal 0 0 1
    outer loop
      vertex -49.9896 -4.97488 10
      vertex -30.969 -2.2768 10
      vertex -31.2403 -1.8708 10
    endloop
  endfacet
  facet normal 0 0 1
    outer loop
      vertex -49.443 -3.36465 10
      vertex -31.2403 -1.8708 10
      vertex -31.2408 -1.86978 10
    endloop
  endfacet
  facet normal 0 0 1
    outer loop
      vertex -49.443 -3.36465 10
      vertex -31.2408 -1.86978 10
      vertex -31.4568 -1.43184 10
    endloop
  endfacet
  facet normal 0 0 1
    outer loop
      vertex -49.1112 -1.69684 10
      vertex -31.4568 -1.43184 10
      vertex -31.6137 -0.969464 10
    endloop
  endfacet
  facet normal 0 0 1
    outer loop
      vertex -49.1112 -1.69684 10
      vertex -31.6137 -0.969464 10
      vertex -31.6141 -0.968394 10
    endloop
  endfacet
  facet normal 0 0 1
    outer loop
      vertex -49.1112 -1.69684 10
      vertex -31.6141 -0.968394 10
      vertex -31.6143 -0.967286 10
    endloop
  endfacet
  facet normal 0 0 1
    outer loop
      vertex -49.1112 -1.69684 10
      vertex -31.6143 -0.967286 10
      vertex -31.7096 -0.488375 10
    endloop
  endfacet
  facet normal -0 0 1
    outer loop
      vertex -49 0 10
      vertex -31.7415 -0.00112719 10
      vertex -31.7416 0 10
    endloop
  endfacet
  facet normal 0 0 1
    outer loop
      vertex -31.7415 -0.00112719 10
      vertex -49 0 10
      vertex -31.7096 -0.488375 10
    endloop
  endfacet
  facet normal 0 0 1
    outer loop
      vertex -49.1112 -1.69684 10
      vertex -31.7096 -0.488375 10
      vertex -49 0 10
    endloop
  endfacet
  facet normal 0 0 1
    outer loop
      vertex -31.4568 -1.43184 10
      vertex -49.1112 -1.69684 10
      vertex -49.443 -3.36465 10
    endloop
  endfacet
  facet normal 0 0 1
    outer loop
      vertex -31.2403 -1.8708 10
      vertex -49.443 -3.36465 10
      vertex -49.9896 -4.97488 10
    endloop
  endfacet
  facet normal 0 0 1
    outer loop
      vertex -30.6457 -2.6457 10
      vertex -49.9896 -4.97488 10
      vertex -50.7417 -6.5 10
    endloop
  endfacet
  facet normal 0 0 1
    outer loop
      vertex -30.2777 -2.9684 10
      vertex -50.7417 -6.5 10
      vertex -51.6864 -7.9139 10
    endloop
  endfacet
  facet normal 0 0 1
    outer loop
      vertex -29.8708 -3.24031 10
      vertex -51.6864 -7.9139 10
      vertex -29.7861 -28.991 10
    endloop
  endfacet
  facet normal -0 0 1
    outer loop
      vertex -52.8076 -9.19239 10
      vertex -29.7861 -28.991 10
      vertex -51.6864 -7.9139 10
    endloop
  endfacet
  facet normal -0 0 1
    outer loop
      vertex -54.0861 -10.3136 10
      vertex -29.7861 -28.991 10
      vertex -52.8076 -9.19239 10
    endloop
  endfacet
  facet normal -0 0 1
    outer loop
      vertex -55.5 -11.2583 10
      vertex -29.7861 -28.991 10
      vertex -54.0861 -10.3136 10
    endloop
  endfacet
  facet normal -0 0 1
    outer loop
      vertex -57.0251 -12.0104 10
      vertex -29.7861 -28.991 10
      vertex -55.5 -11.2583 10
    endloop
  endfacet
  facet normal 0 0 1
    outer loop
      vertex -29.7861 -28.991 10
      vertex -56.6388 -69.9431 10
      vertex -54.415 -71.6495 10
    endloop
  endfacet
  facet normal -0 0 1
    outer loop
      vertex -58.6354 -12.557 10
      vertex -29.7861 -28.991 10
      vertex -57.0251 -12.0104 10
    endloop
  endfacet
  facet normal 0 0 1
    outer loop
      vertex -72.8115 -52.9007 10
      vertex -29.7861 -28.991 10
      vertex -58.6354 -12.557 10
    endloop
  endfacet
  facet normal 0 0 1
    outer loop
      vertex -29.7861 -28.991 10
      vertex -60.2218 -66.883 10
      vertex -56.6388 -69.9431 10
    endloop
  endfacet
  facet normal 0 0 1
    outer loop
      vertex -75.4803 -49.0175 10
      vertex -58.6354 -12.557 10
      vertex -60.3032 -12.8888 10
    endloop
  endfacet
  facet normal 0 0 1
    outer loop
      vertex -77.9423 -45 10
      vertex -60.3032 -12.8888 10
      vertex -62 -13 10
    endloop
  endfacet
  facet normal 0 0 1
    outer loop
      vertex -29.7861 -28.991 10
      vertex -63.6396 -63.6396 10
      vertex -60.2218 -66.883 10
    endloop
  endfacet
  facet normal 0 0 1
    outer loop
      vertex -80.1906 -40.8591 10
      vertex -62 -13 10
      vertex -63.6968 -12.8888 10
    endloop
  endfacet
  facet normal 0 0 1
    outer loop
      vertex -82.2191 -36.6063 10
      vertex -63.6968 -12.8888 10
      vertex -65.3646 -12.557 10
    endloop
  endfacet
  facet normal 0 0 1
    outer loop
      vertex -29.7861 -28.991 10
      vertex -66.883 -60.2218 10
      vertex -63.6396 -63.6396 10
    endloop
  endfacet
  facet normal 0 0 1
    outer loop
      vertex -84.0222 -32.2531 10
      vertex -65.3646 -12.557 10
      vertex -66.9749 -12.0104 10
    endloop
  endfacet
  facet normal 0 0 1
    outer loop
      vertex -85.5951 -27.8115 10
      vertex -66.9749 -12.0104 10
      vertex -68.5 -11.2583 10
    endloop
  endfacet
  facet normal 0 0 1
    outer loop
      vertex -86.9333 -23.2937 10
      vertex -68.5 -11.2583 10
      vertex -69.9139 -10.3136 10
    endloop
  endfacet
  facet normal 0 0 1
    outer loop
      vertex -29.7861 -28.991 10
      vertex -69.9431 -56.6388 10
      vertex -66.883 -60.2218 10
    endloop
  endfacet
  facet normal 0 0 1
    outer loop
      vertex -88.0333 -18.7121 10
      vertex -69.9139 -10.3136 10
      vertex -71.1924 -9.19239 10
    endloop
  endfacet
  facet normal 0 0 1
    outer loop
      vertex -88.0333 -18.7121 10
      vertex -71.1924 -9.19239 10
      vertex -72.3136 -7.9139 10
    endloop
  endfacet
  facet normal 0 0 1
    outer loop
      vertex -29.7861 -28.991 10
      vertex -72.8115 -52.9007 10
      vertex -69.9431 -56.6388 10
    endloop
  endfacet
  facet normal 0 0 1
    outer loop
      vertex -88.892 -14.0791 10
      vertex -72.3136 -7.9139 10
      vertex -73.2583 -6.5 10
    endloop
  endfacet
  facet normal 0 0 1
    outer loop
      vertex -89.507 -9.40756 10
      vertex -73.2583 -6.5 10
      vertex -74.0104 -4.97488 10
    endloop
  endfacet
  facet normal 0 0 1
    outer loop
      vertex -89.507 -9.40756 10
      vertex -74.0104 -4.97488 10
      vertex -74.557 -3.36465 10
    endloop
  endfacet
  facet normal 0 0 1
    outer loop
      vertex -89.8767 -4.71024 10
      vertex -74.557 -3.36465 10
      vertex -74.8888 -1.69684 10
    endloop
  endfacet
  facet normal -0 0 1
    outer loop
      vertex -90 0 10
      vertex -74.8888 -1.69684 10
      vertex -75 0 10
    endloop
  endfacet
  facet normal 0 0 1
    outer loop
      vertex -58.6354 -12.557 10
      vertex -75.4803 -49.0175 10
      vertex -72.8115 -52.9007 10
    endloop
  endfacet
  facet normal 0 0 1
    outer loop
      vertex -69.9139 10.3136 10
      vertex -88.0333 18.7121 10
      vertex -71.1924 9.19239 10
    endloop
  endfacet
  facet normal 0 0 1
    outer loop
      vertex -71.1924 9.19239 10
      vertex -88.0333 18.7121 10
      vertex -72.3136 7.9139 10
    endloop
  endfacet
  facet normal 0 0 1
    outer loop
      vertex -60.3032 -12.8888 10
      vertex -77.9423 -45 10
      vertex -75.4803 -49.0175 10
    endloop
  endfacet
  facet normal -0 0 1
    outer loop
      vertex -88.892 14.0791 10
      vertex -72.3136 7.9139 10
      vertex -88.0333 18.7121 10
    endloop
  endfacet
  facet normal 0 0 1
    outer loop
      vertex -62 -13 10
      vertex -80.1906 -40.8591 10
      vertex -77.9423 -45 10
    endloop
  endfacet
  facet normal 0 0 1
    outer loop
      vertex -72.3136 7.9139 10
      vertex -88.892 14.0791 10
      vertex -73.2583 6.5 10
    endloop
  endfacet
  facet normal 0 0 1
    outer loop
      vertex -63.6968 -12.8888 10
      vertex -82.2191 -36.6063 10
      vertex -80.1906 -40.8591 10
    endloop
  endfacet
  facet normal -0 0 1
    outer loop
      vertex -89.507 9.40756 10
      vertex -73.2583 6.5 10
      vertex -88.892 14.0791 10
    endloop
  endfacet
  facet normal 0 0 1
    outer loop
      vertex -65.3646 -12.557 10
      vertex -84.0222 -32.2531 10
      vertex -82.2191 -36.6063 10
    endloop
  endfacet
  facet normal 0 0 1
    outer loop
      vertex -73.2583 6.5 10
      vertex -89.507 9.40756 10
      vertex -74.0104 4.97488 10
    endloop
  endfacet
  facet normal 0 0 1
    outer loop
      vertex -66.9749 -12.0104 10
      vertex -85.5951 -27.8115 10
      vertex -84.0222 -32.2531 10
    endloop
  endfacet
  facet normal 0 0 1
    outer loop
      vertex -74.0104 4.97488 10
      vertex -89.507 9.40756 10
      vertex -74.557 3.36465 10
    endloop
  endfacet
  facet normal 0 0 1
    outer loop
      vertex -68.5 -11.2583 10
      vertex -86.9333 -23.2937 10
      vertex -85.5951 -27.8115 10
    endloop
  endfacet
  facet normal -0 0 1
    outer loop
      vertex -89.8767 4.71024 10
      vertex -74.557 3.36465 10
      vertex -89.507 9.40756 10
    endloop
  endfacet
  facet normal 0 0 1
    outer loop
      vertex -69.9139 -10.3136 10
      vertex -88.0333 -18.7121 10
      vertex -86.9333 -23.2937 10
    endloop
  endfacet
  facet normal 0 0 1
    outer loop
      vertex -74.557 3.36465 10
      vertex -89.8767 4.71024 10
      vertex -74.8888 1.69684 10
    endloop
  endfacet
  facet normal 0 0 1
    outer loop
      vertex -72.3136 -7.9139 10
      vertex -88.892 -14.0791 10
      vertex -88.0333 -18.7121 10
    endloop
  endfacet
  facet normal 0 0 1
    outer loop
      vertex -90 0 10
      vertex -74.8888 1.69684 10
      vertex -89.8767 4.71024 10
    endloop
  endfacet
  facet normal 0 0 1
    outer loop
      vertex -73.2583 -6.5 10
      vertex -89.507 -9.40756 10
      vertex -88.892 -14.0791 10
    endloop
  endfacet
  facet normal 0 0 1
    outer loop
      vertex -74.8888 1.69684 10
      vertex -90 0 10
      vertex -75 0 10
    endloop
  endfacet
  facet normal 0 0 1
    outer loop
      vertex -74.557 -3.36465 10
      vertex -89.8767 -4.71024 10
      vertex -89.507 -9.40756 10
    endloop
  endfacet
  facet normal 0 0 1
    outer loop
      vertex -74.8888 -1.69684 10
      vertex -90 0 10
      vertex -89.8767 -4.71024 10
    endloop
  endfacet
  facet normal -0 0 1
    outer loop
      vertex 3.00261 -1.24372 10
      vertex 10.2584 -24.2487 10
      vertex 3.13926 -0.841162 10
    endloop
  endfacet
  facet normal -0 0 1
    outer loop
      vertex 2.81458 -1.625 10
      vertex 10.2584 -24.2487 10
      vertex 3.00261 -1.24372 10
    endloop
  endfacet
  facet normal -0 0 1
    outer loop
      vertex 2.5784 -1.97847 10
      vertex 10.2584 -24.2487 10
      vertex 2.81458 -1.625 10
    endloop
  endfacet
  facet normal -0 0 1
    outer loop
      vertex 2.2981 -2.2981 10
      vertex 10.2584 -24.2487 10
      vertex 2.5784 -1.97847 10
    endloop
  endfacet
  facet normal 0 0 1
    outer loop
      vertex 21.8076 -62.886 10
      vertex 9.40756 -89.507 10
      vertex 14.0791 -88.892 10
    endloop
  endfacet
  facet normal -0 0 1
    outer loop
      vertex 1.97847 -2.5784 10
      vertex 10.2584 -24.2487 10
      vertex 2.2981 -2.2981 10
    endloop
  endfacet
  facet normal -0 0 1
    outer loop
      vertex 1.625 -2.81458 10
      vertex 10.2584 -24.2487 10
      vertex 1.97847 -2.5784 10
    endloop
  endfacet
  facet normal -0 0 1
    outer loop
      vertex 1.24372 -3.00261 10
      vertex 10.2584 -24.2487 10
      vertex 1.625 -2.81458 10
    endloop
  endfacet
  facet normal -0 0 1
    outer loop
      vertex 0.841162 -3.13926 10
      vertex 10.2584 -24.2487 10
      vertex 1.24372 -3.00261 10
    endloop
  endfacet
  facet normal -0 0 1
    outer loop
      vertex 0.42421 -3.2222 10
      vertex 10.2584 -24.2487 10
      vertex 0.841162 -3.13926 10
    endloop
  endfacet
  facet normal -0 0 1
    outer loop
      vertex 0 -3.25 10
      vertex 10.2584 -24.2487 10
      vertex 0.42421 -3.2222 10
    endloop
  endfacet
  facet normal 0 0 1
    outer loop
      vertex -0.42421 -3.2222 10
      vertex 10.2584 -24.2487 10
      vertex 0 -3.25 10
    endloop
  endfacet
  facet normal 0 0 1
    outer loop
      vertex 20.6864 -61.6075 10
      vertex 4.71024 -89.8767 10
      vertex 9.40756 -89.507 10
    endloop
  endfacet
  facet normal 0 0 1
    outer loop
      vertex -0.841162 -3.13926 10
      vertex 10.2584 -24.2487 10
      vertex -0.42421 -3.2222 10
    endloop
  endfacet
  facet normal 0 0 1
    outer loop
      vertex -1.24372 -3.00261 10
      vertex 10.2584 -24.2487 10
      vertex -0.841162 -3.13926 10
    endloop
  endfacet
  facet normal 0 0 1
    outer loop
      vertex 10.2584 -24.2487 10
      vertex -1.24372 -3.00261 10
      vertex -10.2139 -40.291 10
    endloop
  endfacet
  facet normal 0 0 1
    outer loop
      vertex -10.2139 -40.291 10
      vertex -1.24372 -3.00261 10
      vertex -1.625 -2.81458 10
    endloop
  endfacet
  facet normal 0 0 1
    outer loop
      vertex -10.2139 -40.291 10
      vertex -1.625 -2.81458 10
      vertex -1.97847 -2.5784 10
    endloop
  endfacet
  facet normal 0 0 1
    outer loop
      vertex -3.13926 -0.841162 10
      vertex -24.3859 -0.968394 10
      vertex -3.00261 -1.24372 10
    endloop
  endfacet
  facet normal 0 0 1
    outer loop
      vertex -24.3859 -0.968394 10
      vertex -3.13926 -0.841162 10
      vertex -24.3857 -0.967286 10
    endloop
  endfacet
  facet normal 0 0 1
    outer loop
      vertex -24.3857 -0.967286 10
      vertex -3.13926 -0.841162 10
      vertex -24.2904 -0.488375 10
    endloop
  endfacet
  facet normal 0 0 1
    outer loop
      vertex -3.2222 -0.42421 10
      vertex -24.2904 -0.488375 10
      vertex -3.13926 -0.841162 10
    endloop
  endfacet
  facet normal 0 0 1
    outer loop
      vertex -24.2904 -0.488375 10
      vertex -3.2222 -0.42421 10
      vertex -24.2585 -0.00112719 10
    endloop
  endfacet
  facet normal 0 0 1
    outer loop
      vertex -3.25 0 10
      vertex -24.2585 -0.00112719 10
      vertex -3.2222 -0.42421 10
    endloop
  endfacet
  facet normal 0 0 1
    outer loop
      vertex -2.2981 2.2981 10
      vertex -25.0316 2.27774 10
      vertex -2.5784 1.97847 10
    endloop
  endfacet
  facet normal 0 0 1
    outer loop
      vertex 19.7417 -60.1936 10
      vertex 0 -90 10
      vertex 4.71024 -89.8767 10
    endloop
  endfacet
  facet normal 0 -0 1
    outer loop
      vertex -25.0316 2.27774 10
      vertex -2.2981 2.2981 10
      vertex -25.3535 2.64486 10
    endloop
  endfacet
  facet normal 0 0 1
    outer loop
      vertex -10.2139 40.291 10
      vertex -4.71024 89.8767 10
      vertex -9.40756 89.507 10
    endloop
  endfacet
  facet normal 0 0 1
    outer loop
      vertex -24.2585 -0.00112719 10
      vertex -3.25 0 10
      vertex -24.2584 0 10
    endloop
  endfacet
  facet normal 0 0 1
    outer loop
      vertex 18.9896 -58.6685 10
      vertex -4.71024 -89.8767 10
      vertex 0 -90 10
    endloop
  endfacet
  facet normal -0 0 1
    outer loop
      vertex -14.0791 88.892 10
      vertex -10.2139 40.291 10
      vertex -9.40756 89.507 10
    endloop
  endfacet
  facet normal -0 0 1
    outer loop
      vertex -18.7121 88.0333 10
      vertex -10.2139 40.291 10
      vertex -14.0791 88.892 10
    endloop
  endfacet
  facet normal -0 0 1
    outer loop
      vertex -23.2937 86.9333 10
      vertex -10.2139 40.291 10
      vertex -18.7121 88.0333 10
    endloop
  endfacet
  facet normal -0 0 1
    outer loop
      vertex -27.8115 85.5951 10
      vertex -10.2139 40.291 10
      vertex -23.2937 86.9333 10
    endloop
  endfacet
  facet normal -0 0 1
    outer loop
      vertex -32.2531 84.0222 10
      vertex -10.2139 40.291 10
      vertex -27.8115 85.5951 10
    endloop
  endfacet
  facet normal 0 0 1
    outer loop
      vertex -10.2139 40.291 10
      vertex -32.2531 84.0222 10
      vertex -34.8428 82.9495 10
    endloop
  endfacet
  facet normal -0 0 1
    outer loop
      vertex 17.7415 24.2476 10
      vertex 17.7416 -24.2487 10
      vertex 17.7416 24.2487 10
    endloop
  endfacet
  facet normal 0 0 1
    outer loop
      vertex 17.7415 24.2476 10
      vertex 17.7415 -24.2476 10
      vertex 17.7416 -24.2487 10
    endloop
  endfacet
  facet normal -0 0 1
    outer loop
      vertex 17.7096 23.7603 10
      vertex 17.7415 -24.2476 10
      vertex 17.7415 24.2476 10
    endloop
  endfacet
  facet normal 0 0 1
    outer loop
      vertex 17.7096 23.7603 10
      vertex 17.7096 -23.7603 10
      vertex 17.7415 -24.2476 10
    endloop
  endfacet
  facet normal -0 0 1
    outer loop
      vertex 17.6143 23.2814 10
      vertex 17.7096 -23.7603 10
      vertex 17.7096 23.7603 10
    endloop
  endfacet
  facet normal 0 0 1
    outer loop
      vertex 17.6143 23.2814 10
      vertex 17.6143 -23.2814 10
      vertex 17.7096 -23.7603 10
    endloop
  endfacet
  facet normal -0 0 1
    outer loop
      vertex 17.6141 23.2803 10
      vertex 17.6143 -23.2814 10
      vertex 17.6143 23.2814 10
    endloop
  endfacet
  facet normal 0 0 1
    outer loop
      vertex 17.6141 23.2803 10
      vertex 17.6141 -23.2803 10
      vertex 17.6143 -23.2814 10
    endloop
  endfacet
  facet normal -0 0 1
    outer loop
      vertex 17.6137 23.2792 10
      vertex 17.6141 -23.2803 10
      vertex 17.6141 23.2803 10
    endloop
  endfacet
  facet normal 0 0 1
    outer loop
      vertex 17.6137 23.2792 10
      vertex 17.6137 -23.2792 10
      vertex 17.6141 -23.2803 10
    endloop
  endfacet
  facet normal -0 0 1
    outer loop
      vertex 17.4568 22.8169 10
      vertex 17.6137 -23.2792 10
      vertex 17.6137 23.2792 10
    endloop
  endfacet
  facet normal 0 0 1
    outer loop
      vertex 17.4568 22.8169 10
      vertex 17.4568 -22.8169 10
      vertex 17.6137 -23.2792 10
    endloop
  endfacet
  facet normal -0 0 1
    outer loop
      vertex 17.2408 22.3789 10
      vertex 17.4568 -22.8169 10
      vertex 17.4568 22.8169 10
    endloop
  endfacet
  facet normal 0 0 1
    outer loop
      vertex 17.2408 22.3789 10
      vertex 17.2408 -22.3789 10
      vertex 17.4568 -22.8169 10
    endloop
  endfacet
  facet normal -0 0 1
    outer loop
      vertex 17.2403 22.3779 10
      vertex 17.2408 -22.3789 10
      vertex 17.2408 22.3789 10
    endloop
  endfacet
  facet normal 0 0 1
    outer loop
      vertex 17.2403 22.3779 10
      vertex 17.2403 -22.3779 10
      vertex 17.2408 -22.3789 10
    endloop
  endfacet
  facet normal -0 0 1
    outer loop
      vertex 17.2397 22.377 10
      vertex 17.2403 -22.3779 10
      vertex 17.2403 22.3779 10
    endloop
  endfacet
  facet normal 0 0 1
    outer loop
      vertex 17.2397 22.377 10
      vertex 17.2397 -22.377 10
      vertex 17.2403 -22.3779 10
    endloop
  endfacet
  facet normal -0 0 1
    outer loop
      vertex 16.9684 21.971 10
      vertex 17.2397 -22.377 10
      vertex 17.2397 22.377 10
    endloop
  endfacet
  facet normal 0 0 1
    outer loop
      vertex 16.9684 21.971 10
      vertex 16.9684 -21.971 10
      vertex 17.2397 -22.377 10
    endloop
  endfacet
  facet normal -0 0 1
    outer loop
      vertex 16.6465 21.6039 10
      vertex 16.9684 -21.971 10
      vertex 16.9684 21.971 10
    endloop
  endfacet
  facet normal 0 0 1
    outer loop
      vertex 16.6465 21.6039 10
      vertex 16.6465 -21.6039 10
      vertex 16.9684 -21.971 10
    endloop
  endfacet
  facet normal -0 0 1
    outer loop
      vertex 16.6457 21.603 10
      vertex 16.6465 -21.6039 10
      vertex 16.6465 21.6039 10
    endloop
  endfacet
  facet normal 0 0 1
    outer loop
      vertex 16.6457 21.603 10
      vertex 16.6457 -21.603 10
      vertex 16.6465 -21.6039 10
    endloop
  endfacet
  facet normal -0 0 1
    outer loop
      vertex 16.6449 21.6023 10
      vertex 16.6457 -21.603 10
      vertex 16.6457 21.603 10
    endloop
  endfacet
  facet normal 0 0 1
    outer loop
      vertex 16.6449 21.6023 10
      vertex 16.6449 -21.6023 10
      vertex 16.6457 -21.603 10
    endloop
  endfacet
  facet normal -0 0 1
    outer loop
      vertex 16.2777 21.2803 10
      vertex 16.6449 -21.6023 10
      vertex 16.6449 21.6023 10
    endloop
  endfacet
  facet normal 0 0 1
    outer loop
      vertex 16.2777 21.2803 10
      vertex 16.2777 -21.2803 10
      vertex 16.6449 -21.6023 10
    endloop
  endfacet
  facet normal -0 0 1
    outer loop
      vertex 15.8717 21.009 10
      vertex 16.2777 -21.2803 10
      vertex 16.2777 21.2803 10
    endloop
  endfacet
  facet normal 0 0 1
    outer loop
      vertex 15.8717 21.009 10
      vertex 15.8717 -21.009 10
      vertex 16.2777 -21.2803 10
    endloop
  endfacet
  facet normal -0 0 1
    outer loop
      vertex 15.8708 21.0084 10
      vertex 15.8717 -21.009 10
      vertex 15.8717 21.009 10
    endloop
  endfacet
  facet normal 0 0 1
    outer loop
      vertex 15.8708 21.0084 10
      vertex 15.8708 -21.0084 10
      vertex 15.8717 -21.009 10
    endloop
  endfacet
  facet normal -0 0 1
    outer loop
      vertex 15.4329 20.7924 10
      vertex 15.8708 -21.0084 10
      vertex 15.8708 21.0084 10
    endloop
  endfacet
  facet normal 0 0 1
    outer loop
      vertex 15.4329 20.7924 10
      vertex 15.4329 -20.7924 10
      vertex 15.8708 -21.0084 10
    endloop
  endfacet
  facet normal -0 0 1
    outer loop
      vertex 15.4318 20.7919 10
      vertex 15.4329 -20.7924 10
      vertex 15.4329 20.7924 10
    endloop
  endfacet
  facet normal 0 0 1
    outer loop
      vertex 15.4318 20.7919 10
      vertex 15.4318 -20.7919 10
      vertex 15.4329 -20.7924 10
    endloop
  endfacet
  facet normal -0 0 1
    outer loop
      vertex 14.9695 20.635 10
      vertex 15.4318 -20.7919 10
      vertex 15.4318 20.7919 10
    endloop
  endfacet
  facet normal 0 0 1
    outer loop
      vertex 14.9695 20.635 10
      vertex 14.9695 -20.635 10
      vertex 15.4318 -20.7919 10
    endloop
  endfacet
  facet normal -0 0 1
    outer loop
      vertex 14.9684 20.6346 10
      vertex 14.9695 -20.635 10
      vertex 14.9695 20.635 10
    endloop
  endfacet
  facet normal 0 0 1
    outer loop
      vertex 14.9684 20.6346 10
      vertex 14.9684 -20.6346 10
      vertex 14.9695 -20.635 10
    endloop
  endfacet
  facet normal -0 0 1
    outer loop
      vertex 14.9673 20.6344 10
      vertex 14.9684 -20.6346 10
      vertex 14.9684 20.6346 10
    endloop
  endfacet
  facet normal 0 0 1
    outer loop
      vertex 14.9673 20.6344 10
      vertex 14.9673 -20.6344 10
      vertex 14.9684 -20.6346 10
    endloop
  endfacet
  facet normal -0 0 1
    outer loop
      vertex 14.4884 20.5391 10
      vertex 14.9673 -20.6344 10
      vertex 14.9673 20.6344 10
    endloop
  endfacet
  facet normal 0 0 1
    outer loop
      vertex 14.4884 20.5391 10
      vertex 14.4884 -20.5391 10
      vertex 14.9673 -20.6344 10
    endloop
  endfacet
  facet normal -0 0 1
    outer loop
      vertex 14.4872 20.5391 10
      vertex 14.4884 -20.5391 10
      vertex 14.4884 20.5391 10
    endloop
  endfacet
  facet normal 0 0 1
    outer loop
      vertex 14.4872 20.5391 10
      vertex 14.4872 -20.5391 10
      vertex 14.4884 -20.5391 10
    endloop
  endfacet
  facet normal -0 0 1
    outer loop
      vertex 14 20.5071 10
      vertex 14.4872 -20.5391 10
      vertex 14.4872 20.5391 10
    endloop
  endfacet
  facet normal 0 0 1
    outer loop
      vertex 14 20.5071 10
      vertex 14 -20.5071 10
      vertex 14.4872 -20.5391 10
    endloop
  endfacet
  facet normal 0 0 1
    outer loop
      vertex 13.9989 20.5072 10
      vertex 14 -20.5071 10
      vertex 14 20.5071 10
    endloop
  endfacet
  facet normal 0 0 1
    outer loop
      vertex 13.9989 20.5072 10
      vertex 13.9989 -20.5072 10
      vertex 14 -20.5071 10
    endloop
  endfacet
  facet normal 0 0 1
    outer loop
      vertex 13.5116 20.5391 10
      vertex 13.9989 -20.5072 10
      vertex 13.9989 20.5072 10
    endloop
  endfacet
  facet normal 0 0 1
    outer loop
      vertex 13.5116 20.5391 10
      vertex 13.5116 -20.5391 10
      vertex 13.9989 -20.5072 10
    endloop
  endfacet
  facet normal 0 0 1
    outer loop
      vertex 13.0327 20.6344 10
      vertex 13.5116 -20.5391 10
      vertex 13.5116 20.5391 10
    endloop
  endfacet
  facet normal 0 0 1
    outer loop
      vertex 13.0327 20.6344 10
      vertex 13.0327 -20.6344 10
      vertex 13.5116 -20.5391 10
    endloop
  endfacet
  facet normal 0 0 1
    outer loop
      vertex 13.0316 20.6346 10
      vertex 13.0327 -20.6344 10
      vertex 13.0327 20.6344 10
    endloop
  endfacet
  facet normal 0 0 1
    outer loop
      vertex 13.0316 20.6346 10
      vertex 13.0316 -20.6346 10
      vertex 13.0327 -20.6344 10
    endloop
  endfacet
  facet normal 0 0 1
    outer loop
      vertex 13.0305 20.635 10
      vertex 13.0316 -20.6346 10
      vertex 13.0316 20.6346 10
    endloop
  endfacet
  facet normal 0 0 1
    outer loop
      vertex 13.0305 20.635 10
      vertex 13.0305 -20.635 10
      vertex 13.0316 -20.6346 10
    endloop
  endfacet
  facet normal 0 0 1
    outer loop
      vertex 12.5682 20.7919 10
      vertex 13.0305 -20.635 10
      vertex 13.0305 20.635 10
    endloop
  endfacet
  facet normal 0 0 1
    outer loop
      vertex 12.5682 20.7919 10
      vertex 12.5682 -20.7919 10
      vertex 13.0305 -20.635 10
    endloop
  endfacet
  facet normal 0 0 1
    outer loop
      vertex 12.1302 21.0079 10
      vertex 12.5682 -20.7919 10
      vertex 12.5682 20.7919 10
    endloop
  endfacet
  facet normal 0 0 1
    outer loop
      vertex 12.1302 21.0079 10
      vertex 12.1302 -21.0079 10
      vertex 12.5682 -20.7919 10
    endloop
  endfacet
  facet normal 0 0 1
    outer loop
      vertex 12.1292 21.0084 10
      vertex 12.1302 -21.0079 10
      vertex 12.1302 21.0079 10
    endloop
  endfacet
  facet normal 0 0 1
    outer loop
      vertex 12.1292 21.0084 10
      vertex 12.1292 -21.0084 10
      vertex 12.1302 -21.0079 10
    endloop
  endfacet
  facet normal 0 0 1
    outer loop
      vertex 12.1283 21.009 10
      vertex 12.1292 -21.0084 10
      vertex 12.1292 21.0084 10
    endloop
  endfacet
  facet normal 0 0 1
    outer loop
      vertex 12.1283 21.009 10
      vertex 12.1283 -21.009 10
      vertex 12.1292 -21.0084 10
    endloop
  endfacet
  facet normal 0 0 1
    outer loop
      vertex 11.7223 21.2803 10
      vertex 12.1283 -21.009 10
      vertex 12.1283 21.009 10
    endloop
  endfacet
  facet normal 0 0 1
    outer loop
      vertex 11.7223 21.2803 10
      vertex 11.7223 -21.2803 10
      vertex 12.1283 -21.009 10
    endloop
  endfacet
  facet normal 0 0 1
    outer loop
      vertex 11.3551 21.6023 10
      vertex 11.7223 -21.2803 10
      vertex 11.7223 21.2803 10
    endloop
  endfacet
  facet normal 0 0 1
    outer loop
      vertex 11.3551 21.6023 10
      vertex 11.3551 -21.6023 10
      vertex 11.7223 -21.2803 10
    endloop
  endfacet
  facet normal 0 0 1
    outer loop
      vertex 11.3543 21.603 10
      vertex 11.3551 -21.6023 10
      vertex 11.3551 21.6023 10
    endloop
  endfacet
  facet normal 0 0 1
    outer loop
      vertex 11.3543 21.603 10
      vertex 11.3543 -21.603 10
      vertex 11.3551 -21.6023 10
    endloop
  endfacet
  facet normal 0 0 1
    outer loop
      vertex 11.3536 21.6039 10
      vertex 11.3543 -21.603 10
      vertex 11.3543 21.603 10
    endloop
  endfacet
  facet normal 0 0 1
    outer loop
      vertex 11.3536 21.6039 10
      vertex 11.3536 -21.6039 10
      vertex 11.3543 -21.603 10
    endloop
  endfacet
  facet normal 0 0 1
    outer loop
      vertex 11.0316 21.971 10
      vertex 11.3536 -21.6039 10
      vertex 11.3536 21.6039 10
    endloop
  endfacet
  facet normal 0 0 1
    outer loop
      vertex 11.0316 21.971 10
      vertex 11.0316 -21.971 10
      vertex 11.3536 -21.6039 10
    endloop
  endfacet
  facet normal 0 0 1
    outer loop
      vertex 10.7603 22.377 10
      vertex 11.0316 -21.971 10
      vertex 11.0316 21.971 10
    endloop
  endfacet
  facet normal 0 0 1
    outer loop
      vertex 10.7603 22.377 10
      vertex 10.7603 -22.377 10
      vertex 11.0316 -21.971 10
    endloop
  endfacet
  facet normal 0 0 1
    outer loop
      vertex 10.7597 22.3779 10
      vertex 10.7603 -22.377 10
      vertex 10.7603 22.377 10
    endloop
  endfacet
  facet normal 0 0 1
    outer loop
      vertex 10.7597 22.3779 10
      vertex 10.7597 -22.3779 10
      vertex 10.7603 -22.377 10
    endloop
  endfacet
  facet normal 0 0 1
    outer loop
      vertex 10.5437 22.8159 10
      vertex 10.7597 -22.3779 10
      vertex 10.7597 22.3779 10
    endloop
  endfacet
  facet normal 0 0 1
    outer loop
      vertex 10.5437 22.8159 10
      vertex 10.5437 -22.8159 10
      vertex 10.7597 -22.3779 10
    endloop
  endfacet
  facet normal 0 0 1
    outer loop
      vertex 10.5432 22.8169 10
      vertex 10.5437 -22.8159 10
      vertex 10.5437 22.8159 10
    endloop
  endfacet
  facet normal 0 0 1
    outer loop
      vertex 10.5432 22.8169 10
      vertex 10.5432 -22.8169 10
      vertex 10.5437 -22.8159 10
    endloop
  endfacet
  facet normal 0 0 1
    outer loop
      vertex 10.3863 23.2792 10
      vertex 10.5432 -22.8169 10
      vertex 10.5432 22.8169 10
    endloop
  endfacet
  facet normal 0 0 1
    outer loop
      vertex 10.3863 23.2792 10
      vertex 10.3863 -23.2792 10
      vertex 10.5432 -22.8169 10
    endloop
  endfacet
  facet normal 0 0 1
    outer loop
      vertex 10.3859 23.2803 10
      vertex 10.3863 -23.2792 10
      vertex 10.3863 23.2792 10
    endloop
  endfacet
  facet normal 0 0 1
    outer loop
      vertex 10.3859 23.2803 10
      vertex 10.3859 -23.2803 10
      vertex 10.3863 -23.2792 10
    endloop
  endfacet
  facet normal 0 0 1
    outer loop
      vertex 10.3857 23.2814 10
      vertex 10.3859 -23.2803 10
      vertex 10.3859 23.2803 10
    endloop
  endfacet
  facet normal 0 0 1
    outer loop
      vertex 10.3857 23.2814 10
      vertex 10.3857 -23.2814 10
      vertex 10.3859 -23.2803 10
    endloop
  endfacet
  facet normal 0 0 1
    outer loop
      vertex 10.2904 23.7603 10
      vertex 10.3857 -23.2814 10
      vertex 10.3857 23.2814 10
    endloop
  endfacet
  facet normal 0 0 1
    outer loop
      vertex 10.2904 23.7603 10
      vertex 10.2904 -23.7603 10
      vertex 10.3857 -23.2814 10
    endloop
  endfacet
  facet normal 0 0 1
    outer loop
      vertex 10.2903 23.7615 10
      vertex 10.2904 -23.7603 10
      vertex 10.2904 23.7603 10
    endloop
  endfacet
  facet normal 0 0 1
    outer loop
      vertex 10.2903 23.7615 10
      vertex 10.2903 -23.7615 10
      vertex 10.2904 -23.7603 10
    endloop
  endfacet
  facet normal 0 0 1
    outer loop
      vertex 10.2584 24.2487 10
      vertex 10.2903 -23.7615 10
      vertex 10.2903 23.7615 10
    endloop
  endfacet
  facet normal 0 0 1
    outer loop
      vertex 10.2903 -23.7615 10
      vertex 10.2584 24.2487 10
      vertex 10.2584 -24.2487 10
    endloop
  endfacet
  facet normal -0.980784 0.195097 0
    outer loop
      vertex 3.13926 -0.841162 0
      vertex 3.2222 -0.42421 10
      vertex 3.2222 -0.42421 0
    endloop
  endfacet
  facet normal -0.980784 0.195097 0
    outer loop
      vertex 3.2222 -0.42421 10
      vertex 3.13926 -0.841162 0
      vertex 3.13926 -0.841162 10
    endloop
  endfacet
  facet normal -0.99786 0.0653933 0
    outer loop
      vertex 3.2222 -0.42421 0
      vertex 3.25 0 10
      vertex 3.25 0 0
    endloop
  endfacet
  facet normal -0.99786 0.0653933 0
    outer loop
      vertex 3.25 0 10
      vertex 3.2222 -0.42421 0
      vertex 3.2222 -0.42421 10
    endloop
  endfacet
  facet normal -0.94693 0.321439 0
    outer loop
      vertex 3.00261 -1.24372 0
      vertex 3.13926 -0.841162 10
      vertex 3.13926 -0.841162 0
    endloop
  endfacet
  facet normal -0.94693 0.321439 0
    outer loop
      vertex 3.13926 -0.841162 10
      vertex 3.00261 -1.24372 0
      vertex 3.00261 -1.24372 10
    endloop
  endfacet
  facet normal -0.896869 0.442295 0
    outer loop
      vertex 2.81458 -1.625 0
      vertex 3.00261 -1.24372 10
      vertex 3.00261 -1.24372 0
    endloop
  endfacet
  facet normal -0.896869 0.442295 0
    outer loop
      vertex 3.00261 -1.24372 10
      vertex 2.81458 -1.625 0
      vertex 2.81458 -1.625 10
    endloop
  endfacet
  facet normal -0.831471 0.555568 0
    outer loop
      vertex 2.5784 -1.97847 0
      vertex 2.81458 -1.625 10
      vertex 2.81458 -1.625 0
    endloop
  endfacet
  facet normal -0.831471 0.555568 0
    outer loop
      vertex 2.81458 -1.625 10
      vertex 2.5784 -1.97847 0
      vertex 2.5784 -1.97847 10
    endloop
  endfacet
  facet normal 0.442295 0.896869 -0
    outer loop
      vertex -1.24372 -3.00261 0
      vertex -1.625 -2.81458 10
      vertex -1.24372 -3.00261 10
    endloop
  endfacet
  facet normal 0.442295 0.896869 0
    outer loop
      vertex -1.625 -2.81458 10
      vertex -1.24372 -3.00261 0
      vertex -1.625 -2.81458 0
    endloop
  endfacet
  facet normal -0.659335 0.751849 0
    outer loop
      vertex 2.2981 -2.2981 0
      vertex 1.97847 -2.5784 10
      vertex 2.2981 -2.2981 10
    endloop
  endfacet
  facet normal -0.659335 0.751849 0
    outer loop
      vertex 1.97847 -2.5784 10
      vertex 2.2981 -2.2981 0
      vertex 1.97847 -2.5784 0
    endloop
  endfacet
  facet normal 0.0653933 0.99786 -0
    outer loop
      vertex 0 -3.25 0
      vertex -0.42421 -3.2222 10
      vertex 0 -3.25 10
    endloop
  endfacet
  facet normal 0.0653933 0.99786 0
    outer loop
      vertex -0.42421 -3.2222 10
      vertex 0 -3.25 0
      vertex -0.42421 -3.2222 0
    endloop
  endfacet
  facet normal -0.0653933 -0.99786 0
    outer loop
      vertex 0 3.25 0
      vertex 0.42421 3.2222 10
      vertex 0 3.25 10
    endloop
  endfacet
  facet normal -0.0653933 -0.99786 -0
    outer loop
      vertex 0.42421 3.2222 10
      vertex 0 3.25 0
      vertex 0.42421 3.2222 0
    endloop
  endfacet
  facet normal -0.442295 0.896869 0
    outer loop
      vertex 1.625 -2.81458 0
      vertex 1.24372 -3.00261 10
      vertex 1.625 -2.81458 10
    endloop
  endfacet
  facet normal -0.442295 0.896869 0
    outer loop
      vertex 1.24372 -3.00261 10
      vertex 1.625 -2.81458 0
      vertex 1.24372 -3.00261 0
    endloop
  endfacet
  facet normal -0.751849 0.659335 0
    outer loop
      vertex 2.2981 -2.2981 0
      vertex 2.5784 -1.97847 10
      vertex 2.5784 -1.97847 0
    endloop
  endfacet
  facet normal -0.751849 0.659335 0
    outer loop
      vertex 2.5784 -1.97847 10
      vertex 2.2981 -2.2981 0
      vertex 2.2981 -2.2981 10
    endloop
  endfacet
  facet normal 0.980784 0.195097 0
    outer loop
      vertex -3.13926 -0.841162 10
      vertex -3.2222 -0.42421 0
      vertex -3.2222 -0.42421 10
    endloop
  endfacet
  facet normal 0.980784 0.195097 0
    outer loop
      vertex -3.2222 -0.42421 0
      vertex -3.13926 -0.841162 10
      vertex -3.13926 -0.841162 0
    endloop
  endfacet
  facet normal -0.980784 -0.195097 0
    outer loop
      vertex 3.2222 0.42421 0
      vertex 3.13926 0.841162 10
      vertex 3.13926 0.841162 0
    endloop
  endfacet
  facet normal -0.980784 -0.195097 0
    outer loop
      vertex 3.13926 0.841162 10
      vertex 3.2222 0.42421 0
      vertex 3.2222 0.42421 10
    endloop
  endfacet
  facet normal -0.555568 -0.831471 0
    outer loop
      vertex 1.625 2.81458 0
      vertex 1.97847 2.5784 10
      vertex 1.625 2.81458 10
    endloop
  endfacet
  facet normal -0.555568 -0.831471 -0
    outer loop
      vertex 1.97847 2.5784 10
      vertex 1.625 2.81458 0
      vertex 1.97847 2.5784 0
    endloop
  endfacet
  facet normal 0.99786 0.0653933 0
    outer loop
      vertex -3.2222 -0.42421 10
      vertex -3.25 0 0
      vertex -3.25 0 10
    endloop
  endfacet
  facet normal 0.99786 0.0653933 0
    outer loop
      vertex -3.25 0 0
      vertex -3.2222 -0.42421 10
      vertex -3.2222 -0.42421 0
    endloop
  endfacet
  facet normal 0.659335 0.751849 -0
    outer loop
      vertex -1.97847 -2.5784 0
      vertex -2.2981 -2.2981 10
      vertex -1.97847 -2.5784 10
    endloop
  endfacet
  facet normal 0.659335 0.751849 0
    outer loop
      vertex -2.2981 -2.2981 10
      vertex -1.97847 -2.5784 0
      vertex -2.2981 -2.2981 0
    endloop
  endfacet
  facet normal 0.659335 -0.751849 0
    outer loop
      vertex -2.2981 2.2981 0
      vertex -1.97847 2.5784 10
      vertex -2.2981 2.2981 10
    endloop
  endfacet
  facet normal 0.659335 -0.751849 0
    outer loop
      vertex -1.97847 2.5784 10
      vertex -2.2981 2.2981 0
      vertex -1.97847 2.5784 0
    endloop
  endfacet
  facet normal -0.831471 -0.555568 0
    outer loop
      vertex 2.81458 1.625 0
      vertex 2.5784 1.97847 10
      vertex 2.5784 1.97847 0
    endloop
  endfacet
  facet normal -0.831471 -0.555568 0
    outer loop
      vertex 2.5784 1.97847 10
      vertex 2.81458 1.625 0
      vertex 2.81458 1.625 10
    endloop
  endfacet
  facet normal 0.195097 -0.980784 0
    outer loop
      vertex -0.841162 3.13926 0
      vertex -0.42421 3.2222 10
      vertex -0.841162 3.13926 10
    endloop
  endfacet
  facet normal 0.195097 -0.980784 0
    outer loop
      vertex -0.42421 3.2222 10
      vertex -0.841162 3.13926 0
      vertex -0.42421 3.2222 0
    endloop
  endfacet
  facet normal -0.555568 0.831471 0
    outer loop
      vertex 1.97847 -2.5784 0
      vertex 1.625 -2.81458 10
      vertex 1.97847 -2.5784 10
    endloop
  endfacet
  facet normal -0.555568 0.831471 0
    outer loop
      vertex 1.625 -2.81458 10
      vertex 1.97847 -2.5784 0
      vertex 1.625 -2.81458 0
    endloop
  endfacet
  facet normal -0.751849 -0.659335 0
    outer loop
      vertex 2.5784 1.97847 0
      vertex 2.2981 2.2981 10
      vertex 2.2981 2.2981 0
    endloop
  endfacet
  facet normal -0.751849 -0.659335 0
    outer loop
      vertex 2.2981 2.2981 10
      vertex 2.5784 1.97847 0
      vertex 2.5784 1.97847 10
    endloop
  endfacet
  facet normal -0.94693 -0.321439 0
    outer loop
      vertex 3.13926 0.841162 0
      vertex 3.00261 1.24372 10
      vertex 3.00261 1.24372 0
    endloop
  endfacet
  facet normal -0.94693 -0.321439 0
    outer loop
      vertex 3.00261 1.24372 10
      vertex 3.13926 0.841162 0
      vertex 3.13926 0.841162 10
    endloop
  endfacet
  facet normal 0.321439 -0.94693 0
    outer loop
      vertex -1.24372 3.00261 0
      vertex -0.841162 3.13926 10
      vertex -1.24372 3.00261 10
    endloop
  endfacet
  facet normal 0.321439 -0.94693 0
    outer loop
      vertex -0.841162 3.13926 10
      vertex -1.24372 3.00261 0
      vertex -0.841162 3.13926 0
    endloop
  endfacet
  facet normal -0.321439 0.94693 0
    outer loop
      vertex 1.24372 -3.00261 0
      vertex 0.841162 -3.13926 10
      vertex 1.24372 -3.00261 10
    endloop
  endfacet
  facet normal -0.321439 0.94693 0
    outer loop
      vertex 0.841162 -3.13926 10
      vertex 1.24372 -3.00261 0
      vertex 0.841162 -3.13926 0
    endloop
  endfacet
  facet normal 0.751849 0.659335 0
    outer loop
      vertex -2.2981 -2.2981 10
      vertex -2.5784 -1.97847 0
      vertex -2.5784 -1.97847 10
    endloop
  endfacet
  facet normal 0.751849 0.659335 0
    outer loop
      vertex -2.5784 -1.97847 0
      vertex -2.2981 -2.2981 10
      vertex -2.2981 -2.2981 0
    endloop
  endfacet
  facet normal -0.896869 -0.442295 0
    outer loop
      vertex 3.00261 1.24372 0
      vertex 2.81458 1.625 10
      vertex 2.81458 1.625 0
    endloop
  endfacet
  facet normal -0.896869 -0.442295 0
    outer loop
      vertex 2.81458 1.625 10
      vertex 3.00261 1.24372 0
      vertex 3.00261 1.24372 10
    endloop
  endfacet
  facet normal 0.99786 -0.0653933 0
    outer loop
      vertex -3.25 0 10
      vertex -3.2222 0.42421 0
      vertex -3.2222 0.42421 10
    endloop
  endfacet
  facet normal 0.99786 -0.0653933 0
    outer loop
      vertex -3.2222 0.42421 0
      vertex -3.25 0 10
      vertex -3.25 0 0
    endloop
  endfacet
  facet normal 0.751849 -0.659335 0
    outer loop
      vertex -2.5784 1.97847 10
      vertex -2.2981 2.2981 0
      vertex -2.2981 2.2981 10
    endloop
  endfacet
  facet normal 0.751849 -0.659335 0
    outer loop
      vertex -2.2981 2.2981 0
      vertex -2.5784 1.97847 10
      vertex -2.5784 1.97847 0
    endloop
  endfacet
  facet normal 0.321439 0.94693 -0
    outer loop
      vertex -0.841162 -3.13926 0
      vertex -1.24372 -3.00261 10
      vertex -0.841162 -3.13926 10
    endloop
  endfacet
  facet normal 0.321439 0.94693 0
    outer loop
      vertex -1.24372 -3.00261 10
      vertex -0.841162 -3.13926 0
      vertex -1.24372 -3.00261 0
    endloop
  endfacet
  facet normal 0.94693 -0.321439 0
    outer loop
      vertex -3.13926 0.841162 10
      vertex -3.00261 1.24372 0
      vertex -3.00261 1.24372 10
    endloop
  endfacet
  facet normal 0.94693 -0.321439 0
    outer loop
      vertex -3.00261 1.24372 0
      vertex -3.13926 0.841162 10
      vertex -3.13926 0.841162 0
    endloop
  endfacet
  facet normal 0.896869 0.442295 0
    outer loop
      vertex -2.81458 -1.625 10
      vertex -3.00261 -1.24372 0
      vertex -3.00261 -1.24372 10
    endloop
  endfacet
  facet normal 0.896869 0.442295 0
    outer loop
      vertex -3.00261 -1.24372 0
      vertex -2.81458 -1.625 10
      vertex -2.81458 -1.625 0
    endloop
  endfacet
  facet normal -0.0653933 0.99786 0
    outer loop
      vertex 0.42421 -3.2222 0
      vertex 0 -3.25 10
      vertex 0.42421 -3.2222 10
    endloop
  endfacet
  facet normal -0.0653933 0.99786 0
    outer loop
      vertex 0 -3.25 10
      vertex 0.42421 -3.2222 0
      vertex 0 -3.25 0
    endloop
  endfacet
  facet normal -0.99786 -0.0653933 0
    outer loop
      vertex 3.25 0 0
      vertex 3.2222 0.42421 10
      vertex 3.2222 0.42421 0
    endloop
  endfacet
  facet normal -0.99786 -0.0653933 0
    outer loop
      vertex 3.2222 0.42421 10
      vertex 3.25 0 0
      vertex 3.25 0 10
    endloop
  endfacet
  facet normal -0.321439 -0.94693 0
    outer loop
      vertex 0.841162 3.13926 0
      vertex 1.24372 3.00261 10
      vertex 0.841162 3.13926 10
    endloop
  endfacet
  facet normal -0.321439 -0.94693 -0
    outer loop
      vertex 1.24372 3.00261 10
      vertex 0.841162 3.13926 0
      vertex 1.24372 3.00261 0
    endloop
  endfacet
  facet normal 0.195097 0.980784 -0
    outer loop
      vertex -0.42421 -3.2222 0
      vertex -0.841162 -3.13926 10
      vertex -0.42421 -3.2222 10
    endloop
  endfacet
  facet normal 0.195097 0.980784 0
    outer loop
      vertex -0.841162 -3.13926 10
      vertex -0.42421 -3.2222 0
      vertex -0.841162 -3.13926 0
    endloop
  endfacet
  facet normal 0.555568 0.831471 -0
    outer loop
      vertex -1.625 -2.81458 0
      vertex -1.97847 -2.5784 10
      vertex -1.625 -2.81458 10
    endloop
  endfacet
  facet normal 0.555568 0.831471 0
    outer loop
      vertex -1.97847 -2.5784 10
      vertex -1.625 -2.81458 0
      vertex -1.97847 -2.5784 0
    endloop
  endfacet
  facet normal 0.0653933 -0.99786 0
    outer loop
      vertex -0.42421 3.2222 0
      vertex 0 3.25 10
      vertex -0.42421 3.2222 10
    endloop
  endfacet
  facet normal 0.0653933 -0.99786 0
    outer loop
      vertex 0 3.25 10
      vertex -0.42421 3.2222 0
      vertex 0 3.25 0
    endloop
  endfacet
  facet normal 0.94693 0.321439 0
    outer loop
      vertex -3.00261 -1.24372 10
      vertex -3.13926 -0.841162 0
      vertex -3.13926 -0.841162 10
    endloop
  endfacet
  facet normal 0.94693 0.321439 0
    outer loop
      vertex -3.13926 -0.841162 0
      vertex -3.00261 -1.24372 10
      vertex -3.00261 -1.24372 0
    endloop
  endfacet
  facet normal 0.980784 -0.195097 0
    outer loop
      vertex -3.2222 0.42421 10
      vertex -3.13926 0.841162 0
      vertex -3.13926 0.841162 10
    endloop
  endfacet
  facet normal 0.980784 -0.195097 0
    outer loop
      vertex -3.13926 0.841162 0
      vertex -3.2222 0.42421 10
      vertex -3.2222 0.42421 0
    endloop
  endfacet
  facet normal 0.831471 0.555568 0
    outer loop
      vertex -2.5784 -1.97847 10
      vertex -2.81458 -1.625 0
      vertex -2.81458 -1.625 10
    endloop
  endfacet
  facet normal 0.831471 0.555568 0
    outer loop
      vertex -2.81458 -1.625 0
      vertex -2.5784 -1.97847 10
      vertex -2.5784 -1.97847 0
    endloop
  endfacet
  facet normal -0.195097 -0.980784 0
    outer loop
      vertex 0.42421 3.2222 0
      vertex 0.841162 3.13926 10
      vertex 0.42421 3.2222 10
    endloop
  endfacet
  facet normal -0.195097 -0.980784 -0
    outer loop
      vertex 0.841162 3.13926 10
      vertex 0.42421 3.2222 0
      vertex 0.841162 3.13926 0
    endloop
  endfacet
  facet normal -0.195097 0.980784 0
    outer loop
      vertex 0.841162 -3.13926 0
      vertex 0.42421 -3.2222 10
      vertex 0.841162 -3.13926 10
    endloop
  endfacet
  facet normal -0.195097 0.980784 0
    outer loop
      vertex 0.42421 -3.2222 10
      vertex 0.841162 -3.13926 0
      vertex 0.42421 -3.2222 0
    endloop
  endfacet
  facet normal -0.659335 -0.751849 0
    outer loop
      vertex 1.97847 2.5784 0
      vertex 2.2981 2.2981 10
      vertex 1.97847 2.5784 10
    endloop
  endfacet
  facet normal -0.659335 -0.751849 -0
    outer loop
      vertex 2.2981 2.2981 10
      vertex 1.97847 2.5784 0
      vertex 2.2981 2.2981 0
    endloop
  endfacet
  facet normal 0.896869 -0.442295 0
    outer loop
      vertex -3.00261 1.24372 10
      vertex -2.81458 1.625 0
      vertex -2.81458 1.625 10
    endloop
  endfacet
  facet normal 0.896869 -0.442295 0
    outer loop
      vertex -2.81458 1.625 0
      vertex -3.00261 1.24372 10
      vertex -3.00261 1.24372 0
    endloop
  endfacet
  facet normal -0.442295 -0.896869 0
    outer loop
      vertex 1.24372 3.00261 0
      vertex 1.625 2.81458 10
      vertex 1.24372 3.00261 10
    endloop
  endfacet
  facet normal -0.442295 -0.896869 -0
    outer loop
      vertex 1.625 2.81458 10
      vertex 1.24372 3.00261 0
      vertex 1.625 2.81458 0
    endloop
  endfacet
  facet normal 0.555568 -0.831471 0
    outer loop
      vertex -1.97847 2.5784 0
      vertex -1.625 2.81458 10
      vertex -1.97847 2.5784 10
    endloop
  endfacet
  facet normal 0.555568 -0.831471 0
    outer loop
      vertex -1.625 2.81458 10
      vertex -1.97847 2.5784 0
      vertex -1.625 2.81458 0
    endloop
  endfacet
  facet normal 0.442295 -0.896869 0
    outer loop
      vertex -1.625 2.81458 0
      vertex -1.24372 3.00261 10
      vertex -1.625 2.81458 10
    endloop
  endfacet
  facet normal 0.442295 -0.896869 0
    outer loop
      vertex -1.24372 3.00261 10
      vertex -1.625 2.81458 0
      vertex -1.24372 3.00261 0
    endloop
  endfacet
  facet normal 0.831471 -0.555568 0
    outer loop
      vertex -2.81458 1.625 10
      vertex -2.5784 1.97847 0
      vertex -2.5784 1.97847 10
    endloop
  endfacet
  facet normal 0.831471 -0.555568 0
    outer loop
      vertex -2.5784 1.97847 0
      vertex -2.81458 1.625 10
      vertex -2.81458 1.625 0
    endloop
  endfacet
endsolid OpenSCAD_Model
