solid OpenSCAD_Model
  facet normal -0.980801 0.195013 0
    outer loop
      vertex -21.2829 19.5611 5.72205e-07
      vertex -21.2319 19.8176 14.6
      vertex -21.2319 19.8176 5.72205e-07
    endloop
  endfacet
  facet normal -0.980801 0.195013 0
    outer loop
      vertex -21.2319 19.8176 14.6
      vertex -21.2829 19.5611 5.72205e-07
      vertex -21.2829 19.5611 14.6
    endloop
  endfacet
  facet normal -0.831344 0.555758 0
    outer loop
      vertex -21.0321 20.3 5.72205e-07
      vertex -20.8867 20.5175 14.6
      vertex -20.8867 20.5175 5.72205e-07
    endloop
  endfacet
  facet normal -0.831344 0.555758 0
    outer loop
      vertex -20.8867 20.5175 14.6
      vertex -21.0321 20.3 5.72205e-07
      vertex -21.0321 20.3 14.6
    endloop
  endfacet
  facet normal -0.94695 0.321382 0
    outer loop
      vertex -21.2319 19.8176 5.72205e-07
      vertex -21.1478 20.0654 14.6
      vertex -21.1478 20.0654 5.72205e-07
    endloop
  endfacet
  facet normal -0.94695 0.321382 0
    outer loop
      vertex -21.1478 20.0654 14.6
      vertex -21.2319 19.8176 5.72205e-07
      vertex -21.2319 19.8176 14.6
    endloop
  endfacet
  facet normal -0.831344 -0.555758 0
    outer loop
      vertex -20.8867 -20.5175 5.72205e-07
      vertex -21.0321 -20.3 14.6
      vertex -21.0321 -20.3 5.72205e-07
    endloop
  endfacet
  facet normal -0.831344 -0.555758 0
    outer loop
      vertex -21.0321 -20.3 14.6
      vertex -20.8867 -20.5175 5.72205e-07
      vertex -20.8867 -20.5175 14.6
    endloop
  endfacet
  facet normal -0.195013 -0.980801 0
    outer loop
      vertex -19.8176 -21.2319 5.72205e-07
      vertex -19.5611 -21.2829 14.6
      vertex -19.8176 -21.2319 14.6
    endloop
  endfacet
  facet normal -0.195013 -0.980801 -0
    outer loop
      vertex -19.5611 -21.2829 14.6
      vertex -19.8176 -21.2319 5.72205e-07
      vertex -19.5611 -21.2829 5.72205e-07
    endloop
  endfacet
  facet normal 0.751842 0.659343 0
    outer loop
      vertex 20.8867 20.5175 14.6
      vertex 20.7142 20.7142 5.72205e-07
      vertex 20.7142 20.7142 14.6
    endloop
  endfacet
  facet normal 0.751842 0.659343 0
    outer loop
      vertex 20.7142 20.7142 5.72205e-07
      vertex 20.8867 20.5175 14.6
      vertex 20.8867 20.5175 5.72205e-07
    endloop
  endfacet
  facet normal 0 1 -0
    outer loop
      vertex 19.3 21.3 5.72205e-07
      vertex -19.3 21.3 14.6
      vertex 19.3 21.3 14.6
    endloop
  endfacet
  facet normal 0 1 0
    outer loop
      vertex -19.3 21.3 14.6
      vertex 19.3 21.3 5.72205e-07
      vertex -19.3 21.3 5.72205e-07
    endloop
  endfacet
  facet normal -0.89686 0.442314 0
    outer loop
      vertex -21.1478 20.0654 5.72205e-07
      vertex -21.0321 20.3 14.6
      vertex -21.0321 20.3 5.72205e-07
    endloop
  endfacet
  facet normal -0.89686 0.442314 0
    outer loop
      vertex -21.0321 20.3 14.6
      vertex -21.1478 20.0654 5.72205e-07
      vertex -21.1478 20.0654 14.6
    endloop
  endfacet
  facet normal 0.195013 0.980801 -0
    outer loop
      vertex 19.8176 21.2319 5.72205e-07
      vertex 19.5611 21.2829 14.6
      vertex 19.8176 21.2319 14.6
    endloop
  endfacet
  facet normal 0.195013 0.980801 0
    outer loop
      vertex 19.5611 21.2829 14.6
      vertex 19.8176 21.2319 5.72205e-07
      vertex 19.5611 21.2829 5.72205e-07
    endloop
  endfacet
  facet normal 0.997862 0.0653521 0
    outer loop
      vertex 21.3 19.3 14.6
      vertex 21.2829 19.5611 5.72205e-07
      vertex 21.2829 19.5611 14.6
    endloop
  endfacet
  facet normal 0.997862 0.0653521 0
    outer loop
      vertex 21.2829 19.5611 5.72205e-07
      vertex 21.3 19.3 14.6
      vertex 21.3 19.3 5.72205e-07
    endloop
  endfacet
  facet normal 0 -1 0
    outer loop
      vertex 3 -21.3 5.72205e-07
      vertex 19.3 -21.3 14.6
      vertex 3 -21.3 14.6
    endloop
  endfacet
  facet normal 0 -1 -0
    outer loop
      vertex 19.3 -21.3 14.6
      vertex 3 -21.3 5.72205e-07
      vertex 19.3 -21.3 5.72205e-07
    endloop
  endfacet
  facet normal 0 -1 0
    outer loop
      vertex -19.3 -21.3 5.72205e-07
      vertex -3 -21.3 14.6
      vertex -19.3 -21.3 14.6
    endloop
  endfacet
  facet normal 0 -1 -0
    outer loop
      vertex -3 -21.3 14.6
      vertex -19.3 -21.3 5.72205e-07
      vertex -3 -21.3 5.72205e-07
    endloop
  endfacet
  facet normal -0.442314 0.89686 0
    outer loop
      vertex -20.0654 21.1478 5.72205e-07
      vertex -20.3 21.0321 14.6
      vertex -20.0654 21.1478 14.6
    endloop
  endfacet
  facet normal -0.442314 0.89686 0
    outer loop
      vertex -20.3 21.0321 14.6
      vertex -20.0654 21.1478 5.72205e-07
      vertex -20.3 21.0321 5.72205e-07
    endloop
  endfacet
  facet normal 0.321382 0.94695 -0
    outer loop
      vertex 20.0654 21.1478 5.72205e-07
      vertex 19.8176 21.2319 14.6
      vertex 20.0654 21.1478 14.6
    endloop
  endfacet
  facet normal 0.321382 0.94695 0
    outer loop
      vertex 19.8176 21.2319 14.6
      vertex 20.0654 21.1478 5.72205e-07
      vertex 19.8176 21.2319 5.72205e-07
    endloop
  endfacet
  facet normal 0.555758 -0.831344 0
    outer loop
      vertex 20.3 -21.0321 5.72205e-07
      vertex 20.5175 -20.8867 14.6
      vertex 20.3 -21.0321 14.6
    endloop
  endfacet
  facet normal 0.555758 -0.831344 0
    outer loop
      vertex 20.5175 -20.8867 14.6
      vertex 20.3 -21.0321 5.72205e-07
      vertex 20.5175 -20.8867 5.72205e-07
    endloop
  endfacet
  facet normal -0.997862 0.0653521 0
    outer loop
      vertex -21.3 19.3 5.72205e-07
      vertex -21.2829 19.5611 14.6
      vertex -21.2829 19.5611 5.72205e-07
    endloop
  endfacet
  facet normal -0.997862 0.0653521 0
    outer loop
      vertex -21.2829 19.5611 14.6
      vertex -21.3 19.3 5.72205e-07
      vertex -21.3 19.3 14.6
    endloop
  endfacet
  facet normal 1 -0 0
    outer loop
      vertex 21.3 7 8
      vertex 21.3 19.3 5.72205e-07
      vertex 21.3 19.3 14.6
    endloop
  endfacet
  facet normal 1 0 0
    outer loop
      vertex 21.3 19.3 5.72205e-07
      vertex 21.3 7 8
      vertex 21.3 8 3
    endloop
  endfacet
  facet normal 1 0 0
    outer loop
      vertex 21.3 19.3 14.6
      vertex 21.3 -7 8
      vertex 21.3 7 8
    endloop
  endfacet
  facet normal 1 0 0
    outer loop
      vertex 21.3 -7 8
      vertex 21.3 -8 3
      vertex 21.3 -7 3
    endloop
  endfacet
  facet normal 1 -0 0
    outer loop
      vertex 21.3 -19.3 14.6
      vertex 21.3 -7 8
      vertex 21.3 19.3 14.6
    endloop
  endfacet
  facet normal 1 0 0
    outer loop
      vertex 21.3 -19.3 5.72205e-07
      vertex 21.3 -7 8
      vertex 21.3 -19.3 14.6
    endloop
  endfacet
  facet normal 1 0 0
    outer loop
      vertex 21.3 -7 8
      vertex 21.3 -19.3 5.72205e-07
      vertex 21.3 -8 3
    endloop
  endfacet
  facet normal 1 0 0
    outer loop
      vertex 21.3 -8 3
      vertex 21.3 -19.3 5.72205e-07
      vertex 21.3 -8 5.72205e-07
    endloop
  endfacet
  facet normal 1 0 0
    outer loop
      vertex 21.3 19.3 5.72205e-07
      vertex 21.3 8 3
      vertex 21.3 8 5.72205e-07
    endloop
  endfacet
  facet normal 1 0 0
    outer loop
      vertex 21.3 8 3
      vertex 21.3 7 8
      vertex 21.3 7 3
    endloop
  endfacet
  facet normal 1 -0 0
    outer loop
      vertex 21.3 -2 2
      vertex 21.3 2 0.700001
      vertex 21.3 2 2
    endloop
  endfacet
  facet normal 1 0 0
    outer loop
      vertex 21.3 2 0.700001
      vertex 21.3 -2 2
      vertex 21.3 -2 0.700001
    endloop
  endfacet
  facet normal 0.980801 -0.195013 0
    outer loop
      vertex 21.2319 -19.8176 14.6
      vertex 21.2829 -19.5611 5.72205e-07
      vertex 21.2829 -19.5611 14.6
    endloop
  endfacet
  facet normal 0.980801 -0.195013 0
    outer loop
      vertex 21.2829 -19.5611 5.72205e-07
      vertex 21.2319 -19.8176 14.6
      vertex 21.2319 -19.8176 5.72205e-07
    endloop
  endfacet
  facet normal 0.997862 -0.0653521 0
    outer loop
      vertex 21.2829 -19.5611 14.6
      vertex 21.3 -19.3 5.72205e-07
      vertex 21.3 -19.3 14.6
    endloop
  endfacet
  facet normal 0.997862 -0.0653521 0
    outer loop
      vertex 21.3 -19.3 5.72205e-07
      vertex 21.2829 -19.5611 14.6
      vertex 21.2829 -19.5611 5.72205e-07
    endloop
  endfacet
  facet normal 0 0 -1
    outer loop
      vertex -3 -21.3 5.72205e-07
      vertex -7.2 -8 5.72205e-07
      vertex -4.8 -8 5.72205e-07
    endloop
  endfacet
  facet normal 0 0 -1
    outer loop
      vertex -7.2 -8 5.72205e-07
      vertex -10.8 -8 5.72205e-07
      vertex -7.2 12 5.72205e-07
    endloop
  endfacet
  facet normal 0 0 -1
    outer loop
      vertex -3 -21.3 5.72205e-07
      vertex -10.8 -8 5.72205e-07
      vertex -7.2 -8 5.72205e-07
    endloop
  endfacet
  facet normal 0 0 -1
    outer loop
      vertex -19.3 -21.3 5.72205e-07
      vertex -10.8 -8 5.72205e-07
      vertex -3 -21.3 5.72205e-07
    endloop
  endfacet
  facet normal 0 0 -1
    outer loop
      vertex -21.3 -19.3 5.72205e-07
      vertex -13.2 -8 5.72205e-07
      vertex -19.3 -21.3 5.72205e-07
    endloop
  endfacet
  facet normal -0 0 -1
    outer loop
      vertex -10.8 -8 5.72205e-07
      vertex -19.3 -21.3 5.72205e-07
      vertex -13.2 -8 5.72205e-07
    endloop
  endfacet
  facet normal 0 0 -1
    outer loop
      vertex -3 -21.3 5.72205e-07
      vertex 3 -21.3 5.72205e-07
      vertex 3 -36.3 5.72205e-07
    endloop
  endfacet
  facet normal 0 0 -1
    outer loop
      vertex 3 -21.3 5.72205e-07
      vertex -3 -21.3 5.72205e-07
      vertex 1.2 -8 5.72205e-07
    endloop
  endfacet
  facet normal -0 0 -1
    outer loop
      vertex 1.2 -8 5.72205e-07
      vertex -3 -21.3 5.72205e-07
      vertex -1.2 -8 5.72205e-07
    endloop
  endfacet
  facet normal 0 0 -1
    outer loop
      vertex -3 -21.3 5.72205e-07
      vertex 3 -36.3 5.72205e-07
      vertex -3 -36.3 5.72205e-07
    endloop
  endfacet
  facet normal 0 0 -1
    outer loop
      vertex 19.3 -21.3 5.72205e-07
      vertex 21.3 -19.3 5.72205e-07
      vertex 21.2829 -19.5611 5.72205e-07
    endloop
  endfacet
  facet normal 0 0 -1
    outer loop
      vertex 19.3 -21.3 5.72205e-07
      vertex 21.2829 -19.5611 5.72205e-07
      vertex 21.2319 -19.8176 5.72205e-07
    endloop
  endfacet
  facet normal 0 0 -1
    outer loop
      vertex 19.3 -21.3 5.72205e-07
      vertex 21.2319 -19.8176 5.72205e-07
      vertex 21.1478 -20.0654 5.72205e-07
    endloop
  endfacet
  facet normal 0 0 -1
    outer loop
      vertex 19.3 -21.3 5.72205e-07
      vertex 21.1478 -20.0654 5.72205e-07
      vertex 21.0321 -20.3 5.72205e-07
    endloop
  endfacet
  facet normal 0 0 -1
    outer loop
      vertex 19.3 -21.3 5.72205e-07
      vertex 21.0321 -20.3 5.72205e-07
      vertex 20.8867 -20.5175 5.72205e-07
    endloop
  endfacet
  facet normal 0 0 -1
    outer loop
      vertex 21.3 -19.3 5.72205e-07
      vertex 20.8 -8 5.72205e-07
      vertex 21.3 -8 5.72205e-07
    endloop
  endfacet
  facet normal -0 0 -1
    outer loop
      vertex 21.3 -19.3 5.72205e-07
      vertex 19.3 -21.3 5.72205e-07
      vertex 13.2 -8 5.72205e-07
    endloop
  endfacet
  facet normal 0 0 -1
    outer loop
      vertex 19.3 -21.3 5.72205e-07
      vertex 20.8867 -20.5175 5.72205e-07
      vertex 20.7142 -20.7142 5.72205e-07
    endloop
  endfacet
  facet normal 0 0 -1
    outer loop
      vertex 20.8 8 5.72205e-07
      vertex 21.3 19.3 5.72205e-07
      vertex 21.3 8 5.72205e-07
    endloop
  endfacet
  facet normal 0 0 -1
    outer loop
      vertex 13.2 12 5.72205e-07
      vertex 21.3 19.3 5.72205e-07
      vertex 20.8 8 5.72205e-07
    endloop
  endfacet
  facet normal 0 -0 -1
    outer loop
      vertex 19.3 21.3 5.72205e-07
      vertex 21.3 19.3 5.72205e-07
      vertex 13.2 12 5.72205e-07
    endloop
  endfacet
  facet normal 0 0 -1
    outer loop
      vertex 21.3 19.3 5.72205e-07
      vertex 19.3 21.3 5.72205e-07
      vertex 21.2829 19.5611 5.72205e-07
    endloop
  endfacet
  facet normal 0 0 -1
    outer loop
      vertex 21.2829 19.5611 5.72205e-07
      vertex 19.3 21.3 5.72205e-07
      vertex 21.2319 19.8176 5.72205e-07
    endloop
  endfacet
  facet normal 0 0 -1
    outer loop
      vertex 21.2319 19.8176 5.72205e-07
      vertex 19.3 21.3 5.72205e-07
      vertex 21.1478 20.0654 5.72205e-07
    endloop
  endfacet
  facet normal 0 0 -1
    outer loop
      vertex 21.1478 20.0654 5.72205e-07
      vertex 19.3 21.3 5.72205e-07
      vertex 21.0321 20.3 5.72205e-07
    endloop
  endfacet
  facet normal 0 0 -1
    outer loop
      vertex 20.8 -8 5.72205e-07
      vertex 13.2 -8 5.72205e-07
      vertex 20.8 8 5.72205e-07
    endloop
  endfacet
  facet normal 0 0 -1
    outer loop
      vertex 19.3 -21.3 5.72205e-07
      vertex 20.7142 -20.7142 5.72205e-07
      vertex 20.5175 -20.8867 5.72205e-07
    endloop
  endfacet
  facet normal 0 0 -1
    outer loop
      vertex 13.2 12 5.72205e-07
      vertex 20.8 8 5.72205e-07
      vertex 13.2 -8 5.72205e-07
    endloop
  endfacet
  facet normal 0 0 -1
    outer loop
      vertex 19.3 -21.3 5.72205e-07
      vertex 20.5175 -20.8867 5.72205e-07
      vertex 20.3 -21.0321 5.72205e-07
    endloop
  endfacet
  facet normal 0 0 -1
    outer loop
      vertex 21.0321 20.3 5.72205e-07
      vertex 19.3 21.3 5.72205e-07
      vertex 20.8867 20.5175 5.72205e-07
    endloop
  endfacet
  facet normal 0 0 -1
    outer loop
      vertex 19.3 -21.3 5.72205e-07
      vertex 20.3 -21.0321 5.72205e-07
      vertex 20.0654 -21.1478 5.72205e-07
    endloop
  endfacet
  facet normal 0 0 -1
    outer loop
      vertex 20.8867 20.5175 5.72205e-07
      vertex 19.3 21.3 5.72205e-07
      vertex 20.7142 20.7142 5.72205e-07
    endloop
  endfacet
  facet normal 0 0 -1
    outer loop
      vertex 19.3 -21.3 5.72205e-07
      vertex 20.0654 -21.1478 5.72205e-07
      vertex 19.8176 -21.2319 5.72205e-07
    endloop
  endfacet
  facet normal 0 0 -1
    outer loop
      vertex 20.7142 20.7142 5.72205e-07
      vertex 19.3 21.3 5.72205e-07
      vertex 20.5175 20.8867 5.72205e-07
    endloop
  endfacet
  facet normal 0 0 -1
    outer loop
      vertex 19.3 -21.3 5.72205e-07
      vertex 19.8176 -21.2319 5.72205e-07
      vertex 19.5611 -21.2829 5.72205e-07
    endloop
  endfacet
  facet normal 0 0 -1
    outer loop
      vertex 20.5175 20.8867 5.72205e-07
      vertex 19.3 21.3 5.72205e-07
      vertex 20.3 21.0321 5.72205e-07
    endloop
  endfacet
  facet normal 0 0 -1
    outer loop
      vertex 21.3 -19.3 5.72205e-07
      vertex 13.2 -8 5.72205e-07
      vertex 20.8 -8 5.72205e-07
    endloop
  endfacet
  facet normal 0 0 -1
    outer loop
      vertex 20.3 21.0321 5.72205e-07
      vertex 19.3 21.3 5.72205e-07
      vertex 20.0654 21.1478 5.72205e-07
    endloop
  endfacet
  facet normal 0 0 -1
    outer loop
      vertex 20.0654 21.1478 5.72205e-07
      vertex 19.3 21.3 5.72205e-07
      vertex 19.8176 21.2319 5.72205e-07
    endloop
  endfacet
  facet normal 0 0 -1
    outer loop
      vertex 19.3 -21.3 5.72205e-07
      vertex 10.8 -8 5.72205e-07
      vertex 13.2 -8 5.72205e-07
    endloop
  endfacet
  facet normal 0 0 -1
    outer loop
      vertex 10.8 -8 5.72205e-07
      vertex 7.2 -8 5.72205e-07
      vertex 10.8 12 5.72205e-07
    endloop
  endfacet
  facet normal 0 0 -1
    outer loop
      vertex 3 -21.3 5.72205e-07
      vertex 10.8 -8 5.72205e-07
      vertex 19.3 -21.3 5.72205e-07
    endloop
  endfacet
  facet normal -0 0 -1
    outer loop
      vertex 10.8 -8 5.72205e-07
      vertex 3 -21.3 5.72205e-07
      vertex 7.2 -8 5.72205e-07
    endloop
  endfacet
  facet normal 0 0 -1
    outer loop
      vertex 1.2 -8 5.72205e-07
      vertex 4.8 -8 5.72205e-07
      vertex 3 -21.3 5.72205e-07
    endloop
  endfacet
  facet normal -0 0 -1
    outer loop
      vertex 7.2 -8 5.72205e-07
      vertex 3 -21.3 5.72205e-07
      vertex 4.8 -8 5.72205e-07
    endloop
  endfacet
  facet normal 0 0 -1
    outer loop
      vertex 19.8176 21.2319 5.72205e-07
      vertex 19.3 21.3 5.72205e-07
      vertex 19.5611 21.2829 5.72205e-07
    endloop
  endfacet
  facet normal 0 0 -1
    outer loop
      vertex 10.8 12 5.72205e-07
      vertex 19.3 21.3 5.72205e-07
      vertex 13.2 12 5.72205e-07
    endloop
  endfacet
  facet normal 0 0 -1
    outer loop
      vertex 7.2 12 5.72205e-07
      vertex 10.8 12 5.72205e-07
      vertex 7.2 -8 5.72205e-07
    endloop
  endfacet
  facet normal 0 0 -1
    outer loop
      vertex 7.2 12 5.72205e-07
      vertex 19.3 21.3 5.72205e-07
      vertex 10.8 12 5.72205e-07
    endloop
  endfacet
  facet normal 0 0 -1
    outer loop
      vertex 4.8 12 5.72205e-07
      vertex 19.3 21.3 5.72205e-07
      vertex 7.2 12 5.72205e-07
    endloop
  endfacet
  facet normal 0 0 -1
    outer loop
      vertex 4.8 -8 5.72205e-07
      vertex 1.2 -8 5.72205e-07
      vertex 4.8 12 5.72205e-07
    endloop
  endfacet
  facet normal 0 0 -1
    outer loop
      vertex 1.2 12 5.72205e-07
      vertex 4.8 12 5.72205e-07
      vertex 1.2 -8 5.72205e-07
    endloop
  endfacet
  facet normal 0 0 -1
    outer loop
      vertex 1.2 12 5.72205e-07
      vertex 19.3 21.3 5.72205e-07
      vertex 4.8 12 5.72205e-07
    endloop
  endfacet
  facet normal 0 0 -1
    outer loop
      vertex -1.2 12 5.72205e-07
      vertex 19.3 21.3 5.72205e-07
      vertex 1.2 12 5.72205e-07
    endloop
  endfacet
  facet normal 0 0 -1
    outer loop
      vertex -4.8 -8 5.72205e-07
      vertex -1.2 -8 5.72205e-07
      vertex -3 -21.3 5.72205e-07
    endloop
  endfacet
  facet normal 0 0 -1
    outer loop
      vertex -1.2 -8 5.72205e-07
      vertex -4.8 -8 5.72205e-07
      vertex -1.2 12 5.72205e-07
    endloop
  endfacet
  facet normal 0 0 -1
    outer loop
      vertex -4.8 12 5.72205e-07
      vertex -1.2 12 5.72205e-07
      vertex -4.8 -8 5.72205e-07
    endloop
  endfacet
  facet normal 0 0 -1
    outer loop
      vertex -19.3 21.3 5.72205e-07
      vertex -1.2 12 5.72205e-07
      vertex -4.8 12 5.72205e-07
    endloop
  endfacet
  facet normal 0 0 -1
    outer loop
      vertex -19.3 21.3 5.72205e-07
      vertex -4.8 12 5.72205e-07
      vertex -7.2 12 5.72205e-07
    endloop
  endfacet
  facet normal 0 0 -1
    outer loop
      vertex -10.8 12 5.72205e-07
      vertex -7.2 12 5.72205e-07
      vertex -10.8 -8 5.72205e-07
    endloop
  endfacet
  facet normal 0 0 -1
    outer loop
      vertex -19.3 21.3 5.72205e-07
      vertex -7.2 12 5.72205e-07
      vertex -10.8 12 5.72205e-07
    endloop
  endfacet
  facet normal 0 0 -1
    outer loop
      vertex -19.3 21.3 5.72205e-07
      vertex -10.8 12 5.72205e-07
      vertex -13.2 12 5.72205e-07
    endloop
  endfacet
  facet normal 0 0 -1
    outer loop
      vertex -1.2 12 5.72205e-07
      vertex -19.3 21.3 5.72205e-07
      vertex 19.3 21.3 5.72205e-07
    endloop
  endfacet
  facet normal 0 0 -1
    outer loop
      vertex -21.3 19.3 5.72205e-07
      vertex -13.2 -8 5.72205e-07
      vertex -21.3 -19.3 5.72205e-07
    endloop
  endfacet
  facet normal 0 0 -1
    outer loop
      vertex -21.3 -19.3 5.72205e-07
      vertex -19.3 -21.3 5.72205e-07
      vertex -19.5611 -21.2829 5.72205e-07
    endloop
  endfacet
  facet normal 0 0 -1
    outer loop
      vertex -13.2 -8 5.72205e-07
      vertex -21.3 19.3 5.72205e-07
      vertex -13.2 12 5.72205e-07
    endloop
  endfacet
  facet normal 0 0 -1
    outer loop
      vertex -21.3 -19.3 5.72205e-07
      vertex -19.5611 -21.2829 5.72205e-07
      vertex -19.8176 -21.2319 5.72205e-07
    endloop
  endfacet
  facet normal 0 0 -1
    outer loop
      vertex -13.2 12 5.72205e-07
      vertex -21.3 19.3 5.72205e-07
      vertex -19.3 21.3 5.72205e-07
    endloop
  endfacet
  facet normal 0 0 -1
    outer loop
      vertex -21.3 -19.3 5.72205e-07
      vertex -19.8176 -21.2319 5.72205e-07
      vertex -20.0654 -21.1478 5.72205e-07
    endloop
  endfacet
  facet normal 0 0 -1
    outer loop
      vertex -19.3 21.3 5.72205e-07
      vertex -21.3 19.3 5.72205e-07
      vertex -19.5611 21.2829 5.72205e-07
    endloop
  endfacet
  facet normal 0 0 -1
    outer loop
      vertex -21.3 -19.3 5.72205e-07
      vertex -20.0654 -21.1478 5.72205e-07
      vertex -20.3 -21.0321 5.72205e-07
    endloop
  endfacet
  facet normal 0 0 -1
    outer loop
      vertex -19.5611 21.2829 5.72205e-07
      vertex -21.3 19.3 5.72205e-07
      vertex -19.8176 21.2319 5.72205e-07
    endloop
  endfacet
  facet normal 0 0 -1
    outer loop
      vertex -21.3 -19.3 5.72205e-07
      vertex -20.3 -21.0321 5.72205e-07
      vertex -20.5175 -20.8867 5.72205e-07
    endloop
  endfacet
  facet normal 0 0 -1
    outer loop
      vertex -19.8176 21.2319 5.72205e-07
      vertex -21.3 19.3 5.72205e-07
      vertex -20.0654 21.1478 5.72205e-07
    endloop
  endfacet
  facet normal 0 0 -1
    outer loop
      vertex -21.3 -19.3 5.72205e-07
      vertex -20.5175 -20.8867 5.72205e-07
      vertex -20.7142 -20.7142 5.72205e-07
    endloop
  endfacet
  facet normal 0 0 -1
    outer loop
      vertex -20.0654 21.1478 5.72205e-07
      vertex -21.3 19.3 5.72205e-07
      vertex -20.3 21.0321 5.72205e-07
    endloop
  endfacet
  facet normal 0 0 -1
    outer loop
      vertex -21.3 -19.3 5.72205e-07
      vertex -20.7142 -20.7142 5.72205e-07
      vertex -20.8867 -20.5175 5.72205e-07
    endloop
  endfacet
  facet normal 0 0 -1
    outer loop
      vertex -20.3 21.0321 5.72205e-07
      vertex -21.3 19.3 5.72205e-07
      vertex -20.5175 20.8867 5.72205e-07
    endloop
  endfacet
  facet normal 0 0 -1
    outer loop
      vertex -21.3 -19.3 5.72205e-07
      vertex -20.8867 -20.5175 5.72205e-07
      vertex -21.0321 -20.3 5.72205e-07
    endloop
  endfacet
  facet normal 0 0 -1
    outer loop
      vertex -20.5175 20.8867 5.72205e-07
      vertex -21.3 19.3 5.72205e-07
      vertex -20.7142 20.7142 5.72205e-07
    endloop
  endfacet
  facet normal 0 0 -1
    outer loop
      vertex -21.3 -19.3 5.72205e-07
      vertex -21.0321 -20.3 5.72205e-07
      vertex -21.1478 -20.0654 5.72205e-07
    endloop
  endfacet
  facet normal 0 0 -1
    outer loop
      vertex -20.7142 20.7142 5.72205e-07
      vertex -21.3 19.3 5.72205e-07
      vertex -20.8867 20.5175 5.72205e-07
    endloop
  endfacet
  facet normal 0 0 -1
    outer loop
      vertex -21.3 -19.3 5.72205e-07
      vertex -21.1478 -20.0654 5.72205e-07
      vertex -21.2319 -19.8176 5.72205e-07
    endloop
  endfacet
  facet normal 0 0 -1
    outer loop
      vertex -20.8867 20.5175 5.72205e-07
      vertex -21.3 19.3 5.72205e-07
      vertex -21.0321 20.3 5.72205e-07
    endloop
  endfacet
  facet normal 0 0 -1
    outer loop
      vertex -21.3 -19.3 5.72205e-07
      vertex -21.2319 -19.8176 5.72205e-07
      vertex -21.2829 -19.5611 5.72205e-07
    endloop
  endfacet
  facet normal 0 0 -1
    outer loop
      vertex -21.0321 20.3 5.72205e-07
      vertex -21.3 19.3 5.72205e-07
      vertex -21.1478 20.0654 5.72205e-07
    endloop
  endfacet
  facet normal 0 0 -1
    outer loop
      vertex -21.1478 20.0654 5.72205e-07
      vertex -21.3 19.3 5.72205e-07
      vertex -21.2319 19.8176 5.72205e-07
    endloop
  endfacet
  facet normal 0 0 -1
    outer loop
      vertex -21.2319 19.8176 5.72205e-07
      vertex -21.3 19.3 5.72205e-07
      vertex -21.2829 19.5611 5.72205e-07
    endloop
  endfacet
  facet normal -0.659343 -0.751842 0
    outer loop
      vertex -20.7142 -20.7142 5.72205e-07
      vertex -20.5175 -20.8867 14.6
      vertex -20.7142 -20.7142 14.6
    endloop
  endfacet
  facet normal -0.659343 -0.751842 -0
    outer loop
      vertex -20.5175 -20.8867 14.6
      vertex -20.7142 -20.7142 5.72205e-07
      vertex -20.5175 -20.8867 5.72205e-07
    endloop
  endfacet
  facet normal -0.94695 -0.321382 0
    outer loop
      vertex -21.1478 -20.0654 5.72205e-07
      vertex -21.2319 -19.8176 14.6
      vertex -21.2319 -19.8176 5.72205e-07
    endloop
  endfacet
  facet normal -0.94695 -0.321382 0
    outer loop
      vertex -21.2319 -19.8176 14.6
      vertex -21.1478 -20.0654 5.72205e-07
      vertex -21.1478 -20.0654 14.6
    endloop
  endfacet
  facet normal -0.751842 0.659343 0
    outer loop
      vertex -20.8867 20.5175 5.72205e-07
      vertex -20.7142 20.7142 14.6
      vertex -20.7142 20.7142 5.72205e-07
    endloop
  endfacet
  facet normal -0.751842 0.659343 0
    outer loop
      vertex -20.7142 20.7142 14.6
      vertex -20.8867 20.5175 5.72205e-07
      vertex -20.8867 20.5175 14.6
    endloop
  endfacet
  facet normal 0.195013 -0.980801 0
    outer loop
      vertex 19.5611 -21.2829 5.72205e-07
      vertex 19.8176 -21.2319 14.6
      vertex 19.5611 -21.2829 14.6
    endloop
  endfacet
  facet normal 0.195013 -0.980801 0
    outer loop
      vertex 19.8176 -21.2319 14.6
      vertex 19.5611 -21.2829 5.72205e-07
      vertex 19.8176 -21.2319 5.72205e-07
    endloop
  endfacet
  facet normal 0.659343 0.751842 -0
    outer loop
      vertex 20.7142 20.7142 5.72205e-07
      vertex 20.5175 20.8867 14.6
      vertex 20.7142 20.7142 14.6
    endloop
  endfacet
  facet normal 0.659343 0.751842 0
    outer loop
      vertex 20.5175 20.8867 14.6
      vertex 20.7142 20.7142 5.72205e-07
      vertex 20.5175 20.8867 5.72205e-07
    endloop
  endfacet
  facet normal 0.442314 0.89686 -0
    outer loop
      vertex 20.3 21.0321 5.72205e-07
      vertex 20.0654 21.1478 14.6
      vertex 20.3 21.0321 14.6
    endloop
  endfacet
  facet normal 0.442314 0.89686 0
    outer loop
      vertex 20.0654 21.1478 14.6
      vertex 20.3 21.0321 5.72205e-07
      vertex 20.0654 21.1478 5.72205e-07
    endloop
  endfacet
  facet normal 0.751842 -0.659343 0
    outer loop
      vertex 20.7142 -20.7142 14.6
      vertex 20.8867 -20.5175 5.72205e-07
      vertex 20.8867 -20.5175 14.6
    endloop
  endfacet
  facet normal 0.751842 -0.659343 0
    outer loop
      vertex 20.8867 -20.5175 5.72205e-07
      vertex 20.7142 -20.7142 14.6
      vertex 20.7142 -20.7142 5.72205e-07
    endloop
  endfacet
  facet normal -0.0653521 0.997862 0
    outer loop
      vertex -19.3 21.3 5.72205e-07
      vertex -19.5611 21.2829 14.6
      vertex -19.3 21.3 14.6
    endloop
  endfacet
  facet normal -0.0653521 0.997862 0
    outer loop
      vertex -19.5611 21.2829 14.6
      vertex -19.3 21.3 5.72205e-07
      vertex -19.5611 21.2829 5.72205e-07
    endloop
  endfacet
  facet normal 0.89686 -0.442314 0
    outer loop
      vertex 21.0321 -20.3 14.6
      vertex 21.1478 -20.0654 5.72205e-07
      vertex 21.1478 -20.0654 14.6
    endloop
  endfacet
  facet normal 0.89686 -0.442314 0
    outer loop
      vertex 21.1478 -20.0654 5.72205e-07
      vertex 21.0321 -20.3 14.6
      vertex 21.0321 -20.3 5.72205e-07
    endloop
  endfacet
  facet normal 0.555758 0.831344 -0
    outer loop
      vertex 20.5175 20.8867 5.72205e-07
      vertex 20.3 21.0321 14.6
      vertex 20.5175 20.8867 14.6
    endloop
  endfacet
  facet normal 0.555758 0.831344 0
    outer loop
      vertex 20.3 21.0321 14.6
      vertex 20.5175 20.8867 5.72205e-07
      vertex 20.3 21.0321 5.72205e-07
    endloop
  endfacet
  facet normal -0.555758 0.831344 0
    outer loop
      vertex -20.3 21.0321 5.72205e-07
      vertex -20.5175 20.8867 14.6
      vertex -20.3 21.0321 14.6
    endloop
  endfacet
  facet normal -0.555758 0.831344 0
    outer loop
      vertex -20.5175 20.8867 14.6
      vertex -20.3 21.0321 5.72205e-07
      vertex -20.5175 20.8867 5.72205e-07
    endloop
  endfacet
  facet normal 0.94695 -0.321382 0
    outer loop
      vertex 21.1478 -20.0654 14.6
      vertex 21.2319 -19.8176 5.72205e-07
      vertex 21.2319 -19.8176 14.6
    endloop
  endfacet
  facet normal 0.94695 -0.321382 0
    outer loop
      vertex 21.2319 -19.8176 5.72205e-07
      vertex 21.1478 -20.0654 14.6
      vertex 21.1478 -20.0654 5.72205e-07
    endloop
  endfacet
  facet normal -0.0653521 -0.997862 0
    outer loop
      vertex -19.5611 -21.2829 5.72205e-07
      vertex -19.3 -21.3 14.6
      vertex -19.5611 -21.2829 14.6
    endloop
  endfacet
  facet normal -0.0653521 -0.997862 -0
    outer loop
      vertex -19.3 -21.3 14.6
      vertex -19.5611 -21.2829 5.72205e-07
      vertex -19.3 -21.3 5.72205e-07
    endloop
  endfacet
  facet normal 0.0653521 0.997862 -0
    outer loop
      vertex 19.5611 21.2829 5.72205e-07
      vertex 19.3 21.3 14.6
      vertex 19.5611 21.2829 14.6
    endloop
  endfacet
  facet normal 0.0653521 0.997862 0
    outer loop
      vertex 19.3 21.3 14.6
      vertex 19.5611 21.2829 5.72205e-07
      vertex 19.3 21.3 5.72205e-07
    endloop
  endfacet
  facet normal -0.89686 -0.442314 0
    outer loop
      vertex -21.0321 -20.3 5.72205e-07
      vertex -21.1478 -20.0654 14.6
      vertex -21.1478 -20.0654 5.72205e-07
    endloop
  endfacet
  facet normal -0.89686 -0.442314 0
    outer loop
      vertex -21.1478 -20.0654 14.6
      vertex -21.0321 -20.3 5.72205e-07
      vertex -21.0321 -20.3 14.6
    endloop
  endfacet
  facet normal 0.831344 -0.555758 0
    outer loop
      vertex 20.8867 -20.5175 14.6
      vertex 21.0321 -20.3 5.72205e-07
      vertex 21.0321 -20.3 14.6
    endloop
  endfacet
  facet normal 0.831344 -0.555758 0
    outer loop
      vertex 21.0321 -20.3 5.72205e-07
      vertex 20.8867 -20.5175 14.6
      vertex 20.8867 -20.5175 5.72205e-07
    endloop
  endfacet
  facet normal -0.321382 0.94695 0
    outer loop
      vertex -19.8176 21.2319 5.72205e-07
      vertex -20.0654 21.1478 14.6
      vertex -19.8176 21.2319 14.6
    endloop
  endfacet
  facet normal -0.321382 0.94695 0
    outer loop
      vertex -20.0654 21.1478 14.6
      vertex -19.8176 21.2319 5.72205e-07
      vertex -20.0654 21.1478 5.72205e-07
    endloop
  endfacet
  facet normal -0.195013 0.980801 0
    outer loop
      vertex -19.5611 21.2829 5.72205e-07
      vertex -19.8176 21.2319 14.6
      vertex -19.5611 21.2829 14.6
    endloop
  endfacet
  facet normal -0.195013 0.980801 0
    outer loop
      vertex -19.8176 21.2319 14.6
      vertex -19.5611 21.2829 5.72205e-07
      vertex -19.8176 21.2319 5.72205e-07
    endloop
  endfacet
  facet normal -0.659343 0.751842 0
    outer loop
      vertex -20.5175 20.8867 5.72205e-07
      vertex -20.7142 20.7142 14.6
      vertex -20.5175 20.8867 14.6
    endloop
  endfacet
  facet normal -0.659343 0.751842 0
    outer loop
      vertex -20.7142 20.7142 14.6
      vertex -20.5175 20.8867 5.72205e-07
      vertex -20.7142 20.7142 5.72205e-07
    endloop
  endfacet
  facet normal 0.321382 -0.94695 0
    outer loop
      vertex 19.8176 -21.2319 5.72205e-07
      vertex 20.0654 -21.1478 14.6
      vertex 19.8176 -21.2319 14.6
    endloop
  endfacet
  facet normal 0.321382 -0.94695 0
    outer loop
      vertex 20.0654 -21.1478 14.6
      vertex 19.8176 -21.2319 5.72205e-07
      vertex 20.0654 -21.1478 5.72205e-07
    endloop
  endfacet
  facet normal 0.94695 0.321382 0
    outer loop
      vertex 21.2319 19.8176 14.6
      vertex 21.1478 20.0654 5.72205e-07
      vertex 21.1478 20.0654 14.6
    endloop
  endfacet
  facet normal 0.94695 0.321382 0
    outer loop
      vertex 21.1478 20.0654 5.72205e-07
      vertex 21.2319 19.8176 14.6
      vertex 21.2319 19.8176 5.72205e-07
    endloop
  endfacet
  facet normal -1 0 0
    outer loop
      vertex -21.3 -19.3 5.72205e-07
      vertex -21.3 19.3 14.6
      vertex -21.3 19.3 5.72205e-07
    endloop
  endfacet
  facet normal -1 -0 0
    outer loop
      vertex -21.3 19.3 14.6
      vertex -21.3 -19.3 5.72205e-07
      vertex -21.3 -19.3 14.6
    endloop
  endfacet
  facet normal 0.89686 0.442314 0
    outer loop
      vertex 21.1478 20.0654 14.6
      vertex 21.0321 20.3 5.72205e-07
      vertex 21.0321 20.3 14.6
    endloop
  endfacet
  facet normal 0.89686 0.442314 0
    outer loop
      vertex 21.0321 20.3 5.72205e-07
      vertex 21.1478 20.0654 14.6
      vertex 21.1478 20.0654 5.72205e-07
    endloop
  endfacet
  facet normal -0.442314 -0.89686 0
    outer loop
      vertex -20.3 -21.0321 5.72205e-07
      vertex -20.0654 -21.1478 14.6
      vertex -20.3 -21.0321 14.6
    endloop
  endfacet
  facet normal -0.442314 -0.89686 -0
    outer loop
      vertex -20.0654 -21.1478 14.6
      vertex -20.3 -21.0321 5.72205e-07
      vertex -20.0654 -21.1478 5.72205e-07
    endloop
  endfacet
  facet normal 0.831344 0.555758 0
    outer loop
      vertex 21.0321 20.3 14.6
      vertex 20.8867 20.5175 5.72205e-07
      vertex 20.8867 20.5175 14.6
    endloop
  endfacet
  facet normal 0.831344 0.555758 0
    outer loop
      vertex 20.8867 20.5175 5.72205e-07
      vertex 21.0321 20.3 14.6
      vertex 21.0321 20.3 5.72205e-07
    endloop
  endfacet
  facet normal 0.442314 -0.89686 0
    outer loop
      vertex 20.0654 -21.1478 5.72205e-07
      vertex 20.3 -21.0321 14.6
      vertex 20.0654 -21.1478 14.6
    endloop
  endfacet
  facet normal 0.442314 -0.89686 0
    outer loop
      vertex 20.3 -21.0321 14.6
      vertex 20.0654 -21.1478 5.72205e-07
      vertex 20.3 -21.0321 5.72205e-07
    endloop
  endfacet
  facet normal -0.751842 -0.659343 0
    outer loop
      vertex -20.7142 -20.7142 5.72205e-07
      vertex -20.8867 -20.5175 14.6
      vertex -20.8867 -20.5175 5.72205e-07
    endloop
  endfacet
  facet normal -0.751842 -0.659343 0
    outer loop
      vertex -20.8867 -20.5175 14.6
      vertex -20.7142 -20.7142 5.72205e-07
      vertex -20.7142 -20.7142 14.6
    endloop
  endfacet
  facet normal 0.980801 0.195013 0
    outer loop
      vertex 21.2829 19.5611 14.6
      vertex 21.2319 19.8176 5.72205e-07
      vertex 21.2319 19.8176 14.6
    endloop
  endfacet
  facet normal 0.980801 0.195013 0
    outer loop
      vertex 21.2319 19.8176 5.72205e-07
      vertex 21.2829 19.5611 14.6
      vertex 21.2829 19.5611 5.72205e-07
    endloop
  endfacet
  facet normal -0.321382 -0.94695 0
    outer loop
      vertex -20.0654 -21.1478 5.72205e-07
      vertex -19.8176 -21.2319 14.6
      vertex -20.0654 -21.1478 14.6
    endloop
  endfacet
  facet normal -0.321382 -0.94695 -0
    outer loop
      vertex -19.8176 -21.2319 14.6
      vertex -20.0654 -21.1478 5.72205e-07
      vertex -19.8176 -21.2319 5.72205e-07
    endloop
  endfacet
  facet normal 0.659343 -0.751842 0
    outer loop
      vertex 20.5175 -20.8867 5.72205e-07
      vertex 20.7142 -20.7142 14.6
      vertex 20.5175 -20.8867 14.6
    endloop
  endfacet
  facet normal 0.659343 -0.751842 0
    outer loop
      vertex 20.7142 -20.7142 14.6
      vertex 20.5175 -20.8867 5.72205e-07
      vertex 20.7142 -20.7142 5.72205e-07
    endloop
  endfacet
  facet normal -0.555758 -0.831344 0
    outer loop
      vertex -20.5175 -20.8867 5.72205e-07
      vertex -20.3 -21.0321 14.6
      vertex -20.5175 -20.8867 14.6
    endloop
  endfacet
  facet normal -0.555758 -0.831344 -0
    outer loop
      vertex -20.3 -21.0321 14.6
      vertex -20.5175 -20.8867 5.72205e-07
      vertex -20.3 -21.0321 5.72205e-07
    endloop
  endfacet
  facet normal -0.980801 -0.195013 0
    outer loop
      vertex -21.2319 -19.8176 5.72205e-07
      vertex -21.2829 -19.5611 14.6
      vertex -21.2829 -19.5611 5.72205e-07
    endloop
  endfacet
  facet normal -0.980801 -0.195013 0
    outer loop
      vertex -21.2829 -19.5611 14.6
      vertex -21.2319 -19.8176 5.72205e-07
      vertex -21.2319 -19.8176 14.6
    endloop
  endfacet
  facet normal 0.0653521 -0.997862 0
    outer loop
      vertex 19.3 -21.3 5.72205e-07
      vertex 19.5611 -21.2829 14.6
      vertex 19.3 -21.3 14.6
    endloop
  endfacet
  facet normal 0.0653521 -0.997862 0
    outer loop
      vertex 19.5611 -21.2829 14.6
      vertex 19.3 -21.3 5.72205e-07
      vertex 19.5611 -21.2829 5.72205e-07
    endloop
  endfacet
  facet normal -0.997862 -0.0653521 0
    outer loop
      vertex -21.2829 -19.5611 5.72205e-07
      vertex -21.3 -19.3 14.6
      vertex -21.3 -19.3 5.72205e-07
    endloop
  endfacet
  facet normal -0.997862 -0.0653521 0
    outer loop
      vertex -21.3 -19.3 14.6
      vertex -21.2829 -19.5611 5.72205e-07
      vertex -21.2829 -19.5611 14.6
    endloop
  endfacet
  facet normal 0 0 1
    outer loop
      vertex 18.3 -19.3 14.6
      vertex -3 -20.3 14.6
      vertex 3 -20.3 14.6
    endloop
  endfacet
  facet normal -0 0 1
    outer loop
      vertex -18.3 -19.3 14.6
      vertex -3 -20.3 14.6
      vertex 18.3 -19.3 14.6
    endloop
  endfacet
  facet normal 0 0 1
    outer loop
      vertex -18.3 -19.3 14.6
      vertex -3 -21.3 14.6
      vertex -3 -20.3 14.6
    endloop
  endfacet
  facet normal 0 0 1
    outer loop
      vertex -19.3 -21.3 14.6
      vertex -18.3 -19.3 14.6
      vertex -18.4305 -19.2914 14.6
    endloop
  endfacet
  facet normal 0 0 1
    outer loop
      vertex -18.3 -19.3 14.6
      vertex -19.3 -21.3 14.6
      vertex -3 -21.3 14.6
    endloop
  endfacet
  facet normal 0 0 1
    outer loop
      vertex -18.5588 -19.2659 14.6
      vertex -19.3 -21.3 14.6
      vertex -18.4305 -19.2914 14.6
    endloop
  endfacet
  facet normal 0 0 1
    outer loop
      vertex -18.6827 -19.2239 14.6
      vertex -19.3 -21.3 14.6
      vertex -18.5588 -19.2659 14.6
    endloop
  endfacet
  facet normal 0 0 1
    outer loop
      vertex -18.8 -19.166 14.6
      vertex -19.3 -21.3 14.6
      vertex -18.6827 -19.2239 14.6
    endloop
  endfacet
  facet normal 0 0 1
    outer loop
      vertex -19.8176 -21.2319 14.6
      vertex -18.8 -19.166 14.6
      vertex -18.9088 -19.0934 14.6
    endloop
  endfacet
  facet normal 0 0 1
    outer loop
      vertex -20.3 -21.0321 14.6
      vertex -18.9088 -19.0934 14.6
      vertex -19.0071 -19.0071 14.6
    endloop
  endfacet
  facet normal 0 0 1
    outer loop
      vertex -20.8867 -20.5175 14.6
      vertex -19.0071 -19.0071 14.6
      vertex -19.0934 -18.9088 14.6
    endloop
  endfacet
  facet normal 0 0 1
    outer loop
      vertex -21.2319 -19.8176 14.6
      vertex -19.0934 -18.9088 14.6
      vertex -19.166 -18.8 14.6
    endloop
  endfacet
  facet normal 0 0 1
    outer loop
      vertex -21.3 -19.3 14.6
      vertex -19.166 -18.8 14.6
      vertex -19.2239 -18.6827 14.6
    endloop
  endfacet
  facet normal 0 0 1
    outer loop
      vertex -21.3 -19.3 14.6
      vertex -19.2239 -18.6827 14.6
      vertex -19.2659 -18.5588 14.6
    endloop
  endfacet
  facet normal 0 0 1
    outer loop
      vertex -21.3 -19.3 14.6
      vertex -19.2659 -18.5588 14.6
      vertex -19.2914 -18.4305 14.6
    endloop
  endfacet
  facet normal 0 0 1
    outer loop
      vertex -21.3 -19.3 14.6
      vertex -19.2914 -18.4305 14.6
      vertex -19.3 -18.3 14.6
    endloop
  endfacet
  facet normal 0 0 1
    outer loop
      vertex 21.3 19.3 14.6
      vertex 19.2914 18.4305 14.6
      vertex 19.3 18.3 14.6
    endloop
  endfacet
  facet normal 0 0 1
    outer loop
      vertex 19.5611 21.2829 14.6
      vertex 19.2659 18.5588 14.6
      vertex 19.2914 18.4305 14.6
    endloop
  endfacet
  facet normal 0 0 1
    outer loop
      vertex 19.5611 21.2829 14.6
      vertex 19.2239 18.6827 14.6
      vertex 19.2659 18.5588 14.6
    endloop
  endfacet
  facet normal 0 0 1
    outer loop
      vertex 19.5611 21.2829 14.6
      vertex 19.166 18.8 14.6
      vertex 19.2239 18.6827 14.6
    endloop
  endfacet
  facet normal 0 0 1
    outer loop
      vertex 19.5611 21.2829 14.6
      vertex 19.0934 18.9088 14.6
      vertex 19.166 18.8 14.6
    endloop
  endfacet
  facet normal 0 0 1
    outer loop
      vertex 19.5611 21.2829 14.6
      vertex 19.0071 19.0071 14.6
      vertex 19.0934 18.9088 14.6
    endloop
  endfacet
  facet normal 0 0 1
    outer loop
      vertex 19.5611 21.2829 14.6
      vertex 18.9088 19.0934 14.6
      vertex 19.0071 19.0071 14.6
    endloop
  endfacet
  facet normal 0 0 1
    outer loop
      vertex 19.5611 21.2829 14.6
      vertex 18.8 19.166 14.6
      vertex 18.9088 19.0934 14.6
    endloop
  endfacet
  facet normal 0 0 1
    outer loop
      vertex 19.3 21.3 14.6
      vertex 18.6827 19.2239 14.6
      vertex 18.8 19.166 14.6
    endloop
  endfacet
  facet normal 0 0 1
    outer loop
      vertex 19.3 21.3 14.6
      vertex 18.5588 19.2659 14.6
      vertex 18.6827 19.2239 14.6
    endloop
  endfacet
  facet normal 0 0 1
    outer loop
      vertex 19.3 21.3 14.6
      vertex 18.4305 19.2914 14.6
      vertex 18.5588 19.2659 14.6
    endloop
  endfacet
  facet normal 0 0 1
    outer loop
      vertex 19.3 21.3 14.6
      vertex 18.3 19.3 14.6
      vertex 18.4305 19.2914 14.6
    endloop
  endfacet
  facet normal 0 0 1
    outer loop
      vertex 19.3 21.3 14.6
      vertex -18.3 19.3 14.6
      vertex 18.3 19.3 14.6
    endloop
  endfacet
  facet normal -0 0 1
    outer loop
      vertex -19.3 21.3 14.6
      vertex -18.3 19.3 14.6
      vertex 19.3 21.3 14.6
    endloop
  endfacet
  facet normal 0 0 1
    outer loop
      vertex -19.3 21.3 14.6
      vertex -18.4305 19.2914 14.6
      vertex -18.3 19.3 14.6
    endloop
  endfacet
  facet normal 0 0 1
    outer loop
      vertex -19.3 21.3 14.6
      vertex -18.5588 19.2659 14.6
      vertex -18.4305 19.2914 14.6
    endloop
  endfacet
  facet normal 0 0 1
    outer loop
      vertex -19.3 21.3 14.6
      vertex -18.6827 19.2239 14.6
      vertex -18.5588 19.2659 14.6
    endloop
  endfacet
  facet normal 0 0 1
    outer loop
      vertex -19.3 21.3 14.6
      vertex -18.8 19.166 14.6
      vertex -18.6827 19.2239 14.6
    endloop
  endfacet
  facet normal -0 0 1
    outer loop
      vertex -19.5611 21.2829 14.6
      vertex -18.8 19.166 14.6
      vertex -19.3 21.3 14.6
    endloop
  endfacet
  facet normal -0 0 1
    outer loop
      vertex -19.8176 21.2319 14.6
      vertex -18.8 19.166 14.6
      vertex -19.5611 21.2829 14.6
    endloop
  endfacet
  facet normal 0 0 1
    outer loop
      vertex -18.8 19.166 14.6
      vertex -19.8176 21.2319 14.6
      vertex -18.9088 19.0934 14.6
    endloop
  endfacet
  facet normal -0 0 1
    outer loop
      vertex -20.0654 21.1478 14.6
      vertex -18.9088 19.0934 14.6
      vertex -19.8176 21.2319 14.6
    endloop
  endfacet
  facet normal -0 0 1
    outer loop
      vertex -20.3 21.0321 14.6
      vertex -18.9088 19.0934 14.6
      vertex -20.0654 21.1478 14.6
    endloop
  endfacet
  facet normal 0 0 1
    outer loop
      vertex -18.9088 19.0934 14.6
      vertex -20.3 21.0321 14.6
      vertex -19.0071 19.0071 14.6
    endloop
  endfacet
  facet normal -0 0 1
    outer loop
      vertex -20.5175 20.8867 14.6
      vertex -19.0071 19.0071 14.6
      vertex -20.3 21.0321 14.6
    endloop
  endfacet
  facet normal -0 0 1
    outer loop
      vertex -20.7142 20.7142 14.6
      vertex -19.0071 19.0071 14.6
      vertex -20.5175 20.8867 14.6
    endloop
  endfacet
  facet normal -0 0 1
    outer loop
      vertex -20.8867 20.5175 14.6
      vertex -19.0071 19.0071 14.6
      vertex -20.7142 20.7142 14.6
    endloop
  endfacet
  facet normal 0 0 1
    outer loop
      vertex -19.3 18.3 14.6
      vertex -21.3 19.3 14.6
      vertex -19.3 -18.3 14.6
    endloop
  endfacet
  facet normal 0 0 1
    outer loop
      vertex -19.0071 19.0071 14.6
      vertex -20.8867 20.5175 14.6
      vertex -19.0934 18.9088 14.6
    endloop
  endfacet
  facet normal 0 0 1
    outer loop
      vertex -21.3 -19.3 14.6
      vertex -19.3 -18.3 14.6
      vertex -21.3 19.3 14.6
    endloop
  endfacet
  facet normal -0 0 1
    outer loop
      vertex -21.0321 20.3 14.6
      vertex -19.0934 18.9088 14.6
      vertex -20.8867 20.5175 14.6
    endloop
  endfacet
  facet normal 0 0 1
    outer loop
      vertex -19.166 -18.8 14.6
      vertex -21.3 -19.3 14.6
      vertex -21.2829 -19.5611 14.6
    endloop
  endfacet
  facet normal -0 0 1
    outer loop
      vertex -21.1478 20.0654 14.6
      vertex -19.0934 18.9088 14.6
      vertex -21.0321 20.3 14.6
    endloop
  endfacet
  facet normal 0 0 1
    outer loop
      vertex -18.8 -19.166 14.6
      vertex -19.5611 -21.2829 14.6
      vertex -19.3 -21.3 14.6
    endloop
  endfacet
  facet normal -0 0 1
    outer loop
      vertex -21.2319 19.8176 14.6
      vertex -19.0934 18.9088 14.6
      vertex -21.1478 20.0654 14.6
    endloop
  endfacet
  facet normal 0 0 1
    outer loop
      vertex -18.8 -19.166 14.6
      vertex -19.8176 -21.2319 14.6
      vertex -19.5611 -21.2829 14.6
    endloop
  endfacet
  facet normal 0 0 1
    outer loop
      vertex -19.0934 18.9088 14.6
      vertex -21.2319 19.8176 14.6
      vertex -19.166 18.8 14.6
    endloop
  endfacet
  facet normal 0 0 1
    outer loop
      vertex -18.9088 -19.0934 14.6
      vertex -20.0654 -21.1478 14.6
      vertex -19.8176 -21.2319 14.6
    endloop
  endfacet
  facet normal -0 0 1
    outer loop
      vertex -21.2829 19.5611 14.6
      vertex -19.166 18.8 14.6
      vertex -21.2319 19.8176 14.6
    endloop
  endfacet
  facet normal 0 0 1
    outer loop
      vertex -18.9088 -19.0934 14.6
      vertex -20.3 -21.0321 14.6
      vertex -20.0654 -21.1478 14.6
    endloop
  endfacet
  facet normal -0 0 1
    outer loop
      vertex -21.3 19.3 14.6
      vertex -19.166 18.8 14.6
      vertex -21.2829 19.5611 14.6
    endloop
  endfacet
  facet normal 0 0 1
    outer loop
      vertex -19.0071 -19.0071 14.6
      vertex -20.5175 -20.8867 14.6
      vertex -20.3 -21.0321 14.6
    endloop
  endfacet
  facet normal 0 0 1
    outer loop
      vertex -19.166 18.8 14.6
      vertex -21.3 19.3 14.6
      vertex -19.2239 18.6827 14.6
    endloop
  endfacet
  facet normal 0 0 1
    outer loop
      vertex -19.0071 -19.0071 14.6
      vertex -20.7142 -20.7142 14.6
      vertex -20.5175 -20.8867 14.6
    endloop
  endfacet
  facet normal 0 0 1
    outer loop
      vertex -19.2239 18.6827 14.6
      vertex -21.3 19.3 14.6
      vertex -19.2659 18.5588 14.6
    endloop
  endfacet
  facet normal 0 0 1
    outer loop
      vertex -19.0071 -19.0071 14.6
      vertex -20.8867 -20.5175 14.6
      vertex -20.7142 -20.7142 14.6
    endloop
  endfacet
  facet normal 0 0 1
    outer loop
      vertex -19.2659 18.5588 14.6
      vertex -21.3 19.3 14.6
      vertex -19.2914 18.4305 14.6
    endloop
  endfacet
  facet normal 0 0 1
    outer loop
      vertex -19.0934 -18.9088 14.6
      vertex -21.0321 -20.3 14.6
      vertex -20.8867 -20.5175 14.6
    endloop
  endfacet
  facet normal 0 0 1
    outer loop
      vertex -19.2914 18.4305 14.6
      vertex -21.3 19.3 14.6
      vertex -19.3 18.3 14.6
    endloop
  endfacet
  facet normal 0 0 1
    outer loop
      vertex -19.0934 -18.9088 14.6
      vertex -21.1478 -20.0654 14.6
      vertex -21.0321 -20.3 14.6
    endloop
  endfacet
  facet normal 0 0 1
    outer loop
      vertex -19.0934 -18.9088 14.6
      vertex -21.2319 -19.8176 14.6
      vertex -21.1478 -20.0654 14.6
    endloop
  endfacet
  facet normal 0 0 1
    outer loop
      vertex -19.166 -18.8 14.6
      vertex -21.2829 -19.5611 14.6
      vertex -21.2319 -19.8176 14.6
    endloop
  endfacet
  facet normal 0 0 1
    outer loop
      vertex 19.2914 18.4305 14.6
      vertex 21.3 19.3 14.6
      vertex 21.2829 19.5611 14.6
    endloop
  endfacet
  facet normal 0 0 1
    outer loop
      vertex 21.3 19.3 14.6
      vertex 19.3 18.3 14.6
      vertex 21.3 -19.3 14.6
    endloop
  endfacet
  facet normal 0 0 1
    outer loop
      vertex 19.2914 18.4305 14.6
      vertex 21.2829 19.5611 14.6
      vertex 21.2319 19.8176 14.6
    endloop
  endfacet
  facet normal -0 0 1
    outer loop
      vertex 19.3 -18.3 14.6
      vertex 21.3 -19.3 14.6
      vertex 19.3 18.3 14.6
    endloop
  endfacet
  facet normal 0 0 1
    outer loop
      vertex 19.2914 18.4305 14.6
      vertex 21.2319 19.8176 14.6
      vertex 21.1478 20.0654 14.6
    endloop
  endfacet
  facet normal -0 0 1
    outer loop
      vertex 19.2914 -18.4305 14.6
      vertex 21.3 -19.3 14.6
      vertex 19.3 -18.3 14.6
    endloop
  endfacet
  facet normal 0 0 1
    outer loop
      vertex 19.2914 18.4305 14.6
      vertex 21.1478 20.0654 14.6
      vertex 21.0321 20.3 14.6
    endloop
  endfacet
  facet normal -0 0 1
    outer loop
      vertex 19.2659 -18.5588 14.6
      vertex 21.3 -19.3 14.6
      vertex 19.2914 -18.4305 14.6
    endloop
  endfacet
  facet normal 0 0 1
    outer loop
      vertex 19.2914 18.4305 14.6
      vertex 21.0321 20.3 14.6
      vertex 20.8867 20.5175 14.6
    endloop
  endfacet
  facet normal -0 0 1
    outer loop
      vertex 19.2239 -18.6827 14.6
      vertex 21.3 -19.3 14.6
      vertex 19.2659 -18.5588 14.6
    endloop
  endfacet
  facet normal 0 0 1
    outer loop
      vertex 19.2914 18.4305 14.6
      vertex 20.8867 20.5175 14.6
      vertex 20.7142 20.7142 14.6
    endloop
  endfacet
  facet normal -0 0 1
    outer loop
      vertex 19.166 -18.8 14.6
      vertex 21.3 -19.3 14.6
      vertex 19.2239 -18.6827 14.6
    endloop
  endfacet
  facet normal 0 0 1
    outer loop
      vertex 19.2914 18.4305 14.6
      vertex 20.7142 20.7142 14.6
      vertex 20.5175 20.8867 14.6
    endloop
  endfacet
  facet normal 0 0 1
    outer loop
      vertex 21.3 -19.3 14.6
      vertex 19.166 -18.8 14.6
      vertex 21.2829 -19.5611 14.6
    endloop
  endfacet
  facet normal 0 0 1
    outer loop
      vertex 19.2914 18.4305 14.6
      vertex 20.5175 20.8867 14.6
      vertex 20.3 21.0321 14.6
    endloop
  endfacet
  facet normal 0 0 1
    outer loop
      vertex 21.2829 -19.5611 14.6
      vertex 19.166 -18.8 14.6
      vertex 21.2319 -19.8176 14.6
    endloop
  endfacet
  facet normal 0 0 1
    outer loop
      vertex 19.2914 18.4305 14.6
      vertex 20.3 21.0321 14.6
      vertex 20.0654 21.1478 14.6
    endloop
  endfacet
  facet normal -0 0 1
    outer loop
      vertex 19.0934 -18.9088 14.6
      vertex 21.2319 -19.8176 14.6
      vertex 19.166 -18.8 14.6
    endloop
  endfacet
  facet normal 0 0 1
    outer loop
      vertex 19.2914 18.4305 14.6
      vertex 20.0654 21.1478 14.6
      vertex 19.8176 21.2319 14.6
    endloop
  endfacet
  facet normal 0 0 1
    outer loop
      vertex 21.2319 -19.8176 14.6
      vertex 19.0934 -18.9088 14.6
      vertex 21.1478 -20.0654 14.6
    endloop
  endfacet
  facet normal 0 0 1
    outer loop
      vertex 19.2914 18.4305 14.6
      vertex 19.8176 21.2319 14.6
      vertex 19.5611 21.2829 14.6
    endloop
  endfacet
  facet normal 0 0 1
    outer loop
      vertex 21.1478 -20.0654 14.6
      vertex 19.0934 -18.9088 14.6
      vertex 21.0321 -20.3 14.6
    endloop
  endfacet
  facet normal 0 0 1
    outer loop
      vertex 18.8 19.166 14.6
      vertex 19.5611 21.2829 14.6
      vertex 19.3 21.3 14.6
    endloop
  endfacet
  facet normal 0 0 1
    outer loop
      vertex 21.0321 -20.3 14.6
      vertex 19.0934 -18.9088 14.6
      vertex 20.8867 -20.5175 14.6
    endloop
  endfacet
  facet normal -0 0 1
    outer loop
      vertex 19.0071 -19.0071 14.6
      vertex 20.8867 -20.5175 14.6
      vertex 19.0934 -18.9088 14.6
    endloop
  endfacet
  facet normal 0 0 1
    outer loop
      vertex 20.8867 -20.5175 14.6
      vertex 19.0071 -19.0071 14.6
      vertex 20.7142 -20.7142 14.6
    endloop
  endfacet
  facet normal 0 0 1
    outer loop
      vertex 20.7142 -20.7142 14.6
      vertex 19.0071 -19.0071 14.6
      vertex 20.5175 -20.8867 14.6
    endloop
  endfacet
  facet normal 0 0 1
    outer loop
      vertex 20.5175 -20.8867 14.6
      vertex 19.0071 -19.0071 14.6
      vertex 20.3 -21.0321 14.6
    endloop
  endfacet
  facet normal -0 0 1
    outer loop
      vertex 18.9088 -19.0934 14.6
      vertex 20.3 -21.0321 14.6
      vertex 19.0071 -19.0071 14.6
    endloop
  endfacet
  facet normal 0 0 1
    outer loop
      vertex 20.3 -21.0321 14.6
      vertex 18.9088 -19.0934 14.6
      vertex 20.0654 -21.1478 14.6
    endloop
  endfacet
  facet normal 0 0 1
    outer loop
      vertex 20.0654 -21.1478 14.6
      vertex 18.9088 -19.0934 14.6
      vertex 19.8176 -21.2319 14.6
    endloop
  endfacet
  facet normal -0 0 1
    outer loop
      vertex 18.8 -19.166 14.6
      vertex 19.8176 -21.2319 14.6
      vertex 18.9088 -19.0934 14.6
    endloop
  endfacet
  facet normal 0 0 1
    outer loop
      vertex 19.8176 -21.2319 14.6
      vertex 18.8 -19.166 14.6
      vertex 19.5611 -21.2829 14.6
    endloop
  endfacet
  facet normal 0 0 1
    outer loop
      vertex 19.5611 -21.2829 14.6
      vertex 18.8 -19.166 14.6
      vertex 19.3 -21.3 14.6
    endloop
  endfacet
  facet normal -0 0 1
    outer loop
      vertex 18.6827 -19.2239 14.6
      vertex 19.3 -21.3 14.6
      vertex 18.8 -19.166 14.6
    endloop
  endfacet
  facet normal -0 0 1
    outer loop
      vertex 18.5588 -19.2659 14.6
      vertex 19.3 -21.3 14.6
      vertex 18.6827 -19.2239 14.6
    endloop
  endfacet
  facet normal -0 0 1
    outer loop
      vertex 18.4305 -19.2914 14.6
      vertex 19.3 -21.3 14.6
      vertex 18.5588 -19.2659 14.6
    endloop
  endfacet
  facet normal -0 0 1
    outer loop
      vertex 18.3 -19.3 14.6
      vertex 19.3 -21.3 14.6
      vertex 18.4305 -19.2914 14.6
    endloop
  endfacet
  facet normal 0 0 1
    outer loop
      vertex 3 -21.3 14.6
      vertex 18.3 -19.3 14.6
      vertex 3 -20.3 14.6
    endloop
  endfacet
  facet normal 0 0 1
    outer loop
      vertex 18.3 -19.3 14.6
      vertex 3 -21.3 14.6
      vertex 19.3 -21.3 14.6
    endloop
  endfacet
  facet normal 1 0 0
    outer loop
      vertex 3 -37.3 7.3
      vertex 3 -37.0557 8.05329
      vertex 3 -37.0565 8.05352
    endloop
  endfacet
  facet normal 1 0 0
    outer loop
      vertex 3 -37.0557 8.05329
      vertex 3 -37.3 7.3
      vertex 3 -37.0557 6.54671
    endloop
  endfacet
  facet normal -0 0 0
    outer loop
      vertex 3 -37.0557 6.54225
      vertex 3 -37.0557 6.5423
      vertex 3 -37.0557 6.54215
    endloop
  endfacet
  facet normal 1 0 0
    outer loop
      vertex 3 -35.9079 3.7698
      vertex 3 -36.3 4.00644
      vertex 3 -35.9085 3.76918
    endloop
  endfacet
  facet normal 1 0 0
    outer loop
      vertex 3 -35.9079 3.7698
      vertex 3 -36.4962 4.3
      vertex 3 -36.3 4.00644
    endloop
  endfacet
  facet normal 1 0 0
    outer loop
      vertex 3 -36.6612 5.07454
      vertex 3 -36.4962 4.3
      vertex 3 -35.9079 3.7698
    endloop
  endfacet
  facet normal 1 -0 0
    outer loop
      vertex 3 -36.662 5.07431
      vertex 3 -36.4962 4.3
      vertex 3 -36.6612 5.07454
    endloop
  endfacet
  facet normal 1 0 0
    outer loop
      vertex 3 -36.6653 5.08227
      vertex 3 -36.662 5.07431
      vertex 3 -36.6634 5.0783
    endloop
  endfacet
  facet normal 0 0 0
    outer loop
      vertex 3 -36.6634 5.07844
      vertex 3 -36.6634 5.0783
      vertex 3 -36.6634 5.0784
    endloop
  endfacet
  facet normal 1 0 0
    outer loop
      vertex 3 -36.6635 5.07849
      vertex 3 -36.6634 5.0783
      vertex 3 -36.6634 5.07844
    endloop
  endfacet
  facet normal -1 0 0
    outer loop
      vertex 3 -36.6653 5.08227
      vertex 3 -36.6634 5.0783
      vertex 3 -36.6635 5.07849
    endloop
  endfacet
  facet normal 1 0 0
    outer loop
      vertex 3 -36.662 5.07431
      vertex 3 -36.6653 5.08227
      vertex 3 -36.8433 5.0039
    endloop
  endfacet
  facet normal 1 0 0
    outer loop
      vertex 3 -36.662 5.07431
      vertex 3 -36.8433 5.0039
      vertex 3 -36.4962 4.3
    endloop
  endfacet
  facet normal 1 0 0
    outer loop
      vertex 3 -34.8372 2.69748
      vertex 3 -35.9025 3.76279
      vertex 3 -34.8376 2.69672
    endloop
  endfacet
  facet normal 1 0 0
    outer loop
      vertex 3 -33.5255 1.93881
      vertex 3 -34.8302 2.6921
      vertex 3 -33.5257 1.93796
    endloop
  endfacet
  facet normal 1 0 0
    outer loop
      vertex 3 -32.062 1.5455
      vertex 3 -33.5173 1.93543
      vertex 3 -32.062 1.54462
    endloop
  endfacet
  facet normal 1 0 0
    outer loop
      vertex 3 -27.7698 2.6921
      vertex 3 -29.0745 1.93881
      vertex 3 -29.0743 1.93796
    endloop
  endfacet
  facet normal 1 0 0
    outer loop
      vertex 3 -26.6975 3.76279
      vertex 3 -27.7628 2.69748
      vertex 3 -27.7624 2.69672
    endloop
  endfacet
  facet normal 1 0 0
    outer loop
      vertex 3 -25.9388 5.07454
      vertex 3 -26.6921 3.7698
      vertex 3 -26.6915 3.76918
    endloop
  endfacet
  facet normal 1 0 0
    outer loop
      vertex 3 -25.5455 6.53795
      vertex 3 -25.9354 5.08271
      vertex 3 -25.9347 5.08227
    endloop
  endfacet
  facet normal 1 -0 0
    outer loop
      vertex 3 -25.5443 8.05329
      vertex 3 -25.5435 6.54648
      vertex 3 -25.5435 8.05352
    endloop
  endfacet
  facet normal 1 0 0
    outer loop
      vertex 3 -25.5435 6.54648
      vertex 3 -25.5443 8.05329
      vertex 3 -25.5443 6.54671
    endloop
  endfacet
  facet normal 1 0 0
    outer loop
      vertex 3 -21.3 14.6
      vertex 3 -25.5435 8.05352
      vertex 3 -21.3 5.72205e-07
    endloop
  endfacet
  facet normal 1 -0 0
    outer loop
      vertex 3 -25.5446 8.06205
      vertex 3 -25.5435 8.05352
      vertex 3 -21.3 14.6
    endloop
  endfacet
  facet normal 1 0 0
    outer loop
      vertex 3 -25.5435 8.05352
      vertex 3 -25.5446 8.06205
      vertex 3 -25.5443 8.05765
    endloop
  endfacet
  facet normal -1 -0 -0
    outer loop
      vertex 3 -25.5443 8.05785
      vertex 3 -25.5443 8.05765
      vertex 3 -25.5446 8.06205
    endloop
  endfacet
  facet normal 0 0 0
    outer loop
      vertex 3 -25.5443 8.05765
      vertex 3 -25.5443 8.05785
      vertex 3 -25.5443 8.0577
    endloop
  endfacet
  facet normal 1 -0 0
    outer loop
      vertex 3 -25.9347 9.51773
      vertex 3 -25.5446 8.06205
      vertex 3 -21.3 14.6
    endloop
  endfacet
  facet normal 1 0 0
    outer loop
      vertex 3 -25.5446 8.06205
      vertex 3 -25.9347 9.51773
      vertex 3 -25.5455 8.06205
    endloop
  endfacet
  facet normal 1 -0 0
    outer loop
      vertex 3 -25.938 9.52569
      vertex 3 -25.9347 9.51773
      vertex 3 -21.3 14.6
    endloop
  endfacet
  facet normal 1 0 0
    outer loop
      vertex 3 -25.9347 9.51773
      vertex 3 -25.938 9.52569
      vertex 3 -25.9365 9.52151
    endloop
  endfacet
  facet normal 1 -0 -0
    outer loop
      vertex 3 -25.9366 9.5217
      vertex 3 -25.9365 9.52151
      vertex 3 -25.938 9.52569
    endloop
  endfacet
  facet normal 0 0 0
    outer loop
      vertex 3 -25.9366 9.52156
      vertex 3 -25.9366 9.5217
      vertex 3 -25.9366 9.5216
    endloop
  endfacet
  facet normal 1 0 0
    outer loop
      vertex 3 -25.9365 9.52151
      vertex 3 -25.9366 9.5217
      vertex 3 -25.9366 9.52156
    endloop
  endfacet
  facet normal 1 -0 0
    outer loop
      vertex 3 -26.6915 10.8308
      vertex 3 -25.938 9.52569
      vertex 3 -21.3 14.6
    endloop
  endfacet
  facet normal 1 0 0
    outer loop
      vertex 3 -25.938 9.52569
      vertex 3 -26.6915 10.8308
      vertex 3 -25.9388 9.52546
    endloop
  endfacet
  facet normal 1 -0 0
    outer loop
      vertex 3 -26.6967 10.8376
      vertex 3 -26.6915 10.8308
      vertex 3 -21.3 14.6
    endloop
  endfacet
  facet normal 1 0 0
    outer loop
      vertex 3 -26.6915 10.8308
      vertex 3 -26.6967 10.8376
      vertex 3 -26.6943 10.834
    endloop
  endfacet
  facet normal -1 0 0
    outer loop
      vertex 3 -26.6943 10.834
      vertex 3 -26.6944 10.8341
      vertex 3 -26.6943 10.8341
    endloop
  endfacet
  facet normal 1 0 0
    outer loop
      vertex 3 -26.6943 10.834
      vertex 3 -26.6967 10.8376
      vertex 3 -26.6944 10.8341
    endloop
  endfacet
  facet normal 1 -0 0
    outer loop
      vertex 3 -27.7624 11.9033
      vertex 3 -26.6967 10.8376
      vertex 3 -21.3 14.6
    endloop
  endfacet
  facet normal 1 0 0
    outer loop
      vertex 3 -26.6967 10.8376
      vertex 3 -27.7624 11.9033
      vertex 3 -26.6975 10.8372
    endloop
  endfacet
  facet normal 1 -0 0
    outer loop
      vertex 3 -27.7692 11.9085
      vertex 3 -27.7624 11.9033
      vertex 3 -21.3 14.6
    endloop
  endfacet
  facet normal 1 0 0
    outer loop
      vertex 3 -27.7624 11.9033
      vertex 3 -27.7692 11.9085
      vertex 3 -27.7659 11.9056
    endloop
  endfacet
  facet normal -1 0 0
    outer loop
      vertex 3 -27.7659 11.9056
      vertex 3 -27.766 11.9057
      vertex 3 -27.7659 11.9057
    endloop
  endfacet
  facet normal -1 0 0
    outer loop
      vertex 3 -27.7659 11.9056
      vertex 3 -27.7692 11.9085
      vertex 3 -27.766 11.9057
    endloop
  endfacet
  facet normal 1 0 0
    outer loop
      vertex 3 -27.7692 11.9085
      vertex 3 -29.0743 12.662
      vertex 3 -27.7698 11.9079
    endloop
  endfacet
  facet normal 1 0 0
    outer loop
      vertex 3 -21.3 14.6
      vertex 3 -29.0743 12.662
      vertex 3 -27.7692 11.9085
    endloop
  endfacet
  facet normal 1 -0 0
    outer loop
      vertex 3 -29.0823 12.6653
      vertex 3 -29.0743 12.662
      vertex 3 -21.3 14.6
    endloop
  endfacet
  facet normal 1 0 0
    outer loop
      vertex 3 -29.0743 12.662
      vertex 3 -29.0823 12.6653
      vertex 3 -29.0783 12.6634
    endloop
  endfacet
  facet normal 1 0 -0
    outer loop
      vertex 3 -29.0784 12.6634
      vertex 3 -29.0783 12.6634
      vertex 3 -29.0785 12.6635
    endloop
  endfacet
  facet normal -1 0 0
    outer loop
      vertex 3 -29.0783 12.6634
      vertex 3 -29.0823 12.6653
      vertex 3 -29.0785 12.6635
    endloop
  endfacet
  facet normal 1 0 0
    outer loop
      vertex 3 -29.0823 12.6653
      vertex 3 -30.5379 13.0554
      vertex 3 -29.0827 12.6646
    endloop
  endfacet
  facet normal 1 0 0
    outer loop
      vertex 3 -21.3 14.6
      vertex 3 -30.5379 13.0554
      vertex 3 -29.0823 12.6653
    endloop
  endfacet
  facet normal 1 -0 0
    outer loop
      vertex 3 -30.5465 13.0565
      vertex 3 -30.5379 13.0554
      vertex 3 -21.3 14.6
    endloop
  endfacet
  facet normal 1 0 0
    outer loop
      vertex 3 -30.5379 13.0554
      vertex 3 -30.5465 13.0565
      vertex 3 -30.5422 13.0557
    endloop
  endfacet
  facet normal 0 0 0
    outer loop
      vertex 3 -30.5422 13.0557
      vertex 3 -30.5424 13.0557
      vertex 3 -30.5423 13.0557
    endloop
  endfacet
  facet normal 1 0 0
    outer loop
      vertex 3 -30.5422 13.0557
      vertex 3 -30.5465 13.0565
      vertex 3 -30.5424 13.0557
    endloop
  endfacet
  facet normal 1 0 0
    outer loop
      vertex 3 -30.5465 13.0565
      vertex 3 -32.0533 13.0557
      vertex 3 -30.5467 13.0557
    endloop
  endfacet
  facet normal 1 -0 0
    outer loop
      vertex 3 -36.3 14.6
      vertex 3 -30.5465 13.0565
      vertex 3 -21.3 14.6
    endloop
  endfacet
  facet normal 1 0 0
    outer loop
      vertex 3 -30.5465 13.0565
      vertex 3 -32.0535 13.0565
      vertex 3 -32.0533 13.0557
    endloop
  endfacet
  facet normal 0 0 0
    outer loop
      vertex 3 -32.0576 13.0557
      vertex 3 -32.0578 13.0557
      vertex 3 -32.0577 13.0557
    endloop
  endfacet
  facet normal 1 0 0
    outer loop
      vertex 3 -32.0535 13.0565
      vertex 3 -32.0578 13.0557
      vertex 3 -32.0576 13.0557
    endloop
  endfacet
  facet normal 1 0 0
    outer loop
      vertex 3 -32.0535 13.0565
      vertex 3 -32.062 13.0554
      vertex 3 -32.0578 13.0557
    endloop
  endfacet
  facet normal 1 0 0
    outer loop
      vertex 3 -30.5465 13.0565
      vertex 3 -36.3 14.6
      vertex 3 -32.0535 13.0565
    endloop
  endfacet
  facet normal 1 0 0
    outer loop
      vertex 3 -32.062 13.0554
      vertex 3 -33.5173 12.6646
      vertex 3 -32.062 13.0545
    endloop
  endfacet
  facet normal 1 0 0
    outer loop
      vertex 3 -32.062 13.0554
      vertex 3 -33.5177 12.6653
      vertex 3 -33.5173 12.6646
    endloop
  endfacet
  facet normal 1 0 0
    outer loop
      vertex 3 -33.5217 12.6634
      vertex 3 -33.5216 12.6634
      vertex 3 -33.5215 12.6635
    endloop
  endfacet
  facet normal -1 0 0
    outer loop
      vertex 3 -33.5177 12.6653
      vertex 3 -33.5217 12.6634
      vertex 3 -33.5215 12.6635
    endloop
  endfacet
  facet normal 1 0 0
    outer loop
      vertex 3 -33.5177 12.6653
      vertex 3 -33.5257 12.662
      vertex 3 -33.5217 12.6634
    endloop
  endfacet
  facet normal 1 0 0
    outer loop
      vertex 3 -33.5257 12.662
      vertex 3 -34.8308 11.9085
      vertex 3 -34.8302 11.9079
    endloop
  endfacet
  facet normal -1 -0 0
    outer loop
      vertex 3 -34.834 11.9057
      vertex 3 -34.8341 11.9056
      vertex 3 -34.8341 11.9057
    endloop
  endfacet
  facet normal -1 0 0
    outer loop
      vertex 3 -34.8308 11.9085
      vertex 3 -34.8341 11.9056
      vertex 3 -34.834 11.9057
    endloop
  endfacet
  facet normal 1 0 0
    outer loop
      vertex 3 -34.8308 11.9085
      vertex 3 -34.8376 11.9033
      vertex 3 -34.8341 11.9056
    endloop
  endfacet
  facet normal 1 0 0
    outer loop
      vertex 3 -34.8376 11.9033
      vertex 3 -35.9033 10.8376
      vertex 3 -35.9025 10.8372
    endloop
  endfacet
  facet normal -1 -0 0
    outer loop
      vertex 3 -35.9056 10.8341
      vertex 3 -35.9057 10.834
      vertex 3 -35.9057 10.8341
    endloop
  endfacet
  facet normal 1 0 0
    outer loop
      vertex 3 -35.9033 10.8376
      vertex 3 -35.9057 10.834
      vertex 3 -35.9056 10.8341
    endloop
  endfacet
  facet normal 1 0 0
    outer loop
      vertex 3 -35.9033 10.8376
      vertex 3 -35.9085 10.8308
      vertex 3 -35.9057 10.834
    endloop
  endfacet
  facet normal 1 0 0
    outer loop
      vertex 3 -36.3 10.5936
      vertex 3 -35.9033 10.8376
      vertex 3 -36.3 14.6
    endloop
  endfacet
  facet normal 1 0 0
    outer loop
      vertex 3 -34.8376 11.9033
      vertex 3 -36.3 14.6
      vertex 3 -35.9033 10.8376
    endloop
  endfacet
  facet normal 1 0 0
    outer loop
      vertex 3 -34.8308 11.9085
      vertex 3 -36.3 14.6
      vertex 3 -34.8376 11.9033
    endloop
  endfacet
  facet normal 1 0 0
    outer loop
      vertex 3 -33.5257 12.662
      vertex 3 -36.3 14.6
      vertex 3 -34.8308 11.9085
    endloop
  endfacet
  facet normal 1 0 0
    outer loop
      vertex 3 -33.5177 12.6653
      vertex 3 -36.3 14.6
      vertex 3 -33.5257 12.662
    endloop
  endfacet
  facet normal 1 0 0
    outer loop
      vertex 3 -32.062 13.0554
      vertex 3 -36.3 14.6
      vertex 3 -33.5177 12.6653
    endloop
  endfacet
  facet normal 1 0 0
    outer loop
      vertex 3 -32.0535 13.0565
      vertex 3 -36.3 14.6
      vertex 3 -32.062 13.0554
    endloop
  endfacet
  facet normal 0 0 0
    outer loop
      vertex 3 -36.3 14.6
      vertex 3 -21.3 14.6
      vertex 3 -20.3 14.6
    endloop
  endfacet
  facet normal 1 -0 0
    outer loop
      vertex 3 -25.5435 6.54648
      vertex 3 -21.3 5.72205e-07
      vertex 3 -25.5435 8.05352
    endloop
  endfacet
  facet normal 1 0 0
    outer loop
      vertex 3 -25.5446 6.53795
      vertex 3 -25.5435 6.54648
      vertex 3 -25.5443 6.54235
    endloop
  endfacet
  facet normal 0 0 0
    outer loop
      vertex 3 -25.5443 6.54215
      vertex 3 -25.5443 6.54235
      vertex 3 -25.5443 6.5423
    endloop
  endfacet
  facet normal 0 0 0
    outer loop
      vertex 3 -25.5443 6.54215
      vertex 3 -25.5443 6.5423
      vertex 3 -25.5443 6.54225
    endloop
  endfacet
  facet normal -1 0 -0
    outer loop
      vertex 3 -25.5443 6.54235
      vertex 3 -25.5443 6.54215
      vertex 3 -25.5446 6.53795
    endloop
  endfacet
  facet normal 1 0 0
    outer loop
      vertex 3 -25.5435 6.54648
      vertex 3 -25.5446 6.53795
      vertex 3 -21.3 5.72205e-07
    endloop
  endfacet
  facet normal 1 0 0
    outer loop
      vertex 3 -25.9347 5.08227
      vertex 3 -25.5446 6.53795
      vertex 3 -25.5455 6.53795
    endloop
  endfacet
  facet normal 1 0 0
    outer loop
      vertex 3 -25.5446 6.53795
      vertex 3 -25.9347 5.08227
      vertex 3 -21.3 5.72205e-07
    endloop
  endfacet
  facet normal 1 0 0
    outer loop
      vertex 3 -25.938 5.07431
      vertex 3 -25.9347 5.08227
      vertex 3 -25.9365 5.07849
    endloop
  endfacet
  facet normal 1 0 0
    outer loop
      vertex 3 -25.9366 5.0783
      vertex 3 -25.9365 5.07849
      vertex 3 -25.9366 5.07844
    endloop
  endfacet
  facet normal 0 0 0
    outer loop
      vertex 3 -25.9366 5.0783
      vertex 3 -25.9366 5.07844
      vertex 3 -25.9366 5.0784
    endloop
  endfacet
  facet normal 1 0 0
    outer loop
      vertex 3 -25.9365 5.07849
      vertex 3 -25.9366 5.0783
      vertex 3 -25.938 5.07431
    endloop
  endfacet
  facet normal 1 0 0
    outer loop
      vertex 3 -25.9347 5.08227
      vertex 3 -25.938 5.07431
      vertex 3 -21.3 5.72205e-07
    endloop
  endfacet
  facet normal 1 0 0
    outer loop
      vertex 3 -26.6915 3.76918
      vertex 3 -25.938 5.07431
      vertex 3 -25.9388 5.07454
    endloop
  endfacet
  facet normal 1 0 0
    outer loop
      vertex 3 -25.938 5.07431
      vertex 3 -26.6915 3.76918
      vertex 3 -21.3 5.72205e-07
    endloop
  endfacet
  facet normal 1 0 0
    outer loop
      vertex 3 -26.6967 3.76235
      vertex 3 -26.6915 3.76918
      vertex 3 -26.6943 3.76602
    endloop
  endfacet
  facet normal -1 0 0
    outer loop
      vertex 3 -26.6944 3.76586
      vertex 3 -26.6943 3.76602
      vertex 3 -26.6943 3.76594
    endloop
  endfacet
  facet normal -1 0 0
    outer loop
      vertex 3 -26.6967 3.76235
      vertex 3 -26.6943 3.76602
      vertex 3 -26.6944 3.76586
    endloop
  endfacet
  facet normal 1 0 0
    outer loop
      vertex 3 -26.6915 3.76918
      vertex 3 -26.6967 3.76235
      vertex 3 -21.3 5.72205e-07
    endloop
  endfacet
  facet normal 1 0 0
    outer loop
      vertex 3 -27.7624 2.69672
      vertex 3 -26.6967 3.76235
      vertex 3 -26.6975 3.76279
    endloop
  endfacet
  facet normal 1 0 0
    outer loop
      vertex 3 -26.6967 3.76235
      vertex 3 -27.7624 2.69672
      vertex 3 -21.3 5.72205e-07
    endloop
  endfacet
  facet normal 1 0 0
    outer loop
      vertex 3 -27.7692 2.69148
      vertex 3 -27.7624 2.69672
      vertex 3 -27.7659 2.69438
    endloop
  endfacet
  facet normal -1 0 0
    outer loop
      vertex 3 -27.766 2.69426
      vertex 3 -27.7659 2.69438
      vertex 3 -27.7659 2.69433
    endloop
  endfacet
  facet normal -1 0 0
    outer loop
      vertex 3 -27.7692 2.69148
      vertex 3 -27.7659 2.69438
      vertex 3 -27.766 2.69426
    endloop
  endfacet
  facet normal 1 0 0
    outer loop
      vertex 3 -27.7624 2.69672
      vertex 3 -27.7692 2.69148
      vertex 3 -21.3 5.72205e-07
    endloop
  endfacet
  facet normal 1 0 0
    outer loop
      vertex 3 -29.0743 1.93796
      vertex 3 -27.7692 2.69148
      vertex 3 -27.7698 2.6921
    endloop
  endfacet
  facet normal 1 -0 0
    outer loop
      vertex 3 -29.0743 1.93796
      vertex 3 -21.3 5.72205e-07
      vertex 3 -27.7692 2.69148
    endloop
  endfacet
  facet normal 1 0 0
    outer loop
      vertex 3 -29.0823 1.93467
      vertex 3 -29.0743 1.93796
      vertex 3 -29.0783 1.93661
    endloop
  endfacet
  facet normal 1 0 0
    outer loop
      vertex 3 -29.0784 1.93656
      vertex 3 -29.0783 1.93661
      vertex 3 -29.0784 1.93658
    endloop
  endfacet
  facet normal -1 0 0
    outer loop
      vertex 3 -29.0785 1.93653
      vertex 3 -29.0783 1.93661
      vertex 3 -29.0784 1.93656
    endloop
  endfacet
  facet normal 1 0 0
    outer loop
      vertex 3 -29.0823 1.93467
      vertex 3 -29.0783 1.93661
      vertex 3 -29.0785 1.93653
    endloop
  endfacet
  facet normal 1 0 0
    outer loop
      vertex 3 -29.0743 1.93796
      vertex 3 -29.0823 1.93467
      vertex 3 -21.3 5.72205e-07
    endloop
  endfacet
  facet normal 1 0 0
    outer loop
      vertex 3 -30.5379 1.5455
      vertex 3 -29.0823 1.93467
      vertex 3 -29.0827 1.93543
    endloop
  endfacet
  facet normal 1 0 0
    outer loop
      vertex 3 -30.5379 1.54462
      vertex 3 -29.0823 1.93467
      vertex 3 -30.5379 1.5455
    endloop
  endfacet
  facet normal 1 0 0
    outer loop
      vertex 3 -29.0823 1.93467
      vertex 3 -30.5379 1.54462
      vertex 3 -21.3 5.72205e-07
    endloop
  endfacet
  facet normal 1 0 0
    outer loop
      vertex 3 -30.5465 1.5435
      vertex 3 -30.5379 1.54462
      vertex 3 -30.5422 1.54434
    endloop
  endfacet
  facet normal 1 0 0
    outer loop
      vertex 3 -30.5423 1.54433
      vertex 3 -30.5422 1.54434
      vertex 3 -30.5423 1.54434
    endloop
  endfacet
  facet normal 0 0 0
    outer loop
      vertex 3 -30.5424 1.54432
      vertex 3 -30.5422 1.54434
      vertex 3 -30.5423 1.54433
    endloop
  endfacet
  facet normal 1 0 0
    outer loop
      vertex 3 -30.5465 1.5435
      vertex 3 -30.5422 1.54434
      vertex 3 -30.5424 1.54432
    endloop
  endfacet
  facet normal 1 0 0
    outer loop
      vertex 3 -30.5379 1.54462
      vertex 3 -30.5465 1.5435
      vertex 3 -21.3 5.72205e-07
    endloop
  endfacet
  facet normal 1 -0 0
    outer loop
      vertex 3 -32.0533 1.54434
      vertex 3 -30.5465 1.5435
      vertex 3 -30.5467 1.54434
    endloop
  endfacet
  facet normal 1 0 0
    outer loop
      vertex 3 -32.0535 1.5435
      vertex 3 -30.5465 1.5435
      vertex 3 -32.0533 1.54434
    endloop
  endfacet
  facet normal 1 0 0
    outer loop
      vertex 3 -36.3 5.72205e-07
      vertex 3 -30.5465 1.5435
      vertex 3 -32.0535 1.5435
    endloop
  endfacet
  facet normal 1 -0 0
    outer loop
      vertex 3 -32.0578 1.54434
      vertex 3 -32.0577 1.54433
      vertex 3 -32.0577 1.54434
    endloop
  endfacet
  facet normal 1 0 0
    outer loop
      vertex 3 -32.0578 1.54434
      vertex 3 -32.0576 1.54432
      vertex 3 -32.0577 1.54433
    endloop
  endfacet
  facet normal 1 0 0
    outer loop
      vertex 3 -32.0578 1.54434
      vertex 3 -32.0535 1.5435
      vertex 3 -32.0576 1.54432
    endloop
  endfacet
  facet normal 1 0 0
    outer loop
      vertex 3 -32.062 1.54462
      vertex 3 -32.0535 1.5435
      vertex 3 -32.0578 1.54434
    endloop
  endfacet
  facet normal 1 0 0
    outer loop
      vertex 3 -36.3 5.72205e-07
      vertex 3 -32.0535 1.5435
      vertex 3 -32.062 1.54462
    endloop
  endfacet
  facet normal 1 -0 0
    outer loop
      vertex 3 -33.5177 1.93467
      vertex 3 -32.062 1.54462
      vertex 3 -33.5173 1.93543
    endloop
  endfacet
  facet normal 1 0 0
    outer loop
      vertex 3 -33.5217 1.93661
      vertex 3 -33.5216 1.93656
      vertex 3 -33.5216 1.93658
    endloop
  endfacet
  facet normal -1 0 0
    outer loop
      vertex 3 -33.5216 1.93656
      vertex 3 -33.5217 1.93661
      vertex 3 -33.5215 1.93653
    endloop
  endfacet
  facet normal 1 0 0
    outer loop
      vertex 3 -33.5217 1.93661
      vertex 3 -33.5177 1.93467
      vertex 3 -33.5215 1.93653
    endloop
  endfacet
  facet normal 1 0 0
    outer loop
      vertex 3 -33.5257 1.93796
      vertex 3 -33.5177 1.93467
      vertex 3 -33.5217 1.93661
    endloop
  endfacet
  facet normal 1 -0 0
    outer loop
      vertex 3 -34.8308 2.69148
      vertex 3 -33.5257 1.93796
      vertex 3 -34.8302 2.6921
    endloop
  endfacet
  facet normal -1 0 0
    outer loop
      vertex 3 -34.8341 2.69438
      vertex 3 -34.834 2.69426
      vertex 3 -34.8341 2.69433
    endloop
  endfacet
  facet normal -1 0 0
    outer loop
      vertex 3 -34.8341 2.69438
      vertex 3 -34.8308 2.69148
      vertex 3 -34.834 2.69426
    endloop
  endfacet
  facet normal 1 0 0
    outer loop
      vertex 3 -34.8376 2.69672
      vertex 3 -34.8308 2.69148
      vertex 3 -34.8341 2.69438
    endloop
  endfacet
  facet normal 1 -0 0
    outer loop
      vertex 3 -35.9033 3.76235
      vertex 3 -34.8376 2.69672
      vertex 3 -35.9025 3.76279
    endloop
  endfacet
  facet normal -1 0 0
    outer loop
      vertex 3 -35.9057 3.76602
      vertex 3 -35.9056 3.76586
      vertex 3 -35.9057 3.76594
    endloop
  endfacet
  facet normal -1 0 0
    outer loop
      vertex 3 -35.9057 3.76602
      vertex 3 -35.9033 3.76235
      vertex 3 -35.9056 3.76586
    endloop
  endfacet
  facet normal 1 0 0
    outer loop
      vertex 3 -35.9085 3.76918
      vertex 3 -35.9033 3.76235
      vertex 3 -35.9057 3.76602
    endloop
  endfacet
  facet normal 1 0 0
    outer loop
      vertex 3 -36.3 4.00644
      vertex 3 -35.9033 3.76235
      vertex 3 -35.9085 3.76918
    endloop
  endfacet
  facet normal 1 0 0
    outer loop
      vertex 3 -36.3 5.72205e-07
      vertex 3 -35.9033 3.76235
      vertex 3 -36.3 4.00644
    endloop
  endfacet
  facet normal 1 0 0
    outer loop
      vertex 3 -30.5465 1.5435
      vertex 3 -36.3 5.72205e-07
      vertex 3 -21.3 5.72205e-07
    endloop
  endfacet
  facet normal 1 0 0
    outer loop
      vertex 3 -33.5177 1.93467
      vertex 3 -36.3 5.72205e-07
      vertex 3 -32.062 1.54462
    endloop
  endfacet
  facet normal 1 0 0
    outer loop
      vertex 3 -33.5257 1.93796
      vertex 3 -36.3 5.72205e-07
      vertex 3 -33.5177 1.93467
    endloop
  endfacet
  facet normal 1 0 0
    outer loop
      vertex 3 -34.8308 2.69148
      vertex 3 -36.3 5.72205e-07
      vertex 3 -33.5257 1.93796
    endloop
  endfacet
  facet normal 1 0 0
    outer loop
      vertex 3 -34.8376 2.69672
      vertex 3 -36.3 5.72205e-07
      vertex 3 -34.8308 2.69148
    endloop
  endfacet
  facet normal 1 0 0
    outer loop
      vertex 3 -35.9033 3.76235
      vertex 3 -36.3 5.72205e-07
      vertex 3 -34.8376 2.69672
    endloop
  endfacet
  facet normal 0 0 0
    outer loop
      vertex 3 -25.5443 8.0577
      vertex 3 -25.5443 8.05785
      vertex 3 -25.5443 8.05774
    endloop
  endfacet
  facet normal 1 0 0
    outer loop
      vertex 3 -25.5455 8.06205
      vertex 3 -25.9347 9.51773
      vertex 3 -25.9354 9.51729
    endloop
  endfacet
  facet normal 1 0 0
    outer loop
      vertex 3 -25.9388 9.52546
      vertex 3 -26.6915 10.8308
      vertex 3 -26.6921 10.8302
    endloop
  endfacet
  facet normal 1 0 0
    outer loop
      vertex 3 -26.6975 10.8372
      vertex 3 -27.7624 11.9033
      vertex 3 -27.7628 11.9025
    endloop
  endfacet
  facet normal 1 0 0
    outer loop
      vertex 3 -27.7698 11.9079
      vertex 3 -29.0743 12.662
      vertex 3 -29.0745 12.6612
    endloop
  endfacet
  facet normal 1 0 0
    outer loop
      vertex 3 -29.0827 12.6646
      vertex 3 -30.5379 13.0554
      vertex 3 -30.5379 13.0545
    endloop
  endfacet
  facet normal 1 0 0
    outer loop
      vertex 3 -33.5255 12.6612
      vertex 3 -33.5257 12.662
      vertex 3 -34.8302 11.9079
    endloop
  endfacet
  facet normal 1 0 0
    outer loop
      vertex 3 -34.8372 11.9025
      vertex 3 -34.8376 11.9033
      vertex 3 -35.9025 10.8372
    endloop
  endfacet
  facet normal 1 0 0
    outer loop
      vertex 3 -35.9033 10.8376
      vertex 3 -36.3 10.5936
      vertex 3 -35.9085 10.8308
    endloop
  endfacet
  facet normal 1 0 0
    outer loop
      vertex 3 -36.3 10.5936
      vertex 3 -35.9079 10.8302
      vertex 3 -35.9085 10.8308
    endloop
  endfacet
  facet normal 1 0 0
    outer loop
      vertex 3 -36.4962 10.3
      vertex 3 -35.9079 10.8302
      vertex 3 -36.3 10.5936
    endloop
  endfacet
  facet normal 1 -0 0
    outer loop
      vertex 3 -36.4962 10.3
      vertex 3 -36.6612 9.52546
      vertex 3 -35.9079 10.8302
    endloop
  endfacet
  facet normal 1 0 0
    outer loop
      vertex 3 -36.4962 10.3
      vertex 3 -36.662 9.52569
      vertex 3 -36.6612 9.52546
    endloop
  endfacet
  facet normal 1 -0 0
    outer loop
      vertex 3 -36.8433 9.5961
      vertex 3 -36.662 9.52569
      vertex 3 -36.4962 10.3
    endloop
  endfacet
  facet normal 1 0 -0
    outer loop
      vertex 3 -36.6653 9.51773
      vertex 3 -36.662 9.52569
      vertex 3 -36.8433 9.5961
    endloop
  endfacet
  facet normal 1 0 0
    outer loop
      vertex 3 -36.662 9.52569
      vertex 3 -36.6653 9.51773
      vertex 3 -36.6634 9.5217
    endloop
  endfacet
  facet normal 0 0 0
    outer loop
      vertex 3 -36.6634 9.5217
      vertex 3 -36.6634 9.52156
      vertex 3 -36.6634 9.5216
    endloop
  endfacet
  facet normal 1 0 0
    outer loop
      vertex 3 -36.6634 9.5217
      vertex 3 -36.6635 9.52151
      vertex 3 -36.6634 9.52156
    endloop
  endfacet
  facet normal -1 0 0
    outer loop
      vertex 3 -36.6634 9.5217
      vertex 3 -36.6653 9.51773
      vertex 3 -36.6635 9.52151
    endloop
  endfacet
  facet normal 1 0 0
    outer loop
      vertex 3 -37.0956 8.85291
      vertex 3 -36.6653 9.51773
      vertex 3 -36.8433 9.5961
    endloop
  endfacet
  facet normal 1 0 0
    outer loop
      vertex 3 -36.6653 9.51773
      vertex 3 -37.0956 8.85291
      vertex 3 -36.6646 9.51729
    endloop
  endfacet
  facet normal 1 0 0
    outer loop
      vertex 3 -36.6646 9.51729
      vertex 3 -37.0956 8.85291
      vertex 3 -37.0545 8.06205
    endloop
  endfacet
  facet normal 0 0 0
    outer loop
      vertex 3 -37.0557 8.05785
      vertex 3 -37.0557 8.0577
      vertex 3 -37.0557 8.05774
    endloop
  endfacet
  facet normal 1 0 0
    outer loop
      vertex 3 -37.0565 8.05352
      vertex 3 -37.0557 8.05785
      vertex 3 -37.0554 8.06205
    endloop
  endfacet
  facet normal 0 0 0
    outer loop
      vertex 3 -37.0557 8.05785
      vertex 3 -37.0557 8.05765
      vertex 3 -37.0557 8.0577
    endloop
  endfacet
  facet normal 1 0 0
    outer loop
      vertex 3 -37.0557 8.05785
      vertex 3 -37.0565 8.05352
      vertex 3 -37.0557 8.05765
    endloop
  endfacet
  facet normal 1 0 0
    outer loop
      vertex 3 -37.0554 8.06205
      vertex 3 -37.2487 8.08316
      vertex 3 -37.0565 8.05352
    endloop
  endfacet
  facet normal 1 -0 0
    outer loop
      vertex 3 -37.2487 8.08316
      vertex 3 -37.0554 8.06205
      vertex 3 -37.0956 8.85291
    endloop
  endfacet
  facet normal 1 0 0
    outer loop
      vertex 3 -37.0545 8.06205
      vertex 3 -37.0956 8.85291
      vertex 3 -37.0554 8.06205
    endloop
  endfacet
  facet normal 1 0 0
    outer loop
      vertex 3 -37.0956 5.74709
      vertex 3 -36.6653 5.08227
      vertex 3 -36.6646 5.08271
    endloop
  endfacet
  facet normal 1 -0 0
    outer loop
      vertex 3 -37.0956 5.74709
      vertex 3 -36.6646 5.08271
      vertex 3 -37.0545 6.53795
    endloop
  endfacet
  facet normal 1 0 0
    outer loop
      vertex 3 -37.0956 5.74709
      vertex 3 -37.0545 6.53795
      vertex 3 -37.0554 6.53795
    endloop
  endfacet
  facet normal 0 0 0
    outer loop
      vertex 3 -37.0557 6.54235
      vertex 3 -37.0557 6.54215
      vertex 3 -37.0557 6.5423
    endloop
  endfacet
  facet normal 1 0 0
    outer loop
      vertex 3 -37.0565 6.54648
      vertex 3 -37.0557 6.54215
      vertex 3 -37.0557 6.54235
    endloop
  endfacet
  facet normal 1 0 0
    outer loop
      vertex 3 -37.0557 6.54215
      vertex 3 -37.0565 6.54648
      vertex 3 -37.0554 6.53795
    endloop
  endfacet
  facet normal 1 0 0
    outer loop
      vertex 3 -36.6653 5.08227
      vertex 3 -37.0956 5.74709
      vertex 3 -36.8433 5.0039
    endloop
  endfacet
  facet normal 1 0 0
    outer loop
      vertex 3 -37.2487 6.51684
      vertex 3 -37.0554 6.53795
      vertex 3 -37.0565 6.54648
    endloop
  endfacet
  facet normal 1 0 0
    outer loop
      vertex 3 -37.3 7.3
      vertex 3 -37.0565 8.05352
      vertex 3 -37.2487 8.08316
    endloop
  endfacet
  facet normal 1 0 0
    outer loop
      vertex 3 -37.0557 6.54671
      vertex 3 -37.3 7.3
      vertex 3 -37.0565 6.54648
    endloop
  endfacet
  facet normal 1 0 0
    outer loop
      vertex 3 -37.0554 6.53795
      vertex 3 -37.2487 6.51684
      vertex 3 -37.0956 5.74709
    endloop
  endfacet
  facet normal 1 0 0
    outer loop
      vertex 3 -37.0565 6.54648
      vertex 3 -37.3 7.3
      vertex 3 -37.2487 6.51684
    endloop
  endfacet
  facet normal 1 -0 0
    outer loop
      vertex 3 -29.6579 7.73999
      vertex 3 -29.1238 7.5865
      vertex 3 -29.2721 8.13997
    endloop
  endfacet
  facet normal 1 0 -0
    outer loop
      vertex 3 -29.6 7.3
      vertex 3 -29.1238 7.5865
      vertex 3 -29.6145 7.52189
    endloop
  endfacet
  facet normal 1 -0 0
    outer loop
      vertex 3 -29.8278 8.15
      vertex 3 -29.2721 8.13997
      vertex 3 -29.5586 8.6362
    endloop
  endfacet
  facet normal 1 0 0
    outer loop
      vertex 3 -29.1238 7.5865
      vertex 3 -29.6 7.3
      vertex 3 -29.1238 7.0135
    endloop
  endfacet
  facet normal 1 0 0
    outer loop
      vertex 3 -29.6579 6.86001
      vertex 3 -29.1238 7.0135
      vertex 3 -29.6145 7.07811
    endloop
  endfacet
  facet normal 1 -0 0
    outer loop
      vertex 3 -29.6145 7.07811
      vertex 3 -29.1238 7.0135
      vertex 3 -29.6 7.3
    endloop
  endfacet
  facet normal 1 0 0
    outer loop
      vertex 3 -29.1238 7.5865
      vertex 3 -29.6579 7.73999
      vertex 3 -29.6145 7.52189
    endloop
  endfacet
  facet normal 1 0 0
    outer loop
      vertex 3 -29.2721 8.13997
      vertex 3 -29.7294 7.95056
      vertex 3 -29.6579 7.73999
    endloop
  endfacet
  facet normal 1 0 0
    outer loop
      vertex 3 -29.2721 8.13997
      vertex 3 -29.8278 8.15
      vertex 3 -29.7294 7.95056
    endloop
  endfacet
  facet normal 1 0 0
    outer loop
      vertex 3 -29.5586 8.6362
      vertex 3 -29.9513 8.3349
      vertex 3 -29.8278 8.15
    endloop
  endfacet
  facet normal 1 0 0
    outer loop
      vertex 3 -30.0979 8.50208
      vertex 3 -29.5586 8.6362
      vertex 3 -29.9638 9.04138
    endloop
  endfacet
  facet normal 1 0 0
    outer loop
      vertex 3 -29.5586 8.6362
      vertex 3 -30.0979 8.50208
      vertex 3 -29.9513 8.3349
    endloop
  endfacet
  facet normal 1 0 0
    outer loop
      vertex 3 -29.9638 9.04138
      vertex 3 -30.2651 8.6487
      vertex 3 -30.0979 8.50208
    endloop
  endfacet
  facet normal 1 0 0
    outer loop
      vertex 3 -29.9638 9.04138
      vertex 3 -30.45 8.77224
      vertex 3 -30.2651 8.6487
    endloop
  endfacet
  facet normal 1 0 0
    outer loop
      vertex 3 -30.46 9.32787
      vertex 3 -30.45 8.77224
      vertex 3 -29.9638 9.04138
    endloop
  endfacet
  facet normal 1 0 0
    outer loop
      vertex 3 -30.46 9.32787
      vertex 3 -30.6494 8.8706
      vertex 3 -30.45 8.77224
    endloop
  endfacet
  facet normal 1 0 0
    outer loop
      vertex 3 -30.46 9.32787
      vertex 3 -30.86 8.94207
      vertex 3 -30.6494 8.8706
    endloop
  endfacet
  facet normal 1 0 0
    outer loop
      vertex 3 -31.0135 9.47618
      vertex 3 -30.86 8.94207
      vertex 3 -30.46 9.32787
    endloop
  endfacet
  facet normal 1 0 0
    outer loop
      vertex 3 -31.0135 9.47618
      vertex 3 -31.0781 8.98546
      vertex 3 -30.86 8.94207
    endloop
  endfacet
  facet normal 1 0 0
    outer loop
      vertex 3 -31.0135 9.47618
      vertex 3 -31.3 9
      vertex 3 -31.0781 8.98546
    endloop
  endfacet
  facet normal 1 -0 0
    outer loop
      vertex 3 -31.5865 9.47618
      vertex 3 -31.3 9
      vertex 3 -31.0135 9.47618
    endloop
  endfacet
  facet normal 1 0 0
    outer loop
      vertex 3 -31.3 9
      vertex 3 -31.5865 9.47618
      vertex 3 -31.5219 8.98546
    endloop
  endfacet
  facet normal 1 0 0
    outer loop
      vertex 3 -31.5865 9.47618
      vertex 3 -31.74 8.94207
      vertex 3 -31.5219 8.98546
    endloop
  endfacet
  facet normal 1 -0 0
    outer loop
      vertex 3 -32.14 9.32787
      vertex 3 -31.74 8.94207
      vertex 3 -31.5865 9.47618
    endloop
  endfacet
  facet normal 1 0 0
    outer loop
      vertex 3 -31.74 8.94207
      vertex 3 -32.14 9.32787
      vertex 3 -31.9506 8.8706
    endloop
  endfacet
  facet normal 1 0 0
    outer loop
      vertex 3 -32.14 9.32787
      vertex 3 -32.15 8.77224
      vertex 3 -31.9506 8.8706
    endloop
  endfacet
  facet normal 1 -0 0
    outer loop
      vertex 3 -32.6362 9.04138
      vertex 3 -32.15 8.77224
      vertex 3 -32.14 9.32787
    endloop
  endfacet
  facet normal 1 0 0
    outer loop
      vertex 3 -32.15 8.77224
      vertex 3 -32.6362 9.04138
      vertex 3 -32.3349 8.6487
    endloop
  endfacet
  facet normal 1 0 0
    outer loop
      vertex 3 -32.3349 8.6487
      vertex 3 -32.6362 9.04138
      vertex 3 -32.5021 8.50208
    endloop
  endfacet
  facet normal 1 -0 0
    outer loop
      vertex 3 -33.0414 8.6362
      vertex 3 -32.5021 8.50208
      vertex 3 -32.6362 9.04138
    endloop
  endfacet
  facet normal 1 0 0
    outer loop
      vertex 3 -32.5021 8.50208
      vertex 3 -33.0414 8.6362
      vertex 3 -32.6487 8.3349
    endloop
  endfacet
  facet normal 1 0 0
    outer loop
      vertex 3 -32.6487 8.3349
      vertex 3 -33.0414 8.6362
      vertex 3 -32.7722 8.15
    endloop
  endfacet
  facet normal 1 0 0
    outer loop
      vertex 3 -33.3279 8.13997
      vertex 3 -32.7722 8.15
      vertex 3 -33.0414 8.6362
    endloop
  endfacet
  facet normal 1 0 0
    outer loop
      vertex 3 -33.4762 7.5865
      vertex 3 -32.9421 7.73999
      vertex 3 -33.3279 8.13997
    endloop
  endfacet
  facet normal 1 0 0
    outer loop
      vertex 3 -32.8706 7.95056
      vertex 3 -33.3279 8.13997
      vertex 3 -32.9421 7.73999
    endloop
  endfacet
  facet normal 1 0 0
    outer loop
      vertex 3 -32.7722 8.15
      vertex 3 -33.3279 8.13997
      vertex 3 -32.8706 7.95056
    endloop
  endfacet
  facet normal 1 0 0
    outer loop
      vertex 3 -29.1238 7.0135
      vertex 3 -29.6579 6.86001
      vertex 3 -29.2721 6.46003
    endloop
  endfacet
  facet normal 1 -0 0
    outer loop
      vertex 3 -29.7294 6.64944
      vertex 3 -29.2721 6.46003
      vertex 3 -29.6579 6.86001
    endloop
  endfacet
  facet normal 1 0 0
    outer loop
      vertex 3 -29.8278 6.45
      vertex 3 -29.2721 6.46003
      vertex 3 -29.7294 6.64944
    endloop
  endfacet
  facet normal 1 0 0
    outer loop
      vertex 3 -29.2721 6.46003
      vertex 3 -29.8278 6.45
      vertex 3 -29.5586 5.9638
    endloop
  endfacet
  facet normal 1 -0 0
    outer loop
      vertex 3 -29.9513 6.26511
      vertex 3 -29.5586 5.9638
      vertex 3 -29.8278 6.45
    endloop
  endfacet
  facet normal 1 -0 0
    outer loop
      vertex 3 -30.0979 6.09792
      vertex 3 -29.5586 5.9638
      vertex 3 -29.9513 6.26511
    endloop
  endfacet
  facet normal 1 0 0
    outer loop
      vertex 3 -29.5586 5.9638
      vertex 3 -30.0979 6.09792
      vertex 3 -29.9638 5.55862
    endloop
  endfacet
  facet normal 1 -0 0
    outer loop
      vertex 3 -30.2651 5.9513
      vertex 3 -29.9638 5.55862
      vertex 3 -30.0979 6.09792
    endloop
  endfacet
  facet normal 1 -0 0
    outer loop
      vertex 3 -30.45 5.82776
      vertex 3 -29.9638 5.55862
      vertex 3 -30.2651 5.9513
    endloop
  endfacet
  facet normal 1 0 0
    outer loop
      vertex 3 -30.45 5.82776
      vertex 3 -30.46 5.27213
      vertex 3 -29.9638 5.55862
    endloop
  endfacet
  facet normal 1 -0 0
    outer loop
      vertex 3 -30.6494 5.7294
      vertex 3 -30.46 5.27213
      vertex 3 -30.45 5.82776
    endloop
  endfacet
  facet normal 1 -0 0
    outer loop
      vertex 3 -30.86 5.65793
      vertex 3 -30.46 5.27213
      vertex 3 -30.6494 5.7294
    endloop
  endfacet
  facet normal 1 0 0
    outer loop
      vertex 3 -30.86 5.65793
      vertex 3 -31.0135 5.12382
      vertex 3 -30.46 5.27213
    endloop
  endfacet
  facet normal 1 -0 0
    outer loop
      vertex 3 -31.0781 5.61454
      vertex 3 -31.0135 5.12382
      vertex 3 -30.86 5.65793
    endloop
  endfacet
  facet normal 1 -0 0
    outer loop
      vertex 3 -31.3 5.6
      vertex 3 -31.0135 5.12382
      vertex 3 -31.0781 5.61454
    endloop
  endfacet
  facet normal 1 0 0
    outer loop
      vertex 3 -31.5865 5.12382
      vertex 3 -31.3 5.6
      vertex 3 -31.5219 5.61454
    endloop
  endfacet
  facet normal 1 0 0
    outer loop
      vertex 3 -31.3 5.6
      vertex 3 -31.5865 5.12382
      vertex 3 -31.0135 5.12382
    endloop
  endfacet
  facet normal 1 0 0
    outer loop
      vertex 3 -31.74 5.65793
      vertex 3 -31.5865 5.12382
      vertex 3 -31.5219 5.61454
    endloop
  endfacet
  facet normal 1 0 0
    outer loop
      vertex 3 -32.14 5.27213
      vertex 3 -31.74 5.65793
      vertex 3 -31.9506 5.7294
    endloop
  endfacet
  facet normal 1 0 0
    outer loop
      vertex 3 -31.74 5.65793
      vertex 3 -32.14 5.27213
      vertex 3 -31.5865 5.12382
    endloop
  endfacet
  facet normal 1 0 0
    outer loop
      vertex 3 -32.15 5.82776
      vertex 3 -32.14 5.27213
      vertex 3 -31.9506 5.7294
    endloop
  endfacet
  facet normal 1 0 0
    outer loop
      vertex 3 -32.6362 5.55862
      vertex 3 -32.15 5.82776
      vertex 3 -32.3349 5.9513
    endloop
  endfacet
  facet normal 1 0 0
    outer loop
      vertex 3 -32.6362 5.55862
      vertex 3 -32.3349 5.9513
      vertex 3 -32.5021 6.09792
    endloop
  endfacet
  facet normal 1 0 0
    outer loop
      vertex 3 -32.15 5.82776
      vertex 3 -32.6362 5.55862
      vertex 3 -32.14 5.27213
    endloop
  endfacet
  facet normal 1 0 0
    outer loop
      vertex 3 -33.0414 5.9638
      vertex 3 -32.5021 6.09792
      vertex 3 -32.6487 6.26511
    endloop
  endfacet
  facet normal 1 0 0
    outer loop
      vertex 3 -33.0414 5.9638
      vertex 3 -32.6487 6.26511
      vertex 3 -32.7722 6.45
    endloop
  endfacet
  facet normal 1 -0 0
    outer loop
      vertex 3 -33.3279 6.46003
      vertex 3 -32.7722 6.45
      vertex 3 -32.8706 6.64944
    endloop
  endfacet
  facet normal 1 0 0
    outer loop
      vertex 3 -33.3279 6.46003
      vertex 3 -32.8706 6.64944
      vertex 3 -32.9421 6.86001
    endloop
  endfacet
  facet normal 1 0 0
    outer loop
      vertex 3 -32.5021 6.09792
      vertex 3 -33.0414 5.9638
      vertex 3 -32.6362 5.55862
    endloop
  endfacet
  facet normal 1 -0 0
    outer loop
      vertex 3 -33.4762 7.0135
      vertex 3 -32.9421 6.86001
      vertex 3 -32.9855 7.07811
    endloop
  endfacet
  facet normal 1 0 0
    outer loop
      vertex 3 -33.4762 7.0135
      vertex 3 -32.9855 7.07811
      vertex 3 -33 7.3
    endloop
  endfacet
  facet normal 1 0 0
    outer loop
      vertex 3 -32.9421 7.73999
      vertex 3 -33.4762 7.5865
      vertex 3 -32.9855 7.52189
    endloop
  endfacet
  facet normal 1 0 0
    outer loop
      vertex 3 -32.9855 7.52189
      vertex 3 -33.4762 7.5865
      vertex 3 -33 7.3
    endloop
  endfacet
  facet normal 1 0 0
    outer loop
      vertex 3 -32.7722 6.45
      vertex 3 -33.3279 6.46003
      vertex 3 -33.0414 5.9638
    endloop
  endfacet
  facet normal 1 0 0
    outer loop
      vertex 3 -33.4762 7.0135
      vertex 3 -33 7.3
      vertex 3 -33.4762 7.5865
    endloop
  endfacet
  facet normal 1 0 0
    outer loop
      vertex 3 -32.9421 6.86001
      vertex 3 -33.4762 7.0135
      vertex 3 -33.3279 6.46003
    endloop
  endfacet
  facet normal -0 0 1
    outer loop
      vertex -3 -20.3 14.6
      vertex 3 -36.3 14.6
      vertex 3 -20.3 14.6
    endloop
  endfacet
  facet normal 0 0 1
    outer loop
      vertex 3 -36.3 14.6
      vertex -3 -20.3 14.6
      vertex -3 -36.3 14.6
    endloop
  endfacet
  facet normal 0 -0 0
    outer loop
      vertex -3 -37.0557 8.05774
      vertex -3 -37.0557 8.0577
      vertex -3 -37.0557 8.05785
    endloop
  endfacet
  facet normal -1 -0 0
    outer loop
      vertex -3 -35.9079 10.8302
      vertex -3 -36.3 10.5936
      vertex -3 -35.9085 10.8308
    endloop
  endfacet
  facet normal -1 0 0
    outer loop
      vertex -3 -35.9079 10.8302
      vertex -3 -36.4962 10.3
      vertex -3 -36.3 10.5936
    endloop
  endfacet
  facet normal -1 0 0
    outer loop
      vertex -3 -36.6612 9.52546
      vertex -3 -36.4962 10.3
      vertex -3 -35.9079 10.8302
    endloop
  endfacet
  facet normal -1 0 0
    outer loop
      vertex -3 -36.662 9.52569
      vertex -3 -36.4962 10.3
      vertex -3 -36.6612 9.52546
    endloop
  endfacet
  facet normal -1 0 0
    outer loop
      vertex -3 -36.6653 9.51773
      vertex -3 -36.662 9.52569
      vertex -3 -36.6634 9.5217
    endloop
  endfacet
  facet normal 0 0 0
    outer loop
      vertex -3 -36.6634 9.52156
      vertex -3 -36.6634 9.5217
      vertex -3 -36.6634 9.5216
    endloop
  endfacet
  facet normal -1 0 0
    outer loop
      vertex -3 -36.6635 9.52151
      vertex -3 -36.6634 9.5217
      vertex -3 -36.6634 9.52156
    endloop
  endfacet
  facet normal 1 0 0
    outer loop
      vertex -3 -36.6653 9.51773
      vertex -3 -36.6634 9.5217
      vertex -3 -36.6635 9.52151
    endloop
  endfacet
  facet normal -1 -0 0
    outer loop
      vertex -3 -36.662 9.52569
      vertex -3 -36.6653 9.51773
      vertex -3 -36.8433 9.5961
    endloop
  endfacet
  facet normal -1 0 0
    outer loop
      vertex -3 -36.662 9.52569
      vertex -3 -36.8433 9.5961
      vertex -3 -36.4962 10.3
    endloop
  endfacet
  facet normal -1 -0 0
    outer loop
      vertex -3 -34.8372 11.9025
      vertex -3 -35.9025 10.8372
      vertex -3 -34.8376 11.9033
    endloop
  endfacet
  facet normal -1 -0 0
    outer loop
      vertex -3 -33.5255 12.6612
      vertex -3 -34.8302 11.9079
      vertex -3 -33.5257 12.662
    endloop
  endfacet
  facet normal -1 -0 0
    outer loop
      vertex -3 -32.062 13.0545
      vertex -3 -33.5173 12.6646
      vertex -3 -32.062 13.0554
    endloop
  endfacet
  facet normal -1 0 0
    outer loop
      vertex -3 -27.7698 11.9079
      vertex -3 -29.0745 12.6612
      vertex -3 -29.0743 12.662
    endloop
  endfacet
  facet normal -1 0 0
    outer loop
      vertex -3 -26.6975 10.8372
      vertex -3 -27.7628 11.9025
      vertex -3 -27.7624 11.9033
    endloop
  endfacet
  facet normal -1 0 0
    outer loop
      vertex -3 -25.9388 9.52546
      vertex -3 -26.6921 10.8302
      vertex -3 -26.6915 10.8308
    endloop
  endfacet
  facet normal -1 0 0
    outer loop
      vertex -3 -25.5455 8.06205
      vertex -3 -25.9354 9.51729
      vertex -3 -25.9347 9.51773
    endloop
  endfacet
  facet normal -1 0 0
    outer loop
      vertex -3 -25.5443 6.54671
      vertex -3 -25.5435 8.05352
      vertex -3 -25.5435 6.54648
    endloop
  endfacet
  facet normal -1 0 0
    outer loop
      vertex -3 -25.5435 8.05352
      vertex -3 -25.5443 6.54671
      vertex -3 -25.5443 8.05329
    endloop
  endfacet
  facet normal -1 0 0
    outer loop
      vertex -3 -21.3 5.72205e-07
      vertex -3 -25.5435 6.54648
      vertex -3 -21.3 14.6
    endloop
  endfacet
  facet normal -1 0 0
    outer loop
      vertex -3 -25.5446 6.53795
      vertex -3 -25.5435 6.54648
      vertex -3 -21.3 5.72205e-07
    endloop
  endfacet
  facet normal -1 0 0
    outer loop
      vertex -3 -25.5435 6.54648
      vertex -3 -25.5446 6.53795
      vertex -3 -25.5443 6.54235
    endloop
  endfacet
  facet normal 1 0 -0
    outer loop
      vertex -3 -25.5443 6.54215
      vertex -3 -25.5443 6.54235
      vertex -3 -25.5446 6.53795
    endloop
  endfacet
  facet normal 0 0 0
    outer loop
      vertex -3 -25.5443 6.54235
      vertex -3 -25.5443 6.54215
      vertex -3 -25.5443 6.5423
    endloop
  endfacet
  facet normal -1 0 0
    outer loop
      vertex -3 -25.9347 5.08227
      vertex -3 -25.5446 6.53795
      vertex -3 -21.3 5.72205e-07
    endloop
  endfacet
  facet normal -1 -0 0
    outer loop
      vertex -3 -25.5446 6.53795
      vertex -3 -25.9347 5.08227
      vertex -3 -25.5455 6.53795
    endloop
  endfacet
  facet normal -1 0 0
    outer loop
      vertex -3 -25.938 5.07431
      vertex -3 -25.9347 5.08227
      vertex -3 -21.3 5.72205e-07
    endloop
  endfacet
  facet normal -1 0 0
    outer loop
      vertex -3 -25.9347 5.08227
      vertex -3 -25.938 5.07431
      vertex -3 -25.9365 5.07849
    endloop
  endfacet
  facet normal -1 0 -0
    outer loop
      vertex -3 -25.9366 5.0783
      vertex -3 -25.9365 5.07849
      vertex -3 -25.938 5.07431
    endloop
  endfacet
  facet normal 0 0 0
    outer loop
      vertex -3 -25.9366 5.07844
      vertex -3 -25.9366 5.0783
      vertex -3 -25.9366 5.0784
    endloop
  endfacet
  facet normal -1 0 0
    outer loop
      vertex -3 -25.9365 5.07849
      vertex -3 -25.9366 5.0783
      vertex -3 -25.9366 5.07844
    endloop
  endfacet
  facet normal -1 0 0
    outer loop
      vertex -3 -26.6915 3.76918
      vertex -3 -25.938 5.07431
      vertex -3 -21.3 5.72205e-07
    endloop
  endfacet
  facet normal -1 -0 0
    outer loop
      vertex -3 -25.938 5.07431
      vertex -3 -26.6915 3.76918
      vertex -3 -25.9388 5.07454
    endloop
  endfacet
  facet normal -1 0 0
    outer loop
      vertex -3 -26.6967 3.76235
      vertex -3 -26.6915 3.76918
      vertex -3 -21.3 5.72205e-07
    endloop
  endfacet
  facet normal -1 0 0
    outer loop
      vertex -3 -26.6915 3.76918
      vertex -3 -26.6967 3.76235
      vertex -3 -26.6943 3.76602
    endloop
  endfacet
  facet normal 1 0 0
    outer loop
      vertex -3 -26.6943 3.76602
      vertex -3 -26.6944 3.76586
      vertex -3 -26.6943 3.76594
    endloop
  endfacet
  facet normal 1 0 0
    outer loop
      vertex -3 -26.6943 3.76602
      vertex -3 -26.6967 3.76235
      vertex -3 -26.6944 3.76586
    endloop
  endfacet
  facet normal -1 0 0
    outer loop
      vertex -3 -27.7624 2.69672
      vertex -3 -26.6967 3.76235
      vertex -3 -21.3 5.72205e-07
    endloop
  endfacet
  facet normal -1 -0 0
    outer loop
      vertex -3 -26.6967 3.76235
      vertex -3 -27.7624 2.69672
      vertex -3 -26.6975 3.76279
    endloop
  endfacet
  facet normal -1 0 0
    outer loop
      vertex -3 -27.7692 2.69148
      vertex -3 -27.7624 2.69672
      vertex -3 -21.3 5.72205e-07
    endloop
  endfacet
  facet normal -1 0 0
    outer loop
      vertex -3 -27.7624 2.69672
      vertex -3 -27.7692 2.69148
      vertex -3 -27.7659 2.69438
    endloop
  endfacet
  facet normal 1 0 0
    outer loop
      vertex -3 -27.7659 2.69438
      vertex -3 -27.766 2.69426
      vertex -3 -27.7659 2.69433
    endloop
  endfacet
  facet normal 1 0 0
    outer loop
      vertex -3 -27.7659 2.69438
      vertex -3 -27.7692 2.69148
      vertex -3 -27.766 2.69426
    endloop
  endfacet
  facet normal -1 -0 0
    outer loop
      vertex -3 -27.7692 2.69148
      vertex -3 -29.0743 1.93796
      vertex -3 -27.7698 2.6921
    endloop
  endfacet
  facet normal -1 0 0
    outer loop
      vertex -3 -21.3 5.72205e-07
      vertex -3 -29.0743 1.93796
      vertex -3 -27.7692 2.69148
    endloop
  endfacet
  facet normal -1 0 0
    outer loop
      vertex -3 -29.0823 1.93467
      vertex -3 -29.0743 1.93796
      vertex -3 -21.3 5.72205e-07
    endloop
  endfacet
  facet normal -1 0 0
    outer loop
      vertex -3 -29.0743 1.93796
      vertex -3 -29.0823 1.93467
      vertex -3 -29.0783 1.93661
    endloop
  endfacet
  facet normal 1 0 -0
    outer loop
      vertex -3 -29.0784 1.93656
      vertex -3 -29.0783 1.93661
      vertex -3 -29.0785 1.93653
    endloop
  endfacet
  facet normal -1 0 0
    outer loop
      vertex -3 -29.0783 1.93661
      vertex -3 -29.0784 1.93656
      vertex -3 -29.0784 1.93658
    endloop
  endfacet
  facet normal -1 0 0
    outer loop
      vertex -3 -29.0783 1.93661
      vertex -3 -29.0823 1.93467
      vertex -3 -29.0785 1.93653
    endloop
  endfacet
  facet normal -1 -0 0
    outer loop
      vertex -3 -29.0823 1.93467
      vertex -3 -30.5379 1.54462
      vertex -3 -29.0827 1.93543
    endloop
  endfacet
  facet normal -1 0 0
    outer loop
      vertex -3 -21.3 5.72205e-07
      vertex -3 -30.5379 1.54462
      vertex -3 -29.0823 1.93467
    endloop
  endfacet
  facet normal -1 0 0
    outer loop
      vertex -3 -30.5465 1.5435
      vertex -3 -30.5379 1.54462
      vertex -3 -21.3 5.72205e-07
    endloop
  endfacet
  facet normal -1 0 0
    outer loop
      vertex -3 -30.5379 1.54462
      vertex -3 -30.5465 1.5435
      vertex -3 -30.5422 1.54434
    endloop
  endfacet
  facet normal -1 -0 0
    outer loop
      vertex -3 -30.5422 1.54434
      vertex -3 -30.5423 1.54433
      vertex -3 -30.5423 1.54434
    endloop
  endfacet
  facet normal 0 0 0
    outer loop
      vertex -3 -30.5422 1.54434
      vertex -3 -30.5424 1.54432
      vertex -3 -30.5423 1.54433
    endloop
  endfacet
  facet normal -1 0 0
    outer loop
      vertex -3 -30.5422 1.54434
      vertex -3 -30.5465 1.5435
      vertex -3 -30.5424 1.54432
    endloop
  endfacet
  facet normal -1 0 0
    outer loop
      vertex -3 -30.5465 1.5435
      vertex -3 -32.0533 1.54434
      vertex -3 -30.5467 1.54434
    endloop
  endfacet
  facet normal -1 0 0
    outer loop
      vertex -3 -36.3 5.72205e-07
      vertex -3 -30.5465 1.5435
      vertex -3 -21.3 5.72205e-07
    endloop
  endfacet
  facet normal -1 0 0
    outer loop
      vertex -3 -30.5465 1.5435
      vertex -3 -32.0535 1.5435
      vertex -3 -32.0533 1.54434
    endloop
  endfacet
  facet normal -1 0 0
    outer loop
      vertex -3 -32.0577 1.54433
      vertex -3 -32.0578 1.54434
      vertex -3 -32.0577 1.54434
    endloop
  endfacet
  facet normal -1 0 0
    outer loop
      vertex -3 -32.0576 1.54432
      vertex -3 -32.0578 1.54434
      vertex -3 -32.0577 1.54433
    endloop
  endfacet
  facet normal -1 0 0
    outer loop
      vertex -3 -32.0535 1.5435
      vertex -3 -32.0578 1.54434
      vertex -3 -32.0576 1.54432
    endloop
  endfacet
  facet normal -1 0 0
    outer loop
      vertex -3 -32.0535 1.5435
      vertex -3 -32.062 1.54462
      vertex -3 -32.0578 1.54434
    endloop
  endfacet
  facet normal -1 -0 0
    outer loop
      vertex -3 -30.5465 1.5435
      vertex -3 -36.3 5.72205e-07
      vertex -3 -32.0535 1.5435
    endloop
  endfacet
  facet normal -1 0 0
    outer loop
      vertex -3 -32.062 1.54462
      vertex -3 -33.5173 1.93543
      vertex -3 -32.062 1.5455
    endloop
  endfacet
  facet normal -1 0 0
    outer loop
      vertex -3 -32.062 1.54462
      vertex -3 -33.5177 1.93467
      vertex -3 -33.5173 1.93543
    endloop
  endfacet
  facet normal 1 0 0
    outer loop
      vertex -3 -33.5217 1.93661
      vertex -3 -33.5216 1.93656
      vertex -3 -33.5215 1.93653
    endloop
  endfacet
  facet normal -1 0 0
    outer loop
      vertex -3 -33.5216 1.93656
      vertex -3 -33.5217 1.93661
      vertex -3 -33.5216 1.93658
    endloop
  endfacet
  facet normal -1 0 0
    outer loop
      vertex -3 -33.5177 1.93467
      vertex -3 -33.5217 1.93661
      vertex -3 -33.5215 1.93653
    endloop
  endfacet
  facet normal -1 0 0
    outer loop
      vertex -3 -33.5177 1.93467
      vertex -3 -33.5257 1.93796
      vertex -3 -33.5217 1.93661
    endloop
  endfacet
  facet normal -1 0 0
    outer loop
      vertex -3 -33.5257 1.93796
      vertex -3 -34.8308 2.69148
      vertex -3 -34.8302 2.6921
    endloop
  endfacet
  facet normal 1 0 0
    outer loop
      vertex -3 -34.834 2.69426
      vertex -3 -34.8341 2.69438
      vertex -3 -34.8341 2.69433
    endloop
  endfacet
  facet normal 1 0 0
    outer loop
      vertex -3 -34.8308 2.69148
      vertex -3 -34.8341 2.69438
      vertex -3 -34.834 2.69426
    endloop
  endfacet
  facet normal -1 0 0
    outer loop
      vertex -3 -34.8308 2.69148
      vertex -3 -34.8376 2.69672
      vertex -3 -34.8341 2.69438
    endloop
  endfacet
  facet normal -1 0 0
    outer loop
      vertex -3 -34.8376 2.69672
      vertex -3 -35.9033 3.76235
      vertex -3 -35.9025 3.76279
    endloop
  endfacet
  facet normal 1 0 0
    outer loop
      vertex -3 -35.9056 3.76586
      vertex -3 -35.9057 3.76602
      vertex -3 -35.9057 3.76594
    endloop
  endfacet
  facet normal 1 0 0
    outer loop
      vertex -3 -35.9033 3.76235
      vertex -3 -35.9057 3.76602
      vertex -3 -35.9056 3.76586
    endloop
  endfacet
  facet normal -1 0 0
    outer loop
      vertex -3 -35.9033 3.76235
      vertex -3 -35.9085 3.76918
      vertex -3 -35.9057 3.76602
    endloop
  endfacet
  facet normal -1 0 0
    outer loop
      vertex -3 -36.3 4.00644
      vertex -3 -35.9033 3.76235
      vertex -3 -36.3 5.72205e-07
    endloop
  endfacet
  facet normal -1 -0 0
    outer loop
      vertex -3 -34.8376 2.69672
      vertex -3 -36.3 5.72205e-07
      vertex -3 -35.9033 3.76235
    endloop
  endfacet
  facet normal -1 -0 0
    outer loop
      vertex -3 -34.8308 2.69148
      vertex -3 -36.3 5.72205e-07
      vertex -3 -34.8376 2.69672
    endloop
  endfacet
  facet normal -1 -0 0
    outer loop
      vertex -3 -33.5257 1.93796
      vertex -3 -36.3 5.72205e-07
      vertex -3 -34.8308 2.69148
    endloop
  endfacet
  facet normal -1 -0 0
    outer loop
      vertex -3 -33.5177 1.93467
      vertex -3 -36.3 5.72205e-07
      vertex -3 -33.5257 1.93796
    endloop
  endfacet
  facet normal -1 -0 0
    outer loop
      vertex -3 -32.062 1.54462
      vertex -3 -36.3 5.72205e-07
      vertex -3 -33.5177 1.93467
    endloop
  endfacet
  facet normal -1 -0 0
    outer loop
      vertex -3 -32.0535 1.5435
      vertex -3 -36.3 5.72205e-07
      vertex -3 -32.062 1.54462
    endloop
  endfacet
  facet normal -1 0 0
    outer loop
      vertex -3 -25.5435 8.05352
      vertex -3 -21.3 14.6
      vertex -3 -25.5435 6.54648
    endloop
  endfacet
  facet normal -1 0 0
    outer loop
      vertex -3 -25.5446 8.06205
      vertex -3 -25.5435 8.05352
      vertex -3 -25.5443 8.05765
    endloop
  endfacet
  facet normal 0 0 0
    outer loop
      vertex -3 -25.5443 8.05785
      vertex -3 -25.5443 8.05765
      vertex -3 -25.5443 8.0577
    endloop
  endfacet
  facet normal 0 0 0
    outer loop
      vertex -3 -25.5443 8.05785
      vertex -3 -25.5443 8.0577
      vertex -3 -25.5443 8.05774
    endloop
  endfacet
  facet normal 1 0 -0
    outer loop
      vertex -3 -25.5443 8.05765
      vertex -3 -25.5443 8.05785
      vertex -3 -25.5446 8.06205
    endloop
  endfacet
  facet normal -1 0 0
    outer loop
      vertex -3 -25.5435 8.05352
      vertex -3 -25.5446 8.06205
      vertex -3 -21.3 14.6
    endloop
  endfacet
  facet normal -1 0 0
    outer loop
      vertex -3 -25.9347 9.51773
      vertex -3 -25.5446 8.06205
      vertex -3 -25.5455 8.06205
    endloop
  endfacet
  facet normal -1 0 0
    outer loop
      vertex -3 -25.5446 8.06205
      vertex -3 -25.9347 9.51773
      vertex -3 -21.3 14.6
    endloop
  endfacet
  facet normal -1 0 0
    outer loop
      vertex -3 -25.938 9.52569
      vertex -3 -25.9347 9.51773
      vertex -3 -25.9365 9.52151
    endloop
  endfacet
  facet normal -1 0 0
    outer loop
      vertex -3 -25.9366 9.5217
      vertex -3 -25.9365 9.52151
      vertex -3 -25.9366 9.52156
    endloop
  endfacet
  facet normal 0 0 0
    outer loop
      vertex -3 -25.9366 9.5217
      vertex -3 -25.9366 9.52156
      vertex -3 -25.9366 9.5216
    endloop
  endfacet
  facet normal -1 0 0
    outer loop
      vertex -3 -25.9365 9.52151
      vertex -3 -25.9366 9.5217
      vertex -3 -25.938 9.52569
    endloop
  endfacet
  facet normal -1 0 0
    outer loop
      vertex -3 -25.9347 9.51773
      vertex -3 -25.938 9.52569
      vertex -3 -21.3 14.6
    endloop
  endfacet
  facet normal -1 0 0
    outer loop
      vertex -3 -26.6915 10.8308
      vertex -3 -25.938 9.52569
      vertex -3 -25.9388 9.52546
    endloop
  endfacet
  facet normal -1 0 0
    outer loop
      vertex -3 -25.938 9.52569
      vertex -3 -26.6915 10.8308
      vertex -3 -21.3 14.6
    endloop
  endfacet
  facet normal -1 0 0
    outer loop
      vertex -3 -26.6967 10.8376
      vertex -3 -26.6915 10.8308
      vertex -3 -26.6943 10.834
    endloop
  endfacet
  facet normal 1 -0 0
    outer loop
      vertex -3 -26.6944 10.8341
      vertex -3 -26.6943 10.834
      vertex -3 -26.6943 10.8341
    endloop
  endfacet
  facet normal -1 0 0
    outer loop
      vertex -3 -26.6967 10.8376
      vertex -3 -26.6943 10.834
      vertex -3 -26.6944 10.8341
    endloop
  endfacet
  facet normal -1 0 0
    outer loop
      vertex -3 -26.6915 10.8308
      vertex -3 -26.6967 10.8376
      vertex -3 -21.3 14.6
    endloop
  endfacet
  facet normal -1 0 0
    outer loop
      vertex -3 -27.7624 11.9033
      vertex -3 -26.6967 10.8376
      vertex -3 -26.6975 10.8372
    endloop
  endfacet
  facet normal -1 0 0
    outer loop
      vertex -3 -26.6967 10.8376
      vertex -3 -27.7624 11.9033
      vertex -3 -21.3 14.6
    endloop
  endfacet
  facet normal -1 0 0
    outer loop
      vertex -3 -27.7692 11.9085
      vertex -3 -27.7624 11.9033
      vertex -3 -27.7659 11.9056
    endloop
  endfacet
  facet normal 1 -0 0
    outer loop
      vertex -3 -27.766 11.9057
      vertex -3 -27.7659 11.9056
      vertex -3 -27.7659 11.9057
    endloop
  endfacet
  facet normal 1 0 0
    outer loop
      vertex -3 -27.7692 11.9085
      vertex -3 -27.7659 11.9056
      vertex -3 -27.766 11.9057
    endloop
  endfacet
  facet normal -1 0 0
    outer loop
      vertex -3 -27.7624 11.9033
      vertex -3 -27.7692 11.9085
      vertex -3 -21.3 14.6
    endloop
  endfacet
  facet normal -1 0 0
    outer loop
      vertex -3 -29.0743 12.662
      vertex -3 -27.7692 11.9085
      vertex -3 -27.7698 11.9079
    endloop
  endfacet
  facet normal -1 0 0
    outer loop
      vertex -3 -29.0743 12.662
      vertex -3 -21.3 14.6
      vertex -3 -27.7692 11.9085
    endloop
  endfacet
  facet normal -1 0 0
    outer loop
      vertex -3 -29.0823 12.6653
      vertex -3 -29.0743 12.662
      vertex -3 -29.0783 12.6634
    endloop
  endfacet
  facet normal -1 0 0
    outer loop
      vertex -3 -29.0785 12.6635
      vertex -3 -29.0783 12.6634
      vertex -3 -29.0784 12.6634
    endloop
  endfacet
  facet normal 1 0 0
    outer loop
      vertex -3 -29.0823 12.6653
      vertex -3 -29.0783 12.6634
      vertex -3 -29.0785 12.6635
    endloop
  endfacet
  facet normal -1 0 0
    outer loop
      vertex -3 -29.0743 12.662
      vertex -3 -29.0823 12.6653
      vertex -3 -21.3 14.6
    endloop
  endfacet
  facet normal -1 0 0
    outer loop
      vertex -3 -30.5379 13.0545
      vertex -3 -29.0823 12.6653
      vertex -3 -29.0827 12.6646
    endloop
  endfacet
  facet normal -1 0 0
    outer loop
      vertex -3 -30.5379 13.0554
      vertex -3 -29.0823 12.6653
      vertex -3 -30.5379 13.0545
    endloop
  endfacet
  facet normal -1 0 0
    outer loop
      vertex -3 -29.0823 12.6653
      vertex -3 -30.5379 13.0554
      vertex -3 -21.3 14.6
    endloop
  endfacet
  facet normal -1 0 0
    outer loop
      vertex -3 -30.5465 13.0565
      vertex -3 -30.5379 13.0554
      vertex -3 -30.5422 13.0557
    endloop
  endfacet
  facet normal 0 0 0
    outer loop
      vertex -3 -30.5424 13.0557
      vertex -3 -30.5422 13.0557
      vertex -3 -30.5423 13.0557
    endloop
  endfacet
  facet normal -1 0 0
    outer loop
      vertex -3 -30.5465 13.0565
      vertex -3 -30.5422 13.0557
      vertex -3 -30.5424 13.0557
    endloop
  endfacet
  facet normal -1 0 0
    outer loop
      vertex -3 -30.5379 13.0554
      vertex -3 -30.5465 13.0565
      vertex -3 -21.3 14.6
    endloop
  endfacet
  facet normal -1 0 0
    outer loop
      vertex -3 -32.0533 13.0557
      vertex -3 -30.5465 13.0565
      vertex -3 -30.5467 13.0557
    endloop
  endfacet
  facet normal -1 0 0
    outer loop
      vertex -3 -32.0535 13.0565
      vertex -3 -30.5465 13.0565
      vertex -3 -32.0533 13.0557
    endloop
  endfacet
  facet normal -1 0 0
    outer loop
      vertex -3 -36.3 14.6
      vertex -3 -30.5465 13.0565
      vertex -3 -32.0535 13.0565
    endloop
  endfacet
  facet normal 0 0 0
    outer loop
      vertex -3 -32.0578 13.0557
      vertex -3 -32.0576 13.0557
      vertex -3 -32.0577 13.0557
    endloop
  endfacet
  facet normal -1 0 0
    outer loop
      vertex -3 -32.0578 13.0557
      vertex -3 -32.0535 13.0565
      vertex -3 -32.0576 13.0557
    endloop
  endfacet
  facet normal -1 0 0
    outer loop
      vertex -3 -32.062 13.0554
      vertex -3 -32.0535 13.0565
      vertex -3 -32.0578 13.0557
    endloop
  endfacet
  facet normal -1 0 0
    outer loop
      vertex -3 -36.3 14.6
      vertex -3 -32.0535 13.0565
      vertex -3 -32.062 13.0554
    endloop
  endfacet
  facet normal -1 0 0
    outer loop
      vertex -3 -33.5177 12.6653
      vertex -3 -32.062 13.0554
      vertex -3 -33.5173 12.6646
    endloop
  endfacet
  facet normal -1 0 0
    outer loop
      vertex -3 -33.5216 12.6634
      vertex -3 -33.5217 12.6634
      vertex -3 -33.5215 12.6635
    endloop
  endfacet
  facet normal 1 0 0
    outer loop
      vertex -3 -33.5217 12.6634
      vertex -3 -33.5177 12.6653
      vertex -3 -33.5215 12.6635
    endloop
  endfacet
  facet normal -1 0 0
    outer loop
      vertex -3 -33.5257 12.662
      vertex -3 -33.5177 12.6653
      vertex -3 -33.5217 12.6634
    endloop
  endfacet
  facet normal -1 0 0
    outer loop
      vertex -3 -34.8308 11.9085
      vertex -3 -33.5257 12.662
      vertex -3 -34.8302 11.9079
    endloop
  endfacet
  facet normal 1 0 0
    outer loop
      vertex -3 -34.8341 11.9056
      vertex -3 -34.834 11.9057
      vertex -3 -34.8341 11.9057
    endloop
  endfacet
  facet normal 1 0 0
    outer loop
      vertex -3 -34.8341 11.9056
      vertex -3 -34.8308 11.9085
      vertex -3 -34.834 11.9057
    endloop
  endfacet
  facet normal -1 0 0
    outer loop
      vertex -3 -34.8376 11.9033
      vertex -3 -34.8308 11.9085
      vertex -3 -34.8341 11.9056
    endloop
  endfacet
  facet normal -1 0 0
    outer loop
      vertex -3 -35.9033 10.8376
      vertex -3 -34.8376 11.9033
      vertex -3 -35.9025 10.8372
    endloop
  endfacet
  facet normal 1 0 0
    outer loop
      vertex -3 -35.9057 10.834
      vertex -3 -35.9056 10.8341
      vertex -3 -35.9057 10.8341
    endloop
  endfacet
  facet normal -1 0 0
    outer loop
      vertex -3 -35.9057 10.834
      vertex -3 -35.9033 10.8376
      vertex -3 -35.9056 10.8341
    endloop
  endfacet
  facet normal -1 0 0
    outer loop
      vertex -3 -35.9085 10.8308
      vertex -3 -35.9033 10.8376
      vertex -3 -35.9057 10.834
    endloop
  endfacet
  facet normal -1 0 0
    outer loop
      vertex -3 -36.3 10.5936
      vertex -3 -35.9033 10.8376
      vertex -3 -35.9085 10.8308
    endloop
  endfacet
  facet normal -1 0 0
    outer loop
      vertex -3 -36.3 14.6
      vertex -3 -35.9033 10.8376
      vertex -3 -36.3 10.5936
    endloop
  endfacet
  facet normal -0 0 0
    outer loop
      vertex -3 -21.3 14.6
      vertex -3 -36.3 14.6
      vertex -3 -20.3 14.6
    endloop
  endfacet
  facet normal -1 0 0
    outer loop
      vertex -3 -30.5465 13.0565
      vertex -3 -36.3 14.6
      vertex -3 -21.3 14.6
    endloop
  endfacet
  facet normal -1 0 0
    outer loop
      vertex -3 -33.5177 12.6653
      vertex -3 -36.3 14.6
      vertex -3 -32.062 13.0554
    endloop
  endfacet
  facet normal -1 0 0
    outer loop
      vertex -3 -33.5257 12.662
      vertex -3 -36.3 14.6
      vertex -3 -33.5177 12.6653
    endloop
  endfacet
  facet normal -1 0 0
    outer loop
      vertex -3 -34.8308 11.9085
      vertex -3 -36.3 14.6
      vertex -3 -33.5257 12.662
    endloop
  endfacet
  facet normal -1 0 0
    outer loop
      vertex -3 -34.8376 11.9033
      vertex -3 -36.3 14.6
      vertex -3 -34.8308 11.9085
    endloop
  endfacet
  facet normal -1 0 0
    outer loop
      vertex -3 -35.9033 10.8376
      vertex -3 -36.3 14.6
      vertex -3 -34.8376 11.9033
    endloop
  endfacet
  facet normal 0 0 0
    outer loop
      vertex -3 -25.5443 6.5423
      vertex -3 -25.5443 6.54215
      vertex -3 -25.5443 6.54225
    endloop
  endfacet
  facet normal -1 0 0
    outer loop
      vertex -3 -25.5455 6.53795
      vertex -3 -25.9347 5.08227
      vertex -3 -25.9354 5.08271
    endloop
  endfacet
  facet normal -1 0 0
    outer loop
      vertex -3 -25.9388 5.07454
      vertex -3 -26.6915 3.76918
      vertex -3 -26.6921 3.7698
    endloop
  endfacet
  facet normal -1 0 0
    outer loop
      vertex -3 -26.6975 3.76279
      vertex -3 -27.7624 2.69672
      vertex -3 -27.7628 2.69748
    endloop
  endfacet
  facet normal -1 0 0
    outer loop
      vertex -3 -27.7698 2.6921
      vertex -3 -29.0743 1.93796
      vertex -3 -29.0745 1.93881
    endloop
  endfacet
  facet normal -1 0 0
    outer loop
      vertex -3 -29.0827 1.93543
      vertex -3 -30.5379 1.54462
      vertex -3 -30.5379 1.5455
    endloop
  endfacet
  facet normal -1 -0 0
    outer loop
      vertex -3 -33.5255 1.93881
      vertex -3 -33.5257 1.93796
      vertex -3 -34.8302 2.6921
    endloop
  endfacet
  facet normal -1 -0 0
    outer loop
      vertex -3 -34.8372 2.69748
      vertex -3 -34.8376 2.69672
      vertex -3 -35.9025 3.76279
    endloop
  endfacet
  facet normal -1 0 0
    outer loop
      vertex -3 -35.9033 3.76235
      vertex -3 -36.3 4.00644
      vertex -3 -35.9085 3.76918
    endloop
  endfacet
  facet normal -1 0 0
    outer loop
      vertex -3 -36.3 4.00644
      vertex -3 -35.9079 3.7698
      vertex -3 -35.9085 3.76918
    endloop
  endfacet
  facet normal -1 0 0
    outer loop
      vertex -3 -36.4962 4.3
      vertex -3 -35.9079 3.7698
      vertex -3 -36.3 4.00644
    endloop
  endfacet
  facet normal -1 0 0
    outer loop
      vertex -3 -36.4962 4.3
      vertex -3 -36.6612 5.07454
      vertex -3 -35.9079 3.7698
    endloop
  endfacet
  facet normal -1 0 0
    outer loop
      vertex -3 -36.4962 4.3
      vertex -3 -36.662 5.07431
      vertex -3 -36.6612 5.07454
    endloop
  endfacet
  facet normal -1 0 0
    outer loop
      vertex -3 -36.8433 5.0039
      vertex -3 -36.662 5.07431
      vertex -3 -36.4962 4.3
    endloop
  endfacet
  facet normal -1 0 -0
    outer loop
      vertex -3 -36.6653 5.08227
      vertex -3 -36.662 5.07431
      vertex -3 -36.8433 5.0039
    endloop
  endfacet
  facet normal -1 0 0
    outer loop
      vertex -3 -36.662 5.07431
      vertex -3 -36.6653 5.08227
      vertex -3 -36.6634 5.0783
    endloop
  endfacet
  facet normal 0 0 0
    outer loop
      vertex -3 -36.6634 5.0783
      vertex -3 -36.6634 5.07844
      vertex -3 -36.6634 5.0784
    endloop
  endfacet
  facet normal -1 0 0
    outer loop
      vertex -3 -36.6634 5.0783
      vertex -3 -36.6635 5.07849
      vertex -3 -36.6634 5.07844
    endloop
  endfacet
  facet normal 1 0 0
    outer loop
      vertex -3 -36.6634 5.0783
      vertex -3 -36.6653 5.08227
      vertex -3 -36.6635 5.07849
    endloop
  endfacet
  facet normal -1 0 0
    outer loop
      vertex -3 -37.0956 5.74709
      vertex -3 -36.6653 5.08227
      vertex -3 -36.8433 5.0039
    endloop
  endfacet
  facet normal -1 0 0
    outer loop
      vertex -3 -36.6653 5.08227
      vertex -3 -37.0956 5.74709
      vertex -3 -36.6646 5.08271
    endloop
  endfacet
  facet normal -1 0 0
    outer loop
      vertex -3 -36.6646 5.08271
      vertex -3 -37.0956 5.74709
      vertex -3 -37.0545 6.53795
    endloop
  endfacet
  facet normal 0 0 0
    outer loop
      vertex -3 -37.0557 6.54215
      vertex -3 -37.0557 6.5423
      vertex -3 -37.0557 6.54225
    endloop
  endfacet
  facet normal -1 0 0
    outer loop
      vertex -3 -37.0565 6.54648
      vertex -3 -37.0557 6.54215
      vertex -3 -37.0554 6.53795
    endloop
  endfacet
  facet normal 0 0 0
    outer loop
      vertex -3 -37.0557 6.54215
      vertex -3 -37.0557 6.54235
      vertex -3 -37.0557 6.5423
    endloop
  endfacet
  facet normal -1 0 0
    outer loop
      vertex -3 -37.0557 6.54215
      vertex -3 -37.0565 6.54648
      vertex -3 -37.0557 6.54235
    endloop
  endfacet
  facet normal -1 -0 0
    outer loop
      vertex -3 -37.0554 6.53795
      vertex -3 -37.2487 6.51684
      vertex -3 -37.0565 6.54648
    endloop
  endfacet
  facet normal -1 0 0
    outer loop
      vertex -3 -37.2487 6.51684
      vertex -3 -37.0554 6.53795
      vertex -3 -37.0956 5.74709
    endloop
  endfacet
  facet normal -1 -0 0
    outer loop
      vertex -3 -37.0545 6.53795
      vertex -3 -37.0956 5.74709
      vertex -3 -37.0554 6.53795
    endloop
  endfacet
  facet normal -1 0 0
    outer loop
      vertex -3 -37.0956 8.85291
      vertex -3 -36.6653 9.51773
      vertex -3 -36.6646 9.51729
    endloop
  endfacet
  facet normal -1 0 0
    outer loop
      vertex -3 -37.0956 8.85291
      vertex -3 -36.6646 9.51729
      vertex -3 -37.0545 8.06205
    endloop
  endfacet
  facet normal -1 0 0
    outer loop
      vertex -3 -37.0956 8.85291
      vertex -3 -37.0545 8.06205
      vertex -3 -37.0554 8.06205
    endloop
  endfacet
  facet normal 0 0 0
    outer loop
      vertex -3 -37.0557 8.05765
      vertex -3 -37.0557 8.05785
      vertex -3 -37.0557 8.0577
    endloop
  endfacet
  facet normal -1 0 0
    outer loop
      vertex -3 -37.0565 8.05352
      vertex -3 -37.0557 8.05785
      vertex -3 -37.0557 8.05765
    endloop
  endfacet
  facet normal -1 -0 0
    outer loop
      vertex -3 -37.0557 8.05785
      vertex -3 -37.0565 8.05352
      vertex -3 -37.0554 8.06205
    endloop
  endfacet
  facet normal -1 -0 0
    outer loop
      vertex -3 -36.6653 9.51773
      vertex -3 -37.0956 8.85291
      vertex -3 -36.8433 9.5961
    endloop
  endfacet
  facet normal -1 0 0
    outer loop
      vertex -3 -37.2487 8.08316
      vertex -3 -37.0554 8.06205
      vertex -3 -37.0565 8.05352
    endloop
  endfacet
  facet normal -1 0 0
    outer loop
      vertex -3 -37.3 7.3
      vertex -3 -37.0565 6.54648
      vertex -3 -37.2487 6.51684
    endloop
  endfacet
  facet normal -1 0 0
    outer loop
      vertex -3 -37.0565 6.54648
      vertex -3 -37.3 7.3
      vertex -3 -37.0565 8.05352
    endloop
  endfacet
  facet normal -1 0 0
    outer loop
      vertex -3 -37.0554 8.06205
      vertex -3 -37.2487 8.08316
      vertex -3 -37.0956 8.85291
    endloop
  endfacet
  facet normal -1 -0 0
    outer loop
      vertex -3 -37.0565 8.05352
      vertex -3 -37.3 7.3
      vertex -3 -37.2487 8.08316
    endloop
  endfacet
  facet normal -1 0 0
    outer loop
      vertex -3 -37.0565 6.54648
      vertex -3 -37.0557 8.05329
      vertex -3 -37.0557 6.54671
    endloop
  endfacet
  facet normal -1 -0 0
    outer loop
      vertex -3 -37.0557 8.05329
      vertex -3 -37.0565 6.54648
      vertex -3 -37.0565 8.05352
    endloop
  endfacet
  facet normal -1 0 0
    outer loop
      vertex -3 -29.6579 6.86001
      vertex -3 -29.1238 7.0135
      vertex -3 -29.2721 6.46003
    endloop
  endfacet
  facet normal -1 0 -0
    outer loop
      vertex -3 -29.6 7.3
      vertex -3 -29.1238 7.0135
      vertex -3 -29.6145 7.07811
    endloop
  endfacet
  facet normal -1 0 0
    outer loop
      vertex -3 -29.8278 6.45
      vertex -3 -29.2721 6.46003
      vertex -3 -29.5586 5.9638
    endloop
  endfacet
  facet normal -1 0 0
    outer loop
      vertex -3 -29.1238 7.0135
      vertex -3 -29.6 7.3
      vertex -3 -29.1238 7.5865
    endloop
  endfacet
  facet normal -1 0 0
    outer loop
      vertex -3 -29.6579 7.73999
      vertex -3 -29.1238 7.5865
      vertex -3 -29.6145 7.52189
    endloop
  endfacet
  facet normal -1 0 0
    outer loop
      vertex -3 -29.6145 7.52189
      vertex -3 -29.1238 7.5865
      vertex -3 -29.6 7.3
    endloop
  endfacet
  facet normal -1 -0 0
    outer loop
      vertex -3 -29.1238 7.0135
      vertex -3 -29.6579 6.86001
      vertex -3 -29.6145 7.07811
    endloop
  endfacet
  facet normal -1 0 0
    outer loop
      vertex -3 -29.2721 6.46003
      vertex -3 -29.7294 6.64944
      vertex -3 -29.6579 6.86001
    endloop
  endfacet
  facet normal -1 -0 0
    outer loop
      vertex -3 -29.2721 6.46003
      vertex -3 -29.8278 6.45
      vertex -3 -29.7294 6.64944
    endloop
  endfacet
  facet normal -1 0 0
    outer loop
      vertex -3 -29.5586 5.9638
      vertex -3 -29.9513 6.26511
      vertex -3 -29.8278 6.45
    endloop
  endfacet
  facet normal -1 0 0
    outer loop
      vertex -3 -30.0979 6.09792
      vertex -3 -29.5586 5.9638
      vertex -3 -29.9638 5.55862
    endloop
  endfacet
  facet normal -1 0 0
    outer loop
      vertex -3 -29.5586 5.9638
      vertex -3 -30.0979 6.09792
      vertex -3 -29.9513 6.26511
    endloop
  endfacet
  facet normal -1 0 0
    outer loop
      vertex -3 -29.9638 5.55862
      vertex -3 -30.2651 5.9513
      vertex -3 -30.0979 6.09792
    endloop
  endfacet
  facet normal -1 0 0
    outer loop
      vertex -3 -29.9638 5.55862
      vertex -3 -30.45 5.82776
      vertex -3 -30.2651 5.9513
    endloop
  endfacet
  facet normal -1 0 0
    outer loop
      vertex -3 -30.46 5.27213
      vertex -3 -30.45 5.82776
      vertex -3 -29.9638 5.55862
    endloop
  endfacet
  facet normal -1 0 0
    outer loop
      vertex -3 -30.46 5.27213
      vertex -3 -30.6494 5.7294
      vertex -3 -30.45 5.82776
    endloop
  endfacet
  facet normal -1 0 0
    outer loop
      vertex -3 -30.46 5.27213
      vertex -3 -30.86 5.65793
      vertex -3 -30.6494 5.7294
    endloop
  endfacet
  facet normal -1 0 0
    outer loop
      vertex -3 -31.0135 5.12382
      vertex -3 -30.86 5.65793
      vertex -3 -30.46 5.27213
    endloop
  endfacet
  facet normal -1 0 0
    outer loop
      vertex -3 -31.0135 5.12382
      vertex -3 -31.0781 5.61454
      vertex -3 -30.86 5.65793
    endloop
  endfacet
  facet normal -1 0 0
    outer loop
      vertex -3 -31.0135 5.12382
      vertex -3 -31.3 5.6
      vertex -3 -31.0781 5.61454
    endloop
  endfacet
  facet normal -1 0 0
    outer loop
      vertex -3 -31.5865 5.12382
      vertex -3 -31.3 5.6
      vertex -3 -31.0135 5.12382
    endloop
  endfacet
  facet normal -1 -0 0
    outer loop
      vertex -3 -31.3 5.6
      vertex -3 -31.5865 5.12382
      vertex -3 -31.5219 5.61454
    endloop
  endfacet
  facet normal -1 0 0
    outer loop
      vertex -3 -31.5865 5.12382
      vertex -3 -31.74 5.65793
      vertex -3 -31.5219 5.61454
    endloop
  endfacet
  facet normal -1 0 0
    outer loop
      vertex -3 -32.14 5.27213
      vertex -3 -31.74 5.65793
      vertex -3 -31.5865 5.12382
    endloop
  endfacet
  facet normal -1 -0 0
    outer loop
      vertex -3 -31.74 5.65793
      vertex -3 -32.14 5.27213
      vertex -3 -31.9506 5.7294
    endloop
  endfacet
  facet normal -1 0 0
    outer loop
      vertex -3 -32.14 5.27213
      vertex -3 -32.15 5.82776
      vertex -3 -31.9506 5.7294
    endloop
  endfacet
  facet normal -1 0 0
    outer loop
      vertex -3 -32.6362 5.55862
      vertex -3 -32.15 5.82776
      vertex -3 -32.14 5.27213
    endloop
  endfacet
  facet normal -1 -0 0
    outer loop
      vertex -3 -32.15 5.82776
      vertex -3 -32.6362 5.55862
      vertex -3 -32.3349 5.9513
    endloop
  endfacet
  facet normal -1 -0 0
    outer loop
      vertex -3 -32.3349 5.9513
      vertex -3 -32.6362 5.55862
      vertex -3 -32.5021 6.09792
    endloop
  endfacet
  facet normal -1 0 0
    outer loop
      vertex -3 -33.0414 5.9638
      vertex -3 -32.5021 6.09792
      vertex -3 -32.6362 5.55862
    endloop
  endfacet
  facet normal -1 -0 0
    outer loop
      vertex -3 -32.5021 6.09792
      vertex -3 -33.0414 5.9638
      vertex -3 -32.6487 6.26511
    endloop
  endfacet
  facet normal -1 -0 0
    outer loop
      vertex -3 -32.6487 6.26511
      vertex -3 -33.0414 5.9638
      vertex -3 -32.7722 6.45
    endloop
  endfacet
  facet normal -1 0 0
    outer loop
      vertex -3 -33.3279 6.46003
      vertex -3 -32.7722 6.45
      vertex -3 -33.0414 5.9638
    endloop
  endfacet
  facet normal -1 0 0
    outer loop
      vertex -3 -33.4762 7.0135
      vertex -3 -32.9421 6.86001
      vertex -3 -33.3279 6.46003
    endloop
  endfacet
  facet normal -1 -0 0
    outer loop
      vertex -3 -32.8706 6.64944
      vertex -3 -33.3279 6.46003
      vertex -3 -32.9421 6.86001
    endloop
  endfacet
  facet normal -1 0 0
    outer loop
      vertex -3 -32.7722 6.45
      vertex -3 -33.3279 6.46003
      vertex -3 -32.8706 6.64944
    endloop
  endfacet
  facet normal -1 0 0
    outer loop
      vertex -3 -29.1238 7.5865
      vertex -3 -29.6579 7.73999
      vertex -3 -29.2721 8.13997
    endloop
  endfacet
  facet normal -1 0 0
    outer loop
      vertex -3 -29.7294 7.95056
      vertex -3 -29.2721 8.13997
      vertex -3 -29.6579 7.73999
    endloop
  endfacet
  facet normal -1 0 0
    outer loop
      vertex -3 -29.8278 8.15
      vertex -3 -29.2721 8.13997
      vertex -3 -29.7294 7.95056
    endloop
  endfacet
  facet normal -1 0 0
    outer loop
      vertex -3 -29.2721 8.13997
      vertex -3 -29.8278 8.15
      vertex -3 -29.5586 8.6362
    endloop
  endfacet
  facet normal -1 0 0
    outer loop
      vertex -3 -29.9513 8.3349
      vertex -3 -29.5586 8.6362
      vertex -3 -29.8278 8.15
    endloop
  endfacet
  facet normal -1 0 0
    outer loop
      vertex -3 -30.0979 8.50208
      vertex -3 -29.5586 8.6362
      vertex -3 -29.9513 8.3349
    endloop
  endfacet
  facet normal -1 -0 0
    outer loop
      vertex -3 -29.5586 8.6362
      vertex -3 -30.0979 8.50208
      vertex -3 -29.9638 9.04138
    endloop
  endfacet
  facet normal -1 0 0
    outer loop
      vertex -3 -30.2651 8.6487
      vertex -3 -29.9638 9.04138
      vertex -3 -30.0979 8.50208
    endloop
  endfacet
  facet normal -1 0 0
    outer loop
      vertex -3 -30.45 8.77224
      vertex -3 -29.9638 9.04138
      vertex -3 -30.2651 8.6487
    endloop
  endfacet
  facet normal -1 0 0
    outer loop
      vertex -3 -30.45 8.77224
      vertex -3 -30.46 9.32787
      vertex -3 -29.9638 9.04138
    endloop
  endfacet
  facet normal -1 0 0
    outer loop
      vertex -3 -30.6494 8.8706
      vertex -3 -30.46 9.32787
      vertex -3 -30.45 8.77224
    endloop
  endfacet
  facet normal -1 0 0
    outer loop
      vertex -3 -30.86 8.94207
      vertex -3 -30.46 9.32787
      vertex -3 -30.6494 8.8706
    endloop
  endfacet
  facet normal -1 0 0
    outer loop
      vertex -3 -30.86 8.94207
      vertex -3 -31.0135 9.47618
      vertex -3 -30.46 9.32787
    endloop
  endfacet
  facet normal -1 0 0
    outer loop
      vertex -3 -31.0781 8.98546
      vertex -3 -31.0135 9.47618
      vertex -3 -30.86 8.94207
    endloop
  endfacet
  facet normal -1 0 0
    outer loop
      vertex -3 -31.3 9
      vertex -3 -31.0135 9.47618
      vertex -3 -31.0781 8.98546
    endloop
  endfacet
  facet normal -1 0 0
    outer loop
      vertex -3 -31.5865 9.47618
      vertex -3 -31.3 9
      vertex -3 -31.5219 8.98546
    endloop
  endfacet
  facet normal -1 0 0
    outer loop
      vertex -3 -31.3 9
      vertex -3 -31.5865 9.47618
      vertex -3 -31.0135 9.47618
    endloop
  endfacet
  facet normal -1 0 0
    outer loop
      vertex -3 -31.74 8.94207
      vertex -3 -31.5865 9.47618
      vertex -3 -31.5219 8.98546
    endloop
  endfacet
  facet normal -1 0 0
    outer loop
      vertex -3 -32.14 9.32787
      vertex -3 -31.74 8.94207
      vertex -3 -31.9506 8.8706
    endloop
  endfacet
  facet normal -1 0 0
    outer loop
      vertex -3 -31.74 8.94207
      vertex -3 -32.14 9.32787
      vertex -3 -31.5865 9.47618
    endloop
  endfacet
  facet normal -1 0 0
    outer loop
      vertex -3 -32.15 8.77224
      vertex -3 -32.14 9.32787
      vertex -3 -31.9506 8.8706
    endloop
  endfacet
  facet normal -1 0 0
    outer loop
      vertex -3 -32.6362 9.04138
      vertex -3 -32.15 8.77224
      vertex -3 -32.3349 8.6487
    endloop
  endfacet
  facet normal -1 0 0
    outer loop
      vertex -3 -32.6362 9.04138
      vertex -3 -32.3349 8.6487
      vertex -3 -32.5021 8.50208
    endloop
  endfacet
  facet normal -1 0 0
    outer loop
      vertex -3 -32.15 8.77224
      vertex -3 -32.6362 9.04138
      vertex -3 -32.14 9.32787
    endloop
  endfacet
  facet normal -1 0 0
    outer loop
      vertex -3 -33.0414 8.6362
      vertex -3 -32.5021 8.50208
      vertex -3 -32.6487 8.3349
    endloop
  endfacet
  facet normal -1 0 0
    outer loop
      vertex -3 -33.0414 8.6362
      vertex -3 -32.6487 8.3349
      vertex -3 -32.7722 8.15
    endloop
  endfacet
  facet normal -1 0 0
    outer loop
      vertex -3 -33.3279 8.13997
      vertex -3 -32.7722 8.15
      vertex -3 -32.8706 7.95056
    endloop
  endfacet
  facet normal -1 0 0
    outer loop
      vertex -3 -33.3279 8.13997
      vertex -3 -32.8706 7.95056
      vertex -3 -32.9421 7.73999
    endloop
  endfacet
  facet normal -1 0 0
    outer loop
      vertex -3 -32.5021 8.50208
      vertex -3 -33.0414 8.6362
      vertex -3 -32.6362 9.04138
    endloop
  endfacet
  facet normal -1 0 0
    outer loop
      vertex -3 -33.4762 7.5865
      vertex -3 -32.9421 7.73999
      vertex -3 -32.9855 7.52189
    endloop
  endfacet
  facet normal -1 0 0
    outer loop
      vertex -3 -33.4762 7.5865
      vertex -3 -32.9855 7.52189
      vertex -3 -33 7.3
    endloop
  endfacet
  facet normal -1 0 0
    outer loop
      vertex -3 -32.9421 6.86001
      vertex -3 -33.4762 7.0135
      vertex -3 -32.9855 7.07811
    endloop
  endfacet
  facet normal -1 -0 0
    outer loop
      vertex -3 -32.9855 7.07811
      vertex -3 -33.4762 7.0135
      vertex -3 -33 7.3
    endloop
  endfacet
  facet normal -1 -0 0
    outer loop
      vertex -3 -32.7722 8.15
      vertex -3 -33.3279 8.13997
      vertex -3 -33.0414 8.6362
    endloop
  endfacet
  facet normal -1 0 0
    outer loop
      vertex -3 -33.4762 7.5865
      vertex -3 -33 7.3
      vertex -3 -33.4762 7.0135
    endloop
  endfacet
  facet normal -1 -0 0
    outer loop
      vertex -3 -32.9421 7.73999
      vertex -3 -33.4762 7.5865
      vertex -3 -33.3279 8.13997
    endloop
  endfacet
  facet normal 0 -1 0
    outer loop
      vertex -3 -36.3 10.5936
      vertex 3 -36.3 14.6
      vertex -3 -36.3 14.6
    endloop
  endfacet
  facet normal 0 -1 -0
    outer loop
      vertex 3 -36.3 14.6
      vertex -3 -36.3 10.5936
      vertex 3 -36.3 10.5936
    endloop
  endfacet
  facet normal 0 -1 0
    outer loop
      vertex -3 -36.3 5.72205e-07
      vertex 3 -36.3 4.00644
      vertex -3 -36.3 4.00644
    endloop
  endfacet
  facet normal 0 -1 -0
    outer loop
      vertex 3 -36.3 4.00644
      vertex -3 -36.3 5.72205e-07
      vertex 3 -36.3 5.72205e-07
    endloop
  endfacet
  facet normal 0 -0.980788 -0.195075
    outer loop
      vertex -3 -37.0956 5.74709
      vertex 3 -37.2487 6.51684
      vertex -3 -37.2487 6.51684
    endloop
  endfacet
  facet normal 0 -0.980788 -0.195075
    outer loop
      vertex 3 -37.2487 6.51684
      vertex -3 -37.0956 5.74709
      vertex 3 -37.0956 5.74709
    endloop
  endfacet
  facet normal 0 -0.896885 0.442263
    outer loop
      vertex -3 -36.8433 9.5961
      vertex 3 -36.4962 10.3
      vertex -3 -36.4962 10.3
    endloop
  endfacet
  facet normal 0 -0.896885 0.442263
    outer loop
      vertex 3 -36.4962 10.3
      vertex -3 -36.8433 9.5961
      vertex 3 -36.8433 9.5961
    endloop
  endfacet
  facet normal 0 -0.831405 -0.555667
    outer loop
      vertex -3 -36.3 4.00644
      vertex 3 -36.4962 4.3
      vertex -3 -36.4962 4.3
    endloop
  endfacet
  facet normal 0 -0.831405 -0.555667
    outer loop
      vertex 3 -36.4962 4.3
      vertex -3 -36.3 4.00644
      vertex 3 -36.3 4.00644
    endloop
  endfacet
  facet normal 0 -0.946922 -0.321463
    outer loop
      vertex -3 -36.8433 5.0039
      vertex 3 -37.0956 5.74709
      vertex -3 -37.0956 5.74709
    endloop
  endfacet
  facet normal 0 -0.946922 -0.321463
    outer loop
      vertex 3 -37.0956 5.74709
      vertex -3 -36.8433 5.0039
      vertex 3 -36.8433 5.0039
    endloop
  endfacet
  facet normal 0 -0.980788 0.195075
    outer loop
      vertex -3 -37.2487 8.08316
      vertex 3 -37.0956 8.85291
      vertex -3 -37.0956 8.85291
    endloop
  endfacet
  facet normal 0 -0.980788 0.195075
    outer loop
      vertex 3 -37.0956 8.85291
      vertex -3 -37.2487 8.08316
      vertex 3 -37.2487 8.08316
    endloop
  endfacet
  facet normal 0 -0.896885 -0.442263
    outer loop
      vertex -3 -36.4962 4.3
      vertex 3 -36.8433 5.0039
      vertex -3 -36.8433 5.0039
    endloop
  endfacet
  facet normal 0 -0.896885 -0.442263
    outer loop
      vertex 3 -36.8433 5.0039
      vertex -3 -36.4962 4.3
      vertex 3 -36.4962 4.3
    endloop
  endfacet
  facet normal 0 -0.83144 0.555615
    outer loop
      vertex -3 -36.4962 10.3
      vertex 3 -36.3 10.5936
      vertex -3 -36.3 10.5936
    endloop
  endfacet
  facet normal 0 -0.83144 0.555615
    outer loop
      vertex 3 -36.3 10.5936
      vertex -3 -36.4962 10.3
      vertex 3 -36.4962 10.3
    endloop
  endfacet
  facet normal 0 -0.946922 0.321463
    outer loop
      vertex -3 -37.0956 8.85291
      vertex 3 -36.8433 9.5961
      vertex -3 -36.8433 9.5961
    endloop
  endfacet
  facet normal 0 -0.946922 0.321463
    outer loop
      vertex 3 -36.8433 9.5961
      vertex -3 -37.0956 8.85291
      vertex 3 -37.0956 8.85291
    endloop
  endfacet
  facet normal 0 -0.997862 -0.0653638
    outer loop
      vertex -3 -37.2487 6.51684
      vertex 3 -37.3 7.3
      vertex -3 -37.3 7.3
    endloop
  endfacet
  facet normal 0 -0.997862 -0.0653638
    outer loop
      vertex 3 -37.3 7.3
      vertex -3 -37.2487 6.51684
      vertex 3 -37.2487 6.51684
    endloop
  endfacet
  facet normal 0 -0.997862 0.0653638
    outer loop
      vertex -3 -37.3 7.3
      vertex 3 -37.2487 8.08316
      vertex -3 -37.2487 8.08316
    endloop
  endfacet
  facet normal 0 -0.997862 0.0653638
    outer loop
      vertex 3 -37.2487 8.08316
      vertex -3 -37.3 7.3
      vertex 3 -37.3 7.3
    endloop
  endfacet
  facet normal -1 0 0
    outer loop
      vertex -10.8 -8 5.72205e-07
      vertex -10.8 12 2
      vertex -10.8 12 5.72205e-07
    endloop
  endfacet
  facet normal -1 -0 0
    outer loop
      vertex -10.8 12 2
      vertex -10.8 -8 5.72205e-07
      vertex -10.8 -8 2
    endloop
  endfacet
  facet normal 1 -0 0
    outer loop
      vertex -13.2 -8 2
      vertex -13.2 12 5.72205e-07
      vertex -13.2 12 2
    endloop
  endfacet
  facet normal 1 0 0
    outer loop
      vertex -13.2 12 5.72205e-07
      vertex -13.2 -8 2
      vertex -13.2 -8 5.72205e-07
    endloop
  endfacet
  facet normal 0 -1 0
    outer loop
      vertex -13.2 12 5.72205e-07
      vertex -10.8 12 2
      vertex -13.2 12 2
    endloop
  endfacet
  facet normal 0 -1 -0
    outer loop
      vertex -10.8 12 2
      vertex -13.2 12 5.72205e-07
      vertex -10.8 12 5.72205e-07
    endloop
  endfacet
  facet normal 0 1 -0
    outer loop
      vertex -10.8 -8 5.72205e-07
      vertex -13.2 -8 2
      vertex -10.8 -8 2
    endloop
  endfacet
  facet normal 0 1 0
    outer loop
      vertex -13.2 -8 2
      vertex -10.8 -8 5.72205e-07
      vertex -13.2 -8 5.72205e-07
    endloop
  endfacet
  facet normal -1 0 0
    outer loop
      vertex -4.8 -8 5.72205e-07
      vertex -4.8 12 2
      vertex -4.8 12 5.72205e-07
    endloop
  endfacet
  facet normal -1 -0 0
    outer loop
      vertex -4.8 12 2
      vertex -4.8 -8 5.72205e-07
      vertex -4.8 -8 2
    endloop
  endfacet
  facet normal 1 -0 0
    outer loop
      vertex -7.2 -8 2
      vertex -7.2 12 5.72205e-07
      vertex -7.2 12 2
    endloop
  endfacet
  facet normal 1 0 0
    outer loop
      vertex -7.2 12 5.72205e-07
      vertex -7.2 -8 2
      vertex -7.2 -8 5.72205e-07
    endloop
  endfacet
  facet normal 0 -1 0
    outer loop
      vertex -7.2 12 5.72205e-07
      vertex -4.8 12 2
      vertex -7.2 12 2
    endloop
  endfacet
  facet normal 0 -1 -0
    outer loop
      vertex -4.8 12 2
      vertex -7.2 12 5.72205e-07
      vertex -4.8 12 5.72205e-07
    endloop
  endfacet
  facet normal 0 1 -0
    outer loop
      vertex -4.8 -8 5.72205e-07
      vertex -7.2 -8 2
      vertex -4.8 -8 2
    endloop
  endfacet
  facet normal 0 1 0
    outer loop
      vertex -7.2 -8 2
      vertex -4.8 -8 5.72205e-07
      vertex -7.2 -8 5.72205e-07
    endloop
  endfacet
  facet normal -1 0 0
    outer loop
      vertex 1.2 -8 5.72205e-07
      vertex 1.2 12 2
      vertex 1.2 12 5.72205e-07
    endloop
  endfacet
  facet normal -1 -0 0
    outer loop
      vertex 1.2 12 2
      vertex 1.2 -8 5.72205e-07
      vertex 1.2 -8 2
    endloop
  endfacet
  facet normal 1 -0 0
    outer loop
      vertex -1.2 -8 2
      vertex -1.2 12 5.72205e-07
      vertex -1.2 12 2
    endloop
  endfacet
  facet normal 1 0 0
    outer loop
      vertex -1.2 12 5.72205e-07
      vertex -1.2 -8 2
      vertex -1.2 -8 5.72205e-07
    endloop
  endfacet
  facet normal 0 -1 0
    outer loop
      vertex -1.2 12 5.72205e-07
      vertex 1.2 12 2
      vertex -1.2 12 2
    endloop
  endfacet
  facet normal 0 -1 -0
    outer loop
      vertex 1.2 12 2
      vertex -1.2 12 5.72205e-07
      vertex 1.2 12 5.72205e-07
    endloop
  endfacet
  facet normal 0 1 -0
    outer loop
      vertex 1.2 -8 5.72205e-07
      vertex -1.2 -8 2
      vertex 1.2 -8 2
    endloop
  endfacet
  facet normal 0 1 0
    outer loop
      vertex -1.2 -8 2
      vertex 1.2 -8 5.72205e-07
      vertex -1.2 -8 5.72205e-07
    endloop
  endfacet
  facet normal -1 0 0
    outer loop
      vertex 7.2 -8 5.72205e-07
      vertex 7.2 12 2
      vertex 7.2 12 5.72205e-07
    endloop
  endfacet
  facet normal -1 -0 0
    outer loop
      vertex 7.2 12 2
      vertex 7.2 -8 5.72205e-07
      vertex 7.2 -8 2
    endloop
  endfacet
  facet normal 1 -0 0
    outer loop
      vertex 4.8 -8 2
      vertex 4.8 12 5.72205e-07
      vertex 4.8 12 2
    endloop
  endfacet
  facet normal 1 0 0
    outer loop
      vertex 4.8 12 5.72205e-07
      vertex 4.8 -8 2
      vertex 4.8 -8 5.72205e-07
    endloop
  endfacet
  facet normal 0 -1 0
    outer loop
      vertex 4.8 12 5.72205e-07
      vertex 7.2 12 2
      vertex 4.8 12 2
    endloop
  endfacet
  facet normal 0 -1 -0
    outer loop
      vertex 7.2 12 2
      vertex 4.8 12 5.72205e-07
      vertex 7.2 12 5.72205e-07
    endloop
  endfacet
  facet normal 0 1 -0
    outer loop
      vertex 7.2 -8 5.72205e-07
      vertex 4.8 -8 2
      vertex 7.2 -8 2
    endloop
  endfacet
  facet normal 0 1 0
    outer loop
      vertex 4.8 -8 2
      vertex 7.2 -8 5.72205e-07
      vertex 4.8 -8 5.72205e-07
    endloop
  endfacet
  facet normal -1 0 0
    outer loop
      vertex 13.2 -8 5.72205e-07
      vertex 13.2 12 2
      vertex 13.2 12 5.72205e-07
    endloop
  endfacet
  facet normal -1 -0 0
    outer loop
      vertex 13.2 12 2
      vertex 13.2 -8 5.72205e-07
      vertex 13.2 -8 2
    endloop
  endfacet
  facet normal 1 -0 0
    outer loop
      vertex 10.8 -8 2
      vertex 10.8 12 5.72205e-07
      vertex 10.8 12 2
    endloop
  endfacet
  facet normal 1 0 0
    outer loop
      vertex 10.8 12 5.72205e-07
      vertex 10.8 -8 2
      vertex 10.8 -8 5.72205e-07
    endloop
  endfacet
  facet normal 0 -1 0
    outer loop
      vertex 10.8 12 5.72205e-07
      vertex 13.2 12 2
      vertex 10.8 12 2
    endloop
  endfacet
  facet normal 0 -1 -0
    outer loop
      vertex 13.2 12 2
      vertex 10.8 12 5.72205e-07
      vertex 13.2 12 5.72205e-07
    endloop
  endfacet
  facet normal 0 1 -0
    outer loop
      vertex 13.2 -8 5.72205e-07
      vertex 10.8 -8 2
      vertex 13.2 -8 2
    endloop
  endfacet
  facet normal 0 1 0
    outer loop
      vertex 10.8 -8 2
      vertex 13.2 -8 5.72205e-07
      vertex 10.8 -8 5.72205e-07
    endloop
  endfacet
  facet normal -0.980815 0.19494 0
    outer loop
      vertex 19.2659 -18.5588 2
      vertex 19.2914 -18.4305 14.6
      vertex 19.2914 -18.4305 2
    endloop
  endfacet
  facet normal -0.980815 0.19494 0
    outer loop
      vertex 19.2914 -18.4305 14.6
      vertex 19.2659 -18.5588 2
      vertex 19.2659 -18.5588 14.6
    endloop
  endfacet
  facet normal 0.751486 -0.659749 0
    outer loop
      vertex -19.0934 18.9088 14.6
      vertex -19.0071 19.0071 2
      vertex -19.0071 19.0071 14.6
    endloop
  endfacet
  facet normal 0.751486 -0.659749 0
    outer loop
      vertex -19.0071 19.0071 2
      vertex -19.0934 18.9088 14.6
      vertex -19.0934 18.9088 2
    endloop
  endfacet
  facet normal -0.19494 -0.980815 0
    outer loop
      vertex 18.4305 19.2914 2
      vertex 18.5588 19.2659 14.6
      vertex 18.4305 19.2914 14.6
    endloop
  endfacet
  facet normal -0.19494 -0.980815 -0
    outer loop
      vertex 18.5588 19.2659 14.6
      vertex 18.4305 19.2914 2
      vertex 18.5588 19.2659 2
    endloop
  endfacet
  facet normal -0.947066 0.321039 0
    outer loop
      vertex 19.2239 -18.6827 2
      vertex 19.2659 -18.5588 14.6
      vertex 19.2659 -18.5588 2
    endloop
  endfacet
  facet normal -0.947066 0.321039 0
    outer loop
      vertex 19.2659 -18.5588 14.6
      vertex 19.2239 -18.6827 2
      vertex 19.2239 -18.6827 14.6
    endloop
  endfacet
  facet normal 0.442621 -0.896709 0
    outer loop
      vertex -18.8 19.166 2
      vertex -18.6827 19.2239 14.6
      vertex -18.8 19.166 14.6
    endloop
  endfacet
  facet normal 0.442621 -0.896709 0
    outer loop
      vertex -18.6827 19.2239 14.6
      vertex -18.8 19.166 2
      vertex -18.6827 19.2239 2
    endloop
  endfacet
  facet normal 0.997836 -0.0657577 0
    outer loop
      vertex -19.3 18.3 14.6
      vertex -19.2914 18.4305 2
      vertex -19.2914 18.4305 14.6
    endloop
  endfacet
  facet normal 0.997836 -0.0657577 0
    outer loop
      vertex -19.2914 18.4305 2
      vertex -19.3 18.3 14.6
      vertex -19.3 18.3 2
    endloop
  endfacet
  facet normal 1 -0 0
    outer loop
      vertex -19.3 -18.3 14.6
      vertex -19.3 18.3 2
      vertex -19.3 18.3 14.6
    endloop
  endfacet
  facet normal 1 0 0
    outer loop
      vertex -19.3 18.3 2
      vertex -19.3 -18.3 14.6
      vertex -19.3 -18.3 2
    endloop
  endfacet
  facet normal -0.980815 -0.19494 0
    outer loop
      vertex 19.2914 18.4305 2
      vertex 19.2659 18.5588 14.6
      vertex 19.2659 18.5588 2
    endloop
  endfacet
  facet normal -0.980815 -0.19494 0
    outer loop
      vertex 19.2659 18.5588 14.6
      vertex 19.2914 18.4305 2
      vertex 19.2914 18.4305 14.6
    endloop
  endfacet
  facet normal 0 1 -0
    outer loop
      vertex 18.3 -19.3 2
      vertex -18.3 -19.3 14.6
      vertex 18.3 -19.3 14.6
    endloop
  endfacet
  facet normal 0 1 0
    outer loop
      vertex -18.3 -19.3 14.6
      vertex 18.3 -19.3 2
      vertex -18.3 -19.3 2
    endloop
  endfacet
  facet normal 0.659749 0.751486 -0
    outer loop
      vertex -18.9088 -19.0934 2
      vertex -19.0071 -19.0071 14.6
      vertex -18.9088 -19.0934 14.6
    endloop
  endfacet
  facet normal 0.659749 0.751486 0
    outer loop
      vertex -19.0071 -19.0071 14.6
      vertex -18.9088 -19.0934 2
      vertex -19.0071 -19.0071 2
    endloop
  endfacet
  facet normal 0.321039 -0.947066 0
    outer loop
      vertex -18.6827 19.2239 2
      vertex -18.5588 19.2659 14.6
      vertex -18.6827 19.2239 14.6
    endloop
  endfacet
  facet normal 0.321039 -0.947066 0
    outer loop
      vertex -18.5588 19.2659 14.6
      vertex -18.6827 19.2239 2
      vertex -18.5588 19.2659 2
    endloop
  endfacet
  facet normal -0.659749 0.751486 0
    outer loop
      vertex 19.0071 -19.0071 2
      vertex 18.9088 -19.0934 14.6
      vertex 19.0071 -19.0071 14.6
    endloop
  endfacet
  facet normal -0.659749 0.751486 0
    outer loop
      vertex 18.9088 -19.0934 14.6
      vertex 19.0071 -19.0071 2
      vertex 18.9088 -19.0934 2
    endloop
  endfacet
  facet normal -1 0 0
    outer loop
      vertex 19.3 -7 2
      vertex 19.3 -18.3 2
      vertex 19.3 -7 8
    endloop
  endfacet
  facet normal -1 0 0
    outer loop
      vertex 19.3 7 8
      vertex 19.3 18.3 2
      vertex 19.3 7 2
    endloop
  endfacet
  facet normal -1 0 0
    outer loop
      vertex 19.3 18.3 2
      vertex 19.3 7 8
      vertex 19.3 18.3 14.6
    endloop
  endfacet
  facet normal -1 0 0
    outer loop
      vertex 19.3 -7 8
      vertex 19.3 18.3 14.6
      vertex 19.3 7 8
    endloop
  endfacet
  facet normal -1 0 0
    outer loop
      vertex 19.3 -7 8
      vertex 19.3 -18.3 14.6
      vertex 19.3 18.3 14.6
    endloop
  endfacet
  facet normal -1 0 0
    outer loop
      vertex 19.3 -18.3 14.6
      vertex 19.3 -7 8
      vertex 19.3 -18.3 2
    endloop
  endfacet
  facet normal -0.19494 0.980815 0
    outer loop
      vertex 18.5588 -19.2659 2
      vertex 18.4305 -19.2914 14.6
      vertex 18.5588 -19.2659 14.6
    endloop
  endfacet
  facet normal -0.19494 0.980815 0
    outer loop
      vertex 18.4305 -19.2914 14.6
      vertex 18.5588 -19.2659 2
      vertex 18.4305 -19.2914 2
    endloop
  endfacet
  facet normal 0.947066 -0.321039 0
    outer loop
      vertex -19.2659 18.5588 14.6
      vertex -19.2239 18.6827 2
      vertex -19.2239 18.6827 14.6
    endloop
  endfacet
  facet normal 0.947066 -0.321039 0
    outer loop
      vertex -19.2239 18.6827 2
      vertex -19.2659 18.5588 14.6
      vertex -19.2659 18.5588 2
    endloop
  endfacet
  facet normal -0.0657577 0.997836 0
    outer loop
      vertex 18.4305 -19.2914 2
      vertex 18.3 -19.3 14.6
      vertex 18.4305 -19.2914 14.6
    endloop
  endfacet
  facet normal -0.0657577 0.997836 0
    outer loop
      vertex 18.3 -19.3 14.6
      vertex 18.4305 -19.2914 2
      vertex 18.3 -19.3 2
    endloop
  endfacet
  facet normal -0.321039 0.947066 0
    outer loop
      vertex 18.6827 -19.2239 2
      vertex 18.5588 -19.2659 14.6
      vertex 18.6827 -19.2239 14.6
    endloop
  endfacet
  facet normal -0.321039 0.947066 0
    outer loop
      vertex 18.5588 -19.2659 14.6
      vertex 18.6827 -19.2239 2
      vertex 18.5588 -19.2659 2
    endloop
  endfacet
  facet normal -0.555053 -0.831815 0
    outer loop
      vertex 18.8 19.166 2
      vertex 18.9088 19.0934 14.6
      vertex 18.8 19.166 14.6
    endloop
  endfacet
  facet normal -0.555053 -0.831815 -0
    outer loop
      vertex 18.9088 19.0934 14.6
      vertex 18.8 19.166 2
      vertex 18.9088 19.0934 2
    endloop
  endfacet
  facet normal 0.555053 -0.831815 0
    outer loop
      vertex -18.9088 19.0934 2
      vertex -18.8 19.166 14.6
      vertex -18.9088 19.0934 14.6
    endloop
  endfacet
  facet normal 0.555053 -0.831815 0
    outer loop
      vertex -18.8 19.166 14.6
      vertex -18.9088 19.0934 2
      vertex -18.8 19.166 2
    endloop
  endfacet
  facet normal 0.555053 0.831815 -0
    outer loop
      vertex -18.8 -19.166 2
      vertex -18.9088 -19.0934 14.6
      vertex -18.8 -19.166 14.6
    endloop
  endfacet
  facet normal 0.555053 0.831815 0
    outer loop
      vertex -18.9088 -19.0934 14.6
      vertex -18.8 -19.166 2
      vertex -18.9088 -19.0934 2
    endloop
  endfacet
  facet normal 0 -1 0
    outer loop
      vertex -18.3 19.3 2
      vertex 18.3 19.3 14.6
      vertex -18.3 19.3 14.6
    endloop
  endfacet
  facet normal 0 -1 -0
    outer loop
      vertex 18.3 19.3 14.6
      vertex -18.3 19.3 2
      vertex 18.3 19.3 2
    endloop
  endfacet
  facet normal 0.0657577 -0.997836 0
    outer loop
      vertex -18.4305 19.2914 2
      vertex -18.3 19.3 14.6
      vertex -18.4305 19.2914 14.6
    endloop
  endfacet
  facet normal 0.0657577 -0.997836 0
    outer loop
      vertex -18.3 19.3 14.6
      vertex -18.4305 19.2914 2
      vertex -18.3 19.3 2
    endloop
  endfacet
  facet normal 0.19494 -0.980815 0
    outer loop
      vertex -18.5588 19.2659 2
      vertex -18.4305 19.2914 14.6
      vertex -18.5588 19.2659 14.6
    endloop
  endfacet
  facet normal 0.19494 -0.980815 0
    outer loop
      vertex -18.4305 19.2914 14.6
      vertex -18.5588 19.2659 2
      vertex -18.4305 19.2914 2
    endloop
  endfacet
  facet normal -0.0657577 -0.997836 0
    outer loop
      vertex 18.3 19.3 2
      vertex 18.4305 19.2914 14.6
      vertex 18.3 19.3 14.6
    endloop
  endfacet
  facet normal -0.0657577 -0.997836 -0
    outer loop
      vertex 18.4305 19.2914 14.6
      vertex 18.3 19.3 2
      vertex 18.4305 19.2914 2
    endloop
  endfacet
  facet normal -0.997836 0.0657577 0
    outer loop
      vertex 19.2914 -18.4305 2
      vertex 19.3 -18.3 14.6
      vertex 19.3 -18.3 2
    endloop
  endfacet
  facet normal -0.997836 0.0657577 0
    outer loop
      vertex 19.3 -18.3 14.6
      vertex 19.2914 -18.4305 2
      vertex 19.2914 -18.4305 14.6
    endloop
  endfacet
  facet normal -0.659749 -0.751486 0
    outer loop
      vertex 18.9088 19.0934 2
      vertex 19.0071 19.0071 14.6
      vertex 18.9088 19.0934 14.6
    endloop
  endfacet
  facet normal -0.659749 -0.751486 -0
    outer loop
      vertex 19.0071 19.0071 14.6
      vertex 18.9088 19.0934 2
      vertex 19.0071 19.0071 2
    endloop
  endfacet
  facet normal -0.997836 -0.0657577 0
    outer loop
      vertex 19.3 18.3 2
      vertex 19.2914 18.4305 14.6
      vertex 19.2914 18.4305 2
    endloop
  endfacet
  facet normal -0.997836 -0.0657577 0
    outer loop
      vertex 19.2914 18.4305 14.6
      vertex 19.3 18.3 2
      vertex 19.3 18.3 14.6
    endloop
  endfacet
  facet normal 0.442621 0.896709 -0
    outer loop
      vertex -18.6827 -19.2239 2
      vertex -18.8 -19.166 14.6
      vertex -18.6827 -19.2239 14.6
    endloop
  endfacet
  facet normal 0.442621 0.896709 0
    outer loop
      vertex -18.8 -19.166 14.6
      vertex -18.6827 -19.2239 2
      vertex -18.8 -19.166 2
    endloop
  endfacet
  facet normal 0.980815 -0.19494 0
    outer loop
      vertex -19.2914 18.4305 14.6
      vertex -19.2659 18.5588 2
      vertex -19.2659 18.5588 14.6
    endloop
  endfacet
  facet normal 0.980815 -0.19494 0
    outer loop
      vertex -19.2659 18.5588 2
      vertex -19.2914 18.4305 14.6
      vertex -19.2914 18.4305 2
    endloop
  endfacet
  facet normal 0.659749 -0.751486 0
    outer loop
      vertex -19.0071 19.0071 2
      vertex -18.9088 19.0934 14.6
      vertex -19.0071 19.0071 14.6
    endloop
  endfacet
  facet normal 0.659749 -0.751486 0
    outer loop
      vertex -18.9088 19.0934 14.6
      vertex -19.0071 19.0071 2
      vertex -18.9088 19.0934 2
    endloop
  endfacet
  facet normal 0.947066 0.321039 0
    outer loop
      vertex -19.2239 -18.6827 14.6
      vertex -19.2659 -18.5588 2
      vertex -19.2659 -18.5588 14.6
    endloop
  endfacet
  facet normal 0.947066 0.321039 0
    outer loop
      vertex -19.2659 -18.5588 2
      vertex -19.2239 -18.6827 14.6
      vertex -19.2239 -18.6827 2
    endloop
  endfacet
  facet normal 0.751486 0.659749 0
    outer loop
      vertex -19.0071 -19.0071 14.6
      vertex -19.0934 -18.9088 2
      vertex -19.0934 -18.9088 14.6
    endloop
  endfacet
  facet normal 0.751486 0.659749 0
    outer loop
      vertex -19.0934 -18.9088 2
      vertex -19.0071 -19.0071 14.6
      vertex -19.0071 -19.0071 2
    endloop
  endfacet
  facet normal 0.896709 0.442621 0
    outer loop
      vertex -19.166 -18.8 14.6
      vertex -19.2239 -18.6827 2
      vertex -19.2239 -18.6827 14.6
    endloop
  endfacet
  facet normal 0.896709 0.442621 0
    outer loop
      vertex -19.2239 -18.6827 2
      vertex -19.166 -18.8 14.6
      vertex -19.166 -18.8 2
    endloop
  endfacet
  facet normal -0.321039 -0.947066 0
    outer loop
      vertex 18.5588 19.2659 2
      vertex 18.6827 19.2239 14.6
      vertex 18.5588 19.2659 14.6
    endloop
  endfacet
  facet normal -0.321039 -0.947066 -0
    outer loop
      vertex 18.6827 19.2239 14.6
      vertex 18.5588 19.2659 2
      vertex 18.6827 19.2239 2
    endloop
  endfacet
  facet normal -0.947066 -0.321039 0
    outer loop
      vertex 19.2659 18.5588 2
      vertex 19.2239 18.6827 14.6
      vertex 19.2239 18.6827 2
    endloop
  endfacet
  facet normal -0.947066 -0.321039 0
    outer loop
      vertex 19.2239 18.6827 14.6
      vertex 19.2659 18.5588 2
      vertex 19.2659 18.5588 14.6
    endloop
  endfacet
  facet normal 0.831815 0.555053 0
    outer loop
      vertex -19.0934 -18.9088 14.6
      vertex -19.166 -18.8 2
      vertex -19.166 -18.8 14.6
    endloop
  endfacet
  facet normal 0.831815 0.555053 0
    outer loop
      vertex -19.166 -18.8 2
      vertex -19.0934 -18.9088 14.6
      vertex -19.0934 -18.9088 2
    endloop
  endfacet
  facet normal 0.0657577 0.997836 -0
    outer loop
      vertex -18.3 -19.3 2
      vertex -18.4305 -19.2914 14.6
      vertex -18.3 -19.3 14.6
    endloop
  endfacet
  facet normal 0.0657577 0.997836 0
    outer loop
      vertex -18.4305 -19.2914 14.6
      vertex -18.3 -19.3 2
      vertex -18.4305 -19.2914 2
    endloop
  endfacet
  facet normal -0.442621 -0.896709 0
    outer loop
      vertex 18.6827 19.2239 2
      vertex 18.8 19.166 14.6
      vertex 18.6827 19.2239 14.6
    endloop
  endfacet
  facet normal -0.442621 -0.896709 -0
    outer loop
      vertex 18.8 19.166 14.6
      vertex 18.6827 19.2239 2
      vertex 18.8 19.166 2
    endloop
  endfacet
  facet normal -0.896709 0.442621 0
    outer loop
      vertex 19.166 -18.8 2
      vertex 19.2239 -18.6827 14.6
      vertex 19.2239 -18.6827 2
    endloop
  endfacet
  facet normal -0.896709 0.442621 0
    outer loop
      vertex 19.2239 -18.6827 14.6
      vertex 19.166 -18.8 2
      vertex 19.166 -18.8 14.6
    endloop
  endfacet
  facet normal -0.751486 -0.659749 0
    outer loop
      vertex 19.0934 18.9088 2
      vertex 19.0071 19.0071 14.6
      vertex 19.0071 19.0071 2
    endloop
  endfacet
  facet normal -0.751486 -0.659749 0
    outer loop
      vertex 19.0071 19.0071 14.6
      vertex 19.0934 18.9088 2
      vertex 19.0934 18.9088 14.6
    endloop
  endfacet
  facet normal -0.555053 0.831815 0
    outer loop
      vertex 18.9088 -19.0934 2
      vertex 18.8 -19.166 14.6
      vertex 18.9088 -19.0934 14.6
    endloop
  endfacet
  facet normal -0.555053 0.831815 0
    outer loop
      vertex 18.8 -19.166 14.6
      vertex 18.9088 -19.0934 2
      vertex 18.8 -19.166 2
    endloop
  endfacet
  facet normal 0.321039 0.947066 -0
    outer loop
      vertex -18.5588 -19.2659 2
      vertex -18.6827 -19.2239 14.6
      vertex -18.5588 -19.2659 14.6
    endloop
  endfacet
  facet normal 0.321039 0.947066 0
    outer loop
      vertex -18.6827 -19.2239 14.6
      vertex -18.5588 -19.2659 2
      vertex -18.6827 -19.2239 2
    endloop
  endfacet
  facet normal 0.831815 -0.555053 0
    outer loop
      vertex -19.166 18.8 14.6
      vertex -19.0934 18.9088 2
      vertex -19.0934 18.9088 14.6
    endloop
  endfacet
  facet normal 0.831815 -0.555053 0
    outer loop
      vertex -19.0934 18.9088 2
      vertex -19.166 18.8 14.6
      vertex -19.166 18.8 2
    endloop
  endfacet
  facet normal 0.980815 0.19494 0
    outer loop
      vertex -19.2659 -18.5588 14.6
      vertex -19.2914 -18.4305 2
      vertex -19.2914 -18.4305 14.6
    endloop
  endfacet
  facet normal 0.980815 0.19494 0
    outer loop
      vertex -19.2914 -18.4305 2
      vertex -19.2659 -18.5588 14.6
      vertex -19.2659 -18.5588 2
    endloop
  endfacet
  facet normal 0.896709 -0.442621 0
    outer loop
      vertex -19.2239 18.6827 14.6
      vertex -19.166 18.8 2
      vertex -19.166 18.8 14.6
    endloop
  endfacet
  facet normal 0.896709 -0.442621 0
    outer loop
      vertex -19.166 18.8 2
      vertex -19.2239 18.6827 14.6
      vertex -19.2239 18.6827 2
    endloop
  endfacet
  facet normal 0.997836 0.0657577 0
    outer loop
      vertex -19.2914 -18.4305 14.6
      vertex -19.3 -18.3 2
      vertex -19.3 -18.3 14.6
    endloop
  endfacet
  facet normal 0.997836 0.0657577 0
    outer loop
      vertex -19.3 -18.3 2
      vertex -19.2914 -18.4305 14.6
      vertex -19.2914 -18.4305 2
    endloop
  endfacet
  facet normal 0.19494 0.980815 -0
    outer loop
      vertex -18.4305 -19.2914 2
      vertex -18.5588 -19.2659 14.6
      vertex -18.4305 -19.2914 14.6
    endloop
  endfacet
  facet normal 0.19494 0.980815 0
    outer loop
      vertex -18.5588 -19.2659 14.6
      vertex -18.4305 -19.2914 2
      vertex -18.5588 -19.2659 2
    endloop
  endfacet
  facet normal -0.751486 0.659749 0
    outer loop
      vertex 19.0071 -19.0071 2
      vertex 19.0934 -18.9088 14.6
      vertex 19.0934 -18.9088 2
    endloop
  endfacet
  facet normal -0.751486 0.659749 0
    outer loop
      vertex 19.0934 -18.9088 14.6
      vertex 19.0071 -19.0071 2
      vertex 19.0071 -19.0071 14.6
    endloop
  endfacet
  facet normal -0.831815 0.555053 0
    outer loop
      vertex 19.0934 -18.9088 2
      vertex 19.166 -18.8 14.6
      vertex 19.166 -18.8 2
    endloop
  endfacet
  facet normal -0.831815 0.555053 0
    outer loop
      vertex 19.166 -18.8 14.6
      vertex 19.0934 -18.9088 2
      vertex 19.0934 -18.9088 14.6
    endloop
  endfacet
  facet normal -0.442621 0.896709 0
    outer loop
      vertex 18.8 -19.166 2
      vertex 18.6827 -19.2239 14.6
      vertex 18.8 -19.166 14.6
    endloop
  endfacet
  facet normal -0.442621 0.896709 0
    outer loop
      vertex 18.6827 -19.2239 14.6
      vertex 18.8 -19.166 2
      vertex 18.6827 -19.2239 2
    endloop
  endfacet
  facet normal -0.896709 -0.442621 0
    outer loop
      vertex 19.2239 18.6827 2
      vertex 19.166 18.8 14.6
      vertex 19.166 18.8 2
    endloop
  endfacet
  facet normal -0.896709 -0.442621 0
    outer loop
      vertex 19.166 18.8 14.6
      vertex 19.2239 18.6827 2
      vertex 19.2239 18.6827 14.6
    endloop
  endfacet
  facet normal -0.831815 -0.555053 0
    outer loop
      vertex 19.166 18.8 2
      vertex 19.0934 18.9088 14.6
      vertex 19.0934 18.9088 2
    endloop
  endfacet
  facet normal -0.831815 -0.555053 0
    outer loop
      vertex 19.0934 18.9088 14.6
      vertex 19.166 18.8 2
      vertex 19.166 18.8 14.6
    endloop
  endfacet
  facet normal 0 0 1
    outer loop
      vertex -10.8 12 2
      vertex -14.9675 16.1581 2
      vertex -13.2 12 2
    endloop
  endfacet
  facet normal 0 0 1
    outer loop
      vertex -13.2 -8 2
      vertex -14.8188 -16.7128 2
      vertex -14.8 -17 2
    endloop
  endfacet
  facet normal -0 0 1
    outer loop
      vertex -15.0947 15.9 2
      vertex -13.2 12 2
      vertex -14.9675 16.1581 2
    endloop
  endfacet
  facet normal 0 0 1
    outer loop
      vertex -13.2 -8 2
      vertex -14.875 -16.4306 2
      vertex -14.8188 -16.7128 2
    endloop
  endfacet
  facet normal -0 0 1
    outer loop
      vertex -15.2546 15.6607 2
      vertex -13.2 12 2
      vertex -15.0947 15.9 2
    endloop
  endfacet
  facet normal 0 0 1
    outer loop
      vertex -13.2 -8 2
      vertex -14.9675 -16.1581 2
      vertex -14.875 -16.4306 2
    endloop
  endfacet
  facet normal -0 0 1
    outer loop
      vertex -15.4444 15.4444 2
      vertex -13.2 12 2
      vertex -15.2546 15.6607 2
    endloop
  endfacet
  facet normal 0 0 1
    outer loop
      vertex -13.2 -8 2
      vertex -15.0947 -15.9 2
      vertex -14.9675 -16.1581 2
    endloop
  endfacet
  facet normal -0 0 1
    outer loop
      vertex -15.6607 15.2546 2
      vertex -13.2 12 2
      vertex -15.4444 15.4444 2
    endloop
  endfacet
  facet normal 0 0 1
    outer loop
      vertex -13.2 -8 2
      vertex -15.2546 -15.6607 2
      vertex -15.0947 -15.9 2
    endloop
  endfacet
  facet normal -0 0 1
    outer loop
      vertex -15.9 15.0947 2
      vertex -13.2 12 2
      vertex -15.6607 15.2546 2
    endloop
  endfacet
  facet normal 0 0 1
    outer loop
      vertex -13.2 -8 2
      vertex -15.4444 -15.4444 2
      vertex -15.2546 -15.6607 2
    endloop
  endfacet
  facet normal -0 0 1
    outer loop
      vertex -16.1581 14.9675 2
      vertex -13.2 12 2
      vertex -15.9 15.0947 2
    endloop
  endfacet
  facet normal 0 0 1
    outer loop
      vertex -13.2 -8 2
      vertex -15.6607 -15.2546 2
      vertex -15.4444 -15.4444 2
    endloop
  endfacet
  facet normal -0 0 1
    outer loop
      vertex -16.4306 14.875 2
      vertex -13.2 12 2
      vertex -16.1581 14.9675 2
    endloop
  endfacet
  facet normal 0 0 1
    outer loop
      vertex -13.2 -8 2
      vertex -15.9 -15.0947 2
      vertex -15.6607 -15.2546 2
    endloop
  endfacet
  facet normal -0 0 1
    outer loop
      vertex -16.7128 14.8188 2
      vertex -13.2 12 2
      vertex -16.4306 14.875 2
    endloop
  endfacet
  facet normal 0 0 1
    outer loop
      vertex -13.2 -8 2
      vertex -16.1581 -14.9675 2
      vertex -15.9 -15.0947 2
    endloop
  endfacet
  facet normal -0 0 1
    outer loop
      vertex -17 14.8 2
      vertex -13.2 12 2
      vertex -16.7128 14.8188 2
    endloop
  endfacet
  facet normal 0 0 1
    outer loop
      vertex -13.2 -8 2
      vertex -16.4306 -14.875 2
      vertex -16.1581 -14.9675 2
    endloop
  endfacet
  facet normal 0 0 1
    outer loop
      vertex -17.2872 14.8188 2
      vertex -13.2 12 2
      vertex -17 14.8 2
    endloop
  endfacet
  facet normal 0 0 1
    outer loop
      vertex -13.2 -8 2
      vertex -16.7128 -14.8188 2
      vertex -16.4306 -14.875 2
    endloop
  endfacet
  facet normal 0 0 1
    outer loop
      vertex -17.5694 14.875 2
      vertex -13.2 12 2
      vertex -17.2872 14.8188 2
    endloop
  endfacet
  facet normal 0 0 1
    outer loop
      vertex -13.2 -8 2
      vertex -17 -14.8 2
      vertex -16.7128 -14.8188 2
    endloop
  endfacet
  facet normal 0 0 1
    outer loop
      vertex -17.8419 14.9675 2
      vertex -13.2 12 2
      vertex -17.5694 14.875 2
    endloop
  endfacet
  facet normal 0 0 1
    outer loop
      vertex -13.2 -8 2
      vertex -17.2872 -14.8188 2
      vertex -17 -14.8 2
    endloop
  endfacet
  facet normal 0 0 1
    outer loop
      vertex -13.2 12 2
      vertex -17.8419 14.9675 2
      vertex -13.2 -8 2
    endloop
  endfacet
  facet normal 0 0 1
    outer loop
      vertex -13.2 -8 2
      vertex -17.5694 -14.875 2
      vertex -17.2872 -14.8188 2
    endloop
  endfacet
  facet normal 0 0 1
    outer loop
      vertex -18.1 15.0947 2
      vertex -13.2 -8 2
      vertex -17.8419 14.9675 2
    endloop
  endfacet
  facet normal 0 0 1
    outer loop
      vertex -13.2 -8 2
      vertex -17.8419 -14.9675 2
      vertex -17.5694 -14.875 2
    endloop
  endfacet
  facet normal 0 0 1
    outer loop
      vertex -18.3393 15.2546 2
      vertex -13.2 -8 2
      vertex -18.1 15.0947 2
    endloop
  endfacet
  facet normal 0 0 1
    outer loop
      vertex -13.2 -8 2
      vertex -18.1 -15.0947 2
      vertex -17.8419 -14.9675 2
    endloop
  endfacet
  facet normal 0 0 1
    outer loop
      vertex -18.3393 -15.2546 2
      vertex -13.2 -8 2
      vertex -18.3393 15.2546 2
    endloop
  endfacet
  facet normal 0 0 1
    outer loop
      vertex -13.2 -8 2
      vertex -18.3393 -15.2546 2
      vertex -18.1 -15.0947 2
    endloop
  endfacet
  facet normal 0 0 1
    outer loop
      vertex -18.5556 15.4444 2
      vertex -18.3393 -15.2546 2
      vertex -18.3393 15.2546 2
    endloop
  endfacet
  facet normal 0 0 1
    outer loop
      vertex -18.5556 15.4444 2
      vertex -18.5556 -15.4444 2
      vertex -18.3393 -15.2546 2
    endloop
  endfacet
  facet normal 0 0 1
    outer loop
      vertex -18.7454 15.6607 2
      vertex -18.5556 -15.4444 2
      vertex -18.5556 15.4444 2
    endloop
  endfacet
  facet normal 0 0 1
    outer loop
      vertex -18.7454 15.6607 2
      vertex -18.7454 -15.6607 2
      vertex -18.5556 -15.4444 2
    endloop
  endfacet
  facet normal 0 0 1
    outer loop
      vertex -18.9053 15.9 2
      vertex -18.7454 -15.6607 2
      vertex -18.7454 15.6607 2
    endloop
  endfacet
  facet normal 0 0 1
    outer loop
      vertex -18.9053 15.9 2
      vertex -18.9053 -15.9 2
      vertex -18.7454 -15.6607 2
    endloop
  endfacet
  facet normal 0 0 1
    outer loop
      vertex -19.0325 16.1581 2
      vertex -18.9053 -15.9 2
      vertex -18.9053 15.9 2
    endloop
  endfacet
  facet normal 0 0 1
    outer loop
      vertex -19.0325 16.1581 2
      vertex -19.0325 -16.1581 2
      vertex -18.9053 -15.9 2
    endloop
  endfacet
  facet normal 0 0 1
    outer loop
      vertex -19.125 16.4306 2
      vertex -19.0325 -16.1581 2
      vertex -19.0325 16.1581 2
    endloop
  endfacet
  facet normal 0 0 1
    outer loop
      vertex -19.125 16.4306 2
      vertex -19.125 -16.4306 2
      vertex -19.0325 -16.1581 2
    endloop
  endfacet
  facet normal 0 0 1
    outer loop
      vertex -19.1812 16.7128 2
      vertex -19.125 -16.4306 2
      vertex -19.125 16.4306 2
    endloop
  endfacet
  facet normal 0 0 1
    outer loop
      vertex -19.1812 16.7128 2
      vertex -19.1812 -16.7128 2
      vertex -19.125 -16.4306 2
    endloop
  endfacet
  facet normal 0 0 1
    outer loop
      vertex -19.2 17 2
      vertex -19.1812 -16.7128 2
      vertex -19.1812 16.7128 2
    endloop
  endfacet
  facet normal 0 0 1
    outer loop
      vertex -19.1812 -16.7128 2
      vertex -19.2 17 2
      vertex -19.2 -17 2
    endloop
  endfacet
  facet normal -0 0 1
    outer loop
      vertex 19.0325 16.1581 2
      vertex 19.3 7 2
      vertex 19.125 16.4306 2
    endloop
  endfacet
  facet normal 0 0 1
    outer loop
      vertex 19.3 -7 2
      vertex 19.1812 -16.7128 2
      vertex 19.2 -17 2
    endloop
  endfacet
  facet normal -0 0 1
    outer loop
      vertex 18.9053 15.9 2
      vertex 19.3 7 2
      vertex 19.0325 16.1581 2
    endloop
  endfacet
  facet normal 0 0 1
    outer loop
      vertex 19.3 -7 2
      vertex 19.125 -16.4306 2
      vertex 19.1812 -16.7128 2
    endloop
  endfacet
  facet normal -0 0 1
    outer loop
      vertex 18.7454 15.6607 2
      vertex 19.3 7 2
      vertex 18.9053 15.9 2
    endloop
  endfacet
  facet normal 0 0 1
    outer loop
      vertex 19.3 -7 2
      vertex 19.0325 -16.1581 2
      vertex 19.125 -16.4306 2
    endloop
  endfacet
  facet normal -0 0 1
    outer loop
      vertex 18.5556 15.4444 2
      vertex 19.3 7 2
      vertex 18.7454 15.6607 2
    endloop
  endfacet
  facet normal 0 0 1
    outer loop
      vertex 19.3 -7 2
      vertex 18.9053 -15.9 2
      vertex 19.0325 -16.1581 2
    endloop
  endfacet
  facet normal -0 0 1
    outer loop
      vertex 18.3393 15.2546 2
      vertex 19.3 7 2
      vertex 18.5556 15.4444 2
    endloop
  endfacet
  facet normal 0 0 1
    outer loop
      vertex 19.3 -7 2
      vertex 18.7454 -15.6607 2
      vertex 18.9053 -15.9 2
    endloop
  endfacet
  facet normal -0 0 1
    outer loop
      vertex 18.1 15.0947 2
      vertex 19.3 7 2
      vertex 18.3393 15.2546 2
    endloop
  endfacet
  facet normal 0 0 1
    outer loop
      vertex 19.3 -7 2
      vertex 18.5556 -15.4444 2
      vertex 18.7454 -15.6607 2
    endloop
  endfacet
  facet normal -0 0 1
    outer loop
      vertex 17.8419 14.9675 2
      vertex 19.3 7 2
      vertex 18.1 15.0947 2
    endloop
  endfacet
  facet normal 0 0 1
    outer loop
      vertex 19.3 -7 2
      vertex 18.3393 -15.2546 2
      vertex 18.5556 -15.4444 2
    endloop
  endfacet
  facet normal -0 0 1
    outer loop
      vertex 17.5694 14.875 2
      vertex 19.3 7 2
      vertex 17.8419 14.9675 2
    endloop
  endfacet
  facet normal 0 -0 1
    outer loop
      vertex 17 -14.8 2
      vertex 19.3 -7 2
      vertex 13.2 -8 2
    endloop
  endfacet
  facet normal 0 0 1
    outer loop
      vertex 13.2 -8 2
      vertex 19.3 7 2
      vertex 13.2 12 2
    endloop
  endfacet
  facet normal 0 0 1
    outer loop
      vertex 19.3 -7 2
      vertex 18.1 -15.0947 2
      vertex 18.3393 -15.2546 2
    endloop
  endfacet
  facet normal -0 0 1
    outer loop
      vertex 17.2872 14.8188 2
      vertex 19.3 7 2
      vertex 17.5694 14.875 2
    endloop
  endfacet
  facet normal 0 0 1
    outer loop
      vertex 19.3 -7 2
      vertex 17.8419 -14.9675 2
      vertex 18.1 -15.0947 2
    endloop
  endfacet
  facet normal -0 0 1
    outer loop
      vertex 17 14.8 2
      vertex 19.3 7 2
      vertex 17.2872 14.8188 2
    endloop
  endfacet
  facet normal 0 0 1
    outer loop
      vertex 19.3 -7 2
      vertex 17.5694 -14.875 2
      vertex 17.8419 -14.9675 2
    endloop
  endfacet
  facet normal 0 0 1
    outer loop
      vertex 19.3 7 2
      vertex 17 14.8 2
      vertex 13.2 12 2
    endloop
  endfacet
  facet normal 0 0 1
    outer loop
      vertex 19.3 -7 2
      vertex 17.2872 -14.8188 2
      vertex 17.5694 -14.875 2
    endloop
  endfacet
  facet normal 0 0 1
    outer loop
      vertex 13.2 12 2
      vertex 17 14.8 2
      vertex 16.7128 14.8188 2
    endloop
  endfacet
  facet normal 0 0 1
    outer loop
      vertex 19.3 -7 2
      vertex 17 -14.8 2
      vertex 17.2872 -14.8188 2
    endloop
  endfacet
  facet normal 0 0 1
    outer loop
      vertex 13.2 12 2
      vertex 16.7128 14.8188 2
      vertex 16.4306 14.875 2
    endloop
  endfacet
  facet normal 0 0 1
    outer loop
      vertex 17 -14.8 2
      vertex 13.2 -8 2
      vertex 16.7128 -14.8188 2
    endloop
  endfacet
  facet normal 0 0 1
    outer loop
      vertex 13.2 12 2
      vertex 16.4306 14.875 2
      vertex 16.1581 14.9675 2
    endloop
  endfacet
  facet normal 0 0 1
    outer loop
      vertex 16.7128 -14.8188 2
      vertex 13.2 -8 2
      vertex 16.4306 -14.875 2
    endloop
  endfacet
  facet normal 0 0 1
    outer loop
      vertex 13.2 12 2
      vertex 16.1581 14.9675 2
      vertex 15.9 15.0947 2
    endloop
  endfacet
  facet normal 0 0 1
    outer loop
      vertex 16.4306 -14.875 2
      vertex 13.2 -8 2
      vertex 16.1581 -14.9675 2
    endloop
  endfacet
  facet normal 0 0 1
    outer loop
      vertex 13.2 12 2
      vertex 15.9 15.0947 2
      vertex 15.6607 15.2546 2
    endloop
  endfacet
  facet normal 0 0 1
    outer loop
      vertex 16.1581 -14.9675 2
      vertex 13.2 -8 2
      vertex 15.9 -15.0947 2
    endloop
  endfacet
  facet normal 0 0 1
    outer loop
      vertex 13.2 12 2
      vertex 15.6607 15.2546 2
      vertex 15.4444 15.4444 2
    endloop
  endfacet
  facet normal 0 0 1
    outer loop
      vertex 15.9 -15.0947 2
      vertex 13.2 -8 2
      vertex 15.6607 -15.2546 2
    endloop
  endfacet
  facet normal 0 0 1
    outer loop
      vertex 13.2 12 2
      vertex 15.4444 15.4444 2
      vertex 15.2546 15.6607 2
    endloop
  endfacet
  facet normal 0 0 1
    outer loop
      vertex 15.6607 -15.2546 2
      vertex 13.2 -8 2
      vertex 15.4444 -15.4444 2
    endloop
  endfacet
  facet normal 0 0 1
    outer loop
      vertex 13.2 12 2
      vertex 15.2546 15.6607 2
      vertex 15.0947 15.9 2
    endloop
  endfacet
  facet normal -0 0 1
    outer loop
      vertex 10.8 -8 2
      vertex 15.4444 -15.4444 2
      vertex 13.2 -8 2
    endloop
  endfacet
  facet normal 0 0 1
    outer loop
      vertex 13.2 12 2
      vertex 15.0947 15.9 2
      vertex 14.9675 16.1581 2
    endloop
  endfacet
  facet normal 0 0 1
    outer loop
      vertex 15.4444 -15.4444 2
      vertex 10.8 -8 2
      vertex 15.2546 -15.6607 2
    endloop
  endfacet
  facet normal 0 0 1
    outer loop
      vertex 10.8 12 2
      vertex 14.9675 16.1581 2
      vertex 14.875 16.4306 2
    endloop
  endfacet
  facet normal 0 0 1
    outer loop
      vertex 15.2546 -15.6607 2
      vertex 10.8 -8 2
      vertex 15.0947 -15.9 2
    endloop
  endfacet
  facet normal 0 0 1
    outer loop
      vertex 10.8 12 2
      vertex 14.875 16.4306 2
      vertex 14.8188 16.7128 2
    endloop
  endfacet
  facet normal 0 0 1
    outer loop
      vertex 15.0947 -15.9 2
      vertex 10.8 -8 2
      vertex 14.9675 -16.1581 2
    endloop
  endfacet
  facet normal 0 0 1
    outer loop
      vertex 10.8 12 2
      vertex 14.8188 16.7128 2
      vertex 14.8 17 2
    endloop
  endfacet
  facet normal -0 0 1
    outer loop
      vertex 7.2 -8 2
      vertex 14.9675 -16.1581 2
      vertex 10.8 -8 2
    endloop
  endfacet
  facet normal -0 0 1
    outer loop
      vertex 19.2 17 2
      vertex 19.3 7 2
      vertex 19.3 18.3 2
    endloop
  endfacet
  facet normal -0 0 1
    outer loop
      vertex 19.1812 16.7128 2
      vertex 19.3 7 2
      vertex 19.2 17 2
    endloop
  endfacet
  facet normal 0 0 1
    outer loop
      vertex 18.9053 18.1 2
      vertex 19.3 18.3 2
      vertex 19.2914 18.4305 2
    endloop
  endfacet
  facet normal -0 0 1
    outer loop
      vertex 19.125 16.4306 2
      vertex 19.3 7 2
      vertex 19.1812 16.7128 2
    endloop
  endfacet
  facet normal 0 0 1
    outer loop
      vertex 18.7454 18.3393 2
      vertex 19.2914 18.4305 2
      vertex 19.2659 18.5588 2
    endloop
  endfacet
  facet normal 0 0 1
    outer loop
      vertex 19.3 -7 2
      vertex 19.2 -17 2
      vertex 19.3 -18.3 2
    endloop
  endfacet
  facet normal 0 0 1
    outer loop
      vertex 18.7454 18.3393 2
      vertex 19.2659 18.5588 2
      vertex 19.2239 18.6827 2
    endloop
  endfacet
  facet normal -0 0 1
    outer loop
      vertex 19.1812 -17.2872 2
      vertex 19.3 -18.3 2
      vertex 19.2 -17 2
    endloop
  endfacet
  facet normal -0 0 1
    outer loop
      vertex 19.125 -17.5694 2
      vertex 19.3 -18.3 2
      vertex 19.1812 -17.2872 2
    endloop
  endfacet
  facet normal 0 0 1
    outer loop
      vertex 19.3 18.3 2
      vertex 19.1812 17.2872 2
      vertex 19.2 17 2
    endloop
  endfacet
  facet normal 0 0 1
    outer loop
      vertex 18.7454 18.3393 2
      vertex 19.2239 18.6827 2
      vertex 19.166 18.8 2
    endloop
  endfacet
  facet normal 0 0 1
    outer loop
      vertex 19.3 18.3 2
      vertex 19.125 17.5694 2
      vertex 19.1812 17.2872 2
    endloop
  endfacet
  facet normal 0 0 1
    outer loop
      vertex 18.5556 18.5556 2
      vertex 19.166 18.8 2
      vertex 19.0934 18.9088 2
    endloop
  endfacet
  facet normal 0 0 1
    outer loop
      vertex 19.3 18.3 2
      vertex 19.0325 17.8419 2
      vertex 19.125 17.5694 2
    endloop
  endfacet
  facet normal 0 0 1
    outer loop
      vertex 18.5556 18.5556 2
      vertex 19.0934 18.9088 2
      vertex 19.0071 19.0071 2
    endloop
  endfacet
  facet normal 0 0 1
    outer loop
      vertex 18.5556 18.5556 2
      vertex 19.0071 19.0071 2
      vertex 18.9088 19.0934 2
    endloop
  endfacet
  facet normal 0 0 1
    outer loop
      vertex 19.3 18.3 2
      vertex 18.9053 18.1 2
      vertex 19.0325 17.8419 2
    endloop
  endfacet
  facet normal 0 0 1
    outer loop
      vertex 18.5556 18.5556 2
      vertex 18.9088 19.0934 2
      vertex 18.8 19.166 2
    endloop
  endfacet
  facet normal 0 0 1
    outer loop
      vertex 19.2914 18.4305 2
      vertex 18.7454 18.3393 2
      vertex 18.9053 18.1 2
    endloop
  endfacet
  facet normal 0 0 1
    outer loop
      vertex 18.3393 18.7454 2
      vertex 18.8 19.166 2
      vertex 18.6827 19.2239 2
    endloop
  endfacet
  facet normal 0 0 1
    outer loop
      vertex 18.3393 18.7454 2
      vertex 18.6827 19.2239 2
      vertex 18.5588 19.2659 2
    endloop
  endfacet
  facet normal 0 0 1
    outer loop
      vertex 19.166 18.8 2
      vertex 18.5556 18.5556 2
      vertex 18.7454 18.3393 2
    endloop
  endfacet
  facet normal 0 0 1
    outer loop
      vertex 18.3393 18.7454 2
      vertex 18.5588 19.2659 2
      vertex 18.4305 19.2914 2
    endloop
  endfacet
  facet normal 0 0 1
    outer loop
      vertex 18.8 19.166 2
      vertex 18.3393 18.7454 2
      vertex 18.5556 18.5556 2
    endloop
  endfacet
  facet normal 0 0 1
    outer loop
      vertex 18.1 18.9053 2
      vertex 18.4305 19.2914 2
      vertex 18.3 19.3 2
    endloop
  endfacet
  facet normal 0 0 1
    outer loop
      vertex 18.4305 19.2914 2
      vertex 18.1 18.9053 2
      vertex 18.3393 18.7454 2
    endloop
  endfacet
  facet normal 0 0 1
    outer loop
      vertex 18.3 19.3 2
      vertex 17.8419 19.0325 2
      vertex 18.1 18.9053 2
    endloop
  endfacet
  facet normal 0 0 1
    outer loop
      vertex 18.3 19.3 2
      vertex 17.5694 19.125 2
      vertex 17.8419 19.0325 2
    endloop
  endfacet
  facet normal 0 0 1
    outer loop
      vertex 18.3 19.3 2
      vertex 17.2872 19.1812 2
      vertex 17.5694 19.125 2
    endloop
  endfacet
  facet normal 0 0 1
    outer loop
      vertex 18.3 19.3 2
      vertex 17 19.2 2
      vertex 17.2872 19.1812 2
    endloop
  endfacet
  facet normal 0 0 1
    outer loop
      vertex 18.3 19.3 2
      vertex 16.7128 19.1812 2
      vertex 17 19.2 2
    endloop
  endfacet
  facet normal 0 0 1
    outer loop
      vertex 19.3 7 2
      vertex 13.2 -8 2
      vertex 19.3 -7 2
    endloop
  endfacet
  facet normal 0 0 1
    outer loop
      vertex 10.8 12 2
      vertex 14.8 17 2
      vertex 14.8188 17.2872 2
    endloop
  endfacet
  facet normal 0 0 1
    outer loop
      vertex 7.2 12 2
      vertex 14.8188 17.2872 2
      vertex 14.875 17.5694 2
    endloop
  endfacet
  facet normal 0 0 1
    outer loop
      vertex 14.9675 16.1581 2
      vertex 10.8 12 2
      vertex 13.2 12 2
    endloop
  endfacet
  facet normal 0 0 1
    outer loop
      vertex 7.2 12 2
      vertex 14.875 17.5694 2
      vertex 14.9675 17.8419 2
    endloop
  endfacet
  facet normal 0 0 1
    outer loop
      vertex 4.8 12 2
      vertex 14.9675 17.8419 2
      vertex 15.0947 18.1 2
    endloop
  endfacet
  facet normal 0 0 1
    outer loop
      vertex 4.8 12 2
      vertex 15.0947 18.1 2
      vertex 15.2546 18.3393 2
    endloop
  endfacet
  facet normal 0 0 1
    outer loop
      vertex 10.8 12 2
      vertex 7.2 12 2
      vertex 10.8 -8 2
    endloop
  endfacet
  facet normal 0 0 1
    outer loop
      vertex 14.8188 17.2872 2
      vertex 7.2 12 2
      vertex 10.8 12 2
    endloop
  endfacet
  facet normal 0 0 1
    outer loop
      vertex 1.2 12 2
      vertex 15.2546 18.3393 2
      vertex 15.4444 18.5556 2
    endloop
  endfacet
  facet normal 0 0 1
    outer loop
      vertex -15.4444 18.5556 2
      vertex 15.4444 18.5556 2
      vertex 15.6607 18.7454 2
    endloop
  endfacet
  facet normal 0 0 1
    outer loop
      vertex 14.9675 17.8419 2
      vertex 4.8 12 2
      vertex 7.2 12 2
    endloop
  endfacet
  facet normal 0 0 1
    outer loop
      vertex -15.6607 18.7454 2
      vertex 15.6607 18.7454 2
      vertex 15.9 18.9053 2
    endloop
  endfacet
  facet normal 0 0 1
    outer loop
      vertex 4.8 12 2
      vertex 1.2 12 2
      vertex 4.8 -8 2
    endloop
  endfacet
  facet normal 0 0 1
    outer loop
      vertex 15.2546 18.3393 2
      vertex 1.2 12 2
      vertex 4.8 12 2
    endloop
  endfacet
  facet normal 0 0 1
    outer loop
      vertex -15.9 18.9053 2
      vertex 15.9 18.9053 2
      vertex 16.1581 19.0325 2
    endloop
  endfacet
  facet normal 0 0 1
    outer loop
      vertex 15.4444 18.5556 2
      vertex -1.2 12 2
      vertex 1.2 12 2
    endloop
  endfacet
  facet normal 0 0 1
    outer loop
      vertex -1.2 12 2
      vertex -4.8 12 2
      vertex -1.2 -8 2
    endloop
  endfacet
  facet normal 0 0 1
    outer loop
      vertex 15.4444 18.5556 2
      vertex -15.4444 18.5556 2
      vertex -1.2 12 2
    endloop
  endfacet
  facet normal 0 0 1
    outer loop
      vertex -16.1581 19.0325 2
      vertex 16.1581 19.0325 2
      vertex 16.4306 19.125 2
    endloop
  endfacet
  facet normal 0 0 1
    outer loop
      vertex -1.2 12 2
      vertex -15.2546 18.3393 2
      vertex -4.8 12 2
    endloop
  endfacet
  facet normal 0 0 1
    outer loop
      vertex -7.2 12 2
      vertex -10.8 12 2
      vertex -7.2 -8 2
    endloop
  endfacet
  facet normal -0 -0 1
    outer loop
      vertex -15.0947 18.1 2
      vertex -4.8 12 2
      vertex -15.2546 18.3393 2
    endloop
  endfacet
  facet normal -0 -0 1
    outer loop
      vertex -14.875 17.5694 2
      vertex -7.2 12 2
      vertex -14.9675 17.8419 2
    endloop
  endfacet
  facet normal -0 0 1
    outer loop
      vertex -14.875 16.4306 2
      vertex -10.8 12 2
      vertex -14.8188 16.7128 2
    endloop
  endfacet
  facet normal -0 -0 1
    outer loop
      vertex -14.8 17 2
      vertex -10.8 12 2
      vertex -14.8188 17.2872 2
    endloop
  endfacet
  facet normal 0 0 1
    outer loop
      vertex -16.4306 19.125 2
      vertex 16.4306 19.125 2
      vertex 16.7128 19.1812 2
    endloop
  endfacet
  facet normal 0 0 1
    outer loop
      vertex -16.7128 19.1812 2
      vertex 16.7128 19.1812 2
      vertex 18.3 19.3 2
    endloop
  endfacet
  facet normal -0 0 1
    outer loop
      vertex -14.8188 16.7128 2
      vertex -10.8 12 2
      vertex -14.8 17 2
    endloop
  endfacet
  facet normal 0 0 1
    outer loop
      vertex -7.2 12 2
      vertex -14.8188 17.2872 2
      vertex -10.8 12 2
    endloop
  endfacet
  facet normal -0 -0 1
    outer loop
      vertex -14.8188 17.2872 2
      vertex -7.2 12 2
      vertex -14.875 17.5694 2
    endloop
  endfacet
  facet normal 0 0 1
    outer loop
      vertex -4.8 12 2
      vertex -14.9675 17.8419 2
      vertex -7.2 12 2
    endloop
  endfacet
  facet normal -0 -0 1
    outer loop
      vertex -14.9675 17.8419 2
      vertex -4.8 12 2
      vertex -15.0947 18.1 2
    endloop
  endfacet
  facet normal 0 0 1
    outer loop
      vertex -1.2 12 2
      vertex -15.4444 18.5556 2
      vertex -15.2546 18.3393 2
    endloop
  endfacet
  facet normal 0 0 1
    outer loop
      vertex 15.6607 18.7454 2
      vertex -15.6607 18.7454 2
      vertex -15.4444 18.5556 2
    endloop
  endfacet
  facet normal 0 0 1
    outer loop
      vertex 15.9 18.9053 2
      vertex -15.9 18.9053 2
      vertex -15.6607 18.7454 2
    endloop
  endfacet
  facet normal 0 0 1
    outer loop
      vertex 16.1581 19.0325 2
      vertex -16.1581 19.0325 2
      vertex -15.9 18.9053 2
    endloop
  endfacet
  facet normal 0 0 1
    outer loop
      vertex 16.4306 19.125 2
      vertex -16.4306 19.125 2
      vertex -16.1581 19.0325 2
    endloop
  endfacet
  facet normal 0 0 1
    outer loop
      vertex 16.7128 19.1812 2
      vertex -16.7128 19.1812 2
      vertex -16.4306 19.125 2
    endloop
  endfacet
  facet normal 0 0 1
    outer loop
      vertex 18.3 19.3 2
      vertex -17 19.2 2
      vertex -16.7128 19.1812 2
    endloop
  endfacet
  facet normal -0 0 1
    outer loop
      vertex -18.3 19.3 2
      vertex -17 19.2 2
      vertex 18.3 19.3 2
    endloop
  endfacet
  facet normal 0 0 1
    outer loop
      vertex -18.3 19.3 2
      vertex -17.2872 19.1812 2
      vertex -17 19.2 2
    endloop
  endfacet
  facet normal 0 0 1
    outer loop
      vertex -18.3 19.3 2
      vertex -17.5694 19.125 2
      vertex -17.2872 19.1812 2
    endloop
  endfacet
  facet normal 0 0 1
    outer loop
      vertex -18.3 19.3 2
      vertex -17.8419 19.0325 2
      vertex -17.5694 19.125 2
    endloop
  endfacet
  facet normal 0 0 1
    outer loop
      vertex -18.3 19.3 2
      vertex -18.1 18.9053 2
      vertex -17.8419 19.0325 2
    endloop
  endfacet
  facet normal -0 0 1
    outer loop
      vertex -18.4305 19.2914 2
      vertex -18.1 18.9053 2
      vertex -18.3 19.3 2
    endloop
  endfacet
  facet normal 0 0 1
    outer loop
      vertex -18.1 18.9053 2
      vertex -18.4305 19.2914 2
      vertex -18.3393 18.7454 2
    endloop
  endfacet
  facet normal -0 0 1
    outer loop
      vertex -18.5588 19.2659 2
      vertex -18.3393 18.7454 2
      vertex -18.4305 19.2914 2
    endloop
  endfacet
  facet normal -0 0 1
    outer loop
      vertex -18.6827 19.2239 2
      vertex -18.3393 18.7454 2
      vertex -18.5588 19.2659 2
    endloop
  endfacet
  facet normal -0 0 1
    outer loop
      vertex -18.8 19.166 2
      vertex -18.3393 18.7454 2
      vertex -18.6827 19.2239 2
    endloop
  endfacet
  facet normal 0 0 1
    outer loop
      vertex -18.3393 18.7454 2
      vertex -18.8 19.166 2
      vertex -18.5556 18.5556 2
    endloop
  endfacet
  facet normal -0 0 1
    outer loop
      vertex -18.9088 19.0934 2
      vertex -18.5556 18.5556 2
      vertex -18.8 19.166 2
    endloop
  endfacet
  facet normal -0 0 1
    outer loop
      vertex -19.0071 19.0071 2
      vertex -18.5556 18.5556 2
      vertex -18.9088 19.0934 2
    endloop
  endfacet
  facet normal -0 0 1
    outer loop
      vertex -19.0934 18.9088 2
      vertex -18.5556 18.5556 2
      vertex -19.0071 19.0071 2
    endloop
  endfacet
  facet normal -0 0 1
    outer loop
      vertex -19.166 18.8 2
      vertex -18.5556 18.5556 2
      vertex -19.0934 18.9088 2
    endloop
  endfacet
  facet normal 0 0 1
    outer loop
      vertex -18.5556 18.5556 2
      vertex -19.166 18.8 2
      vertex -18.7454 18.3393 2
    endloop
  endfacet
  facet normal -0 0 1
    outer loop
      vertex -19.2239 18.6827 2
      vertex -18.7454 18.3393 2
      vertex -19.166 18.8 2
    endloop
  endfacet
  facet normal -0 0 1
    outer loop
      vertex -19.2659 18.5588 2
      vertex -18.7454 18.3393 2
      vertex -19.2239 18.6827 2
    endloop
  endfacet
  facet normal -0 0 1
    outer loop
      vertex -19.2914 18.4305 2
      vertex -18.7454 18.3393 2
      vertex -19.2659 18.5588 2
    endloop
  endfacet
  facet normal 0 0 1
    outer loop
      vertex -19.0325 17.8419 2
      vertex -19.3 18.3 2
      vertex -19.125 17.5694 2
    endloop
  endfacet
  facet normal 0 0 1
    outer loop
      vertex -19.125 17.5694 2
      vertex -19.3 18.3 2
      vertex -19.1812 17.2872 2
    endloop
  endfacet
  facet normal 0 0 1
    outer loop
      vertex -19.1812 17.2872 2
      vertex -19.3 18.3 2
      vertex -19.2 17 2
    endloop
  endfacet
  facet normal 0 0 1
    outer loop
      vertex -18.7454 18.3393 2
      vertex -19.2914 18.4305 2
      vertex -18.9053 18.1 2
    endloop
  endfacet
  facet normal -0 0 1
    outer loop
      vertex 19.3 7 2
      vertex 20.8 2 2
      vertex 20.8 7 2
    endloop
  endfacet
  facet normal 0 0 1
    outer loop
      vertex 20.8 2 2
      vertex 19.3 7 2
      vertex 20.8 -2 2
    endloop
  endfacet
  facet normal 0 0 1
    outer loop
      vertex 19.3 -7 2
      vertex 20.8 -2 2
      vertex 19.3 7 2
    endloop
  endfacet
  facet normal 0 0 1
    outer loop
      vertex 20.8 -2 2
      vertex 19.3 -7 2
      vertex 20.8 -7 2
    endloop
  endfacet
  facet normal -0 0 1
    outer loop
      vertex 20.8 2 2
      vertex 21.3 -2 2
      vertex 21.3 2 2
    endloop
  endfacet
  facet normal 0 0 1
    outer loop
      vertex 21.3 -2 2
      vertex 20.8 2 2
      vertex 20.8 -2 2
    endloop
  endfacet
  facet normal -0 0 1
    outer loop
      vertex 19.0325 -17.8419 2
      vertex 19.3 -18.3 2
      vertex 19.125 -17.5694 2
    endloop
  endfacet
  facet normal -0 0 1
    outer loop
      vertex 18.9053 -18.1 2
      vertex 19.3 -18.3 2
      vertex 19.0325 -17.8419 2
    endloop
  endfacet
  facet normal 0 0 1
    outer loop
      vertex 19.3 -18.3 2
      vertex 18.9053 -18.1 2
      vertex 19.2914 -18.4305 2
    endloop
  endfacet
  facet normal -0 0 1
    outer loop
      vertex 18.7454 -18.3393 2
      vertex 19.2914 -18.4305 2
      vertex 18.9053 -18.1 2
    endloop
  endfacet
  facet normal 0 0 1
    outer loop
      vertex 19.2914 -18.4305 2
      vertex 18.7454 -18.3393 2
      vertex 19.2659 -18.5588 2
    endloop
  endfacet
  facet normal 0 0 1
    outer loop
      vertex 19.2659 -18.5588 2
      vertex 18.7454 -18.3393 2
      vertex 19.2239 -18.6827 2
    endloop
  endfacet
  facet normal 0 0 1
    outer loop
      vertex 19.2239 -18.6827 2
      vertex 18.7454 -18.3393 2
      vertex 19.166 -18.8 2
    endloop
  endfacet
  facet normal -0 0 1
    outer loop
      vertex 18.5556 -18.5556 2
      vertex 19.166 -18.8 2
      vertex 18.7454 -18.3393 2
    endloop
  endfacet
  facet normal 0 0 1
    outer loop
      vertex 19.166 -18.8 2
      vertex 18.5556 -18.5556 2
      vertex 19.0934 -18.9088 2
    endloop
  endfacet
  facet normal 0 0 1
    outer loop
      vertex 19.0934 -18.9088 2
      vertex 18.5556 -18.5556 2
      vertex 19.0071 -19.0071 2
    endloop
  endfacet
  facet normal 0 0 1
    outer loop
      vertex 19.0071 -19.0071 2
      vertex 18.5556 -18.5556 2
      vertex 18.9088 -19.0934 2
    endloop
  endfacet
  facet normal 0 0 1
    outer loop
      vertex 18.9088 -19.0934 2
      vertex 18.5556 -18.5556 2
      vertex 18.8 -19.166 2
    endloop
  endfacet
  facet normal -0 0 1
    outer loop
      vertex 18.3393 -18.7454 2
      vertex 18.8 -19.166 2
      vertex 18.5556 -18.5556 2
    endloop
  endfacet
  facet normal 0 0 1
    outer loop
      vertex 18.8 -19.166 2
      vertex 18.3393 -18.7454 2
      vertex 18.6827 -19.2239 2
    endloop
  endfacet
  facet normal 0 0 1
    outer loop
      vertex 18.6827 -19.2239 2
      vertex 18.3393 -18.7454 2
      vertex 18.5588 -19.2659 2
    endloop
  endfacet
  facet normal 0 0 1
    outer loop
      vertex 18.5588 -19.2659 2
      vertex 18.3393 -18.7454 2
      vertex 18.4305 -19.2914 2
    endloop
  endfacet
  facet normal -0 0 1
    outer loop
      vertex 18.1 -18.9053 2
      vertex 18.4305 -19.2914 2
      vertex 18.3393 -18.7454 2
    endloop
  endfacet
  facet normal 0 0 1
    outer loop
      vertex 18.4305 -19.2914 2
      vertex 18.1 -18.9053 2
      vertex 18.3 -19.3 2
    endloop
  endfacet
  facet normal -0 0 1
    outer loop
      vertex 17.8419 -19.0325 2
      vertex 18.3 -19.3 2
      vertex 18.1 -18.9053 2
    endloop
  endfacet
  facet normal -0 0 1
    outer loop
      vertex 17.5694 -19.125 2
      vertex 18.3 -19.3 2
      vertex 17.8419 -19.0325 2
    endloop
  endfacet
  facet normal -0 0 1
    outer loop
      vertex 17.2872 -19.1812 2
      vertex 18.3 -19.3 2
      vertex 17.5694 -19.125 2
    endloop
  endfacet
  facet normal -0 0 1
    outer loop
      vertex 17 -19.2 2
      vertex 18.3 -19.3 2
      vertex 17.2872 -19.1812 2
    endloop
  endfacet
  facet normal 0 0 1
    outer loop
      vertex 16.7128 -19.1812 2
      vertex 18.3 -19.3 2
      vertex 17 -19.2 2
    endloop
  endfacet
  facet normal 0 0 1
    outer loop
      vertex 14.9675 -16.1581 2
      vertex 7.2 -8 2
      vertex 14.875 -16.4306 2
    endloop
  endfacet
  facet normal 0 0 1
    outer loop
      vertex 14.875 -16.4306 2
      vertex 7.2 -8 2
      vertex 14.8188 -16.7128 2
    endloop
  endfacet
  facet normal 0 0 1
    outer loop
      vertex 14.8188 -16.7128 2
      vertex 7.2 -8 2
      vertex 14.8 -17 2
    endloop
  endfacet
  facet normal -0 0 1
    outer loop
      vertex 4.8 -8 2
      vertex 14.8 -17 2
      vertex 7.2 -8 2
    endloop
  endfacet
  facet normal 0 0 1
    outer loop
      vertex 14.8 -17 2
      vertex 4.8 -8 2
      vertex 14.8188 -17.2872 2
    endloop
  endfacet
  facet normal 0 0 1
    outer loop
      vertex 7.2 -8 2
      vertex 10.8 -8 2
      vertex 7.2 12 2
    endloop
  endfacet
  facet normal 0 0 1
    outer loop
      vertex 14.8188 -17.2872 2
      vertex 4.8 -8 2
      vertex 14.875 -17.5694 2
    endloop
  endfacet
  facet normal -0 0 1
    outer loop
      vertex 1.2 -8 2
      vertex 14.875 -17.5694 2
      vertex 4.8 -8 2
    endloop
  endfacet
  facet normal 0 0 1
    outer loop
      vertex 14.875 -17.5694 2
      vertex 1.2 -8 2
      vertex 14.9675 -17.8419 2
    endloop
  endfacet
  facet normal 0 0 1
    outer loop
      vertex -14.9675 -17.8419 2
      vertex 14.9675 -17.8419 2
      vertex 1.2 -8 2
    endloop
  endfacet
  facet normal 0 0 1
    outer loop
      vertex 14.9675 -17.8419 2
      vertex -14.9675 -17.8419 2
      vertex 15.0947 -18.1 2
    endloop
  endfacet
  facet normal 0 0 1
    outer loop
      vertex 1.2 -8 2
      vertex 4.8 -8 2
      vertex 1.2 12 2
    endloop
  endfacet
  facet normal 0 0 1
    outer loop
      vertex -15.0947 -18.1 2
      vertex 15.0947 -18.1 2
      vertex -14.9675 -17.8419 2
    endloop
  endfacet
  facet normal 0 0 1
    outer loop
      vertex 15.0947 -18.1 2
      vertex -15.0947 -18.1 2
      vertex 15.2546 -18.3393 2
    endloop
  endfacet
  facet normal 0 0 1
    outer loop
      vertex -14.9675 -17.8419 2
      vertex 1.2 -8 2
      vertex -1.2 -8 2
    endloop
  endfacet
  facet normal 0 0 1
    outer loop
      vertex -15.2546 -18.3393 2
      vertex 15.2546 -18.3393 2
      vertex -15.0947 -18.1 2
    endloop
  endfacet
  facet normal 0 0 1
    outer loop
      vertex -4.8 -8 2
      vertex -1.2 -8 2
      vertex -4.8 12 2
    endloop
  endfacet
  facet normal 0 0 1
    outer loop
      vertex -14.875 -17.5694 2
      vertex -1.2 -8 2
      vertex -4.8 -8 2
    endloop
  endfacet
  facet normal 0 0 1
    outer loop
      vertex -14.8 -17 2
      vertex -4.8 -8 2
      vertex -7.2 -8 2
    endloop
  endfacet
  facet normal 0 0 1
    outer loop
      vertex -1.2 -8 2
      vertex -14.875 -17.5694 2
      vertex -14.9675 -17.8419 2
    endloop
  endfacet
  facet normal 0 0 1
    outer loop
      vertex -10.8 -8 2
      vertex -7.2 -8 2
      vertex -10.8 12 2
    endloop
  endfacet
  facet normal 0 0 1
    outer loop
      vertex -14.8 -17 2
      vertex -7.2 -8 2
      vertex -10.8 -8 2
    endloop
  endfacet
  facet normal 0 0 1
    outer loop
      vertex -14.8 -17 2
      vertex -10.8 -8 2
      vertex -13.2 -8 2
    endloop
  endfacet
  facet normal -0 0 1
    outer loop
      vertex -14.9675 16.1581 2
      vertex -10.8 12 2
      vertex -14.875 16.4306 2
    endloop
  endfacet
  facet normal 0 0 1
    outer loop
      vertex -4.8 -8 2
      vertex -14.8 -17 2
      vertex -14.8188 -17.2872 2
    endloop
  endfacet
  facet normal 0 0 1
    outer loop
      vertex -4.8 -8 2
      vertex -14.8188 -17.2872 2
      vertex -14.875 -17.5694 2
    endloop
  endfacet
  facet normal 0 0 1
    outer loop
      vertex 15.2546 -18.3393 2
      vertex -15.2546 -18.3393 2
      vertex 15.4444 -18.5556 2
    endloop
  endfacet
  facet normal 0 0 1
    outer loop
      vertex -15.4444 -18.5556 2
      vertex 15.4444 -18.5556 2
      vertex -15.2546 -18.3393 2
    endloop
  endfacet
  facet normal 0 0 1
    outer loop
      vertex 15.4444 -18.5556 2
      vertex -15.4444 -18.5556 2
      vertex 15.6607 -18.7454 2
    endloop
  endfacet
  facet normal 0 0 1
    outer loop
      vertex -15.6607 -18.7454 2
      vertex 15.6607 -18.7454 2
      vertex -15.4444 -18.5556 2
    endloop
  endfacet
  facet normal 0 0 1
    outer loop
      vertex 15.6607 -18.7454 2
      vertex -15.6607 -18.7454 2
      vertex 15.9 -18.9053 2
    endloop
  endfacet
  facet normal 0 0 1
    outer loop
      vertex -15.9 -18.9053 2
      vertex 15.9 -18.9053 2
      vertex -15.6607 -18.7454 2
    endloop
  endfacet
  facet normal 0 0 1
    outer loop
      vertex 15.9 -18.9053 2
      vertex -15.9 -18.9053 2
      vertex 16.1581 -19.0325 2
    endloop
  endfacet
  facet normal 0 0 1
    outer loop
      vertex -16.1581 -19.0325 2
      vertex 16.1581 -19.0325 2
      vertex -15.9 -18.9053 2
    endloop
  endfacet
  facet normal 0 0 1
    outer loop
      vertex 16.1581 -19.0325 2
      vertex -16.1581 -19.0325 2
      vertex 16.4306 -19.125 2
    endloop
  endfacet
  facet normal 0 0 1
    outer loop
      vertex -16.4306 -19.125 2
      vertex 16.4306 -19.125 2
      vertex -16.1581 -19.0325 2
    endloop
  endfacet
  facet normal 0 0 1
    outer loop
      vertex 16.4306 -19.125 2
      vertex -16.4306 -19.125 2
      vertex 16.7128 -19.1812 2
    endloop
  endfacet
  facet normal 0 0 1
    outer loop
      vertex -16.7128 -19.1812 2
      vertex 16.7128 -19.1812 2
      vertex -16.4306 -19.125 2
    endloop
  endfacet
  facet normal 0 0 1
    outer loop
      vertex 16.7128 -19.1812 2
      vertex -16.7128 -19.1812 2
      vertex 18.3 -19.3 2
    endloop
  endfacet
  facet normal -0 0 1
    outer loop
      vertex -17 -19.2 2
      vertex 18.3 -19.3 2
      vertex -16.7128 -19.1812 2
    endloop
  endfacet
  facet normal 0 0 1
    outer loop
      vertex -17 -19.2 2
      vertex -18.3 -19.3 2
      vertex 18.3 -19.3 2
    endloop
  endfacet
  facet normal 0 0 1
    outer loop
      vertex -17.2872 -19.1812 2
      vertex -18.3 -19.3 2
      vertex -17 -19.2 2
    endloop
  endfacet
  facet normal 0 0 1
    outer loop
      vertex -17.5694 -19.125 2
      vertex -18.3 -19.3 2
      vertex -17.2872 -19.1812 2
    endloop
  endfacet
  facet normal 0 0 1
    outer loop
      vertex -17.8419 -19.0325 2
      vertex -18.3 -19.3 2
      vertex -17.5694 -19.125 2
    endloop
  endfacet
  facet normal 0 0 1
    outer loop
      vertex -18.1 -18.9053 2
      vertex -18.3 -19.3 2
      vertex -17.8419 -19.0325 2
    endloop
  endfacet
  facet normal 0 0 1
    outer loop
      vertex -18.4305 -19.2914 2
      vertex -18.1 -18.9053 2
      vertex -18.3393 -18.7454 2
    endloop
  endfacet
  facet normal 0 0 1
    outer loop
      vertex -18.1 -18.9053 2
      vertex -18.4305 -19.2914 2
      vertex -18.3 -19.3 2
    endloop
  endfacet
  facet normal 0 0 1
    outer loop
      vertex -18.8 -19.166 2
      vertex -18.3393 -18.7454 2
      vertex -18.5556 -18.5556 2
    endloop
  endfacet
  facet normal 0 0 1
    outer loop
      vertex -18.3393 -18.7454 2
      vertex -18.5588 -19.2659 2
      vertex -18.4305 -19.2914 2
    endloop
  endfacet
  facet normal 0 0 1
    outer loop
      vertex -18.3393 -18.7454 2
      vertex -18.6827 -19.2239 2
      vertex -18.5588 -19.2659 2
    endloop
  endfacet
  facet normal 0 0 1
    outer loop
      vertex -19.166 -18.8 2
      vertex -18.5556 -18.5556 2
      vertex -18.7454 -18.3393 2
    endloop
  endfacet
  facet normal 0 0 1
    outer loop
      vertex -18.3393 -18.7454 2
      vertex -18.8 -19.166 2
      vertex -18.6827 -19.2239 2
    endloop
  endfacet
  facet normal 0 0 1
    outer loop
      vertex -19.2914 -18.4305 2
      vertex -18.7454 -18.3393 2
      vertex -18.9053 -18.1 2
    endloop
  endfacet
  facet normal 0 0 1
    outer loop
      vertex -18.5556 -18.5556 2
      vertex -18.9088 -19.0934 2
      vertex -18.8 -19.166 2
    endloop
  endfacet
  facet normal 0 0 1
    outer loop
      vertex -18.5556 -18.5556 2
      vertex -19.0071 -19.0071 2
      vertex -18.9088 -19.0934 2
    endloop
  endfacet
  facet normal 0 0 1
    outer loop
      vertex -19.3 -18.3 2
      vertex -18.9053 -18.1 2
      vertex -19.0325 -17.8419 2
    endloop
  endfacet
  facet normal 0 0 1
    outer loop
      vertex -18.5556 -18.5556 2
      vertex -19.0934 -18.9088 2
      vertex -19.0071 -19.0071 2
    endloop
  endfacet
  facet normal 0 0 1
    outer loop
      vertex -19.3 -18.3 2
      vertex -19.0325 -17.8419 2
      vertex -19.125 -17.5694 2
    endloop
  endfacet
  facet normal 0 0 1
    outer loop
      vertex -18.9053 -18.1 2
      vertex -19.3 -18.3 2
      vertex -19.2914 -18.4305 2
    endloop
  endfacet
  facet normal 0 0 1
    outer loop
      vertex -19.3 -18.3 2
      vertex -19.125 -17.5694 2
      vertex -19.1812 -17.2872 2
    endloop
  endfacet
  facet normal 0 0 1
    outer loop
      vertex -19.3 -18.3 2
      vertex -19.1812 -17.2872 2
      vertex -19.2 -17 2
    endloop
  endfacet
  facet normal 0 0 1
    outer loop
      vertex -18.5556 -18.5556 2
      vertex -19.166 -18.8 2
      vertex -19.0934 -18.9088 2
    endloop
  endfacet
  facet normal 0 0 1
    outer loop
      vertex -19.2 17 2
      vertex -19.3 18.3 2
      vertex -19.2 -17 2
    endloop
  endfacet
  facet normal -0 0 1
    outer loop
      vertex -19.3 18.3 2
      vertex -18.9053 18.1 2
      vertex -19.2914 18.4305 2
    endloop
  endfacet
  facet normal 0 0 1
    outer loop
      vertex -19.3 -18.3 2
      vertex -19.2 -17 2
      vertex -19.3 18.3 2
    endloop
  endfacet
  facet normal 0 0 1
    outer loop
      vertex -18.9053 18.1 2
      vertex -19.3 18.3 2
      vertex -19.0325 17.8419 2
    endloop
  endfacet
  facet normal 0 0 1
    outer loop
      vertex -18.7454 -18.3393 2
      vertex -19.2239 -18.6827 2
      vertex -19.166 -18.8 2
    endloop
  endfacet
  facet normal 0 0 1
    outer loop
      vertex -18.7454 -18.3393 2
      vertex -19.2659 -18.5588 2
      vertex -19.2239 -18.6827 2
    endloop
  endfacet
  facet normal 0 0 1
    outer loop
      vertex -18.7454 -18.3393 2
      vertex -19.2914 -18.4305 2
      vertex -19.2659 -18.5588 2
    endloop
  endfacet
  facet normal 0 0 1
    outer loop
      vertex -16.2068 -16.8956 2
      vertex -16.2068 -17.1044 2
      vertex -16.2 -17 2
    endloop
  endfacet
  facet normal 0 0 1
    outer loop
      vertex -16.2273 -16.7929 2
      vertex -16.2068 -17.1044 2
      vertex -16.2068 -16.8956 2
    endloop
  endfacet
  facet normal 0 0 1
    outer loop
      vertex -16.2273 -16.7929 2
      vertex -16.2273 -17.2071 2
      vertex -16.2068 -17.1044 2
    endloop
  endfacet
  facet normal 0 0 1
    outer loop
      vertex -16.2609 -16.6939 2
      vertex -16.2273 -17.2071 2
      vertex -16.2273 -16.7929 2
    endloop
  endfacet
  facet normal 0 0 1
    outer loop
      vertex -16.2609 -16.6939 2
      vertex -16.2609 -17.3061 2
      vertex -16.2273 -17.2071 2
    endloop
  endfacet
  facet normal 0 0 1
    outer loop
      vertex -16.3072 -16.6 2
      vertex -16.2609 -17.3061 2
      vertex -16.2609 -16.6939 2
    endloop
  endfacet
  facet normal 0 0 1
    outer loop
      vertex -16.3072 -16.6 2
      vertex -16.3072 -17.4 2
      vertex -16.2609 -17.3061 2
    endloop
  endfacet
  facet normal 0 0 1
    outer loop
      vertex -16.3653 -16.513 2
      vertex -16.3072 -17.4 2
      vertex -16.3072 -16.6 2
    endloop
  endfacet
  facet normal 0 0 1
    outer loop
      vertex -16.3653 -16.513 2
      vertex -16.3653 -17.487 2
      vertex -16.3072 -17.4 2
    endloop
  endfacet
  facet normal 0 0 1
    outer loop
      vertex -16.4343 -16.4343 2
      vertex -16.3653 -17.487 2
      vertex -16.3653 -16.513 2
    endloop
  endfacet
  facet normal 0 0 1
    outer loop
      vertex -16.4343 -16.4343 2
      vertex -16.4343 -17.5657 2
      vertex -16.3653 -17.487 2
    endloop
  endfacet
  facet normal 0 0 1
    outer loop
      vertex -16.513 -16.3653 2
      vertex -16.4343 -17.5657 2
      vertex -16.4343 -16.4343 2
    endloop
  endfacet
  facet normal 0 0 1
    outer loop
      vertex -16.513 -16.3653 2
      vertex -16.513 -17.6347 2
      vertex -16.4343 -17.5657 2
    endloop
  endfacet
  facet normal 0 0 1
    outer loop
      vertex -16.6 -16.3072 2
      vertex -16.513 -17.6347 2
      vertex -16.513 -16.3653 2
    endloop
  endfacet
  facet normal 0 0 1
    outer loop
      vertex -16.6 -16.3072 2
      vertex -16.6 -17.6928 2
      vertex -16.513 -17.6347 2
    endloop
  endfacet
  facet normal 0 0 1
    outer loop
      vertex -16.6939 -16.2609 2
      vertex -16.6 -17.6928 2
      vertex -16.6 -16.3072 2
    endloop
  endfacet
  facet normal 0 0 1
    outer loop
      vertex -16.6939 -16.2609 2
      vertex -16.6939 -17.7391 2
      vertex -16.6 -17.6928 2
    endloop
  endfacet
  facet normal 0 0 1
    outer loop
      vertex -16.7929 -16.2273 2
      vertex -16.6939 -17.7391 2
      vertex -16.6939 -16.2609 2
    endloop
  endfacet
  facet normal 0 0 1
    outer loop
      vertex -16.7929 -16.2273 2
      vertex -16.7929 -17.7727 2
      vertex -16.6939 -17.7391 2
    endloop
  endfacet
  facet normal 0 0 1
    outer loop
      vertex -16.8956 -16.2068 2
      vertex -16.7929 -17.7727 2
      vertex -16.7929 -16.2273 2
    endloop
  endfacet
  facet normal 0 0 1
    outer loop
      vertex -16.8956 -16.2068 2
      vertex -16.8956 -17.7932 2
      vertex -16.7929 -17.7727 2
    endloop
  endfacet
  facet normal 0 0 1
    outer loop
      vertex -17 -16.2 2
      vertex -16.8956 -17.7932 2
      vertex -16.8956 -16.2068 2
    endloop
  endfacet
  facet normal 0 0 1
    outer loop
      vertex -17 -16.2 2
      vertex -17 -17.8 2
      vertex -16.8956 -17.7932 2
    endloop
  endfacet
  facet normal -0 0 1
    outer loop
      vertex -17.1044 -16.2068 2
      vertex -17 -17.8 2
      vertex -17 -16.2 2
    endloop
  endfacet
  facet normal 0 0 1
    outer loop
      vertex -17.1044 -16.2068 2
      vertex -17.1044 -17.7932 2
      vertex -17 -17.8 2
    endloop
  endfacet
  facet normal -0 0 1
    outer loop
      vertex -17.2071 -16.2273 2
      vertex -17.1044 -17.7932 2
      vertex -17.1044 -16.2068 2
    endloop
  endfacet
  facet normal 0 0 1
    outer loop
      vertex -17.2071 -16.2273 2
      vertex -17.2071 -17.7727 2
      vertex -17.1044 -17.7932 2
    endloop
  endfacet
  facet normal -0 0 1
    outer loop
      vertex -17.3061 -16.2609 2
      vertex -17.2071 -17.7727 2
      vertex -17.2071 -16.2273 2
    endloop
  endfacet
  facet normal 0 0 1
    outer loop
      vertex -17.3061 -16.2609 2
      vertex -17.3061 -17.7391 2
      vertex -17.2071 -17.7727 2
    endloop
  endfacet
  facet normal -0 0 1
    outer loop
      vertex -17.4 -16.3072 2
      vertex -17.3061 -17.7391 2
      vertex -17.3061 -16.2609 2
    endloop
  endfacet
  facet normal 0 0 1
    outer loop
      vertex -17.4 -16.3072 2
      vertex -17.4 -17.6928 2
      vertex -17.3061 -17.7391 2
    endloop
  endfacet
  facet normal -0 0 1
    outer loop
      vertex -17.487 -16.3653 2
      vertex -17.4 -17.6928 2
      vertex -17.4 -16.3072 2
    endloop
  endfacet
  facet normal 0 0 1
    outer loop
      vertex -17.487 -16.3653 2
      vertex -17.487 -17.6347 2
      vertex -17.4 -17.6928 2
    endloop
  endfacet
  facet normal -0 0 1
    outer loop
      vertex -17.5657 -16.4343 2
      vertex -17.487 -17.6347 2
      vertex -17.487 -16.3653 2
    endloop
  endfacet
  facet normal 0 0 1
    outer loop
      vertex -17.5657 -16.4343 2
      vertex -17.5657 -17.5657 2
      vertex -17.487 -17.6347 2
    endloop
  endfacet
  facet normal -0 0 1
    outer loop
      vertex -17.6347 -16.513 2
      vertex -17.5657 -17.5657 2
      vertex -17.5657 -16.4343 2
    endloop
  endfacet
  facet normal 0 0 1
    outer loop
      vertex -17.6347 -16.513 2
      vertex -17.6347 -17.487 2
      vertex -17.5657 -17.5657 2
    endloop
  endfacet
  facet normal -0 0 1
    outer loop
      vertex -17.6928 -16.6 2
      vertex -17.6347 -17.487 2
      vertex -17.6347 -16.513 2
    endloop
  endfacet
  facet normal 0 0 1
    outer loop
      vertex -17.6928 -16.6 2
      vertex -17.6928 -17.4 2
      vertex -17.6347 -17.487 2
    endloop
  endfacet
  facet normal -0 0 1
    outer loop
      vertex -17.7391 -16.6939 2
      vertex -17.6928 -17.4 2
      vertex -17.6928 -16.6 2
    endloop
  endfacet
  facet normal 0 0 1
    outer loop
      vertex -17.7391 -16.6939 2
      vertex -17.7391 -17.3061 2
      vertex -17.6928 -17.4 2
    endloop
  endfacet
  facet normal -0 0 1
    outer loop
      vertex -17.7727 -16.7929 2
      vertex -17.7391 -17.3061 2
      vertex -17.7391 -16.6939 2
    endloop
  endfacet
  facet normal 0 0 1
    outer loop
      vertex -17.7727 -16.7929 2
      vertex -17.7727 -17.2071 2
      vertex -17.7391 -17.3061 2
    endloop
  endfacet
  facet normal -0 0 1
    outer loop
      vertex -17.7932 -16.8956 2
      vertex -17.7727 -17.2071 2
      vertex -17.7727 -16.7929 2
    endloop
  endfacet
  facet normal 0 0 1
    outer loop
      vertex -17.7932 -16.8956 2
      vertex -17.7932 -17.1044 2
      vertex -17.7727 -17.2071 2
    endloop
  endfacet
  facet normal 0 -0 1
    outer loop
      vertex -17.7932 -17.1044 2
      vertex -17.7932 -16.8956 2
      vertex -17.8 -17 2
    endloop
  endfacet
  facet normal 0 0 1
    outer loop
      vertex 17.7932 -16.8956 2
      vertex 17.7932 -17.1044 2
      vertex 17.8 -17 2
    endloop
  endfacet
  facet normal 0 0 1
    outer loop
      vertex 17.7727 -16.7929 2
      vertex 17.7932 -17.1044 2
      vertex 17.7932 -16.8956 2
    endloop
  endfacet
  facet normal 0 0 1
    outer loop
      vertex 17.7727 -16.7929 2
      vertex 17.7727 -17.2071 2
      vertex 17.7932 -17.1044 2
    endloop
  endfacet
  facet normal 0 0 1
    outer loop
      vertex 17.7391 -16.6939 2
      vertex 17.7727 -17.2071 2
      vertex 17.7727 -16.7929 2
    endloop
  endfacet
  facet normal 0 0 1
    outer loop
      vertex 17.7391 -16.6939 2
      vertex 17.7391 -17.3061 2
      vertex 17.7727 -17.2071 2
    endloop
  endfacet
  facet normal 0 0 1
    outer loop
      vertex 17.6928 -16.6 2
      vertex 17.7391 -17.3061 2
      vertex 17.7391 -16.6939 2
    endloop
  endfacet
  facet normal 0 0 1
    outer loop
      vertex 17.6928 -16.6 2
      vertex 17.6928 -17.4 2
      vertex 17.7391 -17.3061 2
    endloop
  endfacet
  facet normal 0 0 1
    outer loop
      vertex 17.6347 -16.513 2
      vertex 17.6928 -17.4 2
      vertex 17.6928 -16.6 2
    endloop
  endfacet
  facet normal 0 0 1
    outer loop
      vertex 17.6347 -16.513 2
      vertex 17.6347 -17.487 2
      vertex 17.6928 -17.4 2
    endloop
  endfacet
  facet normal 0 0 1
    outer loop
      vertex 17.5657 -16.4343 2
      vertex 17.6347 -17.487 2
      vertex 17.6347 -16.513 2
    endloop
  endfacet
  facet normal 0 0 1
    outer loop
      vertex 17.5657 -16.4343 2
      vertex 17.5657 -17.5657 2
      vertex 17.6347 -17.487 2
    endloop
  endfacet
  facet normal 0 0 1
    outer loop
      vertex 17.487 -16.3653 2
      vertex 17.5657 -17.5657 2
      vertex 17.5657 -16.4343 2
    endloop
  endfacet
  facet normal 0 0 1
    outer loop
      vertex 17.487 -16.3653 2
      vertex 17.487 -17.6347 2
      vertex 17.5657 -17.5657 2
    endloop
  endfacet
  facet normal 0 0 1
    outer loop
      vertex 17.4 -16.3072 2
      vertex 17.487 -17.6347 2
      vertex 17.487 -16.3653 2
    endloop
  endfacet
  facet normal 0 0 1
    outer loop
      vertex 17.4 -16.3072 2
      vertex 17.4 -17.6928 2
      vertex 17.487 -17.6347 2
    endloop
  endfacet
  facet normal 0 0 1
    outer loop
      vertex 17.3061 -16.2609 2
      vertex 17.4 -17.6928 2
      vertex 17.4 -16.3072 2
    endloop
  endfacet
  facet normal 0 0 1
    outer loop
      vertex 17.3061 -16.2609 2
      vertex 17.3061 -17.7391 2
      vertex 17.4 -17.6928 2
    endloop
  endfacet
  facet normal 0 0 1
    outer loop
      vertex 17.2071 -16.2273 2
      vertex 17.3061 -17.7391 2
      vertex 17.3061 -16.2609 2
    endloop
  endfacet
  facet normal 0 0 1
    outer loop
      vertex 17.2071 -16.2273 2
      vertex 17.2071 -17.7727 2
      vertex 17.3061 -17.7391 2
    endloop
  endfacet
  facet normal 0 0 1
    outer loop
      vertex 17.1044 -16.2068 2
      vertex 17.2071 -17.7727 2
      vertex 17.2071 -16.2273 2
    endloop
  endfacet
  facet normal 0 0 1
    outer loop
      vertex 17.1044 -16.2068 2
      vertex 17.1044 -17.7932 2
      vertex 17.2071 -17.7727 2
    endloop
  endfacet
  facet normal 0 0 1
    outer loop
      vertex 17 -16.2 2
      vertex 17.1044 -17.7932 2
      vertex 17.1044 -16.2068 2
    endloop
  endfacet
  facet normal 0 0 1
    outer loop
      vertex 17 -16.2 2
      vertex 17 -17.8 2
      vertex 17.1044 -17.7932 2
    endloop
  endfacet
  facet normal -0 0 1
    outer loop
      vertex 16.8956 -16.2068 2
      vertex 17 -17.8 2
      vertex 17 -16.2 2
    endloop
  endfacet
  facet normal 0 0 1
    outer loop
      vertex 16.8956 -16.2068 2
      vertex 16.8956 -17.7932 2
      vertex 17 -17.8 2
    endloop
  endfacet
  facet normal -0 0 1
    outer loop
      vertex 16.7929 -16.2273 2
      vertex 16.8956 -17.7932 2
      vertex 16.8956 -16.2068 2
    endloop
  endfacet
  facet normal 0 0 1
    outer loop
      vertex 16.7929 -16.2273 2
      vertex 16.7929 -17.7727 2
      vertex 16.8956 -17.7932 2
    endloop
  endfacet
  facet normal -0 0 1
    outer loop
      vertex 16.6939 -16.2609 2
      vertex 16.7929 -17.7727 2
      vertex 16.7929 -16.2273 2
    endloop
  endfacet
  facet normal 0 0 1
    outer loop
      vertex 16.6939 -16.2609 2
      vertex 16.6939 -17.7391 2
      vertex 16.7929 -17.7727 2
    endloop
  endfacet
  facet normal -0 0 1
    outer loop
      vertex 16.6 -16.3072 2
      vertex 16.6939 -17.7391 2
      vertex 16.6939 -16.2609 2
    endloop
  endfacet
  facet normal 0 0 1
    outer loop
      vertex 16.6 -16.3072 2
      vertex 16.6 -17.6928 2
      vertex 16.6939 -17.7391 2
    endloop
  endfacet
  facet normal -0 0 1
    outer loop
      vertex 16.513 -16.3653 2
      vertex 16.6 -17.6928 2
      vertex 16.6 -16.3072 2
    endloop
  endfacet
  facet normal 0 0 1
    outer loop
      vertex 16.513 -16.3653 2
      vertex 16.513 -17.6347 2
      vertex 16.6 -17.6928 2
    endloop
  endfacet
  facet normal -0 0 1
    outer loop
      vertex 16.4343 -16.4343 2
      vertex 16.513 -17.6347 2
      vertex 16.513 -16.3653 2
    endloop
  endfacet
  facet normal 0 0 1
    outer loop
      vertex 16.4343 -16.4343 2
      vertex 16.4343 -17.5657 2
      vertex 16.513 -17.6347 2
    endloop
  endfacet
  facet normal -0 0 1
    outer loop
      vertex 16.3653 -16.513 2
      vertex 16.4343 -17.5657 2
      vertex 16.4343 -16.4343 2
    endloop
  endfacet
  facet normal 0 0 1
    outer loop
      vertex 16.3653 -16.513 2
      vertex 16.3653 -17.487 2
      vertex 16.4343 -17.5657 2
    endloop
  endfacet
  facet normal -0 0 1
    outer loop
      vertex 16.3072 -16.6 2
      vertex 16.3653 -17.487 2
      vertex 16.3653 -16.513 2
    endloop
  endfacet
  facet normal 0 0 1
    outer loop
      vertex 16.3072 -16.6 2
      vertex 16.3072 -17.4 2
      vertex 16.3653 -17.487 2
    endloop
  endfacet
  facet normal -0 0 1
    outer loop
      vertex 16.2609 -16.6939 2
      vertex 16.3072 -17.4 2
      vertex 16.3072 -16.6 2
    endloop
  endfacet
  facet normal 0 0 1
    outer loop
      vertex 16.2609 -16.6939 2
      vertex 16.2609 -17.3061 2
      vertex 16.3072 -17.4 2
    endloop
  endfacet
  facet normal -0 0 1
    outer loop
      vertex 16.2273 -16.7929 2
      vertex 16.2609 -17.3061 2
      vertex 16.2609 -16.6939 2
    endloop
  endfacet
  facet normal 0 0 1
    outer loop
      vertex 16.2273 -16.7929 2
      vertex 16.2273 -17.2071 2
      vertex 16.2609 -17.3061 2
    endloop
  endfacet
  facet normal -0 0 1
    outer loop
      vertex 16.2068 -16.8956 2
      vertex 16.2273 -17.2071 2
      vertex 16.2273 -16.7929 2
    endloop
  endfacet
  facet normal 0 0 1
    outer loop
      vertex 16.2068 -16.8956 2
      vertex 16.2068 -17.1044 2
      vertex 16.2273 -17.2071 2
    endloop
  endfacet
  facet normal 0 -0 1
    outer loop
      vertex 16.2068 -17.1044 2
      vertex 16.2068 -16.8956 2
      vertex 16.2 -17 2
    endloop
  endfacet
  facet normal 0 0 1
    outer loop
      vertex -16.2068 17.1044 2
      vertex -16.2068 16.8956 2
      vertex -16.2 17 2
    endloop
  endfacet
  facet normal 0 0 1
    outer loop
      vertex -16.2273 17.2071 2
      vertex -16.2068 16.8956 2
      vertex -16.2068 17.1044 2
    endloop
  endfacet
  facet normal 0 0 1
    outer loop
      vertex -16.2273 17.2071 2
      vertex -16.2273 16.7929 2
      vertex -16.2068 16.8956 2
    endloop
  endfacet
  facet normal 0 0 1
    outer loop
      vertex -16.2609 17.3061 2
      vertex -16.2273 16.7929 2
      vertex -16.2273 17.2071 2
    endloop
  endfacet
  facet normal 0 0 1
    outer loop
      vertex -16.2609 17.3061 2
      vertex -16.2609 16.6939 2
      vertex -16.2273 16.7929 2
    endloop
  endfacet
  facet normal 0 0 1
    outer loop
      vertex -16.3072 17.4 2
      vertex -16.2609 16.6939 2
      vertex -16.2609 17.3061 2
    endloop
  endfacet
  facet normal 0 0 1
    outer loop
      vertex -16.3072 17.4 2
      vertex -16.3072 16.6 2
      vertex -16.2609 16.6939 2
    endloop
  endfacet
  facet normal 0 0 1
    outer loop
      vertex -16.3653 17.487 2
      vertex -16.3072 16.6 2
      vertex -16.3072 17.4 2
    endloop
  endfacet
  facet normal 0 0 1
    outer loop
      vertex -16.3653 17.487 2
      vertex -16.3653 16.513 2
      vertex -16.3072 16.6 2
    endloop
  endfacet
  facet normal 0 0 1
    outer loop
      vertex -16.4343 17.5657 2
      vertex -16.3653 16.513 2
      vertex -16.3653 17.487 2
    endloop
  endfacet
  facet normal 0 0 1
    outer loop
      vertex -16.4343 17.5657 2
      vertex -16.4343 16.4343 2
      vertex -16.3653 16.513 2
    endloop
  endfacet
  facet normal 0 0 1
    outer loop
      vertex -16.513 17.6347 2
      vertex -16.4343 16.4343 2
      vertex -16.4343 17.5657 2
    endloop
  endfacet
  facet normal 0 0 1
    outer loop
      vertex -16.513 17.6347 2
      vertex -16.513 16.3653 2
      vertex -16.4343 16.4343 2
    endloop
  endfacet
  facet normal 0 0 1
    outer loop
      vertex -16.6 17.6928 2
      vertex -16.513 16.3653 2
      vertex -16.513 17.6347 2
    endloop
  endfacet
  facet normal 0 0 1
    outer loop
      vertex -16.6 17.6928 2
      vertex -16.6 16.3072 2
      vertex -16.513 16.3653 2
    endloop
  endfacet
  facet normal 0 0 1
    outer loop
      vertex -16.6939 17.7391 2
      vertex -16.6 16.3072 2
      vertex -16.6 17.6928 2
    endloop
  endfacet
  facet normal 0 0 1
    outer loop
      vertex -16.6939 17.7391 2
      vertex -16.6939 16.2609 2
      vertex -16.6 16.3072 2
    endloop
  endfacet
  facet normal 0 0 1
    outer loop
      vertex -16.7929 17.7727 2
      vertex -16.6939 16.2609 2
      vertex -16.6939 17.7391 2
    endloop
  endfacet
  facet normal 0 0 1
    outer loop
      vertex -16.7929 17.7727 2
      vertex -16.7929 16.2273 2
      vertex -16.6939 16.2609 2
    endloop
  endfacet
  facet normal 0 0 1
    outer loop
      vertex -16.8956 17.7932 2
      vertex -16.7929 16.2273 2
      vertex -16.7929 17.7727 2
    endloop
  endfacet
  facet normal 0 0 1
    outer loop
      vertex -16.8956 17.7932 2
      vertex -16.8956 16.2068 2
      vertex -16.7929 16.2273 2
    endloop
  endfacet
  facet normal 0 0 1
    outer loop
      vertex -17 17.8 2
      vertex -16.8956 16.2068 2
      vertex -16.8956 17.7932 2
    endloop
  endfacet
  facet normal 0 0 1
    outer loop
      vertex -17 17.8 2
      vertex -17 16.2 2
      vertex -16.8956 16.2068 2
    endloop
  endfacet
  facet normal -0 0 1
    outer loop
      vertex -17.1044 17.7932 2
      vertex -17 16.2 2
      vertex -17 17.8 2
    endloop
  endfacet
  facet normal 0 0 1
    outer loop
      vertex -17.1044 17.7932 2
      vertex -17.1044 16.2068 2
      vertex -17 16.2 2
    endloop
  endfacet
  facet normal -0 0 1
    outer loop
      vertex -17.2071 17.7727 2
      vertex -17.1044 16.2068 2
      vertex -17.1044 17.7932 2
    endloop
  endfacet
  facet normal 0 0 1
    outer loop
      vertex -17.2071 17.7727 2
      vertex -17.2071 16.2273 2
      vertex -17.1044 16.2068 2
    endloop
  endfacet
  facet normal -0 0 1
    outer loop
      vertex -17.3061 17.7391 2
      vertex -17.2071 16.2273 2
      vertex -17.2071 17.7727 2
    endloop
  endfacet
  facet normal 0 0 1
    outer loop
      vertex -17.3061 17.7391 2
      vertex -17.3061 16.2609 2
      vertex -17.2071 16.2273 2
    endloop
  endfacet
  facet normal -0 0 1
    outer loop
      vertex -17.4 17.6928 2
      vertex -17.3061 16.2609 2
      vertex -17.3061 17.7391 2
    endloop
  endfacet
  facet normal 0 0 1
    outer loop
      vertex -17.4 17.6928 2
      vertex -17.4 16.3072 2
      vertex -17.3061 16.2609 2
    endloop
  endfacet
  facet normal -0 0 1
    outer loop
      vertex -17.487 17.6347 2
      vertex -17.4 16.3072 2
      vertex -17.4 17.6928 2
    endloop
  endfacet
  facet normal 0 0 1
    outer loop
      vertex -17.487 17.6347 2
      vertex -17.487 16.3653 2
      vertex -17.4 16.3072 2
    endloop
  endfacet
  facet normal -0 0 1
    outer loop
      vertex -17.5657 17.5657 2
      vertex -17.487 16.3653 2
      vertex -17.487 17.6347 2
    endloop
  endfacet
  facet normal 0 0 1
    outer loop
      vertex -17.5657 17.5657 2
      vertex -17.5657 16.4343 2
      vertex -17.487 16.3653 2
    endloop
  endfacet
  facet normal -0 0 1
    outer loop
      vertex -17.6347 17.487 2
      vertex -17.5657 16.4343 2
      vertex -17.5657 17.5657 2
    endloop
  endfacet
  facet normal 0 0 1
    outer loop
      vertex -17.6347 17.487 2
      vertex -17.6347 16.513 2
      vertex -17.5657 16.4343 2
    endloop
  endfacet
  facet normal -0 0 1
    outer loop
      vertex -17.6928 17.4 2
      vertex -17.6347 16.513 2
      vertex -17.6347 17.487 2
    endloop
  endfacet
  facet normal 0 0 1
    outer loop
      vertex -17.6928 17.4 2
      vertex -17.6928 16.6 2
      vertex -17.6347 16.513 2
    endloop
  endfacet
  facet normal -0 0 1
    outer loop
      vertex -17.7391 17.3061 2
      vertex -17.6928 16.6 2
      vertex -17.6928 17.4 2
    endloop
  endfacet
  facet normal 0 0 1
    outer loop
      vertex -17.7391 17.3061 2
      vertex -17.7391 16.6939 2
      vertex -17.6928 16.6 2
    endloop
  endfacet
  facet normal -0 0 1
    outer loop
      vertex -17.7727 17.2071 2
      vertex -17.7391 16.6939 2
      vertex -17.7391 17.3061 2
    endloop
  endfacet
  facet normal 0 0 1
    outer loop
      vertex -17.7727 17.2071 2
      vertex -17.7727 16.7929 2
      vertex -17.7391 16.6939 2
    endloop
  endfacet
  facet normal -0 0 1
    outer loop
      vertex -17.7932 17.1044 2
      vertex -17.7727 16.7929 2
      vertex -17.7727 17.2071 2
    endloop
  endfacet
  facet normal 0 0 1
    outer loop
      vertex -17.7932 17.1044 2
      vertex -17.7932 16.8956 2
      vertex -17.7727 16.7929 2
    endloop
  endfacet
  facet normal 0 -0 1
    outer loop
      vertex -17.7932 16.8956 2
      vertex -17.7932 17.1044 2
      vertex -17.8 17 2
    endloop
  endfacet
  facet normal 0 0 1
    outer loop
      vertex 17.7932 17.1044 2
      vertex 17.7932 16.8956 2
      vertex 17.8 17 2
    endloop
  endfacet
  facet normal 0 0 1
    outer loop
      vertex 17.7727 17.2071 2
      vertex 17.7932 16.8956 2
      vertex 17.7932 17.1044 2
    endloop
  endfacet
  facet normal 0 0 1
    outer loop
      vertex 17.7727 17.2071 2
      vertex 17.7727 16.7929 2
      vertex 17.7932 16.8956 2
    endloop
  endfacet
  facet normal 0 0 1
    outer loop
      vertex 17.7391 17.3061 2
      vertex 17.7727 16.7929 2
      vertex 17.7727 17.2071 2
    endloop
  endfacet
  facet normal 0 0 1
    outer loop
      vertex 17.7391 17.3061 2
      vertex 17.7391 16.6939 2
      vertex 17.7727 16.7929 2
    endloop
  endfacet
  facet normal 0 0 1
    outer loop
      vertex 17.6928 17.4 2
      vertex 17.7391 16.6939 2
      vertex 17.7391 17.3061 2
    endloop
  endfacet
  facet normal 0 0 1
    outer loop
      vertex 17.6928 17.4 2
      vertex 17.6928 16.6 2
      vertex 17.7391 16.6939 2
    endloop
  endfacet
  facet normal 0 0 1
    outer loop
      vertex 17.6347 17.487 2
      vertex 17.6928 16.6 2
      vertex 17.6928 17.4 2
    endloop
  endfacet
  facet normal 0 0 1
    outer loop
      vertex 17.6347 17.487 2
      vertex 17.6347 16.513 2
      vertex 17.6928 16.6 2
    endloop
  endfacet
  facet normal 0 0 1
    outer loop
      vertex 17.5657 17.5657 2
      vertex 17.6347 16.513 2
      vertex 17.6347 17.487 2
    endloop
  endfacet
  facet normal 0 0 1
    outer loop
      vertex 17.5657 17.5657 2
      vertex 17.5657 16.4343 2
      vertex 17.6347 16.513 2
    endloop
  endfacet
  facet normal 0 0 1
    outer loop
      vertex 17.487 17.6347 2
      vertex 17.5657 16.4343 2
      vertex 17.5657 17.5657 2
    endloop
  endfacet
  facet normal 0 0 1
    outer loop
      vertex 17.487 17.6347 2
      vertex 17.487 16.3653 2
      vertex 17.5657 16.4343 2
    endloop
  endfacet
  facet normal 0 0 1
    outer loop
      vertex 17.4 17.6928 2
      vertex 17.487 16.3653 2
      vertex 17.487 17.6347 2
    endloop
  endfacet
  facet normal 0 0 1
    outer loop
      vertex 17.4 17.6928 2
      vertex 17.4 16.3072 2
      vertex 17.487 16.3653 2
    endloop
  endfacet
  facet normal 0 0 1
    outer loop
      vertex 17.3061 17.7391 2
      vertex 17.4 16.3072 2
      vertex 17.4 17.6928 2
    endloop
  endfacet
  facet normal 0 0 1
    outer loop
      vertex 17.3061 17.7391 2
      vertex 17.3061 16.2609 2
      vertex 17.4 16.3072 2
    endloop
  endfacet
  facet normal 0 0 1
    outer loop
      vertex 17.2071 17.7727 2
      vertex 17.3061 16.2609 2
      vertex 17.3061 17.7391 2
    endloop
  endfacet
  facet normal 0 0 1
    outer loop
      vertex 17.2071 17.7727 2
      vertex 17.2071 16.2273 2
      vertex 17.3061 16.2609 2
    endloop
  endfacet
  facet normal 0 0 1
    outer loop
      vertex 17.1044 17.7932 2
      vertex 17.2071 16.2273 2
      vertex 17.2071 17.7727 2
    endloop
  endfacet
  facet normal 0 0 1
    outer loop
      vertex 17.1044 17.7932 2
      vertex 17.1044 16.2068 2
      vertex 17.2071 16.2273 2
    endloop
  endfacet
  facet normal 0 0 1
    outer loop
      vertex 17 17.8 2
      vertex 17.1044 16.2068 2
      vertex 17.1044 17.7932 2
    endloop
  endfacet
  facet normal 0 0 1
    outer loop
      vertex 17 17.8 2
      vertex 17 16.2 2
      vertex 17.1044 16.2068 2
    endloop
  endfacet
  facet normal -0 0 1
    outer loop
      vertex 16.8956 17.7932 2
      vertex 17 16.2 2
      vertex 17 17.8 2
    endloop
  endfacet
  facet normal 0 0 1
    outer loop
      vertex 16.8956 17.7932 2
      vertex 16.8956 16.2068 2
      vertex 17 16.2 2
    endloop
  endfacet
  facet normal -0 0 1
    outer loop
      vertex 16.7929 17.7727 2
      vertex 16.8956 16.2068 2
      vertex 16.8956 17.7932 2
    endloop
  endfacet
  facet normal 0 0 1
    outer loop
      vertex 16.7929 17.7727 2
      vertex 16.7929 16.2273 2
      vertex 16.8956 16.2068 2
    endloop
  endfacet
  facet normal -0 0 1
    outer loop
      vertex 16.6939 17.7391 2
      vertex 16.7929 16.2273 2
      vertex 16.7929 17.7727 2
    endloop
  endfacet
  facet normal 0 0 1
    outer loop
      vertex 16.6939 17.7391 2
      vertex 16.6939 16.2609 2
      vertex 16.7929 16.2273 2
    endloop
  endfacet
  facet normal -0 0 1
    outer loop
      vertex 16.6 17.6928 2
      vertex 16.6939 16.2609 2
      vertex 16.6939 17.7391 2
    endloop
  endfacet
  facet normal 0 0 1
    outer loop
      vertex 16.6 17.6928 2
      vertex 16.6 16.3072 2
      vertex 16.6939 16.2609 2
    endloop
  endfacet
  facet normal -0 0 1
    outer loop
      vertex 16.513 17.6347 2
      vertex 16.6 16.3072 2
      vertex 16.6 17.6928 2
    endloop
  endfacet
  facet normal 0 0 1
    outer loop
      vertex 16.513 17.6347 2
      vertex 16.513 16.3653 2
      vertex 16.6 16.3072 2
    endloop
  endfacet
  facet normal -0 0 1
    outer loop
      vertex 16.4343 17.5657 2
      vertex 16.513 16.3653 2
      vertex 16.513 17.6347 2
    endloop
  endfacet
  facet normal 0 0 1
    outer loop
      vertex 16.4343 17.5657 2
      vertex 16.4343 16.4343 2
      vertex 16.513 16.3653 2
    endloop
  endfacet
  facet normal -0 0 1
    outer loop
      vertex 16.3653 17.487 2
      vertex 16.4343 16.4343 2
      vertex 16.4343 17.5657 2
    endloop
  endfacet
  facet normal 0 0 1
    outer loop
      vertex 16.3653 17.487 2
      vertex 16.3653 16.513 2
      vertex 16.4343 16.4343 2
    endloop
  endfacet
  facet normal -0 0 1
    outer loop
      vertex 16.3072 17.4 2
      vertex 16.3653 16.513 2
      vertex 16.3653 17.487 2
    endloop
  endfacet
  facet normal 0 0 1
    outer loop
      vertex 16.3072 17.4 2
      vertex 16.3072 16.6 2
      vertex 16.3653 16.513 2
    endloop
  endfacet
  facet normal -0 0 1
    outer loop
      vertex 16.2609 17.3061 2
      vertex 16.3072 16.6 2
      vertex 16.3072 17.4 2
    endloop
  endfacet
  facet normal 0 0 1
    outer loop
      vertex 16.2609 17.3061 2
      vertex 16.2609 16.6939 2
      vertex 16.3072 16.6 2
    endloop
  endfacet
  facet normal -0 0 1
    outer loop
      vertex 16.2273 17.2071 2
      vertex 16.2609 16.6939 2
      vertex 16.2609 17.3061 2
    endloop
  endfacet
  facet normal 0 0 1
    outer loop
      vertex 16.2273 17.2071 2
      vertex 16.2273 16.7929 2
      vertex 16.2609 16.6939 2
    endloop
  endfacet
  facet normal -0 0 1
    outer loop
      vertex 16.2068 17.1044 2
      vertex 16.2273 16.7929 2
      vertex 16.2273 17.2071 2
    endloop
  endfacet
  facet normal 0 0 1
    outer loop
      vertex 16.2068 17.1044 2
      vertex 16.2068 16.8956 2
      vertex 16.2273 16.7929 2
    endloop
  endfacet
  facet normal 0 -0 1
    outer loop
      vertex 16.2068 16.8956 2
      vertex 16.2068 17.1044 2
      vertex 16.2 17 2
    endloop
  endfacet
  facet normal 0 0 -1
    outer loop
      vertex 19.3 -7 8
      vertex 21.3 7 8
      vertex 21.3 -7 8
    endloop
  endfacet
  facet normal -0 0 -1
    outer loop
      vertex 21.3 7 8
      vertex 19.3 -7 8
      vertex 19.3 7 8
    endloop
  endfacet
  facet normal 0 -1 0
    outer loop
      vertex 19.3 7 8
      vertex 20.8 7 3
      vertex 21.3 7 8
    endloop
  endfacet
  facet normal 0 -1 0
    outer loop
      vertex 19.3 7 2
      vertex 20.8 7 3
      vertex 19.3 7 8
    endloop
  endfacet
  facet normal 0 -1 -0
    outer loop
      vertex 20.8 7 3
      vertex 19.3 7 2
      vertex 20.8 7 2
    endloop
  endfacet
  facet normal 0 -1 -0
    outer loop
      vertex 21.3 7 8
      vertex 20.8 7 3
      vertex 21.3 7 3
    endloop
  endfacet
  facet normal 0 1 0
    outer loop
      vertex 20.8 -7 3
      vertex 21.3 -7 8
      vertex 21.3 -7 3
    endloop
  endfacet
  facet normal 0 1 0
    outer loop
      vertex 21.3 -7 8
      vertex 20.8 -7 3
      vertex 19.3 -7 8
    endloop
  endfacet
  facet normal 0 1 0
    outer loop
      vertex 19.3 -7 2
      vertex 20.8 -7 3
      vertex 20.8 -7 2
    endloop
  endfacet
  facet normal 0 1 0
    outer loop
      vertex 20.8 -7 3
      vertex 19.3 -7 2
      vertex 19.3 -7 8
    endloop
  endfacet
  facet normal 0 0.442386 -0.896825
    outer loop
      vertex -3 -32.15 8.77224
      vertex 3 -31.9506 8.8706
      vertex 3 -32.15 8.77224
    endloop
  endfacet
  facet normal 0 0.442386 -0.896825
    outer loop
      vertex 3 -31.9506 8.8706
      vertex -3 -32.15 8.77224
      vertex -3 -31.9506 8.8706
    endloop
  endfacet
  facet normal 0 0.321363 -0.946956
    outer loop
      vertex -3 -31.9506 8.8706
      vertex 3 -31.74 8.94207
      vertex 3 -31.9506 8.8706
    endloop
  endfacet
  facet normal 0 0.321363 -0.946956
    outer loop
      vertex 3 -31.74 8.94207
      vertex -3 -31.9506 8.8706
      vertex -3 -31.74 8.94207
    endloop
  endfacet
  facet normal 0 -0.896789 -0.442459
    outer loop
      vertex -3 -29.7294 7.95056
      vertex 3 -29.8278 8.15
      vertex -3 -29.8278 8.15
    endloop
  endfacet
  facet normal 0 -0.896789 -0.442459
    outer loop
      vertex 3 -29.8278 8.15
      vertex -3 -29.7294 7.95056
      vertex 3 -29.7294 7.95056
    endloop
  endfacet
  facet normal 0 -0.946901 0.321525
    outer loop
      vertex -3 -29.7294 6.64944
      vertex 3 -29.6579 6.86001
      vertex -3 -29.6579 6.86001
    endloop
  endfacet
  facet normal 0 -0.946901 0.321525
    outer loop
      vertex 3 -29.6579 6.86001
      vertex -3 -29.7294 6.64944
      vertex 3 -29.7294 6.64944
    endloop
  endfacet
  facet normal 0 0.195122 -0.980779
    outer loop
      vertex -3 -31.74 8.94207
      vertex 3 -31.5219 8.98546
      vertex 3 -31.74 8.94207
    endloop
  endfacet
  facet normal 0 0.195122 -0.980779
    outer loop
      vertex 3 -31.5219 8.98546
      vertex -3 -31.74 8.94207
      vertex -3 -31.5219 8.98546
    endloop
  endfacet
  facet normal 0 -0.997872 0.0652086
    outer loop
      vertex -3 -29.6145 7.07811
      vertex 3 -29.6 7.3
      vertex -3 -29.6 7.3
    endloop
  endfacet
  facet normal 0 -0.997872 0.0652086
    outer loop
      vertex 3 -29.6 7.3
      vertex -3 -29.6145 7.07811
      vertex 3 -29.6145 7.07811
    endloop
  endfacet
  facet normal 0 -0.0653848 0.99786
    outer loop
      vertex -3 -31.0781 5.61454
      vertex 3 -31.3 5.6
      vertex 3 -31.0781 5.61454
    endloop
  endfacet
  facet normal 0 -0.0653848 0.99786
    outer loop
      vertex 3 -31.3 5.6
      vertex -3 -31.0781 5.61454
      vertex -3 -31.3 5.6
    endloop
  endfacet
  facet normal 0 -0.659319 0.751863
    outer loop
      vertex -3 -30.0979 6.09792
      vertex 3 -30.2651 5.9513
      vertex 3 -30.0979 6.09792
    endloop
  endfacet
  facet normal 0 -0.659319 0.751863
    outer loop
      vertex 3 -30.2651 5.9513
      vertex -3 -30.0979 6.09792
      vertex -3 -30.2651 5.9513
    endloop
  endfacet
  facet normal 0 -0.896789 0.442459
    outer loop
      vertex -3 -29.8278 6.45
      vertex 3 -29.7294 6.64944
      vertex -3 -29.7294 6.64944
    endloop
  endfacet
  facet normal 0 -0.896789 0.442459
    outer loop
      vertex 3 -29.7294 6.64944
      vertex -3 -29.8278 6.45
      vertex 3 -29.8278 6.45
    endloop
  endfacet
  facet normal -0 0.0653848 0.99786
    outer loop
      vertex -3 -31.3 5.6
      vertex 3 -31.5219 5.61454
      vertex 3 -31.3 5.6
    endloop
  endfacet
  facet normal 0 0.0653848 0.99786
    outer loop
      vertex 3 -31.5219 5.61454
      vertex -3 -31.3 5.6
      vertex -3 -31.5219 5.61454
    endloop
  endfacet
  facet normal -0 0.321363 0.946956
    outer loop
      vertex -3 -31.74 5.65793
      vertex 3 -31.9506 5.7294
      vertex 3 -31.74 5.65793
    endloop
  endfacet
  facet normal 0 0.321363 0.946956
    outer loop
      vertex 3 -31.9506 5.7294
      vertex -3 -31.74 5.65793
      vertex -3 -31.9506 5.7294
    endloop
  endfacet
  facet normal 0 -0.946901 -0.321525
    outer loop
      vertex -3 -29.6579 7.73999
      vertex 3 -29.7294 7.95056
      vertex -3 -29.7294 7.95056
    endloop
  endfacet
  facet normal 0 -0.946901 -0.321525
    outer loop
      vertex 3 -29.7294 7.95056
      vertex -3 -29.6579 7.73999
      vertex 3 -29.6579 7.73999
    endloop
  endfacet
  facet normal 0 -0.751869 -0.659313
    outer loop
      vertex -3 -29.9513 8.3349
      vertex 3 -30.0979 8.50208
      vertex -3 -30.0979 8.50208
    endloop
  endfacet
  facet normal 0 -0.751869 -0.659313
    outer loop
      vertex 3 -30.0979 8.50208
      vertex -3 -29.9513 8.3349
      vertex 3 -29.9513 8.3349
    endloop
  endfacet
  facet normal 0 0.946901 -0.321525
    outer loop
      vertex 3 -32.9421 7.73999
      vertex -3 -32.8706 7.95056
      vertex 3 -32.8706 7.95056
    endloop
  endfacet
  facet normal 0 0.946901 -0.321525
    outer loop
      vertex -3 -32.8706 7.95056
      vertex 3 -32.9421 7.73999
      vertex -3 -32.9421 7.73999
    endloop
  endfacet
  facet normal 0 -0.195122 -0.980779
    outer loop
      vertex -3 -31.0781 8.98546
      vertex 3 -30.86 8.94207
      vertex 3 -31.0781 8.98546
    endloop
  endfacet
  facet normal -0 -0.195122 -0.980779
    outer loop
      vertex 3 -30.86 8.94207
      vertex -3 -31.0781 8.98546
      vertex -3 -30.86 8.94207
    endloop
  endfacet
  facet normal 0 0.896789 0.442459
    outer loop
      vertex 3 -32.7722 6.45
      vertex -3 -32.8706 6.64944
      vertex 3 -32.8706 6.64944
    endloop
  endfacet
  facet normal 0 0.896789 0.442459
    outer loop
      vertex -3 -32.8706 6.64944
      vertex 3 -32.7722 6.45
      vertex -3 -32.7722 6.45
    endloop
  endfacet
  facet normal 0 -0.442386 0.896825
    outer loop
      vertex -3 -30.45 5.82776
      vertex 3 -30.6494 5.7294
      vertex 3 -30.45 5.82776
    endloop
  endfacet
  facet normal 0 -0.442386 0.896825
    outer loop
      vertex 3 -30.6494 5.7294
      vertex -3 -30.45 5.82776
      vertex -3 -30.6494 5.7294
    endloop
  endfacet
  facet normal 0 -0.195122 0.980779
    outer loop
      vertex -3 -30.86 5.65793
      vertex 3 -31.0781 5.61454
      vertex 3 -30.86 5.65793
    endloop
  endfacet
  facet normal 0 -0.195122 0.980779
    outer loop
      vertex 3 -31.0781 5.61454
      vertex -3 -30.86 5.65793
      vertex -3 -31.0781 5.61454
    endloop
  endfacet
  facet normal 0 -0.555551 0.831483
    outer loop
      vertex -3 -30.2651 5.9513
      vertex 3 -30.45 5.82776
      vertex 3 -30.2651 5.9513
    endloop
  endfacet
  facet normal 0 -0.555551 0.831483
    outer loop
      vertex 3 -30.45 5.82776
      vertex -3 -30.2651 5.9513
      vertex -3 -30.45 5.82776
    endloop
  endfacet
  facet normal 0 0.659319 -0.751863
    outer loop
      vertex -3 -32.5021 8.50208
      vertex 3 -32.3349 8.6487
      vertex 3 -32.5021 8.50208
    endloop
  endfacet
  facet normal 0 0.659319 -0.751863
    outer loop
      vertex 3 -32.3349 8.6487
      vertex -3 -32.5021 8.50208
      vertex -3 -32.3349 8.6487
    endloop
  endfacet
  facet normal 0 -0.659319 -0.751863
    outer loop
      vertex -3 -30.2651 8.6487
      vertex 3 -30.0979 8.50208
      vertex 3 -30.2651 8.6487
    endloop
  endfacet
  facet normal -0 -0.659319 -0.751863
    outer loop
      vertex 3 -30.0979 8.50208
      vertex -3 -30.2651 8.6487
      vertex -3 -30.0979 8.50208
    endloop
  endfacet
  facet normal 0 -0.555551 -0.831483
    outer loop
      vertex -3 -30.45 8.77224
      vertex 3 -30.2651 8.6487
      vertex 3 -30.45 8.77224
    endloop
  endfacet
  facet normal -0 -0.555551 -0.831483
    outer loop
      vertex 3 -30.2651 8.6487
      vertex -3 -30.45 8.77224
      vertex -3 -30.2651 8.6487
    endloop
  endfacet
  facet normal 0 0.946901 0.321525
    outer loop
      vertex 3 -32.8706 6.64944
      vertex -3 -32.9421 6.86001
      vertex 3 -32.9421 6.86001
    endloop
  endfacet
  facet normal 0 0.946901 0.321525
    outer loop
      vertex -3 -32.9421 6.86001
      vertex 3 -32.8706 6.64944
      vertex -3 -32.8706 6.64944
    endloop
  endfacet
  facet normal 0 -0.321363 -0.946956
    outer loop
      vertex -3 -30.86 8.94207
      vertex 3 -30.6494 8.8706
      vertex 3 -30.86 8.94207
    endloop
  endfacet
  facet normal -0 -0.321363 -0.946956
    outer loop
      vertex 3 -30.6494 8.8706
      vertex -3 -30.86 8.94207
      vertex -3 -30.6494 8.8706
    endloop
  endfacet
  facet normal 0 0.98077 0.195165
    outer loop
      vertex 3 -32.9421 6.86001
      vertex -3 -32.9855 7.07811
      vertex 3 -32.9855 7.07811
    endloop
  endfacet
  facet normal 0 0.98077 0.195165
    outer loop
      vertex -3 -32.9855 7.07811
      vertex 3 -32.9421 6.86001
      vertex -3 -32.9421 6.86001
    endloop
  endfacet
  facet normal 0 -0.751888 0.659291
    outer loop
      vertex -3 -30.0979 6.09792
      vertex 3 -29.9513 6.26511
      vertex -3 -29.9513 6.26511
    endloop
  endfacet
  facet normal 0 -0.751888 0.659291
    outer loop
      vertex 3 -29.9513 6.26511
      vertex -3 -30.0979 6.09792
      vertex 3 -30.0979 6.09792
    endloop
  endfacet
  facet normal 0 -0.831552 0.555447
    outer loop
      vertex -3 -29.9513 6.26511
      vertex 3 -29.8278 6.45
      vertex -3 -29.8278 6.45
    endloop
  endfacet
  facet normal 0 -0.831552 0.555447
    outer loop
      vertex 3 -29.8278 6.45
      vertex -3 -29.9513 6.26511
      vertex 3 -29.9513 6.26511
    endloop
  endfacet
  facet normal -0 0.195122 0.980779
    outer loop
      vertex -3 -31.5219 5.61454
      vertex 3 -31.74 5.65793
      vertex 3 -31.5219 5.61454
    endloop
  endfacet
  facet normal 0 0.195122 0.980779
    outer loop
      vertex 3 -31.74 5.65793
      vertex -3 -31.5219 5.61454
      vertex -3 -31.74 5.65793
    endloop
  endfacet
  facet normal 0 -0.997872 -0.0652086
    outer loop
      vertex -3 -29.6 7.3
      vertex 3 -29.6145 7.52189
      vertex -3 -29.6145 7.52189
    endloop
  endfacet
  facet normal 0 -0.997872 -0.0652086
    outer loop
      vertex 3 -29.6145 7.52189
      vertex -3 -29.6 7.3
      vertex 3 -29.6 7.3
    endloop
  endfacet
  facet normal 0 0.831552 0.555447
    outer loop
      vertex 3 -32.6487 6.26511
      vertex -3 -32.7722 6.45
      vertex 3 -32.7722 6.45
    endloop
  endfacet
  facet normal 0 0.831552 0.555447
    outer loop
      vertex -3 -32.7722 6.45
      vertex 3 -32.6487 6.26511
      vertex -3 -32.6487 6.26511
    endloop
  endfacet
  facet normal 0 -0.98077 -0.195165
    outer loop
      vertex -3 -29.6145 7.52189
      vertex 3 -29.6579 7.73999
      vertex -3 -29.6579 7.73999
    endloop
  endfacet
  facet normal 0 -0.98077 -0.195165
    outer loop
      vertex 3 -29.6579 7.73999
      vertex -3 -29.6145 7.52189
      vertex 3 -29.6145 7.52189
    endloop
  endfacet
  facet normal 0 0.555551 -0.831483
    outer loop
      vertex -3 -32.3349 8.6487
      vertex 3 -32.15 8.77224
      vertex 3 -32.3349 8.6487
    endloop
  endfacet
  facet normal 0 0.555551 -0.831483
    outer loop
      vertex 3 -32.15 8.77224
      vertex -3 -32.3349 8.6487
      vertex -3 -32.15 8.77224
    endloop
  endfacet
  facet normal -0 0.659319 0.751863
    outer loop
      vertex -3 -32.3349 5.9513
      vertex 3 -32.5021 6.09792
      vertex 3 -32.3349 5.9513
    endloop
  endfacet
  facet normal 0 0.659319 0.751863
    outer loop
      vertex 3 -32.5021 6.09792
      vertex -3 -32.3349 5.9513
      vertex -3 -32.5021 6.09792
    endloop
  endfacet
  facet normal -0 0.555551 0.831483
    outer loop
      vertex -3 -32.15 5.82776
      vertex 3 -32.3349 5.9513
      vertex 3 -32.15 5.82776
    endloop
  endfacet
  facet normal 0 0.555551 0.831483
    outer loop
      vertex 3 -32.3349 5.9513
      vertex -3 -32.15 5.82776
      vertex -3 -32.3349 5.9513
    endloop
  endfacet
  facet normal 0 0.997872 0.0652086
    outer loop
      vertex 3 -32.9855 7.07811
      vertex -3 -33 7.3
      vertex 3 -33 7.3
    endloop
  endfacet
  facet normal 0 0.997872 0.0652086
    outer loop
      vertex -3 -33 7.3
      vertex 3 -32.9855 7.07811
      vertex -3 -32.9855 7.07811
    endloop
  endfacet
  facet normal 0 0.0653848 -0.99786
    outer loop
      vertex -3 -31.5219 8.98546
      vertex 3 -31.3 9
      vertex 3 -31.5219 8.98546
    endloop
  endfacet
  facet normal 0 0.0653848 -0.99786
    outer loop
      vertex 3 -31.3 9
      vertex -3 -31.5219 8.98546
      vertex -3 -31.3 9
    endloop
  endfacet
  facet normal 0 -0.98077 0.195165
    outer loop
      vertex -3 -29.6579 6.86001
      vertex 3 -29.6145 7.07811
      vertex -3 -29.6145 7.07811
    endloop
  endfacet
  facet normal 0 -0.98077 0.195165
    outer loop
      vertex 3 -29.6145 7.07811
      vertex -3 -29.6579 6.86001
      vertex 3 -29.6579 6.86001
    endloop
  endfacet
  facet normal 0 -0.442386 -0.896825
    outer loop
      vertex -3 -30.6494 8.8706
      vertex 3 -30.45 8.77224
      vertex 3 -30.6494 8.8706
    endloop
  endfacet
  facet normal -0 -0.442386 -0.896825
    outer loop
      vertex 3 -30.45 8.77224
      vertex -3 -30.6494 8.8706
      vertex -3 -30.45 8.77224
    endloop
  endfacet
  facet normal 0 -0.0653848 -0.99786
    outer loop
      vertex -3 -31.3 9
      vertex 3 -31.0781 8.98546
      vertex 3 -31.3 9
    endloop
  endfacet
  facet normal -0 -0.0653848 -0.99786
    outer loop
      vertex 3 -31.0781 8.98546
      vertex -3 -31.3 9
      vertex -3 -31.0781 8.98546
    endloop
  endfacet
  facet normal 0 -0.831566 -0.555426
    outer loop
      vertex -3 -29.8278 8.15
      vertex 3 -29.9513 8.3349
      vertex -3 -29.9513 8.3349
    endloop
  endfacet
  facet normal 0 -0.831566 -0.555426
    outer loop
      vertex 3 -29.9513 8.3349
      vertex -3 -29.8278 8.15
      vertex 3 -29.8278 8.15
    endloop
  endfacet
  facet normal 0 0.751888 0.659291
    outer loop
      vertex 3 -32.5021 6.09792
      vertex -3 -32.6487 6.26511
      vertex 3 -32.6487 6.26511
    endloop
  endfacet
  facet normal 0 0.751888 0.659291
    outer loop
      vertex -3 -32.6487 6.26511
      vertex 3 -32.5021 6.09792
      vertex -3 -32.5021 6.09792
    endloop
  endfacet
  facet normal 0 -0.321363 0.946956
    outer loop
      vertex -3 -30.6494 5.7294
      vertex 3 -30.86 5.65793
      vertex 3 -30.6494 5.7294
    endloop
  endfacet
  facet normal 0 -0.321363 0.946956
    outer loop
      vertex 3 -30.86 5.65793
      vertex -3 -30.6494 5.7294
      vertex -3 -30.86 5.65793
    endloop
  endfacet
  facet normal 0 0.896789 -0.442459
    outer loop
      vertex 3 -32.8706 7.95056
      vertex -3 -32.7722 8.15
      vertex 3 -32.7722 8.15
    endloop
  endfacet
  facet normal 0 0.896789 -0.442459
    outer loop
      vertex -3 -32.7722 8.15
      vertex 3 -32.8706 7.95056
      vertex -3 -32.8706 7.95056
    endloop
  endfacet
  facet normal -0 0.442386 0.896825
    outer loop
      vertex -3 -31.9506 5.7294
      vertex 3 -32.15 5.82776
      vertex 3 -31.9506 5.7294
    endloop
  endfacet
  facet normal 0 0.442386 0.896825
    outer loop
      vertex 3 -32.15 5.82776
      vertex -3 -31.9506 5.7294
      vertex -3 -32.15 5.82776
    endloop
  endfacet
  facet normal 0 0.831566 -0.555426
    outer loop
      vertex 3 -32.7722 8.15
      vertex -3 -32.6487 8.3349
      vertex 3 -32.6487 8.3349
    endloop
  endfacet
  facet normal 0 0.831566 -0.555426
    outer loop
      vertex -3 -32.6487 8.3349
      vertex 3 -32.7722 8.15
      vertex -3 -32.7722 8.15
    endloop
  endfacet
  facet normal 0 0.98077 -0.195165
    outer loop
      vertex 3 -32.9855 7.52189
      vertex -3 -32.9421 7.73999
      vertex 3 -32.9421 7.73999
    endloop
  endfacet
  facet normal 0 0.98077 -0.195165
    outer loop
      vertex -3 -32.9421 7.73999
      vertex 3 -32.9855 7.52189
      vertex -3 -32.9855 7.52189
    endloop
  endfacet
  facet normal 0 0.997872 -0.0652086
    outer loop
      vertex 3 -33 7.3
      vertex -3 -32.9855 7.52189
      vertex 3 -32.9855 7.52189
    endloop
  endfacet
  facet normal 0 0.997872 -0.0652086
    outer loop
      vertex -3 -32.9855 7.52189
      vertex 3 -33 7.3
      vertex -3 -33 7.3
    endloop
  endfacet
  facet normal 0 0.751869 -0.659313
    outer loop
      vertex 3 -32.6487 8.3349
      vertex -3 -32.5021 8.50208
      vertex 3 -32.5021 8.50208
    endloop
  endfacet
  facet normal 0 0.751869 -0.659313
    outer loop
      vertex -3 -32.5021 8.50208
      vertex 3 -32.6487 8.3349
      vertex -3 -32.6487 8.3349
    endloop
  endfacet
  facet normal 0.980741 0.195314 0
    outer loop
      vertex -14.8188 -16.7128 9
      vertex -14.875 -16.4306 2
      vertex -14.875 -16.4306 9
    endloop
  endfacet
  facet normal 0.980741 0.195314 0
    outer loop
      vertex -14.875 -16.4306 2
      vertex -14.8188 -16.7128 9
      vertex -14.8188 -16.7128 2
    endloop
  endfacet
  facet normal 0.997864 0.0653198 0
    outer loop
      vertex -14.8 -17 9
      vertex -14.8188 -16.7128 2
      vertex -14.8188 -16.7128 9
    endloop
  endfacet
  facet normal 0.997864 0.0653198 0
    outer loop
      vertex -14.8188 -16.7128 2
      vertex -14.8 -17 9
      vertex -14.8 -17 2
    endloop
  endfacet
  facet normal 0.946931 0.321435 0
    outer loop
      vertex -14.875 -16.4306 9
      vertex -14.9675 -16.1581 2
      vertex -14.9675 -16.1581 9
    endloop
  endfacet
  facet normal 0.946931 0.321435 0
    outer loop
      vertex -14.9675 -16.1581 2
      vertex -14.875 -16.4306 9
      vertex -14.875 -16.4306 2
    endloop
  endfacet
  facet normal -0.997864 0.0653198 0
    outer loop
      vertex -19.2 -17 2
      vertex -19.1812 -16.7128 9
      vertex -19.1812 -16.7128 2
    endloop
  endfacet
  facet normal -0.997864 0.0653198 0
    outer loop
      vertex -19.1812 -16.7128 9
      vertex -19.2 -17 2
      vertex -19.2 -17 9
    endloop
  endfacet
  facet normal 0.321435 0.946931 -0
    outer loop
      vertex -16.1581 -14.9675 2
      vertex -16.4306 -14.875 9
      vertex -16.1581 -14.9675 9
    endloop
  endfacet
  facet normal 0.321435 0.946931 0
    outer loop
      vertex -16.4306 -14.875 9
      vertex -16.1581 -14.9675 2
      vertex -16.4306 -14.875 2
    endloop
  endfacet
  facet normal 0.195314 0.980741 -0
    outer loop
      vertex -16.4306 -14.875 2
      vertex -16.7128 -14.8188 9
      vertex -16.4306 -14.875 9
    endloop
  endfacet
  facet normal 0.195314 0.980741 0
    outer loop
      vertex -16.7128 -14.8188 9
      vertex -16.4306 -14.875 2
      vertex -16.7128 -14.8188 2
    endloop
  endfacet
  facet normal 0.896984 0.442063 0
    outer loop
      vertex -14.9675 -16.1581 9
      vertex -15.0947 -15.9 2
      vertex -15.0947 -15.9 9
    endloop
  endfacet
  facet normal 0.896984 0.442063 0
    outer loop
      vertex -15.0947 -15.9 2
      vertex -14.9675 -16.1581 9
      vertex -14.9675 -16.1581 2
    endloop
  endfacet
  facet normal 0.195314 -0.980741 0
    outer loop
      vertex -16.7128 -19.1812 2
      vertex -16.4306 -19.125 9
      vertex -16.7128 -19.1812 9
    endloop
  endfacet
  facet normal 0.195314 -0.980741 0
    outer loop
      vertex -16.4306 -19.125 9
      vertex -16.7128 -19.1812 2
      vertex -16.4306 -19.125 2
    endloop
  endfacet
  facet normal 0.0653198 -0.997864 0
    outer loop
      vertex -17 -19.2 2
      vertex -16.7128 -19.1812 9
      vertex -17 -19.2 9
    endloop
  endfacet
  facet normal 0.0653198 -0.997864 0
    outer loop
      vertex -16.7128 -19.1812 9
      vertex -17 -19.2 2
      vertex -16.7128 -19.1812 2
    endloop
  endfacet
  facet normal 0.659562 0.75165 -0
    outer loop
      vertex -15.4444 -15.4444 2
      vertex -15.6607 -15.2546 9
      vertex -15.4444 -15.4444 9
    endloop
  endfacet
  facet normal 0.659562 0.75165 0
    outer loop
      vertex -15.6607 -15.2546 9
      vertex -15.4444 -15.4444 2
      vertex -15.6607 -15.2546 2
    endloop
  endfacet
  facet normal 0.896984 -0.442063 0
    outer loop
      vertex -15.0947 -18.1 9
      vertex -14.9675 -17.8419 2
      vertex -14.9675 -17.8419 9
    endloop
  endfacet
  facet normal 0.896984 -0.442063 0
    outer loop
      vertex -14.9675 -17.8419 2
      vertex -15.0947 -18.1 9
      vertex -15.0947 -18.1 2
    endloop
  endfacet
  facet normal -0.195314 -0.980741 0
    outer loop
      vertex -17.5694 -19.125 2
      vertex -17.2872 -19.1812 9
      vertex -17.5694 -19.125 9
    endloop
  endfacet
  facet normal -0.195314 -0.980741 -0
    outer loop
      vertex -17.2872 -19.1812 9
      vertex -17.5694 -19.125 2
      vertex -17.2872 -19.1812 2
    endloop
  endfacet
  facet normal -0.896984 0.442063 0
    outer loop
      vertex -19.0325 -16.1581 2
      vertex -18.9053 -15.9 9
      vertex -18.9053 -15.9 2
    endloop
  endfacet
  facet normal -0.896984 0.442063 0
    outer loop
      vertex -18.9053 -15.9 9
      vertex -19.0325 -16.1581 2
      vertex -19.0325 -16.1581 9
    endloop
  endfacet
  facet normal 0.659562 -0.75165 0
    outer loop
      vertex -15.6607 -18.7454 2
      vertex -15.4444 -18.5556 9
      vertex -15.6607 -18.7454 9
    endloop
  endfacet
  facet normal 0.659562 -0.75165 0
    outer loop
      vertex -15.4444 -18.5556 9
      vertex -15.6607 -18.7454 2
      vertex -15.4444 -18.5556 2
    endloop
  endfacet
  facet normal 0.75165 -0.659562 0
    outer loop
      vertex -15.4444 -18.5556 9
      vertex -15.2546 -18.3393 2
      vertex -15.2546 -18.3393 9
    endloop
  endfacet
  facet normal 0.75165 -0.659562 0
    outer loop
      vertex -15.2546 -18.3393 2
      vertex -15.4444 -18.5556 9
      vertex -15.4444 -18.5556 2
    endloop
  endfacet
  facet normal 0.321435 -0.946931 0
    outer loop
      vertex -16.4306 -19.125 2
      vertex -16.1581 -19.0325 9
      vertex -16.4306 -19.125 9
    endloop
  endfacet
  facet normal 0.321435 -0.946931 0
    outer loop
      vertex -16.1581 -19.0325 9
      vertex -16.4306 -19.125 2
      vertex -16.1581 -19.0325 2
    endloop
  endfacet
  facet normal -0.997864 -0.0653198 0
    outer loop
      vertex -19.1812 -17.2872 2
      vertex -19.2 -17 9
      vertex -19.2 -17 2
    endloop
  endfacet
  facet normal -0.997864 -0.0653198 0
    outer loop
      vertex -19.2 -17 9
      vertex -19.1812 -17.2872 2
      vertex -19.1812 -17.2872 9
    endloop
  endfacet
  facet normal -0.659562 0.75165 0
    outer loop
      vertex -18.3393 -15.2546 2
      vertex -18.5556 -15.4444 9
      vertex -18.3393 -15.2546 9
    endloop
  endfacet
  facet normal -0.659562 0.75165 0
    outer loop
      vertex -18.5556 -15.4444 9
      vertex -18.3393 -15.2546 2
      vertex -18.5556 -15.4444 2
    endloop
  endfacet
  facet normal -0.321435 0.946931 0
    outer loop
      vertex -17.5694 -14.875 2
      vertex -17.8419 -14.9675 9
      vertex -17.5694 -14.875 9
    endloop
  endfacet
  facet normal -0.321435 0.946931 0
    outer loop
      vertex -17.8419 -14.9675 9
      vertex -17.5694 -14.875 2
      vertex -17.8419 -14.9675 2
    endloop
  endfacet
  facet normal -0.831462 -0.555582 0
    outer loop
      vertex -18.7454 -18.3393 2
      vertex -18.9053 -18.1 9
      vertex -18.9053 -18.1 2
    endloop
  endfacet
  facet normal -0.831462 -0.555582 0
    outer loop
      vertex -18.9053 -18.1 9
      vertex -18.7454 -18.3393 2
      vertex -18.7454 -18.3393 9
    endloop
  endfacet
  facet normal 0.75165 0.659562 0
    outer loop
      vertex -15.2546 -15.6607 9
      vertex -15.4444 -15.4444 2
      vertex -15.4444 -15.4444 9
    endloop
  endfacet
  facet normal 0.75165 0.659562 0
    outer loop
      vertex -15.4444 -15.4444 2
      vertex -15.2546 -15.6607 9
      vertex -15.2546 -15.6607 2
    endloop
  endfacet
  facet normal -0.321435 -0.946931 0
    outer loop
      vertex -17.8419 -19.0325 2
      vertex -17.5694 -19.125 9
      vertex -17.8419 -19.0325 9
    endloop
  endfacet
  facet normal -0.321435 -0.946931 -0
    outer loop
      vertex -17.5694 -19.125 9
      vertex -17.8419 -19.0325 2
      vertex -17.5694 -19.125 2
    endloop
  endfacet
  facet normal 0.442063 -0.896984 0
    outer loop
      vertex -16.1581 -19.0325 2
      vertex -15.9 -18.9053 9
      vertex -16.1581 -19.0325 9
    endloop
  endfacet
  facet normal 0.442063 -0.896984 0
    outer loop
      vertex -15.9 -18.9053 9
      vertex -16.1581 -19.0325 2
      vertex -15.9 -18.9053 2
    endloop
  endfacet
  facet normal -0.442063 0.896984 0
    outer loop
      vertex -17.8419 -14.9675 2
      vertex -18.1 -15.0947 9
      vertex -17.8419 -14.9675 9
    endloop
  endfacet
  facet normal -0.442063 0.896984 0
    outer loop
      vertex -18.1 -15.0947 9
      vertex -17.8419 -14.9675 2
      vertex -18.1 -15.0947 2
    endloop
  endfacet
  facet normal 0 0 1
    outer loop
      vertex -16.2 -17 9
      vertex -14.8 -17 9
      vertex -14.8188 -16.7128 9
    endloop
  endfacet
  facet normal 0 0 1
    outer loop
      vertex -16.2068 -16.8956 9
      vertex -14.8188 -16.7128 9
      vertex -14.875 -16.4306 9
    endloop
  endfacet
  facet normal 0 0 1
    outer loop
      vertex -14.8 -17 9
      vertex -16.2 -17 9
      vertex -14.8188 -17.2872 9
    endloop
  endfacet
  facet normal 0 0 1
    outer loop
      vertex -16.2273 -16.7929 9
      vertex -14.875 -16.4306 9
      vertex -14.9675 -16.1581 9
    endloop
  endfacet
  facet normal -0 0 1
    outer loop
      vertex -16.2068 -17.1044 9
      vertex -14.8188 -17.2872 9
      vertex -16.2 -17 9
    endloop
  endfacet
  facet normal 0 0 1
    outer loop
      vertex -16.2609 -16.6939 9
      vertex -14.9675 -16.1581 9
      vertex -15.0947 -15.9 9
    endloop
  endfacet
  facet normal 0 0 1
    outer loop
      vertex -14.8188 -17.2872 9
      vertex -16.2068 -17.1044 9
      vertex -14.875 -17.5694 9
    endloop
  endfacet
  facet normal 0 0 1
    outer loop
      vertex -16.3072 -16.6 9
      vertex -15.0947 -15.9 9
      vertex -15.2546 -15.6607 9
    endloop
  endfacet
  facet normal -0 0 1
    outer loop
      vertex -16.2273 -17.2071 9
      vertex -14.875 -17.5694 9
      vertex -16.2068 -17.1044 9
    endloop
  endfacet
  facet normal 0 0 1
    outer loop
      vertex -16.3653 -16.513 9
      vertex -15.2546 -15.6607 9
      vertex -15.4444 -15.4444 9
    endloop
  endfacet
  facet normal 0 0 1
    outer loop
      vertex -14.875 -17.5694 9
      vertex -16.2273 -17.2071 9
      vertex -14.9675 -17.8419 9
    endloop
  endfacet
  facet normal 0 0 1
    outer loop
      vertex -16.4343 -16.4343 9
      vertex -15.4444 -15.4444 9
      vertex -15.6607 -15.2546 9
    endloop
  endfacet
  facet normal -0 0 1
    outer loop
      vertex -16.2609 -17.3061 9
      vertex -14.9675 -17.8419 9
      vertex -16.2273 -17.2071 9
    endloop
  endfacet
  facet normal 0 0 1
    outer loop
      vertex -16.513 -16.3653 9
      vertex -15.6607 -15.2546 9
      vertex -15.9 -15.0947 9
    endloop
  endfacet
  facet normal 0 0 1
    outer loop
      vertex -14.9675 -17.8419 9
      vertex -16.2609 -17.3061 9
      vertex -15.0947 -18.1 9
    endloop
  endfacet
  facet normal 0 0 1
    outer loop
      vertex -16.6 -16.3072 9
      vertex -15.9 -15.0947 9
      vertex -16.1581 -14.9675 9
    endloop
  endfacet
  facet normal -0 0 1
    outer loop
      vertex -16.3072 -17.4 9
      vertex -15.0947 -18.1 9
      vertex -16.2609 -17.3061 9
    endloop
  endfacet
  facet normal 0 0 1
    outer loop
      vertex -15.0947 -18.1 9
      vertex -16.3072 -17.4 9
      vertex -15.2546 -18.3393 9
    endloop
  endfacet
  facet normal 0 0 1
    outer loop
      vertex -14.8188 -16.7128 9
      vertex -16.2068 -16.8956 9
      vertex -16.2 -17 9
    endloop
  endfacet
  facet normal 0 0 1
    outer loop
      vertex -14.875 -16.4306 9
      vertex -16.2273 -16.7929 9
      vertex -16.2068 -16.8956 9
    endloop
  endfacet
  facet normal 0 0 1
    outer loop
      vertex -14.9675 -16.1581 9
      vertex -16.2609 -16.6939 9
      vertex -16.2273 -16.7929 9
    endloop
  endfacet
  facet normal 0 0 1
    outer loop
      vertex -15.0947 -15.9 9
      vertex -16.3072 -16.6 9
      vertex -16.2609 -16.6939 9
    endloop
  endfacet
  facet normal 0 0 1
    outer loop
      vertex -15.2546 -15.6607 9
      vertex -16.3653 -16.513 9
      vertex -16.3072 -16.6 9
    endloop
  endfacet
  facet normal 0 0 1
    outer loop
      vertex -16.6939 -16.2609 9
      vertex -16.1581 -14.9675 9
      vertex -16.4306 -14.875 9
    endloop
  endfacet
  facet normal 0 0 1
    outer loop
      vertex -15.4444 -15.4444 9
      vertex -16.4343 -16.4343 9
      vertex -16.3653 -16.513 9
    endloop
  endfacet
  facet normal 0 0 1
    outer loop
      vertex -15.6607 -15.2546 9
      vertex -16.513 -16.3653 9
      vertex -16.4343 -16.4343 9
    endloop
  endfacet
  facet normal 0 0 1
    outer loop
      vertex -15.9 -15.0947 9
      vertex -16.6 -16.3072 9
      vertex -16.513 -16.3653 9
    endloop
  endfacet
  facet normal 0 0 1
    outer loop
      vertex -16.1581 -14.9675 9
      vertex -16.6939 -16.2609 9
      vertex -16.6 -16.3072 9
    endloop
  endfacet
  facet normal 0 0 1
    outer loop
      vertex -16.7929 -16.2273 9
      vertex -16.4306 -14.875 9
      vertex -16.7128 -14.8188 9
    endloop
  endfacet
  facet normal 0 0 1
    outer loop
      vertex -16.4306 -14.875 9
      vertex -16.7929 -16.2273 9
      vertex -16.6939 -16.2609 9
    endloop
  endfacet
  facet normal 0 0 1
    outer loop
      vertex -16.7128 -14.8188 9
      vertex -16.8956 -16.2068 9
      vertex -16.7929 -16.2273 9
    endloop
  endfacet
  facet normal 0 0 1
    outer loop
      vertex -17 -14.8 9
      vertex -16.8956 -16.2068 9
      vertex -16.7128 -14.8188 9
    endloop
  endfacet
  facet normal 0 0 1
    outer loop
      vertex -17 -14.8 9
      vertex -17 -16.2 9
      vertex -16.8956 -16.2068 9
    endloop
  endfacet
  facet normal 0 0 1
    outer loop
      vertex -17 -14.8 9
      vertex -17.1044 -16.2068 9
      vertex -17 -16.2 9
    endloop
  endfacet
  facet normal -0 0 1
    outer loop
      vertex -17.2872 -14.8188 9
      vertex -17.1044 -16.2068 9
      vertex -17 -14.8 9
    endloop
  endfacet
  facet normal 0 0 1
    outer loop
      vertex -17.1044 -16.2068 9
      vertex -17.2872 -14.8188 9
      vertex -17.2071 -16.2273 9
    endloop
  endfacet
  facet normal -0 0 1
    outer loop
      vertex -17.5694 -14.875 9
      vertex -17.2071 -16.2273 9
      vertex -17.2872 -14.8188 9
    endloop
  endfacet
  facet normal 0 0 1
    outer loop
      vertex -17.2071 -16.2273 9
      vertex -17.5694 -14.875 9
      vertex -17.3061 -16.2609 9
    endloop
  endfacet
  facet normal -0 0 1
    outer loop
      vertex -17.8419 -14.9675 9
      vertex -17.3061 -16.2609 9
      vertex -17.5694 -14.875 9
    endloop
  endfacet
  facet normal 0 0 1
    outer loop
      vertex -17.3061 -16.2609 9
      vertex -17.8419 -14.9675 9
      vertex -17.4 -16.3072 9
    endloop
  endfacet
  facet normal -0 0 1
    outer loop
      vertex -18.1 -15.0947 9
      vertex -17.4 -16.3072 9
      vertex -17.8419 -14.9675 9
    endloop
  endfacet
  facet normal 0 0 1
    outer loop
      vertex -17.4 -16.3072 9
      vertex -18.1 -15.0947 9
      vertex -17.487 -16.3653 9
    endloop
  endfacet
  facet normal -0 0 1
    outer loop
      vertex -18.3393 -15.2546 9
      vertex -17.487 -16.3653 9
      vertex -18.1 -15.0947 9
    endloop
  endfacet
  facet normal 0 0 1
    outer loop
      vertex -17.487 -16.3653 9
      vertex -18.3393 -15.2546 9
      vertex -17.5657 -16.4343 9
    endloop
  endfacet
  facet normal -0 0 1
    outer loop
      vertex -18.5556 -15.4444 9
      vertex -17.5657 -16.4343 9
      vertex -18.3393 -15.2546 9
    endloop
  endfacet
  facet normal 0 0 1
    outer loop
      vertex -17.5657 -16.4343 9
      vertex -18.5556 -15.4444 9
      vertex -17.6347 -16.513 9
    endloop
  endfacet
  facet normal 0 0 1
    outer loop
      vertex -17.6347 -16.513 9
      vertex -18.7454 -15.6607 9
      vertex -17.6928 -16.6 9
    endloop
  endfacet
  facet normal -0 0 1
    outer loop
      vertex -18.7454 -15.6607 9
      vertex -17.6347 -16.513 9
      vertex -18.5556 -15.4444 9
    endloop
  endfacet
  facet normal -0 0 1
    outer loop
      vertex -16.3653 -17.487 9
      vertex -15.2546 -18.3393 9
      vertex -16.3072 -17.4 9
    endloop
  endfacet
  facet normal 0 0 1
    outer loop
      vertex -15.2546 -18.3393 9
      vertex -16.3653 -17.487 9
      vertex -15.4444 -18.5556 9
    endloop
  endfacet
  facet normal -0 0 1
    outer loop
      vertex -16.4343 -17.5657 9
      vertex -15.4444 -18.5556 9
      vertex -16.3653 -17.487 9
    endloop
  endfacet
  facet normal 0 0 1
    outer loop
      vertex -15.4444 -18.5556 9
      vertex -16.4343 -17.5657 9
      vertex -15.6607 -18.7454 9
    endloop
  endfacet
  facet normal -0 0 1
    outer loop
      vertex -16.513 -17.6347 9
      vertex -15.6607 -18.7454 9
      vertex -16.4343 -17.5657 9
    endloop
  endfacet
  facet normal 0 0 1
    outer loop
      vertex -15.6607 -18.7454 9
      vertex -16.513 -17.6347 9
      vertex -15.9 -18.9053 9
    endloop
  endfacet
  facet normal -0 0 1
    outer loop
      vertex -16.6 -17.6928 9
      vertex -15.9 -18.9053 9
      vertex -16.513 -17.6347 9
    endloop
  endfacet
  facet normal 0 0 1
    outer loop
      vertex -15.9 -18.9053 9
      vertex -16.6 -17.6928 9
      vertex -16.1581 -19.0325 9
    endloop
  endfacet
  facet normal -0 0 1
    outer loop
      vertex -16.6939 -17.7391 9
      vertex -16.1581 -19.0325 9
      vertex -16.6 -17.6928 9
    endloop
  endfacet
  facet normal 0 0 1
    outer loop
      vertex -16.1581 -19.0325 9
      vertex -16.6939 -17.7391 9
      vertex -16.4306 -19.125 9
    endloop
  endfacet
  facet normal -0 0 1
    outer loop
      vertex -16.7929 -17.7727 9
      vertex -16.4306 -19.125 9
      vertex -16.6939 -17.7391 9
    endloop
  endfacet
  facet normal 0 0 1
    outer loop
      vertex -16.4306 -19.125 9
      vertex -16.7929 -17.7727 9
      vertex -16.7128 -19.1812 9
    endloop
  endfacet
  facet normal -0 0 1
    outer loop
      vertex -16.8956 -17.7932 9
      vertex -16.7128 -19.1812 9
      vertex -16.7929 -17.7727 9
    endloop
  endfacet
  facet normal -0 0 1
    outer loop
      vertex -17 -17.8 9
      vertex -16.7128 -19.1812 9
      vertex -16.8956 -17.7932 9
    endloop
  endfacet
  facet normal 0 0 1
    outer loop
      vertex -17 -17.8 9
      vertex -17 -19.2 9
      vertex -16.7128 -19.1812 9
    endloop
  endfacet
  facet normal 0 0 1
    outer loop
      vertex -17.1044 -17.7932 9
      vertex -17 -19.2 9
      vertex -17 -17.8 9
    endloop
  endfacet
  facet normal 0 0 1
    outer loop
      vertex -17.2872 -19.1812 9
      vertex -17.1044 -17.7932 9
      vertex -17.2071 -17.7727 9
    endloop
  endfacet
  facet normal 0 0 1
    outer loop
      vertex -17.1044 -17.7932 9
      vertex -17.2872 -19.1812 9
      vertex -17 -19.2 9
    endloop
  endfacet
  facet normal 0 0 1
    outer loop
      vertex -17.5694 -19.125 9
      vertex -17.2071 -17.7727 9
      vertex -17.3061 -17.7391 9
    endloop
  endfacet
  facet normal 0 0 1
    outer loop
      vertex -17.8419 -19.0325 9
      vertex -17.3061 -17.7391 9
      vertex -17.4 -17.6928 9
    endloop
  endfacet
  facet normal 0 0 1
    outer loop
      vertex -18.1 -18.9053 9
      vertex -17.4 -17.6928 9
      vertex -17.487 -17.6347 9
    endloop
  endfacet
  facet normal 0 0 1
    outer loop
      vertex -18.3393 -18.7454 9
      vertex -17.487 -17.6347 9
      vertex -17.5657 -17.5657 9
    endloop
  endfacet
  facet normal 0 0 1
    outer loop
      vertex -17.2071 -17.7727 9
      vertex -17.5694 -19.125 9
      vertex -17.2872 -19.1812 9
    endloop
  endfacet
  facet normal 0 0 1
    outer loop
      vertex -18.5556 -18.5556 9
      vertex -17.5657 -17.5657 9
      vertex -17.6347 -17.487 9
    endloop
  endfacet
  facet normal 0 0 1
    outer loop
      vertex -18.7454 -18.3393 9
      vertex -17.6347 -17.487 9
      vertex -17.6928 -17.4 9
    endloop
  endfacet
  facet normal 0 0 1
    outer loop
      vertex -18.9053 -18.1 9
      vertex -17.6928 -17.4 9
      vertex -17.7391 -17.3061 9
    endloop
  endfacet
  facet normal 0 0 1
    outer loop
      vertex -19.0325 -17.8419 9
      vertex -17.7391 -17.3061 9
      vertex -17.7727 -17.2071 9
    endloop
  endfacet
  facet normal 0 0 1
    outer loop
      vertex -19.125 -17.5694 9
      vertex -17.7727 -17.2071 9
      vertex -17.7932 -17.1044 9
    endloop
  endfacet
  facet normal 0 0 1
    outer loop
      vertex -17.3061 -17.7391 9
      vertex -17.8419 -19.0325 9
      vertex -17.5694 -19.125 9
    endloop
  endfacet
  facet normal 0 0 1
    outer loop
      vertex -19.1812 -17.2872 9
      vertex -17.7932 -17.1044 9
      vertex -17.8 -17 9
    endloop
  endfacet
  facet normal -0 0 1
    outer loop
      vertex -18.9053 -15.9 9
      vertex -17.6928 -16.6 9
      vertex -18.7454 -15.6607 9
    endloop
  endfacet
  facet normal 0 0 1
    outer loop
      vertex -17.6928 -16.6 9
      vertex -18.9053 -15.9 9
      vertex -17.7391 -16.6939 9
    endloop
  endfacet
  facet normal 0 0 1
    outer loop
      vertex -17.4 -17.6928 9
      vertex -18.1 -18.9053 9
      vertex -17.8419 -19.0325 9
    endloop
  endfacet
  facet normal -0 0 1
    outer loop
      vertex -19.0325 -16.1581 9
      vertex -17.7391 -16.6939 9
      vertex -18.9053 -15.9 9
    endloop
  endfacet
  facet normal 0 0 1
    outer loop
      vertex -17.487 -17.6347 9
      vertex -18.3393 -18.7454 9
      vertex -18.1 -18.9053 9
    endloop
  endfacet
  facet normal 0 0 1
    outer loop
      vertex -17.7391 -16.6939 9
      vertex -19.0325 -16.1581 9
      vertex -17.7727 -16.7929 9
    endloop
  endfacet
  facet normal 0 0 1
    outer loop
      vertex -17.5657 -17.5657 9
      vertex -18.5556 -18.5556 9
      vertex -18.3393 -18.7454 9
    endloop
  endfacet
  facet normal -0 0 1
    outer loop
      vertex -19.125 -16.4306 9
      vertex -17.7727 -16.7929 9
      vertex -19.0325 -16.1581 9
    endloop
  endfacet
  facet normal 0 0 1
    outer loop
      vertex -17.6347 -17.487 9
      vertex -18.7454 -18.3393 9
      vertex -18.5556 -18.5556 9
    endloop
  endfacet
  facet normal 0 0 1
    outer loop
      vertex -17.7727 -16.7929 9
      vertex -19.125 -16.4306 9
      vertex -17.7932 -16.8956 9
    endloop
  endfacet
  facet normal 0 0 1
    outer loop
      vertex -17.6928 -17.4 9
      vertex -18.9053 -18.1 9
      vertex -18.7454 -18.3393 9
    endloop
  endfacet
  facet normal -0 0 1
    outer loop
      vertex -19.1812 -16.7128 9
      vertex -17.7932 -16.8956 9
      vertex -19.125 -16.4306 9
    endloop
  endfacet
  facet normal 0 0 1
    outer loop
      vertex -17.7391 -17.3061 9
      vertex -19.0325 -17.8419 9
      vertex -18.9053 -18.1 9
    endloop
  endfacet
  facet normal 0 0 1
    outer loop
      vertex -17.7932 -16.8956 9
      vertex -19.1812 -16.7128 9
      vertex -17.8 -17 9
    endloop
  endfacet
  facet normal 0 0 1
    outer loop
      vertex -17.7727 -17.2071 9
      vertex -19.125 -17.5694 9
      vertex -19.0325 -17.8419 9
    endloop
  endfacet
  facet normal 0 0 1
    outer loop
      vertex -19.2 -17 9
      vertex -17.8 -17 9
      vertex -19.1812 -16.7128 9
    endloop
  endfacet
  facet normal 0 0 1
    outer loop
      vertex -17.7932 -17.1044 9
      vertex -19.1812 -17.2872 9
      vertex -19.125 -17.5694 9
    endloop
  endfacet
  facet normal 0 0 1
    outer loop
      vertex -17.8 -17 9
      vertex -19.2 -17 9
      vertex -19.1812 -17.2872 9
    endloop
  endfacet
  facet normal 0.980741 -0.195314 0
    outer loop
      vertex -14.875 -17.5694 9
      vertex -14.8188 -17.2872 2
      vertex -14.8188 -17.2872 9
    endloop
  endfacet
  facet normal 0.980741 -0.195314 0
    outer loop
      vertex -14.8188 -17.2872 2
      vertex -14.875 -17.5694 9
      vertex -14.875 -17.5694 2
    endloop
  endfacet
  facet normal -0.946931 -0.321435 0
    outer loop
      vertex -19.0325 -17.8419 2
      vertex -19.125 -17.5694 9
      vertex -19.125 -17.5694 2
    endloop
  endfacet
  facet normal -0.946931 -0.321435 0
    outer loop
      vertex -19.125 -17.5694 9
      vertex -19.0325 -17.8419 2
      vertex -19.0325 -17.8419 9
    endloop
  endfacet
  facet normal 0.946931 -0.321435 0
    outer loop
      vertex -14.9675 -17.8419 9
      vertex -14.875 -17.5694 2
      vertex -14.875 -17.5694 9
    endloop
  endfacet
  facet normal 0.946931 -0.321435 0
    outer loop
      vertex -14.875 -17.5694 2
      vertex -14.9675 -17.8419 9
      vertex -14.9675 -17.8419 2
    endloop
  endfacet
  facet normal 0.555582 0.831462 -0
    outer loop
      vertex -15.6607 -15.2546 2
      vertex -15.9 -15.0947 9
      vertex -15.6607 -15.2546 9
    endloop
  endfacet
  facet normal 0.555582 0.831462 0
    outer loop
      vertex -15.9 -15.0947 9
      vertex -15.6607 -15.2546 2
      vertex -15.9 -15.0947 2
    endloop
  endfacet
  facet normal 0.442063 0.896984 -0
    outer loop
      vertex -15.9 -15.0947 2
      vertex -16.1581 -14.9675 9
      vertex -15.9 -15.0947 9
    endloop
  endfacet
  facet normal 0.442063 0.896984 0
    outer loop
      vertex -16.1581 -14.9675 9
      vertex -15.9 -15.0947 2
      vertex -16.1581 -14.9675 2
    endloop
  endfacet
  facet normal -0.195314 0.980741 0
    outer loop
      vertex -17.2872 -14.8188 2
      vertex -17.5694 -14.875 9
      vertex -17.2872 -14.8188 9
    endloop
  endfacet
  facet normal -0.195314 0.980741 0
    outer loop
      vertex -17.5694 -14.875 9
      vertex -17.2872 -14.8188 2
      vertex -17.5694 -14.875 2
    endloop
  endfacet
  facet normal -0.442063 -0.896984 0
    outer loop
      vertex -18.1 -18.9053 2
      vertex -17.8419 -19.0325 9
      vertex -18.1 -18.9053 9
    endloop
  endfacet
  facet normal -0.442063 -0.896984 -0
    outer loop
      vertex -17.8419 -19.0325 9
      vertex -18.1 -18.9053 2
      vertex -17.8419 -19.0325 2
    endloop
  endfacet
  facet normal -0.0653198 0.997864 0
    outer loop
      vertex -17 -14.8 2
      vertex -17.2872 -14.8188 9
      vertex -17 -14.8 9
    endloop
  endfacet
  facet normal -0.0653198 0.997864 0
    outer loop
      vertex -17.2872 -14.8188 9
      vertex -17 -14.8 2
      vertex -17.2872 -14.8188 2
    endloop
  endfacet
  facet normal -0.75165 0.659562 0
    outer loop
      vertex -18.7454 -15.6607 2
      vertex -18.5556 -15.4444 9
      vertex -18.5556 -15.4444 2
    endloop
  endfacet
  facet normal -0.75165 0.659562 0
    outer loop
      vertex -18.5556 -15.4444 9
      vertex -18.7454 -15.6607 2
      vertex -18.7454 -15.6607 9
    endloop
  endfacet
  facet normal 0.997864 -0.0653198 0
    outer loop
      vertex -14.8188 -17.2872 9
      vertex -14.8 -17 2
      vertex -14.8 -17 9
    endloop
  endfacet
  facet normal 0.997864 -0.0653198 0
    outer loop
      vertex -14.8 -17 2
      vertex -14.8188 -17.2872 9
      vertex -14.8188 -17.2872 2
    endloop
  endfacet
  facet normal -0.946931 0.321435 0
    outer loop
      vertex -19.125 -16.4306 2
      vertex -19.0325 -16.1581 9
      vertex -19.0325 -16.1581 2
    endloop
  endfacet
  facet normal -0.946931 0.321435 0
    outer loop
      vertex -19.0325 -16.1581 9
      vertex -19.125 -16.4306 2
      vertex -19.125 -16.4306 9
    endloop
  endfacet
  facet normal -0.659562 -0.75165 0
    outer loop
      vertex -18.5556 -18.5556 2
      vertex -18.3393 -18.7454 9
      vertex -18.5556 -18.5556 9
    endloop
  endfacet
  facet normal -0.659562 -0.75165 -0
    outer loop
      vertex -18.3393 -18.7454 9
      vertex -18.5556 -18.5556 2
      vertex -18.3393 -18.7454 2
    endloop
  endfacet
  facet normal 0.0653198 0.997864 -0
    outer loop
      vertex -16.7128 -14.8188 2
      vertex -17 -14.8 9
      vertex -16.7128 -14.8188 9
    endloop
  endfacet
  facet normal 0.0653198 0.997864 0
    outer loop
      vertex -17 -14.8 9
      vertex -16.7128 -14.8188 2
      vertex -17 -14.8 2
    endloop
  endfacet
  facet normal 0.831462 0.555582 0
    outer loop
      vertex -15.0947 -15.9 9
      vertex -15.2546 -15.6607 2
      vertex -15.2546 -15.6607 9
    endloop
  endfacet
  facet normal 0.831462 0.555582 0
    outer loop
      vertex -15.2546 -15.6607 2
      vertex -15.0947 -15.9 9
      vertex -15.0947 -15.9 2
    endloop
  endfacet
  facet normal -0.896984 -0.442063 0
    outer loop
      vertex -18.9053 -18.1 2
      vertex -19.0325 -17.8419 9
      vertex -19.0325 -17.8419 2
    endloop
  endfacet
  facet normal -0.896984 -0.442063 0
    outer loop
      vertex -19.0325 -17.8419 9
      vertex -18.9053 -18.1 2
      vertex -18.9053 -18.1 9
    endloop
  endfacet
  facet normal 0.831462 -0.555582 0
    outer loop
      vertex -15.2546 -18.3393 9
      vertex -15.0947 -18.1 2
      vertex -15.0947 -18.1 9
    endloop
  endfacet
  facet normal 0.831462 -0.555582 0
    outer loop
      vertex -15.0947 -18.1 2
      vertex -15.2546 -18.3393 9
      vertex -15.2546 -18.3393 2
    endloop
  endfacet
  facet normal -0.0653198 -0.997864 0
    outer loop
      vertex -17.2872 -19.1812 2
      vertex -17 -19.2 9
      vertex -17.2872 -19.1812 9
    endloop
  endfacet
  facet normal -0.0653198 -0.997864 -0
    outer loop
      vertex -17 -19.2 9
      vertex -17.2872 -19.1812 2
      vertex -17 -19.2 2
    endloop
  endfacet
  facet normal -0.980741 0.195314 0
    outer loop
      vertex -19.1812 -16.7128 2
      vertex -19.125 -16.4306 9
      vertex -19.125 -16.4306 2
    endloop
  endfacet
  facet normal -0.980741 0.195314 0
    outer loop
      vertex -19.125 -16.4306 9
      vertex -19.1812 -16.7128 2
      vertex -19.1812 -16.7128 9
    endloop
  endfacet
  facet normal -0.555582 -0.831462 0
    outer loop
      vertex -18.3393 -18.7454 2
      vertex -18.1 -18.9053 9
      vertex -18.3393 -18.7454 9
    endloop
  endfacet
  facet normal -0.555582 -0.831462 -0
    outer loop
      vertex -18.1 -18.9053 9
      vertex -18.3393 -18.7454 2
      vertex -18.1 -18.9053 2
    endloop
  endfacet
  facet normal -0.555582 0.831462 0
    outer loop
      vertex -18.1 -15.0947 2
      vertex -18.3393 -15.2546 9
      vertex -18.1 -15.0947 9
    endloop
  endfacet
  facet normal -0.555582 0.831462 0
    outer loop
      vertex -18.3393 -15.2546 9
      vertex -18.1 -15.0947 2
      vertex -18.3393 -15.2546 2
    endloop
  endfacet
  facet normal -0.980741 -0.195314 0
    outer loop
      vertex -19.125 -17.5694 2
      vertex -19.1812 -17.2872 9
      vertex -19.1812 -17.2872 2
    endloop
  endfacet
  facet normal -0.980741 -0.195314 0
    outer loop
      vertex -19.1812 -17.2872 9
      vertex -19.125 -17.5694 2
      vertex -19.125 -17.5694 9
    endloop
  endfacet
  facet normal -0.75165 -0.659562 0
    outer loop
      vertex -18.5556 -18.5556 2
      vertex -18.7454 -18.3393 9
      vertex -18.7454 -18.3393 2
    endloop
  endfacet
  facet normal -0.75165 -0.659562 0
    outer loop
      vertex -18.7454 -18.3393 9
      vertex -18.5556 -18.5556 2
      vertex -18.5556 -18.5556 9
    endloop
  endfacet
  facet normal 0.555582 -0.831462 0
    outer loop
      vertex -15.9 -18.9053 2
      vertex -15.6607 -18.7454 9
      vertex -15.9 -18.9053 9
    endloop
  endfacet
  facet normal 0.555582 -0.831462 0
    outer loop
      vertex -15.6607 -18.7454 9
      vertex -15.9 -18.9053 2
      vertex -15.6607 -18.7454 2
    endloop
  endfacet
  facet normal -0.831462 0.555582 0
    outer loop
      vertex -18.9053 -15.9 2
      vertex -18.7454 -15.6607 9
      vertex -18.7454 -15.6607 2
    endloop
  endfacet
  facet normal -0.831462 0.555582 0
    outer loop
      vertex -18.7454 -15.6607 9
      vertex -18.9053 -15.9 2
      vertex -18.9053 -15.9 9
    endloop
  endfacet
  facet normal -0.195749 -0.980654 0
    outer loop
      vertex -16.8956 -16.2068 2
      vertex -16.7929 -16.2273 9
      vertex -16.8956 -16.2068 9
    endloop
  endfacet
  facet normal -0.195749 -0.980654 -0
    outer loop
      vertex -16.7929 -16.2273 9
      vertex -16.8956 -16.2068 2
      vertex -16.7929 -16.2273 2
    endloop
  endfacet
  facet normal -0.980654 -0.195749 0
    outer loop
      vertex -16.2068 -16.8956 2
      vertex -16.2273 -16.7929 9
      vertex -16.2273 -16.7929 2
    endloop
  endfacet
  facet normal -0.980654 -0.195749 0
    outer loop
      vertex -16.2273 -16.7929 9
      vertex -16.2068 -16.8956 2
      vertex -16.2068 -16.8956 9
    endloop
  endfacet
  facet normal -0.997886 -0.0649964 0
    outer loop
      vertex -16.2 -17 2
      vertex -16.2068 -16.8956 9
      vertex -16.2068 -16.8956 2
    endloop
  endfacet
  facet normal -0.997886 -0.0649964 0
    outer loop
      vertex -16.2068 -16.8956 9
      vertex -16.2 -17 2
      vertex -16.2 -17 9
    endloop
  endfacet
  facet normal -0.946948 -0.321388 0
    outer loop
      vertex -16.2273 -16.7929 2
      vertex -16.2609 -16.6939 9
      vertex -16.2609 -16.6939 2
    endloop
  endfacet
  facet normal -0.946948 -0.321388 0
    outer loop
      vertex -16.2609 -16.6939 9
      vertex -16.2273 -16.7929 2
      vertex -16.2273 -16.7929 9
    endloop
  endfacet
  facet normal -0.831609 -0.555362 0
    outer loop
      vertex -16.3072 -16.6 2
      vertex -16.3653 -16.513 9
      vertex -16.3653 -16.513 2
    endloop
  endfacet
  facet normal -0.831609 -0.555362 0
    outer loop
      vertex -16.3653 -16.513 9
      vertex -16.3072 -16.6 2
      vertex -16.3072 -16.6 9
    endloop
  endfacet
  facet normal -0.321388 -0.946948 0
    outer loop
      vertex -16.7929 -16.2273 2
      vertex -16.6939 -16.2609 9
      vertex -16.7929 -16.2273 9
    endloop
  endfacet
  facet normal -0.321388 -0.946948 -0
    outer loop
      vertex -16.6939 -16.2609 9
      vertex -16.7929 -16.2273 2
      vertex -16.6939 -16.2609 2
    endloop
  endfacet
  facet normal -0.997886 0.0649964 0
    outer loop
      vertex -16.2068 -17.1044 2
      vertex -16.2 -17 9
      vertex -16.2 -17 2
    endloop
  endfacet
  facet normal -0.997886 0.0649964 0
    outer loop
      vertex -16.2 -17 9
      vertex -16.2068 -17.1044 2
      vertex -16.2068 -17.1044 9
    endloop
  endfacet
  facet normal 0.555362 0.831609 -0
    outer loop
      vertex -17.4 -17.6928 2
      vertex -17.487 -17.6347 9
      vertex -17.4 -17.6928 9
    endloop
  endfacet
  facet normal 0.555362 0.831609 0
    outer loop
      vertex -17.487 -17.6347 9
      vertex -17.4 -17.6928 2
      vertex -17.487 -17.6347 2
    endloop
  endfacet
  facet normal 0.321388 0.946948 -0
    outer loop
      vertex -17.2071 -17.7727 2
      vertex -17.3061 -17.7391 9
      vertex -17.2071 -17.7727 9
    endloop
  endfacet
  facet normal 0.321388 0.946948 0
    outer loop
      vertex -17.3061 -17.7391 9
      vertex -17.2071 -17.7727 2
      vertex -17.3061 -17.7391 2
    endloop
  endfacet
  facet normal -0.896897 -0.44224 0
    outer loop
      vertex -16.2609 -16.6939 2
      vertex -16.3072 -16.6 9
      vertex -16.3072 -16.6 2
    endloop
  endfacet
  facet normal -0.896897 -0.44224 0
    outer loop
      vertex -16.3072 -16.6 9
      vertex -16.2609 -16.6939 2
      vertex -16.2609 -16.6939 9
    endloop
  endfacet
  facet normal 0.321388 -0.946948 0
    outer loop
      vertex -17.3061 -16.2609 2
      vertex -17.2071 -16.2273 9
      vertex -17.3061 -16.2609 9
    endloop
  endfacet
  facet normal 0.321388 -0.946948 0
    outer loop
      vertex -17.2071 -16.2273 9
      vertex -17.3061 -16.2609 2
      vertex -17.2071 -16.2273 2
    endloop
  endfacet
  facet normal -0.751925 -0.659248 0
    outer loop
      vertex -16.3653 -16.513 2
      vertex -16.4343 -16.4343 9
      vertex -16.4343 -16.4343 2
    endloop
  endfacet
  facet normal -0.751925 -0.659248 0
    outer loop
      vertex -16.4343 -16.4343 9
      vertex -16.3653 -16.513 2
      vertex -16.3653 -16.513 9
    endloop
  endfacet
  facet normal -0.946948 0.321388 0
    outer loop
      vertex -16.2609 -17.3061 2
      vertex -16.2273 -17.2071 9
      vertex -16.2273 -17.2071 2
    endloop
  endfacet
  facet normal -0.946948 0.321388 0
    outer loop
      vertex -16.2273 -17.2071 9
      vertex -16.2609 -17.3061 2
      vertex -16.2609 -17.3061 9
    endloop
  endfacet
  facet normal 0.751925 0.659248 0
    outer loop
      vertex -17.5657 -17.5657 9
      vertex -17.6347 -17.487 2
      vertex -17.6347 -17.487 9
    endloop
  endfacet
  facet normal 0.751925 0.659248 0
    outer loop
      vertex -17.6347 -17.487 2
      vertex -17.5657 -17.5657 9
      vertex -17.5657 -17.5657 2
    endloop
  endfacet
  facet normal -0.980654 0.195749 0
    outer loop
      vertex -16.2273 -17.2071 2
      vertex -16.2068 -17.1044 9
      vertex -16.2068 -17.1044 2
    endloop
  endfacet
  facet normal -0.980654 0.195749 0
    outer loop
      vertex -16.2068 -17.1044 9
      vertex -16.2273 -17.2071 2
      vertex -16.2273 -17.2071 9
    endloop
  endfacet
  facet normal 0.659248 -0.751925 0
    outer loop
      vertex -17.5657 -16.4343 2
      vertex -17.487 -16.3653 9
      vertex -17.5657 -16.4343 9
    endloop
  endfacet
  facet normal 0.659248 -0.751925 0
    outer loop
      vertex -17.487 -16.3653 9
      vertex -17.5657 -16.4343 2
      vertex -17.487 -16.3653 2
    endloop
  endfacet
  facet normal 0.946948 0.321388 0
    outer loop
      vertex -17.7391 -17.3061 9
      vertex -17.7727 -17.2071 2
      vertex -17.7727 -17.2071 9
    endloop
  endfacet
  facet normal 0.946948 0.321388 0
    outer loop
      vertex -17.7727 -17.2071 2
      vertex -17.7391 -17.3061 9
      vertex -17.7391 -17.3061 2
    endloop
  endfacet
  facet normal -0.831609 0.555362 0
    outer loop
      vertex -16.3653 -17.487 2
      vertex -16.3072 -17.4 9
      vertex -16.3072 -17.4 2
    endloop
  endfacet
  facet normal -0.831609 0.555362 0
    outer loop
      vertex -16.3072 -17.4 9
      vertex -16.3653 -17.487 2
      vertex -16.3653 -17.487 9
    endloop
  endfacet
  facet normal -0.44224 -0.896897 0
    outer loop
      vertex -16.6939 -16.2609 2
      vertex -16.6 -16.3072 9
      vertex -16.6939 -16.2609 9
    endloop
  endfacet
  facet normal -0.44224 -0.896897 -0
    outer loop
      vertex -16.6 -16.3072 9
      vertex -16.6939 -16.2609 2
      vertex -16.6 -16.3072 2
    endloop
  endfacet
  facet normal 0.44224 -0.896897 0
    outer loop
      vertex -17.4 -16.3072 2
      vertex -17.3061 -16.2609 9
      vertex -17.4 -16.3072 9
    endloop
  endfacet
  facet normal 0.44224 -0.896897 0
    outer loop
      vertex -17.3061 -16.2609 9
      vertex -17.4 -16.3072 2
      vertex -17.3061 -16.2609 2
    endloop
  endfacet
  facet normal -0.44224 0.896897 0
    outer loop
      vertex -16.6 -17.6928 2
      vertex -16.6939 -17.7391 9
      vertex -16.6 -17.6928 9
    endloop
  endfacet
  facet normal -0.44224 0.896897 0
    outer loop
      vertex -16.6939 -17.7391 9
      vertex -16.6 -17.6928 2
      vertex -16.6939 -17.7391 2
    endloop
  endfacet
  facet normal -0.321388 0.946948 0
    outer loop
      vertex -16.6939 -17.7391 2
      vertex -16.7929 -17.7727 9
      vertex -16.6939 -17.7391 9
    endloop
  endfacet
  facet normal -0.321388 0.946948 0
    outer loop
      vertex -16.7929 -17.7727 9
      vertex -16.6939 -17.7391 2
      vertex -16.7929 -17.7727 2
    endloop
  endfacet
  facet normal 0.980654 0.195749 0
    outer loop
      vertex -17.7727 -17.2071 9
      vertex -17.7932 -17.1044 2
      vertex -17.7932 -17.1044 9
    endloop
  endfacet
  facet normal 0.980654 0.195749 0
    outer loop
      vertex -17.7932 -17.1044 2
      vertex -17.7727 -17.2071 9
      vertex -17.7727 -17.2071 2
    endloop
  endfacet
  facet normal 0.555362 -0.831609 0
    outer loop
      vertex -17.487 -16.3653 2
      vertex -17.4 -16.3072 9
      vertex -17.487 -16.3653 9
    endloop
  endfacet
  facet normal 0.555362 -0.831609 0
    outer loop
      vertex -17.4 -16.3072 9
      vertex -17.487 -16.3653 2
      vertex -17.4 -16.3072 2
    endloop
  endfacet
  facet normal -0.555362 0.831609 0
    outer loop
      vertex -16.513 -17.6347 2
      vertex -16.6 -17.6928 9
      vertex -16.513 -17.6347 9
    endloop
  endfacet
  facet normal -0.555362 0.831609 0
    outer loop
      vertex -16.6 -17.6928 9
      vertex -16.513 -17.6347 2
      vertex -16.6 -17.6928 2
    endloop
  endfacet
  facet normal -0.195749 0.980654 0
    outer loop
      vertex -16.7929 -17.7727 2
      vertex -16.8956 -17.7932 9
      vertex -16.7929 -17.7727 9
    endloop
  endfacet
  facet normal -0.195749 0.980654 0
    outer loop
      vertex -16.8956 -17.7932 9
      vertex -16.7929 -17.7727 2
      vertex -16.8956 -17.7932 2
    endloop
  endfacet
  facet normal -0.659248 -0.751925 0
    outer loop
      vertex -16.513 -16.3653 2
      vertex -16.4343 -16.4343 9
      vertex -16.513 -16.3653 9
    endloop
  endfacet
  facet normal -0.659248 -0.751925 -0
    outer loop
      vertex -16.4343 -16.4343 9
      vertex -16.513 -16.3653 2
      vertex -16.4343 -16.4343 2
    endloop
  endfacet
  facet normal 0.946948 -0.321388 0
    outer loop
      vertex -17.7727 -16.7929 9
      vertex -17.7391 -16.6939 2
      vertex -17.7391 -16.6939 9
    endloop
  endfacet
  facet normal 0.946948 -0.321388 0
    outer loop
      vertex -17.7391 -16.6939 2
      vertex -17.7727 -16.7929 9
      vertex -17.7727 -16.7929 2
    endloop
  endfacet
  facet normal -0.0649964 0.997886 0
    outer loop
      vertex -16.8956 -17.7932 2
      vertex -17 -17.8 9
      vertex -16.8956 -17.7932 9
    endloop
  endfacet
  facet normal -0.0649964 0.997886 0
    outer loop
      vertex -17 -17.8 9
      vertex -16.8956 -17.7932 2
      vertex -17 -17.8 2
    endloop
  endfacet
  facet normal 0.195749 -0.980654 0
    outer loop
      vertex -17.2071 -16.2273 2
      vertex -17.1044 -16.2068 9
      vertex -17.2071 -16.2273 9
    endloop
  endfacet
  facet normal 0.195749 -0.980654 0
    outer loop
      vertex -17.1044 -16.2068 9
      vertex -17.2071 -16.2273 2
      vertex -17.1044 -16.2068 2
    endloop
  endfacet
  facet normal 0.659248 0.751925 -0
    outer loop
      vertex -17.487 -17.6347 2
      vertex -17.5657 -17.5657 9
      vertex -17.487 -17.6347 9
    endloop
  endfacet
  facet normal 0.659248 0.751925 0
    outer loop
      vertex -17.5657 -17.5657 9
      vertex -17.487 -17.6347 2
      vertex -17.5657 -17.5657 2
    endloop
  endfacet
  facet normal 0.896897 -0.44224 0
    outer loop
      vertex -17.7391 -16.6939 9
      vertex -17.6928 -16.6 2
      vertex -17.6928 -16.6 9
    endloop
  endfacet
  facet normal 0.896897 -0.44224 0
    outer loop
      vertex -17.6928 -16.6 2
      vertex -17.7391 -16.6939 9
      vertex -17.7391 -16.6939 2
    endloop
  endfacet
  facet normal -0.896897 0.44224 0
    outer loop
      vertex -16.3072 -17.4 2
      vertex -16.2609 -17.3061 9
      vertex -16.2609 -17.3061 2
    endloop
  endfacet
  facet normal -0.896897 0.44224 0
    outer loop
      vertex -16.2609 -17.3061 9
      vertex -16.3072 -17.4 2
      vertex -16.3072 -17.4 9
    endloop
  endfacet
  facet normal -0.751925 0.659248 0
    outer loop
      vertex -16.4343 -17.5657 2
      vertex -16.3653 -17.487 9
      vertex -16.3653 -17.487 2
    endloop
  endfacet
  facet normal -0.751925 0.659248 0
    outer loop
      vertex -16.3653 -17.487 9
      vertex -16.4343 -17.5657 2
      vertex -16.4343 -17.5657 9
    endloop
  endfacet
  facet normal 0.0649964 0.997886 -0
    outer loop
      vertex -17 -17.8 2
      vertex -17.1044 -17.7932 9
      vertex -17 -17.8 9
    endloop
  endfacet
  facet normal 0.0649964 0.997886 0
    outer loop
      vertex -17.1044 -17.7932 9
      vertex -17 -17.8 2
      vertex -17.1044 -17.7932 2
    endloop
  endfacet
  facet normal -0.0649964 -0.997886 0
    outer loop
      vertex -17 -16.2 2
      vertex -16.8956 -16.2068 9
      vertex -17 -16.2 9
    endloop
  endfacet
  facet normal -0.0649964 -0.997886 -0
    outer loop
      vertex -16.8956 -16.2068 9
      vertex -17 -16.2 2
      vertex -16.8956 -16.2068 2
    endloop
  endfacet
  facet normal -0.555362 -0.831609 0
    outer loop
      vertex -16.6 -16.3072 2
      vertex -16.513 -16.3653 9
      vertex -16.6 -16.3072 9
    endloop
  endfacet
  facet normal -0.555362 -0.831609 -0
    outer loop
      vertex -16.513 -16.3653 9
      vertex -16.6 -16.3072 2
      vertex -16.513 -16.3653 2
    endloop
  endfacet
  facet normal 0.997886 0.0649964 0
    outer loop
      vertex -17.7932 -17.1044 9
      vertex -17.8 -17 2
      vertex -17.8 -17 9
    endloop
  endfacet
  facet normal 0.997886 0.0649964 0
    outer loop
      vertex -17.8 -17 2
      vertex -17.7932 -17.1044 9
      vertex -17.7932 -17.1044 2
    endloop
  endfacet
  facet normal 0.751925 -0.659248 0
    outer loop
      vertex -17.6347 -16.513 9
      vertex -17.5657 -16.4343 2
      vertex -17.5657 -16.4343 9
    endloop
  endfacet
  facet normal 0.751925 -0.659248 0
    outer loop
      vertex -17.5657 -16.4343 2
      vertex -17.6347 -16.513 9
      vertex -17.6347 -16.513 2
    endloop
  endfacet
  facet normal 0.0649964 -0.997886 0
    outer loop
      vertex -17.1044 -16.2068 2
      vertex -17 -16.2 9
      vertex -17.1044 -16.2068 9
    endloop
  endfacet
  facet normal 0.0649964 -0.997886 0
    outer loop
      vertex -17 -16.2 9
      vertex -17.1044 -16.2068 2
      vertex -17 -16.2 2
    endloop
  endfacet
  facet normal 0.195749 0.980654 -0
    outer loop
      vertex -17.1044 -17.7932 2
      vertex -17.2071 -17.7727 9
      vertex -17.1044 -17.7932 9
    endloop
  endfacet
  facet normal 0.195749 0.980654 0
    outer loop
      vertex -17.2071 -17.7727 9
      vertex -17.1044 -17.7932 2
      vertex -17.2071 -17.7727 2
    endloop
  endfacet
  facet normal 0.980654 -0.195749 0
    outer loop
      vertex -17.7932 -16.8956 9
      vertex -17.7727 -16.7929 2
      vertex -17.7727 -16.7929 9
    endloop
  endfacet
  facet normal 0.980654 -0.195749 0
    outer loop
      vertex -17.7727 -16.7929 2
      vertex -17.7932 -16.8956 9
      vertex -17.7932 -16.8956 2
    endloop
  endfacet
  facet normal 0.997886 -0.0649964 0
    outer loop
      vertex -17.8 -17 9
      vertex -17.7932 -16.8956 2
      vertex -17.7932 -16.8956 9
    endloop
  endfacet
  facet normal 0.997886 -0.0649964 0
    outer loop
      vertex -17.7932 -16.8956 2
      vertex -17.8 -17 9
      vertex -17.8 -17 2
    endloop
  endfacet
  facet normal 0.44224 0.896897 -0
    outer loop
      vertex -17.3061 -17.7391 2
      vertex -17.4 -17.6928 9
      vertex -17.3061 -17.7391 9
    endloop
  endfacet
  facet normal 0.44224 0.896897 0
    outer loop
      vertex -17.4 -17.6928 9
      vertex -17.3061 -17.7391 2
      vertex -17.4 -17.6928 2
    endloop
  endfacet
  facet normal -0.659248 0.751925 0
    outer loop
      vertex -16.4343 -17.5657 2
      vertex -16.513 -17.6347 9
      vertex -16.4343 -17.5657 9
    endloop
  endfacet
  facet normal -0.659248 0.751925 0
    outer loop
      vertex -16.513 -17.6347 9
      vertex -16.4343 -17.5657 2
      vertex -16.513 -17.6347 2
    endloop
  endfacet
  facet normal 0.831609 -0.555362 0
    outer loop
      vertex -17.6928 -16.6 9
      vertex -17.6347 -16.513 2
      vertex -17.6347 -16.513 9
    endloop
  endfacet
  facet normal 0.831609 -0.555362 0
    outer loop
      vertex -17.6347 -16.513 2
      vertex -17.6928 -16.6 9
      vertex -17.6928 -16.6 2
    endloop
  endfacet
  facet normal 0.831609 0.555362 0
    outer loop
      vertex -17.6347 -17.487 9
      vertex -17.6928 -17.4 2
      vertex -17.6928 -17.4 9
    endloop
  endfacet
  facet normal 0.831609 0.555362 0
    outer loop
      vertex -17.6928 -17.4 2
      vertex -17.6347 -17.487 9
      vertex -17.6347 -17.487 2
    endloop
  endfacet
  facet normal 0.896897 0.44224 0
    outer loop
      vertex -17.6928 -17.4 9
      vertex -17.7391 -17.3061 2
      vertex -17.7391 -17.3061 9
    endloop
  endfacet
  facet normal 0.896897 0.44224 0
    outer loop
      vertex -17.7391 -17.3061 2
      vertex -17.6928 -17.4 9
      vertex -17.6928 -17.4 2
    endloop
  endfacet
  facet normal 0.980741 0.195314 0
    outer loop
      vertex -14.8188 17.2872 9
      vertex -14.875 17.5694 2
      vertex -14.875 17.5694 9
    endloop
  endfacet
  facet normal 0.980741 0.195314 0
    outer loop
      vertex -14.875 17.5694 2
      vertex -14.8188 17.2872 9
      vertex -14.8188 17.2872 2
    endloop
  endfacet
  facet normal 0.997864 0.0653198 0
    outer loop
      vertex -14.8 17 9
      vertex -14.8188 17.2872 2
      vertex -14.8188 17.2872 9
    endloop
  endfacet
  facet normal 0.997864 0.0653198 0
    outer loop
      vertex -14.8188 17.2872 2
      vertex -14.8 17 9
      vertex -14.8 17 2
    endloop
  endfacet
  facet normal 0.946931 0.321435 0
    outer loop
      vertex -14.875 17.5694 9
      vertex -14.9675 17.8419 2
      vertex -14.9675 17.8419 9
    endloop
  endfacet
  facet normal 0.946931 0.321435 0
    outer loop
      vertex -14.9675 17.8419 2
      vertex -14.875 17.5694 9
      vertex -14.875 17.5694 2
    endloop
  endfacet
  facet normal -0.997864 0.0653198 0
    outer loop
      vertex -19.2 17 2
      vertex -19.1812 17.2872 9
      vertex -19.1812 17.2872 2
    endloop
  endfacet
  facet normal -0.997864 0.0653198 0
    outer loop
      vertex -19.1812 17.2872 9
      vertex -19.2 17 2
      vertex -19.2 17 9
    endloop
  endfacet
  facet normal 0.321435 0.946931 -0
    outer loop
      vertex -16.1581 19.0325 2
      vertex -16.4306 19.125 9
      vertex -16.1581 19.0325 9
    endloop
  endfacet
  facet normal 0.321435 0.946931 0
    outer loop
      vertex -16.4306 19.125 9
      vertex -16.1581 19.0325 2
      vertex -16.4306 19.125 2
    endloop
  endfacet
  facet normal 0.195314 0.980741 -0
    outer loop
      vertex -16.4306 19.125 2
      vertex -16.7128 19.1812 9
      vertex -16.4306 19.125 9
    endloop
  endfacet
  facet normal 0.195314 0.980741 0
    outer loop
      vertex -16.7128 19.1812 9
      vertex -16.4306 19.125 2
      vertex -16.7128 19.1812 2
    endloop
  endfacet
  facet normal 0.896984 0.442063 0
    outer loop
      vertex -14.9675 17.8419 9
      vertex -15.0947 18.1 2
      vertex -15.0947 18.1 9
    endloop
  endfacet
  facet normal 0.896984 0.442063 0
    outer loop
      vertex -15.0947 18.1 2
      vertex -14.9675 17.8419 9
      vertex -14.9675 17.8419 2
    endloop
  endfacet
  facet normal 0.195314 -0.980741 0
    outer loop
      vertex -16.7128 14.8188 2
      vertex -16.4306 14.875 9
      vertex -16.7128 14.8188 9
    endloop
  endfacet
  facet normal 0.195314 -0.980741 0
    outer loop
      vertex -16.4306 14.875 9
      vertex -16.7128 14.8188 2
      vertex -16.4306 14.875 2
    endloop
  endfacet
  facet normal 0.0653198 -0.997864 0
    outer loop
      vertex -17 14.8 2
      vertex -16.7128 14.8188 9
      vertex -17 14.8 9
    endloop
  endfacet
  facet normal 0.0653198 -0.997864 0
    outer loop
      vertex -16.7128 14.8188 9
      vertex -17 14.8 2
      vertex -16.7128 14.8188 2
    endloop
  endfacet
  facet normal 0.659562 0.75165 -0
    outer loop
      vertex -15.4444 18.5556 2
      vertex -15.6607 18.7454 9
      vertex -15.4444 18.5556 9
    endloop
  endfacet
  facet normal 0.659562 0.75165 0
    outer loop
      vertex -15.6607 18.7454 9
      vertex -15.4444 18.5556 2
      vertex -15.6607 18.7454 2
    endloop
  endfacet
  facet normal 0.896984 -0.442063 0
    outer loop
      vertex -15.0947 15.9 9
      vertex -14.9675 16.1581 2
      vertex -14.9675 16.1581 9
    endloop
  endfacet
  facet normal 0.896984 -0.442063 0
    outer loop
      vertex -14.9675 16.1581 2
      vertex -15.0947 15.9 9
      vertex -15.0947 15.9 2
    endloop
  endfacet
  facet normal -0.195314 -0.980741 0
    outer loop
      vertex -17.5694 14.875 2
      vertex -17.2872 14.8188 9
      vertex -17.5694 14.875 9
    endloop
  endfacet
  facet normal -0.195314 -0.980741 -0
    outer loop
      vertex -17.2872 14.8188 9
      vertex -17.5694 14.875 2
      vertex -17.2872 14.8188 2
    endloop
  endfacet
  facet normal -0.896984 0.442063 0
    outer loop
      vertex -19.0325 17.8419 2
      vertex -18.9053 18.1 9
      vertex -18.9053 18.1 2
    endloop
  endfacet
  facet normal -0.896984 0.442063 0
    outer loop
      vertex -18.9053 18.1 9
      vertex -19.0325 17.8419 2
      vertex -19.0325 17.8419 9
    endloop
  endfacet
  facet normal 0.659562 -0.75165 0
    outer loop
      vertex -15.6607 15.2546 2
      vertex -15.4444 15.4444 9
      vertex -15.6607 15.2546 9
    endloop
  endfacet
  facet normal 0.659562 -0.75165 0
    outer loop
      vertex -15.4444 15.4444 9
      vertex -15.6607 15.2546 2
      vertex -15.4444 15.4444 2
    endloop
  endfacet
  facet normal 0.75165 -0.659562 0
    outer loop
      vertex -15.4444 15.4444 9
      vertex -15.2546 15.6607 2
      vertex -15.2546 15.6607 9
    endloop
  endfacet
  facet normal 0.75165 -0.659562 0
    outer loop
      vertex -15.2546 15.6607 2
      vertex -15.4444 15.4444 9
      vertex -15.4444 15.4444 2
    endloop
  endfacet
  facet normal 0.321435 -0.946931 0
    outer loop
      vertex -16.4306 14.875 2
      vertex -16.1581 14.9675 9
      vertex -16.4306 14.875 9
    endloop
  endfacet
  facet normal 0.321435 -0.946931 0
    outer loop
      vertex -16.1581 14.9675 9
      vertex -16.4306 14.875 2
      vertex -16.1581 14.9675 2
    endloop
  endfacet
  facet normal -0.997864 -0.0653198 0
    outer loop
      vertex -19.1812 16.7128 2
      vertex -19.2 17 9
      vertex -19.2 17 2
    endloop
  endfacet
  facet normal -0.997864 -0.0653198 0
    outer loop
      vertex -19.2 17 9
      vertex -19.1812 16.7128 2
      vertex -19.1812 16.7128 9
    endloop
  endfacet
  facet normal -0.659562 0.75165 0
    outer loop
      vertex -18.3393 18.7454 2
      vertex -18.5556 18.5556 9
      vertex -18.3393 18.7454 9
    endloop
  endfacet
  facet normal -0.659562 0.75165 0
    outer loop
      vertex -18.5556 18.5556 9
      vertex -18.3393 18.7454 2
      vertex -18.5556 18.5556 2
    endloop
  endfacet
  facet normal -0.321435 0.946931 0
    outer loop
      vertex -17.5694 19.125 2
      vertex -17.8419 19.0325 9
      vertex -17.5694 19.125 9
    endloop
  endfacet
  facet normal -0.321435 0.946931 0
    outer loop
      vertex -17.8419 19.0325 9
      vertex -17.5694 19.125 2
      vertex -17.8419 19.0325 2
    endloop
  endfacet
  facet normal -0.831462 -0.555582 0
    outer loop
      vertex -18.7454 15.6607 2
      vertex -18.9053 15.9 9
      vertex -18.9053 15.9 2
    endloop
  endfacet
  facet normal -0.831462 -0.555582 0
    outer loop
      vertex -18.9053 15.9 9
      vertex -18.7454 15.6607 2
      vertex -18.7454 15.6607 9
    endloop
  endfacet
  facet normal 0.75165 0.659562 0
    outer loop
      vertex -15.2546 18.3393 9
      vertex -15.4444 18.5556 2
      vertex -15.4444 18.5556 9
    endloop
  endfacet
  facet normal 0.75165 0.659562 0
    outer loop
      vertex -15.4444 18.5556 2
      vertex -15.2546 18.3393 9
      vertex -15.2546 18.3393 2
    endloop
  endfacet
  facet normal -0.321435 -0.946931 0
    outer loop
      vertex -17.8419 14.9675 2
      vertex -17.5694 14.875 9
      vertex -17.8419 14.9675 9
    endloop
  endfacet
  facet normal -0.321435 -0.946931 -0
    outer loop
      vertex -17.5694 14.875 9
      vertex -17.8419 14.9675 2
      vertex -17.5694 14.875 2
    endloop
  endfacet
  facet normal 0.442063 -0.896984 0
    outer loop
      vertex -16.1581 14.9675 2
      vertex -15.9 15.0947 9
      vertex -16.1581 14.9675 9
    endloop
  endfacet
  facet normal 0.442063 -0.896984 0
    outer loop
      vertex -15.9 15.0947 9
      vertex -16.1581 14.9675 2
      vertex -15.9 15.0947 2
    endloop
  endfacet
  facet normal -0.442063 0.896984 0
    outer loop
      vertex -17.8419 19.0325 2
      vertex -18.1 18.9053 9
      vertex -17.8419 19.0325 9
    endloop
  endfacet
  facet normal -0.442063 0.896984 0
    outer loop
      vertex -18.1 18.9053 9
      vertex -17.8419 19.0325 2
      vertex -18.1 18.9053 2
    endloop
  endfacet
  facet normal 0 0 1
    outer loop
      vertex -16.2 17 9
      vertex -14.8 17 9
      vertex -14.8188 17.2872 9
    endloop
  endfacet
  facet normal 0 0 1
    outer loop
      vertex -16.2068 17.1044 9
      vertex -14.8188 17.2872 9
      vertex -14.875 17.5694 9
    endloop
  endfacet
  facet normal 0 0 1
    outer loop
      vertex -14.8 17 9
      vertex -16.2 17 9
      vertex -14.8188 16.7128 9
    endloop
  endfacet
  facet normal 0 0 1
    outer loop
      vertex -16.2273 17.2071 9
      vertex -14.875 17.5694 9
      vertex -14.9675 17.8419 9
    endloop
  endfacet
  facet normal -0 0 1
    outer loop
      vertex -16.2068 16.8956 9
      vertex -14.8188 16.7128 9
      vertex -16.2 17 9
    endloop
  endfacet
  facet normal 0 0 1
    outer loop
      vertex -16.2609 17.3061 9
      vertex -14.9675 17.8419 9
      vertex -15.0947 18.1 9
    endloop
  endfacet
  facet normal 0 0 1
    outer loop
      vertex -14.8188 16.7128 9
      vertex -16.2068 16.8956 9
      vertex -14.875 16.4306 9
    endloop
  endfacet
  facet normal 0 0 1
    outer loop
      vertex -16.3072 17.4 9
      vertex -15.0947 18.1 9
      vertex -15.2546 18.3393 9
    endloop
  endfacet
  facet normal -0 0 1
    outer loop
      vertex -16.2273 16.7929 9
      vertex -14.875 16.4306 9
      vertex -16.2068 16.8956 9
    endloop
  endfacet
  facet normal 0 0 1
    outer loop
      vertex -16.3653 17.487 9
      vertex -15.2546 18.3393 9
      vertex -15.4444 18.5556 9
    endloop
  endfacet
  facet normal 0 0 1
    outer loop
      vertex -14.875 16.4306 9
      vertex -16.2273 16.7929 9
      vertex -14.9675 16.1581 9
    endloop
  endfacet
  facet normal 0 0 1
    outer loop
      vertex -16.4343 17.5657 9
      vertex -15.4444 18.5556 9
      vertex -15.6607 18.7454 9
    endloop
  endfacet
  facet normal -0 0 1
    outer loop
      vertex -16.2609 16.6939 9
      vertex -14.9675 16.1581 9
      vertex -16.2273 16.7929 9
    endloop
  endfacet
  facet normal 0 0 1
    outer loop
      vertex -16.513 17.6347 9
      vertex -15.6607 18.7454 9
      vertex -15.9 18.9053 9
    endloop
  endfacet
  facet normal 0 0 1
    outer loop
      vertex -14.9675 16.1581 9
      vertex -16.2609 16.6939 9
      vertex -15.0947 15.9 9
    endloop
  endfacet
  facet normal 0 0 1
    outer loop
      vertex -16.6 17.6928 9
      vertex -15.9 18.9053 9
      vertex -16.1581 19.0325 9
    endloop
  endfacet
  facet normal -0 0 1
    outer loop
      vertex -16.3072 16.6 9
      vertex -15.0947 15.9 9
      vertex -16.2609 16.6939 9
    endloop
  endfacet
  facet normal 0 0 1
    outer loop
      vertex -15.0947 15.9 9
      vertex -16.3072 16.6 9
      vertex -15.2546 15.6607 9
    endloop
  endfacet
  facet normal 0 0 1
    outer loop
      vertex -14.8188 17.2872 9
      vertex -16.2068 17.1044 9
      vertex -16.2 17 9
    endloop
  endfacet
  facet normal 0 0 1
    outer loop
      vertex -14.875 17.5694 9
      vertex -16.2273 17.2071 9
      vertex -16.2068 17.1044 9
    endloop
  endfacet
  facet normal 0 0 1
    outer loop
      vertex -14.9675 17.8419 9
      vertex -16.2609 17.3061 9
      vertex -16.2273 17.2071 9
    endloop
  endfacet
  facet normal 0 0 1
    outer loop
      vertex -15.0947 18.1 9
      vertex -16.3072 17.4 9
      vertex -16.2609 17.3061 9
    endloop
  endfacet
  facet normal 0 0 1
    outer loop
      vertex -15.2546 18.3393 9
      vertex -16.3653 17.487 9
      vertex -16.3072 17.4 9
    endloop
  endfacet
  facet normal 0 0 1
    outer loop
      vertex -16.6939 17.7391 9
      vertex -16.1581 19.0325 9
      vertex -16.4306 19.125 9
    endloop
  endfacet
  facet normal 0 0 1
    outer loop
      vertex -15.4444 18.5556 9
      vertex -16.4343 17.5657 9
      vertex -16.3653 17.487 9
    endloop
  endfacet
  facet normal 0 0 1
    outer loop
      vertex -15.6607 18.7454 9
      vertex -16.513 17.6347 9
      vertex -16.4343 17.5657 9
    endloop
  endfacet
  facet normal 0 0 1
    outer loop
      vertex -15.9 18.9053 9
      vertex -16.6 17.6928 9
      vertex -16.513 17.6347 9
    endloop
  endfacet
  facet normal 0 0 1
    outer loop
      vertex -16.1581 19.0325 9
      vertex -16.6939 17.7391 9
      vertex -16.6 17.6928 9
    endloop
  endfacet
  facet normal 0 0 1
    outer loop
      vertex -16.7929 17.7727 9
      vertex -16.4306 19.125 9
      vertex -16.7128 19.1812 9
    endloop
  endfacet
  facet normal 0 0 1
    outer loop
      vertex -16.4306 19.125 9
      vertex -16.7929 17.7727 9
      vertex -16.6939 17.7391 9
    endloop
  endfacet
  facet normal 0 0 1
    outer loop
      vertex -16.7128 19.1812 9
      vertex -16.8956 17.7932 9
      vertex -16.7929 17.7727 9
    endloop
  endfacet
  facet normal 0 0 1
    outer loop
      vertex -17 19.2 9
      vertex -16.8956 17.7932 9
      vertex -16.7128 19.1812 9
    endloop
  endfacet
  facet normal 0 0 1
    outer loop
      vertex -17 19.2 9
      vertex -17 17.8 9
      vertex -16.8956 17.7932 9
    endloop
  endfacet
  facet normal 0 0 1
    outer loop
      vertex -17 19.2 9
      vertex -17.1044 17.7932 9
      vertex -17 17.8 9
    endloop
  endfacet
  facet normal -0 0 1
    outer loop
      vertex -17.2872 19.1812 9
      vertex -17.1044 17.7932 9
      vertex -17 19.2 9
    endloop
  endfacet
  facet normal 0 0 1
    outer loop
      vertex -17.1044 17.7932 9
      vertex -17.2872 19.1812 9
      vertex -17.2071 17.7727 9
    endloop
  endfacet
  facet normal -0 0 1
    outer loop
      vertex -17.5694 19.125 9
      vertex -17.2071 17.7727 9
      vertex -17.2872 19.1812 9
    endloop
  endfacet
  facet normal 0 0 1
    outer loop
      vertex -17.2071 17.7727 9
      vertex -17.5694 19.125 9
      vertex -17.3061 17.7391 9
    endloop
  endfacet
  facet normal -0 0 1
    outer loop
      vertex -17.8419 19.0325 9
      vertex -17.3061 17.7391 9
      vertex -17.5694 19.125 9
    endloop
  endfacet
  facet normal 0 0 1
    outer loop
      vertex -17.3061 17.7391 9
      vertex -17.8419 19.0325 9
      vertex -17.4 17.6928 9
    endloop
  endfacet
  facet normal -0 0 1
    outer loop
      vertex -18.1 18.9053 9
      vertex -17.4 17.6928 9
      vertex -17.8419 19.0325 9
    endloop
  endfacet
  facet normal 0 0 1
    outer loop
      vertex -17.4 17.6928 9
      vertex -18.1 18.9053 9
      vertex -17.487 17.6347 9
    endloop
  endfacet
  facet normal -0 0 1
    outer loop
      vertex -18.3393 18.7454 9
      vertex -17.487 17.6347 9
      vertex -18.1 18.9053 9
    endloop
  endfacet
  facet normal 0 0 1
    outer loop
      vertex -17.487 17.6347 9
      vertex -18.3393 18.7454 9
      vertex -17.5657 17.5657 9
    endloop
  endfacet
  facet normal -0 0 1
    outer loop
      vertex -18.5556 18.5556 9
      vertex -17.5657 17.5657 9
      vertex -18.3393 18.7454 9
    endloop
  endfacet
  facet normal 0 0 1
    outer loop
      vertex -17.5657 17.5657 9
      vertex -18.5556 18.5556 9
      vertex -17.6347 17.487 9
    endloop
  endfacet
  facet normal 0 0 1
    outer loop
      vertex -17.6347 17.487 9
      vertex -18.7454 18.3393 9
      vertex -17.6928 17.4 9
    endloop
  endfacet
  facet normal -0 0 1
    outer loop
      vertex -18.7454 18.3393 9
      vertex -17.6347 17.487 9
      vertex -18.5556 18.5556 9
    endloop
  endfacet
  facet normal -0 0 1
    outer loop
      vertex -16.3653 16.513 9
      vertex -15.2546 15.6607 9
      vertex -16.3072 16.6 9
    endloop
  endfacet
  facet normal 0 0 1
    outer loop
      vertex -15.2546 15.6607 9
      vertex -16.3653 16.513 9
      vertex -15.4444 15.4444 9
    endloop
  endfacet
  facet normal -0 0 1
    outer loop
      vertex -16.4343 16.4343 9
      vertex -15.4444 15.4444 9
      vertex -16.3653 16.513 9
    endloop
  endfacet
  facet normal 0 0 1
    outer loop
      vertex -15.4444 15.4444 9
      vertex -16.4343 16.4343 9
      vertex -15.6607 15.2546 9
    endloop
  endfacet
  facet normal -0 0 1
    outer loop
      vertex -16.513 16.3653 9
      vertex -15.6607 15.2546 9
      vertex -16.4343 16.4343 9
    endloop
  endfacet
  facet normal 0 0 1
    outer loop
      vertex -15.6607 15.2546 9
      vertex -16.513 16.3653 9
      vertex -15.9 15.0947 9
    endloop
  endfacet
  facet normal -0 0 1
    outer loop
      vertex -16.6 16.3072 9
      vertex -15.9 15.0947 9
      vertex -16.513 16.3653 9
    endloop
  endfacet
  facet normal 0 0 1
    outer loop
      vertex -15.9 15.0947 9
      vertex -16.6 16.3072 9
      vertex -16.1581 14.9675 9
    endloop
  endfacet
  facet normal -0 0 1
    outer loop
      vertex -16.6939 16.2609 9
      vertex -16.1581 14.9675 9
      vertex -16.6 16.3072 9
    endloop
  endfacet
  facet normal 0 0 1
    outer loop
      vertex -16.1581 14.9675 9
      vertex -16.6939 16.2609 9
      vertex -16.4306 14.875 9
    endloop
  endfacet
  facet normal -0 0 1
    outer loop
      vertex -16.7929 16.2273 9
      vertex -16.4306 14.875 9
      vertex -16.6939 16.2609 9
    endloop
  endfacet
  facet normal 0 0 1
    outer loop
      vertex -16.4306 14.875 9
      vertex -16.7929 16.2273 9
      vertex -16.7128 14.8188 9
    endloop
  endfacet
  facet normal -0 0 1
    outer loop
      vertex -16.8956 16.2068 9
      vertex -16.7128 14.8188 9
      vertex -16.7929 16.2273 9
    endloop
  endfacet
  facet normal -0 0 1
    outer loop
      vertex -17 16.2 9
      vertex -16.7128 14.8188 9
      vertex -16.8956 16.2068 9
    endloop
  endfacet
  facet normal 0 0 1
    outer loop
      vertex -17 16.2 9
      vertex -17 14.8 9
      vertex -16.7128 14.8188 9
    endloop
  endfacet
  facet normal 0 0 1
    outer loop
      vertex -17.1044 16.2068 9
      vertex -17 14.8 9
      vertex -17 16.2 9
    endloop
  endfacet
  facet normal 0 0 1
    outer loop
      vertex -17.2872 14.8188 9
      vertex -17.1044 16.2068 9
      vertex -17.2071 16.2273 9
    endloop
  endfacet
  facet normal 0 0 1
    outer loop
      vertex -17.1044 16.2068 9
      vertex -17.2872 14.8188 9
      vertex -17 14.8 9
    endloop
  endfacet
  facet normal 0 0 1
    outer loop
      vertex -17.5694 14.875 9
      vertex -17.2071 16.2273 9
      vertex -17.3061 16.2609 9
    endloop
  endfacet
  facet normal 0 0 1
    outer loop
      vertex -17.8419 14.9675 9
      vertex -17.3061 16.2609 9
      vertex -17.4 16.3072 9
    endloop
  endfacet
  facet normal 0 0 1
    outer loop
      vertex -18.1 15.0947 9
      vertex -17.4 16.3072 9
      vertex -17.487 16.3653 9
    endloop
  endfacet
  facet normal 0 0 1
    outer loop
      vertex -18.3393 15.2546 9
      vertex -17.487 16.3653 9
      vertex -17.5657 16.4343 9
    endloop
  endfacet
  facet normal 0 0 1
    outer loop
      vertex -17.2071 16.2273 9
      vertex -17.5694 14.875 9
      vertex -17.2872 14.8188 9
    endloop
  endfacet
  facet normal 0 0 1
    outer loop
      vertex -18.5556 15.4444 9
      vertex -17.5657 16.4343 9
      vertex -17.6347 16.513 9
    endloop
  endfacet
  facet normal 0 0 1
    outer loop
      vertex -18.7454 15.6607 9
      vertex -17.6347 16.513 9
      vertex -17.6928 16.6 9
    endloop
  endfacet
  facet normal 0 0 1
    outer loop
      vertex -18.9053 15.9 9
      vertex -17.6928 16.6 9
      vertex -17.7391 16.6939 9
    endloop
  endfacet
  facet normal 0 0 1
    outer loop
      vertex -19.0325 16.1581 9
      vertex -17.7391 16.6939 9
      vertex -17.7727 16.7929 9
    endloop
  endfacet
  facet normal 0 0 1
    outer loop
      vertex -19.125 16.4306 9
      vertex -17.7727 16.7929 9
      vertex -17.7932 16.8956 9
    endloop
  endfacet
  facet normal 0 0 1
    outer loop
      vertex -17.3061 16.2609 9
      vertex -17.8419 14.9675 9
      vertex -17.5694 14.875 9
    endloop
  endfacet
  facet normal 0 0 1
    outer loop
      vertex -19.1812 16.7128 9
      vertex -17.7932 16.8956 9
      vertex -17.8 17 9
    endloop
  endfacet
  facet normal -0 0 1
    outer loop
      vertex -18.9053 18.1 9
      vertex -17.6928 17.4 9
      vertex -18.7454 18.3393 9
    endloop
  endfacet
  facet normal 0 0 1
    outer loop
      vertex -17.6928 17.4 9
      vertex -18.9053 18.1 9
      vertex -17.7391 17.3061 9
    endloop
  endfacet
  facet normal 0 0 1
    outer loop
      vertex -17.4 16.3072 9
      vertex -18.1 15.0947 9
      vertex -17.8419 14.9675 9
    endloop
  endfacet
  facet normal -0 0 1
    outer loop
      vertex -19.0325 17.8419 9
      vertex -17.7391 17.3061 9
      vertex -18.9053 18.1 9
    endloop
  endfacet
  facet normal 0 0 1
    outer loop
      vertex -17.487 16.3653 9
      vertex -18.3393 15.2546 9
      vertex -18.1 15.0947 9
    endloop
  endfacet
  facet normal 0 0 1
    outer loop
      vertex -17.7391 17.3061 9
      vertex -19.0325 17.8419 9
      vertex -17.7727 17.2071 9
    endloop
  endfacet
  facet normal 0 0 1
    outer loop
      vertex -17.5657 16.4343 9
      vertex -18.5556 15.4444 9
      vertex -18.3393 15.2546 9
    endloop
  endfacet
  facet normal -0 0 1
    outer loop
      vertex -19.125 17.5694 9
      vertex -17.7727 17.2071 9
      vertex -19.0325 17.8419 9
    endloop
  endfacet
  facet normal 0 0 1
    outer loop
      vertex -17.6347 16.513 9
      vertex -18.7454 15.6607 9
      vertex -18.5556 15.4444 9
    endloop
  endfacet
  facet normal 0 0 1
    outer loop
      vertex -17.7727 17.2071 9
      vertex -19.125 17.5694 9
      vertex -17.7932 17.1044 9
    endloop
  endfacet
  facet normal 0 0 1
    outer loop
      vertex -17.6928 16.6 9
      vertex -18.9053 15.9 9
      vertex -18.7454 15.6607 9
    endloop
  endfacet
  facet normal -0 0 1
    outer loop
      vertex -19.1812 17.2872 9
      vertex -17.7932 17.1044 9
      vertex -19.125 17.5694 9
    endloop
  endfacet
  facet normal 0 0 1
    outer loop
      vertex -17.7391 16.6939 9
      vertex -19.0325 16.1581 9
      vertex -18.9053 15.9 9
    endloop
  endfacet
  facet normal 0 0 1
    outer loop
      vertex -17.7932 17.1044 9
      vertex -19.1812 17.2872 9
      vertex -17.8 17 9
    endloop
  endfacet
  facet normal 0 0 1
    outer loop
      vertex -17.7727 16.7929 9
      vertex -19.125 16.4306 9
      vertex -19.0325 16.1581 9
    endloop
  endfacet
  facet normal 0 0 1
    outer loop
      vertex -19.2 17 9
      vertex -17.8 17 9
      vertex -19.1812 17.2872 9
    endloop
  endfacet
  facet normal 0 0 1
    outer loop
      vertex -17.7932 16.8956 9
      vertex -19.1812 16.7128 9
      vertex -19.125 16.4306 9
    endloop
  endfacet
  facet normal 0 0 1
    outer loop
      vertex -17.8 17 9
      vertex -19.2 17 9
      vertex -19.1812 16.7128 9
    endloop
  endfacet
  facet normal 0.980741 -0.195314 0
    outer loop
      vertex -14.875 16.4306 9
      vertex -14.8188 16.7128 2
      vertex -14.8188 16.7128 9
    endloop
  endfacet
  facet normal 0.980741 -0.195314 0
    outer loop
      vertex -14.8188 16.7128 2
      vertex -14.875 16.4306 9
      vertex -14.875 16.4306 2
    endloop
  endfacet
  facet normal -0.946931 -0.321435 0
    outer loop
      vertex -19.0325 16.1581 2
      vertex -19.125 16.4306 9
      vertex -19.125 16.4306 2
    endloop
  endfacet
  facet normal -0.946931 -0.321435 0
    outer loop
      vertex -19.125 16.4306 9
      vertex -19.0325 16.1581 2
      vertex -19.0325 16.1581 9
    endloop
  endfacet
  facet normal 0.946931 -0.321435 0
    outer loop
      vertex -14.9675 16.1581 9
      vertex -14.875 16.4306 2
      vertex -14.875 16.4306 9
    endloop
  endfacet
  facet normal 0.946931 -0.321435 0
    outer loop
      vertex -14.875 16.4306 2
      vertex -14.9675 16.1581 9
      vertex -14.9675 16.1581 2
    endloop
  endfacet
  facet normal 0.555582 0.831462 -0
    outer loop
      vertex -15.6607 18.7454 2
      vertex -15.9 18.9053 9
      vertex -15.6607 18.7454 9
    endloop
  endfacet
  facet normal 0.555582 0.831462 0
    outer loop
      vertex -15.9 18.9053 9
      vertex -15.6607 18.7454 2
      vertex -15.9 18.9053 2
    endloop
  endfacet
  facet normal 0.442063 0.896984 -0
    outer loop
      vertex -15.9 18.9053 2
      vertex -16.1581 19.0325 9
      vertex -15.9 18.9053 9
    endloop
  endfacet
  facet normal 0.442063 0.896984 0
    outer loop
      vertex -16.1581 19.0325 9
      vertex -15.9 18.9053 2
      vertex -16.1581 19.0325 2
    endloop
  endfacet
  facet normal -0.195314 0.980741 0
    outer loop
      vertex -17.2872 19.1812 2
      vertex -17.5694 19.125 9
      vertex -17.2872 19.1812 9
    endloop
  endfacet
  facet normal -0.195314 0.980741 0
    outer loop
      vertex -17.5694 19.125 9
      vertex -17.2872 19.1812 2
      vertex -17.5694 19.125 2
    endloop
  endfacet
  facet normal -0.442063 -0.896984 0
    outer loop
      vertex -18.1 15.0947 2
      vertex -17.8419 14.9675 9
      vertex -18.1 15.0947 9
    endloop
  endfacet
  facet normal -0.442063 -0.896984 -0
    outer loop
      vertex -17.8419 14.9675 9
      vertex -18.1 15.0947 2
      vertex -17.8419 14.9675 2
    endloop
  endfacet
  facet normal -0.0653198 0.997864 0
    outer loop
      vertex -17 19.2 2
      vertex -17.2872 19.1812 9
      vertex -17 19.2 9
    endloop
  endfacet
  facet normal -0.0653198 0.997864 0
    outer loop
      vertex -17.2872 19.1812 9
      vertex -17 19.2 2
      vertex -17.2872 19.1812 2
    endloop
  endfacet
  facet normal -0.75165 0.659562 0
    outer loop
      vertex -18.7454 18.3393 2
      vertex -18.5556 18.5556 9
      vertex -18.5556 18.5556 2
    endloop
  endfacet
  facet normal -0.75165 0.659562 0
    outer loop
      vertex -18.5556 18.5556 9
      vertex -18.7454 18.3393 2
      vertex -18.7454 18.3393 9
    endloop
  endfacet
  facet normal 0.997864 -0.0653198 0
    outer loop
      vertex -14.8188 16.7128 9
      vertex -14.8 17 2
      vertex -14.8 17 9
    endloop
  endfacet
  facet normal 0.997864 -0.0653198 0
    outer loop
      vertex -14.8 17 2
      vertex -14.8188 16.7128 9
      vertex -14.8188 16.7128 2
    endloop
  endfacet
  facet normal -0.946931 0.321435 0
    outer loop
      vertex -19.125 17.5694 2
      vertex -19.0325 17.8419 9
      vertex -19.0325 17.8419 2
    endloop
  endfacet
  facet normal -0.946931 0.321435 0
    outer loop
      vertex -19.0325 17.8419 9
      vertex -19.125 17.5694 2
      vertex -19.125 17.5694 9
    endloop
  endfacet
  facet normal -0.659562 -0.75165 0
    outer loop
      vertex -18.5556 15.4444 2
      vertex -18.3393 15.2546 9
      vertex -18.5556 15.4444 9
    endloop
  endfacet
  facet normal -0.659562 -0.75165 -0
    outer loop
      vertex -18.3393 15.2546 9
      vertex -18.5556 15.4444 2
      vertex -18.3393 15.2546 2
    endloop
  endfacet
  facet normal 0.0653198 0.997864 -0
    outer loop
      vertex -16.7128 19.1812 2
      vertex -17 19.2 9
      vertex -16.7128 19.1812 9
    endloop
  endfacet
  facet normal 0.0653198 0.997864 0
    outer loop
      vertex -17 19.2 9
      vertex -16.7128 19.1812 2
      vertex -17 19.2 2
    endloop
  endfacet
  facet normal 0.831462 0.555582 0
    outer loop
      vertex -15.0947 18.1 9
      vertex -15.2546 18.3393 2
      vertex -15.2546 18.3393 9
    endloop
  endfacet
  facet normal 0.831462 0.555582 0
    outer loop
      vertex -15.2546 18.3393 2
      vertex -15.0947 18.1 9
      vertex -15.0947 18.1 2
    endloop
  endfacet
  facet normal -0.896984 -0.442063 0
    outer loop
      vertex -18.9053 15.9 2
      vertex -19.0325 16.1581 9
      vertex -19.0325 16.1581 2
    endloop
  endfacet
  facet normal -0.896984 -0.442063 0
    outer loop
      vertex -19.0325 16.1581 9
      vertex -18.9053 15.9 2
      vertex -18.9053 15.9 9
    endloop
  endfacet
  facet normal 0.831462 -0.555582 0
    outer loop
      vertex -15.2546 15.6607 9
      vertex -15.0947 15.9 2
      vertex -15.0947 15.9 9
    endloop
  endfacet
  facet normal 0.831462 -0.555582 0
    outer loop
      vertex -15.0947 15.9 2
      vertex -15.2546 15.6607 9
      vertex -15.2546 15.6607 2
    endloop
  endfacet
  facet normal -0.0653198 -0.997864 0
    outer loop
      vertex -17.2872 14.8188 2
      vertex -17 14.8 9
      vertex -17.2872 14.8188 9
    endloop
  endfacet
  facet normal -0.0653198 -0.997864 -0
    outer loop
      vertex -17 14.8 9
      vertex -17.2872 14.8188 2
      vertex -17 14.8 2
    endloop
  endfacet
  facet normal -0.980741 0.195314 0
    outer loop
      vertex -19.1812 17.2872 2
      vertex -19.125 17.5694 9
      vertex -19.125 17.5694 2
    endloop
  endfacet
  facet normal -0.980741 0.195314 0
    outer loop
      vertex -19.125 17.5694 9
      vertex -19.1812 17.2872 2
      vertex -19.1812 17.2872 9
    endloop
  endfacet
  facet normal -0.555582 -0.831462 0
    outer loop
      vertex -18.3393 15.2546 2
      vertex -18.1 15.0947 9
      vertex -18.3393 15.2546 9
    endloop
  endfacet
  facet normal -0.555582 -0.831462 -0
    outer loop
      vertex -18.1 15.0947 9
      vertex -18.3393 15.2546 2
      vertex -18.1 15.0947 2
    endloop
  endfacet
  facet normal -0.555582 0.831462 0
    outer loop
      vertex -18.1 18.9053 2
      vertex -18.3393 18.7454 9
      vertex -18.1 18.9053 9
    endloop
  endfacet
  facet normal -0.555582 0.831462 0
    outer loop
      vertex -18.3393 18.7454 9
      vertex -18.1 18.9053 2
      vertex -18.3393 18.7454 2
    endloop
  endfacet
  facet normal -0.980741 -0.195314 0
    outer loop
      vertex -19.125 16.4306 2
      vertex -19.1812 16.7128 9
      vertex -19.1812 16.7128 2
    endloop
  endfacet
  facet normal -0.980741 -0.195314 0
    outer loop
      vertex -19.1812 16.7128 9
      vertex -19.125 16.4306 2
      vertex -19.125 16.4306 9
    endloop
  endfacet
  facet normal -0.75165 -0.659562 0
    outer loop
      vertex -18.5556 15.4444 2
      vertex -18.7454 15.6607 9
      vertex -18.7454 15.6607 2
    endloop
  endfacet
  facet normal -0.75165 -0.659562 0
    outer loop
      vertex -18.7454 15.6607 9
      vertex -18.5556 15.4444 2
      vertex -18.5556 15.4444 9
    endloop
  endfacet
  facet normal 0.555582 -0.831462 0
    outer loop
      vertex -15.9 15.0947 2
      vertex -15.6607 15.2546 9
      vertex -15.9 15.0947 9
    endloop
  endfacet
  facet normal 0.555582 -0.831462 0
    outer loop
      vertex -15.6607 15.2546 9
      vertex -15.9 15.0947 2
      vertex -15.6607 15.2546 2
    endloop
  endfacet
  facet normal -0.831462 0.555582 0
    outer loop
      vertex -18.9053 18.1 2
      vertex -18.7454 18.3393 9
      vertex -18.7454 18.3393 2
    endloop
  endfacet
  facet normal -0.831462 0.555582 0
    outer loop
      vertex -18.7454 18.3393 9
      vertex -18.9053 18.1 2
      vertex -18.9053 18.1 9
    endloop
  endfacet
  facet normal -0.195749 -0.980654 0
    outer loop
      vertex -16.8956 17.7932 2
      vertex -16.7929 17.7727 9
      vertex -16.8956 17.7932 9
    endloop
  endfacet
  facet normal -0.195749 -0.980654 -0
    outer loop
      vertex -16.7929 17.7727 9
      vertex -16.8956 17.7932 2
      vertex -16.7929 17.7727 2
    endloop
  endfacet
  facet normal -0.980654 -0.195749 0
    outer loop
      vertex -16.2068 17.1044 2
      vertex -16.2273 17.2071 9
      vertex -16.2273 17.2071 2
    endloop
  endfacet
  facet normal -0.980654 -0.195749 0
    outer loop
      vertex -16.2273 17.2071 9
      vertex -16.2068 17.1044 2
      vertex -16.2068 17.1044 9
    endloop
  endfacet
  facet normal -0.997886 -0.0649964 0
    outer loop
      vertex -16.2 17 2
      vertex -16.2068 17.1044 9
      vertex -16.2068 17.1044 2
    endloop
  endfacet
  facet normal -0.997886 -0.0649964 0
    outer loop
      vertex -16.2068 17.1044 9
      vertex -16.2 17 2
      vertex -16.2 17 9
    endloop
  endfacet
  facet normal -0.946948 -0.321388 0
    outer loop
      vertex -16.2273 17.2071 2
      vertex -16.2609 17.3061 9
      vertex -16.2609 17.3061 2
    endloop
  endfacet
  facet normal -0.946948 -0.321388 0
    outer loop
      vertex -16.2609 17.3061 9
      vertex -16.2273 17.2071 2
      vertex -16.2273 17.2071 9
    endloop
  endfacet
  facet normal -0.831609 -0.555362 0
    outer loop
      vertex -16.3072 17.4 2
      vertex -16.3653 17.487 9
      vertex -16.3653 17.487 2
    endloop
  endfacet
  facet normal -0.831609 -0.555362 0
    outer loop
      vertex -16.3653 17.487 9
      vertex -16.3072 17.4 2
      vertex -16.3072 17.4 9
    endloop
  endfacet
  facet normal -0.321388 -0.946948 0
    outer loop
      vertex -16.7929 17.7727 2
      vertex -16.6939 17.7391 9
      vertex -16.7929 17.7727 9
    endloop
  endfacet
  facet normal -0.321388 -0.946948 -0
    outer loop
      vertex -16.6939 17.7391 9
      vertex -16.7929 17.7727 2
      vertex -16.6939 17.7391 2
    endloop
  endfacet
  facet normal -0.997886 0.0649964 0
    outer loop
      vertex -16.2068 16.8956 2
      vertex -16.2 17 9
      vertex -16.2 17 2
    endloop
  endfacet
  facet normal -0.997886 0.0649964 0
    outer loop
      vertex -16.2 17 9
      vertex -16.2068 16.8956 2
      vertex -16.2068 16.8956 9
    endloop
  endfacet
  facet normal 0.555362 0.831609 -0
    outer loop
      vertex -17.4 16.3072 2
      vertex -17.487 16.3653 9
      vertex -17.4 16.3072 9
    endloop
  endfacet
  facet normal 0.555362 0.831609 0
    outer loop
      vertex -17.487 16.3653 9
      vertex -17.4 16.3072 2
      vertex -17.487 16.3653 2
    endloop
  endfacet
  facet normal 0.321388 0.946948 -0
    outer loop
      vertex -17.2071 16.2273 2
      vertex -17.3061 16.2609 9
      vertex -17.2071 16.2273 9
    endloop
  endfacet
  facet normal 0.321388 0.946948 0
    outer loop
      vertex -17.3061 16.2609 9
      vertex -17.2071 16.2273 2
      vertex -17.3061 16.2609 2
    endloop
  endfacet
  facet normal -0.896897 -0.44224 0
    outer loop
      vertex -16.2609 17.3061 2
      vertex -16.3072 17.4 9
      vertex -16.3072 17.4 2
    endloop
  endfacet
  facet normal -0.896897 -0.44224 0
    outer loop
      vertex -16.3072 17.4 9
      vertex -16.2609 17.3061 2
      vertex -16.2609 17.3061 9
    endloop
  endfacet
  facet normal 0.321388 -0.946948 0
    outer loop
      vertex -17.3061 17.7391 2
      vertex -17.2071 17.7727 9
      vertex -17.3061 17.7391 9
    endloop
  endfacet
  facet normal 0.321388 -0.946948 0
    outer loop
      vertex -17.2071 17.7727 9
      vertex -17.3061 17.7391 2
      vertex -17.2071 17.7727 2
    endloop
  endfacet
  facet normal -0.751925 -0.659248 0
    outer loop
      vertex -16.3653 17.487 2
      vertex -16.4343 17.5657 9
      vertex -16.4343 17.5657 2
    endloop
  endfacet
  facet normal -0.751925 -0.659248 0
    outer loop
      vertex -16.4343 17.5657 9
      vertex -16.3653 17.487 2
      vertex -16.3653 17.487 9
    endloop
  endfacet
  facet normal -0.946948 0.321388 0
    outer loop
      vertex -16.2609 16.6939 2
      vertex -16.2273 16.7929 9
      vertex -16.2273 16.7929 2
    endloop
  endfacet
  facet normal -0.946948 0.321388 0
    outer loop
      vertex -16.2273 16.7929 9
      vertex -16.2609 16.6939 2
      vertex -16.2609 16.6939 9
    endloop
  endfacet
  facet normal 0.751925 0.659248 0
    outer loop
      vertex -17.5657 16.4343 9
      vertex -17.6347 16.513 2
      vertex -17.6347 16.513 9
    endloop
  endfacet
  facet normal 0.751925 0.659248 0
    outer loop
      vertex -17.6347 16.513 2
      vertex -17.5657 16.4343 9
      vertex -17.5657 16.4343 2
    endloop
  endfacet
  facet normal -0.980654 0.195749 0
    outer loop
      vertex -16.2273 16.7929 2
      vertex -16.2068 16.8956 9
      vertex -16.2068 16.8956 2
    endloop
  endfacet
  facet normal -0.980654 0.195749 0
    outer loop
      vertex -16.2068 16.8956 9
      vertex -16.2273 16.7929 2
      vertex -16.2273 16.7929 9
    endloop
  endfacet
  facet normal 0.659248 -0.751925 0
    outer loop
      vertex -17.5657 17.5657 2
      vertex -17.487 17.6347 9
      vertex -17.5657 17.5657 9
    endloop
  endfacet
  facet normal 0.659248 -0.751925 0
    outer loop
      vertex -17.487 17.6347 9
      vertex -17.5657 17.5657 2
      vertex -17.487 17.6347 2
    endloop
  endfacet
  facet normal 0.946948 0.321388 0
    outer loop
      vertex -17.7391 16.6939 9
      vertex -17.7727 16.7929 2
      vertex -17.7727 16.7929 9
    endloop
  endfacet
  facet normal 0.946948 0.321388 0
    outer loop
      vertex -17.7727 16.7929 2
      vertex -17.7391 16.6939 9
      vertex -17.7391 16.6939 2
    endloop
  endfacet
  facet normal -0.831609 0.555362 0
    outer loop
      vertex -16.3653 16.513 2
      vertex -16.3072 16.6 9
      vertex -16.3072 16.6 2
    endloop
  endfacet
  facet normal -0.831609 0.555362 0
    outer loop
      vertex -16.3072 16.6 9
      vertex -16.3653 16.513 2
      vertex -16.3653 16.513 9
    endloop
  endfacet
  facet normal -0.44224 -0.896897 0
    outer loop
      vertex -16.6939 17.7391 2
      vertex -16.6 17.6928 9
      vertex -16.6939 17.7391 9
    endloop
  endfacet
  facet normal -0.44224 -0.896897 -0
    outer loop
      vertex -16.6 17.6928 9
      vertex -16.6939 17.7391 2
      vertex -16.6 17.6928 2
    endloop
  endfacet
  facet normal 0.44224 -0.896897 0
    outer loop
      vertex -17.4 17.6928 2
      vertex -17.3061 17.7391 9
      vertex -17.4 17.6928 9
    endloop
  endfacet
  facet normal 0.44224 -0.896897 0
    outer loop
      vertex -17.3061 17.7391 9
      vertex -17.4 17.6928 2
      vertex -17.3061 17.7391 2
    endloop
  endfacet
  facet normal -0.44224 0.896897 0
    outer loop
      vertex -16.6 16.3072 2
      vertex -16.6939 16.2609 9
      vertex -16.6 16.3072 9
    endloop
  endfacet
  facet normal -0.44224 0.896897 0
    outer loop
      vertex -16.6939 16.2609 9
      vertex -16.6 16.3072 2
      vertex -16.6939 16.2609 2
    endloop
  endfacet
  facet normal -0.321388 0.946948 0
    outer loop
      vertex -16.6939 16.2609 2
      vertex -16.7929 16.2273 9
      vertex -16.6939 16.2609 9
    endloop
  endfacet
  facet normal -0.321388 0.946948 0
    outer loop
      vertex -16.7929 16.2273 9
      vertex -16.6939 16.2609 2
      vertex -16.7929 16.2273 2
    endloop
  endfacet
  facet normal 0.980654 0.195749 0
    outer loop
      vertex -17.7727 16.7929 9
      vertex -17.7932 16.8956 2
      vertex -17.7932 16.8956 9
    endloop
  endfacet
  facet normal 0.980654 0.195749 0
    outer loop
      vertex -17.7932 16.8956 2
      vertex -17.7727 16.7929 9
      vertex -17.7727 16.7929 2
    endloop
  endfacet
  facet normal 0.555362 -0.831609 0
    outer loop
      vertex -17.487 17.6347 2
      vertex -17.4 17.6928 9
      vertex -17.487 17.6347 9
    endloop
  endfacet
  facet normal 0.555362 -0.831609 0
    outer loop
      vertex -17.4 17.6928 9
      vertex -17.487 17.6347 2
      vertex -17.4 17.6928 2
    endloop
  endfacet
  facet normal -0.555362 0.831609 0
    outer loop
      vertex -16.513 16.3653 2
      vertex -16.6 16.3072 9
      vertex -16.513 16.3653 9
    endloop
  endfacet
  facet normal -0.555362 0.831609 0
    outer loop
      vertex -16.6 16.3072 9
      vertex -16.513 16.3653 2
      vertex -16.6 16.3072 2
    endloop
  endfacet
  facet normal -0.195749 0.980654 0
    outer loop
      vertex -16.7929 16.2273 2
      vertex -16.8956 16.2068 9
      vertex -16.7929 16.2273 9
    endloop
  endfacet
  facet normal -0.195749 0.980654 0
    outer loop
      vertex -16.8956 16.2068 9
      vertex -16.7929 16.2273 2
      vertex -16.8956 16.2068 2
    endloop
  endfacet
  facet normal -0.659248 -0.751925 0
    outer loop
      vertex -16.513 17.6347 2
      vertex -16.4343 17.5657 9
      vertex -16.513 17.6347 9
    endloop
  endfacet
  facet normal -0.659248 -0.751925 -0
    outer loop
      vertex -16.4343 17.5657 9
      vertex -16.513 17.6347 2
      vertex -16.4343 17.5657 2
    endloop
  endfacet
  facet normal 0.946948 -0.321388 0
    outer loop
      vertex -17.7727 17.2071 9
      vertex -17.7391 17.3061 2
      vertex -17.7391 17.3061 9
    endloop
  endfacet
  facet normal 0.946948 -0.321388 0
    outer loop
      vertex -17.7391 17.3061 2
      vertex -17.7727 17.2071 9
      vertex -17.7727 17.2071 2
    endloop
  endfacet
  facet normal -0.0649964 0.997886 0
    outer loop
      vertex -16.8956 16.2068 2
      vertex -17 16.2 9
      vertex -16.8956 16.2068 9
    endloop
  endfacet
  facet normal -0.0649964 0.997886 0
    outer loop
      vertex -17 16.2 9
      vertex -16.8956 16.2068 2
      vertex -17 16.2 2
    endloop
  endfacet
  facet normal 0.195749 -0.980654 0
    outer loop
      vertex -17.2071 17.7727 2
      vertex -17.1044 17.7932 9
      vertex -17.2071 17.7727 9
    endloop
  endfacet
  facet normal 0.195749 -0.980654 0
    outer loop
      vertex -17.1044 17.7932 9
      vertex -17.2071 17.7727 2
      vertex -17.1044 17.7932 2
    endloop
  endfacet
  facet normal 0.659248 0.751925 -0
    outer loop
      vertex -17.487 16.3653 2
      vertex -17.5657 16.4343 9
      vertex -17.487 16.3653 9
    endloop
  endfacet
  facet normal 0.659248 0.751925 0
    outer loop
      vertex -17.5657 16.4343 9
      vertex -17.487 16.3653 2
      vertex -17.5657 16.4343 2
    endloop
  endfacet
  facet normal 0.896897 -0.44224 0
    outer loop
      vertex -17.7391 17.3061 9
      vertex -17.6928 17.4 2
      vertex -17.6928 17.4 9
    endloop
  endfacet
  facet normal 0.896897 -0.44224 0
    outer loop
      vertex -17.6928 17.4 2
      vertex -17.7391 17.3061 9
      vertex -17.7391 17.3061 2
    endloop
  endfacet
  facet normal -0.896897 0.44224 0
    outer loop
      vertex -16.3072 16.6 2
      vertex -16.2609 16.6939 9
      vertex -16.2609 16.6939 2
    endloop
  endfacet
  facet normal -0.896897 0.44224 0
    outer loop
      vertex -16.2609 16.6939 9
      vertex -16.3072 16.6 2
      vertex -16.3072 16.6 9
    endloop
  endfacet
  facet normal -0.751925 0.659248 0
    outer loop
      vertex -16.4343 16.4343 2
      vertex -16.3653 16.513 9
      vertex -16.3653 16.513 2
    endloop
  endfacet
  facet normal -0.751925 0.659248 0
    outer loop
      vertex -16.3653 16.513 9
      vertex -16.4343 16.4343 2
      vertex -16.4343 16.4343 9
    endloop
  endfacet
  facet normal 0.0649964 0.997886 -0
    outer loop
      vertex -17 16.2 2
      vertex -17.1044 16.2068 9
      vertex -17 16.2 9
    endloop
  endfacet
  facet normal 0.0649964 0.997886 0
    outer loop
      vertex -17.1044 16.2068 9
      vertex -17 16.2 2
      vertex -17.1044 16.2068 2
    endloop
  endfacet
  facet normal -0.0649964 -0.997886 0
    outer loop
      vertex -17 17.8 2
      vertex -16.8956 17.7932 9
      vertex -17 17.8 9
    endloop
  endfacet
  facet normal -0.0649964 -0.997886 -0
    outer loop
      vertex -16.8956 17.7932 9
      vertex -17 17.8 2
      vertex -16.8956 17.7932 2
    endloop
  endfacet
  facet normal -0.555362 -0.831609 0
    outer loop
      vertex -16.6 17.6928 2
      vertex -16.513 17.6347 9
      vertex -16.6 17.6928 9
    endloop
  endfacet
  facet normal -0.555362 -0.831609 -0
    outer loop
      vertex -16.513 17.6347 9
      vertex -16.6 17.6928 2
      vertex -16.513 17.6347 2
    endloop
  endfacet
  facet normal 0.997886 0.0649964 0
    outer loop
      vertex -17.7932 16.8956 9
      vertex -17.8 17 2
      vertex -17.8 17 9
    endloop
  endfacet
  facet normal 0.997886 0.0649964 0
    outer loop
      vertex -17.8 17 2
      vertex -17.7932 16.8956 9
      vertex -17.7932 16.8956 2
    endloop
  endfacet
  facet normal 0.751925 -0.659248 0
    outer loop
      vertex -17.6347 17.487 9
      vertex -17.5657 17.5657 2
      vertex -17.5657 17.5657 9
    endloop
  endfacet
  facet normal 0.751925 -0.659248 0
    outer loop
      vertex -17.5657 17.5657 2
      vertex -17.6347 17.487 9
      vertex -17.6347 17.487 2
    endloop
  endfacet
  facet normal 0.0649964 -0.997886 0
    outer loop
      vertex -17.1044 17.7932 2
      vertex -17 17.8 9
      vertex -17.1044 17.7932 9
    endloop
  endfacet
  facet normal 0.0649964 -0.997886 0
    outer loop
      vertex -17 17.8 9
      vertex -17.1044 17.7932 2
      vertex -17 17.8 2
    endloop
  endfacet
  facet normal 0.195749 0.980654 -0
    outer loop
      vertex -17.1044 16.2068 2
      vertex -17.2071 16.2273 9
      vertex -17.1044 16.2068 9
    endloop
  endfacet
  facet normal 0.195749 0.980654 0
    outer loop
      vertex -17.2071 16.2273 9
      vertex -17.1044 16.2068 2
      vertex -17.2071 16.2273 2
    endloop
  endfacet
  facet normal 0.980654 -0.195749 0
    outer loop
      vertex -17.7932 17.1044 9
      vertex -17.7727 17.2071 2
      vertex -17.7727 17.2071 9
    endloop
  endfacet
  facet normal 0.980654 -0.195749 0
    outer loop
      vertex -17.7727 17.2071 2
      vertex -17.7932 17.1044 9
      vertex -17.7932 17.1044 2
    endloop
  endfacet
  facet normal 0.997886 -0.0649964 0
    outer loop
      vertex -17.8 17 9
      vertex -17.7932 17.1044 2
      vertex -17.7932 17.1044 9
    endloop
  endfacet
  facet normal 0.997886 -0.0649964 0
    outer loop
      vertex -17.7932 17.1044 2
      vertex -17.8 17 9
      vertex -17.8 17 2
    endloop
  endfacet
  facet normal 0.44224 0.896897 -0
    outer loop
      vertex -17.3061 16.2609 2
      vertex -17.4 16.3072 9
      vertex -17.3061 16.2609 9
    endloop
  endfacet
  facet normal 0.44224 0.896897 0
    outer loop
      vertex -17.4 16.3072 9
      vertex -17.3061 16.2609 2
      vertex -17.4 16.3072 2
    endloop
  endfacet
  facet normal -0.659248 0.751925 0
    outer loop
      vertex -16.4343 16.4343 2
      vertex -16.513 16.3653 9
      vertex -16.4343 16.4343 9
    endloop
  endfacet
  facet normal -0.659248 0.751925 0
    outer loop
      vertex -16.513 16.3653 9
      vertex -16.4343 16.4343 2
      vertex -16.513 16.3653 2
    endloop
  endfacet
  facet normal 0.831609 -0.555362 0
    outer loop
      vertex -17.6928 17.4 9
      vertex -17.6347 17.487 2
      vertex -17.6347 17.487 9
    endloop
  endfacet
  facet normal 0.831609 -0.555362 0
    outer loop
      vertex -17.6347 17.487 2
      vertex -17.6928 17.4 9
      vertex -17.6928 17.4 2
    endloop
  endfacet
  facet normal 0.831609 0.555362 0
    outer loop
      vertex -17.6347 16.513 9
      vertex -17.6928 16.6 2
      vertex -17.6928 16.6 9
    endloop
  endfacet
  facet normal 0.831609 0.555362 0
    outer loop
      vertex -17.6928 16.6 2
      vertex -17.6347 16.513 9
      vertex -17.6347 16.513 2
    endloop
  endfacet
  facet normal 0.896897 0.44224 0
    outer loop
      vertex -17.6928 16.6 9
      vertex -17.7391 16.6939 2
      vertex -17.7391 16.6939 9
    endloop
  endfacet
  facet normal 0.896897 0.44224 0
    outer loop
      vertex -17.7391 16.6939 2
      vertex -17.6928 16.6 9
      vertex -17.6928 16.6 2
    endloop
  endfacet
  facet normal 0.980741 0.195314 0
    outer loop
      vertex 19.1812 -16.7128 9
      vertex 19.125 -16.4306 2
      vertex 19.125 -16.4306 9
    endloop
  endfacet
  facet normal 0.980741 0.195314 0
    outer loop
      vertex 19.125 -16.4306 2
      vertex 19.1812 -16.7128 9
      vertex 19.1812 -16.7128 2
    endloop
  endfacet
  facet normal 0.997864 0.0653198 0
    outer loop
      vertex 19.2 -17 9
      vertex 19.1812 -16.7128 2
      vertex 19.1812 -16.7128 9
    endloop
  endfacet
  facet normal 0.997864 0.0653198 0
    outer loop
      vertex 19.1812 -16.7128 2
      vertex 19.2 -17 9
      vertex 19.2 -17 2
    endloop
  endfacet
  facet normal 0.946931 0.321435 0
    outer loop
      vertex 19.125 -16.4306 9
      vertex 19.0325 -16.1581 2
      vertex 19.0325 -16.1581 9
    endloop
  endfacet
  facet normal 0.946931 0.321435 0
    outer loop
      vertex 19.0325 -16.1581 2
      vertex 19.125 -16.4306 9
      vertex 19.125 -16.4306 2
    endloop
  endfacet
  facet normal -0.997864 0.0653198 0
    outer loop
      vertex 14.8 -17 2
      vertex 14.8188 -16.7128 9
      vertex 14.8188 -16.7128 2
    endloop
  endfacet
  facet normal -0.997864 0.0653198 0
    outer loop
      vertex 14.8188 -16.7128 9
      vertex 14.8 -17 2
      vertex 14.8 -17 9
    endloop
  endfacet
  facet normal 0.321435 0.946931 -0
    outer loop
      vertex 17.8419 -14.9675 2
      vertex 17.5694 -14.875 9
      vertex 17.8419 -14.9675 9
    endloop
  endfacet
  facet normal 0.321435 0.946931 0
    outer loop
      vertex 17.5694 -14.875 9
      vertex 17.8419 -14.9675 2
      vertex 17.5694 -14.875 2
    endloop
  endfacet
  facet normal 0.195314 0.980741 -0
    outer loop
      vertex 17.5694 -14.875 2
      vertex 17.2872 -14.8188 9
      vertex 17.5694 -14.875 9
    endloop
  endfacet
  facet normal 0.195314 0.980741 0
    outer loop
      vertex 17.2872 -14.8188 9
      vertex 17.5694 -14.875 2
      vertex 17.2872 -14.8188 2
    endloop
  endfacet
  facet normal 0.896984 0.442063 0
    outer loop
      vertex 19.0325 -16.1581 9
      vertex 18.9053 -15.9 2
      vertex 18.9053 -15.9 9
    endloop
  endfacet
  facet normal 0.896984 0.442063 0
    outer loop
      vertex 18.9053 -15.9 2
      vertex 19.0325 -16.1581 9
      vertex 19.0325 -16.1581 2
    endloop
  endfacet
  facet normal 0.195314 -0.980741 0
    outer loop
      vertex 17.2872 -19.1812 2
      vertex 17.5694 -19.125 9
      vertex 17.2872 -19.1812 9
    endloop
  endfacet
  facet normal 0.195314 -0.980741 0
    outer loop
      vertex 17.5694 -19.125 9
      vertex 17.2872 -19.1812 2
      vertex 17.5694 -19.125 2
    endloop
  endfacet
  facet normal 0.0653198 -0.997864 0
    outer loop
      vertex 17 -19.2 2
      vertex 17.2872 -19.1812 9
      vertex 17 -19.2 9
    endloop
  endfacet
  facet normal 0.0653198 -0.997864 0
    outer loop
      vertex 17.2872 -19.1812 9
      vertex 17 -19.2 2
      vertex 17.2872 -19.1812 2
    endloop
  endfacet
  facet normal 0.659562 0.75165 -0
    outer loop
      vertex 18.5556 -15.4444 2
      vertex 18.3393 -15.2546 9
      vertex 18.5556 -15.4444 9
    endloop
  endfacet
  facet normal 0.659562 0.75165 0
    outer loop
      vertex 18.3393 -15.2546 9
      vertex 18.5556 -15.4444 2
      vertex 18.3393 -15.2546 2
    endloop
  endfacet
  facet normal 0.896984 -0.442063 0
    outer loop
      vertex 18.9053 -18.1 9
      vertex 19.0325 -17.8419 2
      vertex 19.0325 -17.8419 9
    endloop
  endfacet
  facet normal 0.896984 -0.442063 0
    outer loop
      vertex 19.0325 -17.8419 2
      vertex 18.9053 -18.1 9
      vertex 18.9053 -18.1 2
    endloop
  endfacet
  facet normal -0.195314 -0.980741 0
    outer loop
      vertex 16.4306 -19.125 2
      vertex 16.7128 -19.1812 9
      vertex 16.4306 -19.125 9
    endloop
  endfacet
  facet normal -0.195314 -0.980741 -0
    outer loop
      vertex 16.7128 -19.1812 9
      vertex 16.4306 -19.125 2
      vertex 16.7128 -19.1812 2
    endloop
  endfacet
  facet normal -0.896984 0.442063 0
    outer loop
      vertex 14.9675 -16.1581 2
      vertex 15.0947 -15.9 9
      vertex 15.0947 -15.9 2
    endloop
  endfacet
  facet normal -0.896984 0.442063 0
    outer loop
      vertex 15.0947 -15.9 9
      vertex 14.9675 -16.1581 2
      vertex 14.9675 -16.1581 9
    endloop
  endfacet
  facet normal 0.659562 -0.75165 0
    outer loop
      vertex 18.3393 -18.7454 2
      vertex 18.5556 -18.5556 9
      vertex 18.3393 -18.7454 9
    endloop
  endfacet
  facet normal 0.659562 -0.75165 0
    outer loop
      vertex 18.5556 -18.5556 9
      vertex 18.3393 -18.7454 2
      vertex 18.5556 -18.5556 2
    endloop
  endfacet
  facet normal 0.75165 -0.659562 0
    outer loop
      vertex 18.5556 -18.5556 9
      vertex 18.7454 -18.3393 2
      vertex 18.7454 -18.3393 9
    endloop
  endfacet
  facet normal 0.75165 -0.659562 0
    outer loop
      vertex 18.7454 -18.3393 2
      vertex 18.5556 -18.5556 9
      vertex 18.5556 -18.5556 2
    endloop
  endfacet
  facet normal 0.321435 -0.946931 0
    outer loop
      vertex 17.5694 -19.125 2
      vertex 17.8419 -19.0325 9
      vertex 17.5694 -19.125 9
    endloop
  endfacet
  facet normal 0.321435 -0.946931 0
    outer loop
      vertex 17.8419 -19.0325 9
      vertex 17.5694 -19.125 2
      vertex 17.8419 -19.0325 2
    endloop
  endfacet
  facet normal -0.997864 -0.0653198 0
    outer loop
      vertex 14.8188 -17.2872 2
      vertex 14.8 -17 9
      vertex 14.8 -17 2
    endloop
  endfacet
  facet normal -0.997864 -0.0653198 0
    outer loop
      vertex 14.8 -17 9
      vertex 14.8188 -17.2872 2
      vertex 14.8188 -17.2872 9
    endloop
  endfacet
  facet normal -0.659562 0.75165 0
    outer loop
      vertex 15.6607 -15.2546 2
      vertex 15.4444 -15.4444 9
      vertex 15.6607 -15.2546 9
    endloop
  endfacet
  facet normal -0.659562 0.75165 0
    outer loop
      vertex 15.4444 -15.4444 9
      vertex 15.6607 -15.2546 2
      vertex 15.4444 -15.4444 2
    endloop
  endfacet
  facet normal -0.321435 0.946931 0
    outer loop
      vertex 16.4306 -14.875 2
      vertex 16.1581 -14.9675 9
      vertex 16.4306 -14.875 9
    endloop
  endfacet
  facet normal -0.321435 0.946931 0
    outer loop
      vertex 16.1581 -14.9675 9
      vertex 16.4306 -14.875 2
      vertex 16.1581 -14.9675 2
    endloop
  endfacet
  facet normal -0.831462 -0.555582 0
    outer loop
      vertex 15.2546 -18.3393 2
      vertex 15.0947 -18.1 9
      vertex 15.0947 -18.1 2
    endloop
  endfacet
  facet normal -0.831462 -0.555582 0
    outer loop
      vertex 15.0947 -18.1 9
      vertex 15.2546 -18.3393 2
      vertex 15.2546 -18.3393 9
    endloop
  endfacet
  facet normal 0.75165 0.659562 0
    outer loop
      vertex 18.7454 -15.6607 9
      vertex 18.5556 -15.4444 2
      vertex 18.5556 -15.4444 9
    endloop
  endfacet
  facet normal 0.75165 0.659562 0
    outer loop
      vertex 18.5556 -15.4444 2
      vertex 18.7454 -15.6607 9
      vertex 18.7454 -15.6607 2
    endloop
  endfacet
  facet normal -0.321435 -0.946931 0
    outer loop
      vertex 16.1581 -19.0325 2
      vertex 16.4306 -19.125 9
      vertex 16.1581 -19.0325 9
    endloop
  endfacet
  facet normal -0.321435 -0.946931 -0
    outer loop
      vertex 16.4306 -19.125 9
      vertex 16.1581 -19.0325 2
      vertex 16.4306 -19.125 2
    endloop
  endfacet
  facet normal 0.442063 -0.896984 0
    outer loop
      vertex 17.8419 -19.0325 2
      vertex 18.1 -18.9053 9
      vertex 17.8419 -19.0325 9
    endloop
  endfacet
  facet normal 0.442063 -0.896984 0
    outer loop
      vertex 18.1 -18.9053 9
      vertex 17.8419 -19.0325 2
      vertex 18.1 -18.9053 2
    endloop
  endfacet
  facet normal -0.442063 0.896984 0
    outer loop
      vertex 16.1581 -14.9675 2
      vertex 15.9 -15.0947 9
      vertex 16.1581 -14.9675 9
    endloop
  endfacet
  facet normal -0.442063 0.896984 0
    outer loop
      vertex 15.9 -15.0947 9
      vertex 16.1581 -14.9675 2
      vertex 15.9 -15.0947 2
    endloop
  endfacet
  facet normal 0 0 1
    outer loop
      vertex 17.8 -17 9
      vertex 19.2 -17 9
      vertex 19.1812 -16.7128 9
    endloop
  endfacet
  facet normal 0 0 1
    outer loop
      vertex 17.7932 -16.8956 9
      vertex 19.1812 -16.7128 9
      vertex 19.125 -16.4306 9
    endloop
  endfacet
  facet normal 0 0 1
    outer loop
      vertex 19.2 -17 9
      vertex 17.8 -17 9
      vertex 19.1812 -17.2872 9
    endloop
  endfacet
  facet normal 0 0 1
    outer loop
      vertex 17.7727 -16.7929 9
      vertex 19.125 -16.4306 9
      vertex 19.0325 -16.1581 9
    endloop
  endfacet
  facet normal -0 0 1
    outer loop
      vertex 17.7932 -17.1044 9
      vertex 19.1812 -17.2872 9
      vertex 17.8 -17 9
    endloop
  endfacet
  facet normal 0 0 1
    outer loop
      vertex 17.7391 -16.6939 9
      vertex 19.0325 -16.1581 9
      vertex 18.9053 -15.9 9
    endloop
  endfacet
  facet normal 0 0 1
    outer loop
      vertex 19.1812 -17.2872 9
      vertex 17.7932 -17.1044 9
      vertex 19.125 -17.5694 9
    endloop
  endfacet
  facet normal 0 0 1
    outer loop
      vertex 17.6928 -16.6 9
      vertex 18.9053 -15.9 9
      vertex 18.7454 -15.6607 9
    endloop
  endfacet
  facet normal -0 0 1
    outer loop
      vertex 17.7727 -17.2071 9
      vertex 19.125 -17.5694 9
      vertex 17.7932 -17.1044 9
    endloop
  endfacet
  facet normal 0 0 1
    outer loop
      vertex 17.6347 -16.513 9
      vertex 18.7454 -15.6607 9
      vertex 18.5556 -15.4444 9
    endloop
  endfacet
  facet normal 0 0 1
    outer loop
      vertex 19.125 -17.5694 9
      vertex 17.7727 -17.2071 9
      vertex 19.0325 -17.8419 9
    endloop
  endfacet
  facet normal 0 0 1
    outer loop
      vertex 17.5657 -16.4343 9
      vertex 18.5556 -15.4444 9
      vertex 18.3393 -15.2546 9
    endloop
  endfacet
  facet normal -0 0 1
    outer loop
      vertex 17.7391 -17.3061 9
      vertex 19.0325 -17.8419 9
      vertex 17.7727 -17.2071 9
    endloop
  endfacet
  facet normal 0 0 1
    outer loop
      vertex 17.487 -16.3653 9
      vertex 18.3393 -15.2546 9
      vertex 18.1 -15.0947 9
    endloop
  endfacet
  facet normal 0 0 1
    outer loop
      vertex 19.0325 -17.8419 9
      vertex 17.7391 -17.3061 9
      vertex 18.9053 -18.1 9
    endloop
  endfacet
  facet normal 0 0 1
    outer loop
      vertex 17.4 -16.3072 9
      vertex 18.1 -15.0947 9
      vertex 17.8419 -14.9675 9
    endloop
  endfacet
  facet normal -0 0 1
    outer loop
      vertex 17.6928 -17.4 9
      vertex 18.9053 -18.1 9
      vertex 17.7391 -17.3061 9
    endloop
  endfacet
  facet normal 0 0 1
    outer loop
      vertex 18.9053 -18.1 9
      vertex 17.6928 -17.4 9
      vertex 18.7454 -18.3393 9
    endloop
  endfacet
  facet normal 0 0 1
    outer loop
      vertex 19.1812 -16.7128 9
      vertex 17.7932 -16.8956 9
      vertex 17.8 -17 9
    endloop
  endfacet
  facet normal 0 0 1
    outer loop
      vertex 19.125 -16.4306 9
      vertex 17.7727 -16.7929 9
      vertex 17.7932 -16.8956 9
    endloop
  endfacet
  facet normal 0 0 1
    outer loop
      vertex 19.0325 -16.1581 9
      vertex 17.7391 -16.6939 9
      vertex 17.7727 -16.7929 9
    endloop
  endfacet
  facet normal 0 0 1
    outer loop
      vertex 18.9053 -15.9 9
      vertex 17.6928 -16.6 9
      vertex 17.7391 -16.6939 9
    endloop
  endfacet
  facet normal 0 0 1
    outer loop
      vertex 18.7454 -15.6607 9
      vertex 17.6347 -16.513 9
      vertex 17.6928 -16.6 9
    endloop
  endfacet
  facet normal 0 0 1
    outer loop
      vertex 17.3061 -16.2609 9
      vertex 17.8419 -14.9675 9
      vertex 17.5694 -14.875 9
    endloop
  endfacet
  facet normal 0 0 1
    outer loop
      vertex 18.5556 -15.4444 9
      vertex 17.5657 -16.4343 9
      vertex 17.6347 -16.513 9
    endloop
  endfacet
  facet normal 0 0 1
    outer loop
      vertex 18.3393 -15.2546 9
      vertex 17.487 -16.3653 9
      vertex 17.5657 -16.4343 9
    endloop
  endfacet
  facet normal 0 0 1
    outer loop
      vertex 18.1 -15.0947 9
      vertex 17.4 -16.3072 9
      vertex 17.487 -16.3653 9
    endloop
  endfacet
  facet normal 0 0 1
    outer loop
      vertex 17.8419 -14.9675 9
      vertex 17.3061 -16.2609 9
      vertex 17.4 -16.3072 9
    endloop
  endfacet
  facet normal 0 0 1
    outer loop
      vertex 17.2071 -16.2273 9
      vertex 17.5694 -14.875 9
      vertex 17.2872 -14.8188 9
    endloop
  endfacet
  facet normal 0 0 1
    outer loop
      vertex 17.5694 -14.875 9
      vertex 17.2071 -16.2273 9
      vertex 17.3061 -16.2609 9
    endloop
  endfacet
  facet normal 0 0 1
    outer loop
      vertex 17.2872 -14.8188 9
      vertex 17.1044 -16.2068 9
      vertex 17.2071 -16.2273 9
    endloop
  endfacet
  facet normal 0 0 1
    outer loop
      vertex 17 -14.8 9
      vertex 17.1044 -16.2068 9
      vertex 17.2872 -14.8188 9
    endloop
  endfacet
  facet normal 0 0 1
    outer loop
      vertex 17 -14.8 9
      vertex 17 -16.2 9
      vertex 17.1044 -16.2068 9
    endloop
  endfacet
  facet normal 0 0 1
    outer loop
      vertex 17 -14.8 9
      vertex 16.8956 -16.2068 9
      vertex 17 -16.2 9
    endloop
  endfacet
  facet normal -0 0 1
    outer loop
      vertex 16.7128 -14.8188 9
      vertex 16.8956 -16.2068 9
      vertex 17 -14.8 9
    endloop
  endfacet
  facet normal 0 0 1
    outer loop
      vertex 16.8956 -16.2068 9
      vertex 16.7128 -14.8188 9
      vertex 16.7929 -16.2273 9
    endloop
  endfacet
  facet normal -0 0 1
    outer loop
      vertex 16.4306 -14.875 9
      vertex 16.7929 -16.2273 9
      vertex 16.7128 -14.8188 9
    endloop
  endfacet
  facet normal 0 0 1
    outer loop
      vertex 16.7929 -16.2273 9
      vertex 16.4306 -14.875 9
      vertex 16.6939 -16.2609 9
    endloop
  endfacet
  facet normal -0 0 1
    outer loop
      vertex 16.1581 -14.9675 9
      vertex 16.6939 -16.2609 9
      vertex 16.4306 -14.875 9
    endloop
  endfacet
  facet normal 0 0 1
    outer loop
      vertex 16.6939 -16.2609 9
      vertex 16.1581 -14.9675 9
      vertex 16.6 -16.3072 9
    endloop
  endfacet
  facet normal -0 0 1
    outer loop
      vertex 15.9 -15.0947 9
      vertex 16.6 -16.3072 9
      vertex 16.1581 -14.9675 9
    endloop
  endfacet
  facet normal 0 0 1
    outer loop
      vertex 16.6 -16.3072 9
      vertex 15.9 -15.0947 9
      vertex 16.513 -16.3653 9
    endloop
  endfacet
  facet normal -0 0 1
    outer loop
      vertex 15.6607 -15.2546 9
      vertex 16.513 -16.3653 9
      vertex 15.9 -15.0947 9
    endloop
  endfacet
  facet normal 0 0 1
    outer loop
      vertex 16.513 -16.3653 9
      vertex 15.6607 -15.2546 9
      vertex 16.4343 -16.4343 9
    endloop
  endfacet
  facet normal -0 0 1
    outer loop
      vertex 15.4444 -15.4444 9
      vertex 16.4343 -16.4343 9
      vertex 15.6607 -15.2546 9
    endloop
  endfacet
  facet normal 0 0 1
    outer loop
      vertex 16.4343 -16.4343 9
      vertex 15.4444 -15.4444 9
      vertex 16.3653 -16.513 9
    endloop
  endfacet
  facet normal 0 0 1
    outer loop
      vertex 16.3653 -16.513 9
      vertex 15.2546 -15.6607 9
      vertex 16.3072 -16.6 9
    endloop
  endfacet
  facet normal -0 0 1
    outer loop
      vertex 15.2546 -15.6607 9
      vertex 16.3653 -16.513 9
      vertex 15.4444 -15.4444 9
    endloop
  endfacet
  facet normal -0 0 1
    outer loop
      vertex 17.6347 -17.487 9
      vertex 18.7454 -18.3393 9
      vertex 17.6928 -17.4 9
    endloop
  endfacet
  facet normal 0 0 1
    outer loop
      vertex 18.7454 -18.3393 9
      vertex 17.6347 -17.487 9
      vertex 18.5556 -18.5556 9
    endloop
  endfacet
  facet normal -0 0 1
    outer loop
      vertex 17.5657 -17.5657 9
      vertex 18.5556 -18.5556 9
      vertex 17.6347 -17.487 9
    endloop
  endfacet
  facet normal 0 0 1
    outer loop
      vertex 18.5556 -18.5556 9
      vertex 17.5657 -17.5657 9
      vertex 18.3393 -18.7454 9
    endloop
  endfacet
  facet normal -0 0 1
    outer loop
      vertex 17.487 -17.6347 9
      vertex 18.3393 -18.7454 9
      vertex 17.5657 -17.5657 9
    endloop
  endfacet
  facet normal 0 0 1
    outer loop
      vertex 18.3393 -18.7454 9
      vertex 17.487 -17.6347 9
      vertex 18.1 -18.9053 9
    endloop
  endfacet
  facet normal -0 0 1
    outer loop
      vertex 17.4 -17.6928 9
      vertex 18.1 -18.9053 9
      vertex 17.487 -17.6347 9
    endloop
  endfacet
  facet normal 0 0 1
    outer loop
      vertex 18.1 -18.9053 9
      vertex 17.4 -17.6928 9
      vertex 17.8419 -19.0325 9
    endloop
  endfacet
  facet normal -0 0 1
    outer loop
      vertex 17.3061 -17.7391 9
      vertex 17.8419 -19.0325 9
      vertex 17.4 -17.6928 9
    endloop
  endfacet
  facet normal 0 0 1
    outer loop
      vertex 17.8419 -19.0325 9
      vertex 17.3061 -17.7391 9
      vertex 17.5694 -19.125 9
    endloop
  endfacet
  facet normal -0 0 1
    outer loop
      vertex 17.2071 -17.7727 9
      vertex 17.5694 -19.125 9
      vertex 17.3061 -17.7391 9
    endloop
  endfacet
  facet normal 0 0 1
    outer loop
      vertex 17.5694 -19.125 9
      vertex 17.2071 -17.7727 9
      vertex 17.2872 -19.1812 9
    endloop
  endfacet
  facet normal -0 0 1
    outer loop
      vertex 17.1044 -17.7932 9
      vertex 17.2872 -19.1812 9
      vertex 17.2071 -17.7727 9
    endloop
  endfacet
  facet normal -0 0 1
    outer loop
      vertex 17 -17.8 9
      vertex 17.2872 -19.1812 9
      vertex 17.1044 -17.7932 9
    endloop
  endfacet
  facet normal 0 0 1
    outer loop
      vertex 17 -17.8 9
      vertex 17 -19.2 9
      vertex 17.2872 -19.1812 9
    endloop
  endfacet
  facet normal 0 0 1
    outer loop
      vertex 16.8956 -17.7932 9
      vertex 17 -19.2 9
      vertex 17 -17.8 9
    endloop
  endfacet
  facet normal 0 0 1
    outer loop
      vertex 16.7128 -19.1812 9
      vertex 16.8956 -17.7932 9
      vertex 16.7929 -17.7727 9
    endloop
  endfacet
  facet normal 0 0 1
    outer loop
      vertex 16.8956 -17.7932 9
      vertex 16.7128 -19.1812 9
      vertex 17 -19.2 9
    endloop
  endfacet
  facet normal 0 0 1
    outer loop
      vertex 16.4306 -19.125 9
      vertex 16.7929 -17.7727 9
      vertex 16.6939 -17.7391 9
    endloop
  endfacet
  facet normal 0 0 1
    outer loop
      vertex 16.1581 -19.0325 9
      vertex 16.6939 -17.7391 9
      vertex 16.6 -17.6928 9
    endloop
  endfacet
  facet normal 0 0 1
    outer loop
      vertex 15.9 -18.9053 9
      vertex 16.6 -17.6928 9
      vertex 16.513 -17.6347 9
    endloop
  endfacet
  facet normal 0 0 1
    outer loop
      vertex 15.6607 -18.7454 9
      vertex 16.513 -17.6347 9
      vertex 16.4343 -17.5657 9
    endloop
  endfacet
  facet normal 0 0 1
    outer loop
      vertex 16.7929 -17.7727 9
      vertex 16.4306 -19.125 9
      vertex 16.7128 -19.1812 9
    endloop
  endfacet
  facet normal 0 0 1
    outer loop
      vertex 15.4444 -18.5556 9
      vertex 16.4343 -17.5657 9
      vertex 16.3653 -17.487 9
    endloop
  endfacet
  facet normal 0 0 1
    outer loop
      vertex 15.2546 -18.3393 9
      vertex 16.3653 -17.487 9
      vertex 16.3072 -17.4 9
    endloop
  endfacet
  facet normal 0 0 1
    outer loop
      vertex 15.0947 -18.1 9
      vertex 16.3072 -17.4 9
      vertex 16.2609 -17.3061 9
    endloop
  endfacet
  facet normal 0 0 1
    outer loop
      vertex 14.9675 -17.8419 9
      vertex 16.2609 -17.3061 9
      vertex 16.2273 -17.2071 9
    endloop
  endfacet
  facet normal 0 0 1
    outer loop
      vertex 14.875 -17.5694 9
      vertex 16.2273 -17.2071 9
      vertex 16.2068 -17.1044 9
    endloop
  endfacet
  facet normal 0 0 1
    outer loop
      vertex 16.6939 -17.7391 9
      vertex 16.1581 -19.0325 9
      vertex 16.4306 -19.125 9
    endloop
  endfacet
  facet normal 0 0 1
    outer loop
      vertex 14.8188 -17.2872 9
      vertex 16.2068 -17.1044 9
      vertex 16.2 -17 9
    endloop
  endfacet
  facet normal -0 0 1
    outer loop
      vertex 15.0947 -15.9 9
      vertex 16.3072 -16.6 9
      vertex 15.2546 -15.6607 9
    endloop
  endfacet
  facet normal 0 0 1
    outer loop
      vertex 16.3072 -16.6 9
      vertex 15.0947 -15.9 9
      vertex 16.2609 -16.6939 9
    endloop
  endfacet
  facet normal 0 0 1
    outer loop
      vertex 16.6 -17.6928 9
      vertex 15.9 -18.9053 9
      vertex 16.1581 -19.0325 9
    endloop
  endfacet
  facet normal -0 0 1
    outer loop
      vertex 14.9675 -16.1581 9
      vertex 16.2609 -16.6939 9
      vertex 15.0947 -15.9 9
    endloop
  endfacet
  facet normal 0 0 1
    outer loop
      vertex 16.513 -17.6347 9
      vertex 15.6607 -18.7454 9
      vertex 15.9 -18.9053 9
    endloop
  endfacet
  facet normal 0 0 1
    outer loop
      vertex 16.2609 -16.6939 9
      vertex 14.9675 -16.1581 9
      vertex 16.2273 -16.7929 9
    endloop
  endfacet
  facet normal 0 0 1
    outer loop
      vertex 16.4343 -17.5657 9
      vertex 15.4444 -18.5556 9
      vertex 15.6607 -18.7454 9
    endloop
  endfacet
  facet normal -0 0 1
    outer loop
      vertex 14.875 -16.4306 9
      vertex 16.2273 -16.7929 9
      vertex 14.9675 -16.1581 9
    endloop
  endfacet
  facet normal 0 0 1
    outer loop
      vertex 16.3653 -17.487 9
      vertex 15.2546 -18.3393 9
      vertex 15.4444 -18.5556 9
    endloop
  endfacet
  facet normal 0 0 1
    outer loop
      vertex 16.2273 -16.7929 9
      vertex 14.875 -16.4306 9
      vertex 16.2068 -16.8956 9
    endloop
  endfacet
  facet normal 0 0 1
    outer loop
      vertex 16.3072 -17.4 9
      vertex 15.0947 -18.1 9
      vertex 15.2546 -18.3393 9
    endloop
  endfacet
  facet normal -0 0 1
    outer loop
      vertex 14.8188 -16.7128 9
      vertex 16.2068 -16.8956 9
      vertex 14.875 -16.4306 9
    endloop
  endfacet
  facet normal 0 0 1
    outer loop
      vertex 16.2609 -17.3061 9
      vertex 14.9675 -17.8419 9
      vertex 15.0947 -18.1 9
    endloop
  endfacet
  facet normal 0 0 1
    outer loop
      vertex 16.2068 -16.8956 9
      vertex 14.8188 -16.7128 9
      vertex 16.2 -17 9
    endloop
  endfacet
  facet normal 0 0 1
    outer loop
      vertex 16.2273 -17.2071 9
      vertex 14.875 -17.5694 9
      vertex 14.9675 -17.8419 9
    endloop
  endfacet
  facet normal 0 0 1
    outer loop
      vertex 14.8 -17 9
      vertex 16.2 -17 9
      vertex 14.8188 -16.7128 9
    endloop
  endfacet
  facet normal 0 0 1
    outer loop
      vertex 16.2068 -17.1044 9
      vertex 14.8188 -17.2872 9
      vertex 14.875 -17.5694 9
    endloop
  endfacet
  facet normal 0 0 1
    outer loop
      vertex 16.2 -17 9
      vertex 14.8 -17 9
      vertex 14.8188 -17.2872 9
    endloop
  endfacet
  facet normal 0.980741 -0.195314 0
    outer loop
      vertex 19.125 -17.5694 9
      vertex 19.1812 -17.2872 2
      vertex 19.1812 -17.2872 9
    endloop
  endfacet
  facet normal 0.980741 -0.195314 0
    outer loop
      vertex 19.1812 -17.2872 2
      vertex 19.125 -17.5694 9
      vertex 19.125 -17.5694 2
    endloop
  endfacet
  facet normal -0.946931 -0.321435 0
    outer loop
      vertex 14.9675 -17.8419 2
      vertex 14.875 -17.5694 9
      vertex 14.875 -17.5694 2
    endloop
  endfacet
  facet normal -0.946931 -0.321435 0
    outer loop
      vertex 14.875 -17.5694 9
      vertex 14.9675 -17.8419 2
      vertex 14.9675 -17.8419 9
    endloop
  endfacet
  facet normal 0.946931 -0.321435 0
    outer loop
      vertex 19.0325 -17.8419 9
      vertex 19.125 -17.5694 2
      vertex 19.125 -17.5694 9
    endloop
  endfacet
  facet normal 0.946931 -0.321435 0
    outer loop
      vertex 19.125 -17.5694 2
      vertex 19.0325 -17.8419 9
      vertex 19.0325 -17.8419 2
    endloop
  endfacet
  facet normal 0.555582 0.831462 -0
    outer loop
      vertex 18.3393 -15.2546 2
      vertex 18.1 -15.0947 9
      vertex 18.3393 -15.2546 9
    endloop
  endfacet
  facet normal 0.555582 0.831462 0
    outer loop
      vertex 18.1 -15.0947 9
      vertex 18.3393 -15.2546 2
      vertex 18.1 -15.0947 2
    endloop
  endfacet
  facet normal 0.442063 0.896984 -0
    outer loop
      vertex 18.1 -15.0947 2
      vertex 17.8419 -14.9675 9
      vertex 18.1 -15.0947 9
    endloop
  endfacet
  facet normal 0.442063 0.896984 0
    outer loop
      vertex 17.8419 -14.9675 9
      vertex 18.1 -15.0947 2
      vertex 17.8419 -14.9675 2
    endloop
  endfacet
  facet normal -0.195314 0.980741 0
    outer loop
      vertex 16.7128 -14.8188 2
      vertex 16.4306 -14.875 9
      vertex 16.7128 -14.8188 9
    endloop
  endfacet
  facet normal -0.195314 0.980741 0
    outer loop
      vertex 16.4306 -14.875 9
      vertex 16.7128 -14.8188 2
      vertex 16.4306 -14.875 2
    endloop
  endfacet
  facet normal -0.442063 -0.896984 0
    outer loop
      vertex 15.9 -18.9053 2
      vertex 16.1581 -19.0325 9
      vertex 15.9 -18.9053 9
    endloop
  endfacet
  facet normal -0.442063 -0.896984 -0
    outer loop
      vertex 16.1581 -19.0325 9
      vertex 15.9 -18.9053 2
      vertex 16.1581 -19.0325 2
    endloop
  endfacet
  facet normal -0.0653198 0.997864 0
    outer loop
      vertex 17 -14.8 2
      vertex 16.7128 -14.8188 9
      vertex 17 -14.8 9
    endloop
  endfacet
  facet normal -0.0653198 0.997864 0
    outer loop
      vertex 16.7128 -14.8188 9
      vertex 17 -14.8 2
      vertex 16.7128 -14.8188 2
    endloop
  endfacet
  facet normal -0.75165 0.659562 0
    outer loop
      vertex 15.2546 -15.6607 2
      vertex 15.4444 -15.4444 9
      vertex 15.4444 -15.4444 2
    endloop
  endfacet
  facet normal -0.75165 0.659562 0
    outer loop
      vertex 15.4444 -15.4444 9
      vertex 15.2546 -15.6607 2
      vertex 15.2546 -15.6607 9
    endloop
  endfacet
  facet normal 0.997864 -0.0653198 0
    outer loop
      vertex 19.1812 -17.2872 9
      vertex 19.2 -17 2
      vertex 19.2 -17 9
    endloop
  endfacet
  facet normal 0.997864 -0.0653198 0
    outer loop
      vertex 19.2 -17 2
      vertex 19.1812 -17.2872 9
      vertex 19.1812 -17.2872 2
    endloop
  endfacet
  facet normal -0.946931 0.321435 0
    outer loop
      vertex 14.875 -16.4306 2
      vertex 14.9675 -16.1581 9
      vertex 14.9675 -16.1581 2
    endloop
  endfacet
  facet normal -0.946931 0.321435 0
    outer loop
      vertex 14.9675 -16.1581 9
      vertex 14.875 -16.4306 2
      vertex 14.875 -16.4306 9
    endloop
  endfacet
  facet normal -0.659562 -0.75165 0
    outer loop
      vertex 15.4444 -18.5556 2
      vertex 15.6607 -18.7454 9
      vertex 15.4444 -18.5556 9
    endloop
  endfacet
  facet normal -0.659562 -0.75165 -0
    outer loop
      vertex 15.6607 -18.7454 9
      vertex 15.4444 -18.5556 2
      vertex 15.6607 -18.7454 2
    endloop
  endfacet
  facet normal 0.0653198 0.997864 -0
    outer loop
      vertex 17.2872 -14.8188 2
      vertex 17 -14.8 9
      vertex 17.2872 -14.8188 9
    endloop
  endfacet
  facet normal 0.0653198 0.997864 0
    outer loop
      vertex 17 -14.8 9
      vertex 17.2872 -14.8188 2
      vertex 17 -14.8 2
    endloop
  endfacet
  facet normal 0.831462 0.555582 0
    outer loop
      vertex 18.9053 -15.9 9
      vertex 18.7454 -15.6607 2
      vertex 18.7454 -15.6607 9
    endloop
  endfacet
  facet normal 0.831462 0.555582 0
    outer loop
      vertex 18.7454 -15.6607 2
      vertex 18.9053 -15.9 9
      vertex 18.9053 -15.9 2
    endloop
  endfacet
  facet normal -0.896984 -0.442063 0
    outer loop
      vertex 15.0947 -18.1 2
      vertex 14.9675 -17.8419 9
      vertex 14.9675 -17.8419 2
    endloop
  endfacet
  facet normal -0.896984 -0.442063 0
    outer loop
      vertex 14.9675 -17.8419 9
      vertex 15.0947 -18.1 2
      vertex 15.0947 -18.1 9
    endloop
  endfacet
  facet normal 0.831462 -0.555582 0
    outer loop
      vertex 18.7454 -18.3393 9
      vertex 18.9053 -18.1 2
      vertex 18.9053 -18.1 9
    endloop
  endfacet
  facet normal 0.831462 -0.555582 0
    outer loop
      vertex 18.9053 -18.1 2
      vertex 18.7454 -18.3393 9
      vertex 18.7454 -18.3393 2
    endloop
  endfacet
  facet normal -0.0653198 -0.997864 0
    outer loop
      vertex 16.7128 -19.1812 2
      vertex 17 -19.2 9
      vertex 16.7128 -19.1812 9
    endloop
  endfacet
  facet normal -0.0653198 -0.997864 -0
    outer loop
      vertex 17 -19.2 9
      vertex 16.7128 -19.1812 2
      vertex 17 -19.2 2
    endloop
  endfacet
  facet normal -0.980741 0.195314 0
    outer loop
      vertex 14.8188 -16.7128 2
      vertex 14.875 -16.4306 9
      vertex 14.875 -16.4306 2
    endloop
  endfacet
  facet normal -0.980741 0.195314 0
    outer loop
      vertex 14.875 -16.4306 9
      vertex 14.8188 -16.7128 2
      vertex 14.8188 -16.7128 9
    endloop
  endfacet
  facet normal -0.555582 -0.831462 0
    outer loop
      vertex 15.6607 -18.7454 2
      vertex 15.9 -18.9053 9
      vertex 15.6607 -18.7454 9
    endloop
  endfacet
  facet normal -0.555582 -0.831462 -0
    outer loop
      vertex 15.9 -18.9053 9
      vertex 15.6607 -18.7454 2
      vertex 15.9 -18.9053 2
    endloop
  endfacet
  facet normal -0.555582 0.831462 0
    outer loop
      vertex 15.9 -15.0947 2
      vertex 15.6607 -15.2546 9
      vertex 15.9 -15.0947 9
    endloop
  endfacet
  facet normal -0.555582 0.831462 0
    outer loop
      vertex 15.6607 -15.2546 9
      vertex 15.9 -15.0947 2
      vertex 15.6607 -15.2546 2
    endloop
  endfacet
  facet normal -0.980741 -0.195314 0
    outer loop
      vertex 14.875 -17.5694 2
      vertex 14.8188 -17.2872 9
      vertex 14.8188 -17.2872 2
    endloop
  endfacet
  facet normal -0.980741 -0.195314 0
    outer loop
      vertex 14.8188 -17.2872 9
      vertex 14.875 -17.5694 2
      vertex 14.875 -17.5694 9
    endloop
  endfacet
  facet normal -0.75165 -0.659562 0
    outer loop
      vertex 15.4444 -18.5556 2
      vertex 15.2546 -18.3393 9
      vertex 15.2546 -18.3393 2
    endloop
  endfacet
  facet normal -0.75165 -0.659562 0
    outer loop
      vertex 15.2546 -18.3393 9
      vertex 15.4444 -18.5556 2
      vertex 15.4444 -18.5556 9
    endloop
  endfacet
  facet normal 0.555582 -0.831462 0
    outer loop
      vertex 18.1 -18.9053 2
      vertex 18.3393 -18.7454 9
      vertex 18.1 -18.9053 9
    endloop
  endfacet
  facet normal 0.555582 -0.831462 0
    outer loop
      vertex 18.3393 -18.7454 9
      vertex 18.1 -18.9053 2
      vertex 18.3393 -18.7454 2
    endloop
  endfacet
  facet normal -0.831462 0.555582 0
    outer loop
      vertex 15.0947 -15.9 2
      vertex 15.2546 -15.6607 9
      vertex 15.2546 -15.6607 2
    endloop
  endfacet
  facet normal -0.831462 0.555582 0
    outer loop
      vertex 15.2546 -15.6607 9
      vertex 15.0947 -15.9 2
      vertex 15.0947 -15.9 9
    endloop
  endfacet
  facet normal -0.195749 -0.980654 0
    outer loop
      vertex 17.1044 -16.2068 2
      vertex 17.2071 -16.2273 9
      vertex 17.1044 -16.2068 9
    endloop
  endfacet
  facet normal -0.195749 -0.980654 -0
    outer loop
      vertex 17.2071 -16.2273 9
      vertex 17.1044 -16.2068 2
      vertex 17.2071 -16.2273 2
    endloop
  endfacet
  facet normal -0.980654 -0.195749 0
    outer loop
      vertex 17.7932 -16.8956 2
      vertex 17.7727 -16.7929 9
      vertex 17.7727 -16.7929 2
    endloop
  endfacet
  facet normal -0.980654 -0.195749 0
    outer loop
      vertex 17.7727 -16.7929 9
      vertex 17.7932 -16.8956 2
      vertex 17.7932 -16.8956 9
    endloop
  endfacet
  facet normal -0.997886 -0.0649964 0
    outer loop
      vertex 17.8 -17 2
      vertex 17.7932 -16.8956 9
      vertex 17.7932 -16.8956 2
    endloop
  endfacet
  facet normal -0.997886 -0.0649964 0
    outer loop
      vertex 17.7932 -16.8956 9
      vertex 17.8 -17 2
      vertex 17.8 -17 9
    endloop
  endfacet
  facet normal -0.946948 -0.321388 0
    outer loop
      vertex 17.7727 -16.7929 2
      vertex 17.7391 -16.6939 9
      vertex 17.7391 -16.6939 2
    endloop
  endfacet
  facet normal -0.946948 -0.321388 0
    outer loop
      vertex 17.7391 -16.6939 9
      vertex 17.7727 -16.7929 2
      vertex 17.7727 -16.7929 9
    endloop
  endfacet
  facet normal -0.831609 -0.555362 0
    outer loop
      vertex 17.6928 -16.6 2
      vertex 17.6347 -16.513 9
      vertex 17.6347 -16.513 2
    endloop
  endfacet
  facet normal -0.831609 -0.555362 0
    outer loop
      vertex 17.6347 -16.513 9
      vertex 17.6928 -16.6 2
      vertex 17.6928 -16.6 9
    endloop
  endfacet
  facet normal -0.321388 -0.946948 0
    outer loop
      vertex 17.2071 -16.2273 2
      vertex 17.3061 -16.2609 9
      vertex 17.2071 -16.2273 9
    endloop
  endfacet
  facet normal -0.321388 -0.946948 -0
    outer loop
      vertex 17.3061 -16.2609 9
      vertex 17.2071 -16.2273 2
      vertex 17.3061 -16.2609 2
    endloop
  endfacet
  facet normal -0.997886 0.0649964 0
    outer loop
      vertex 17.7932 -17.1044 2
      vertex 17.8 -17 9
      vertex 17.8 -17 2
    endloop
  endfacet
  facet normal -0.997886 0.0649964 0
    outer loop
      vertex 17.8 -17 9
      vertex 17.7932 -17.1044 2
      vertex 17.7932 -17.1044 9
    endloop
  endfacet
  facet normal 0.555362 0.831609 -0
    outer loop
      vertex 16.6 -17.6928 2
      vertex 16.513 -17.6347 9
      vertex 16.6 -17.6928 9
    endloop
  endfacet
  facet normal 0.555362 0.831609 0
    outer loop
      vertex 16.513 -17.6347 9
      vertex 16.6 -17.6928 2
      vertex 16.513 -17.6347 2
    endloop
  endfacet
  facet normal 0.321388 0.946948 -0
    outer loop
      vertex 16.7929 -17.7727 2
      vertex 16.6939 -17.7391 9
      vertex 16.7929 -17.7727 9
    endloop
  endfacet
  facet normal 0.321388 0.946948 0
    outer loop
      vertex 16.6939 -17.7391 9
      vertex 16.7929 -17.7727 2
      vertex 16.6939 -17.7391 2
    endloop
  endfacet
  facet normal -0.896897 -0.44224 0
    outer loop
      vertex 17.7391 -16.6939 2
      vertex 17.6928 -16.6 9
      vertex 17.6928 -16.6 2
    endloop
  endfacet
  facet normal -0.896897 -0.44224 0
    outer loop
      vertex 17.6928 -16.6 9
      vertex 17.7391 -16.6939 2
      vertex 17.7391 -16.6939 9
    endloop
  endfacet
  facet normal 0.321388 -0.946948 0
    outer loop
      vertex 16.6939 -16.2609 2
      vertex 16.7929 -16.2273 9
      vertex 16.6939 -16.2609 9
    endloop
  endfacet
  facet normal 0.321388 -0.946948 0
    outer loop
      vertex 16.7929 -16.2273 9
      vertex 16.6939 -16.2609 2
      vertex 16.7929 -16.2273 2
    endloop
  endfacet
  facet normal -0.751925 -0.659248 0
    outer loop
      vertex 17.6347 -16.513 2
      vertex 17.5657 -16.4343 9
      vertex 17.5657 -16.4343 2
    endloop
  endfacet
  facet normal -0.751925 -0.659248 0
    outer loop
      vertex 17.5657 -16.4343 9
      vertex 17.6347 -16.513 2
      vertex 17.6347 -16.513 9
    endloop
  endfacet
  facet normal -0.946948 0.321388 0
    outer loop
      vertex 17.7391 -17.3061 2
      vertex 17.7727 -17.2071 9
      vertex 17.7727 -17.2071 2
    endloop
  endfacet
  facet normal -0.946948 0.321388 0
    outer loop
      vertex 17.7727 -17.2071 9
      vertex 17.7391 -17.3061 2
      vertex 17.7391 -17.3061 9
    endloop
  endfacet
  facet normal 0.751925 0.659248 0
    outer loop
      vertex 16.4343 -17.5657 9
      vertex 16.3653 -17.487 2
      vertex 16.3653 -17.487 9
    endloop
  endfacet
  facet normal 0.751925 0.659248 0
    outer loop
      vertex 16.3653 -17.487 2
      vertex 16.4343 -17.5657 9
      vertex 16.4343 -17.5657 2
    endloop
  endfacet
  facet normal -0.980654 0.195749 0
    outer loop
      vertex 17.7727 -17.2071 2
      vertex 17.7932 -17.1044 9
      vertex 17.7932 -17.1044 2
    endloop
  endfacet
  facet normal -0.980654 0.195749 0
    outer loop
      vertex 17.7932 -17.1044 9
      vertex 17.7727 -17.2071 2
      vertex 17.7727 -17.2071 9
    endloop
  endfacet
  facet normal 0.659248 -0.751925 0
    outer loop
      vertex 16.4343 -16.4343 2
      vertex 16.513 -16.3653 9
      vertex 16.4343 -16.4343 9
    endloop
  endfacet
  facet normal 0.659248 -0.751925 0
    outer loop
      vertex 16.513 -16.3653 9
      vertex 16.4343 -16.4343 2
      vertex 16.513 -16.3653 2
    endloop
  endfacet
  facet normal 0.946948 0.321388 0
    outer loop
      vertex 16.2609 -17.3061 9
      vertex 16.2273 -17.2071 2
      vertex 16.2273 -17.2071 9
    endloop
  endfacet
  facet normal 0.946948 0.321388 0
    outer loop
      vertex 16.2273 -17.2071 2
      vertex 16.2609 -17.3061 9
      vertex 16.2609 -17.3061 2
    endloop
  endfacet
  facet normal -0.831609 0.555362 0
    outer loop
      vertex 17.6347 -17.487 2
      vertex 17.6928 -17.4 9
      vertex 17.6928 -17.4 2
    endloop
  endfacet
  facet normal -0.831609 0.555362 0
    outer loop
      vertex 17.6928 -17.4 9
      vertex 17.6347 -17.487 2
      vertex 17.6347 -17.487 9
    endloop
  endfacet
  facet normal -0.44224 -0.896897 0
    outer loop
      vertex 17.3061 -16.2609 2
      vertex 17.4 -16.3072 9
      vertex 17.3061 -16.2609 9
    endloop
  endfacet
  facet normal -0.44224 -0.896897 -0
    outer loop
      vertex 17.4 -16.3072 9
      vertex 17.3061 -16.2609 2
      vertex 17.4 -16.3072 2
    endloop
  endfacet
  facet normal 0.44224 -0.896897 0
    outer loop
      vertex 16.6 -16.3072 2
      vertex 16.6939 -16.2609 9
      vertex 16.6 -16.3072 9
    endloop
  endfacet
  facet normal 0.44224 -0.896897 0
    outer loop
      vertex 16.6939 -16.2609 9
      vertex 16.6 -16.3072 2
      vertex 16.6939 -16.2609 2
    endloop
  endfacet
  facet normal -0.44224 0.896897 0
    outer loop
      vertex 17.4 -17.6928 2
      vertex 17.3061 -17.7391 9
      vertex 17.4 -17.6928 9
    endloop
  endfacet
  facet normal -0.44224 0.896897 0
    outer loop
      vertex 17.3061 -17.7391 9
      vertex 17.4 -17.6928 2
      vertex 17.3061 -17.7391 2
    endloop
  endfacet
  facet normal -0.321388 0.946948 0
    outer loop
      vertex 17.3061 -17.7391 2
      vertex 17.2071 -17.7727 9
      vertex 17.3061 -17.7391 9
    endloop
  endfacet
  facet normal -0.321388 0.946948 0
    outer loop
      vertex 17.2071 -17.7727 9
      vertex 17.3061 -17.7391 2
      vertex 17.2071 -17.7727 2
    endloop
  endfacet
  facet normal 0.980654 0.195749 0
    outer loop
      vertex 16.2273 -17.2071 9
      vertex 16.2068 -17.1044 2
      vertex 16.2068 -17.1044 9
    endloop
  endfacet
  facet normal 0.980654 0.195749 0
    outer loop
      vertex 16.2068 -17.1044 2
      vertex 16.2273 -17.2071 9
      vertex 16.2273 -17.2071 2
    endloop
  endfacet
  facet normal 0.555362 -0.831609 0
    outer loop
      vertex 16.513 -16.3653 2
      vertex 16.6 -16.3072 9
      vertex 16.513 -16.3653 9
    endloop
  endfacet
  facet normal 0.555362 -0.831609 0
    outer loop
      vertex 16.6 -16.3072 9
      vertex 16.513 -16.3653 2
      vertex 16.6 -16.3072 2
    endloop
  endfacet
  facet normal -0.555362 0.831609 0
    outer loop
      vertex 17.487 -17.6347 2
      vertex 17.4 -17.6928 9
      vertex 17.487 -17.6347 9
    endloop
  endfacet
  facet normal -0.555362 0.831609 0
    outer loop
      vertex 17.4 -17.6928 9
      vertex 17.487 -17.6347 2
      vertex 17.4 -17.6928 2
    endloop
  endfacet
  facet normal -0.195749 0.980654 0
    outer loop
      vertex 17.2071 -17.7727 2
      vertex 17.1044 -17.7932 9
      vertex 17.2071 -17.7727 9
    endloop
  endfacet
  facet normal -0.195749 0.980654 0
    outer loop
      vertex 17.1044 -17.7932 9
      vertex 17.2071 -17.7727 2
      vertex 17.1044 -17.7932 2
    endloop
  endfacet
  facet normal -0.659248 -0.751925 0
    outer loop
      vertex 17.487 -16.3653 2
      vertex 17.5657 -16.4343 9
      vertex 17.487 -16.3653 9
    endloop
  endfacet
  facet normal -0.659248 -0.751925 -0
    outer loop
      vertex 17.5657 -16.4343 9
      vertex 17.487 -16.3653 2
      vertex 17.5657 -16.4343 2
    endloop
  endfacet
  facet normal 0.946948 -0.321388 0
    outer loop
      vertex 16.2273 -16.7929 9
      vertex 16.2609 -16.6939 2
      vertex 16.2609 -16.6939 9
    endloop
  endfacet
  facet normal 0.946948 -0.321388 0
    outer loop
      vertex 16.2609 -16.6939 2
      vertex 16.2273 -16.7929 9
      vertex 16.2273 -16.7929 2
    endloop
  endfacet
  facet normal -0.0649964 0.997886 0
    outer loop
      vertex 17.1044 -17.7932 2
      vertex 17 -17.8 9
      vertex 17.1044 -17.7932 9
    endloop
  endfacet
  facet normal -0.0649964 0.997886 0
    outer loop
      vertex 17 -17.8 9
      vertex 17.1044 -17.7932 2
      vertex 17 -17.8 2
    endloop
  endfacet
  facet normal 0.195749 -0.980654 0
    outer loop
      vertex 16.7929 -16.2273 2
      vertex 16.8956 -16.2068 9
      vertex 16.7929 -16.2273 9
    endloop
  endfacet
  facet normal 0.195749 -0.980654 0
    outer loop
      vertex 16.8956 -16.2068 9
      vertex 16.7929 -16.2273 2
      vertex 16.8956 -16.2068 2
    endloop
  endfacet
  facet normal 0.659248 0.751925 -0
    outer loop
      vertex 16.513 -17.6347 2
      vertex 16.4343 -17.5657 9
      vertex 16.513 -17.6347 9
    endloop
  endfacet
  facet normal 0.659248 0.751925 0
    outer loop
      vertex 16.4343 -17.5657 9
      vertex 16.513 -17.6347 2
      vertex 16.4343 -17.5657 2
    endloop
  endfacet
  facet normal 0.896897 -0.44224 0
    outer loop
      vertex 16.2609 -16.6939 9
      vertex 16.3072 -16.6 2
      vertex 16.3072 -16.6 9
    endloop
  endfacet
  facet normal 0.896897 -0.44224 0
    outer loop
      vertex 16.3072 -16.6 2
      vertex 16.2609 -16.6939 9
      vertex 16.2609 -16.6939 2
    endloop
  endfacet
  facet normal -0.896897 0.44224 0
    outer loop
      vertex 17.6928 -17.4 2
      vertex 17.7391 -17.3061 9
      vertex 17.7391 -17.3061 2
    endloop
  endfacet
  facet normal -0.896897 0.44224 0
    outer loop
      vertex 17.7391 -17.3061 9
      vertex 17.6928 -17.4 2
      vertex 17.6928 -17.4 9
    endloop
  endfacet
  facet normal -0.751925 0.659248 0
    outer loop
      vertex 17.5657 -17.5657 2
      vertex 17.6347 -17.487 9
      vertex 17.6347 -17.487 2
    endloop
  endfacet
  facet normal -0.751925 0.659248 0
    outer loop
      vertex 17.6347 -17.487 9
      vertex 17.5657 -17.5657 2
      vertex 17.5657 -17.5657 9
    endloop
  endfacet
  facet normal 0.0649964 0.997886 -0
    outer loop
      vertex 17 -17.8 2
      vertex 16.8956 -17.7932 9
      vertex 17 -17.8 9
    endloop
  endfacet
  facet normal 0.0649964 0.997886 0
    outer loop
      vertex 16.8956 -17.7932 9
      vertex 17 -17.8 2
      vertex 16.8956 -17.7932 2
    endloop
  endfacet
  facet normal -0.0649964 -0.997886 0
    outer loop
      vertex 17 -16.2 2
      vertex 17.1044 -16.2068 9
      vertex 17 -16.2 9
    endloop
  endfacet
  facet normal -0.0649964 -0.997886 -0
    outer loop
      vertex 17.1044 -16.2068 9
      vertex 17 -16.2 2
      vertex 17.1044 -16.2068 2
    endloop
  endfacet
  facet normal -0.555362 -0.831609 0
    outer loop
      vertex 17.4 -16.3072 2
      vertex 17.487 -16.3653 9
      vertex 17.4 -16.3072 9
    endloop
  endfacet
  facet normal -0.555362 -0.831609 -0
    outer loop
      vertex 17.487 -16.3653 9
      vertex 17.4 -16.3072 2
      vertex 17.487 -16.3653 2
    endloop
  endfacet
  facet normal 0.997886 0.0649964 0
    outer loop
      vertex 16.2068 -17.1044 9
      vertex 16.2 -17 2
      vertex 16.2 -17 9
    endloop
  endfacet
  facet normal 0.997886 0.0649964 0
    outer loop
      vertex 16.2 -17 2
      vertex 16.2068 -17.1044 9
      vertex 16.2068 -17.1044 2
    endloop
  endfacet
  facet normal 0.751925 -0.659248 0
    outer loop
      vertex 16.3653 -16.513 9
      vertex 16.4343 -16.4343 2
      vertex 16.4343 -16.4343 9
    endloop
  endfacet
  facet normal 0.751925 -0.659248 0
    outer loop
      vertex 16.4343 -16.4343 2
      vertex 16.3653 -16.513 9
      vertex 16.3653 -16.513 2
    endloop
  endfacet
  facet normal 0.0649964 -0.997886 0
    outer loop
      vertex 16.8956 -16.2068 2
      vertex 17 -16.2 9
      vertex 16.8956 -16.2068 9
    endloop
  endfacet
  facet normal 0.0649964 -0.997886 0
    outer loop
      vertex 17 -16.2 9
      vertex 16.8956 -16.2068 2
      vertex 17 -16.2 2
    endloop
  endfacet
  facet normal 0.195749 0.980654 -0
    outer loop
      vertex 16.8956 -17.7932 2
      vertex 16.7929 -17.7727 9
      vertex 16.8956 -17.7932 9
    endloop
  endfacet
  facet normal 0.195749 0.980654 0
    outer loop
      vertex 16.7929 -17.7727 9
      vertex 16.8956 -17.7932 2
      vertex 16.7929 -17.7727 2
    endloop
  endfacet
  facet normal 0.980654 -0.195749 0
    outer loop
      vertex 16.2068 -16.8956 9
      vertex 16.2273 -16.7929 2
      vertex 16.2273 -16.7929 9
    endloop
  endfacet
  facet normal 0.980654 -0.195749 0
    outer loop
      vertex 16.2273 -16.7929 2
      vertex 16.2068 -16.8956 9
      vertex 16.2068 -16.8956 2
    endloop
  endfacet
  facet normal 0.997886 -0.0649964 0
    outer loop
      vertex 16.2 -17 9
      vertex 16.2068 -16.8956 2
      vertex 16.2068 -16.8956 9
    endloop
  endfacet
  facet normal 0.997886 -0.0649964 0
    outer loop
      vertex 16.2068 -16.8956 2
      vertex 16.2 -17 9
      vertex 16.2 -17 2
    endloop
  endfacet
  facet normal 0.44224 0.896897 -0
    outer loop
      vertex 16.6939 -17.7391 2
      vertex 16.6 -17.6928 9
      vertex 16.6939 -17.7391 9
    endloop
  endfacet
  facet normal 0.44224 0.896897 0
    outer loop
      vertex 16.6 -17.6928 9
      vertex 16.6939 -17.7391 2
      vertex 16.6 -17.6928 2
    endloop
  endfacet
  facet normal -0.659248 0.751925 0
    outer loop
      vertex 17.5657 -17.5657 2
      vertex 17.487 -17.6347 9
      vertex 17.5657 -17.5657 9
    endloop
  endfacet
  facet normal -0.659248 0.751925 0
    outer loop
      vertex 17.487 -17.6347 9
      vertex 17.5657 -17.5657 2
      vertex 17.487 -17.6347 2
    endloop
  endfacet
  facet normal 0.831609 -0.555362 0
    outer loop
      vertex 16.3072 -16.6 9
      vertex 16.3653 -16.513 2
      vertex 16.3653 -16.513 9
    endloop
  endfacet
  facet normal 0.831609 -0.555362 0
    outer loop
      vertex 16.3653 -16.513 2
      vertex 16.3072 -16.6 9
      vertex 16.3072 -16.6 2
    endloop
  endfacet
  facet normal 0.831609 0.555362 0
    outer loop
      vertex 16.3653 -17.487 9
      vertex 16.3072 -17.4 2
      vertex 16.3072 -17.4 9
    endloop
  endfacet
  facet normal 0.831609 0.555362 0
    outer loop
      vertex 16.3072 -17.4 2
      vertex 16.3653 -17.487 9
      vertex 16.3653 -17.487 2
    endloop
  endfacet
  facet normal 0.896897 0.44224 0
    outer loop
      vertex 16.3072 -17.4 9
      vertex 16.2609 -17.3061 2
      vertex 16.2609 -17.3061 9
    endloop
  endfacet
  facet normal 0.896897 0.44224 0
    outer loop
      vertex 16.2609 -17.3061 2
      vertex 16.3072 -17.4 9
      vertex 16.3072 -17.4 2
    endloop
  endfacet
  facet normal 0.980741 0.195314 0
    outer loop
      vertex 19.1812 17.2872 9
      vertex 19.125 17.5694 2
      vertex 19.125 17.5694 9
    endloop
  endfacet
  facet normal 0.980741 0.195314 0
    outer loop
      vertex 19.125 17.5694 2
      vertex 19.1812 17.2872 9
      vertex 19.1812 17.2872 2
    endloop
  endfacet
  facet normal 0.997864 0.0653198 0
    outer loop
      vertex 19.2 17 9
      vertex 19.1812 17.2872 2
      vertex 19.1812 17.2872 9
    endloop
  endfacet
  facet normal 0.997864 0.0653198 0
    outer loop
      vertex 19.1812 17.2872 2
      vertex 19.2 17 9
      vertex 19.2 17 2
    endloop
  endfacet
  facet normal 0.946931 0.321435 0
    outer loop
      vertex 19.125 17.5694 9
      vertex 19.0325 17.8419 2
      vertex 19.0325 17.8419 9
    endloop
  endfacet
  facet normal 0.946931 0.321435 0
    outer loop
      vertex 19.0325 17.8419 2
      vertex 19.125 17.5694 9
      vertex 19.125 17.5694 2
    endloop
  endfacet
  facet normal -0.997864 0.0653198 0
    outer loop
      vertex 14.8 17 2
      vertex 14.8188 17.2872 9
      vertex 14.8188 17.2872 2
    endloop
  endfacet
  facet normal -0.997864 0.0653198 0
    outer loop
      vertex 14.8188 17.2872 9
      vertex 14.8 17 2
      vertex 14.8 17 9
    endloop
  endfacet
  facet normal 0.321435 0.946931 -0
    outer loop
      vertex 17.8419 19.0325 2
      vertex 17.5694 19.125 9
      vertex 17.8419 19.0325 9
    endloop
  endfacet
  facet normal 0.321435 0.946931 0
    outer loop
      vertex 17.5694 19.125 9
      vertex 17.8419 19.0325 2
      vertex 17.5694 19.125 2
    endloop
  endfacet
  facet normal 0.195314 0.980741 -0
    outer loop
      vertex 17.5694 19.125 2
      vertex 17.2872 19.1812 9
      vertex 17.5694 19.125 9
    endloop
  endfacet
  facet normal 0.195314 0.980741 0
    outer loop
      vertex 17.2872 19.1812 9
      vertex 17.5694 19.125 2
      vertex 17.2872 19.1812 2
    endloop
  endfacet
  facet normal 0.896984 0.442063 0
    outer loop
      vertex 19.0325 17.8419 9
      vertex 18.9053 18.1 2
      vertex 18.9053 18.1 9
    endloop
  endfacet
  facet normal 0.896984 0.442063 0
    outer loop
      vertex 18.9053 18.1 2
      vertex 19.0325 17.8419 9
      vertex 19.0325 17.8419 2
    endloop
  endfacet
  facet normal 0.195314 -0.980741 0
    outer loop
      vertex 17.2872 14.8188 2
      vertex 17.5694 14.875 9
      vertex 17.2872 14.8188 9
    endloop
  endfacet
  facet normal 0.195314 -0.980741 0
    outer loop
      vertex 17.5694 14.875 9
      vertex 17.2872 14.8188 2
      vertex 17.5694 14.875 2
    endloop
  endfacet
  facet normal 0.0653198 -0.997864 0
    outer loop
      vertex 17 14.8 2
      vertex 17.2872 14.8188 9
      vertex 17 14.8 9
    endloop
  endfacet
  facet normal 0.0653198 -0.997864 0
    outer loop
      vertex 17.2872 14.8188 9
      vertex 17 14.8 2
      vertex 17.2872 14.8188 2
    endloop
  endfacet
  facet normal 0.659562 0.75165 -0
    outer loop
      vertex 18.5556 18.5556 2
      vertex 18.3393 18.7454 9
      vertex 18.5556 18.5556 9
    endloop
  endfacet
  facet normal 0.659562 0.75165 0
    outer loop
      vertex 18.3393 18.7454 9
      vertex 18.5556 18.5556 2
      vertex 18.3393 18.7454 2
    endloop
  endfacet
  facet normal 0.896984 -0.442063 0
    outer loop
      vertex 18.9053 15.9 9
      vertex 19.0325 16.1581 2
      vertex 19.0325 16.1581 9
    endloop
  endfacet
  facet normal 0.896984 -0.442063 0
    outer loop
      vertex 19.0325 16.1581 2
      vertex 18.9053 15.9 9
      vertex 18.9053 15.9 2
    endloop
  endfacet
  facet normal -0.195314 -0.980741 0
    outer loop
      vertex 16.4306 14.875 2
      vertex 16.7128 14.8188 9
      vertex 16.4306 14.875 9
    endloop
  endfacet
  facet normal -0.195314 -0.980741 -0
    outer loop
      vertex 16.7128 14.8188 9
      vertex 16.4306 14.875 2
      vertex 16.7128 14.8188 2
    endloop
  endfacet
  facet normal -0.896984 0.442063 0
    outer loop
      vertex 14.9675 17.8419 2
      vertex 15.0947 18.1 9
      vertex 15.0947 18.1 2
    endloop
  endfacet
  facet normal -0.896984 0.442063 0
    outer loop
      vertex 15.0947 18.1 9
      vertex 14.9675 17.8419 2
      vertex 14.9675 17.8419 9
    endloop
  endfacet
  facet normal 0.659562 -0.75165 0
    outer loop
      vertex 18.3393 15.2546 2
      vertex 18.5556 15.4444 9
      vertex 18.3393 15.2546 9
    endloop
  endfacet
  facet normal 0.659562 -0.75165 0
    outer loop
      vertex 18.5556 15.4444 9
      vertex 18.3393 15.2546 2
      vertex 18.5556 15.4444 2
    endloop
  endfacet
  facet normal 0.75165 -0.659562 0
    outer loop
      vertex 18.5556 15.4444 9
      vertex 18.7454 15.6607 2
      vertex 18.7454 15.6607 9
    endloop
  endfacet
  facet normal 0.75165 -0.659562 0
    outer loop
      vertex 18.7454 15.6607 2
      vertex 18.5556 15.4444 9
      vertex 18.5556 15.4444 2
    endloop
  endfacet
  facet normal 0.321435 -0.946931 0
    outer loop
      vertex 17.5694 14.875 2
      vertex 17.8419 14.9675 9
      vertex 17.5694 14.875 9
    endloop
  endfacet
  facet normal 0.321435 -0.946931 0
    outer loop
      vertex 17.8419 14.9675 9
      vertex 17.5694 14.875 2
      vertex 17.8419 14.9675 2
    endloop
  endfacet
  facet normal -0.997864 -0.0653198 0
    outer loop
      vertex 14.8188 16.7128 2
      vertex 14.8 17 9
      vertex 14.8 17 2
    endloop
  endfacet
  facet normal -0.997864 -0.0653198 0
    outer loop
      vertex 14.8 17 9
      vertex 14.8188 16.7128 2
      vertex 14.8188 16.7128 9
    endloop
  endfacet
  facet normal -0.659562 0.75165 0
    outer loop
      vertex 15.6607 18.7454 2
      vertex 15.4444 18.5556 9
      vertex 15.6607 18.7454 9
    endloop
  endfacet
  facet normal -0.659562 0.75165 0
    outer loop
      vertex 15.4444 18.5556 9
      vertex 15.6607 18.7454 2
      vertex 15.4444 18.5556 2
    endloop
  endfacet
  facet normal -0.321435 0.946931 0
    outer loop
      vertex 16.4306 19.125 2
      vertex 16.1581 19.0325 9
      vertex 16.4306 19.125 9
    endloop
  endfacet
  facet normal -0.321435 0.946931 0
    outer loop
      vertex 16.1581 19.0325 9
      vertex 16.4306 19.125 2
      vertex 16.1581 19.0325 2
    endloop
  endfacet
  facet normal -0.831462 -0.555582 0
    outer loop
      vertex 15.2546 15.6607 2
      vertex 15.0947 15.9 9
      vertex 15.0947 15.9 2
    endloop
  endfacet
  facet normal -0.831462 -0.555582 0
    outer loop
      vertex 15.0947 15.9 9
      vertex 15.2546 15.6607 2
      vertex 15.2546 15.6607 9
    endloop
  endfacet
  facet normal 0.75165 0.659562 0
    outer loop
      vertex 18.7454 18.3393 9
      vertex 18.5556 18.5556 2
      vertex 18.5556 18.5556 9
    endloop
  endfacet
  facet normal 0.75165 0.659562 0
    outer loop
      vertex 18.5556 18.5556 2
      vertex 18.7454 18.3393 9
      vertex 18.7454 18.3393 2
    endloop
  endfacet
  facet normal -0.321435 -0.946931 0
    outer loop
      vertex 16.1581 14.9675 2
      vertex 16.4306 14.875 9
      vertex 16.1581 14.9675 9
    endloop
  endfacet
  facet normal -0.321435 -0.946931 -0
    outer loop
      vertex 16.4306 14.875 9
      vertex 16.1581 14.9675 2
      vertex 16.4306 14.875 2
    endloop
  endfacet
  facet normal 0.442063 -0.896984 0
    outer loop
      vertex 17.8419 14.9675 2
      vertex 18.1 15.0947 9
      vertex 17.8419 14.9675 9
    endloop
  endfacet
  facet normal 0.442063 -0.896984 0
    outer loop
      vertex 18.1 15.0947 9
      vertex 17.8419 14.9675 2
      vertex 18.1 15.0947 2
    endloop
  endfacet
  facet normal -0.442063 0.896984 0
    outer loop
      vertex 16.1581 19.0325 2
      vertex 15.9 18.9053 9
      vertex 16.1581 19.0325 9
    endloop
  endfacet
  facet normal -0.442063 0.896984 0
    outer loop
      vertex 15.9 18.9053 9
      vertex 16.1581 19.0325 2
      vertex 15.9 18.9053 2
    endloop
  endfacet
  facet normal 0 0 1
    outer loop
      vertex 17.8 17 9
      vertex 19.2 17 9
      vertex 19.1812 17.2872 9
    endloop
  endfacet
  facet normal 0 0 1
    outer loop
      vertex 17.7932 17.1044 9
      vertex 19.1812 17.2872 9
      vertex 19.125 17.5694 9
    endloop
  endfacet
  facet normal 0 0 1
    outer loop
      vertex 19.2 17 9
      vertex 17.8 17 9
      vertex 19.1812 16.7128 9
    endloop
  endfacet
  facet normal 0 0 1
    outer loop
      vertex 17.7727 17.2071 9
      vertex 19.125 17.5694 9
      vertex 19.0325 17.8419 9
    endloop
  endfacet
  facet normal -0 0 1
    outer loop
      vertex 17.7932 16.8956 9
      vertex 19.1812 16.7128 9
      vertex 17.8 17 9
    endloop
  endfacet
  facet normal 0 0 1
    outer loop
      vertex 17.7391 17.3061 9
      vertex 19.0325 17.8419 9
      vertex 18.9053 18.1 9
    endloop
  endfacet
  facet normal 0 0 1
    outer loop
      vertex 19.1812 16.7128 9
      vertex 17.7932 16.8956 9
      vertex 19.125 16.4306 9
    endloop
  endfacet
  facet normal 0 0 1
    outer loop
      vertex 17.6928 17.4 9
      vertex 18.9053 18.1 9
      vertex 18.7454 18.3393 9
    endloop
  endfacet
  facet normal -0 0 1
    outer loop
      vertex 17.7727 16.7929 9
      vertex 19.125 16.4306 9
      vertex 17.7932 16.8956 9
    endloop
  endfacet
  facet normal 0 0 1
    outer loop
      vertex 17.6347 17.487 9
      vertex 18.7454 18.3393 9
      vertex 18.5556 18.5556 9
    endloop
  endfacet
  facet normal 0 0 1
    outer loop
      vertex 19.125 16.4306 9
      vertex 17.7727 16.7929 9
      vertex 19.0325 16.1581 9
    endloop
  endfacet
  facet normal 0 0 1
    outer loop
      vertex 17.5657 17.5657 9
      vertex 18.5556 18.5556 9
      vertex 18.3393 18.7454 9
    endloop
  endfacet
  facet normal -0 0 1
    outer loop
      vertex 17.7391 16.6939 9
      vertex 19.0325 16.1581 9
      vertex 17.7727 16.7929 9
    endloop
  endfacet
  facet normal 0 0 1
    outer loop
      vertex 17.487 17.6347 9
      vertex 18.3393 18.7454 9
      vertex 18.1 18.9053 9
    endloop
  endfacet
  facet normal 0 0 1
    outer loop
      vertex 19.0325 16.1581 9
      vertex 17.7391 16.6939 9
      vertex 18.9053 15.9 9
    endloop
  endfacet
  facet normal 0 0 1
    outer loop
      vertex 17.4 17.6928 9
      vertex 18.1 18.9053 9
      vertex 17.8419 19.0325 9
    endloop
  endfacet
  facet normal -0 0 1
    outer loop
      vertex 17.6928 16.6 9
      vertex 18.9053 15.9 9
      vertex 17.7391 16.6939 9
    endloop
  endfacet
  facet normal 0 0 1
    outer loop
      vertex 18.9053 15.9 9
      vertex 17.6928 16.6 9
      vertex 18.7454 15.6607 9
    endloop
  endfacet
  facet normal 0 0 1
    outer loop
      vertex 19.1812 17.2872 9
      vertex 17.7932 17.1044 9
      vertex 17.8 17 9
    endloop
  endfacet
  facet normal 0 0 1
    outer loop
      vertex 19.125 17.5694 9
      vertex 17.7727 17.2071 9
      vertex 17.7932 17.1044 9
    endloop
  endfacet
  facet normal 0 0 1
    outer loop
      vertex 19.0325 17.8419 9
      vertex 17.7391 17.3061 9
      vertex 17.7727 17.2071 9
    endloop
  endfacet
  facet normal 0 0 1
    outer loop
      vertex 18.9053 18.1 9
      vertex 17.6928 17.4 9
      vertex 17.7391 17.3061 9
    endloop
  endfacet
  facet normal 0 0 1
    outer loop
      vertex 18.7454 18.3393 9
      vertex 17.6347 17.487 9
      vertex 17.6928 17.4 9
    endloop
  endfacet
  facet normal 0 0 1
    outer loop
      vertex 17.3061 17.7391 9
      vertex 17.8419 19.0325 9
      vertex 17.5694 19.125 9
    endloop
  endfacet
  facet normal 0 0 1
    outer loop
      vertex 18.5556 18.5556 9
      vertex 17.5657 17.5657 9
      vertex 17.6347 17.487 9
    endloop
  endfacet
  facet normal 0 0 1
    outer loop
      vertex 18.3393 18.7454 9
      vertex 17.487 17.6347 9
      vertex 17.5657 17.5657 9
    endloop
  endfacet
  facet normal 0 0 1
    outer loop
      vertex 18.1 18.9053 9
      vertex 17.4 17.6928 9
      vertex 17.487 17.6347 9
    endloop
  endfacet
  facet normal 0 0 1
    outer loop
      vertex 17.8419 19.0325 9
      vertex 17.3061 17.7391 9
      vertex 17.4 17.6928 9
    endloop
  endfacet
  facet normal 0 0 1
    outer loop
      vertex 17.2071 17.7727 9
      vertex 17.5694 19.125 9
      vertex 17.2872 19.1812 9
    endloop
  endfacet
  facet normal 0 0 1
    outer loop
      vertex 17.5694 19.125 9
      vertex 17.2071 17.7727 9
      vertex 17.3061 17.7391 9
    endloop
  endfacet
  facet normal 0 0 1
    outer loop
      vertex 17.2872 19.1812 9
      vertex 17.1044 17.7932 9
      vertex 17.2071 17.7727 9
    endloop
  endfacet
  facet normal 0 0 1
    outer loop
      vertex 17 19.2 9
      vertex 17.1044 17.7932 9
      vertex 17.2872 19.1812 9
    endloop
  endfacet
  facet normal 0 0 1
    outer loop
      vertex 17 19.2 9
      vertex 17 17.8 9
      vertex 17.1044 17.7932 9
    endloop
  endfacet
  facet normal 0 0 1
    outer loop
      vertex 17 19.2 9
      vertex 16.8956 17.7932 9
      vertex 17 17.8 9
    endloop
  endfacet
  facet normal -0 0 1
    outer loop
      vertex 16.7128 19.1812 9
      vertex 16.8956 17.7932 9
      vertex 17 19.2 9
    endloop
  endfacet
  facet normal 0 0 1
    outer loop
      vertex 16.8956 17.7932 9
      vertex 16.7128 19.1812 9
      vertex 16.7929 17.7727 9
    endloop
  endfacet
  facet normal -0 0 1
    outer loop
      vertex 16.4306 19.125 9
      vertex 16.7929 17.7727 9
      vertex 16.7128 19.1812 9
    endloop
  endfacet
  facet normal 0 0 1
    outer loop
      vertex 16.7929 17.7727 9
      vertex 16.4306 19.125 9
      vertex 16.6939 17.7391 9
    endloop
  endfacet
  facet normal -0 0 1
    outer loop
      vertex 16.1581 19.0325 9
      vertex 16.6939 17.7391 9
      vertex 16.4306 19.125 9
    endloop
  endfacet
  facet normal 0 0 1
    outer loop
      vertex 16.6939 17.7391 9
      vertex 16.1581 19.0325 9
      vertex 16.6 17.6928 9
    endloop
  endfacet
  facet normal -0 0 1
    outer loop
      vertex 15.9 18.9053 9
      vertex 16.6 17.6928 9
      vertex 16.1581 19.0325 9
    endloop
  endfacet
  facet normal 0 0 1
    outer loop
      vertex 16.6 17.6928 9
      vertex 15.9 18.9053 9
      vertex 16.513 17.6347 9
    endloop
  endfacet
  facet normal -0 0 1
    outer loop
      vertex 15.6607 18.7454 9
      vertex 16.513 17.6347 9
      vertex 15.9 18.9053 9
    endloop
  endfacet
  facet normal 0 0 1
    outer loop
      vertex 16.513 17.6347 9
      vertex 15.6607 18.7454 9
      vertex 16.4343 17.5657 9
    endloop
  endfacet
  facet normal -0 0 1
    outer loop
      vertex 15.4444 18.5556 9
      vertex 16.4343 17.5657 9
      vertex 15.6607 18.7454 9
    endloop
  endfacet
  facet normal 0 0 1
    outer loop
      vertex 16.4343 17.5657 9
      vertex 15.4444 18.5556 9
      vertex 16.3653 17.487 9
    endloop
  endfacet
  facet normal 0 0 1
    outer loop
      vertex 16.3653 17.487 9
      vertex 15.2546 18.3393 9
      vertex 16.3072 17.4 9
    endloop
  endfacet
  facet normal -0 0 1
    outer loop
      vertex 15.2546 18.3393 9
      vertex 16.3653 17.487 9
      vertex 15.4444 18.5556 9
    endloop
  endfacet
  facet normal -0 0 1
    outer loop
      vertex 17.6347 16.513 9
      vertex 18.7454 15.6607 9
      vertex 17.6928 16.6 9
    endloop
  endfacet
  facet normal 0 0 1
    outer loop
      vertex 18.7454 15.6607 9
      vertex 17.6347 16.513 9
      vertex 18.5556 15.4444 9
    endloop
  endfacet
  facet normal -0 0 1
    outer loop
      vertex 17.5657 16.4343 9
      vertex 18.5556 15.4444 9
      vertex 17.6347 16.513 9
    endloop
  endfacet
  facet normal 0 0 1
    outer loop
      vertex 18.5556 15.4444 9
      vertex 17.5657 16.4343 9
      vertex 18.3393 15.2546 9
    endloop
  endfacet
  facet normal -0 0 1
    outer loop
      vertex 17.487 16.3653 9
      vertex 18.3393 15.2546 9
      vertex 17.5657 16.4343 9
    endloop
  endfacet
  facet normal 0 0 1
    outer loop
      vertex 18.3393 15.2546 9
      vertex 17.487 16.3653 9
      vertex 18.1 15.0947 9
    endloop
  endfacet
  facet normal -0 0 1
    outer loop
      vertex 17.4 16.3072 9
      vertex 18.1 15.0947 9
      vertex 17.487 16.3653 9
    endloop
  endfacet
  facet normal 0 0 1
    outer loop
      vertex 18.1 15.0947 9
      vertex 17.4 16.3072 9
      vertex 17.8419 14.9675 9
    endloop
  endfacet
  facet normal -0 0 1
    outer loop
      vertex 17.3061 16.2609 9
      vertex 17.8419 14.9675 9
      vertex 17.4 16.3072 9
    endloop
  endfacet
  facet normal 0 0 1
    outer loop
      vertex 17.8419 14.9675 9
      vertex 17.3061 16.2609 9
      vertex 17.5694 14.875 9
    endloop
  endfacet
  facet normal -0 0 1
    outer loop
      vertex 17.2071 16.2273 9
      vertex 17.5694 14.875 9
      vertex 17.3061 16.2609 9
    endloop
  endfacet
  facet normal 0 0 1
    outer loop
      vertex 17.5694 14.875 9
      vertex 17.2071 16.2273 9
      vertex 17.2872 14.8188 9
    endloop
  endfacet
  facet normal -0 0 1
    outer loop
      vertex 17.1044 16.2068 9
      vertex 17.2872 14.8188 9
      vertex 17.2071 16.2273 9
    endloop
  endfacet
  facet normal -0 0 1
    outer loop
      vertex 17 16.2 9
      vertex 17.2872 14.8188 9
      vertex 17.1044 16.2068 9
    endloop
  endfacet
  facet normal 0 0 1
    outer loop
      vertex 17 16.2 9
      vertex 17 14.8 9
      vertex 17.2872 14.8188 9
    endloop
  endfacet
  facet normal 0 0 1
    outer loop
      vertex 16.8956 16.2068 9
      vertex 17 14.8 9
      vertex 17 16.2 9
    endloop
  endfacet
  facet normal 0 0 1
    outer loop
      vertex 16.7128 14.8188 9
      vertex 16.8956 16.2068 9
      vertex 16.7929 16.2273 9
    endloop
  endfacet
  facet normal 0 0 1
    outer loop
      vertex 16.8956 16.2068 9
      vertex 16.7128 14.8188 9
      vertex 17 14.8 9
    endloop
  endfacet
  facet normal 0 0 1
    outer loop
      vertex 16.4306 14.875 9
      vertex 16.7929 16.2273 9
      vertex 16.6939 16.2609 9
    endloop
  endfacet
  facet normal 0 0 1
    outer loop
      vertex 16.1581 14.9675 9
      vertex 16.6939 16.2609 9
      vertex 16.6 16.3072 9
    endloop
  endfacet
  facet normal 0 0 1
    outer loop
      vertex 15.9 15.0947 9
      vertex 16.6 16.3072 9
      vertex 16.513 16.3653 9
    endloop
  endfacet
  facet normal 0 0 1
    outer loop
      vertex 15.6607 15.2546 9
      vertex 16.513 16.3653 9
      vertex 16.4343 16.4343 9
    endloop
  endfacet
  facet normal 0 0 1
    outer loop
      vertex 16.7929 16.2273 9
      vertex 16.4306 14.875 9
      vertex 16.7128 14.8188 9
    endloop
  endfacet
  facet normal 0 0 1
    outer loop
      vertex 15.4444 15.4444 9
      vertex 16.4343 16.4343 9
      vertex 16.3653 16.513 9
    endloop
  endfacet
  facet normal 0 0 1
    outer loop
      vertex 15.2546 15.6607 9
      vertex 16.3653 16.513 9
      vertex 16.3072 16.6 9
    endloop
  endfacet
  facet normal 0 0 1
    outer loop
      vertex 15.0947 15.9 9
      vertex 16.3072 16.6 9
      vertex 16.2609 16.6939 9
    endloop
  endfacet
  facet normal 0 0 1
    outer loop
      vertex 14.9675 16.1581 9
      vertex 16.2609 16.6939 9
      vertex 16.2273 16.7929 9
    endloop
  endfacet
  facet normal 0 0 1
    outer loop
      vertex 14.875 16.4306 9
      vertex 16.2273 16.7929 9
      vertex 16.2068 16.8956 9
    endloop
  endfacet
  facet normal 0 0 1
    outer loop
      vertex 16.6939 16.2609 9
      vertex 16.1581 14.9675 9
      vertex 16.4306 14.875 9
    endloop
  endfacet
  facet normal 0 0 1
    outer loop
      vertex 14.8188 16.7128 9
      vertex 16.2068 16.8956 9
      vertex 16.2 17 9
    endloop
  endfacet
  facet normal -0 0 1
    outer loop
      vertex 15.0947 18.1 9
      vertex 16.3072 17.4 9
      vertex 15.2546 18.3393 9
    endloop
  endfacet
  facet normal 0 0 1
    outer loop
      vertex 16.3072 17.4 9
      vertex 15.0947 18.1 9
      vertex 16.2609 17.3061 9
    endloop
  endfacet
  facet normal 0 0 1
    outer loop
      vertex 16.6 16.3072 9
      vertex 15.9 15.0947 9
      vertex 16.1581 14.9675 9
    endloop
  endfacet
  facet normal -0 0 1
    outer loop
      vertex 14.9675 17.8419 9
      vertex 16.2609 17.3061 9
      vertex 15.0947 18.1 9
    endloop
  endfacet
  facet normal 0 0 1
    outer loop
      vertex 16.513 16.3653 9
      vertex 15.6607 15.2546 9
      vertex 15.9 15.0947 9
    endloop
  endfacet
  facet normal 0 0 1
    outer loop
      vertex 16.2609 17.3061 9
      vertex 14.9675 17.8419 9
      vertex 16.2273 17.2071 9
    endloop
  endfacet
  facet normal 0 0 1
    outer loop
      vertex 16.4343 16.4343 9
      vertex 15.4444 15.4444 9
      vertex 15.6607 15.2546 9
    endloop
  endfacet
  facet normal -0 0 1
    outer loop
      vertex 14.875 17.5694 9
      vertex 16.2273 17.2071 9
      vertex 14.9675 17.8419 9
    endloop
  endfacet
  facet normal 0 0 1
    outer loop
      vertex 16.3653 16.513 9
      vertex 15.2546 15.6607 9
      vertex 15.4444 15.4444 9
    endloop
  endfacet
  facet normal 0 0 1
    outer loop
      vertex 16.2273 17.2071 9
      vertex 14.875 17.5694 9
      vertex 16.2068 17.1044 9
    endloop
  endfacet
  facet normal 0 0 1
    outer loop
      vertex 16.3072 16.6 9
      vertex 15.0947 15.9 9
      vertex 15.2546 15.6607 9
    endloop
  endfacet
  facet normal -0 0 1
    outer loop
      vertex 14.8188 17.2872 9
      vertex 16.2068 17.1044 9
      vertex 14.875 17.5694 9
    endloop
  endfacet
  facet normal 0 0 1
    outer loop
      vertex 16.2609 16.6939 9
      vertex 14.9675 16.1581 9
      vertex 15.0947 15.9 9
    endloop
  endfacet
  facet normal 0 0 1
    outer loop
      vertex 16.2068 17.1044 9
      vertex 14.8188 17.2872 9
      vertex 16.2 17 9
    endloop
  endfacet
  facet normal 0 0 1
    outer loop
      vertex 16.2273 16.7929 9
      vertex 14.875 16.4306 9
      vertex 14.9675 16.1581 9
    endloop
  endfacet
  facet normal 0 0 1
    outer loop
      vertex 14.8 17 9
      vertex 16.2 17 9
      vertex 14.8188 17.2872 9
    endloop
  endfacet
  facet normal 0 0 1
    outer loop
      vertex 16.2068 16.8956 9
      vertex 14.8188 16.7128 9
      vertex 14.875 16.4306 9
    endloop
  endfacet
  facet normal 0 0 1
    outer loop
      vertex 16.2 17 9
      vertex 14.8 17 9
      vertex 14.8188 16.7128 9
    endloop
  endfacet
  facet normal 0.980741 -0.195314 0
    outer loop
      vertex 19.125 16.4306 9
      vertex 19.1812 16.7128 2
      vertex 19.1812 16.7128 9
    endloop
  endfacet
  facet normal 0.980741 -0.195314 0
    outer loop
      vertex 19.1812 16.7128 2
      vertex 19.125 16.4306 9
      vertex 19.125 16.4306 2
    endloop
  endfacet
  facet normal -0.946931 -0.321435 0
    outer loop
      vertex 14.9675 16.1581 2
      vertex 14.875 16.4306 9
      vertex 14.875 16.4306 2
    endloop
  endfacet
  facet normal -0.946931 -0.321435 0
    outer loop
      vertex 14.875 16.4306 9
      vertex 14.9675 16.1581 2
      vertex 14.9675 16.1581 9
    endloop
  endfacet
  facet normal 0.946931 -0.321435 0
    outer loop
      vertex 19.0325 16.1581 9
      vertex 19.125 16.4306 2
      vertex 19.125 16.4306 9
    endloop
  endfacet
  facet normal 0.946931 -0.321435 0
    outer loop
      vertex 19.125 16.4306 2
      vertex 19.0325 16.1581 9
      vertex 19.0325 16.1581 2
    endloop
  endfacet
  facet normal 0.555582 0.831462 -0
    outer loop
      vertex 18.3393 18.7454 2
      vertex 18.1 18.9053 9
      vertex 18.3393 18.7454 9
    endloop
  endfacet
  facet normal 0.555582 0.831462 0
    outer loop
      vertex 18.1 18.9053 9
      vertex 18.3393 18.7454 2
      vertex 18.1 18.9053 2
    endloop
  endfacet
  facet normal 0.442063 0.896984 -0
    outer loop
      vertex 18.1 18.9053 2
      vertex 17.8419 19.0325 9
      vertex 18.1 18.9053 9
    endloop
  endfacet
  facet normal 0.442063 0.896984 0
    outer loop
      vertex 17.8419 19.0325 9
      vertex 18.1 18.9053 2
      vertex 17.8419 19.0325 2
    endloop
  endfacet
  facet normal -0.195314 0.980741 0
    outer loop
      vertex 16.7128 19.1812 2
      vertex 16.4306 19.125 9
      vertex 16.7128 19.1812 9
    endloop
  endfacet
  facet normal -0.195314 0.980741 0
    outer loop
      vertex 16.4306 19.125 9
      vertex 16.7128 19.1812 2
      vertex 16.4306 19.125 2
    endloop
  endfacet
  facet normal -0.442063 -0.896984 0
    outer loop
      vertex 15.9 15.0947 2
      vertex 16.1581 14.9675 9
      vertex 15.9 15.0947 9
    endloop
  endfacet
  facet normal -0.442063 -0.896984 -0
    outer loop
      vertex 16.1581 14.9675 9
      vertex 15.9 15.0947 2
      vertex 16.1581 14.9675 2
    endloop
  endfacet
  facet normal -0.0653198 0.997864 0
    outer loop
      vertex 17 19.2 2
      vertex 16.7128 19.1812 9
      vertex 17 19.2 9
    endloop
  endfacet
  facet normal -0.0653198 0.997864 0
    outer loop
      vertex 16.7128 19.1812 9
      vertex 17 19.2 2
      vertex 16.7128 19.1812 2
    endloop
  endfacet
  facet normal -0.75165 0.659562 0
    outer loop
      vertex 15.2546 18.3393 2
      vertex 15.4444 18.5556 9
      vertex 15.4444 18.5556 2
    endloop
  endfacet
  facet normal -0.75165 0.659562 0
    outer loop
      vertex 15.4444 18.5556 9
      vertex 15.2546 18.3393 2
      vertex 15.2546 18.3393 9
    endloop
  endfacet
  facet normal 0.997864 -0.0653198 0
    outer loop
      vertex 19.1812 16.7128 9
      vertex 19.2 17 2
      vertex 19.2 17 9
    endloop
  endfacet
  facet normal 0.997864 -0.0653198 0
    outer loop
      vertex 19.2 17 2
      vertex 19.1812 16.7128 9
      vertex 19.1812 16.7128 2
    endloop
  endfacet
  facet normal -0.946931 0.321435 0
    outer loop
      vertex 14.875 17.5694 2
      vertex 14.9675 17.8419 9
      vertex 14.9675 17.8419 2
    endloop
  endfacet
  facet normal -0.946931 0.321435 0
    outer loop
      vertex 14.9675 17.8419 9
      vertex 14.875 17.5694 2
      vertex 14.875 17.5694 9
    endloop
  endfacet
  facet normal -0.659562 -0.75165 0
    outer loop
      vertex 15.4444 15.4444 2
      vertex 15.6607 15.2546 9
      vertex 15.4444 15.4444 9
    endloop
  endfacet
  facet normal -0.659562 -0.75165 -0
    outer loop
      vertex 15.6607 15.2546 9
      vertex 15.4444 15.4444 2
      vertex 15.6607 15.2546 2
    endloop
  endfacet
  facet normal 0.0653198 0.997864 -0
    outer loop
      vertex 17.2872 19.1812 2
      vertex 17 19.2 9
      vertex 17.2872 19.1812 9
    endloop
  endfacet
  facet normal 0.0653198 0.997864 0
    outer loop
      vertex 17 19.2 9
      vertex 17.2872 19.1812 2
      vertex 17 19.2 2
    endloop
  endfacet
  facet normal 0.831462 0.555582 0
    outer loop
      vertex 18.9053 18.1 9
      vertex 18.7454 18.3393 2
      vertex 18.7454 18.3393 9
    endloop
  endfacet
  facet normal 0.831462 0.555582 0
    outer loop
      vertex 18.7454 18.3393 2
      vertex 18.9053 18.1 9
      vertex 18.9053 18.1 2
    endloop
  endfacet
  facet normal -0.896984 -0.442063 0
    outer loop
      vertex 15.0947 15.9 2
      vertex 14.9675 16.1581 9
      vertex 14.9675 16.1581 2
    endloop
  endfacet
  facet normal -0.896984 -0.442063 0
    outer loop
      vertex 14.9675 16.1581 9
      vertex 15.0947 15.9 2
      vertex 15.0947 15.9 9
    endloop
  endfacet
  facet normal 0.831462 -0.555582 0
    outer loop
      vertex 18.7454 15.6607 9
      vertex 18.9053 15.9 2
      vertex 18.9053 15.9 9
    endloop
  endfacet
  facet normal 0.831462 -0.555582 0
    outer loop
      vertex 18.9053 15.9 2
      vertex 18.7454 15.6607 9
      vertex 18.7454 15.6607 2
    endloop
  endfacet
  facet normal -0.0653198 -0.997864 0
    outer loop
      vertex 16.7128 14.8188 2
      vertex 17 14.8 9
      vertex 16.7128 14.8188 9
    endloop
  endfacet
  facet normal -0.0653198 -0.997864 -0
    outer loop
      vertex 17 14.8 9
      vertex 16.7128 14.8188 2
      vertex 17 14.8 2
    endloop
  endfacet
  facet normal -0.980741 0.195314 0
    outer loop
      vertex 14.8188 17.2872 2
      vertex 14.875 17.5694 9
      vertex 14.875 17.5694 2
    endloop
  endfacet
  facet normal -0.980741 0.195314 0
    outer loop
      vertex 14.875 17.5694 9
      vertex 14.8188 17.2872 2
      vertex 14.8188 17.2872 9
    endloop
  endfacet
  facet normal -0.555582 -0.831462 0
    outer loop
      vertex 15.6607 15.2546 2
      vertex 15.9 15.0947 9
      vertex 15.6607 15.2546 9
    endloop
  endfacet
  facet normal -0.555582 -0.831462 -0
    outer loop
      vertex 15.9 15.0947 9
      vertex 15.6607 15.2546 2
      vertex 15.9 15.0947 2
    endloop
  endfacet
  facet normal -0.555582 0.831462 0
    outer loop
      vertex 15.9 18.9053 2
      vertex 15.6607 18.7454 9
      vertex 15.9 18.9053 9
    endloop
  endfacet
  facet normal -0.555582 0.831462 0
    outer loop
      vertex 15.6607 18.7454 9
      vertex 15.9 18.9053 2
      vertex 15.6607 18.7454 2
    endloop
  endfacet
  facet normal -0.980741 -0.195314 0
    outer loop
      vertex 14.875 16.4306 2
      vertex 14.8188 16.7128 9
      vertex 14.8188 16.7128 2
    endloop
  endfacet
  facet normal -0.980741 -0.195314 0
    outer loop
      vertex 14.8188 16.7128 9
      vertex 14.875 16.4306 2
      vertex 14.875 16.4306 9
    endloop
  endfacet
  facet normal -0.75165 -0.659562 0
    outer loop
      vertex 15.4444 15.4444 2
      vertex 15.2546 15.6607 9
      vertex 15.2546 15.6607 2
    endloop
  endfacet
  facet normal -0.75165 -0.659562 0
    outer loop
      vertex 15.2546 15.6607 9
      vertex 15.4444 15.4444 2
      vertex 15.4444 15.4444 9
    endloop
  endfacet
  facet normal 0.555582 -0.831462 0
    outer loop
      vertex 18.1 15.0947 2
      vertex 18.3393 15.2546 9
      vertex 18.1 15.0947 9
    endloop
  endfacet
  facet normal 0.555582 -0.831462 0
    outer loop
      vertex 18.3393 15.2546 9
      vertex 18.1 15.0947 2
      vertex 18.3393 15.2546 2
    endloop
  endfacet
  facet normal -0.831462 0.555582 0
    outer loop
      vertex 15.0947 18.1 2
      vertex 15.2546 18.3393 9
      vertex 15.2546 18.3393 2
    endloop
  endfacet
  facet normal -0.831462 0.555582 0
    outer loop
      vertex 15.2546 18.3393 9
      vertex 15.0947 18.1 2
      vertex 15.0947 18.1 9
    endloop
  endfacet
  facet normal -0.195749 -0.980654 0
    outer loop
      vertex 17.1044 17.7932 2
      vertex 17.2071 17.7727 9
      vertex 17.1044 17.7932 9
    endloop
  endfacet
  facet normal -0.195749 -0.980654 -0
    outer loop
      vertex 17.2071 17.7727 9
      vertex 17.1044 17.7932 2
      vertex 17.2071 17.7727 2
    endloop
  endfacet
  facet normal -0.980654 -0.195749 0
    outer loop
      vertex 17.7932 17.1044 2
      vertex 17.7727 17.2071 9
      vertex 17.7727 17.2071 2
    endloop
  endfacet
  facet normal -0.980654 -0.195749 0
    outer loop
      vertex 17.7727 17.2071 9
      vertex 17.7932 17.1044 2
      vertex 17.7932 17.1044 9
    endloop
  endfacet
  facet normal -0.997886 -0.0649964 0
    outer loop
      vertex 17.8 17 2
      vertex 17.7932 17.1044 9
      vertex 17.7932 17.1044 2
    endloop
  endfacet
  facet normal -0.997886 -0.0649964 0
    outer loop
      vertex 17.7932 17.1044 9
      vertex 17.8 17 2
      vertex 17.8 17 9
    endloop
  endfacet
  facet normal -0.946948 -0.321388 0
    outer loop
      vertex 17.7727 17.2071 2
      vertex 17.7391 17.3061 9
      vertex 17.7391 17.3061 2
    endloop
  endfacet
  facet normal -0.946948 -0.321388 0
    outer loop
      vertex 17.7391 17.3061 9
      vertex 17.7727 17.2071 2
      vertex 17.7727 17.2071 9
    endloop
  endfacet
  facet normal -0.831609 -0.555362 0
    outer loop
      vertex 17.6928 17.4 2
      vertex 17.6347 17.487 9
      vertex 17.6347 17.487 2
    endloop
  endfacet
  facet normal -0.831609 -0.555362 0
    outer loop
      vertex 17.6347 17.487 9
      vertex 17.6928 17.4 2
      vertex 17.6928 17.4 9
    endloop
  endfacet
  facet normal -0.321388 -0.946948 0
    outer loop
      vertex 17.2071 17.7727 2
      vertex 17.3061 17.7391 9
      vertex 17.2071 17.7727 9
    endloop
  endfacet
  facet normal -0.321388 -0.946948 -0
    outer loop
      vertex 17.3061 17.7391 9
      vertex 17.2071 17.7727 2
      vertex 17.3061 17.7391 2
    endloop
  endfacet
  facet normal -0.997886 0.0649964 0
    outer loop
      vertex 17.7932 16.8956 2
      vertex 17.8 17 9
      vertex 17.8 17 2
    endloop
  endfacet
  facet normal -0.997886 0.0649964 0
    outer loop
      vertex 17.8 17 9
      vertex 17.7932 16.8956 2
      vertex 17.7932 16.8956 9
    endloop
  endfacet
  facet normal 0.555362 0.831609 -0
    outer loop
      vertex 16.6 16.3072 2
      vertex 16.513 16.3653 9
      vertex 16.6 16.3072 9
    endloop
  endfacet
  facet normal 0.555362 0.831609 0
    outer loop
      vertex 16.513 16.3653 9
      vertex 16.6 16.3072 2
      vertex 16.513 16.3653 2
    endloop
  endfacet
  facet normal 0.321388 0.946948 -0
    outer loop
      vertex 16.7929 16.2273 2
      vertex 16.6939 16.2609 9
      vertex 16.7929 16.2273 9
    endloop
  endfacet
  facet normal 0.321388 0.946948 0
    outer loop
      vertex 16.6939 16.2609 9
      vertex 16.7929 16.2273 2
      vertex 16.6939 16.2609 2
    endloop
  endfacet
  facet normal -0.896897 -0.44224 0
    outer loop
      vertex 17.7391 17.3061 2
      vertex 17.6928 17.4 9
      vertex 17.6928 17.4 2
    endloop
  endfacet
  facet normal -0.896897 -0.44224 0
    outer loop
      vertex 17.6928 17.4 9
      vertex 17.7391 17.3061 2
      vertex 17.7391 17.3061 9
    endloop
  endfacet
  facet normal 0.321388 -0.946948 0
    outer loop
      vertex 16.6939 17.7391 2
      vertex 16.7929 17.7727 9
      vertex 16.6939 17.7391 9
    endloop
  endfacet
  facet normal 0.321388 -0.946948 0
    outer loop
      vertex 16.7929 17.7727 9
      vertex 16.6939 17.7391 2
      vertex 16.7929 17.7727 2
    endloop
  endfacet
  facet normal -0.751925 -0.659248 0
    outer loop
      vertex 17.6347 17.487 2
      vertex 17.5657 17.5657 9
      vertex 17.5657 17.5657 2
    endloop
  endfacet
  facet normal -0.751925 -0.659248 0
    outer loop
      vertex 17.5657 17.5657 9
      vertex 17.6347 17.487 2
      vertex 17.6347 17.487 9
    endloop
  endfacet
  facet normal -0.946948 0.321388 0
    outer loop
      vertex 17.7391 16.6939 2
      vertex 17.7727 16.7929 9
      vertex 17.7727 16.7929 2
    endloop
  endfacet
  facet normal -0.946948 0.321388 0
    outer loop
      vertex 17.7727 16.7929 9
      vertex 17.7391 16.6939 2
      vertex 17.7391 16.6939 9
    endloop
  endfacet
  facet normal 0.751925 0.659248 0
    outer loop
      vertex 16.4343 16.4343 9
      vertex 16.3653 16.513 2
      vertex 16.3653 16.513 9
    endloop
  endfacet
  facet normal 0.751925 0.659248 0
    outer loop
      vertex 16.3653 16.513 2
      vertex 16.4343 16.4343 9
      vertex 16.4343 16.4343 2
    endloop
  endfacet
  facet normal -0.980654 0.195749 0
    outer loop
      vertex 17.7727 16.7929 2
      vertex 17.7932 16.8956 9
      vertex 17.7932 16.8956 2
    endloop
  endfacet
  facet normal -0.980654 0.195749 0
    outer loop
      vertex 17.7932 16.8956 9
      vertex 17.7727 16.7929 2
      vertex 17.7727 16.7929 9
    endloop
  endfacet
  facet normal 0.659248 -0.751925 0
    outer loop
      vertex 16.4343 17.5657 2
      vertex 16.513 17.6347 9
      vertex 16.4343 17.5657 9
    endloop
  endfacet
  facet normal 0.659248 -0.751925 0
    outer loop
      vertex 16.513 17.6347 9
      vertex 16.4343 17.5657 2
      vertex 16.513 17.6347 2
    endloop
  endfacet
  facet normal 0.946948 0.321388 0
    outer loop
      vertex 16.2609 16.6939 9
      vertex 16.2273 16.7929 2
      vertex 16.2273 16.7929 9
    endloop
  endfacet
  facet normal 0.946948 0.321388 0
    outer loop
      vertex 16.2273 16.7929 2
      vertex 16.2609 16.6939 9
      vertex 16.2609 16.6939 2
    endloop
  endfacet
  facet normal -0.831609 0.555362 0
    outer loop
      vertex 17.6347 16.513 2
      vertex 17.6928 16.6 9
      vertex 17.6928 16.6 2
    endloop
  endfacet
  facet normal -0.831609 0.555362 0
    outer loop
      vertex 17.6928 16.6 9
      vertex 17.6347 16.513 2
      vertex 17.6347 16.513 9
    endloop
  endfacet
  facet normal -0.44224 -0.896897 0
    outer loop
      vertex 17.3061 17.7391 2
      vertex 17.4 17.6928 9
      vertex 17.3061 17.7391 9
    endloop
  endfacet
  facet normal -0.44224 -0.896897 -0
    outer loop
      vertex 17.4 17.6928 9
      vertex 17.3061 17.7391 2
      vertex 17.4 17.6928 2
    endloop
  endfacet
  facet normal 0.44224 -0.896897 0
    outer loop
      vertex 16.6 17.6928 2
      vertex 16.6939 17.7391 9
      vertex 16.6 17.6928 9
    endloop
  endfacet
  facet normal 0.44224 -0.896897 0
    outer loop
      vertex 16.6939 17.7391 9
      vertex 16.6 17.6928 2
      vertex 16.6939 17.7391 2
    endloop
  endfacet
  facet normal -0.44224 0.896897 0
    outer loop
      vertex 17.4 16.3072 2
      vertex 17.3061 16.2609 9
      vertex 17.4 16.3072 9
    endloop
  endfacet
  facet normal -0.44224 0.896897 0
    outer loop
      vertex 17.3061 16.2609 9
      vertex 17.4 16.3072 2
      vertex 17.3061 16.2609 2
    endloop
  endfacet
  facet normal -0.321388 0.946948 0
    outer loop
      vertex 17.3061 16.2609 2
      vertex 17.2071 16.2273 9
      vertex 17.3061 16.2609 9
    endloop
  endfacet
  facet normal -0.321388 0.946948 0
    outer loop
      vertex 17.2071 16.2273 9
      vertex 17.3061 16.2609 2
      vertex 17.2071 16.2273 2
    endloop
  endfacet
  facet normal 0.980654 0.195749 0
    outer loop
      vertex 16.2273 16.7929 9
      vertex 16.2068 16.8956 2
      vertex 16.2068 16.8956 9
    endloop
  endfacet
  facet normal 0.980654 0.195749 0
    outer loop
      vertex 16.2068 16.8956 2
      vertex 16.2273 16.7929 9
      vertex 16.2273 16.7929 2
    endloop
  endfacet
  facet normal 0.555362 -0.831609 0
    outer loop
      vertex 16.513 17.6347 2
      vertex 16.6 17.6928 9
      vertex 16.513 17.6347 9
    endloop
  endfacet
  facet normal 0.555362 -0.831609 0
    outer loop
      vertex 16.6 17.6928 9
      vertex 16.513 17.6347 2
      vertex 16.6 17.6928 2
    endloop
  endfacet
  facet normal -0.555362 0.831609 0
    outer loop
      vertex 17.487 16.3653 2
      vertex 17.4 16.3072 9
      vertex 17.487 16.3653 9
    endloop
  endfacet
  facet normal -0.555362 0.831609 0
    outer loop
      vertex 17.4 16.3072 9
      vertex 17.487 16.3653 2
      vertex 17.4 16.3072 2
    endloop
  endfacet
  facet normal -0.195749 0.980654 0
    outer loop
      vertex 17.2071 16.2273 2
      vertex 17.1044 16.2068 9
      vertex 17.2071 16.2273 9
    endloop
  endfacet
  facet normal -0.195749 0.980654 0
    outer loop
      vertex 17.1044 16.2068 9
      vertex 17.2071 16.2273 2
      vertex 17.1044 16.2068 2
    endloop
  endfacet
  facet normal -0.659248 -0.751925 0
    outer loop
      vertex 17.487 17.6347 2
      vertex 17.5657 17.5657 9
      vertex 17.487 17.6347 9
    endloop
  endfacet
  facet normal -0.659248 -0.751925 -0
    outer loop
      vertex 17.5657 17.5657 9
      vertex 17.487 17.6347 2
      vertex 17.5657 17.5657 2
    endloop
  endfacet
  facet normal 0.946948 -0.321388 0
    outer loop
      vertex 16.2273 17.2071 9
      vertex 16.2609 17.3061 2
      vertex 16.2609 17.3061 9
    endloop
  endfacet
  facet normal 0.946948 -0.321388 0
    outer loop
      vertex 16.2609 17.3061 2
      vertex 16.2273 17.2071 9
      vertex 16.2273 17.2071 2
    endloop
  endfacet
  facet normal -0.0649964 0.997886 0
    outer loop
      vertex 17.1044 16.2068 2
      vertex 17 16.2 9
      vertex 17.1044 16.2068 9
    endloop
  endfacet
  facet normal -0.0649964 0.997886 0
    outer loop
      vertex 17 16.2 9
      vertex 17.1044 16.2068 2
      vertex 17 16.2 2
    endloop
  endfacet
  facet normal 0.195749 -0.980654 0
    outer loop
      vertex 16.7929 17.7727 2
      vertex 16.8956 17.7932 9
      vertex 16.7929 17.7727 9
    endloop
  endfacet
  facet normal 0.195749 -0.980654 0
    outer loop
      vertex 16.8956 17.7932 9
      vertex 16.7929 17.7727 2
      vertex 16.8956 17.7932 2
    endloop
  endfacet
  facet normal 0.659248 0.751925 -0
    outer loop
      vertex 16.513 16.3653 2
      vertex 16.4343 16.4343 9
      vertex 16.513 16.3653 9
    endloop
  endfacet
  facet normal 0.659248 0.751925 0
    outer loop
      vertex 16.4343 16.4343 9
      vertex 16.513 16.3653 2
      vertex 16.4343 16.4343 2
    endloop
  endfacet
  facet normal 0.896897 -0.44224 0
    outer loop
      vertex 16.2609 17.3061 9
      vertex 16.3072 17.4 2
      vertex 16.3072 17.4 9
    endloop
  endfacet
  facet normal 0.896897 -0.44224 0
    outer loop
      vertex 16.3072 17.4 2
      vertex 16.2609 17.3061 9
      vertex 16.2609 17.3061 2
    endloop
  endfacet
  facet normal -0.896897 0.44224 0
    outer loop
      vertex 17.6928 16.6 2
      vertex 17.7391 16.6939 9
      vertex 17.7391 16.6939 2
    endloop
  endfacet
  facet normal -0.896897 0.44224 0
    outer loop
      vertex 17.7391 16.6939 9
      vertex 17.6928 16.6 2
      vertex 17.6928 16.6 9
    endloop
  endfacet
  facet normal -0.751925 0.659248 0
    outer loop
      vertex 17.5657 16.4343 2
      vertex 17.6347 16.513 9
      vertex 17.6347 16.513 2
    endloop
  endfacet
  facet normal -0.751925 0.659248 0
    outer loop
      vertex 17.6347 16.513 9
      vertex 17.5657 16.4343 2
      vertex 17.5657 16.4343 9
    endloop
  endfacet
  facet normal 0.0649964 0.997886 -0
    outer loop
      vertex 17 16.2 2
      vertex 16.8956 16.2068 9
      vertex 17 16.2 9
    endloop
  endfacet
  facet normal 0.0649964 0.997886 0
    outer loop
      vertex 16.8956 16.2068 9
      vertex 17 16.2 2
      vertex 16.8956 16.2068 2
    endloop
  endfacet
  facet normal -0.0649964 -0.997886 0
    outer loop
      vertex 17 17.8 2
      vertex 17.1044 17.7932 9
      vertex 17 17.8 9
    endloop
  endfacet
  facet normal -0.0649964 -0.997886 -0
    outer loop
      vertex 17.1044 17.7932 9
      vertex 17 17.8 2
      vertex 17.1044 17.7932 2
    endloop
  endfacet
  facet normal -0.555362 -0.831609 0
    outer loop
      vertex 17.4 17.6928 2
      vertex 17.487 17.6347 9
      vertex 17.4 17.6928 9
    endloop
  endfacet
  facet normal -0.555362 -0.831609 -0
    outer loop
      vertex 17.487 17.6347 9
      vertex 17.4 17.6928 2
      vertex 17.487 17.6347 2
    endloop
  endfacet
  facet normal 0.997886 0.0649964 0
    outer loop
      vertex 16.2068 16.8956 9
      vertex 16.2 17 2
      vertex 16.2 17 9
    endloop
  endfacet
  facet normal 0.997886 0.0649964 0
    outer loop
      vertex 16.2 17 2
      vertex 16.2068 16.8956 9
      vertex 16.2068 16.8956 2
    endloop
  endfacet
  facet normal 0.751925 -0.659248 0
    outer loop
      vertex 16.3653 17.487 9
      vertex 16.4343 17.5657 2
      vertex 16.4343 17.5657 9
    endloop
  endfacet
  facet normal 0.751925 -0.659248 0
    outer loop
      vertex 16.4343 17.5657 2
      vertex 16.3653 17.487 9
      vertex 16.3653 17.487 2
    endloop
  endfacet
  facet normal 0.0649964 -0.997886 0
    outer loop
      vertex 16.8956 17.7932 2
      vertex 17 17.8 9
      vertex 16.8956 17.7932 9
    endloop
  endfacet
  facet normal 0.0649964 -0.997886 0
    outer loop
      vertex 17 17.8 9
      vertex 16.8956 17.7932 2
      vertex 17 17.8 2
    endloop
  endfacet
  facet normal 0.195749 0.980654 -0
    outer loop
      vertex 16.8956 16.2068 2
      vertex 16.7929 16.2273 9
      vertex 16.8956 16.2068 9
    endloop
  endfacet
  facet normal 0.195749 0.980654 0
    outer loop
      vertex 16.7929 16.2273 9
      vertex 16.8956 16.2068 2
      vertex 16.7929 16.2273 2
    endloop
  endfacet
  facet normal 0.980654 -0.195749 0
    outer loop
      vertex 16.2068 17.1044 9
      vertex 16.2273 17.2071 2
      vertex 16.2273 17.2071 9
    endloop
  endfacet
  facet normal 0.980654 -0.195749 0
    outer loop
      vertex 16.2273 17.2071 2
      vertex 16.2068 17.1044 9
      vertex 16.2068 17.1044 2
    endloop
  endfacet
  facet normal 0.997886 -0.0649964 0
    outer loop
      vertex 16.2 17 9
      vertex 16.2068 17.1044 2
      vertex 16.2068 17.1044 9
    endloop
  endfacet
  facet normal 0.997886 -0.0649964 0
    outer loop
      vertex 16.2068 17.1044 2
      vertex 16.2 17 9
      vertex 16.2 17 2
    endloop
  endfacet
  facet normal 0.44224 0.896897 -0
    outer loop
      vertex 16.6939 16.2609 2
      vertex 16.6 16.3072 9
      vertex 16.6939 16.2609 9
    endloop
  endfacet
  facet normal 0.44224 0.896897 0
    outer loop
      vertex 16.6 16.3072 9
      vertex 16.6939 16.2609 2
      vertex 16.6 16.3072 2
    endloop
  endfacet
  facet normal -0.659248 0.751925 0
    outer loop
      vertex 17.5657 16.4343 2
      vertex 17.487 16.3653 9
      vertex 17.5657 16.4343 9
    endloop
  endfacet
  facet normal -0.659248 0.751925 0
    outer loop
      vertex 17.487 16.3653 9
      vertex 17.5657 16.4343 2
      vertex 17.487 16.3653 2
    endloop
  endfacet
  facet normal 0.831609 -0.555362 0
    outer loop
      vertex 16.3072 17.4 9
      vertex 16.3653 17.487 2
      vertex 16.3653 17.487 9
    endloop
  endfacet
  facet normal 0.831609 -0.555362 0
    outer loop
      vertex 16.3653 17.487 2
      vertex 16.3072 17.4 9
      vertex 16.3072 17.4 2
    endloop
  endfacet
  facet normal 0.831609 0.555362 0
    outer loop
      vertex 16.3653 16.513 9
      vertex 16.3072 16.6 2
      vertex 16.3072 16.6 9
    endloop
  endfacet
  facet normal 0.831609 0.555362 0
    outer loop
      vertex 16.3072 16.6 2
      vertex 16.3653 16.513 9
      vertex 16.3653 16.513 2
    endloop
  endfacet
  facet normal 0.896897 0.44224 0
    outer loop
      vertex 16.3072 16.6 9
      vertex 16.2609 16.6939 2
      vertex 16.2609 16.6939 9
    endloop
  endfacet
  facet normal 0.896897 0.44224 0
    outer loop
      vertex 16.2609 16.6939 2
      vertex 16.3072 16.6 9
      vertex 16.3072 16.6 2
    endloop
  endfacet
  facet normal -0 0 1
    outer loop
      vertex -3.905 -31.295 13.105
      vertex -3.895 -31.305 13.105
      vertex -3.895 -31.295 13.105
    endloop
  endfacet
  facet normal 0 0 1
    outer loop
      vertex -3.895 -31.305 13.105
      vertex -3.905 -31.295 13.105
      vertex -3.905 -31.305 13.105
    endloop
  endfacet
  facet normal -0.303919 -0.944544 -0.124376
    outer loop
      vertex -3.02258 -32.0473 12.976
      vertex -3.905 -31.305 9.495
      vertex -3.02258 -31.5865 9.47655
    endloop
  endfacet
  facet normal -1 0 0
    outer loop
      vertex -3.905 -31.305 9.495
      vertex -3.905 -31.295 13.105
      vertex -3.905 -31.295 9.495
    endloop
  endfacet
  facet normal -1 -0 0
    outer loop
      vertex -3.905 -31.295 13.105
      vertex -3.905 -31.305 9.495
      vertex -3.905 -31.305 13.105
    endloop
  endfacet
  facet normal 0.00758198 -0.0564776 0.998375
    outer loop
      vertex -3.00516 -32.0535 13.0559
      vertex -3.895 -31.305 13.105
      vertex -3.01011 -32.0577 13.0557
    endloop
  endfacet
  facet normal -0.0592682 -0.0711218 0.995705
    outer loop
      vertex -3.00012 -32.0577 13.0557
      vertex -3 -32.062 13.0554
      vertex -3 -32.0578 13.0557
    endloop
  endfacet
  facet normal 0 -0.0695983 0.997575
    outer loop
      vertex -3.00012 -32.0577 13.0557
      vertex -3.005 -32.062 13.0554
      vertex -3 -32.062 13.0554
    endloop
  endfacet
  facet normal 0 -0.0695983 0.997575
    outer loop
      vertex -3.01011 -32.0577 13.0557
      vertex -3.005 -32.062 13.0554
      vertex -3.00012 -32.0577 13.0557
    endloop
  endfacet
  facet normal -0.639042 -0.765001 0.0799958
    outer loop
      vertex -3.01011 -32.0577 13.0557
      vertex -3.905 -31.305 13.105
      vertex -3.005 -32.062 13.0554
    endloop
  endfacet
  facet normal 0 -0.0653575 0.997862
    outer loop
      vertex -3.905 -31.305 13.105
      vertex -3.01011 -32.0577 13.0557
      vertex -3.895 -31.305 13.105
    endloop
  endfacet
  facet normal -0.643652 -0.765317 0.00127582
    outer loop
      vertex -3.905 -31.305 13.105
      vertex -3.01855 -32.0507 13.0018
      vertex -3.01012 -32.0577 13.0557
    endloop
  endfacet
  facet normal -0.643759 -0.765228 -0.000287836
    outer loop
      vertex -3.905 -31.305 13.105
      vertex -3.02258 -32.0473 12.976
      vertex -3.01855 -32.0507 13.0018
    endloop
  endfacet
  facet normal -0.643735 -0.765249 0
    outer loop
      vertex -3.02258 -32.0473 12.976
      vertex -3.905 -31.305 13.105
      vertex -3.905 -31.305 9.495
    endloop
  endfacet
  facet normal 0.629069 0.730484 0.265829
    outer loop
      vertex -3.01012 -32.0577 13.0557
      vertex -3.005 -32.062 13.0554
      vertex -3.905 -31.305 13.105
    endloop
  endfacet
  facet normal -0.641034 -0.766294 0.0432268
    outer loop
      vertex -3.00516 -32.0619 13.0548
      vertex -3.005 -32.062 13.0554
      vertex -3.01012 -32.0577 13.0557
    endloop
  endfacet
  facet normal -0.848868 -0.509321 0.141478
    outer loop
      vertex -3.0051 -32.062 13.0548
      vertex -3.005 -32.062 13.0554
      vertex -3.00516 -32.0619 13.0548
    endloop
  endfacet
  facet normal 0 -1 -0
    outer loop
      vertex -3.005 -32.062 13.0554
      vertex -3.0051 -32.062 13.0548
      vertex -3.005 -32.062 13.0548
    endloop
  endfacet
  facet normal 0 -1 0
    outer loop
      vertex -3.005 -32.062 13.0548
      vertex -3 -32.062 13.0554
      vertex -3.005 -32.062 13.0554
    endloop
  endfacet
  facet normal 0 -1 -0
    outer loop
      vertex -3 -32.062 13.0554
      vertex -3.005 -32.062 13.0548
      vertex -3 -32.062 13.0545
    endloop
  endfacet
  facet normal 0.103811 -0.187397 -0.976783
    outer loop
      vertex -3.005 -30.5379 13.0554
      vertex -3.01012 -30.5423 13.0557
      vertex -3.905 -31.295 13.105
    endloop
  endfacet
  facet normal -0.652418 0.753905 -0.0773236
    outer loop
      vertex -3.005 -30.5379 13.0554
      vertex -3.00516 -30.5381 13.0548
      vertex -3.01012 -30.5423 13.0557
    endloop
  endfacet
  facet normal -0.856095 0.513657 0.057073
    outer loop
      vertex -3.005 -30.5379 13.0554
      vertex -3.0051 -30.538 13.0548
      vertex -3.00516 -30.5381 13.0548
    endloop
  endfacet
  facet normal -0.707107 0.707107 0
    outer loop
      vertex -3.0051 -30.538 13.0548
      vertex -3.005 -30.5379 13.0554
      vertex -3.005 -30.5379 13.0548
    endloop
  endfacet
  facet normal -0.643652 0.765317 0.00127582
    outer loop
      vertex -3.01855 -30.5493 13.0018
      vertex -3.905 -31.295 13.105
      vertex -3.01012 -30.5423 13.0557
    endloop
  endfacet
  facet normal -0.643759 0.765228 -0.000287836
    outer loop
      vertex -3.02258 -30.5527 12.976
      vertex -3.905 -31.295 13.105
      vertex -3.01855 -30.5493 13.0018
    endloop
  endfacet
  facet normal -0.643735 0.765249 0
    outer loop
      vertex -3.905 -31.295 13.105
      vertex -3.02258 -30.5527 12.976
      vertex -3.905 -31.295 9.495
    endloop
  endfacet
  facet normal -0.303919 0.944544 -0.124376
    outer loop
      vertex -3.905 -31.295 9.495
      vertex -3.02258 -30.5527 12.976
      vertex -3.02258 -31.0135 9.47655
    endloop
  endfacet
  facet normal 0.039968 0 0.999201
    outer loop
      vertex -3.005 -30.5466 13.0559
      vertex -3 -32.0533 13.0557
      vertex -3 -30.5467 13.0557
    endloop
  endfacet
  facet normal 0.039968 0 0.999201
    outer loop
      vertex -3.005 -30.5466 13.0559
      vertex -3.005 -32.0534 13.0559
      vertex -3 -32.0533 13.0557
    endloop
  endfacet
  facet normal 0.0253145 0.0354403 0.999051
    outer loop
      vertex -3.895 -31.295 13.105
      vertex -3.005 -30.5466 13.0559
      vertex -3.00514 -30.5465 13.0559
    endloop
  endfacet
  facet normal 0.0550848 0 0.998482
    outer loop
      vertex -3.005 -30.5466 13.0559
      vertex -3.895 -31.295 13.105
      vertex -3.005 -32.0534 13.0559
    endloop
  endfacet
  facet normal 0 0.0654572 0.997855
    outer loop
      vertex -3.895 -31.295 13.105
      vertex -3.00514 -30.5465 13.0559
      vertex -3.00516 -30.5465 13.0559
    endloop
  endfacet
  facet normal 0.0550848 -0 0.998482
    outer loop
      vertex -3.895 -31.305 13.105
      vertex -3.005 -32.0534 13.0559
      vertex -3.895 -31.295 13.105
    endloop
  endfacet
  facet normal 0.0253145 -0.0354403 0.999051
    outer loop
      vertex -3.005 -32.0534 13.0559
      vertex -3.895 -31.305 13.105
      vertex -3.00514 -32.0535 13.0559
    endloop
  endfacet
  facet normal 0 -0.0654572 0.997855
    outer loop
      vertex -3.00514 -32.0535 13.0559
      vertex -3.895 -31.305 13.105
      vertex -3.00516 -32.0535 13.0559
    endloop
  endfacet
  facet normal -0 0 1
    outer loop
      vertex -3.00005 -32.0577 13.0557
      vertex -3 -32.0578 13.0557
      vertex -3 -32.0577 13.0557
    endloop
  endfacet
  facet normal 0 0 1
    outer loop
      vertex -3.00005 -32.0577 13.0557
      vertex -3.00012 -32.0577 13.0557
      vertex -3 -32.0578 13.0557
    endloop
  endfacet
  facet normal 0 0 1
    outer loop
      vertex -3 -30.5422 13.0557
      vertex -3.00005 -30.5423 13.0557
      vertex -3 -30.5423 13.0557
    endloop
  endfacet
  facet normal 0 0 1
    outer loop
      vertex -3 -30.5422 13.0557
      vertex -3.00012 -30.5423 13.0557
      vertex -3.00005 -30.5423 13.0557
    endloop
  endfacet
  facet normal -0.0579012 0.0694815 0.995901
    outer loop
      vertex -3 -30.5379 13.0554
      vertex -3.00012 -30.5423 13.0557
      vertex -3 -30.5422 13.0557
    endloop
  endfacet
  facet normal -0 0.0680239 0.997684
    outer loop
      vertex -3.005 -30.5379 13.0554
      vertex -3.00012 -30.5423 13.0557
      vertex -3 -30.5379 13.0554
    endloop
  endfacet
  facet normal 0 0.0680239 0.997684
    outer loop
      vertex -3.005 -30.5379 13.0554
      vertex -3.01011 -30.5423 13.0557
      vertex -3.00012 -30.5423 13.0557
    endloop
  endfacet
  facet normal 0 0.0653575 0.997862
    outer loop
      vertex -3.01011 -30.5423 13.0557
      vertex -3.905 -31.295 13.105
      vertex -3.895 -31.295 13.105
    endloop
  endfacet
  facet normal -0.0954555 0.17764 0.979455
    outer loop
      vertex -3.905 -31.295 13.105
      vertex -3.01011 -30.5423 13.0557
      vertex -3.005 -30.5379 13.0554
    endloop
  endfacet
  facet normal 0.00758198 0.0564776 0.998375
    outer loop
      vertex -3.00516 -30.5465 13.0559
      vertex -3.01011 -30.5423 13.0557
      vertex -3.895 -31.295 13.105
    endloop
  endfacet
  facet normal 0 0 -1
    outer loop
      vertex -3.005 -31.5865 9.47618
      vertex -3 -31.0135 9.47618
      vertex -3 -31.5865 9.47618
    endloop
  endfacet
  facet normal -0 0 -1
    outer loop
      vertex -3 -31.0135 9.47618
      vertex -3.005 -31.5865 9.47618
      vertex -3.005 -31.0135 9.47618
    endloop
  endfacet
  facet normal -0.021054 0 -0.999778
    outer loop
      vertex -3.02257 -31.5865 9.47655
      vertex -3.005 -31.0135 9.47618
      vertex -3.005 -31.5865 9.47618
    endloop
  endfacet
  facet normal -0.021054 0 -0.999778
    outer loop
      vertex -3.02257 -31.5865 9.47655
      vertex -3.02257 -31.0135 9.47655
      vertex -3.005 -31.0135 9.47618
    endloop
  endfacet
  facet normal 0 0 -1
    outer loop
      vertex -3.02258 -31.5865 9.47655
      vertex -3.02257 -31.0135 9.47655
      vertex -3.02257 -31.5865 9.47655
    endloop
  endfacet
  facet normal 0 0 -1
    outer loop
      vertex -3.02258 -31.5865 9.47655
      vertex -3.02258 -31.0135 9.47655
      vertex -3.02257 -31.0135 9.47655
    endloop
  endfacet
  facet normal -0.0209038 0 -0.999781
    outer loop
      vertex -3.905 -31.305 9.495
      vertex -3.02258 -31.0135 9.47655
      vertex -3.02258 -31.5865 9.47655
    endloop
  endfacet
  facet normal -0.0209038 0 -0.999781
    outer loop
      vertex -3.02258 -31.0135 9.47655
      vertex -3.905 -31.305 9.495
      vertex -3.905 -31.295 9.495
    endloop
  endfacet
  facet normal 0 1 0
    outer loop
      vertex -3 -30.5379 13.0554
      vertex -3.005 -30.5379 13.0548
      vertex -3.005 -30.5379 13.0554
    endloop
  endfacet
  facet normal -0 1 0
    outer loop
      vertex -3.005 -30.5379 13.0548
      vertex -3 -30.5379 13.0554
      vertex -3 -30.5379 13.0545
    endloop
  endfacet
  facet normal -0.643066 -0.739788 0.197939
    outer loop
      vertex -3.905 -30.7367 9.4215
      vertex -3.02258 -30.5527 12.976
      vertex -3.01855 -30.5493 13.0018
    endloop
  endfacet
  facet normal -0.575965 -0.806351 0.134392
    outer loop
      vertex -3.005 -30.5465 13.0565
      vertex -3.00514 -30.5465 13.0559
      vertex -3.005 -30.5466 13.0559
    endloop
  endfacet
  facet normal 0 -0.19506 -0.980791
    outer loop
      vertex -3.02258 -31.0135 9.47655
      vertex -3.905 -30.7367 9.4215
      vertex -3.02257 -31.0135 9.47655
    endloop
  endfacet
  facet normal -0.304035 -0.944508 0.124371
    outer loop
      vertex -3.905 -30.7367 9.4215
      vertex -3.02258 -31.0135 9.47655
      vertex -3.02258 -30.5527 12.976
    endloop
  endfacet
  facet normal -0 0.258902 0.965904
    outer loop
      vertex -3.905 -29.7927 12.9059
      vertex -3.895 -29.8024 12.9085
      vertex -3.895 -29.7927 12.9059
    endloop
  endfacet
  facet normal 0 0.258902 0.965904
    outer loop
      vertex -3.895 -29.8024 12.9085
      vertex -3.905 -29.7927 12.9059
      vertex -3.905 -29.8024 12.9085
    endloop
  endfacet
  facet normal -0.643755 0.738756 -0.199548
    outer loop
      vertex -3.01166 -29.0822 12.6543
      vertex -3.905 -29.7927 12.9059
      vertex -3.01012 -29.0784 12.6634
    endloop
  endfacet
  facet normal -0.646586 0.727475 -0.229577
    outer loop
      vertex -3.005 -29.0743 12.662
      vertex -3.00516 -29.0746 12.6615
      vertex -3.01011 -29.0784 12.6634
    endloop
  endfacet
  facet normal -0.856989 0.514193 -0.0342796
    outer loop
      vertex -3.005 -29.0743 12.662
      vertex -3.0051 -29.0745 12.6615
      vertex -3.00516 -29.0746 12.6615
    endloop
  endfacet
  facet normal 0 0.928477 -0.371391
    outer loop
      vertex -3.0051 -29.0745 12.6615
      vertex -3.005 -29.0743 12.662
      vertex -3.005 -29.0745 12.6615
    endloop
  endfacet
  facet normal -0.0165918 -0.271404 -0.962323
    outer loop
      vertex -3.905 -30.7367 9.4215
      vertex -3.02258 -30.4599 9.32822
      vertex -3.022 -30.4599 9.32821
    endloop
  endfacet
  facet normal -0.0203484 -0.260424 -0.96528
    outer loop
      vertex -3.905 -30.7271 9.41891
      vertex -3.02258 -30.4599 9.32822
      vertex -3.905 -30.7367 9.4215
    endloop
  endfacet
  facet normal 0.0551319 0.258508 0.964435
    outer loop
      vertex -3.895 -29.8024 12.9085
      vertex -3.0051 -30.538 13.0548
      vertex -3.895 -29.7927 12.9059
    endloop
  endfacet
  facet normal -0.109004 0.0654026 0.991887
    outer loop
      vertex -3.0051 -30.538 13.0548
      vertex -3.895 -29.8024 12.9085
      vertex -3.00516 -30.5381 13.0548
    endloop
  endfacet
  facet normal -0 0 1
    outer loop
      vertex -3.00005 -30.5423 13.0557
      vertex -3 -30.5424 13.0557
      vertex -3 -30.5423 13.0557
    endloop
  endfacet
  facet normal 0 0 1
    outer loop
      vertex -3 -30.5424 13.0557
      vertex -3.00005 -30.5423 13.0557
      vertex -3.00012 -30.5423 13.0557
    endloop
  endfacet
  facet normal -1 0 0
    outer loop
      vertex -3.905 -30.7271 9.41891
      vertex -3.905 -29.8024 12.9085
      vertex -3.905 -29.7927 12.9059
    endloop
  endfacet
  facet normal -1 0 0
    outer loop
      vertex -3.905 -29.8024 12.9085
      vertex -3.905 -30.7271 9.41891
      vertex -3.905 -30.7367 9.4215
    endloop
  endfacet
  facet normal -0.643781 -0.73949 0.196725
    outer loop
      vertex -3.905 -29.8024 12.9085
      vertex -3.01855 -30.5493 13.0018
      vertex -3.01012 -30.5423 13.0557
    endloop
  endfacet
  facet normal -0.643688 -0.739213 0.198063
    outer loop
      vertex -3.01855 -30.5493 13.0018
      vertex -3.905 -29.8024 12.9085
      vertex -3.905 -30.7367 9.4215
    endloop
  endfacet
  facet normal -0.641451 -0.747851 0.171054
    outer loop
      vertex -3.005 -30.5465 13.0565
      vertex -3.01011 -30.5423 13.0557
      vertex -3.00516 -30.5465 13.0559
    endloop
  endfacet
  facet normal 0 -1 0
    outer loop
      vertex -3.005 -30.5465 13.0565
      vertex -3.00516 -30.5465 13.0559
      vertex -3.00514 -30.5465 13.0559
    endloop
  endfacet
  facet normal 0.00632007 0.202383 0.979286
    outer loop
      vertex -3.895 -29.8024 12.9085
      vertex -3.01012 -30.5423 13.0557
      vertex -3.00516 -30.5381 13.0548
    endloop
  endfacet
  facet normal 0 0.195122 0.980779
    outer loop
      vertex -3.01012 -30.5423 13.0557
      vertex -3.895 -29.8024 12.9085
      vertex -3.905 -29.8024 12.9085
    endloop
  endfacet
  facet normal 0.157598 0.189117 0.969225
    outer loop
      vertex -3 -30.5424 13.0557
      vertex -3.00012 -30.5423 13.0557
      vertex -3 -30.5465 13.0565
    endloop
  endfacet
  facet normal 0 0.187112 0.982339
    outer loop
      vertex -3.00012 -30.5423 13.0557
      vertex -3.005 -30.5465 13.0565
      vertex -3 -30.5465 13.0565
    endloop
  endfacet
  facet normal 0 0.187112 0.982339
    outer loop
      vertex -3.005 -30.5465 13.0565
      vertex -3.00012 -30.5423 13.0557
      vertex -3.01011 -30.5423 13.0557
    endloop
  endfacet
  facet normal 0.0437717 0.258604 0.964991
    outer loop
      vertex -3.005 -30.5379 13.0548
      vertex -3 -29.0827 12.6646
      vertex -3.005 -29.0826 12.6648
    endloop
  endfacet
  facet normal 0.0578587 0.258373 0.964311
    outer loop
      vertex -3 -29.0827 12.6646
      vertex -3.005 -30.5379 13.0548
      vertex -3 -30.5379 13.0545
    endloop
  endfacet
  facet normal 0.055053 0.25846 0.964452
    outer loop
      vertex -3.895 -29.7927 12.9059
      vertex -3.005 -30.5379 13.0548
      vertex -3.005 -29.0826 12.6648
    endloop
  endfacet
  facet normal 0.170034 0.119024 0.978224
    outer loop
      vertex -3.895 -29.7927 12.9059
      vertex -3.005 -29.0826 12.6648
      vertex -3.00514 -29.0824 12.6648
    endloop
  endfacet
  facet normal 0 0.321422 0.946936
    outer loop
      vertex -3.895 -29.7927 12.9059
      vertex -3.00514 -29.0824 12.6648
      vertex -3.00516 -29.0824 12.6648
    endloop
  endfacet
  facet normal -0.0903134 0.0903134 0.99181
    outer loop
      vertex -3.005 -30.5379 13.0548
      vertex -3.895 -29.7927 12.9059
      vertex -3.0051 -30.538 13.0548
    endloop
  endfacet
  facet normal 0 0 1
    outer loop
      vertex -3 -29.0783 12.6634
      vertex -3.00005 -29.0784 12.6634
      vertex -3 -29.0784 12.6634
    endloop
  endfacet
  facet normal 0 -0 1
    outer loop
      vertex -3.00005 -29.0784 12.6634
      vertex -3 -29.0783 12.6634
      vertex -3.00012 -29.0784 12.6634
    endloop
  endfacet
  facet normal 0 -0.258819 -0.965926
    outer loop
      vertex -3.005 -31.0135 9.47618
      vertex -3 -30.46 9.32787
      vertex -3 -31.0135 9.47618
    endloop
  endfacet
  facet normal -0 -0.258819 -0.965926
    outer loop
      vertex -3 -30.46 9.32787
      vertex -3.005 -31.0135 9.47618
      vertex -3.005 -30.46 9.32787
    endloop
  endfacet
  facet normal 0 -0.986394 0.164399
    outer loop
      vertex -3.005 -30.5466 13.0559
      vertex -3 -30.5465 13.0565
      vertex -3.005 -30.5465 13.0565
    endloop
  endfacet
  facet normal -0.00970097 -0.970097 0.242524
    outer loop
      vertex -3 -30.5465 13.0565
      vertex -3.005 -30.5466 13.0559
      vertex -3 -30.5467 13.0557
    endloop
  endfacet
  facet normal -0.643688 0.739265 -0.197871
    outer loop
      vertex -3.01855 -29.0992 12.6132
      vertex -3.905 -29.7927 12.9059
      vertex -3.01166 -29.0822 12.6543
    endloop
  endfacet
  facet normal -0.643624 0.739555 -0.196991
    outer loop
      vertex -3.02258 -29.1091 12.5892
      vertex -3.905 -29.7927 12.9059
      vertex -3.01855 -29.0992 12.6132
    endloop
  endfacet
  facet normal -0.643723 0.73918 -0.198076
    outer loop
      vertex -3.905 -29.7927 12.9059
      vertex -3.02258 -29.1091 12.5892
      vertex -3.905 -30.7271 9.41891
    endloop
  endfacet
  facet normal -0.303984 0.880153 -0.364587
    outer loop
      vertex -3.905 -30.7271 9.41891
      vertex -3.02258 -29.1091 12.5892
      vertex -3.02258 -30.4599 9.32822
    endloop
  endfacet
  facet normal -0.00400717 0.325918 0.94539
    outer loop
      vertex -3.01012 -29.0784 12.6634
      vertex -3.895 -29.7927 12.9059
      vertex -3.00516 -29.0824 12.6648
    endloop
  endfacet
  facet normal 0 0.321473 0.946919
    outer loop
      vertex -3.895 -29.7927 12.9059
      vertex -3.01012 -29.0784 12.6634
      vertex -3.905 -29.7927 12.9059
    endloop
  endfacet
  facet normal -0.265418 0.318502 0.910005
    outer loop
      vertex -3.00012 -29.0784 12.6634
      vertex -3 -29.0783 12.6634
      vertex -3 -29.0743 12.662
    endloop
  endfacet
  facet normal -0 0.323144 0.94635
    outer loop
      vertex -3.005 -29.0743 12.662
      vertex -3.00012 -29.0784 12.6634
      vertex -3 -29.0743 12.662
    endloop
  endfacet
  facet normal 0 0.323144 0.94635
    outer loop
      vertex -3.00012 -29.0784 12.6634
      vertex -3.005 -29.0743 12.662
      vertex -3.01011 -29.0784 12.6634
    endloop
  endfacet
  facet normal -0.0208487 -0.258763 -0.965716
    outer loop
      vertex -3.005 -31.0135 9.47618
      vertex -3.02199 -30.4599 9.32821
      vertex -3.005 -30.46 9.32787
    endloop
  endfacet
  facet normal -0.0203369 -0.258751 -0.96573
    outer loop
      vertex -3.02257 -31.0135 9.47655
      vertex -3.02199 -30.4599 9.32821
      vertex -3.005 -31.0135 9.47618
    endloop
  endfacet
  facet normal -0 -0.258824 -0.965924
    outer loop
      vertex -3.02199 -30.4599 9.32821
      vertex -3.02257 -31.0135 9.47655
      vertex -3.022 -30.4599 9.32821
    endloop
  endfacet
  facet normal -0.0209179 -0.258748 -0.965718
    outer loop
      vertex -3.022 -30.4599 9.32821
      vertex -3.02257 -31.0135 9.47655
      vertex -3.905 -30.7367 9.4215
    endloop
  endfacet
  facet normal 0 0.928477 -0.371391
    outer loop
      vertex -3 -29.0743 12.662
      vertex -3.005 -29.0745 12.6615
      vertex -3.005 -29.0743 12.662
    endloop
  endfacet
  facet normal -0.0145506 0.97004 -0.24251
    outer loop
      vertex -3.005 -29.0745 12.6615
      vertex -3 -29.0743 12.662
      vertex -3 -29.0745 12.6612
    endloop
  endfacet
  facet normal -0.63708 -0.668955 0.38292
    outer loop
      vertex -3.02258 -29.1091 12.5892
      vertex -3.01855 -29.0992 12.6132
      vertex -3.905 -30.2068 9.20342
    endloop
  endfacet
  facet normal -0.774659 -0.542261 0.325357
    outer loop
      vertex -3.005 -29.0823 12.6653
      vertex -3.00514 -29.0824 12.6648
      vertex -3.005 -29.0826 12.6648
    endloop
  endfacet
  facet normal -0.30401 -0.880146 0.364584
    outer loop
      vertex -3.905 -30.2068 9.20342
      vertex -3.02258 -30.4599 9.32822
      vertex -3.02258 -29.1091 12.5892
    endloop
  endfacet
  facet normal -0 0.50262 0.864507
    outer loop
      vertex -3.905 -28.3932 12.3248
      vertex -3.895 -28.4018 12.3298
      vertex -3.895 -28.3932 12.3248
    endloop
  endfacet
  facet normal 0 0.50262 0.864507
    outer loop
      vertex -3.895 -28.4018 12.3298
      vertex -3.905 -28.3932 12.3248
      vertex -3.905 -28.4018 12.3298
    endloop
  endfacet
  facet normal -0.643837 0.661217 -0.385053
    outer loop
      vertex -3.01166 -27.772 11.8978
      vertex -3.905 -28.3932 12.3248
      vertex -3.01012 -27.7659 11.9057
    endloop
  endfacet
  facet normal -0.629651 0.721129 -0.288986
    outer loop
      vertex -3.005 -27.7624 11.9033
      vertex -3.00516 -27.7627 11.9029
      vertex -3.01011 -27.7659 11.9057
    endloop
  endfacet
  facet normal -0.306122 0.816327 -0.489796
    outer loop
      vertex -3.00516 -27.7627 11.9029
      vertex -3.005 -27.7624 11.9033
      vertex -3.005 -27.7627 11.9028
    endloop
  endfacet
  facet normal 0.0576137 0.501786 0.863071
    outer loop
      vertex -3.895 -28.4018 12.3298
      vertex -3.0051 -29.0745 12.6615
      vertex -3.895 -28.3932 12.3248
    endloop
  endfacet
  facet normal -0.245682 0.147409 0.958077
    outer loop
      vertex -3.0051 -29.0745 12.6615
      vertex -3.895 -28.4018 12.3298
      vertex -3.00516 -29.0746 12.6615
    endloop
  endfacet
  facet normal -0 0.707107 0.707107
    outer loop
      vertex -3.00005 -29.0784 12.6634
      vertex -3 -29.0785 12.6635
      vertex -3 -29.0784 12.6634
    endloop
  endfacet
  facet normal -0 0.707107 0.707107
    outer loop
      vertex -3.00012 -29.0784 12.6634
      vertex -3 -29.0785 12.6635
      vertex -3.00005 -29.0784 12.6634
    endloop
  endfacet
  facet normal -0.303968 0.7558 -0.579975
    outer loop
      vertex -3.02258 -29.9636 9.04167
      vertex -3.905 -30.1982 9.19843
      vertex -3.02258 -27.8148 11.8419
    endloop
  endfacet
  facet normal -1 0 0
    outer loop
      vertex -3.905 -30.1982 9.19843
      vertex -3.905 -28.4018 12.3298
      vertex -3.905 -28.3932 12.3248
    endloop
  endfacet
  facet normal -1 0 0
    outer loop
      vertex -3.905 -28.4018 12.3298
      vertex -3.905 -30.1982 9.19843
      vertex -3.905 -30.2068 9.20342
    endloop
  endfacet
  facet normal 0 -0.980581 0.196116
    outer loop
      vertex -3.005 -29.0823 12.6653
      vertex -3.00516 -29.0824 12.6648
      vertex -3.00514 -29.0824 12.6648
    endloop
  endfacet
  facet normal -0.646421 -0.681461 0.343147
    outer loop
      vertex -3.005 -29.0823 12.6653
      vertex -3.01012 -29.0784 12.6634
      vertex -3.00516 -29.0824 12.6648
    endloop
  endfacet
  facet normal -0.643627 -0.661391 0.385107
    outer loop
      vertex -3.905 -28.4018 12.3298
      vertex -3.01166 -29.0822 12.6543
      vertex -3.01012 -29.0784 12.6634
    endloop
  endfacet
  facet normal 0.498144 0.249394 -0.830455
    outer loop
      vertex -3.905 -28.4018 12.3298
      vertex -3.01012 -29.0784 12.6634
      vertex -3.005 -29.0823 12.6653
    endloop
  endfacet
  facet normal -0.643759 -0.662978 0.382144
    outer loop
      vertex -3.01166 -29.0822 12.6543
      vertex -3.905 -28.4018 12.3298
      vertex -3.01855 -29.0992 12.6132
    endloop
  endfacet
  facet normal -0.643723 -0.662735 0.382627
    outer loop
      vertex -3.01855 -29.0992 12.6132
      vertex -3.905 -28.4018 12.3298
      vertex -3.905 -30.2068 9.20342
    endloop
  endfacet
  facet normal 0.0545598 0.499263 0.864731
    outer loop
      vertex -3.005 -29.0745 12.6615
      vertex -3 -27.7698 11.9079
      vertex -3.005 -27.7696 11.9081
    endloop
  endfacet
  facet normal 0.051891 0.499342 0.86485
    outer loop
      vertex -3 -27.7698 11.9079
      vertex -3.005 -29.0745 12.6615
      vertex -3 -29.0745 12.6612
    endloop
  endfacet
  facet normal 0.0550468 0.49925 0.864708
    outer loop
      vertex -3.895 -28.3932 12.3248
      vertex -3.005 -29.0745 12.6615
      vertex -3.005 -27.7696 11.9081
    endloop
  endfacet
  facet normal -0.0842574 0.633955 0.768767
    outer loop
      vertex -3.895 -28.3932 12.3248
      vertex -3.005 -27.7696 11.9081
      vertex -3.00516 -27.7695 11.908
    endloop
  endfacet
  facet normal 0 0.443051 0.896497
    outer loop
      vertex -3.005 -29.0745 12.6615
      vertex -3.895 -28.3932 12.3248
      vertex -3.0051 -29.0745 12.6615
    endloop
  endfacet
  facet normal 0 1 -0
    outer loop
      vertex -3 -27.7659 11.9056
      vertex -3.00012 -27.7659 11.9057
      vertex -3 -27.7659 11.9057
    endloop
  endfacet
  facet normal 0 1 0
    outer loop
      vertex -3.02258 -30.4599 9.32822
      vertex -3.02199 -30.4599 9.32821
      vertex -3.022 -30.4599 9.32821
    endloop
  endfacet
  facet normal -0.021615 -0.501751 -0.864742
    outer loop
      vertex -3.905 -30.1982 9.19843
      vertex -3.02258 -30.4599 9.32822
      vertex -3.905 -30.2068 9.20342
    endloop
  endfacet
  facet normal -0.01483 -0.483947 -0.874972
    outer loop
      vertex -3.02258 -30.4599 9.32822
      vertex -3.905 -30.1982 9.19843
      vertex -3.02199 -30.4599 9.32821
    endloop
  endfacet
  facet normal 0 -0.857493 0.514496
    outer loop
      vertex -3.005 -29.0826 12.6648
      vertex -3 -29.0823 12.6653
      vertex -3.005 -29.0823 12.6653
    endloop
  endfacet
  facet normal 0.00248069 -0.86824 0.496137
    outer loop
      vertex -3 -29.0823 12.6653
      vertex -3.005 -29.0826 12.6648
      vertex -3 -29.0827 12.6646
    endloop
  endfacet
  facet normal 0.00238336 0.444727 0.895663
    outer loop
      vertex -3.00516 -29.0746 12.6615
      vertex -3.895 -28.4018 12.3298
      vertex -3.01011 -29.0784 12.6634
    endloop
  endfacet
  facet normal -0.368485 0.397964 0.840145
    outer loop
      vertex -3.00012 -29.0784 12.6634
      vertex -3 -29.0823 12.6653
      vertex -3 -29.0785 12.6635
    endloop
  endfacet
  facet normal 0 0.437969 0.89899
    outer loop
      vertex -3.00012 -29.0784 12.6634
      vertex -3.005 -29.0823 12.6653
      vertex -3 -29.0823 12.6653
    endloop
  endfacet
  facet normal -0 0.437969 0.89899
    outer loop
      vertex -3.01011 -29.0784 12.6634
      vertex -3.005 -29.0823 12.6653
      vertex -3.00012 -29.0784 12.6634
    endloop
  endfacet
  facet normal -0.425762 -0.120999 0.896709
    outer loop
      vertex -3.01011 -29.0784 12.6634
      vertex -3.905 -28.4018 12.3298
      vertex -3.005 -29.0823 12.6653
    endloop
  endfacet
  facet normal -0 0.442222 0.896905
    outer loop
      vertex -3.905 -28.4018 12.3298
      vertex -3.01011 -29.0784 12.6634
      vertex -3.895 -28.4018 12.3298
    endloop
  endfacet
  facet normal -0.643699 0.66313 -0.381981
    outer loop
      vertex -3.02258 -27.8148 11.8419
      vertex -3.905 -28.3932 12.3248
      vertex -3.01166 -27.772 11.8978
    endloop
  endfacet
  facet normal -0.643764 0.662704 -0.38261
    outer loop
      vertex -3.905 -28.3932 12.3248
      vertex -3.02258 -27.8148 11.8419
      vertex -3.905 -30.1982 9.19843
    endloop
  endfacet
  facet normal -0.0202694 -0.499909 -0.865841
    outer loop
      vertex -3.02199 -30.4599 9.32821
      vertex -3.005 -29.9638 9.04138
      vertex -3.005 -30.46 9.32787
    endloop
  endfacet
  facet normal -0.0199703 -0.499919 -0.865842
    outer loop
      vertex -3.02199 -30.4599 9.32821
      vertex -3.02258 -29.9636 9.04167
      vertex -3.005 -29.9638 9.04138
    endloop
  endfacet
  facet normal -0.0209057 -0.499911 -0.865825
    outer loop
      vertex -3.02258 -29.9636 9.04167
      vertex -3.02199 -30.4599 9.32821
      vertex -3.905 -30.1982 9.19843
    endloop
  endfacet
  facet normal 0.00877024 0.546922 0.837138
    outer loop
      vertex -3.01012 -27.7659 11.9057
      vertex -3.895 -28.3932 12.3248
      vertex -3.00516 -27.7695 11.908
    endloop
  endfacet
  facet normal 0 0.555526 0.831499
    outer loop
      vertex -3.895 -28.3932 12.3248
      vertex -3.01012 -27.7659 11.9057
      vertex -3.905 -28.3932 12.3248
    endloop
  endfacet
  facet normal 0.57149 0.45066 0.685788
    outer loop
      vertex -3.00012 -27.7659 11.9057
      vertex -3 -27.7659 11.9056
      vertex -3 -27.7624 11.9033
    endloop
  endfacet
  facet normal -0 0.565528 0.824729
    outer loop
      vertex -3.005 -27.7624 11.9033
      vertex -3.00012 -27.7659 11.9057
      vertex -3 -27.7624 11.9033
    endloop
  endfacet
  facet normal 0 0.565528 0.824729
    outer loop
      vertex -3.00012 -27.7659 11.9057
      vertex -3.005 -27.7624 11.9033
      vertex -3.01011 -27.7659 11.9057
    endloop
  endfacet
  facet normal 0 -0.500012 -0.866019
    outer loop
      vertex -3.005 -30.46 9.32787
      vertex -3 -29.9638 9.04138
      vertex -3 -30.46 9.32787
    endloop
  endfacet
  facet normal -0 -0.500012 -0.866019
    outer loop
      vertex -3 -29.9638 9.04138
      vertex -3.005 -30.46 9.32787
      vertex -3.005 -29.9638 9.04138
    endloop
  endfacet
  facet normal 0 0.857493 -0.514496
    outer loop
      vertex -3 -27.7624 11.9033
      vertex -3.005 -27.7627 11.9028
      vertex -3.005 -27.7624 11.9033
    endloop
  endfacet
  facet normal -0.00894391 0.894391 -0.447196
    outer loop
      vertex -3.005 -27.7627 11.9028
      vertex -3 -27.7624 11.9033
      vertex -3 -27.7628 11.9025
    endloop
  endfacet
  facet normal 0 0.707107 0.707107
    outer loop
      vertex -3.895 -27.1917 11.4012
      vertex -3.905 -27.1988 11.4083
      vertex -3.895 -27.1988 11.4083
    endloop
  endfacet
  facet normal 0 0.707107 0.707107
    outer loop
      vertex -3.905 -27.1988 11.4083
      vertex -3.895 -27.1917 11.4012
      vertex -3.905 -27.1917 11.4012
    endloop
  endfacet
  facet normal -0.304021 -0.755786 0.579964
    outer loop
      vertex -3.02258 -27.8148 11.8419
      vertex -3.905 -29.7514 8.85563
      vertex -3.02258 -29.9636 9.04167
    endloop
  endfacet
  facet normal -0.0225444 -0.710435 -0.703401
    outer loop
      vertex -3.905 -29.7444 8.84856
      vertex -3.02258 -29.9636 9.04167
      vertex -3.905 -29.7514 8.85563
    endloop
  endfacet
  facet normal -0.0208776 -0.7069 -0.707005
    outer loop
      vertex -3.02258 -29.9636 9.04167
      vertex -3.905 -29.7444 8.84856
      vertex -3.02258 -29.5583 8.63643
    endloop
  endfacet
  facet normal -0.0197053 -0.706917 -0.707022
    outer loop
      vertex -3.02258 -29.9636 9.04167
      vertex -3.02258 -29.5583 8.63643
      vertex -3.005 -29.9638 9.04138
    endloop
  endfacet
  facet normal -0.0213129 -0.706929 -0.706964
    outer loop
      vertex -3.005 -29.9638 9.04138
      vertex -3.02258 -29.5583 8.63643
      vertex -3.005 -29.5586 8.6362
    endloop
  endfacet
  facet normal -0.000506902 0.658949 0.752188
    outer loop
      vertex -3.00516 -27.7627 11.9029
      vertex -3.895 -27.1988 11.4083
      vertex -3.01011 -27.7659 11.9057
    endloop
  endfacet
  facet normal 0.48108 0.577296 0.659767
    outer loop
      vertex -3.00012 -27.7659 11.9057
      vertex -3 -27.7692 11.9085
      vertex -3 -27.766 11.9057
    endloop
  endfacet
  facet normal 0 0.646977 0.762509
    outer loop
      vertex -3.00012 -27.7659 11.9057
      vertex -3.005 -27.7692 11.9085
      vertex -3 -27.7692 11.9085
    endloop
  endfacet
  facet normal -0 0.646977 0.762509
    outer loop
      vertex -3.01011 -27.7659 11.9057
      vertex -3.005 -27.7692 11.9085
      vertex -3.00012 -27.7659 11.9057
    endloop
  endfacet
  facet normal -0.630216 -0.424013 0.650415
    outer loop
      vertex -3.01011 -27.7659 11.9057
      vertex -3.905 -27.1988 11.4083
      vertex -3.005 -27.7692 11.9085
    endloop
  endfacet
  facet normal -0 0.659396 0.751796
    outer loop
      vertex -3.905 -27.1988 11.4083
      vertex -3.01011 -27.7659 11.9057
      vertex -3.895 -27.1988 11.4083
    endloop
  endfacet
  facet normal -1 0 0
    outer loop
      vertex -3.905 -29.7444 8.84856
      vertex -3.905 -27.1988 11.4083
      vertex -3.905 -27.1917 11.4012
    endloop
  endfacet
  facet normal -1 0 0
    outer loop
      vertex -3.905 -27.1988 11.4083
      vertex -3.905 -29.7444 8.84856
      vertex -3.905 -29.7514 8.85563
    endloop
  endfacet
  facet normal -0.643645 -0.539942 0.542387
    outer loop
      vertex -3.905 -27.1988 11.4083
      vertex -3.01166 -27.772 11.8978
      vertex -3.01012 -27.7659 11.9057
    endloop
  endfacet
  facet normal -0.643745 -0.541702 0.54051
    outer loop
      vertex -3.905 -27.1988 11.4083
      vertex -3.02258 -27.8148 11.8419
      vertex -3.01166 -27.772 11.8978
    endloop
  endfacet
  facet normal -0.643674 -0.541156 0.541141
    outer loop
      vertex -3.02258 -27.8148 11.8419
      vertex -3.905 -27.1988 11.4083
      vertex -3.905 -29.7514 8.85563
    endloop
  endfacet
  facet normal 0.639702 0.490159 -0.592052
    outer loop
      vertex -3.01012 -27.7659 11.9057
      vertex -3.005 -27.7692 11.9085
      vertex -3.905 -27.1988 11.4083
    endloop
  endfacet
  facet normal -0.644621 -0.546763 0.534336
    outer loop
      vertex -3.00516 -27.7695 11.908
      vertex -3.005 -27.7692 11.9085
      vertex -3.01012 -27.7659 11.9057
    endloop
  endfacet
  facet normal -0.662266 -0.529813 0.529813
    outer loop
      vertex -3.005 -27.7692 11.9085
      vertex -3.00516 -27.7695 11.908
      vertex -3.005 -27.7696 11.9081
    endloop
  endfacet
  facet normal 0 -0.707089 -0.707124
    outer loop
      vertex -3.005 -29.5586 8.6362
      vertex -3 -29.9638 9.04138
      vertex -3.005 -29.9638 9.04138
    endloop
  endfacet
  facet normal 0 -0.707089 -0.707124
    outer loop
      vertex -3 -29.9638 9.04138
      vertex -3.005 -29.5586 8.6362
      vertex -3 -29.5586 8.6362
    endloop
  endfacet
  facet normal 0 -0.707107 0.707107
    outer loop
      vertex -3.005 -27.7696 11.9081
      vertex -3 -27.7692 11.9085
      vertex -3.005 -27.7692 11.9085
    endloop
  endfacet
  facet normal -8.37397e-14 -0.707107 0.707107
    outer loop
      vertex -3 -27.7692 11.9085
      vertex -3.005 -27.7696 11.9081
      vertex -3 -27.7698 11.9079
    endloop
  endfacet
  facet normal -0.662266 0.529813 -0.529813
    outer loop
      vertex -3.00516 -26.692 10.8305
      vertex -3.005 -26.6915 10.8308
      vertex -3.005 -26.6919 10.8304
    endloop
  endfacet
  facet normal -0.644621 0.534336 -0.546763
    outer loop
      vertex -3.01012 -26.6943 10.8341
      vertex -3.005 -26.6915 10.8308
      vertex -3.00516 -26.692 10.8305
    endloop
  endfacet
  facet normal 0.639702 -0.592052 0.490159
    outer loop
      vertex -3.01012 -26.6943 10.8341
      vertex -3.905 -27.1917 11.4012
      vertex -3.005 -26.6915 10.8308
    endloop
  endfacet
  facet normal -0.643645 0.542387 -0.539942
    outer loop
      vertex -3.01166 -26.7022 10.828
      vertex -3.905 -27.1917 11.4012
      vertex -3.01012 -26.6943 10.8341
    endloop
  endfacet
  facet normal -0.643745 0.54051 -0.541702
    outer loop
      vertex -3.02258 -26.7581 10.7852
      vertex -3.905 -27.1917 11.4012
      vertex -3.01166 -26.7022 10.828
    endloop
  endfacet
  facet normal -0.643674 0.541142 -0.541155
    outer loop
      vertex -3.905 -27.1917 11.4012
      vertex -3.02258 -26.7581 10.7852
      vertex -3.905 -29.7444 8.84856
    endloop
  endfacet
  facet normal -0.304003 0.579967 -0.755792
    outer loop
      vertex -3.02258 -29.5583 8.63643
      vertex -3.905 -29.7444 8.84856
      vertex -3.02258 -26.7581 10.7852
    endloop
  endfacet
  facet normal 0 -0 1
    outer loop
      vertex -3 -27.766 11.9057
      vertex -3 -27.7659 11.9057
      vertex -3.00012 -27.7659 11.9057
    endloop
  endfacet
  facet normal 0 1 -0
    outer loop
      vertex -3 -26.6943 10.834
      vertex -3.00012 -26.6943 10.8341
      vertex -3 -26.6943 10.8341
    endloop
  endfacet
  facet normal 0.283426 0.845 0.453481
    outer loop
      vertex -3.005 -27.7627 11.9028
      vertex -3.895 -27.1988 11.4083
      vertex -3.00516 -27.7627 11.9029
    endloop
  endfacet
  facet normal 0.0564782 0.705978 0.705978
    outer loop
      vertex -3.005 -26.6972 10.8373
      vertex -3.005 -27.7627 11.9028
      vertex -3 -27.7628 11.9025
    endloop
  endfacet
  facet normal 0.0550548 0.706034 0.706034
    outer loop
      vertex -3.005 -27.7627 11.9028
      vertex -3.895 -27.1917 11.4012
      vertex -3.895 -27.1988 11.4083
    endloop
  endfacet
  facet normal 0.0550548 0.706034 0.706034
    outer loop
      vertex -3.005 -27.7627 11.9028
      vertex -3.005 -26.6972 10.8373
      vertex -3.895 -27.1917 11.4012
    endloop
  endfacet
  facet normal 0.0564782 0.705978 0.705978
    outer loop
      vertex -3.005 -26.6972 10.8373
      vertex -3 -27.7628 11.9025
      vertex -3 -26.6975 10.8372
    endloop
  endfacet
  facet normal 0.283426 0.453481 0.845
    outer loop
      vertex -3.895 -27.1917 11.4012
      vertex -3.005 -26.6972 10.8373
      vertex -3.00516 -26.6971 10.8373
    endloop
  endfacet
  facet normal 0.48108 0.659767 0.577296
    outer loop
      vertex -3 -26.6915 10.8308
      vertex -3.00012 -26.6943 10.8341
      vertex -3 -26.6943 10.834
    endloop
  endfacet
  facet normal -0.000506902 0.752188 0.658949
    outer loop
      vertex -3.01011 -26.6943 10.8341
      vertex -3.895 -27.1917 11.4012
      vertex -3.00516 -26.6971 10.8373
    endloop
  endfacet
  facet normal 0 0.751796 0.659396
    outer loop
      vertex -3.895 -27.1917 11.4012
      vertex -3.01011 -26.6943 10.8341
      vertex -3.905 -27.1917 11.4012
    endloop
  endfacet
  facet normal 0 0.762509 0.646977
    outer loop
      vertex -3.00012 -26.6943 10.8341
      vertex -3 -26.6915 10.8308
      vertex -3.005 -26.6915 10.8308
    endloop
  endfacet
  facet normal -0.630216 0.650415 -0.424013
    outer loop
      vertex -3.01011 -26.6943 10.8341
      vertex -3.005 -26.6915 10.8308
      vertex -3.905 -27.1917 11.4012
    endloop
  endfacet
  facet normal 0 0.762509 0.646977
    outer loop
      vertex -3.00012 -26.6943 10.8341
      vertex -3.005 -26.6915 10.8308
      vertex -3.01011 -26.6943 10.8341
    endloop
  endfacet
  facet normal 0 0.707107 -0.707107
    outer loop
      vertex -3 -26.6915 10.8308
      vertex -3.005 -26.6919 10.8304
      vertex -3.005 -26.6915 10.8308
    endloop
  endfacet
  facet normal 8.37366e-14 0.707107 -0.707107
    outer loop
      vertex -3.005 -26.6919 10.8304
      vertex -3 -26.6915 10.8308
      vertex -3 -26.6921 10.8302
    endloop
  endfacet
  facet normal -0.306122 -0.489796 0.816327
    outer loop
      vertex -3.005 -26.6967 10.8376
      vertex -3.00516 -26.6971 10.8373
      vertex -3.005 -26.6972 10.8373
    endloop
  endfacet
  facet normal -0.629651 -0.288986 0.721129
    outer loop
      vertex -3.00516 -26.6971 10.8373
      vertex -3.005 -26.6967 10.8376
      vertex -3.01011 -26.6943 10.8341
    endloop
  endfacet
  facet normal -0.643837 -0.385053 0.661217
    outer loop
      vertex -3.01012 -26.6943 10.8341
      vertex -3.905 -26.2752 10.2068
      vertex -3.01166 -26.7022 10.828
    endloop
  endfacet
  facet normal -0.303932 -0.57998 0.75581
    outer loop
      vertex -3.02258 -26.7581 10.7852
      vertex -3.905 -29.4016 8.40183
      vertex -3.02258 -29.5583 8.63643
    endloop
  endfacet
  facet normal 0.57149 0.685788 0.45066
    outer loop
      vertex -3.00012 -26.6943 10.8341
      vertex -3 -26.6967 10.8376
      vertex -3 -26.6944 10.8341
    endloop
  endfacet
  facet normal 0 0.824729 0.565528
    outer loop
      vertex -3 -26.6967 10.8376
      vertex -3.00012 -26.6943 10.8341
      vertex -3.005 -26.6967 10.8376
    endloop
  endfacet
  facet normal 0 0.824729 0.565528
    outer loop
      vertex -3.005 -26.6967 10.8376
      vertex -3.00012 -26.6943 10.8341
      vertex -3.01011 -26.6943 10.8341
    endloop
  endfacet
  facet normal 0.00877024 0.837138 0.546922
    outer loop
      vertex -3.895 -26.2752 10.2068
      vertex -3.01012 -26.6943 10.8341
      vertex -3.00516 -26.692 10.8305
    endloop
  endfacet
  facet normal 0 0.831499 0.555526
    outer loop
      vertex -3.01012 -26.6943 10.8341
      vertex -3.895 -26.2752 10.2068
      vertex -3.905 -26.2752 10.2068
    endloop
  endfacet
  facet normal -1 0 0
    outer loop
      vertex -3.905 -29.3966 8.39317
      vertex -3.905 -26.2752 10.2068
      vertex -3.905 -26.2702 10.1982
    endloop
  endfacet
  facet normal -1 0 0
    outer loop
      vertex -3.905 -26.2752 10.2068
      vertex -3.905 -29.3966 8.39317
      vertex -3.905 -29.4016 8.40183
    endloop
  endfacet
  facet normal -0.643699 -0.381981 0.66313
    outer loop
      vertex -3.905 -26.2752 10.2068
      vertex -3.02258 -26.7581 10.7852
      vertex -3.01166 -26.7022 10.828
    endloop
  endfacet
  facet normal -0.643764 -0.382603 0.662709
    outer loop
      vertex -3.02258 -26.7581 10.7852
      vertex -3.905 -26.2752 10.2068
      vertex -3.905 -29.4016 8.40183
    endloop
  endfacet
  facet normal -0.0842574 0.768767 0.633955
    outer loop
      vertex -3.005 -26.6919 10.8304
      vertex -3.895 -26.2752 10.2068
      vertex -3.00516 -26.692 10.8305
    endloop
  endfacet
  facet normal 0.0545599 0.864726 0.499272
    outer loop
      vertex -3.005 -25.9385 9.52553
      vertex -3.005 -26.6919 10.8304
      vertex -3 -26.6921 10.8302
    endloop
  endfacet
  facet normal 0.0550385 0.864703 0.499258
    outer loop
      vertex -3.005 -26.6919 10.8304
      vertex -3.005 -25.9385 9.52553
      vertex -3.895 -26.2752 10.2068
    endloop
  endfacet
  facet normal 0.0588592 0.864522 0.499137
    outer loop
      vertex -3.005 -25.9385 9.52553
      vertex -3 -26.6921 10.8302
      vertex -3 -25.9388 9.52546
    endloop
  endfacet
  facet normal -0.172352 0.953767 0.246217
    outer loop
      vertex -3.895 -26.2752 10.2068
      vertex -3.005 -25.9385 9.52553
      vertex -3.0051 -25.9385 9.52546
    endloop
  endfacet
  facet normal 0 1 -0
    outer loop
      vertex -3 -25.9366 9.52156
      vertex -3.00005 -25.9366 9.5216
      vertex -3 -25.9366 9.5216
    endloop
  endfacet
  facet normal 0 0 1
    outer loop
      vertex -3 -26.6943 10.8341
      vertex -3.00012 -26.6943 10.8341
      vertex -3 -26.6944 10.8341
    endloop
  endfacet
  facet normal -0.0209079 -0.86583 -0.499902
    outer loop
      vertex -3.02258 -29.2718 8.14011
      vertex -3.905 -29.4016 8.40183
      vertex -3.905 -29.3966 8.39317
    endloop
  endfacet
  facet normal -0 -0.895874 -0.444309
    outer loop
      vertex -3.022 -29.2718 8.14011
      vertex -3.905 -29.4016 8.40183
      vertex -3.02258 -29.2718 8.14011
    endloop
  endfacet
  facet normal 0 -0.895874 -0.444309
    outer loop
      vertex -3.905 -29.4016 8.40183
      vertex -3.022 -29.2718 8.14011
      vertex -3.02199 -29.2718 8.14011
    endloop
  endfacet
  facet normal -0.647605 0.401515 -0.647605
    outer loop
      vertex -3.00516 -25.9352 9.51758
      vertex -3.005 -25.9347 9.51773
      vertex -3.00514 -25.9352 9.51756
    endloop
  endfacet
  facet normal -0.642406 0.401417 -0.652824
    outer loop
      vertex -3.005 -25.9347 9.51773
      vertex -3.00516 -25.9352 9.51758
      vertex -3.01012 -25.9366 9.5216
    endloop
  endfacet
  facet normal -0.643759 0.382144 -0.662978
    outer loop
      vertex -3.905 -26.2702 10.1982
      vertex -3.01166 -25.9457 9.5178
      vertex -3.01855 -25.9868 9.5008
    endloop
  endfacet
  facet normal -0.643722 0.38263 -0.662734
    outer loop
      vertex -3.905 -26.2702 10.1982
      vertex -3.01855 -25.9868 9.5008
      vertex -3.905 -29.3966 8.39317
    endloop
  endfacet
  facet normal -0.643627 0.385107 -0.661391
    outer loop
      vertex -3.01166 -25.9457 9.5178
      vertex -3.905 -26.2702 10.1982
      vertex -3.01012 -25.9366 9.5216
    endloop
  endfacet
  facet normal 0.57448 0.105273 0.81172
    outer loop
      vertex -3.01012 -25.9366 9.5216
      vertex -3.905 -26.2702 10.1982
      vertex -3.005 -25.9347 9.51773
    endloop
  endfacet
  facet normal 0 0.864507 0.50262
    outer loop
      vertex -3.895 -26.2702 10.1982
      vertex -3.905 -26.2752 10.2068
      vertex -3.895 -26.2752 10.2068
    endloop
  endfacet
  facet normal 0 0.864507 0.50262
    outer loop
      vertex -3.905 -26.2752 10.2068
      vertex -3.895 -26.2702 10.1982
      vertex -3.905 -26.2702 10.1982
    endloop
  endfacet
  facet normal -0.303974 0.364575 -0.880162
    outer loop
      vertex -3.02258 -29.2718 8.14011
      vertex -3.905 -29.3966 8.39317
      vertex -3.02258 -26.0108 9.49086
    endloop
  endfacet
  facet normal 0 -0.514496 0.857493
    outer loop
      vertex -3.005 -26.6972 10.8373
      vertex -3 -26.6967 10.8376
      vertex -3.005 -26.6967 10.8376
    endloop
  endfacet
  facet normal -0.00894391 -0.447196 0.894391
    outer loop
      vertex -3 -26.6967 10.8376
      vertex -3.005 -26.6972 10.8373
      vertex -3 -26.6975 10.8372
    endloop
  endfacet
  facet normal 0.0576362 0.86307 0.501785
    outer loop
      vertex -3.0051 -25.9385 9.52546
      vertex -3.895 -26.2702 10.1982
      vertex -3.895 -26.2752 10.2068
    endloop
  endfacet
  facet normal -0.186924 0.956423 0.224309
    outer loop
      vertex -3.895 -26.2702 10.1982
      vertex -3.0051 -25.9385 9.52546
      vertex -3.00516 -25.9385 9.52541
    endloop
  endfacet
  facet normal 0.581914 0.363696 0.727393
    outer loop
      vertex -3 -25.9365 9.52151
      vertex -3.00005 -25.9366 9.5216
      vertex -3 -25.9366 9.52156
    endloop
  endfacet
  facet normal 0 0.668965 0.743294
    outer loop
      vertex -3.00005 -25.9366 9.5216
      vertex -3 -25.9365 9.52151
      vertex -3.00012 -25.9366 9.5216
    endloop
  endfacet
  facet normal 0.640184 -0.768221 0
    outer loop
      vertex -3.00012 -25.9366 9.5216
      vertex -3 -25.9365 9.52151
      vertex -3.00012 -25.9366 9.52161
    endloop
  endfacet
  facet normal -0.366659 0.839981 0.399991
    outer loop
      vertex -3 -25.9347 9.51773
      vertex -3.00012 -25.9366 9.52161
      vertex -3 -25.9365 9.52151
    endloop
  endfacet
  facet normal 0.00238084 0.895662 0.44473
    outer loop
      vertex -3.01011 -25.9366 9.52161
      vertex -3.895 -26.2702 10.1982
      vertex -3.00516 -25.9385 9.52541
    endloop
  endfacet
  facet normal 0 0.896903 0.442228
    outer loop
      vertex -3.895 -26.2702 10.1982
      vertex -3.01011 -25.9366 9.52161
      vertex -3.905 -26.2702 10.1982
    endloop
  endfacet
  facet normal 0 0.8981 0.439791
    outer loop
      vertex -3.00012 -25.9366 9.52161
      vertex -3 -25.9347 9.51773
      vertex -3.005 -25.9347 9.51773
    endloop
  endfacet
  facet normal -0.497161 0.831597 -0.247541
    outer loop
      vertex -3.01011 -25.9366 9.52161
      vertex -3.005 -25.9347 9.51773
      vertex -3.905 -26.2702 10.1982
    endloop
  endfacet
  facet normal 0 0.8981 0.439791
    outer loop
      vertex -3.00012 -25.9366 9.52161
      vertex -3.005 -25.9347 9.51773
      vertex -3.01011 -25.9366 9.52161
    endloop
  endfacet
  facet normal 0 -0.866024 -0.500002
    outer loop
      vertex -3.005 -29.2721 8.13997
      vertex -3 -29.5586 8.6362
      vertex -3.005 -29.5586 8.6362
    endloop
  endfacet
  facet normal 0 -0.866024 -0.500002
    outer loop
      vertex -3 -29.5586 8.6362
      vertex -3.005 -29.2721 8.13997
      vertex -3 -29.2721 8.13997
    endloop
  endfacet
  facet normal -0.0208717 -0.865864 -0.499844
    outer loop
      vertex -3.02199 -29.2718 8.14011
      vertex -3.02258 -29.5583 8.63643
      vertex -3.905 -29.4016 8.40183
    endloop
  endfacet
  facet normal -0.0213151 -0.865856 -0.499839
    outer loop
      vertex -3.02258 -29.5583 8.63643
      vertex -3.02199 -29.2718 8.14011
      vertex -3.005 -29.5586 8.6362
    endloop
  endfacet
  facet normal -0.0194082 -0.865861 -0.499908
    outer loop
      vertex -3.005 -29.5586 8.6362
      vertex -3.02199 -29.2718 8.14011
      vertex -3.005 -29.2721 8.13997
    endloop
  endfacet
  facet normal -0.643405 0.382645 -0.663033
    outer loop
      vertex -3.01855 -25.9868 9.5008
      vertex -3.02258 -26.0108 9.49086
      vertex -3.905 -29.3966 8.39317
    endloop
  endfacet
  facet normal -0.595598 0.403021 -0.694864
    outer loop
      vertex -3.005 -25.9352 9.51744
      vertex -3.00514 -25.9352 9.51756
      vertex -3.005 -25.9347 9.51773
    endloop
  endfacet
  facet normal -0.0041122 0.532167 -0.846629
    outer loop
      vertex -3.005 -25.9352 9.51744
      vertex -3 -25.9347 9.51773
      vertex -3 -25.9354 9.51729
    endloop
  endfacet
  facet normal 0 0.501718 -0.865031
    outer loop
      vertex -3 -25.9347 9.51773
      vertex -3.005 -25.9352 9.51744
      vertex -3.005 -25.9347 9.51773
    endloop
  endfacet
  facet normal -0.554718 -0.253585 0.792454
    outer loop
      vertex -3.005 -25.938 9.52569
      vertex -3.0051 -25.9385 9.52546
      vertex -3.005 -25.9385 9.52553
    endloop
  endfacet
  facet normal -0.624524 -0.219832 0.749429
    outer loop
      vertex -3.005 -25.938 9.52569
      vertex -3.00516 -25.9385 9.52541
      vertex -3.0051 -25.9385 9.52546
    endloop
  endfacet
  facet normal -0.644417 -0.20615 0.736362
    outer loop
      vertex -3.00516 -25.9385 9.52541
      vertex -3.005 -25.938 9.52569
      vertex -3.01011 -25.9366 9.52161
    endloop
  endfacet
  facet normal -0.643769 -0.199541 0.738745
    outer loop
      vertex -3.01012 -25.9366 9.5216
      vertex -3.905 -25.6941 8.80727
      vertex -3.01166 -25.9457 9.5178
    endloop
  endfacet
  facet normal -0.303961 -0.364577 0.880166
    outer loop
      vertex -3.02258 -26.0108 9.49086
      vertex -3.905 -29.1811 7.87294
      vertex -3.02258 -29.2718 8.14011
    endloop
  endfacet
  facet normal 0 1 0
    outer loop
      vertex -3 -25.9366 9.5217
      vertex -3.00012 -25.9366 9.5216
      vertex -3.00012 -25.9366 9.52161
    endloop
  endfacet
  facet normal -0.240997 0.915788 0.321329
    outer loop
      vertex -3.00012 -25.9366 9.52161
      vertex -3 -25.938 9.52569
      vertex -3 -25.9366 9.5217
    endloop
  endfacet
  facet normal 0 0.945865 0.324561
    outer loop
      vertex -3 -25.938 9.52569
      vertex -3.00012 -25.9366 9.52161
      vertex -3.005 -25.938 9.52569
    endloop
  endfacet
  facet normal 0 0.945865 0.324561
    outer loop
      vertex -3.005 -25.938 9.52569
      vertex -3.00012 -25.9366 9.52161
      vertex -3.01011 -25.9366 9.52161
    endloop
  endfacet
  facet normal -0.00335783 0.945644 0.325186
    outer loop
      vertex -3.895 -25.6941 8.80727
      vertex -3.01012 -25.9366 9.5216
      vertex -3.00516 -25.9352 9.51758
    endloop
  endfacet
  facet normal 0 0.946923 0.32146
    outer loop
      vertex -3.01012 -25.9366 9.5216
      vertex -3.895 -25.6941 8.80727
      vertex -3.905 -25.6941 8.80727
    endloop
  endfacet
  facet normal 0 0.965567 0.260153
    outer loop
      vertex -3.895 -25.6915 8.79762
      vertex -3.905 -25.6941 8.80727
      vertex -3.895 -25.6941 8.80727
    endloop
  endfacet
  facet normal 0 0.965567 0.260153
    outer loop
      vertex -3.905 -25.6941 8.80727
      vertex -3.895 -25.6915 8.79762
      vertex -3.905 -25.6915 8.79762
    endloop
  endfacet
  facet normal -0.643702 -0.197864 0.739254
    outer loop
      vertex -3.905 -25.6941 8.80727
      vertex -3.01855 -25.9868 9.5008
      vertex -3.01166 -25.9457 9.5178
    endloop
  endfacet
  facet normal -0.643716 -0.198057 0.739191
    outer loop
      vertex -3.905 -25.6941 8.80727
      vertex -3.02258 -26.0108 9.49086
      vertex -3.01855 -25.9868 9.5008
    endloop
  endfacet
  facet normal -0.643717 -0.198063 0.739189
    outer loop
      vertex -3.02258 -26.0108 9.49086
      vertex -3.905 -25.6941 8.80727
      vertex -3.905 -29.1811 7.87294
    endloop
  endfacet
  facet normal 0.147365 0.978043 0.147365
    outer loop
      vertex -3.00514 -25.9352 9.51756
      vertex -3.895 -25.6941 8.80727
      vertex -3.00516 -25.9352 9.51758
    endloop
  endfacet
  facet normal 0.137144 0.977544 0.160001
    outer loop
      vertex -3.005 -25.9352 9.51744
      vertex -3.895 -25.6941 8.80727
      vertex -3.00514 -25.9352 9.51756
    endloop
  endfacet
  facet normal 0.0463521 0.964883 0.258559
    outer loop
      vertex -3.005 -25.5452 8.06205
      vertex -3.005 -25.9352 9.51744
      vertex -3 -25.9354 9.51729
    endloop
  endfacet
  facet normal 0.0578588 0.964313 0.258367
    outer loop
      vertex -3.005 -25.5452 8.06205
      vertex -3 -25.9354 9.51729
      vertex -3 -25.5455 8.06205
    endloop
  endfacet
  facet normal 0.0550457 0.964456 0.258445
    outer loop
      vertex -3.005 -25.9352 9.51744
      vertex -3.005 -25.5452 8.06205
      vertex -3.895 -25.6941 8.80727
    endloop
  endfacet
  facet normal -0.0810537 0.991547 0.101317
    outer loop
      vertex -3.895 -25.6941 8.80727
      vertex -3.005 -25.5452 8.06205
      vertex -3.0051 -25.5452 8.06197
    endloop
  endfacet
  facet normal 0 1 -0
    outer loop
      vertex -3 -25.5443 8.0577
      vertex -3.00005 -25.5443 8.05775
      vertex -3 -25.5443 8.05774
    endloop
  endfacet
  facet normal 0 1 0
    outer loop
      vertex -3 -25.9366 9.5217
      vertex -3.00005 -25.9366 9.5216
      vertex -3.00012 -25.9366 9.5216
    endloop
  endfacet
  facet normal 0 1 0
    outer loop
      vertex -3.00005 -25.9366 9.5216
      vertex -3 -25.9366 9.5217
      vertex -3 -25.9366 9.5216
    endloop
  endfacet
  facet normal -0.0205586 -0.965431 -0.259847
    outer loop
      vertex -3.905 -29.1785 7.86328
      vertex -3.02258 -29.2718 8.14011
      vertex -3.905 -29.1811 7.87294
    endloop
  endfacet
  facet normal 0 -0.947627 -0.319379
    outer loop
      vertex -3.02258 -29.2718 8.14011
      vertex -3.905 -29.1785 7.86328
      vertex -3.022 -29.2718 8.14011
    endloop
  endfacet
  facet normal 0 -0.965927 -0.258816
    outer loop
      vertex -3.005 -29.1238 7.5865
      vertex -3 -29.2721 8.13997
      vertex -3.005 -29.2721 8.13997
    endloop
  endfacet
  facet normal 0 -0.965927 -0.258816
    outer loop
      vertex -3 -29.2721 8.13997
      vertex -3.005 -29.1238 7.5865
      vertex -3 -29.1238 7.5865
    endloop
  endfacet
  facet normal 0 -0.965938 -0.258772
    outer loop
      vertex -3.02257 -29.1235 7.58654
      vertex -3.02199 -29.2718 8.14011
      vertex -3.022 -29.2718 8.14011
    endloop
  endfacet
  facet normal -0.0209378 -0.965732 -0.258696
    outer loop
      vertex -3.02257 -29.1235 7.58654
      vertex -3.022 -29.2718 8.14011
      vertex -3.905 -29.1785 7.86328
    endloop
  endfacet
  facet normal -0.0191847 -0.965766 -0.258706
    outer loop
      vertex -3.02199 -29.2718 8.14011
      vertex -3.02257 -29.1235 7.58654
      vertex -3.005 -29.2721 8.13997
    endloop
  endfacet
  facet normal -0.0170795 -0.965786 -0.258778
    outer loop
      vertex -3.005 -29.2721 8.13997
      vertex -3.02257 -29.1235 7.58654
      vertex -3.005 -29.1238 7.5865
    endloop
  endfacet
  facet normal -1 0 0
    outer loop
      vertex -3.905 -29.1785 7.86328
      vertex -3.905 -25.6941 8.80727
      vertex -3.905 -25.6915 8.79762
    endloop
  endfacet
  facet normal -1 0 0
    outer loop
      vertex -3.905 -25.6941 8.80727
      vertex -3.905 -29.1785 7.86328
      vertex -3.905 -29.1811 7.87294
    endloop
  endfacet
  facet normal -0.643722 0.198064 -0.739184
    outer loop
      vertex -3.905 -25.6915 8.79762
      vertex -3.01855 -25.5982 8.05065
      vertex -3.905 -29.1785 7.86328
    endloop
  endfacet
  facet normal -0.643723 0.198048 -0.739187
    outer loop
      vertex -3.01855 -25.5982 8.05065
      vertex -3.905 -25.6915 8.79762
      vertex -3.01012 -25.5443 8.05775
    endloop
  endfacet
  facet normal -0.693329 0.196443 -0.693329
    outer loop
      vertex -3.00516 -25.5441 8.05351
      vertex -3.005 -25.5435 8.05352
      vertex -3.00514 -25.5441 8.05349
    endloop
  endfacet
  facet normal -0.642864 0.183824 -0.743596
    outer loop
      vertex -3.005 -25.5435 8.05352
      vertex -3.00516 -25.5441 8.05351
      vertex -3.01011 -25.5443 8.05774
    endloop
  endfacet
  facet normal 0 -0.304776 0.952424
    outer loop
      vertex -3.005 -25.9385 9.52553
      vertex -3 -25.938 9.52569
      vertex -3.005 -25.938 9.52569
    endloop
  endfacet
  facet normal -0.00312346 -0.276306 0.961065
    outer loop
      vertex -3 -25.938 9.52569
      vertex -3.005 -25.9385 9.52553
      vertex -3 -25.9388 9.52546
    endloop
  endfacet
  facet normal 0.0562307 0.96404 0.259741
    outer loop
      vertex -3.0051 -25.5452 8.06197
      vertex -3.895 -25.6915 8.79762
      vertex -3.895 -25.6941 8.80727
    endloop
  endfacet
  facet normal -0.081853 0.991792 0.0982236
    outer loop
      vertex -3.895 -25.6915 8.79762
      vertex -3.0051 -25.5452 8.06197
      vertex -3.00516 -25.5452 8.06192
    endloop
  endfacet
  facet normal 0 1 -0
    outer loop
      vertex -3 -25.5443 8.05765
      vertex -3.00005 -25.5443 8.05775
      vertex -3 -25.5443 8.0577
    endloop
  endfacet
  facet normal 0 1 0
    outer loop
      vertex -3.00005 -25.5443 8.05775
      vertex -3 -25.5443 8.05765
      vertex -3.00012 -25.5443 8.05775
    endloop
  endfacet
  facet normal 0.00692594 0.979136 0.203086
    outer loop
      vertex -3.01012 -25.5443 8.05775
      vertex -3.895 -25.6915 8.79762
      vertex -3.00516 -25.5452 8.06192
    endloop
  endfacet
  facet normal 0 0.980777 0.195129
    outer loop
      vertex -3.895 -25.6915 8.79762
      vertex -3.01012 -25.5443 8.05775
      vertex -3.905 -25.6915 8.79762
    endloop
  endfacet
  facet normal 0 1 0
    outer loop
      vertex -3 -25.5443 8.05765
      vertex -3.00012 -25.5443 8.05774
      vertex -3.00012 -25.5443 8.05775
    endloop
  endfacet
  facet normal 0.141198 0.971915 0.188264
    outer loop
      vertex -3 -25.5435 8.05352
      vertex -3.00012 -25.5443 8.05774
      vertex -3 -25.5443 8.05765
    endloop
  endfacet
  facet normal 0 0.982501 0.186256
    outer loop
      vertex -3.00012 -25.5443 8.05774
      vertex -3 -25.5435 8.05352
      vertex -3.005 -25.5435 8.05352
    endloop
  endfacet
  facet normal 0 0.982501 0.186256
    outer loop
      vertex -3.00012 -25.5443 8.05774
      vertex -3.005 -25.5435 8.05352
      vertex -3.01011 -25.5443 8.05774
    endloop
  endfacet
  facet normal -0.30396 0.124348 -0.944535
    outer loop
      vertex -3.02258 -29.1235 7.58655
      vertex -3.905 -29.1785 7.86328
      vertex -3.02258 -25.624 8.04726
    endloop
  endfacet
  facet normal -0.0900659 0.991855 -0.0900659
    outer loop
      vertex -3.905 -29.1785 7.86328
      vertex -3.02258 -29.1235 7.58655
      vertex -3.02257 -29.1235 7.58654
    endloop
  endfacet
  facet normal -0.641358 0.197593 -0.741362
    outer loop
      vertex -3.02258 -25.624 8.04726
      vertex -3.905 -29.1785 7.86328
      vertex -3.01855 -25.5982 8.05065
    endloop
  endfacet
  facet normal -0.66782 0.191784 -0.719191
    outer loop
      vertex -3.005 -25.5441 8.05336
      vertex -3.00514 -25.5441 8.05349
      vertex -3.005 -25.5435 8.05352
    endloop
  endfacet
  facet normal -0.00240267 0.276307 -0.961067
    outer loop
      vertex -3.005 -25.5441 8.05336
      vertex -3 -25.5435 8.05352
      vertex -3 -25.5443 8.05329
    endloop
  endfacet
  facet normal 0 0.257663 -0.966235
    outer loop
      vertex -3 -25.5435 8.05352
      vertex -3.005 -25.5441 8.05336
      vertex -3.005 -25.5435 8.05352
    endloop
  endfacet
  facet normal 0 1 -0
    outer loop
      vertex -3.895 -25.495 7.295
      vertex -3.905 -25.495 7.305
      vertex -3.895 -25.495 7.305
    endloop
  endfacet
  facet normal 0 1 0
    outer loop
      vertex -3.905 -25.495 7.305
      vertex -3.895 -25.495 7.295
      vertex -3.905 -25.495 7.295
    endloop
  endfacet
  facet normal -0.303974 -0.124348 0.94453
    outer loop
      vertex -3.02258 -25.624 8.04726
      vertex -3.905 -29.105 7.305
      vertex -3.02258 -29.1235 7.58655
    endloop
  endfacet
  facet normal -0.0209605 -0.99978 0
    outer loop
      vertex -3.02258 -29.1235 7.01345
      vertex -3.02258 -29.1235 7.58655
      vertex -3.905 -29.105 7.305
    endloop
  endfacet
  facet normal 0 -1 0
    outer loop
      vertex -3.02258 -29.1235 7.58655
      vertex -3.02258 -29.1235 7.01345
      vertex -3.02257 -29.1235 7.58654
    endloop
  endfacet
  facet normal -0.0209605 -0.99978 0
    outer loop
      vertex -3.02258 -29.1235 7.01345
      vertex -3.905 -29.105 7.305
      vertex -3.905 -29.105 7.295
    endloop
  endfacet
  facet normal 0 -1 0
    outer loop
      vertex -3.02257 -29.1235 7.01345
      vertex -3.02257 -29.1235 7.58654
      vertex -3.02258 -29.1235 7.01345
    endloop
  endfacet
  facet normal -0.0170721 -0.999854 -0
    outer loop
      vertex -3.005 -29.1238 7.5865
      vertex -3.02257 -29.1235 7.01345
      vertex -3.005 -29.1238 7.0135
    endloop
  endfacet
  facet normal -0.0170721 -0.999854 -0
    outer loop
      vertex -3.02257 -29.1235 7.58654
      vertex -3.02257 -29.1235 7.01345
      vertex -3.005 -29.1238 7.5865
    endloop
  endfacet
  facet normal -0.065171 0.995338 0.0710956
    outer loop
      vertex -3.00012 -25.5443 8.05774
      vertex -3 -25.5446 8.06205
      vertex -3 -25.5443 8.05785
    endloop
  endfacet
  facet normal 0 0.997586 0.0694376
    outer loop
      vertex -3 -25.5446 8.06205
      vertex -3.00012 -25.5443 8.05774
      vertex -3.005 -25.5446 8.06205
    endloop
  endfacet
  facet normal -0 0.997586 0.0694376
    outer loop
      vertex -3.01011 -25.5443 8.05774
      vertex -3.005 -25.5446 8.06205
      vertex -3.00012 -25.5443 8.05774
    endloop
  endfacet
  facet normal 0.00775153 0.998385 0.0562759
    outer loop
      vertex -3.895 -25.495 7.305
      vertex -3.01011 -25.5443 8.05774
      vertex -3.00516 -25.5441 8.05351
    endloop
  endfacet
  facet normal -0.562998 0.442097 0.698272
    outer loop
      vertex -3.01011 -25.5443 8.05774
      vertex -3.905 -25.495 7.305
      vertex -3.005 -25.5446 8.06205
    endloop
  endfacet
  facet normal -0 0.997862 0.065354
    outer loop
      vertex -3.905 -25.495 7.305
      vertex -3.01011 -25.5443 8.05774
      vertex -3.895 -25.495 7.305
    endloop
  endfacet
  facet normal -1 0 0
    outer loop
      vertex -3.905 -29.105 7.295
      vertex -3.905 -25.495 7.305
      vertex -3.905 -25.495 7.295
    endloop
  endfacet
  facet normal -1 -0 0
    outer loop
      vertex -3.905 -25.495 7.305
      vertex -3.905 -29.105 7.295
      vertex -3.905 -29.105 7.305
    endloop
  endfacet
  facet normal -0.643723 -0.000125297 0.765259
    outer loop
      vertex -3.905 -25.495 7.305
      vertex -3.01855 -25.5982 8.05065
      vertex -3.01012 -25.5443 8.05775
    endloop
  endfacet
  facet normal -0.643715 -3.15488e-06 0.765266
    outer loop
      vertex -3.905 -25.495 7.305
      vertex -3.02258 -25.624 8.04726
      vertex -3.01855 -25.5982 8.05065
    endloop
  endfacet
  facet normal -0.643714 0 0.765266
    outer loop
      vertex -3.02258 -25.624 8.04726
      vertex -3.905 -25.495 7.305
      vertex -3.905 -29.105 7.305
    endloop
  endfacet
  facet normal -0.624695 0 0.780869
    outer loop
      vertex -3.005 -25.5446 8.06205
      vertex -3.0051 -25.5452 8.06197
      vertex -3.005 -25.5452 8.06205
    endloop
  endfacet
  facet normal -0.640179 0.00426786 0.768214
    outer loop
      vertex -3.005 -25.5446 8.06205
      vertex -3.00516 -25.5452 8.06192
      vertex -3.0051 -25.5452 8.06197
    endloop
  endfacet
  facet normal -0.642923 0.00549885 0.765911
    outer loop
      vertex -3.00516 -25.5452 8.06192
      vertex -3.005 -25.5446 8.06205
      vertex -3.01012 -25.5443 8.05775
    endloop
  endfacet
  facet normal 0.627499 0.27649 -0.727872
    outer loop
      vertex -3.01012 -25.5443 8.05775
      vertex -3.005 -25.5446 8.06205
      vertex -3.905 -25.495 7.305
    endloop
  endfacet
  facet normal 0 -1 0
    outer loop
      vertex -3.005 -29.1238 7.0135
      vertex -3 -29.1238 7.5865
      vertex -3.005 -29.1238 7.5865
    endloop
  endfacet
  facet normal 0 -1 -0
    outer loop
      vertex -3 -29.1238 7.5865
      vertex -3.005 -29.1238 7.0135
      vertex -3 -29.1238 7.0135
    endloop
  endfacet
  facet normal 0 0 1
    outer loop
      vertex -3.005 -25.5452 8.06205
      vertex -3 -25.5446 8.06205
      vertex -3.005 -25.5446 8.06205
    endloop
  endfacet
  facet normal 0 0 1
    outer loop
      vertex -3 -25.5446 8.06205
      vertex -3.005 -25.5452 8.06205
      vertex -3 -25.5455 8.06205
    endloop
  endfacet
  facet normal -0.624695 0 -0.780869
    outer loop
      vertex -3.0051 -25.5452 6.53803
      vertex -3.005 -25.5446 6.53795
      vertex -3.005 -25.5452 6.53795
    endloop
  endfacet
  facet normal -0.640179 0.00426786 -0.768214
    outer loop
      vertex -3.00516 -25.5452 6.53808
      vertex -3.005 -25.5446 6.53795
      vertex -3.0051 -25.5452 6.53803
    endloop
  endfacet
  facet normal -0.642923 0.00549885 -0.765911
    outer loop
      vertex -3.005 -25.5446 6.53795
      vertex -3.00516 -25.5452 6.53808
      vertex -3.01012 -25.5443 6.54225
    endloop
  endfacet
  facet normal -0.643714 -0 -0.765266
    outer loop
      vertex -3.905 -25.495 7.295
      vertex -3.02258 -25.624 6.55274
      vertex -3.905 -29.105 7.295
    endloop
  endfacet
  facet normal -0.643715 -3.15488e-06 -0.765266
    outer loop
      vertex -3.02258 -25.624 6.55274
      vertex -3.905 -25.495 7.295
      vertex -3.01855 -25.5982 6.54935
    endloop
  endfacet
  facet normal -0.643723 -0.000125297 -0.765259
    outer loop
      vertex -3.01855 -25.5982 6.54935
      vertex -3.905 -25.495 7.295
      vertex -3.01012 -25.5443 6.54225
    endloop
  endfacet
  facet normal 0.627499 0.27649 0.727872
    outer loop
      vertex -3.01012 -25.5443 6.54225
      vertex -3.905 -25.495 7.295
      vertex -3.005 -25.5446 6.53795
    endloop
  endfacet
  facet normal -0.303974 -0.124348 -0.94453
    outer loop
      vertex -3.02258 -29.1235 7.01345
      vertex -3.905 -29.105 7.295
      vertex -3.02258 -25.624 6.55274
    endloop
  endfacet
  facet normal 0.0299423 0.999103 0.0299423
    outer loop
      vertex -3.00514 -25.5441 8.05349
      vertex -3.895 -25.495 7.305
      vertex -3.00516 -25.5441 8.05351
    endloop
  endfacet
  facet normal 0.0289256 0.999096 0.0311506
    outer loop
      vertex -3.005 -25.5441 8.05336
      vertex -3.895 -25.495 7.305
      vertex -3.00514 -25.5441 8.05349
    endloop
  endfacet
  facet normal 0.039968 0.999201 -0
    outer loop
      vertex -3.005 -25.5441 6.54664
      vertex -3.005 -25.5441 8.05336
      vertex -3 -25.5443 8.05329
    endloop
  endfacet
  facet normal 0.0550848 0.998482 0
    outer loop
      vertex -3.005 -25.5441 8.05336
      vertex -3.895 -25.495 7.295
      vertex -3.895 -25.495 7.305
    endloop
  endfacet
  facet normal 0.039968 0.999201 0
    outer loop
      vertex -3.005 -25.5441 6.54664
      vertex -3 -25.5443 8.05329
      vertex -3 -25.5443 6.54671
    endloop
  endfacet
  facet normal 0.0550848 0.998482 0
    outer loop
      vertex -3.005 -25.5441 8.05336
      vertex -3.005 -25.5441 6.54664
      vertex -3.895 -25.495 7.295
    endloop
  endfacet
  facet normal 0.0289256 0.999096 -0.0311506
    outer loop
      vertex -3.00514 -25.5441 6.54651
      vertex -3.895 -25.495 7.295
      vertex -3.005 -25.5441 6.54664
    endloop
  endfacet
  facet normal 0.0299423 0.999103 -0.0299423
    outer loop
      vertex -3.895 -25.495 7.295
      vertex -3.00514 -25.5441 6.54651
      vertex -3.00516 -25.5441 6.54649
    endloop
  endfacet
  facet normal 0 1 0
    outer loop
      vertex -3 -25.5443 8.05785
      vertex -3 -25.5443 8.05774
      vertex -3.00005 -25.5443 8.05775
    endloop
  endfacet
  facet normal 0 1 0
    outer loop
      vertex -3.00012 -25.5443 8.05775
      vertex -3 -25.5443 8.05785
      vertex -3.00005 -25.5443 8.05775
    endloop
  endfacet
  facet normal 0 -1 0
    outer loop
      vertex -3 -25.5443 8.05785
      vertex -3.00012 -25.5443 8.05775
      vertex -3.00012 -25.5443 8.05774
    endloop
  endfacet
  facet normal 0 1 0
    outer loop
      vertex -3.00005 -25.5443 6.54225
      vertex -3 -25.5443 6.54215
      vertex -3.00012 -25.5443 6.54225
    endloop
  endfacet
  facet normal 0 1 -0
    outer loop
      vertex -3 -25.5443 6.54215
      vertex -3.00005 -25.5443 6.54225
      vertex -3 -25.5443 6.54225
    endloop
  endfacet
  facet normal -0.0592682 0.995705 -0.0711218
    outer loop
      vertex -3 -25.5446 6.53795
      vertex -3.00012 -25.5443 6.54225
      vertex -3 -25.5443 6.54215
    endloop
  endfacet
  facet normal 0.00780789 0.998388 -0.0562091
    outer loop
      vertex -3.01011 -25.5443 6.54225
      vertex -3.895 -25.495 7.295
      vertex -3.00516 -25.5441 6.54649
    endloop
  endfacet
  facet normal 0 0.997862 -0.0653532
    outer loop
      vertex -3.895 -25.495 7.295
      vertex -3.01011 -25.5443 6.54225
      vertex -3.905 -25.495 7.295
    endloop
  endfacet
  facet normal 0 0.997575 -0.0695983
    outer loop
      vertex -3.00012 -25.5443 6.54225
      vertex -3 -25.5446 6.53795
      vertex -3.005 -25.5446 6.53795
    endloop
  endfacet
  facet normal -0.640012 0.0682109 -0.765331
    outer loop
      vertex -3.01011 -25.5443 6.54225
      vertex -3.005 -25.5446 6.53795
      vertex -3.905 -25.495 7.295
    endloop
  endfacet
  facet normal 0 0.997575 -0.0695983
    outer loop
      vertex -3.00012 -25.5443 6.54225
      vertex -3.005 -25.5446 6.53795
      vertex -3.01011 -25.5443 6.54225
    endloop
  endfacet
  facet normal 0 0 -1
    outer loop
      vertex -3.005 -25.5452 6.53795
      vertex -3 -25.5446 6.53795
      vertex -3 -25.5455 6.53795
    endloop
  endfacet
  facet normal -0 0 -1
    outer loop
      vertex -3 -25.5446 6.53795
      vertex -3.005 -25.5452 6.53795
      vertex -3.005 -25.5446 6.53795
    endloop
  endfacet
  facet normal -0.641358 0.197593 0.741362
    outer loop
      vertex -3.01855 -25.5982 6.54935
      vertex -3.905 -29.1785 6.73672
      vertex -3.02258 -25.624 6.55274
    endloop
  endfacet
  facet normal -0.66782 0.191784 0.719191
    outer loop
      vertex -3.005 -25.5435 6.54648
      vertex -3.00514 -25.5441 6.54651
      vertex -3.005 -25.5441 6.54664
    endloop
  endfacet
  facet normal -0.30396 0.124348 0.944535
    outer loop
      vertex -3.02258 -25.624 6.55274
      vertex -3.905 -29.1785 6.73672
      vertex -3.02258 -29.1235 7.01345
    endloop
  endfacet
  facet normal 0 -0.980816 0.194937
    outer loop
      vertex -3.02257 -29.1235 7.01345
      vertex -3.02258 -29.1235 7.01345
      vertex -3.905 -29.1785 6.73672
    endloop
  endfacet
  facet normal 0 0.965635 -0.259902
    outer loop
      vertex -3.895 -25.6941 5.79273
      vertex -3.905 -25.6915 5.80239
      vertex -3.895 -25.6915 5.80239
    endloop
  endfacet
  facet normal 0 0.965635 -0.259902
    outer loop
      vertex -3.905 -25.6915 5.80239
      vertex -3.895 -25.6941 5.79273
      vertex -3.905 -25.6941 5.79273
    endloop
  endfacet
  facet normal -0.643769 -0.199541 -0.738745
    outer loop
      vertex -3.01166 -25.9457 5.0822
      vertex -3.905 -25.6941 5.79273
      vertex -3.01012 -25.9366 5.0784
    endloop
  endfacet
  facet normal -0.554718 -0.253585 -0.792454
    outer loop
      vertex -3.0051 -25.9385 5.07454
      vertex -3.005 -25.938 5.07431
      vertex -3.005 -25.9385 5.07447
    endloop
  endfacet
  facet normal -0.624524 -0.219832 -0.749429
    outer loop
      vertex -3.00516 -25.9385 5.07459
      vertex -3.005 -25.938 5.07431
      vertex -3.0051 -25.9385 5.07454
    endloop
  endfacet
  facet normal -0.644417 -0.20615 -0.736362
    outer loop
      vertex -3.005 -25.938 5.07431
      vertex -3.00516 -25.9385 5.07459
      vertex -3.01011 -25.9366 5.07839
    endloop
  endfacet
  facet normal -0.0205586 -0.965431 0.259847
    outer loop
      vertex -3.02258 -29.2718 6.45989
      vertex -3.905 -29.1785 6.73672
      vertex -3.905 -29.1811 6.72706
    endloop
  endfacet
  facet normal 0 -0.947627 0.319379
    outer loop
      vertex -3.905 -29.1785 6.73672
      vertex -3.02258 -29.2718 6.45989
      vertex -3.022 -29.2718 6.45989
    endloop
  endfacet
  facet normal -0.0818536 0.991792 -0.0982243
    outer loop
      vertex -3.0051 -25.5452 6.53803
      vertex -3.895 -25.6915 5.80239
      vertex -3.00516 -25.5452 6.53808
    endloop
  endfacet
  facet normal 0.0560101 0.964119 -0.259494
    outer loop
      vertex -3.895 -25.6915 5.80239
      vertex -3.0051 -25.5452 6.53803
      vertex -3.895 -25.6941 5.79273
    endloop
  endfacet
  facet normal 0 1 0
    outer loop
      vertex -3.00005 -25.5443 6.54225
      vertex -3 -25.5443 6.54235
      vertex -3 -25.5443 6.5423
    endloop
  endfacet
  facet normal 0 1 0
    outer loop
      vertex -3 -25.5443 6.54235
      vertex -3.00005 -25.5443 6.54225
      vertex -3.00012 -25.5443 6.54225
    endloop
  endfacet
  facet normal -1 0 0
    outer loop
      vertex -3.905 -25.6941 5.79273
      vertex -3.905 -29.1785 6.73672
      vertex -3.905 -25.6915 5.80239
    endloop
  endfacet
  facet normal -1 0 -0
    outer loop
      vertex -3.905 -29.1785 6.73672
      vertex -3.905 -25.6941 5.79273
      vertex -3.905 -29.1811 6.72706
    endloop
  endfacet
  facet normal -0.643718 0.198048 0.739191
    outer loop
      vertex -3.905 -25.6915 5.80239
      vertex -3.01855 -25.5982 6.54935
      vertex -3.01012 -25.5443 6.54225
    endloop
  endfacet
  facet normal -0.643717 0.198063 0.739188
    outer loop
      vertex -3.01855 -25.5982 6.54935
      vertex -3.905 -25.6915 5.80239
      vertex -3.905 -29.1785 6.73672
    endloop
  endfacet
  facet normal -0.693329 0.196443 0.693329
    outer loop
      vertex -3.005 -25.5435 6.54648
      vertex -3.00516 -25.5441 6.54649
      vertex -3.00514 -25.5441 6.54651
    endloop
  endfacet
  facet normal -0.643706 0.184035 0.742815
    outer loop
      vertex -3.00516 -25.5441 6.54649
      vertex -3.005 -25.5435 6.54648
      vertex -3.01011 -25.5443 6.54225
    endloop
  endfacet
  facet normal 0 1 -0
    outer loop
      vertex -3 -25.5443 6.54225
      vertex -3.00005 -25.5443 6.54225
      vertex -3 -25.5443 6.5423
    endloop
  endfacet
  facet normal 0 1 -0
    outer loop
      vertex -3 -25.9366 5.0783
      vertex -3.00005 -25.9366 5.0784
      vertex -3 -25.9366 5.0784
    endloop
  endfacet
  facet normal 0 1 0
    outer loop
      vertex -3.00005 -25.9366 5.0784
      vertex -3 -25.9366 5.0783
      vertex -3.00012 -25.9366 5.0784
    endloop
  endfacet
  facet normal 0.0578588 0.964313 -0.258367
    outer loop
      vertex -3 -25.9354 5.08271
      vertex -3.005 -25.5452 6.53795
      vertex -3 -25.5455 6.53795
    endloop
  endfacet
  facet normal 0.0463521 0.964883 -0.258559
    outer loop
      vertex -3.005 -25.5452 6.53795
      vertex -3 -25.9354 5.08271
      vertex -3.005 -25.9352 5.08256
    endloop
  endfacet
  facet normal 0.0550457 0.964456 -0.258445
    outer loop
      vertex -3.005 -25.5452 6.53795
      vertex -3.005 -25.9352 5.08256
      vertex -3.895 -25.6941 5.79273
    endloop
  endfacet
  facet normal 0.137144 0.977544 -0.160001
    outer loop
      vertex -3.00514 -25.9352 5.08244
      vertex -3.895 -25.6941 5.79273
      vertex -3.005 -25.9352 5.08256
    endloop
  endfacet
  facet normal 0.147365 0.978043 -0.147365
    outer loop
      vertex -3.895 -25.6941 5.79273
      vertex -3.00514 -25.9352 5.08244
      vertex -3.00516 -25.9352 5.08242
    endloop
  endfacet
  facet normal -0.0810537 0.991547 -0.101317
    outer loop
      vertex -3.0051 -25.5452 6.53803
      vertex -3.005 -25.5452 6.53795
      vertex -3.895 -25.6941 5.79273
    endloop
  endfacet
  facet normal 0 -0.965927 0.258816
    outer loop
      vertex -3.005 -29.2721 6.46003
      vertex -3 -29.1238 7.0135
      vertex -3.005 -29.1238 7.0135
    endloop
  endfacet
  facet normal 0 -0.965927 0.258816
    outer loop
      vertex -3 -29.1238 7.0135
      vertex -3.005 -29.2721 6.46003
      vertex -3 -29.2721 6.46003
    endloop
  endfacet
  facet normal 0 0.257663 0.966235
    outer loop
      vertex -3.005 -25.5441 6.54664
      vertex -3 -25.5435 6.54648
      vertex -3.005 -25.5435 6.54648
    endloop
  endfacet
  facet normal -0.00240267 0.276307 0.961067
    outer loop
      vertex -3 -25.5435 6.54648
      vertex -3.005 -25.5441 6.54664
      vertex -3 -25.5443 6.54671
    endloop
  endfacet
  facet normal 0.00692479 0.979136 -0.203088
    outer loop
      vertex -3.895 -25.6915 5.80239
      vertex -3.01012 -25.5443 6.54225
      vertex -3.00516 -25.5452 6.53808
    endloop
  endfacet
  facet normal 0 0.980777 -0.195132
    outer loop
      vertex -3.01012 -25.5443 6.54225
      vertex -3.895 -25.6915 5.80239
      vertex -3.905 -25.6915 5.80239
    endloop
  endfacet
  facet normal 0.156522 0.969651 -0.187826
    outer loop
      vertex -3.00012 -25.5443 6.54225
      vertex -3 -25.5435 6.54648
      vertex -3 -25.5443 6.54235
    endloop
  endfacet
  facet normal 0 0.982582 -0.185831
    outer loop
      vertex -3 -25.5435 6.54648
      vertex -3.00012 -25.5443 6.54225
      vertex -3.005 -25.5435 6.54648
    endloop
  endfacet
  facet normal 0 0.982582 -0.185831
    outer loop
      vertex -3.005 -25.5435 6.54648
      vertex -3.00012 -25.5443 6.54225
      vertex -3.01011 -25.5443 6.54225
    endloop
  endfacet
  facet normal -0.643717 -0.198063 -0.739189
    outer loop
      vertex -3.905 -25.6941 5.79273
      vertex -3.02258 -26.0108 5.10914
      vertex -3.905 -29.1811 6.72706
    endloop
  endfacet
  facet normal -0.643716 -0.198057 -0.739191
    outer loop
      vertex -3.02258 -26.0108 5.10914
      vertex -3.905 -25.6941 5.79273
      vertex -3.01855 -25.9868 5.0992
    endloop
  endfacet
  facet normal -0.643702 -0.197864 -0.739254
    outer loop
      vertex -3.01855 -25.9868 5.0992
      vertex -3.905 -25.6941 5.79273
      vertex -3.01166 -25.9457 5.0822
    endloop
  endfacet
  facet normal -0.303961 -0.364577 -0.880166
    outer loop
      vertex -3.02258 -29.2718 6.45989
      vertex -3.905 -29.1811 6.72706
      vertex -3.02258 -26.0108 5.10914
    endloop
  endfacet
  facet normal 0 1 0
    outer loop
      vertex -3 -25.9366 5.0783
      vertex -3.00012 -25.9366 5.07839
      vertex -3.00012 -25.9366 5.0784
    endloop
  endfacet
  facet normal -0.240997 0.915788 -0.321329
    outer loop
      vertex -3 -25.938 5.07431
      vertex -3.00012 -25.9366 5.07839
      vertex -3 -25.9366 5.0783
    endloop
  endfacet
  facet normal 0 0.945865 -0.324561
    outer loop
      vertex -3.00012 -25.9366 5.07839
      vertex -3 -25.938 5.07431
      vertex -3.005 -25.938 5.07431
    endloop
  endfacet
  facet normal 0 0.945865 -0.324561
    outer loop
      vertex -3.00012 -25.9366 5.07839
      vertex -3.005 -25.938 5.07431
      vertex -3.01011 -25.9366 5.07839
    endloop
  endfacet
  facet normal -0.00335783 0.945644 -0.325186
    outer loop
      vertex -3.01012 -25.9366 5.0784
      vertex -3.895 -25.6941 5.79273
      vertex -3.00516 -25.9352 5.08242
    endloop
  endfacet
  facet normal 0 0.946923 -0.32146
    outer loop
      vertex -3.895 -25.6941 5.79273
      vertex -3.01012 -25.9366 5.0784
      vertex -3.905 -25.6941 5.79273
    endloop
  endfacet
  facet normal -0.0209363 -0.965731 0.2587
    outer loop
      vertex -3.022 -29.2718 6.45989
      vertex -3.02257 -29.1235 7.01345
      vertex -3.905 -29.1785 6.73672
    endloop
  endfacet
  facet normal 0 -0.965937 0.258777
    outer loop
      vertex -3.02199 -29.2718 6.45989
      vertex -3.02257 -29.1235 7.01345
      vertex -3.022 -29.2718 6.45989
    endloop
  endfacet
  facet normal -0.0172268 -0.965798 0.258722
    outer loop
      vertex -3.02257 -29.1235 7.01345
      vertex -3.02199 -29.2718 6.45989
      vertex -3.005 -29.1238 7.0135
    endloop
  endfacet
  facet normal -0.0191849 -0.965749 0.258768
    outer loop
      vertex -3.005 -29.1238 7.0135
      vertex -3.02199 -29.2718 6.45989
      vertex -3.005 -29.2721 6.46003
    endloop
  endfacet
  facet normal -0.00312346 -0.276306 -0.961065
    outer loop
      vertex -3.005 -25.9385 5.07447
      vertex -3 -25.938 5.07431
      vertex -3 -25.9388 5.07454
    endloop
  endfacet
  facet normal -0 -0.304776 -0.952424
    outer loop
      vertex -3 -25.938 5.07431
      vertex -3.005 -25.9385 5.07447
      vertex -3.005 -25.938 5.07431
    endloop
  endfacet
  facet normal -0.643405 0.382645 0.663033
    outer loop
      vertex -3.02258 -26.0108 5.10914
      vertex -3.01855 -25.9868 5.0992
      vertex -3.905 -29.3966 6.20683
    endloop
  endfacet
  facet normal -0.595598 0.403021 0.694864
    outer loop
      vertex -3.005 -25.9347 5.08227
      vertex -3.00514 -25.9352 5.08244
      vertex -3.005 -25.9352 5.08256
    endloop
  endfacet
  facet normal -0.303974 0.364575 0.880162
    outer loop
      vertex -3.02258 -26.0108 5.10914
      vertex -3.905 -29.3966 6.20683
      vertex -3.02258 -29.2718 6.45989
    endloop
  endfacet
  facet normal 0 0.866019 -0.500011
    outer loop
      vertex -3.895 -26.2752 4.39317
      vertex -3.905 -26.2702 4.40183
      vertex -3.895 -26.2702 4.40183
    endloop
  endfacet
  facet normal 0 0.866019 -0.500011
    outer loop
      vertex -3.905 -26.2702 4.40183
      vertex -3.895 -26.2752 4.39317
      vertex -3.905 -26.2752 4.39317
    endloop
  endfacet
  facet normal -0.643681 -0.381673 -0.663326
    outer loop
      vertex -3.01166 -26.7022 3.77198
      vertex -3.905 -26.2752 4.39317
      vertex -3.01012 -26.6943 3.76594
    endloop
  endfacet
  facet normal -0.650945 -0.390567 -0.650945
    outer loop
      vertex -3.00516 -26.6971 3.76275
      vertex -3.005 -26.6967 3.76235
      vertex -3.005 -26.6972 3.76265
    endloop
  endfacet
  facet normal -0.645081 -0.395664 -0.653697
    outer loop
      vertex -3.005 -26.6967 3.76235
      vertex -3.00516 -26.6971 3.76275
      vertex -3.01011 -26.6943 3.76594
    endloop
  endfacet
  facet normal -0.186928 0.956421 -0.224313
    outer loop
      vertex -3.0051 -25.9385 5.07454
      vertex -3.895 -26.2702 4.40183
      vertex -3.00516 -25.9385 5.07459
    endloop
  endfacet
  facet normal 0.0550953 0.864704 -0.499252
    outer loop
      vertex -3.895 -26.2702 4.40183
      vertex -3.0051 -25.9385 5.07454
      vertex -3.895 -26.2752 4.39317
    endloop
  endfacet
  facet normal 0.581914 0.363696 -0.727393
    outer loop
      vertex -3.00005 -25.9366 5.0784
      vertex -3 -25.9365 5.07849
      vertex -3 -25.9366 5.07844
    endloop
  endfacet
  facet normal 0 0.668965 -0.743294
    outer loop
      vertex -3.00012 -25.9366 5.0784
      vertex -3 -25.9365 5.07849
      vertex -3.00005 -25.9366 5.0784
    endloop
  endfacet
  facet normal 0.640184 -0.768221 0
    outer loop
      vertex -3 -25.9365 5.07849
      vertex -3.00012 -25.9366 5.0784
      vertex -3.00012 -25.9366 5.07839
    endloop
  endfacet
  facet normal -0.303932 -0.579973 -0.755815
    outer loop
      vertex -3.02258 -29.5583 5.96357
      vertex -3.905 -29.4016 6.19817
      vertex -3.02258 -26.7581 3.81484
    endloop
  endfacet
  facet normal -0.937787 -0 -0.347212
    outer loop
      vertex -3.02258 -26.758 3.81484
      vertex -3.02258 -26.7581 3.81484
      vertex -3.905 -29.4016 6.19817
    endloop
  endfacet
  facet normal -1 0 0
    outer loop
      vertex -3.905 -26.2752 4.39317
      vertex -3.905 -29.3966 6.20683
      vertex -3.905 -26.2702 4.40183
    endloop
  endfacet
  facet normal -1 0 -0
    outer loop
      vertex -3.905 -29.3966 6.20683
      vertex -3.905 -26.2752 4.39317
      vertex -3.905 -29.4016 6.19817
    endloop
  endfacet
  facet normal -0.643614 0.385109 0.661402
    outer loop
      vertex -3.905 -26.2702 4.40183
      vertex -3.01166 -25.9457 5.0822
      vertex -3.01012 -25.9366 5.0784
    endloop
  endfacet
  facet normal -0.643746 0.382147 0.662989
    outer loop
      vertex -3.01166 -25.9457 5.0822
      vertex -3.905 -26.2702 4.40183
      vertex -3.01855 -25.9868 5.0992
    endloop
  endfacet
  facet normal -0.64371 0.38263 0.662746
    outer loop
      vertex -3.01855 -25.9868 5.0992
      vertex -3.905 -26.2702 4.40183
      vertex -3.905 -29.3966 6.20683
    endloop
  endfacet
  facet normal -0.647605 0.401515 0.647605
    outer loop
      vertex -3.005 -25.9347 5.08227
      vertex -3.00516 -25.9352 5.08242
      vertex -3.00514 -25.9352 5.08244
    endloop
  endfacet
  facet normal -0.642406 0.401417 0.652824
    outer loop
      vertex -3.00516 -25.9352 5.08242
      vertex -3.005 -25.9347 5.08227
      vertex -3.01012 -25.9366 5.0784
    endloop
  endfacet
  facet normal 0.579354 0.0890383 -0.810198
    outer loop
      vertex -3.005 -25.9347 5.08227
      vertex -3.905 -26.2702 4.40183
      vertex -3.01012 -25.9366 5.0784
    endloop
  endfacet
  facet normal 0 1 -0
    outer loop
      vertex -3 -25.9366 5.0784
      vertex -3.00005 -25.9366 5.0784
      vertex -3 -25.9366 5.07844
    endloop
  endfacet
  facet normal 0.0588592 0.864522 -0.499137
    outer loop
      vertex -3 -26.6921 3.7698
      vertex -3.005 -25.9385 5.07447
      vertex -3 -25.9388 5.07454
    endloop
  endfacet
  facet normal 0.0545599 0.864726 -0.499272
    outer loop
      vertex -3.005 -25.9385 5.07447
      vertex -3 -26.6921 3.7698
      vertex -3.005 -26.6919 3.7696
    endloop
  endfacet
  facet normal 0.0550553 0.864702 -0.499258
    outer loop
      vertex -3.005 -25.9385 5.07447
      vertex -3.005 -26.6919 3.7696
      vertex -3.895 -26.2752 4.39317
    endloop
  endfacet
  facet normal -0.0307804 0.810199 -0.585346
    outer loop
      vertex -3.895 -26.2752 4.39317
      vertex -3.005 -26.6919 3.7696
      vertex -3.00516 -26.692 3.76947
    endloop
  endfacet
  facet normal -0.172348 0.953769 -0.246212
    outer loop
      vertex -3.0051 -25.9385 5.07454
      vertex -3.005 -25.9385 5.07447
      vertex -3.895 -26.2752 4.39317
    endloop
  endfacet
  facet normal 0 0.624695 -0.780869
    outer loop
      vertex -3 -26.6944 3.76586
      vertex -3.00012 -26.6943 3.76594
      vertex -3 -26.6943 3.76594
    endloop
  endfacet
  facet normal 0 0 0
    outer loop
      vertex -3.02258 -29.2718 6.45989
      vertex -3.02199 -29.2718 6.45989
      vertex -3.022 -29.2718 6.45989
    endloop
  endfacet
  facet normal -0.0209079 -0.86583 0.499902
    outer loop
      vertex -3.905 -29.4016 6.19817
      vertex -3.02258 -29.2718 6.45989
      vertex -3.905 -29.3966 6.20683
    endloop
  endfacet
  facet normal 0 -0.895874 0.444309
    outer loop
      vertex -3.02258 -29.2718 6.45989
      vertex -3.905 -29.4016 6.19817
      vertex -3.02199 -29.2718 6.45989
    endloop
  endfacet
  facet normal 0 0.501718 0.865031
    outer loop
      vertex -3.005 -25.9352 5.08256
      vertex -3 -25.9347 5.08227
      vertex -3.005 -25.9347 5.08227
    endloop
  endfacet
  facet normal -0.0041122 0.532167 0.846629
    outer loop
      vertex -3 -25.9347 5.08227
      vertex -3.005 -25.9352 5.08256
      vertex -3 -25.9354 5.08271
    endloop
  endfacet
  facet normal -0.366659 0.839981 -0.399991
    outer loop
      vertex -3.00012 -25.9366 5.07839
      vertex -3 -25.9347 5.08227
      vertex -3 -25.9365 5.07849
    endloop
  endfacet
  facet normal 0 0.8981 -0.439791
    outer loop
      vertex -3 -25.9347 5.08227
      vertex -3.00012 -25.9366 5.07839
      vertex -3.005 -25.9347 5.08227
    endloop
  endfacet
  facet normal 0 0.8981 -0.439791
    outer loop
      vertex -3.01011 -25.9366 5.07839
      vertex -3.005 -25.9347 5.08227
      vertex -3.00012 -25.9366 5.07839
    endloop
  endfacet
  facet normal 0.00237328 0.895658 -0.444737
    outer loop
      vertex -3.895 -26.2702 4.40183
      vertex -3.01011 -25.9366 5.07839
      vertex -3.00516 -25.9385 5.07459
    endloop
  endfacet
  facet normal -0.496019 0.832915 0.245391
    outer loop
      vertex -3.01011 -25.9366 5.07839
      vertex -3.905 -26.2702 4.40183
      vertex -3.005 -25.9347 5.08227
    endloop
  endfacet
  facet normal 0 0.896895 -0.442243
    outer loop
      vertex -3.905 -26.2702 4.40183
      vertex -3.01011 -25.9366 5.07839
      vertex -3.895 -26.2702 4.40183
    endloop
  endfacet
  facet normal -0.643708 -0.382631 -0.662747
    outer loop
      vertex -3.905 -26.2752 4.39317
      vertex -3.02258 -26.758 3.81484
      vertex -3.905 -29.4016 6.19817
    endloop
  endfacet
  facet normal -0.643738 -0.382925 -0.662548
    outer loop
      vertex -3.02258 -26.758 3.81484
      vertex -3.905 -26.2752 4.39317
      vertex -3.01166 -26.7022 3.77198
    endloop
  endfacet
  facet normal -0.0208717 -0.865864 0.499844
    outer loop
      vertex -3.02258 -29.5583 5.96357
      vertex -3.02199 -29.2718 6.45989
      vertex -3.905 -29.4016 6.19817
    endloop
  endfacet
  facet normal -0.0194082 -0.865861 0.499908
    outer loop
      vertex -3.02199 -29.2718 6.45989
      vertex -3.005 -29.5586 5.9638
      vertex -3.005 -29.2721 6.46003
    endloop
  endfacet
  facet normal -0.0213151 -0.865856 0.499839
    outer loop
      vertex -3.005 -29.5586 5.9638
      vertex -3.02199 -29.2718 6.45989
      vertex -3.02258 -29.5583 5.96357
    endloop
  endfacet
  facet normal 0.314773 0.793906 -0.520223
    outer loop
      vertex -3 -26.6967 3.76235
      vertex -3.00012 -26.6943 3.76594
      vertex -3 -26.6944 3.76586
    endloop
  endfacet
  facet normal 0 0.831337 -0.555769
    outer loop
      vertex -3.00012 -26.6943 3.76594
      vertex -3 -26.6967 3.76235
      vertex -3.005 -26.6967 3.76235
    endloop
  endfacet
  facet normal 0 0.831337 -0.555769
    outer loop
      vertex -3.00012 -26.6943 3.76594
      vertex -3.005 -26.6967 3.76235
      vertex -3.01011 -26.6943 3.76594
    endloop
  endfacet
  facet normal 0.00492573 0.834657 -0.550748
    outer loop
      vertex -3.01012 -26.6943 3.76594
      vertex -3.895 -26.2752 4.39317
      vertex -3.00516 -26.692 3.76947
    endloop
  endfacet
  facet normal 0 0.831471 -0.555569
    outer loop
      vertex -3.895 -26.2752 4.39317
      vertex -3.01012 -26.6943 3.76594
      vertex -3.905 -26.2752 4.39317
    endloop
  endfacet
  facet normal 0 -0.866024 0.500002
    outer loop
      vertex -3.005 -29.2721 6.46003
      vertex -3.005 -29.5586 5.9638
      vertex -3 -29.2721 6.46003
    endloop
  endfacet
  facet normal 0 -0.866024 0.500002
    outer loop
      vertex -3 -29.2721 6.46003
      vertex -3.005 -29.5586 5.9638
      vertex -3 -29.5586 5.9638
    endloop
  endfacet
  facet normal -0.00438104 -0.481914 -0.876207
    outer loop
      vertex -3.005 -26.6972 3.76265
      vertex -3 -26.6967 3.76235
      vertex -3 -26.6975 3.76279
    endloop
  endfacet
  facet normal -0 -0.514496 -0.857493
    outer loop
      vertex -3 -26.6967 3.76235
      vertex -3.005 -26.6972 3.76265
      vertex -3.005 -26.6967 3.76235
    endloop
  endfacet
  facet normal 0 0.705608 -0.708602
    outer loop
      vertex -3.895 -27.1988 3.19171
      vertex -3.905 -27.1917 3.19878
      vertex -3.895 -27.1917 3.19878
    endloop
  endfacet
  facet normal 0 0.705608 -0.708602
    outer loop
      vertex -3.905 -27.1917 3.19878
      vertex -3.895 -27.1988 3.19171
      vertex -3.905 -27.1988 3.19171
    endloop
  endfacet
  facet normal -0.304002 0.57996 0.755797
    outer loop
      vertex -3.905 -29.7444 5.75144
      vertex -3.02258 -29.5583 5.96357
      vertex -3.02258 -26.7581 3.81484
    endloop
  endfacet
  facet normal -0.711635 0.508743 0.484517
    outer loop
      vertex -3.005 -26.6915 3.76918
      vertex -3.00516 -26.692 3.76947
      vertex -3.005 -26.6919 3.7696
    endloop
  endfacet
  facet normal -0.641156 0.52811 0.556793
    outer loop
      vertex -3.00516 -26.692 3.76947
      vertex -3.005 -26.6915 3.76918
      vertex -3.01012 -26.6943 3.76594
    endloop
  endfacet
  facet normal -0.643698 0.541407 0.540862
    outer loop
      vertex -3.905 -27.1917 3.19878
      vertex -3.02258 -26.758 3.81484
      vertex -3.01166 -26.7022 3.77198
    endloop
  endfacet
  facet normal -0.572443 0 0.819945
    outer loop
      vertex -3.02258 -26.758 3.81484
      vertex -3.905 -27.1917 3.19878
      vertex -3.02258 -26.7581 3.81484
    endloop
  endfacet
  facet normal -0.643695 0.541132 0.54114
    outer loop
      vertex -3.02258 -26.7581 3.81484
      vertex -3.905 -27.1917 3.19878
      vertex -3.905 -29.7444 5.75144
    endloop
  endfacet
  facet normal -0.643771 0.540012 0.542167
    outer loop
      vertex -3.905 -27.1917 3.19878
      vertex -3.01166 -26.7022 3.77198
      vertex -3.01012 -26.6943 3.76594
    endloop
  endfacet
  facet normal 0.495319 0.0936407 -0.86365
    outer loop
      vertex -3.01012 -26.6943 3.76594
      vertex -3.005 -26.6915 3.76918
      vertex -3.905 -27.1917 3.19878
    endloop
  endfacet
  facet normal 0.52612 0.0883768 0.845806
    outer loop
      vertex -3.005 -27.7692 2.69148
      vertex -3.01012 -27.7659 2.69432
      vertex -3.905 -27.1988 3.19171
    endloop
  endfacet
  facet normal -0.646288 -0.531463 -0.547594
    outer loop
      vertex -3.005 -27.7692 2.69148
      vertex -3.00516 -27.7695 2.69196
      vertex -3.01012 -27.7659 2.69432
    endloop
  endfacet
  facet normal -0.579576 -0.590113 -0.562013
    outer loop
      vertex -3.00516 -27.7695 2.69196
      vertex -3.005 -27.7692 2.69148
      vertex -3.005 -27.7696 2.6919
    endloop
  endfacet
  facet normal -0.643604 -0.539195 -0.543178
    outer loop
      vertex -3.01166 -27.772 2.7022
      vertex -3.905 -27.1988 3.19171
      vertex -3.01012 -27.7659 2.69432
    endloop
  endfacet
  facet normal -0.643734 -0.541437 -0.540789
    outer loop
      vertex -3.02258 -27.8148 2.75805
      vertex -3.905 -27.1988 3.19171
      vertex -3.01166 -27.772 2.7022
    endloop
  endfacet
  facet normal -0.643696 -0.541142 -0.54113
    outer loop
      vertex -3.905 -27.1988 3.19171
      vertex -3.02258 -27.8148 2.75805
      vertex -3.905 -29.7514 5.74437
    endloop
  endfacet
  facet normal -0.0197053 -0.706917 0.707022
    outer loop
      vertex -3.02258 -29.5583 5.96357
      vertex -3.02258 -29.9636 5.55833
      vertex -3.005 -29.9638 5.55862
    endloop
  endfacet
  facet normal -0.0225444 -0.710435 0.703401
    outer loop
      vertex -3.02258 -29.9636 5.55833
      vertex -3.905 -29.7444 5.75144
      vertex -3.905 -29.7514 5.74437
    endloop
  endfacet
  facet normal -0.0208776 -0.7069 0.707005
    outer loop
      vertex -3.905 -29.7444 5.75144
      vertex -3.02258 -29.9636 5.55833
      vertex -3.02258 -29.5583 5.96357
    endloop
  endfacet
  facet normal -0.0213129 -0.706929 0.706964
    outer loop
      vertex -3.02258 -29.5583 5.96357
      vertex -3.005 -29.9638 5.55862
      vertex -3.005 -29.5586 5.9638
    endloop
  endfacet
  facet normal 0.404366 0.684534 -0.606549
    outer loop
      vertex -3.00012 -26.6943 3.76594
      vertex -3 -26.6915 3.76918
      vertex -3 -26.6943 3.76602
    endloop
  endfacet
  facet normal 0 0.756613 -0.653863
    outer loop
      vertex -3 -26.6915 3.76918
      vertex -3.00012 -26.6943 3.76594
      vertex -3.005 -26.6915 3.76918
    endloop
  endfacet
  facet normal 0 0.756613 -0.653863
    outer loop
      vertex -3.01011 -26.6943 3.76594
      vertex -3.005 -26.6915 3.76918
      vertex -3.00012 -26.6943 3.76594
    endloop
  endfacet
  facet normal 0.00017917 0.751692 -0.659514
    outer loop
      vertex -3.895 -27.1917 3.19878
      vertex -3.01011 -26.6943 3.76594
      vertex -3.00516 -26.6971 3.76275
    endloop
  endfacet
  facet normal -0.546612 0.0291799 0.836878
    outer loop
      vertex -3.01011 -26.6943 3.76594
      vertex -3.905 -27.1917 3.19878
      vertex -3.005 -26.6915 3.76918
    endloop
  endfacet
  facet normal 0 0.751831 -0.659356
    outer loop
      vertex -3.905 -27.1917 3.19878
      vertex -3.01011 -26.6943 3.76594
      vertex -3.895 -27.1917 3.19878
    endloop
  endfacet
  facet normal -1 0 0
    outer loop
      vertex -3.905 -27.1988 3.19171
      vertex -3.905 -29.7444 5.75144
      vertex -3.905 -27.1917 3.19878
    endloop
  endfacet
  facet normal -1 0 -0
    outer loop
      vertex -3.905 -29.7444 5.75144
      vertex -3.905 -27.1988 3.19171
      vertex -3.905 -29.7514 5.74437
    endloop
  endfacet
  facet normal 0 -0.707089 0.707124
    outer loop
      vertex -3.005 -29.9638 5.55862
      vertex -3 -29.5586 5.9638
      vertex -3.005 -29.5586 5.9638
    endloop
  endfacet
  facet normal 0 -0.707089 0.707124
    outer loop
      vertex -3 -29.5586 5.9638
      vertex -3.005 -29.9638 5.55862
      vertex -3 -29.9638 5.55862
    endloop
  endfacet
  facet normal 0.000927228 0.718602 0.695421
    outer loop
      vertex -3 -26.6915 3.76918
      vertex -3.005 -26.6919 3.7696
      vertex -3 -26.6921 3.7698
    endloop
  endfacet
  facet normal 0 0.724138 0.689655
    outer loop
      vertex -3.005 -26.6919 3.7696
      vertex -3 -26.6915 3.76918
      vertex -3.005 -26.6915 3.76918
    endloop
  endfacet
  facet normal -0.304021 -0.755791 -0.579958
    outer loop
      vertex -3.905 -29.7514 5.74437
      vertex -3.02258 -27.8148 2.75805
      vertex -3.02258 -29.9636 5.55833
    endloop
  endfacet
  facet normal 0.0621054 0.705745 -0.705738
    outer loop
      vertex -3 -27.7628 2.69748
      vertex -3.005 -26.6972 3.76265
      vertex -3 -26.6975 3.76279
    endloop
  endfacet
  facet normal 0.0550625 0.706008 -0.706061
    outer loop
      vertex -3.005 -26.6972 3.76265
      vertex -3.005 -27.7627 2.69723
      vertex -3.895 -27.1917 3.19878
    endloop
  endfacet
  facet normal 0.0494377 0.706216 -0.706269
    outer loop
      vertex -3.005 -26.6972 3.76265
      vertex -3 -27.7628 2.69748
      vertex -3.005 -27.7627 2.69723
    endloop
  endfacet
  facet normal 0.0532981 0.704605 -0.707595
    outer loop
      vertex -3.895 -27.1917 3.19878
      vertex -3.005 -27.7627 2.69723
      vertex -3.895 -27.1988 3.19171
    endloop
  endfacet
  facet normal 0.28343 0.844995 -0.453487
    outer loop
      vertex -3.895 -27.1988 3.19171
      vertex -3.005 -27.7627 2.69723
      vertex -3.00516 -27.7627 2.69713
    endloop
  endfacet
  facet normal 0.0282188 0.72904 -0.68389
    outer loop
      vertex -3.00516 -26.6971 3.76275
      vertex -3.005 -26.6972 3.76265
      vertex -3.895 -27.1917 3.19878
    endloop
  endfacet
  facet normal 0 1 0
    outer loop
      vertex -3.00012 -26.6943 3.76594
      vertex -3 -26.6943 3.76602
      vertex -3 -26.6943 3.76594
    endloop
  endfacet
  facet normal 0.0681108 0.572131 -0.817329
    outer loop
      vertex -3 -27.7659 2.69433
      vertex -3 -27.766 2.69426
      vertex -3.00012 -27.7659 2.69432
    endloop
  endfacet
  facet normal 0.166703 0.646651 -0.744347
    outer loop
      vertex -3 -27.7692 2.69148
      vertex -3.00012 -27.7659 2.69432
      vertex -3 -27.766 2.69426
    endloop
  endfacet
  facet normal 0 0.652303 -0.757958
    outer loop
      vertex -3.005 -27.7692 2.69148
      vertex -3.00012 -27.7659 2.69432
      vertex -3 -27.7692 2.69148
    endloop
  endfacet
  facet normal 0 0.652303 -0.757958
    outer loop
      vertex -3.005 -27.7692 2.69148
      vertex -3.01011 -27.7659 2.69432
      vertex -3.00012 -27.7659 2.69432
    endloop
  endfacet
  facet normal 0 0.659388 -0.751803
    outer loop
      vertex -3.01011 -27.7659 2.69432
      vertex -3.905 -27.1988 3.19171
      vertex -3.895 -27.1988 3.19171
    endloop
  endfacet
  facet normal -0.487153 -0.00277059 -0.873312
    outer loop
      vertex -3.905 -27.1988 3.19171
      vertex -3.01011 -27.7659 2.69432
      vertex -3.005 -27.7692 2.69148
    endloop
  endfacet
  facet normal 0.000253655 0.659612 -0.751606
    outer loop
      vertex -3.00516 -27.7627 2.69713
      vertex -3.01011 -27.7659 2.69432
      vertex -3.895 -27.1988 3.19171
    endloop
  endfacet
  facet normal -0 -0.724138 -0.689655
    outer loop
      vertex -3 -27.7692 2.69148
      vertex -3.005 -27.7696 2.6919
      vertex -3.005 -27.7692 2.69148
    endloop
  endfacet
  facet normal -0.000927228 -0.718602 -0.695421
    outer loop
      vertex -3.005 -27.7696 2.6919
      vertex -3 -27.7692 2.69148
      vertex -3 -27.7698 2.6921
    endloop
  endfacet
  facet normal -0.302083 0.821666 0.483333
    outer loop
      vertex -3.005 -27.7624 2.69672
      vertex -3.00516 -27.7627 2.69713
      vertex -3.005 -27.7627 2.69723
    endloop
  endfacet
  facet normal -0.629034 0.723638 0.284014
    outer loop
      vertex -3.00516 -27.7627 2.69713
      vertex -3.005 -27.7624 2.69672
      vertex -3.01011 -27.7659 2.69432
    endloop
  endfacet
  facet normal -0.643861 0.660811 0.385711
    outer loop
      vertex -3.01012 -27.7659 2.69432
      vertex -3.905 -28.3932 2.27522
      vertex -3.01166 -27.772 2.7022
    endloop
  endfacet
  facet normal -0.303962 0.755806 0.579969
    outer loop
      vertex -3.02258 -27.8148 2.75805
      vertex -3.905 -30.1982 5.40158
      vertex -3.02258 -29.9636 5.55833
    endloop
  endfacet
  facet normal 0.383823 0.513226 -0.767645
    outer loop
      vertex -3 -27.7659 2.69438
      vertex -3.00012 -27.7659 2.69432
      vertex -3 -27.7624 2.69672
    endloop
  endfacet
  facet normal 0 0.565528 -0.824729
    outer loop
      vertex -3.00012 -27.7659 2.69432
      vertex -3.005 -27.7624 2.69672
      vertex -3 -27.7624 2.69672
    endloop
  endfacet
  facet normal 0 0.565528 -0.824729
    outer loop
      vertex -3.005 -27.7624 2.69672
      vertex -3.00012 -27.7659 2.69432
      vertex -3.01011 -27.7659 2.69432
    endloop
  endfacet
  facet normal 0.0037521 0.551857 -0.83393
    outer loop
      vertex -3.895 -28.3932 2.27522
      vertex -3.01012 -27.7659 2.69432
      vertex -3.00516 -27.7695 2.69196
    endloop
  endfacet
  facet normal 0 0.555526 -0.831499
    outer loop
      vertex -3.01012 -27.7659 2.69432
      vertex -3.895 -28.3932 2.27522
      vertex -3.905 -28.3932 2.27522
    endloop
  endfacet
  facet normal -1 0 0
    outer loop
      vertex -3.905 -28.4018 2.27022
      vertex -3.905 -30.1982 5.40158
      vertex -3.905 -28.3932 2.27522
    endloop
  endfacet
  facet normal -1 0 -0
    outer loop
      vertex -3.905 -30.1982 5.40158
      vertex -3.905 -28.4018 2.27022
      vertex -3.905 -30.2068 5.39658
    endloop
  endfacet
  facet normal -0.643705 0.66299 0.382215
    outer loop
      vertex -3.905 -28.3932 2.27522
      vertex -3.02258 -27.8148 2.75805
      vertex -3.01166 -27.772 2.7022
    endloop
  endfacet
  facet normal -0.643747 0.662717 0.382619
    outer loop
      vertex -3.02258 -27.8148 2.75805
      vertex -3.905 -28.3932 2.27522
      vertex -3.905 -30.1982 5.40158
    endloop
  endfacet
  facet normal 0.046714 0.499465 -0.865074
    outer loop
      vertex -3.005 -29.0745 1.93854
      vertex -3 -27.7698 2.6921
      vertex -3 -29.0745 1.93881
    endloop
  endfacet
  facet normal 0.0545594 0.499243 -0.864742
    outer loop
      vertex -3.005 -29.0745 1.93854
      vertex -3.005 -27.7696 2.6919
      vertex -3 -27.7698 2.6921
    endloop
  endfacet
  facet normal 0.312111 0.716193 -0.624223
    outer loop
      vertex -3.895 -28.3932 2.27522
      vertex -3.005 -29.0745 1.93854
      vertex -3.0051 -29.0745 1.93849
    endloop
  endfacet
  facet normal 0.0550467 0.49923 -0.864719
    outer loop
      vertex -3.005 -29.0745 1.93854
      vertex -3.895 -28.3932 2.27522
      vertex -3.005 -27.7696 2.6919
    endloop
  endfacet
  facet normal 0.019002 0.536583 -0.843633
    outer loop
      vertex -3.005 -27.7696 2.6919
      vertex -3.895 -28.3932 2.27522
      vertex -3.00516 -27.7695 2.69196
    endloop
  endfacet
  facet normal 0 1 -0
    outer loop
      vertex -3 -29.0784 1.93656
      vertex -3.00005 -29.0784 1.93658
      vertex -3 -29.0784 1.93658
    endloop
  endfacet
  facet normal 0 1 -0
    outer loop
      vertex -3 -27.7659 2.69433
      vertex -3.00012 -27.7659 2.69432
      vertex -3 -27.7659 2.69438
    endloop
  endfacet
  facet normal -0.0148298 -0.483972 0.874958
    outer loop
      vertex -3.905 -30.1982 5.40158
      vertex -3.02258 -30.4599 5.27178
      vertex -3.02199 -30.4599 5.27179
    endloop
  endfacet
  facet normal -0.0218922 -0.5025 0.8643
    outer loop
      vertex -3.02258 -30.4599 5.27178
      vertex -3.905 -30.1982 5.40158
      vertex -3.905 -30.2068 5.39658
    endloop
  endfacet
  facet normal -0.643728 -0.66273 -0.382627
    outer loop
      vertex -3.905 -28.4018 2.27022
      vertex -3.01855 -29.0992 1.9868
      vertex -3.905 -30.2068 5.39658
    endloop
  endfacet
  facet normal -0.643735 -0.662782 -0.382524
    outer loop
      vertex -3.905 -28.4018 2.27022
      vertex -3.01166 -29.0822 1.94575
      vertex -3.01855 -29.0992 1.9868
    endloop
  endfacet
  facet normal -0.643727 -0.662679 -0.382717
    outer loop
      vertex -3.905 -28.4018 2.27022
      vertex -3.01012 -29.0784 1.93658
      vertex -3.01166 -29.0822 1.94575
    endloop
  endfacet
  facet normal 0 -0.983282 -0.182089
    outer loop
      vertex -3.00516 -29.0824 1.93521
      vertex -3.005 -29.0823 1.93467
      vertex -3.00514 -29.0824 1.93521
    endloop
  endfacet
  facet normal -0.646738 -0.692406 -0.319849
    outer loop
      vertex -3.01012 -29.0784 1.93658
      vertex -3.005 -29.0823 1.93467
      vertex -3.00516 -29.0824 1.93521
    endloop
  endfacet
  facet normal 0.325115 -0.0359857 0.94499
    outer loop
      vertex -3.005 -29.0823 1.93467
      vertex -3.01012 -29.0784 1.93658
      vertex -3.905 -28.4018 2.27022
    endloop
  endfacet
  facet normal 0 0.50262 -0.864507
    outer loop
      vertex -3.905 -28.4018 2.27022
      vertex -3.895 -28.3932 2.27522
      vertex -3.895 -28.4018 2.27022
    endloop
  endfacet
  facet normal 0 0.50262 -0.864507
    outer loop
      vertex -3.895 -28.3932 2.27522
      vertex -3.905 -28.4018 2.27022
      vertex -3.905 -28.3932 2.27522
    endloop
  endfacet
  facet normal -0.30401 -0.880146 -0.364583
    outer loop
      vertex -3.905 -30.2068 5.39658
      vertex -3.02258 -29.1091 2.01079
      vertex -3.02258 -30.4599 5.27178
    endloop
  endfacet
  facet normal -0.00558887 0.884904 0.465739
    outer loop
      vertex -3 -27.7624 2.69672
      vertex -3.005 -27.7627 2.69723
      vertex -3 -27.7628 2.69748
    endloop
  endfacet
  facet normal 0 0.861934 0.50702
    outer loop
      vertex -3.005 -27.7627 2.69723
      vertex -3 -27.7624 2.69672
      vertex -3.005 -27.7624 2.69672
    endloop
  endfacet
  facet normal -0.0940749 0.337436 -0.936636
    outer loop
      vertex -3.895 -28.4018 2.27022
      vertex -3.0051 -29.0745 1.93849
      vertex -3.00516 -29.0746 1.93846
    endloop
  endfacet
  facet normal 0.0575847 0.501786 -0.863073
    outer loop
      vertex -3.0051 -29.0745 1.93849
      vertex -3.895 -28.4018 2.27022
      vertex -3.895 -28.3932 2.27522
    endloop
  endfacet
  facet normal -0.357771 0.268328 -0.894427
    outer loop
      vertex -3 -29.0785 1.93653
      vertex -3.00005 -29.0784 1.93658
      vertex -3 -29.0784 1.93656
    endloop
  endfacet
  facet normal 0 0.447214 -0.894427
    outer loop
      vertex -3 -29.0785 1.93653
      vertex -3.00012 -29.0784 1.93658
      vertex -3.00005 -29.0784 1.93658
    endloop
  endfacet
  facet normal -0.0078785 0.43962 -0.898149
    outer loop
      vertex -3 -29.0823 1.93467
      vertex -3.00012 -29.0784 1.93658
      vertex -3 -29.0785 1.93653
    endloop
  endfacet
  facet normal 0 0.43983 -0.898081
    outer loop
      vertex -3.005 -29.0823 1.93467
      vertex -3.00012 -29.0784 1.93658
      vertex -3 -29.0823 1.93467
    endloop
  endfacet
  facet normal 0 0.43983 -0.898081
    outer loop
      vertex -3.005 -29.0823 1.93467
      vertex -3.01011 -29.0784 1.93658
      vertex -3.00012 -29.0784 1.93658
    endloop
  endfacet
  facet normal 0 0.442265 -0.896884
    outer loop
      vertex -3.01011 -29.0784 1.93658
      vertex -3.905 -28.4018 2.27022
      vertex -3.895 -28.4018 2.27022
    endloop
  endfacet
  facet normal -0.26062 0.127217 -0.957023
    outer loop
      vertex -3.905 -28.4018 2.27022
      vertex -3.01011 -29.0784 1.93658
      vertex -3.005 -29.0823 1.93467
    endloop
  endfacet
  facet normal 0.000557854 0.442852 -0.896595
    outer loop
      vertex -3.00516 -29.0746 1.93846
      vertex -3.01011 -29.0784 1.93658
      vertex -3.895 -28.4018 2.27022
    endloop
  endfacet
  facet normal 0 -0.500012 0.866019
    outer loop
      vertex -3.005 -29.9638 5.55862
      vertex -3 -30.46 5.27213
      vertex -3 -29.9638 5.55862
    endloop
  endfacet
  facet normal 0 -0.500012 0.866019
    outer loop
      vertex -3.005 -29.9638 5.55862
      vertex -3.005 -30.46 5.27213
      vertex -3 -30.46 5.27213
    endloop
  endfacet
  facet normal -0.0202694 -0.499909 0.865841
    outer loop
      vertex -3.005 -29.9638 5.55862
      vertex -3.02199 -30.4599 5.27179
      vertex -3.005 -30.46 5.27213
    endloop
  endfacet
  facet normal -0.0199703 -0.499919 0.865842
    outer loop
      vertex -3.02258 -29.9636 5.55833
      vertex -3.02199 -30.4599 5.27179
      vertex -3.005 -29.9638 5.55862
    endloop
  endfacet
  facet normal -0.0208959 -0.499911 0.865825
    outer loop
      vertex -3.02199 -30.4599 5.27179
      vertex -3.02258 -29.9636 5.55833
      vertex -3.905 -30.1982 5.40158
    endloop
  endfacet
  facet normal -0.637999 -0.668101 -0.382882
    outer loop
      vertex -3.02258 -29.1091 2.01079
      vertex -3.905 -30.2068 5.39658
      vertex -3.01855 -29.0992 1.9868
    endloop
  endfacet
  facet normal -0.801429 -0.515514 -0.303243
    outer loop
      vertex -3.005 -29.0826 1.93518
      vertex -3.00514 -29.0824 1.93521
      vertex -3.005 -29.0823 1.93467
    endloop
  endfacet
  facet normal -0 -0.861934 -0.50702
    outer loop
      vertex -3 -29.0823 1.93467
      vertex -3.005 -29.0826 1.93518
      vertex -3.005 -29.0823 1.93467
    endloop
  endfacet
  facet normal 0.00558887 -0.884904 -0.465739
    outer loop
      vertex -3.005 -29.0826 1.93518
      vertex -3 -29.0823 1.93467
      vertex -3 -29.0827 1.93543
    endloop
  endfacet
  facet normal -0.160872 0.93306 0.321745
    outer loop
      vertex -3.005 -29.0743 1.93796
      vertex -3.0051 -29.0745 1.93849
      vertex -3.005 -29.0745 1.93854
    endloop
  endfacet
  facet normal -0.860966 0.507824 0.0291853
    outer loop
      vertex -3.005 -29.0743 1.93796
      vertex -3.00516 -29.0746 1.93846
      vertex -3.0051 -29.0745 1.93849
    endloop
  endfacet
  facet normal -0.646065 0.72782 0.229951
    outer loop
      vertex -3.00516 -29.0746 1.93846
      vertex -3.005 -29.0743 1.93796
      vertex -3.01011 -29.0784 1.93658
    endloop
  endfacet
  facet normal -0.643708 0.73916 0.1982
    outer loop
      vertex -3.01012 -29.0784 1.93658
      vertex -3.905 -29.7927 1.6941
      vertex -3.01166 -29.0822 1.94575
    endloop
  endfacet
  facet normal -0.303984 0.880154 0.364586
    outer loop
      vertex -3.02258 -29.1091 2.01079
      vertex -3.905 -30.7271 5.18109
      vertex -3.02258 -30.4599 5.27178
    endloop
  endfacet
  facet normal -0.0295962 0.319639 -0.947077
    outer loop
      vertex -3 -29.0783 1.93661
      vertex -3.00012 -29.0784 1.93658
      vertex -3 -29.0743 1.93796
    endloop
  endfacet
  facet normal 0 0.319 -0.947755
    outer loop
      vertex -3.00012 -29.0784 1.93658
      vertex -3.005 -29.0743 1.93796
      vertex -3 -29.0743 1.93796
    endloop
  endfacet
  facet normal 0 0.319 -0.947755
    outer loop
      vertex -3.005 -29.0743 1.93796
      vertex -3.00012 -29.0784 1.93658
      vertex -3.01011 -29.0784 1.93658
    endloop
  endfacet
  facet normal -0.00115878 0.322735 -0.946489
    outer loop
      vertex -3.895 -29.7927 1.6941
      vertex -3.01012 -29.0784 1.93658
      vertex -3.00516 -29.0824 1.93521
    endloop
  endfacet
  facet normal 0 0.321449 -0.946927
    outer loop
      vertex -3.01012 -29.0784 1.93658
      vertex -3.895 -29.7927 1.6941
      vertex -3.905 -29.7927 1.6941
    endloop
  endfacet
  facet normal -1 0 0
    outer loop
      vertex -3.905 -29.8024 1.69151
      vertex -3.905 -30.7271 5.18109
      vertex -3.905 -29.7927 1.6941
    endloop
  endfacet
  facet normal -1 0 -0
    outer loop
      vertex -3.905 -30.7271 5.18109
      vertex -3.905 -29.8024 1.69151
      vertex -3.905 -30.7367 5.1785
    endloop
  endfacet
  facet normal 0 0.257973 -0.966152
    outer loop
      vertex -3.905 -29.8024 1.69151
      vertex -3.895 -29.7927 1.6941
      vertex -3.895 -29.8024 1.69151
    endloop
  endfacet
  facet normal 0 0.257973 -0.966152
    outer loop
      vertex -3.895 -29.7927 1.6941
      vertex -3.905 -29.8024 1.69151
      vertex -3.905 -29.7927 1.6941
    endloop
  endfacet
  facet normal -0.64363 0.739532 0.197063
    outer loop
      vertex -3.905 -29.7927 1.6941
      vertex -3.02258 -29.1091 2.01079
      vertex -3.01855 -29.0992 1.9868
    endloop
  endfacet
  facet normal -0.643703 0.739196 0.198081
    outer loop
      vertex -3.905 -29.7927 1.6941
      vertex -3.01855 -29.0992 1.9868
      vertex -3.01166 -29.0822 1.94575
    endloop
  endfacet
  facet normal -0.643722 0.739181 0.198076
    outer loop
      vertex -3.02258 -29.1091 2.01079
      vertex -3.905 -29.7927 1.6941
      vertex -3.905 -30.7271 5.18109
    endloop
  endfacet
  facet normal 0.0559359 0.25842 -0.964412
    outer loop
      vertex -3.005 -30.5379 1.54521
      vertex -3 -29.0827 1.93543
      vertex -3 -30.5379 1.5455
    endloop
  endfacet
  facet normal 0.0533965 0.258464 -0.964544
    outer loop
      vertex -3.005 -30.5379 1.54521
      vertex -3.005 -29.0826 1.93518
      vertex -3 -29.0827 1.93543
    endloop
  endfacet
  facet normal 8.99521e-05 0.19603 -0.980598
    outer loop
      vertex -3.895 -29.7927 1.6941
      vertex -3.005 -30.5379 1.54521
      vertex -3.0051 -30.538 1.54519
    endloop
  endfacet
  facet normal 0.0550475 0.258441 -0.964457
    outer loop
      vertex -3.005 -30.5379 1.54521
      vertex -3.895 -29.7927 1.6941
      vertex -3.005 -29.0826 1.93518
    endloop
  endfacet
  facet normal 0.0943664 0.211963 -0.972711
    outer loop
      vertex -3.005 -29.0826 1.93518
      vertex -3.895 -29.7927 1.6941
      vertex -3.00514 -29.0824 1.93521
    endloop
  endfacet
  facet normal 0 0.321434 -0.946932
    outer loop
      vertex -3.00514 -29.0824 1.93521
      vertex -3.895 -29.7927 1.6941
      vertex -3.00516 -29.0824 1.93521
    endloop
  endfacet
  facet normal 0 1 -0
    outer loop
      vertex -3 -30.5423 1.54433
      vertex -3.00005 -30.5423 1.54434
      vertex -3 -30.5423 1.54434
    endloop
  endfacet
  facet normal 0 0.287348 -0.957826
    outer loop
      vertex -3.00005 -29.0784 1.93658
      vertex -3 -29.0783 1.93661
      vertex -3 -29.0784 1.93658
    endloop
  endfacet
  facet normal 0 0.287348 -0.957826
    outer loop
      vertex -3 -29.0783 1.93661
      vertex -3.00005 -29.0784 1.93658
      vertex -3.00012 -29.0784 1.93658
    endloop
  endfacet
  facet normal -0.0203484 -0.260424 0.96528
    outer loop
      vertex -3.905 -30.7367 5.1785
      vertex -3.02258 -30.4599 5.27178
      vertex -3.905 -30.7271 5.18109
    endloop
  endfacet
  facet normal -0.0163067 -0.272235 0.962093
    outer loop
      vertex -3.02258 -30.4599 5.27178
      vertex -3.905 -30.7367 5.1785
      vertex -3.02199 -30.4599 5.27179
    endloop
  endfacet
  facet normal 0 -0.258819 0.965926
    outer loop
      vertex -3.005 -30.46 5.27213
      vertex -3 -31.0135 5.12382
      vertex -3 -30.46 5.27213
    endloop
  endfacet
  facet normal 0 -0.258819 0.965926
    outer loop
      vertex -3 -31.0135 5.12382
      vertex -3.005 -30.46 5.27213
      vertex -3.005 -31.0135 5.12382
    endloop
  endfacet
  facet normal -0.0208487 -0.258763 0.965716
    outer loop
      vertex -3.02199 -30.4599 5.27179
      vertex -3.005 -31.0135 5.12382
      vertex -3.005 -30.46 5.27213
    endloop
  endfacet
  facet normal -0.0203369 -0.258751 0.96573
    outer loop
      vertex -3.02199 -30.4599 5.27179
      vertex -3.02257 -31.0135 5.12345
      vertex -3.005 -31.0135 5.12382
    endloop
  endfacet
  facet normal -0.0209178 -0.258747 0.965719
    outer loop
      vertex -3.02257 -31.0135 5.12345
      vertex -3.02199 -30.4599 5.27179
      vertex -3.905 -30.7367 5.1785
    endloop
  endfacet
  facet normal -0.643684 -0.739216 -0.198065
    outer loop
      vertex -3.905 -29.8024 1.69151
      vertex -3.01855 -30.5493 1.59824
      vertex -3.905 -30.7367 5.1785
    endloop
  endfacet
  facet normal -0.643777 -0.739493 -0.196725
    outer loop
      vertex -3.01855 -30.5493 1.59824
      vertex -3.905 -29.8024 1.69151
      vertex -3.01012 -30.5423 1.54434
    endloop
  endfacet
  facet normal -0 -1 -0
    outer loop
      vertex -3.00514 -30.5465 1.54406
      vertex -3.00516 -30.5465 1.54406
      vertex -3.005 -30.5465 1.5435
    endloop
  endfacet
  facet normal -0.642012 -0.744428 -0.183432
    outer loop
      vertex -3.01011 -30.5423 1.54434
      vertex -3.005 -30.5465 1.5435
      vertex -3.00516 -30.5465 1.54406
    endloop
  endfacet
  facet normal -0.0123672 0.973343 0.229022
    outer loop
      vertex -3 -29.0743 1.93796
      vertex -3.005 -29.0745 1.93854
      vertex -3 -29.0745 1.93881
    endloop
  endfacet
  facet normal 0 0.945373 0.325991
    outer loop
      vertex -3.005 -29.0745 1.93854
      vertex -3 -29.0743 1.93796
      vertex -3.005 -29.0743 1.93796
    endloop
  endfacet
  facet normal 0.000589305 0.195776 -0.980648
    outer loop
      vertex -3.895 -29.8024 1.69151
      vertex -3.0051 -30.538 1.54519
      vertex -3.00516 -30.5381 1.54517
    endloop
  endfacet
  facet normal 0.0543048 0.257592 -0.964727
    outer loop
      vertex -3.0051 -30.538 1.54519
      vertex -3.895 -29.8024 1.69151
      vertex -3.895 -29.7927 1.6941
    endloop
  endfacet
  facet normal -0.19518 0.09759 -0.9759
    outer loop
      vertex -3 -30.5424 1.54432
      vertex -3.00005 -30.5423 1.54434
      vertex -3 -30.5423 1.54433
    endloop
  endfacet
  facet normal 0 0.196116 -0.980581
    outer loop
      vertex -3.00005 -30.5423 1.54434
      vertex -3 -30.5424 1.54432
      vertex -3.00012 -30.5423 1.54434
    endloop
  endfacet
  facet normal -0.000530798 0.194473 -0.980908
    outer loop
      vertex -3.01012 -30.5423 1.54434
      vertex -3.895 -29.8024 1.69151
      vertex -3.00516 -30.5381 1.54517
    endloop
  endfacet
  facet normal 0 0.195084 -0.980787
    outer loop
      vertex -3.895 -29.8024 1.69151
      vertex -3.01012 -30.5423 1.54434
      vertex -3.905 -29.8024 1.69151
    endloop
  endfacet
  facet normal -1.5312e-12 0.196116 -0.980581
    outer loop
      vertex -3.00012 -30.5423 1.54434
      vertex -3 -30.5424 1.54432
      vertex -3 -30.5465 1.5435
    endloop
  endfacet
  facet normal 0 0.196116 -0.980581
    outer loop
      vertex -3.005 -30.5465 1.5435
      vertex -3.00012 -30.5423 1.54434
      vertex -3 -30.5465 1.5435
    endloop
  endfacet
  facet normal 0 0.196116 -0.980581
    outer loop
      vertex -3.00012 -30.5423 1.54434
      vertex -3.005 -30.5465 1.5435
      vertex -3.01011 -30.5423 1.54434
    endloop
  endfacet
  facet normal -0.304035 -0.944508 -0.12437
    outer loop
      vertex -3.905 -30.7367 5.1785
      vertex -3.02258 -30.5527 1.62398
      vertex -3.02258 -31.0135 5.12345
    endloop
  endfacet
  facet normal 0 -0.19506 0.980791
    outer loop
      vertex -3.905 -30.7367 5.1785
      vertex -3.02258 -31.0135 5.12345
      vertex -3.02257 -31.0135 5.12345
    endloop
  endfacet
  facet normal 0.204127 -0.978944 0
    outer loop
      vertex -3.905 -30.7367 5.1785
      vertex -3.02258 -30.5527 1.62397
      vertex -3.02258 -30.5527 1.62398
    endloop
  endfacet
  facet normal -0.646318 -0.736774 -0.198589
    outer loop
      vertex -3.02258 -30.5527 1.62397
      vertex -3.905 -30.7367 5.1785
      vertex -3.01855 -30.5493 1.59824
    endloop
  endfacet
  facet normal -0.568593 -0.810245 -0.142148
    outer loop
      vertex -3.005 -30.5466 1.54407
      vertex -3.00514 -30.5465 1.54406
      vertex -3.005 -30.5465 1.5435
    endloop
  endfacet
  facet normal -0 -0.984957 -0.172799
    outer loop
      vertex -3 -30.5465 1.5435
      vertex -3.005 -30.5466 1.54407
      vertex -3.005 -30.5465 1.5435
    endloop
  endfacet
  facet normal -0.00694845 -0.972783 -0.231615
    outer loop
      vertex -3.005 -30.5466 1.54407
      vertex -3 -30.5465 1.5435
      vertex -3 -30.5467 1.54434
    endloop
  endfacet
  facet normal 0 0 -1
    outer loop
      vertex -3.905 -31.305 1.495
      vertex -3.895 -31.295 1.495
      vertex -3.895 -31.305 1.495
    endloop
  endfacet
  facet normal -0 0 -1
    outer loop
      vertex -3.895 -31.295 1.495
      vertex -3.905 -31.305 1.495
      vertex -3.905 -31.295 1.495
    endloop
  endfacet
  facet normal -0.303919 0.944544 0.124375
    outer loop
      vertex -3.02258 -30.5527 1.62398
      vertex -3.905 -31.295 5.105
      vertex -3.02258 -31.0135 5.12345
    endloop
  endfacet
  facet normal -0.643735 0.765249 0
    outer loop
      vertex -3.905 -31.295 5.105
      vertex -3.02258 -30.5527 1.62398
      vertex -3.02258 -30.5527 1.62397
    endloop
  endfacet
  facet normal -0.707107 0.707107 0
    outer loop
      vertex -3.005 -30.5379 1.54462
      vertex -3.0051 -30.538 1.54519
      vertex -3.005 -30.5379 1.54521
    endloop
  endfacet
  facet normal -0.850932 0.522098 -0.0576903
    outer loop
      vertex -3.005 -30.5379 1.54462
      vertex -3.00516 -30.5381 1.54517
      vertex -3.0051 -30.538 1.54519
    endloop
  endfacet
  facet normal -0.652095 0.753438 0.0842772
    outer loop
      vertex -3.005 -30.5379 1.54462
      vertex -3.01012 -30.5423 1.54434
      vertex -3.00516 -30.5381 1.54517
    endloop
  endfacet
  facet normal -0.0755544 0.0244825 0.996841
    outer loop
      vertex -3.01012 -30.5423 1.54434
      vertex -3.005 -30.5379 1.54462
      vertex -3.905 -31.295 1.495
    endloop
  endfacet
  facet normal -0.643759 0.765228 0.000288603
    outer loop
      vertex -3.905 -31.295 1.495
      vertex -3.02258 -30.5527 1.62397
      vertex -3.01855 -30.5493 1.59824
    endloop
  endfacet
  facet normal -0.643652 0.765317 -0.00127581
    outer loop
      vertex -3.905 -31.295 1.495
      vertex -3.01855 -30.5493 1.59824
      vertex -3.01012 -30.5423 1.54434
    endloop
  endfacet
  facet normal -0.643735 0.765249 0
    outer loop
      vertex -3.02258 -30.5527 1.62397
      vertex -3.905 -31.295 1.495
      vertex -3.905 -31.295 5.105
    endloop
  endfacet
  facet normal -0.643735 -0.765249 0
    outer loop
      vertex -3.905 -31.305 1.495
      vertex -3.02258 -32.0473 1.62397
      vertex -3.905 -31.305 5.105
    endloop
  endfacet
  facet normal -0.643759 -0.765228 0.000288603
    outer loop
      vertex -3.02258 -32.0473 1.62397
      vertex -3.905 -31.305 1.495
      vertex -3.01855 -32.0507 1.59824
    endloop
  endfacet
  facet normal -0.643652 -0.765317 -0.00127581
    outer loop
      vertex -3.01855 -32.0507 1.59824
      vertex -3.905 -31.305 1.495
      vertex -3.01012 -32.0577 1.54434
    endloop
  endfacet
  facet normal 0 -1 0
    outer loop
      vertex -3.0051 -32.062 1.54519
      vertex -3.005 -32.062 1.54462
      vertex -3.005 -32.062 1.54521
    endloop
  endfacet
  facet normal -0.835041 -0.530325 -0.146498
    outer loop
      vertex -3.00516 -32.0619 1.54517
      vertex -3.005 -32.062 1.54462
      vertex -3.0051 -32.062 1.54519
    endloop
  endfacet
  facet normal -0.640894 -0.766181 -0.0471364
    outer loop
      vertex -3.01012 -32.0577 1.54434
      vertex -3.005 -32.062 1.54462
      vertex -3.00516 -32.0619 1.54517
    endloop
  endfacet
  facet normal -0.221471 -0.323606 -0.919908
    outer loop
      vertex -3.005 -32.062 1.54462
      vertex -3.01012 -32.0577 1.54434
      vertex -3.905 -31.305 1.495
    endloop
  endfacet
  facet normal -0.021054 0 0.999778
    outer loop
      vertex -3.02257 -31.0135 5.12345
      vertex -3.005 -31.5865 5.12382
      vertex -3.005 -31.0135 5.12382
    endloop
  endfacet
  facet normal -0.021054 0 0.999778
    outer loop
      vertex -3.02257 -31.0135 5.12345
      vertex -3.02257 -31.5865 5.12345
      vertex -3.005 -31.5865 5.12382
    endloop
  endfacet
  facet normal -0 0 1
    outer loop
      vertex -3.02258 -31.0135 5.12345
      vertex -3.02257 -31.5865 5.12345
      vertex -3.02257 -31.0135 5.12345
    endloop
  endfacet
  facet normal 0 0 1
    outer loop
      vertex -3.02258 -31.0135 5.12345
      vertex -3.02258 -31.5865 5.12345
      vertex -3.02257 -31.5865 5.12345
    endloop
  endfacet
  facet normal -0.0209038 0 0.999781
    outer loop
      vertex -3.905 -31.295 5.105
      vertex -3.02258 -31.5865 5.12345
      vertex -3.02258 -31.0135 5.12345
    endloop
  endfacet
  facet normal -0.0209038 0 0.999781
    outer loop
      vertex -3.02258 -31.5865 5.12345
      vertex -3.905 -31.295 5.105
      vertex -3.905 -31.305 5.105
    endloop
  endfacet
  facet normal -0.000473008 0.065964 -0.997822
    outer loop
      vertex -3.00516 -30.5465 1.54406
      vertex -3.895 -31.295 1.495
      vertex -3.01011 -30.5423 1.54434
    endloop
  endfacet
  facet normal -0.0540697 0.0648836 -0.996427
    outer loop
      vertex -3.00012 -30.5423 1.54434
      vertex -3 -30.5379 1.54462
      vertex -3 -30.5422 1.54434
    endloop
  endfacet
  facet normal 0 0.0635079 -0.997981
    outer loop
      vertex -3.00012 -30.5423 1.54434
      vertex -3.005 -30.5379 1.54462
      vertex -3 -30.5379 1.54462
    endloop
  endfacet
  facet normal 0 0.0635079 -0.997981
    outer loop
      vertex -3.01011 -30.5423 1.54434
      vertex -3.005 -30.5379 1.54462
      vertex -3.00012 -30.5423 1.54434
    endloop
  endfacet
  facet normal 0.0693257 -0.0170384 -0.997449
    outer loop
      vertex -3.01011 -30.5423 1.54434
      vertex -3.905 -31.295 1.495
      vertex -3.005 -30.5379 1.54462
    endloop
  endfacet
  facet normal 0 0.0654103 -0.997858
    outer loop
      vertex -3.905 -31.295 1.495
      vertex -3.01011 -30.5423 1.54434
      vertex -3.895 -31.295 1.495
    endloop
  endfacet
  facet normal -1 0 0
    outer loop
      vertex -3.905 -31.305 1.495
      vertex -3.905 -31.295 5.105
      vertex -3.905 -31.295 1.495
    endloop
  endfacet
  facet normal -1 -0 0
    outer loop
      vertex -3.905 -31.295 5.105
      vertex -3.905 -31.305 1.495
      vertex -3.905 -31.305 5.105
    endloop
  endfacet
  facet normal -0 0 1
    outer loop
      vertex -3.005 -31.0135 5.12382
      vertex -3 -31.5865 5.12382
      vertex -3 -31.0135 5.12382
    endloop
  endfacet
  facet normal 0 0 1
    outer loop
      vertex -3.005 -31.0135 5.12382
      vertex -3.005 -31.5865 5.12382
      vertex -3 -31.5865 5.12382
    endloop
  endfacet
  facet normal 0 1 -0
    outer loop
      vertex -3 -30.5379 1.54462
      vertex -3.005 -30.5379 1.54521
      vertex -3 -30.5379 1.5455
    endloop
  endfacet
  facet normal 0 1 0
    outer loop
      vertex -3.005 -30.5379 1.54521
      vertex -3 -30.5379 1.54462
      vertex -3.005 -30.5379 1.54462
    endloop
  endfacet
  facet normal -0.303919 -0.944544 0.124375
    outer loop
      vertex -3.905 -31.305 5.105
      vertex -3.02258 -32.0473 1.62398
      vertex -3.02258 -31.5865 5.12345
    endloop
  endfacet
  facet normal -0.643735 -0.765249 -0
    outer loop
      vertex -3.02258 -32.0473 1.62398
      vertex -3.905 -31.305 5.105
      vertex -3.02258 -32.0473 1.62397
    endloop
  endfacet
  facet normal 0.0539214 0 -0.998545
    outer loop
      vertex -3.005 -32.0534 1.54407
      vertex -3 -30.5467 1.54434
      vertex -3 -32.0533 1.54434
    endloop
  endfacet
  facet normal 0.0539214 0 -0.998545
    outer loop
      vertex -3.005 -32.0534 1.54407
      vertex -3.005 -30.5466 1.54407
      vertex -3 -30.5467 1.54434
    endloop
  endfacet
  facet normal 0.0638111 0.0104551 -0.997907
    outer loop
      vertex -3.895 -31.305 1.495
      vertex -3.005 -32.0534 1.54407
      vertex -3.00514 -32.0535 1.54406
    endloop
  endfacet
  facet normal 0.0550512 0 -0.998484
    outer loop
      vertex -3.005 -32.0534 1.54407
      vertex -3.895 -31.305 1.495
      vertex -3.005 -30.5466 1.54407
    endloop
  endfacet
  facet normal 0 -0.0654041 -0.997859
    outer loop
      vertex -3.895 -31.305 1.495
      vertex -3.00514 -32.0535 1.54406
      vertex -3.00516 -32.0535 1.54406
    endloop
  endfacet
  facet normal 0.0550512 0 -0.998484
    outer loop
      vertex -3.895 -31.295 1.495
      vertex -3.005 -30.5466 1.54407
      vertex -3.895 -31.305 1.495
    endloop
  endfacet
  facet normal 0.0638111 -0.0104551 -0.997907
    outer loop
      vertex -3.005 -30.5466 1.54407
      vertex -3.895 -31.295 1.495
      vertex -3.00514 -30.5465 1.54406
    endloop
  endfacet
  facet normal 0 0.0654041 -0.997859
    outer loop
      vertex -3.00514 -30.5465 1.54406
      vertex -3.895 -31.295 1.495
      vertex -3.00516 -30.5465 1.54406
    endloop
  endfacet
  facet normal 0 0 -1
    outer loop
      vertex -3 -32.0578 1.54434
      vertex -3.00005 -32.0577 1.54434
      vertex -3 -32.0577 1.54434
    endloop
  endfacet
  facet normal -0 -0 -1
    outer loop
      vertex -3.00005 -32.0577 1.54434
      vertex -3 -32.0578 1.54434
      vertex -3.00012 -32.0577 1.54434
    endloop
  endfacet
  facet normal 0 0 -1
    outer loop
      vertex -3.00005 -30.5423 1.54434
      vertex -3 -30.5422 1.54434
      vertex -3 -30.5423 1.54434
    endloop
  endfacet
  facet normal 0 0 -1
    outer loop
      vertex -3.00012 -30.5423 1.54434
      vertex -3 -30.5422 1.54434
      vertex -3.00005 -30.5423 1.54434
    endloop
  endfacet
  facet normal -0.0553475 -0.066417 -0.996256
    outer loop
      vertex -3 -32.062 1.54462
      vertex -3.00012 -32.0577 1.54434
      vertex -3 -32.0578 1.54434
    endloop
  endfacet
  facet normal 0 -0.0649787 -0.997887
    outer loop
      vertex -3.005 -32.062 1.54462
      vertex -3.00012 -32.0577 1.54434
      vertex -3 -32.062 1.54462
    endloop
  endfacet
  facet normal 0 -0.0649787 -0.997887
    outer loop
      vertex -3.005 -32.062 1.54462
      vertex -3.01011 -32.0577 1.54434
      vertex -3.00012 -32.0577 1.54434
    endloop
  endfacet
  facet normal 0 -0.0654103 -0.997858
    outer loop
      vertex -3.01011 -32.0577 1.54434
      vertex -3.905 -31.305 1.495
      vertex -3.895 -31.305 1.495
    endloop
  endfacet
  facet normal 0.516935 0.572894 -0.636059
    outer loop
      vertex -3.905 -31.305 1.495
      vertex -3.01011 -32.0577 1.54434
      vertex -3.005 -32.062 1.54462
    endloop
  endfacet
  facet normal -0.000473008 -0.065964 -0.997822
    outer loop
      vertex -3.00516 -32.0535 1.54406
      vertex -3.01011 -32.0577 1.54434
      vertex -3.895 -31.305 1.495
    endloop
  endfacet
  facet normal 0 -1 0
    outer loop
      vertex -3 -32.062 1.54462
      vertex -3.005 -32.062 1.54521
      vertex -3.005 -32.062 1.54462
    endloop
  endfacet
  facet normal 0 -1 0
    outer loop
      vertex -3.005 -32.062 1.54521
      vertex -3 -32.062 1.54462
      vertex -3 -32.062 1.5455
    endloop
  endfacet
  facet normal 0.204127 0.978944 -0
    outer loop
      vertex -3.02258 -32.0473 1.62397
      vertex -3.905 -31.8633 5.1785
      vertex -3.02258 -32.0473 1.62398
    endloop
  endfacet
  facet normal -0.646318 0.736774 -0.198589
    outer loop
      vertex -3.905 -31.8633 5.1785
      vertex -3.02258 -32.0473 1.62397
      vertex -3.01855 -32.0507 1.59824
    endloop
  endfacet
  facet normal -0.568593 0.810245 -0.142148
    outer loop
      vertex -3.005 -32.0535 1.5435
      vertex -3.00514 -32.0535 1.54406
      vertex -3.005 -32.0534 1.54407
    endloop
  endfacet
  facet normal -0 0.19506 0.980791
    outer loop
      vertex -3.02258 -31.5865 5.12345
      vertex -3.905 -31.8633 5.1785
      vertex -3.02257 -31.5865 5.12345
    endloop
  endfacet
  facet normal -0.304035 0.944508 -0.12437
    outer loop
      vertex -3.905 -31.8633 5.1785
      vertex -3.02258 -31.5865 5.12345
      vertex -3.02258 -32.0473 1.62398
    endloop
  endfacet
  facet normal -0.643708 -0.73916 0.1982
    outer loop
      vertex -3.01166 -33.5178 1.94575
      vertex -3.905 -32.8073 1.6941
      vertex -3.01012 -33.5216 1.93658
    endloop
  endfacet
  facet normal -0.160872 -0.93306 0.321745
    outer loop
      vertex -3.0051 -33.5255 1.93849
      vertex -3.005 -33.5257 1.93796
      vertex -3.005 -33.5255 1.93854
    endloop
  endfacet
  facet normal -0.860966 -0.507824 0.0291853
    outer loop
      vertex -3.00516 -33.5254 1.93846
      vertex -3.005 -33.5257 1.93796
      vertex -3.0051 -33.5255 1.93849
    endloop
  endfacet
  facet normal -0.646065 -0.72782 0.229951
    outer loop
      vertex -3.005 -33.5257 1.93796
      vertex -3.00516 -33.5254 1.93846
      vertex -3.01011 -33.5216 1.93658
    endloop
  endfacet
  facet normal -0.0163067 0.272235 0.962093
    outer loop
      vertex -3.905 -31.8633 5.1785
      vertex -3.02258 -32.1401 5.27178
      vertex -3.02199 -32.1401 5.27179
    endloop
  endfacet
  facet normal -0.0203484 0.260424 0.96528
    outer loop
      vertex -3.02258 -32.1401 5.27178
      vertex -3.905 -31.8633 5.1785
      vertex -3.905 -31.8729 5.18109
    endloop
  endfacet
  facet normal -1 0 0
    outer loop
      vertex -3.905 -32.7976 1.69151
      vertex -3.905 -31.8729 5.18109
      vertex -3.905 -31.8633 5.1785
    endloop
  endfacet
  facet normal -1 0 0
    outer loop
      vertex -3.905 -31.8729 5.18109
      vertex -3.905 -32.7976 1.69151
      vertex -3.905 -32.8073 1.6941
    endloop
  endfacet
  facet normal 0.0543048 -0.257592 -0.964727
    outer loop
      vertex -3.895 -32.7976 1.69151
      vertex -3.0051 -32.062 1.54519
      vertex -3.895 -32.8073 1.6941
    endloop
  endfacet
  facet normal 0.000589305 -0.195776 -0.980648
    outer loop
      vertex -3.0051 -32.062 1.54519
      vertex -3.895 -32.7976 1.69151
      vertex -3.00516 -32.0619 1.54517
    endloop
  endfacet
  facet normal -0.19518 -0.09759 -0.9759
    outer loop
      vertex -3.00005 -32.0577 1.54434
      vertex -3 -32.0576 1.54432
      vertex -3 -32.0577 1.54433
    endloop
  endfacet
  facet normal 0 -0.196116 -0.980581
    outer loop
      vertex -3 -32.0576 1.54432
      vertex -3.00005 -32.0577 1.54434
      vertex -3.00012 -32.0577 1.54434
    endloop
  endfacet
  facet normal -0.643684 0.739216 -0.198065
    outer loop
      vertex -3.01855 -32.0507 1.59824
      vertex -3.905 -32.7976 1.69151
      vertex -3.905 -31.8633 5.1785
    endloop
  endfacet
  facet normal -0.643777 0.739493 -0.196725
    outer loop
      vertex -3.905 -32.7976 1.69151
      vertex -3.01855 -32.0507 1.59824
      vertex -3.01012 -32.0577 1.54434
    endloop
  endfacet
  facet normal 0 1 0
    outer loop
      vertex -3.00514 -32.0535 1.54406
      vertex -3.005 -32.0535 1.5435
      vertex -3.00516 -32.0535 1.54406
    endloop
  endfacet
  facet normal -0.642012 0.744428 -0.183432
    outer loop
      vertex -3.01011 -32.0577 1.54434
      vertex -3.00516 -32.0535 1.54406
      vertex -3.005 -32.0535 1.5435
    endloop
  endfacet
  facet normal -0.000530798 -0.194473 -0.980908
    outer loop
      vertex -3.895 -32.7976 1.69151
      vertex -3.01012 -32.0577 1.54434
      vertex -3.00516 -32.0619 1.54517
    endloop
  endfacet
  facet normal 0 -0.195084 -0.980787
    outer loop
      vertex -3.01012 -32.0577 1.54434
      vertex -3.895 -32.7976 1.69151
      vertex -3.905 -32.7976 1.69151
    endloop
  endfacet
  facet normal -7.33743e-12 -0.196116 -0.980581
    outer loop
      vertex -3 -32.0576 1.54432
      vertex -3.00012 -32.0577 1.54434
      vertex -3 -32.0535 1.5435
    endloop
  endfacet
  facet normal 0 -0.196116 -0.980581
    outer loop
      vertex -3.00012 -32.0577 1.54434
      vertex -3.005 -32.0535 1.5435
      vertex -3 -32.0535 1.5435
    endloop
  endfacet
  facet normal 0 -0.196116 -0.980581
    outer loop
      vertex -3.005 -32.0535 1.5435
      vertex -3.00012 -32.0577 1.54434
      vertex -3.01011 -32.0577 1.54434
    endloop
  endfacet
  facet normal 0.0533964 -0.258448 -0.964548
    outer loop
      vertex -3.005 -32.062 1.54521
      vertex -3 -33.5173 1.93543
      vertex -3.005 -33.5174 1.93518
    endloop
  endfacet
  facet normal 0.0559361 -0.258404 -0.964416
    outer loop
      vertex -3 -33.5173 1.93543
      vertex -3.005 -32.062 1.54521
      vertex -3 -32.062 1.5455
    endloop
  endfacet
  facet normal 0.0550619 -0.258424 -0.964461
    outer loop
      vertex -3.895 -32.8073 1.6941
      vertex -3.005 -32.062 1.54521
      vertex -3.005 -33.5174 1.93518
    endloop
  endfacet
  facet normal 0.0943664 -0.211963 -0.972711
    outer loop
      vertex -3.895 -32.8073 1.6941
      vertex -3.005 -33.5174 1.93518
      vertex -3.00514 -33.5176 1.93521
    endloop
  endfacet
  facet normal 0 -0.321434 -0.946932
    outer loop
      vertex -3.895 -32.8073 1.6941
      vertex -3.00514 -33.5176 1.93521
      vertex -3.00516 -33.5176 1.93521
    endloop
  endfacet
  facet normal 0.18016 -0.395093 -0.900802
    outer loop
      vertex -3.005 -32.062 1.54521
      vertex -3.895 -32.8073 1.6941
      vertex -3.0051 -32.062 1.54519
    endloop
  endfacet
  facet normal 0 -0.287348 -0.957826
    outer loop
      vertex -3 -33.5217 1.93661
      vertex -3.00005 -33.5216 1.93658
      vertex -3 -33.5216 1.93658
    endloop
  endfacet
  facet normal -0 -0.287348 -0.957826
    outer loop
      vertex -3.00005 -33.5216 1.93658
      vertex -3 -33.5217 1.93661
      vertex -3.00012 -33.5216 1.93658
    endloop
  endfacet
  facet normal -0 -1 -0
    outer loop
      vertex -3 -32.0577 1.54434
      vertex -3.00005 -32.0577 1.54434
      vertex -3 -32.0577 1.54433
    endloop
  endfacet
  facet normal -0 0.258819 0.965926
    outer loop
      vertex -3.005 -31.5865 5.12382
      vertex -3 -32.14 5.27213
      vertex -3 -31.5865 5.12382
    endloop
  endfacet
  facet normal 0 0.258819 0.965926
    outer loop
      vertex -3 -32.14 5.27213
      vertex -3.005 -31.5865 5.12382
      vertex -3.005 -32.14 5.27213
    endloop
  endfacet
  facet normal -0.00694845 0.972783 -0.231615
    outer loop
      vertex -3 -32.0535 1.5435
      vertex -3.005 -32.0534 1.54407
      vertex -3 -32.0533 1.54434
    endloop
  endfacet
  facet normal 0 0.984957 -0.172799
    outer loop
      vertex -3.005 -32.0534 1.54407
      vertex -3 -32.0535 1.5435
      vertex -3.005 -32.0535 1.5435
    endloop
  endfacet
  facet normal 0 -0.257973 -0.966152
    outer loop
      vertex -3.905 -32.8073 1.6941
      vertex -3.895 -32.7976 1.69151
      vertex -3.895 -32.8073 1.6941
    endloop
  endfacet
  facet normal -0 -0.257973 -0.966152
    outer loop
      vertex -3.895 -32.7976 1.69151
      vertex -3.905 -32.8073 1.6941
      vertex -3.905 -32.7976 1.69151
    endloop
  endfacet
  facet normal -0.643722 -0.739181 0.198076
    outer loop
      vertex -3.905 -32.8073 1.6941
      vertex -3.02258 -33.4909 2.01079
      vertex -3.905 -31.8729 5.18109
    endloop
  endfacet
  facet normal -0.64363 -0.739532 0.197063
    outer loop
      vertex -3.02258 -33.4909 2.01079
      vertex -3.905 -32.8073 1.6941
      vertex -3.01855 -33.5008 1.9868
    endloop
  endfacet
  facet normal -0.643703 -0.739196 0.198081
    outer loop
      vertex -3.01855 -33.5008 1.9868
      vertex -3.905 -32.8073 1.6941
      vertex -3.01166 -33.5178 1.94575
    endloop
  endfacet
  facet normal -0.303984 -0.880154 0.364586
    outer loop
      vertex -3.02258 -32.1401 5.27178
      vertex -3.905 -31.8729 5.18109
      vertex -3.02258 -33.4909 2.01079
    endloop
  endfacet
  facet normal -0.00115878 -0.322735 -0.946489
    outer loop
      vertex -3.01012 -33.5216 1.93658
      vertex -3.895 -32.8073 1.6941
      vertex -3.00516 -33.5176 1.93521
    endloop
  endfacet
  facet normal -0 -0.321449 -0.946927
    outer loop
      vertex -3.895 -32.8073 1.6941
      vertex -3.01012 -33.5216 1.93658
      vertex -3.905 -32.8073 1.6941
    endloop
  endfacet
  facet normal -0.0295962 -0.319639 -0.947077
    outer loop
      vertex -3.00012 -33.5216 1.93658
      vertex -3 -33.5217 1.93661
      vertex -3 -33.5257 1.93796
    endloop
  endfacet
  facet normal 0 -0.319 -0.947755
    outer loop
      vertex -3.005 -33.5257 1.93796
      vertex -3.00012 -33.5216 1.93658
      vertex -3 -33.5257 1.93796
    endloop
  endfacet
  facet normal -0 -0.319 -0.947755
    outer loop
      vertex -3.00012 -33.5216 1.93658
      vertex -3.005 -33.5257 1.93796
      vertex -3.01011 -33.5216 1.93658
    endloop
  endfacet
  facet normal -0.0208487 0.258763 0.965716
    outer loop
      vertex -3.005 -31.5865 5.12382
      vertex -3.02199 -32.1401 5.27179
      vertex -3.005 -32.14 5.27213
    endloop
  endfacet
  facet normal -0.0203369 0.258751 0.96573
    outer loop
      vertex -3.02257 -31.5865 5.12345
      vertex -3.02199 -32.1401 5.27179
      vertex -3.005 -31.5865 5.12382
    endloop
  endfacet
  facet normal -0.0209178 0.258747 0.965719
    outer loop
      vertex -3.02199 -32.1401 5.27179
      vertex -3.02257 -31.5865 5.12345
      vertex -3.905 -31.8633 5.1785
    endloop
  endfacet
  facet normal 0 -0.945373 0.325991
    outer loop
      vertex -3 -33.5257 1.93796
      vertex -3.005 -33.5255 1.93854
      vertex -3.005 -33.5257 1.93796
    endloop
  endfacet
  facet normal -0.0123672 -0.973343 0.229022
    outer loop
      vertex -3.005 -33.5255 1.93854
      vertex -3 -33.5257 1.93796
      vertex -3 -33.5255 1.93881
    endloop
  endfacet
  facet normal -0.637999 0.668101 -0.382882
    outer loop
      vertex -3.01855 -33.5008 1.9868
      vertex -3.905 -32.3932 5.39658
      vertex -3.02258 -33.4909 2.01079
    endloop
  endfacet
  facet normal -0.801429 0.515514 -0.303243
    outer loop
      vertex -3.005 -33.5177 1.93467
      vertex -3.00514 -33.5176 1.93521
      vertex -3.005 -33.5174 1.93518
    endloop
  endfacet
  facet normal -0.30401 0.880146 -0.364583
    outer loop
      vertex -3.02258 -33.4909 2.01079
      vertex -3.905 -32.3932 5.39658
      vertex -3.02258 -32.1401 5.27178
    endloop
  endfacet
  facet normal -0.643861 -0.660811 0.385711
    outer loop
      vertex -3.01166 -34.828 2.7022
      vertex -3.905 -34.2068 2.27522
      vertex -3.01012 -34.8341 2.69432
    endloop
  endfacet
  facet normal -0.302083 -0.821666 0.483333
    outer loop
      vertex -3.00516 -34.8373 2.69713
      vertex -3.005 -34.8376 2.69672
      vertex -3.005 -34.8373 2.69723
    endloop
  endfacet
  facet normal -0.629034 -0.723638 0.284014
    outer loop
      vertex -3.005 -34.8376 2.69672
      vertex -3.00516 -34.8373 2.69713
      vertex -3.01011 -34.8341 2.69432
    endloop
  endfacet
  facet normal -0 0.500012 0.866019
    outer loop
      vertex -3.005 -32.14 5.27213
      vertex -3 -32.6362 5.55862
      vertex -3 -32.14 5.27213
    endloop
  endfacet
  facet normal 0 0.500012 0.866019
    outer loop
      vertex -3.005 -32.14 5.27213
      vertex -3.005 -32.6362 5.55862
      vertex -3 -32.6362 5.55862
    endloop
  endfacet
  facet normal -1 0 0
    outer loop
      vertex -3.905 -34.1982 2.27022
      vertex -3.905 -32.4018 5.40158
      vertex -3.905 -32.3932 5.39658
    endloop
  endfacet
  facet normal -1 0 0
    outer loop
      vertex -3.905 -32.4018 5.40158
      vertex -3.905 -34.1982 2.27022
      vertex -3.905 -34.2068 2.27522
    endloop
  endfacet
  facet normal 0.0575847 -0.501786 -0.863073
    outer loop
      vertex -3.895 -34.1982 2.27022
      vertex -3.0051 -33.5255 1.93849
      vertex -3.895 -34.2068 2.27522
    endloop
  endfacet
  facet normal -0.0940749 -0.337436 -0.936636
    outer loop
      vertex -3.0051 -33.5255 1.93849
      vertex -3.895 -34.1982 2.27022
      vertex -3.00516 -33.5254 1.93846
    endloop
  endfacet
  facet normal -0.357771 -0.268328 -0.894427
    outer loop
      vertex -3.00005 -33.5216 1.93658
      vertex -3 -33.5215 1.93653
      vertex -3 -33.5216 1.93656
    endloop
  endfacet
  facet normal 0 -0.447214 -0.894427
    outer loop
      vertex -3 -33.5215 1.93653
      vertex -3.00005 -33.5216 1.93658
      vertex -3.00012 -33.5216 1.93658
    endloop
  endfacet
  facet normal -0.303962 -0.755806 0.579969
    outer loop
      vertex -3.905 -32.4018 5.40158
      vertex -3.02258 -34.7852 2.75805
      vertex -3.02258 -32.6364 5.55833
    endloop
  endfacet
  facet normal -0.643728 0.66273 -0.382627
    outer loop
      vertex -3.01855 -33.5008 1.9868
      vertex -3.905 -34.1982 2.27022
      vertex -3.905 -32.3932 5.39658
    endloop
  endfacet
  facet normal -0.643735 0.662782 -0.382524
    outer loop
      vertex -3.01166 -33.5178 1.94575
      vertex -3.905 -34.1982 2.27022
      vertex -3.01855 -33.5008 1.9868
    endloop
  endfacet
  facet normal -0.643727 0.662679 -0.382717
    outer loop
      vertex -3.01012 -33.5216 1.93658
      vertex -3.905 -34.1982 2.27022
      vertex -3.01166 -33.5178 1.94575
    endloop
  endfacet
  facet normal 0.325115 0.0359857 0.94499
    outer loop
      vertex -3.01012 -33.5216 1.93658
      vertex -3.005 -33.5177 1.93467
      vertex -3.905 -34.1982 2.27022
    endloop
  endfacet
  facet normal -0.646738 0.692406 -0.319849
    outer loop
      vertex -3.00516 -33.5176 1.93521
      vertex -3.005 -33.5177 1.93467
      vertex -3.01012 -33.5216 1.93658
    endloop
  endfacet
  facet normal 0 0.983282 -0.182089
    outer loop
      vertex -3.005 -33.5177 1.93467
      vertex -3.00516 -33.5176 1.93521
      vertex -3.00514 -33.5176 1.93521
    endloop
  endfacet
  facet normal 0.000557854 -0.442852 -0.896595
    outer loop
      vertex -3.00516 -33.5254 1.93846
      vertex -3.895 -34.1982 2.27022
      vertex -3.01011 -33.5216 1.93658
    endloop
  endfacet
  facet normal -0.0078785 -0.43962 -0.898149
    outer loop
      vertex -3.00012 -33.5216 1.93658
      vertex -3 -33.5177 1.93467
      vertex -3 -33.5215 1.93653
    endloop
  endfacet
  facet normal 0 -0.43983 -0.898081
    outer loop
      vertex -3.00012 -33.5216 1.93658
      vertex -3.005 -33.5177 1.93467
      vertex -3 -33.5177 1.93467
    endloop
  endfacet
  facet normal 0 -0.43983 -0.898081
    outer loop
      vertex -3.01011 -33.5216 1.93658
      vertex -3.005 -33.5177 1.93467
      vertex -3.00012 -33.5216 1.93658
    endloop
  endfacet
  facet normal -0.26062 -0.127217 -0.957023
    outer loop
      vertex -3.01011 -33.5216 1.93658
      vertex -3.905 -34.1982 2.27022
      vertex -3.005 -33.5177 1.93467
    endloop
  endfacet
  facet normal 0 -0.442265 -0.896884
    outer loop
      vertex -3.905 -34.1982 2.27022
      vertex -3.01011 -33.5216 1.93658
      vertex -3.895 -34.1982 2.27022
    endloop
  endfacet
  facet normal 0.0545594 -0.499243 -0.864742
    outer loop
      vertex -3.005 -33.5255 1.93854
      vertex -3 -34.8302 2.6921
      vertex -3.005 -34.8304 2.6919
    endloop
  endfacet
  facet normal 0.046714 -0.499465 -0.865074
    outer loop
      vertex -3 -34.8302 2.6921
      vertex -3.005 -33.5255 1.93854
      vertex -3 -33.5255 1.93881
    endloop
  endfacet
  facet normal 0.0550467 -0.49923 -0.864719
    outer loop
      vertex -3.895 -34.2068 2.27522
      vertex -3.005 -33.5255 1.93854
      vertex -3.005 -34.8304 2.6919
    endloop
  endfacet
  facet normal 0.019002 -0.536583 -0.843633
    outer loop
      vertex -3.895 -34.2068 2.27522
      vertex -3.005 -34.8304 2.6919
      vertex -3.00516 -34.8305 2.69196
    endloop
  endfacet
  facet normal 0.312111 -0.716193 -0.624223
    outer loop
      vertex -3.005 -33.5255 1.93854
      vertex -3.895 -34.2068 2.27522
      vertex -3.0051 -33.5255 1.93849
    endloop
  endfacet
  facet normal -0 -1 -0
    outer loop
      vertex -3 -33.5216 1.93658
      vertex -3.00005 -33.5216 1.93658
      vertex -3 -33.5216 1.93656
    endloop
  endfacet
  facet normal 0 -1 -0
    outer loop
      vertex -3 -34.8341 2.69438
      vertex -3.00012 -34.8341 2.69432
      vertex -3 -34.8341 2.69433
    endloop
  endfacet
  facet normal -0.0218922 0.5025 0.8643
    outer loop
      vertex -3.905 -32.4018 5.40158
      vertex -3.02258 -32.1401 5.27178
      vertex -3.905 -32.3932 5.39658
    endloop
  endfacet
  facet normal -0.0148298 0.483972 0.874958
    outer loop
      vertex -3.02258 -32.1401 5.27178
      vertex -3.905 -32.4018 5.40158
      vertex -3.02199 -32.1401 5.27179
    endloop
  endfacet
  facet normal 0.00558887 0.884904 -0.465739
    outer loop
      vertex -3 -33.5177 1.93467
      vertex -3.005 -33.5174 1.93518
      vertex -3 -33.5173 1.93543
    endloop
  endfacet
  facet normal 0 0.861934 -0.50702
    outer loop
      vertex -3.005 -33.5174 1.93518
      vertex -3 -33.5177 1.93467
      vertex -3.005 -33.5177 1.93467
    endloop
  endfacet
  facet normal 0 -0.50262 -0.864507
    outer loop
      vertex -3.905 -34.2068 2.27522
      vertex -3.895 -34.1982 2.27022
      vertex -3.895 -34.2068 2.27522
    endloop
  endfacet
  facet normal -0 -0.50262 -0.864507
    outer loop
      vertex -3.895 -34.1982 2.27022
      vertex -3.905 -34.2068 2.27522
      vertex -3.905 -34.1982 2.27022
    endloop
  endfacet
  facet normal -0.643747 -0.662717 0.382619
    outer loop
      vertex -3.905 -34.2068 2.27522
      vertex -3.02258 -34.7852 2.75805
      vertex -3.905 -32.4018 5.40158
    endloop
  endfacet
  facet normal -0.643705 -0.66299 0.382215
    outer loop
      vertex -3.02258 -34.7852 2.75805
      vertex -3.905 -34.2068 2.27522
      vertex -3.01166 -34.828 2.7022
    endloop
  endfacet
  facet normal -0.0202694 0.499909 0.865841
    outer loop
      vertex -3.02199 -32.1401 5.27179
      vertex -3.005 -32.6362 5.55862
      vertex -3.005 -32.14 5.27213
    endloop
  endfacet
  facet normal -0.0199703 0.499919 0.865842
    outer loop
      vertex -3.02199 -32.1401 5.27179
      vertex -3.02258 -32.6364 5.55833
      vertex -3.005 -32.6362 5.55862
    endloop
  endfacet
  facet normal -0.0208959 0.499911 0.865825
    outer loop
      vertex -3.02258 -32.6364 5.55833
      vertex -3.02199 -32.1401 5.27179
      vertex -3.905 -32.4018 5.40158
    endloop
  endfacet
  facet normal 0.383823 -0.513226 -0.767645
    outer loop
      vertex -3.00012 -34.8341 2.69432
      vertex -3 -34.8341 2.69438
      vertex -3 -34.8376 2.69672
    endloop
  endfacet
  facet normal 0 -0.565528 -0.824729
    outer loop
      vertex -3.005 -34.8376 2.69672
      vertex -3.00012 -34.8341 2.69432
      vertex -3 -34.8376 2.69672
    endloop
  endfacet
  facet normal -0 -0.565528 -0.824729
    outer loop
      vertex -3.00012 -34.8341 2.69432
      vertex -3.005 -34.8376 2.69672
      vertex -3.01011 -34.8341 2.69432
    endloop
  endfacet
  facet normal 0.0037521 -0.551857 -0.83393
    outer loop
      vertex -3.01012 -34.8341 2.69432
      vertex -3.895 -34.2068 2.27522
      vertex -3.00516 -34.8305 2.69196
    endloop
  endfacet
  facet normal -0 -0.555526 -0.831499
    outer loop
      vertex -3.895 -34.2068 2.27522
      vertex -3.01012 -34.8341 2.69432
      vertex -3.905 -34.2068 2.27522
    endloop
  endfacet
  facet normal 0 -0.861934 0.50702
    outer loop
      vertex -3 -34.8376 2.69672
      vertex -3.005 -34.8373 2.69723
      vertex -3.005 -34.8376 2.69672
    endloop
  endfacet
  facet normal -0.00558887 -0.884904 0.465739
    outer loop
      vertex -3.005 -34.8373 2.69723
      vertex -3 -34.8376 2.69672
      vertex -3 -34.8372 2.69748
    endloop
  endfacet
  facet normal 0 -0.705608 -0.708602
    outer loop
      vertex -3.905 -35.4012 3.19171
      vertex -3.895 -35.4083 3.19878
      vertex -3.905 -35.4083 3.19878
    endloop
  endfacet
  facet normal 0 -0.705608 -0.708602
    outer loop
      vertex -3.895 -35.4083 3.19878
      vertex -3.905 -35.4012 3.19171
      vertex -3.895 -35.4012 3.19171
    endloop
  endfacet
  facet normal -0.304021 0.755791 -0.579958
    outer loop
      vertex -3.905 -32.8486 5.74437
      vertex -3.02258 -32.6364 5.55833
      vertex -3.02258 -34.7852 2.75805
    endloop
  endfacet
  facet normal -0.579576 0.590113 -0.562013
    outer loop
      vertex -3.005 -34.8308 2.69148
      vertex -3.00516 -34.8305 2.69196
      vertex -3.005 -34.8304 2.6919
    endloop
  endfacet
  facet normal -0.646288 0.531463 -0.547594
    outer loop
      vertex -3.00516 -34.8305 2.69196
      vertex -3.005 -34.8308 2.69148
      vertex -3.01012 -34.8341 2.69432
    endloop
  endfacet
  facet normal -0.643734 0.541437 -0.540789
    outer loop
      vertex -3.905 -35.4012 3.19171
      vertex -3.02258 -34.7852 2.75805
      vertex -3.01166 -34.828 2.7022
    endloop
  endfacet
  facet normal -0.643604 0.539195 -0.543178
    outer loop
      vertex -3.905 -35.4012 3.19171
      vertex -3.01166 -34.828 2.7022
      vertex -3.01012 -34.8341 2.69432
    endloop
  endfacet
  facet normal -0.643696 0.541142 -0.54113
    outer loop
      vertex -3.02258 -34.7852 2.75805
      vertex -3.905 -35.4012 3.19171
      vertex -3.905 -32.8486 5.74437
    endloop
  endfacet
  facet normal 0.52612 -0.0883768 0.845806
    outer loop
      vertex -3.01012 -34.8341 2.69432
      vertex -3.005 -34.8308 2.69148
      vertex -3.905 -35.4012 3.19171
    endloop
  endfacet
  facet normal -0.643695 -0.541132 0.54114
    outer loop
      vertex -3.905 -35.4083 3.19878
      vertex -3.02258 -35.8419 3.81484
      vertex -3.905 -32.8556 5.75144
    endloop
  endfacet
  facet normal -0.643727 -0.540847 0.541387
    outer loop
      vertex -3.905 -35.4083 3.19878
      vertex -3.01166 -35.8978 3.77198
      vertex -3.02258 -35.8419 3.81484
    endloop
  endfacet
  facet normal -0.643771 -0.540012 0.542167
    outer loop
      vertex -3.905 -35.4083 3.19878
      vertex -3.01012 -35.9057 3.76594
      vertex -3.01166 -35.8978 3.77198
    endloop
  endfacet
  facet normal -0.711635 -0.508743 0.484517
    outer loop
      vertex -3.00516 -35.908 3.76947
      vertex -3.005 -35.9085 3.76918
      vertex -3.005 -35.9081 3.7696
    endloop
  endfacet
  facet normal -0.641156 -0.52811 0.556793
    outer loop
      vertex -3.01012 -35.9057 3.76594
      vertex -3.005 -35.9085 3.76918
      vertex -3.00516 -35.908 3.76947
    endloop
  endfacet
  facet normal 0.495319 -0.0936407 -0.86365
    outer loop
      vertex -3.005 -35.9085 3.76918
      vertex -3.01012 -35.9057 3.76594
      vertex -3.905 -35.4083 3.19878
    endloop
  endfacet
  facet normal -1 0 0
    outer loop
      vertex -3.905 -35.4012 3.19171
      vertex -3.905 -32.8556 5.75144
      vertex -3.905 -32.8486 5.74437
    endloop
  endfacet
  facet normal -1 0 0
    outer loop
      vertex -3.905 -32.8556 5.75144
      vertex -3.905 -35.4012 3.19171
      vertex -3.905 -35.4083 3.19878
    endloop
  endfacet
  facet normal 0.000253655 -0.659612 -0.751606
    outer loop
      vertex -3.00516 -34.8373 2.69713
      vertex -3.895 -35.4012 3.19171
      vertex -3.01011 -34.8341 2.69432
    endloop
  endfacet
  facet normal 0.166703 -0.646651 -0.744347
    outer loop
      vertex -3.00012 -34.8341 2.69432
      vertex -3 -34.8308 2.69148
      vertex -3 -34.834 2.69426
    endloop
  endfacet
  facet normal 0 -0.652303 -0.757958
    outer loop
      vertex -3.00012 -34.8341 2.69432
      vertex -3.005 -34.8308 2.69148
      vertex -3 -34.8308 2.69148
    endloop
  endfacet
  facet normal 0 -0.652303 -0.757958
    outer loop
      vertex -3.01011 -34.8341 2.69432
      vertex -3.005 -34.8308 2.69148
      vertex -3.00012 -34.8341 2.69432
    endloop
  endfacet
  facet normal -0.487153 0.00277059 -0.873312
    outer loop
      vertex -3.01011 -34.8341 2.69432
      vertex -3.905 -35.4012 3.19171
      vertex -3.005 -34.8308 2.69148
    endloop
  endfacet
  facet normal 0 -0.659388 -0.751803
    outer loop
      vertex -3.905 -35.4012 3.19171
      vertex -3.01011 -34.8341 2.69432
      vertex -3.895 -35.4012 3.19171
    endloop
  endfacet
  facet normal -0.000927228 0.718602 -0.695421
    outer loop
      vertex -3 -34.8308 2.69148
      vertex -3.005 -34.8304 2.6919
      vertex -3 -34.8302 2.6921
    endloop
  endfacet
  facet normal 0 0.724138 -0.689655
    outer loop
      vertex -3.005 -34.8304 2.6919
      vertex -3 -34.8308 2.69148
      vertex -3.005 -34.8308 2.69148
    endloop
  endfacet
  facet normal -0.304002 -0.57996 0.755797
    outer loop
      vertex -3.02258 -33.0417 5.96357
      vertex -3.905 -32.8556 5.75144
      vertex -3.02258 -35.8419 3.81484
    endloop
  endfacet
  facet normal 0.0681108 -0.572131 -0.817329
    outer loop
      vertex -3.00012 -34.8341 2.69432
      vertex -3 -34.834 2.69426
      vertex -3 -34.8341 2.69433
    endloop
  endfacet
  facet normal 0 -1 -0
    outer loop
      vertex -3 -35.9057 3.76602
      vertex -3.00012 -35.9057 3.76594
      vertex -3 -35.9057 3.76594
    endloop
  endfacet
  facet normal 0.0621044 -0.705715 -0.705768
    outer loop
      vertex -3.005 -34.8373 2.69723
      vertex -3 -35.9025 3.76279
      vertex -3.005 -35.9028 3.76265
    endloop
  endfacet
  facet normal 0.0494369 -0.706245 -0.706239
    outer loop
      vertex -3 -35.9025 3.76279
      vertex -3.005 -34.8373 2.69723
      vertex -3 -34.8372 2.69748
    endloop
  endfacet
  facet normal 0.0282188 -0.72904 -0.68389
    outer loop
      vertex -3.895 -35.4083 3.19878
      vertex -3.005 -35.9028 3.76265
      vertex -3.00516 -35.9029 3.76275
    endloop
  endfacet
  facet normal 0.0550392 -0.706008 -0.706061
    outer loop
      vertex -3.005 -35.9028 3.76265
      vertex -3.895 -35.4012 3.19171
      vertex -3.005 -34.8373 2.69723
    endloop
  endfacet
  facet normal 0.0568029 -0.704469 -0.707458
    outer loop
      vertex -3.005 -35.9028 3.76265
      vertex -3.895 -35.4083 3.19878
      vertex -3.895 -35.4012 3.19171
    endloop
  endfacet
  facet normal 0.28343 -0.844995 -0.453487
    outer loop
      vertex -3.005 -34.8373 2.69723
      vertex -3.895 -35.4012 3.19171
      vertex -3.00516 -34.8373 2.69713
    endloop
  endfacet
  facet normal 0 -0.756613 -0.653863
    outer loop
      vertex -3.00012 -35.9057 3.76594
      vertex -3 -35.9085 3.76918
      vertex -3.005 -35.9085 3.76918
    endloop
  endfacet
  facet normal -0 -0.756613 -0.653863
    outer loop
      vertex -3.00012 -35.9057 3.76594
      vertex -3.005 -35.9085 3.76918
      vertex -3.01011 -35.9057 3.76594
    endloop
  endfacet
  facet normal -0.546612 -0.0291799 0.836878
    outer loop
      vertex -3.905 -35.4083 3.19878
      vertex -3.01011 -35.9057 3.76594
      vertex -3.005 -35.9085 3.76918
    endloop
  endfacet
  facet normal -0 -0.751831 -0.659356
    outer loop
      vertex -3.895 -35.4083 3.19878
      vertex -3.01011 -35.9057 3.76594
      vertex -3.905 -35.4083 3.19878
    endloop
  endfacet
  facet normal 0.00017917 -0.751692 -0.659514
    outer loop
      vertex -3.01011 -35.9057 3.76594
      vertex -3.895 -35.4083 3.19878
      vertex -3.00516 -35.9029 3.76275
    endloop
  endfacet
  facet normal 0.404366 -0.684534 -0.606549
    outer loop
      vertex -3 -35.9085 3.76918
      vertex -3.00012 -35.9057 3.76594
      vertex -3 -35.9057 3.76602
    endloop
  endfacet
  facet normal 0 0.707089 0.707124
    outer loop
      vertex -3 -32.6362 5.55862
      vertex -3.005 -33.0414 5.9638
      vertex -3 -33.0414 5.9638
    endloop
  endfacet
  facet normal 0 0.707089 0.707124
    outer loop
      vertex -3.005 -33.0414 5.9638
      vertex -3 -32.6362 5.55862
      vertex -3.005 -32.6362 5.55862
    endloop
  endfacet
  facet normal -0.0213129 0.706929 0.706964
    outer loop
      vertex -3.005 -32.6362 5.55862
      vertex -3.02258 -33.0417 5.96357
      vertex -3.005 -33.0414 5.9638
    endloop
  endfacet
  facet normal -0.0208776 0.7069 0.707005
    outer loop
      vertex -3.02258 -33.0417 5.96357
      vertex -3.02258 -32.6364 5.55833
      vertex -3.905 -32.8556 5.75144
    endloop
  endfacet
  facet normal -0.0197053 0.706917 0.707022
    outer loop
      vertex -3.02258 -33.0417 5.96357
      vertex -3.005 -32.6362 5.55862
      vertex -3.02258 -32.6364 5.55833
    endloop
  endfacet
  facet normal -0.0225444 0.710435 0.703401
    outer loop
      vertex -3.905 -32.8556 5.75144
      vertex -3.02258 -32.6364 5.55833
      vertex -3.905 -32.8486 5.74437
    endloop
  endfacet
  facet normal 0.000927228 -0.718602 0.695421
    outer loop
      vertex -3.005 -35.9081 3.7696
      vertex -3 -35.9085 3.76918
      vertex -3 -35.9079 3.7698
    endloop
  endfacet
  facet normal 0 -0.724138 0.689655
    outer loop
      vertex -3 -35.9085 3.76918
      vertex -3.005 -35.9081 3.7696
      vertex -3.005 -35.9085 3.76918
    endloop
  endfacet
  facet normal -0.650945 0.390567 -0.650945
    outer loop
      vertex -3.005 -35.9033 3.76235
      vertex -3.00516 -35.9029 3.76275
      vertex -3.005 -35.9028 3.76265
    endloop
  endfacet
  facet normal -0.645081 0.395664 -0.653697
    outer loop
      vertex -3.00516 -35.9029 3.76275
      vertex -3.005 -35.9033 3.76235
      vertex -3.01011 -35.9057 3.76594
    endloop
  endfacet
  facet normal -0.643681 0.381673 -0.663326
    outer loop
      vertex -3.01012 -35.9057 3.76594
      vertex -3.905 -36.3248 4.39317
      vertex -3.01166 -35.8978 3.77198
    endloop
  endfacet
  facet normal -0.303932 0.579973 -0.755815
    outer loop
      vertex -3.02258 -33.0417 5.96357
      vertex -3.02258 -35.8419 3.81484
      vertex -3.905 -33.1984 6.19817
    endloop
  endfacet
  facet normal 0 -0.831337 -0.555769
    outer loop
      vertex -3.005 -35.9033 3.76235
      vertex -3.00012 -35.9057 3.76594
      vertex -3.01011 -35.9057 3.76594
    endloop
  endfacet
  facet normal -0 -0.831337 -0.555769
    outer loop
      vertex -3 -35.9033 3.76235
      vertex -3.00012 -35.9057 3.76594
      vertex -3.005 -35.9033 3.76235
    endloop
  endfacet
  facet normal 0.314773 -0.793906 -0.520223
    outer loop
      vertex -3.00012 -35.9057 3.76594
      vertex -3 -35.9033 3.76235
      vertex -3 -35.9056 3.76586
    endloop
  endfacet
  facet normal 0 -0.831471 -0.555569
    outer loop
      vertex -3.01012 -35.9057 3.76594
      vertex -3.895 -36.3248 4.39317
      vertex -3.905 -36.3248 4.39317
    endloop
  endfacet
  facet normal 0.00492573 -0.834657 -0.550748
    outer loop
      vertex -3.895 -36.3248 4.39317
      vertex -3.01012 -35.9057 3.76594
      vertex -3.00516 -35.908 3.76947
    endloop
  endfacet
  facet normal -0.643717 0.382463 -0.662835
    outer loop
      vertex -3.905 -36.3248 4.39317
      vertex -3.02258 -35.8419 3.81484
      vertex -3.01166 -35.8978 3.77198
    endloop
  endfacet
  facet normal -0.643733 0.382621 -0.662728
    outer loop
      vertex -3.02258 -35.8419 3.81484
      vertex -3.905 -36.3248 4.39317
      vertex -3.905 -33.1984 6.19817
    endloop
  endfacet
  facet normal -0.172348 -0.953769 -0.246212
    outer loop
      vertex -3.0051 -36.6615 5.07454
      vertex -3.895 -36.3248 4.39317
      vertex -3.005 -36.6615 5.07447
    endloop
  endfacet
  facet normal 0.0550553 -0.864702 -0.499258
    outer loop
      vertex -3.005 -35.9081 3.7696
      vertex -3.005 -36.6615 5.07447
      vertex -3.895 -36.3248 4.39317
    endloop
  endfacet
  facet normal 0.0545599 -0.864726 -0.499272
    outer loop
      vertex -3 -35.9079 3.7698
      vertex -3.005 -36.6615 5.07447
      vertex -3.005 -35.9081 3.7696
    endloop
  endfacet
  facet normal 0.0588592 -0.864522 -0.499137
    outer loop
      vertex -3.005 -36.6615 5.07447
      vertex -3 -35.9079 3.7698
      vertex -3 -36.6612 5.07454
    endloop
  endfacet
  facet normal -0.0307804 -0.810199 -0.585346
    outer loop
      vertex -3.005 -35.9081 3.7696
      vertex -3.895 -36.3248 4.39317
      vertex -3.00516 -35.908 3.76947
    endloop
  endfacet
  facet normal -0 -0.624695 -0.780869
    outer loop
      vertex -3 -35.9057 3.76594
      vertex -3.00012 -35.9057 3.76594
      vertex -3 -35.9056 3.76586
    endloop
  endfacet
  facet normal 0 -1 -0
    outer loop
      vertex -3 -36.6634 5.07844
      vertex -3.00005 -36.6634 5.0784
      vertex -3 -36.6634 5.0784
    endloop
  endfacet
  facet normal 0 0 0
    outer loop
      vertex -3.02199 -33.3282 6.45989
      vertex -3.02258 -33.3282 6.45989
      vertex -3.022 -33.3282 6.45989
    endloop
  endfacet
  facet normal 0 0.895874 0.444309
    outer loop
      vertex -3.905 -33.1984 6.19817
      vertex -3.02258 -33.3282 6.45989
      vertex -3.02199 -33.3282 6.45989
    endloop
  endfacet
  facet normal -0.0209079 0.86583 0.499902
    outer loop
      vertex -3.02258 -33.3282 6.45989
      vertex -3.905 -33.1984 6.19817
      vertex -3.905 -33.2034 6.20683
    endloop
  endfacet
  facet normal -0.647605 -0.401515 0.647605
    outer loop
      vertex -3.00516 -36.6648 5.08242
      vertex -3.005 -36.6653 5.08227
      vertex -3.00514 -36.6648 5.08244
    endloop
  endfacet
  facet normal -0.642406 -0.401417 0.652824
    outer loop
      vertex -3.005 -36.6653 5.08227
      vertex -3.00516 -36.6648 5.08242
      vertex -3.01012 -36.6634 5.0784
    endloop
  endfacet
  facet normal -0.64371 -0.38263 0.662746
    outer loop
      vertex -3.905 -36.3298 4.40183
      vertex -3.01855 -36.6132 5.0992
      vertex -3.905 -33.2034 6.20683
    endloop
  endfacet
  facet normal -0.643746 -0.382147 0.662989
    outer loop
      vertex -3.01855 -36.6132 5.0992
      vertex -3.905 -36.3298 4.40183
      vertex -3.01166 -36.6543 5.0822
    endloop
  endfacet
  facet normal -0.643614 -0.385109 0.661402
    outer loop
      vertex -3.01166 -36.6543 5.0822
      vertex -3.905 -36.3298 4.40183
      vertex -3.01012 -36.6634 5.0784
    endloop
  endfacet
  facet normal 0.579354 -0.0890383 -0.810198
    outer loop
      vertex -3.01012 -36.6634 5.0784
      vertex -3.905 -36.3298 4.40183
      vertex -3.005 -36.6653 5.08227
    endloop
  endfacet
  facet normal -1 0 0
    outer loop
      vertex -3.905 -36.3248 4.39317
      vertex -3.905 -33.2034 6.20683
      vertex -3.905 -33.1984 6.19817
    endloop
  endfacet
  facet normal -1 0 0
    outer loop
      vertex -3.905 -33.2034 6.20683
      vertex -3.905 -36.3248 4.39317
      vertex -3.905 -36.3298 4.40183
    endloop
  endfacet
  facet normal -0.303974 -0.364575 0.880162
    outer loop
      vertex -3.02258 -33.3282 6.45989
      vertex -3.905 -33.2034 6.20683
      vertex -3.02258 -36.5892 5.10914
    endloop
  endfacet
  facet normal 0 0.514496 -0.857493
    outer loop
      vertex -3.005 -35.9028 3.76265
      vertex -3 -35.9033 3.76235
      vertex -3.005 -35.9033 3.76235
    endloop
  endfacet
  facet normal -0.00438104 0.481914 -0.876207
    outer loop
      vertex -3 -35.9033 3.76235
      vertex -3.005 -35.9028 3.76265
      vertex -3 -35.9025 3.76279
    endloop
  endfacet
  facet normal 0 -0.866019 -0.500011
    outer loop
      vertex -3.905 -36.3248 4.39317
      vertex -3.895 -36.3298 4.40183
      vertex -3.905 -36.3298 4.40183
    endloop
  endfacet
  facet normal 0 -0.866019 -0.500011
    outer loop
      vertex -3.895 -36.3298 4.40183
      vertex -3.905 -36.3248 4.39317
      vertex -3.895 -36.3248 4.39317
    endloop
  endfacet
  facet normal -0.186928 -0.956421 -0.224313
    outer loop
      vertex -3.895 -36.3298 4.40183
      vertex -3.0051 -36.6615 5.07454
      vertex -3.00516 -36.6615 5.07459
    endloop
  endfacet
  facet normal 0.0550953 -0.864704 -0.499252
    outer loop
      vertex -3.0051 -36.6615 5.07454
      vertex -3.895 -36.3298 4.40183
      vertex -3.895 -36.3248 4.39317
    endloop
  endfacet
  facet normal 0.581914 -0.363696 -0.727393
    outer loop
      vertex -3 -36.6635 5.07849
      vertex -3.00005 -36.6634 5.0784
      vertex -3 -36.6634 5.07844
    endloop
  endfacet
  facet normal 0 -0.668965 -0.743294
    outer loop
      vertex -3 -36.6635 5.07849
      vertex -3.00012 -36.6634 5.0784
      vertex -3.00005 -36.6634 5.0784
    endloop
  endfacet
  facet normal 0.640184 0.768221 0
    outer loop
      vertex -3.00012 -36.6634 5.0784
      vertex -3 -36.6635 5.07849
      vertex -3.00012 -36.6634 5.07839
    endloop
  endfacet
  facet normal 0 -0.8981 -0.439791
    outer loop
      vertex -3.00012 -36.6634 5.07839
      vertex -3 -36.6653 5.08227
      vertex -3.005 -36.6653 5.08227
    endloop
  endfacet
  facet normal -0 -0.8981 -0.439791
    outer loop
      vertex -3.00012 -36.6634 5.07839
      vertex -3.005 -36.6653 5.08227
      vertex -3.01011 -36.6634 5.07839
    endloop
  endfacet
  facet normal -0.496019 -0.832915 0.245391
    outer loop
      vertex -3.905 -36.3298 4.40183
      vertex -3.01011 -36.6634 5.07839
      vertex -3.005 -36.6653 5.08227
    endloop
  endfacet
  facet normal -0 -0.896895 -0.442243
    outer loop
      vertex -3.895 -36.3298 4.40183
      vertex -3.01011 -36.6634 5.07839
      vertex -3.905 -36.3298 4.40183
    endloop
  endfacet
  facet normal 0.00237328 -0.895658 -0.444737
    outer loop
      vertex -3.01011 -36.6634 5.07839
      vertex -3.895 -36.3298 4.40183
      vertex -3.00516 -36.6615 5.07459
    endloop
  endfacet
  facet normal -0.366659 -0.839981 -0.399991
    outer loop
      vertex -3 -36.6653 5.08227
      vertex -3.00012 -36.6634 5.07839
      vertex -3 -36.6635 5.07849
    endloop
  endfacet
  facet normal 0 0.866024 0.500002
    outer loop
      vertex -3 -33.0414 5.9638
      vertex -3.005 -33.3279 6.46003
      vertex -3 -33.3279 6.46003
    endloop
  endfacet
  facet normal -0 0.866024 0.500002
    outer loop
      vertex -3.005 -33.0414 5.9638
      vertex -3.005 -33.3279 6.46003
      vertex -3 -33.0414 5.9638
    endloop
  endfacet
  facet normal -0.0194082 0.865861 0.499908
    outer loop
      vertex -3.005 -33.0414 5.9638
      vertex -3.02199 -33.3282 6.45989
      vertex -3.005 -33.3279 6.46003
    endloop
  endfacet
  facet normal -0.0213151 0.865856 0.499839
    outer loop
      vertex -3.02199 -33.3282 6.45989
      vertex -3.005 -33.0414 5.9638
      vertex -3.02258 -33.0417 5.96357
    endloop
  endfacet
  facet normal -0.0208717 0.865864 0.499844
    outer loop
      vertex -3.02199 -33.3282 6.45989
      vertex -3.02258 -33.0417 5.96357
      vertex -3.905 -33.1984 6.19817
    endloop
  endfacet
  facet normal -0.595598 -0.403021 0.694864
    outer loop
      vertex -3.005 -36.6648 5.08256
      vertex -3.00514 -36.6648 5.08244
      vertex -3.005 -36.6653 5.08227
    endloop
  endfacet
  facet normal -0.643405 -0.382645 0.663033
    outer loop
      vertex -3.01855 -36.6132 5.0992
      vertex -3.02258 -36.5892 5.10914
      vertex -3.905 -33.2034 6.20683
    endloop
  endfacet
  facet normal -0.0041122 -0.532167 0.846629
    outer loop
      vertex -3.005 -36.6648 5.08256
      vertex -3 -36.6653 5.08227
      vertex -3 -36.6646 5.08271
    endloop
  endfacet
  facet normal 0 -0.501718 0.865031
    outer loop
      vertex -3 -36.6653 5.08227
      vertex -3.005 -36.6648 5.08256
      vertex -3.005 -36.6653 5.08227
    endloop
  endfacet
  facet normal -0.554718 0.253585 -0.792454
    outer loop
      vertex -3.005 -36.662 5.07431
      vertex -3.0051 -36.6615 5.07454
      vertex -3.005 -36.6615 5.07447
    endloop
  endfacet
  facet normal -0.624524 0.219832 -0.749429
    outer loop
      vertex -3.005 -36.662 5.07431
      vertex -3.00516 -36.6615 5.07459
      vertex -3.0051 -36.6615 5.07454
    endloop
  endfacet
  facet normal -0.644417 0.20615 -0.736362
    outer loop
      vertex -3.00516 -36.6615 5.07459
      vertex -3.005 -36.662 5.07431
      vertex -3.01011 -36.6634 5.07839
    endloop
  endfacet
  facet normal -0.643769 0.199541 -0.738745
    outer loop
      vertex -3.01012 -36.6634 5.0784
      vertex -3.905 -36.9059 5.79273
      vertex -3.01166 -36.6543 5.0822
    endloop
  endfacet
  facet normal -0.303961 0.364577 -0.880166
    outer loop
      vertex -3.02258 -36.5892 5.10914
      vertex -3.905 -33.4189 6.72706
      vertex -3.02258 -33.3282 6.45989
    endloop
  endfacet
  facet normal 0 -0.945865 -0.324561
    outer loop
      vertex -3.005 -36.662 5.07431
      vertex -3.00012 -36.6634 5.07839
      vertex -3.01011 -36.6634 5.07839
    endloop
  endfacet
  facet normal -0 -0.945865 -0.324561
    outer loop
      vertex -3 -36.662 5.07431
      vertex -3.00012 -36.6634 5.07839
      vertex -3.005 -36.662 5.07431
    endloop
  endfacet
  facet normal -0.240997 -0.915788 -0.321329
    outer loop
      vertex -3.00012 -36.6634 5.07839
      vertex -3 -36.662 5.07431
      vertex -3 -36.6634 5.0783
    endloop
  endfacet
  facet normal 0 -1 0
    outer loop
      vertex -3.00012 -36.6634 5.0784
      vertex -3.00012 -36.6634 5.07839
      vertex -3 -36.6634 5.0783
    endloop
  endfacet
  facet normal 0 -0.946923 -0.32146
    outer loop
      vertex -3.01012 -36.6634 5.0784
      vertex -3.895 -36.9059 5.79273
      vertex -3.905 -36.9059 5.79273
    endloop
  endfacet
  facet normal -0.00335783 -0.945644 -0.325186
    outer loop
      vertex -3.895 -36.9059 5.79273
      vertex -3.01012 -36.6634 5.0784
      vertex -3.00516 -36.6648 5.08242
    endloop
  endfacet
  facet normal -1 0 0
    outer loop
      vertex -3.905 -36.9059 5.79273
      vertex -3.905 -33.4215 6.73672
      vertex -3.905 -33.4189 6.72706
    endloop
  endfacet
  facet normal -1 0 0
    outer loop
      vertex -3.905 -33.4215 6.73672
      vertex -3.905 -36.9059 5.79273
      vertex -3.905 -36.9085 5.80239
    endloop
  endfacet
  facet normal -0.643702 0.197864 -0.739254
    outer loop
      vertex -3.905 -36.9059 5.79273
      vertex -3.01855 -36.6132 5.0992
      vertex -3.01166 -36.6543 5.0822
    endloop
  endfacet
  facet normal -0.643716 0.198057 -0.739191
    outer loop
      vertex -3.01855 -36.6132 5.0992
      vertex -3.905 -36.9059 5.79273
      vertex -3.02258 -36.5892 5.10914
    endloop
  endfacet
  facet normal -0.643717 0.198063 -0.739189
    outer loop
      vertex -3.02258 -36.5892 5.10914
      vertex -3.905 -36.9059 5.79273
      vertex -3.905 -33.4189 6.72706
    endloop
  endfacet
  facet normal 0 -1 -0
    outer loop
      vertex -3 -37.0557 6.5423
      vertex -3.00005 -37.0557 6.54225
      vertex -3 -37.0557 6.54225
    endloop
  endfacet
  facet normal 0 -1 0
    outer loop
      vertex -3 -36.6634 5.0783
      vertex -3.00005 -36.6634 5.0784
      vertex -3.00012 -36.6634 5.0784
    endloop
  endfacet
  facet normal 0 -1 0
    outer loop
      vertex -3.00005 -36.6634 5.0784
      vertex -3 -36.6634 5.0783
      vertex -3 -36.6634 5.0784
    endloop
  endfacet
  facet normal -0.0810537 -0.991547 -0.101317
    outer loop
      vertex -3.895 -36.9059 5.79273
      vertex -3.005 -37.0548 6.53795
      vertex -3.0051 -37.0548 6.53803
    endloop
  endfacet
  facet normal 0.0550457 -0.964456 -0.258445
    outer loop
      vertex -3.005 -36.6648 5.08256
      vertex -3.005 -37.0548 6.53795
      vertex -3.895 -36.9059 5.79273
    endloop
  endfacet
  facet normal 0.0463521 -0.964883 -0.258559
    outer loop
      vertex -3 -36.6646 5.08271
      vertex -3.005 -37.0548 6.53795
      vertex -3.005 -36.6648 5.08256
    endloop
  endfacet
  facet normal 0.0578588 -0.964313 -0.258367
    outer loop
      vertex -3.005 -37.0548 6.53795
      vertex -3 -36.6646 5.08271
      vertex -3 -37.0545 6.53795
    endloop
  endfacet
  facet normal 0.137144 -0.977544 -0.160001
    outer loop
      vertex -3.895 -36.9059 5.79273
      vertex -3.00514 -36.6648 5.08244
      vertex -3.005 -36.6648 5.08256
    endloop
  endfacet
  facet normal 0.147365 -0.978043 -0.147365
    outer loop
      vertex -3.00514 -36.6648 5.08244
      vertex -3.895 -36.9059 5.79273
      vertex -3.00516 -36.6648 5.08242
    endloop
  endfacet
  facet normal -0 0.947627 0.319379
    outer loop
      vertex -3.02258 -33.3282 6.45989
      vertex -3.905 -33.4215 6.73672
      vertex -3.022 -33.3282 6.45989
    endloop
  endfacet
  facet normal -0.0205586 0.965431 0.259847
    outer loop
      vertex -3.905 -33.4215 6.73672
      vertex -3.02258 -33.3282 6.45989
      vertex -3.905 -33.4189 6.72706
    endloop
  endfacet
  facet normal 0 0.965927 0.258816
    outer loop
      vertex -3 -33.3279 6.46003
      vertex -3.005 -33.4762 7.0135
      vertex -3 -33.4762 7.0135
    endloop
  endfacet
  facet normal 0 0.965927 0.258816
    outer loop
      vertex -3.005 -33.4762 7.0135
      vertex -3 -33.3279 6.46003
      vertex -3.005 -33.3279 6.46003
    endloop
  endfacet
  facet normal -0.0172268 0.965798 0.258722
    outer loop
      vertex -3.02199 -33.3282 6.45989
      vertex -3.02257 -33.4765 7.01345
      vertex -3.005 -33.4762 7.0135
    endloop
  endfacet
  facet normal -0.0191849 0.965749 0.258768
    outer loop
      vertex -3.02199 -33.3282 6.45989
      vertex -3.005 -33.4762 7.0135
      vertex -3.005 -33.3279 6.46003
    endloop
  endfacet
  facet normal 0 0.965937 0.258777
    outer loop
      vertex -3.02257 -33.4765 7.01345
      vertex -3.02199 -33.3282 6.45989
      vertex -3.022 -33.3282 6.45989
    endloop
  endfacet
  facet normal -0.0209363 0.965731 0.2587
    outer loop
      vertex -3.02257 -33.4765 7.01345
      vertex -3.022 -33.3282 6.45989
      vertex -3.905 -33.4215 6.73672
    endloop
  endfacet
  facet normal -0.643717 -0.198063 0.739188
    outer loop
      vertex -3.905 -36.9085 5.80239
      vertex -3.01855 -37.0018 6.54935
      vertex -3.905 -33.4215 6.73672
    endloop
  endfacet
  facet normal -0.643718 -0.198048 0.739191
    outer loop
      vertex -3.01855 -37.0018 6.54935
      vertex -3.905 -36.9085 5.80239
      vertex -3.01012 -37.0557 6.54225
    endloop
  endfacet
  facet normal -0.693329 -0.196443 0.693329
    outer loop
      vertex -3.00516 -37.0559 6.54649
      vertex -3.005 -37.0565 6.54648
      vertex -3.00514 -37.0559 6.54651
    endloop
  endfacet
  facet normal -0.643706 -0.184035 0.742815
    outer loop
      vertex -3.005 -37.0565 6.54648
      vertex -3.00516 -37.0559 6.54649
      vertex -3.01011 -37.0557 6.54225
    endloop
  endfacet
  facet normal 0 0.304776 -0.952424
    outer loop
      vertex -3.005 -36.6615 5.07447
      vertex -3 -36.662 5.07431
      vertex -3.005 -36.662 5.07431
    endloop
  endfacet
  facet normal -0.00312346 0.276306 -0.961065
    outer loop
      vertex -3 -36.662 5.07431
      vertex -3.005 -36.6615 5.07447
      vertex -3 -36.6612 5.07454
    endloop
  endfacet
  facet normal 0 -0.965635 -0.259902
    outer loop
      vertex -3.905 -36.9059 5.79273
      vertex -3.895 -36.9085 5.80239
      vertex -3.905 -36.9085 5.80239
    endloop
  endfacet
  facet normal 0 -0.965635 -0.259902
    outer loop
      vertex -3.895 -36.9085 5.80239
      vertex -3.905 -36.9059 5.79273
      vertex -3.895 -36.9059 5.79273
    endloop
  endfacet
  facet normal 0 -1 -0
    outer loop
      vertex -3 -37.0557 6.54235
      vertex -3.00005 -37.0557 6.54225
      vertex -3 -37.0557 6.5423
    endloop
  endfacet
  facet normal 0 -1 0
    outer loop
      vertex -3.00005 -37.0557 6.54225
      vertex -3 -37.0557 6.54235
      vertex -3.00012 -37.0557 6.54225
    endloop
  endfacet
  facet normal -0.0818536 -0.991792 -0.0982243
    outer loop
      vertex -3.895 -36.9085 5.80239
      vertex -3.0051 -37.0548 6.53803
      vertex -3.00516 -37.0548 6.53808
    endloop
  endfacet
  facet normal 0.0560101 -0.964119 -0.259494
    outer loop
      vertex -3.0051 -37.0548 6.53803
      vertex -3.895 -36.9085 5.80239
      vertex -3.895 -36.9059 5.79273
    endloop
  endfacet
  facet normal 0 -0.982582 -0.185831
    outer loop
      vertex -3.00012 -37.0557 6.54225
      vertex -3 -37.0565 6.54648
      vertex -3.005 -37.0565 6.54648
    endloop
  endfacet
  facet normal -0 -0.982582 -0.185831
    outer loop
      vertex -3.00012 -37.0557 6.54225
      vertex -3.005 -37.0565 6.54648
      vertex -3.01011 -37.0557 6.54225
    endloop
  endfacet
  facet normal 0.156522 -0.969651 -0.187826
    outer loop
      vertex -3 -37.0565 6.54648
      vertex -3.00012 -37.0557 6.54225
      vertex -3 -37.0557 6.54235
    endloop
  endfacet
  facet normal -0 -0.980777 -0.195132
    outer loop
      vertex -3.895 -36.9085 5.80239
      vertex -3.01012 -37.0557 6.54225
      vertex -3.905 -36.9085 5.80239
    endloop
  endfacet
  facet normal 0.00692479 -0.979136 -0.203088
    outer loop
      vertex -3.01012 -37.0557 6.54225
      vertex -3.895 -36.9085 5.80239
      vertex -3.00516 -37.0548 6.53808
    endloop
  endfacet
  facet normal -0.30396 -0.124348 0.944535
    outer loop
      vertex -3.02258 -33.4765 7.01345
      vertex -3.905 -33.4215 6.73672
      vertex -3.02258 -36.976 6.55274
    endloop
  endfacet
  facet normal 0 0.980816 0.194937
    outer loop
      vertex -3.905 -33.4215 6.73672
      vertex -3.02258 -33.4765 7.01345
      vertex -3.02257 -33.4765 7.01345
    endloop
  endfacet
  facet normal -0.641358 -0.197593 0.741362
    outer loop
      vertex -3.02258 -36.976 6.55274
      vertex -3.905 -33.4215 6.73672
      vertex -3.01855 -37.0018 6.54935
    endloop
  endfacet
  facet normal -0.66782 -0.191784 0.719191
    outer loop
      vertex -3.005 -37.0559 6.54664
      vertex -3.00514 -37.0559 6.54651
      vertex -3.005 -37.0565 6.54648
    endloop
  endfacet
  facet normal -0.00240267 -0.276307 0.961067
    outer loop
      vertex -3.005 -37.0559 6.54664
      vertex -3 -37.0565 6.54648
      vertex -3 -37.0557 6.54671
    endloop
  endfacet
  facet normal 0 -0.257663 0.966235
    outer loop
      vertex -3 -37.0565 6.54648
      vertex -3.005 -37.0559 6.54664
      vertex -3.005 -37.0565 6.54648
    endloop
  endfacet
  facet normal 0 -1 0
    outer loop
      vertex -3.905 -37.105 7.295
      vertex -3.895 -37.105 7.305
      vertex -3.905 -37.105 7.305
    endloop
  endfacet
  facet normal 0 -1 -0
    outer loop
      vertex -3.895 -37.105 7.305
      vertex -3.905 -37.105 7.295
      vertex -3.895 -37.105 7.295
    endloop
  endfacet
  facet normal -0.303974 0.124348 -0.94453
    outer loop
      vertex -3.02258 -36.976 6.55274
      vertex -3.905 -33.495 7.295
      vertex -3.02258 -33.4765 7.01345
    endloop
  endfacet
  facet normal -0.643723 0.000125297 -0.765259
    outer loop
      vertex -3.905 -37.105 7.295
      vertex -3.01855 -37.0018 6.54935
      vertex -3.01012 -37.0557 6.54225
    endloop
  endfacet
  facet normal -0.643715 3.15488e-06 -0.765266
    outer loop
      vertex -3.905 -37.105 7.295
      vertex -3.02258 -36.976 6.55274
      vertex -3.01855 -37.0018 6.54935
    endloop
  endfacet
  facet normal -0.643714 0 -0.765266
    outer loop
      vertex -3.02258 -36.976 6.55274
      vertex -3.905 -37.105 7.295
      vertex -3.905 -33.495 7.295
    endloop
  endfacet
  facet normal -0.624695 0 -0.780869
    outer loop
      vertex -3.005 -37.0554 6.53795
      vertex -3.0051 -37.0548 6.53803
      vertex -3.005 -37.0548 6.53795
    endloop
  endfacet
  facet normal -0.640179 -0.00426786 -0.768214
    outer loop
      vertex -3.005 -37.0554 6.53795
      vertex -3.00516 -37.0548 6.53808
      vertex -3.0051 -37.0548 6.53803
    endloop
  endfacet
  facet normal -0.642923 -0.00549885 -0.765911
    outer loop
      vertex -3.00516 -37.0548 6.53808
      vertex -3.005 -37.0554 6.53795
      vertex -3.01012 -37.0557 6.54225
    endloop
  endfacet
  facet normal 0.627499 -0.27649 0.727872
    outer loop
      vertex -3.01012 -37.0557 6.54225
      vertex -3.005 -37.0554 6.53795
      vertex -3.905 -37.105 7.295
    endloop
  endfacet
  facet normal -0.624695 0 0.780869
    outer loop
      vertex -3.0051 -37.0548 8.06197
      vertex -3.005 -37.0554 8.06205
      vertex -3.005 -37.0548 8.06205
    endloop
  endfacet
  facet normal -0.640179 -0.00426786 0.768214
    outer loop
      vertex -3.00516 -37.0548 8.06192
      vertex -3.005 -37.0554 8.06205
      vertex -3.0051 -37.0548 8.06197
    endloop
  endfacet
  facet normal -0.642923 -0.00549885 0.765911
    outer loop
      vertex -3.005 -37.0554 8.06205
      vertex -3.00516 -37.0548 8.06192
      vertex -3.01012 -37.0557 8.05775
    endloop
  endfacet
  facet normal -0.643714 0 0.765266
    outer loop
      vertex -3.905 -37.105 7.305
      vertex -3.02258 -36.976 8.04726
      vertex -3.905 -33.495 7.305
    endloop
  endfacet
  facet normal -0.643715 3.15488e-06 0.765266
    outer loop
      vertex -3.02258 -36.976 8.04726
      vertex -3.905 -37.105 7.305
      vertex -3.01855 -37.0018 8.05065
    endloop
  endfacet
  facet normal -0.643723 0.000125297 0.765259
    outer loop
      vertex -3.01855 -37.0018 8.05065
      vertex -3.905 -37.105 7.305
      vertex -3.01012 -37.0557 8.05775
    endloop
  endfacet
  facet normal 0.627499 -0.27649 -0.727872
    outer loop
      vertex -3.905 -37.105 7.305
      vertex -3.005 -37.0554 8.06205
      vertex -3.01012 -37.0557 8.05775
    endloop
  endfacet
  facet normal -1 0 0
    outer loop
      vertex -3.905 -37.105 7.295
      vertex -3.905 -33.495 7.305
      vertex -3.905 -33.495 7.295
    endloop
  endfacet
  facet normal -1 -0 0
    outer loop
      vertex -3.905 -33.495 7.305
      vertex -3.905 -37.105 7.295
      vertex -3.905 -37.105 7.305
    endloop
  endfacet
  facet normal 0 -0.997862 -0.0653532
    outer loop
      vertex -3.01011 -37.0557 6.54225
      vertex -3.895 -37.105 7.295
      vertex -3.905 -37.105 7.295
    endloop
  endfacet
  facet normal 0.00780789 -0.998388 -0.0562091
    outer loop
      vertex -3.895 -37.105 7.295
      vertex -3.01011 -37.0557 6.54225
      vertex -3.00516 -37.0559 6.54649
    endloop
  endfacet
  facet normal 0 -0.997575 -0.0695983
    outer loop
      vertex -3.005 -37.0554 6.53795
      vertex -3.00012 -37.0557 6.54225
      vertex -3.01011 -37.0557 6.54225
    endloop
  endfacet
  facet normal -0.640012 -0.0682109 -0.765331
    outer loop
      vertex -3.005 -37.0554 6.53795
      vertex -3.01011 -37.0557 6.54225
      vertex -3.905 -37.105 7.295
    endloop
  endfacet
  facet normal -0 -0.997575 -0.0695983
    outer loop
      vertex -3 -37.0554 6.53795
      vertex -3.00012 -37.0557 6.54225
      vertex -3.005 -37.0554 6.53795
    endloop
  endfacet
  facet normal -0.0592682 -0.995705 -0.0711218
    outer loop
      vertex -3.00012 -37.0557 6.54225
      vertex -3 -37.0554 6.53795
      vertex -3 -37.0557 6.54215
    endloop
  endfacet
  facet normal 0 0 -1
    outer loop
      vertex -3.005 -37.0548 6.53795
      vertex -3 -37.0554 6.53795
      vertex -3.005 -37.0554 6.53795
    endloop
  endfacet
  facet normal 0 0 -1
    outer loop
      vertex -3 -37.0554 6.53795
      vertex -3.005 -37.0548 6.53795
      vertex -3 -37.0545 6.53795
    endloop
  endfacet
  facet normal -0.303974 0.124348 0.94453
    outer loop
      vertex -3.02258 -33.4765 7.58655
      vertex -3.905 -33.495 7.305
      vertex -3.02258 -36.976 8.04726
    endloop
  endfacet
  facet normal 0 -1 0
    outer loop
      vertex -3.00005 -37.0557 6.54225
      vertex -3 -37.0557 6.54215
      vertex -3 -37.0557 6.54225
    endloop
  endfacet
  facet normal 0 -1 0
    outer loop
      vertex -3 -37.0557 6.54215
      vertex -3.00005 -37.0557 6.54225
      vertex -3.00012 -37.0557 6.54225
    endloop
  endfacet
  facet normal 0 1 0
    outer loop
      vertex -3 -37.0557 8.05785
      vertex -3.00012 -37.0557 8.05774
      vertex -3.00012 -37.0557 8.05775
    endloop
  endfacet
  facet normal 0 -1 0
    outer loop
      vertex -3.00005 -37.0557 8.05775
      vertex -3 -37.0557 8.05785
      vertex -3.00012 -37.0557 8.05775
    endloop
  endfacet
  facet normal 0 -1 -0
    outer loop
      vertex -3 -37.0557 8.05785
      vertex -3.00005 -37.0557 8.05775
      vertex -3 -37.0557 8.05774
    endloop
  endfacet
  facet normal 0.0299423 -0.999103 0.0299423
    outer loop
      vertex -3.895 -37.105 7.305
      vertex -3.00514 -37.0559 8.05349
      vertex -3.00516 -37.0559 8.05351
    endloop
  endfacet
  facet normal 0.0289256 -0.999096 0.0311506
    outer loop
      vertex -3.895 -37.105 7.305
      vertex -3.005 -37.0559 8.05336
      vertex -3.00514 -37.0559 8.05349
    endloop
  endfacet
  facet normal 0.0550848 -0.998482 0
    outer loop
      vertex -3.895 -37.105 7.295
      vertex -3.005 -37.0559 8.05336
      vertex -3.895 -37.105 7.305
    endloop
  endfacet
  facet normal 0.0550848 -0.998482 0
    outer loop
      vertex -3.005 -37.0559 6.54664
      vertex -3.005 -37.0559 8.05336
      vertex -3.895 -37.105 7.295
    endloop
  endfacet
  facet normal 0.039968 -0.999201 0
    outer loop
      vertex -3.005 -37.0559 8.05336
      vertex -3.005 -37.0559 6.54664
      vertex -3 -37.0557 8.05329
    endloop
  endfacet
  facet normal 0.039968 -0.999201 0
    outer loop
      vertex -3 -37.0557 8.05329
      vertex -3.005 -37.0559 6.54664
      vertex -3 -37.0557 6.54671
    endloop
  endfacet
  facet normal 0.0289256 -0.999096 -0.0311506
    outer loop
      vertex -3.895 -37.105 7.295
      vertex -3.00514 -37.0559 6.54651
      vertex -3.005 -37.0559 6.54664
    endloop
  endfacet
  facet normal 0.0299423 -0.999103 -0.0299423
    outer loop
      vertex -3.00514 -37.0559 6.54651
      vertex -3.895 -37.105 7.295
      vertex -3.00516 -37.0559 6.54649
    endloop
  endfacet
  facet normal 0 -0.997586 0.0694376
    outer loop
      vertex -3.00012 -37.0557 8.05774
      vertex -3 -37.0554 8.06205
      vertex -3.005 -37.0554 8.06205
    endloop
  endfacet
  facet normal 0 -0.997586 0.0694376
    outer loop
      vertex -3.00012 -37.0557 8.05774
      vertex -3.005 -37.0554 8.06205
      vertex -3.01011 -37.0557 8.05774
    endloop
  endfacet
  facet normal -0.562998 -0.442097 0.698272
    outer loop
      vertex -3.905 -37.105 7.305
      vertex -3.01011 -37.0557 8.05774
      vertex -3.005 -37.0554 8.06205
    endloop
  endfacet
  facet normal 0 -0.997862 0.065354
    outer loop
      vertex -3.895 -37.105 7.305
      vertex -3.01011 -37.0557 8.05774
      vertex -3.905 -37.105 7.305
    endloop
  endfacet
  facet normal 0.00775153 -0.998385 0.0562759
    outer loop
      vertex -3.01011 -37.0557 8.05774
      vertex -3.895 -37.105 7.305
      vertex -3.00516 -37.0559 8.05351
    endloop
  endfacet
  facet normal -0.065171 -0.995338 0.0710956
    outer loop
      vertex -3 -37.0554 8.06205
      vertex -3.00012 -37.0557 8.05774
      vertex -3 -37.0557 8.05785
    endloop
  endfacet
  facet normal 0 1 -0
    outer loop
      vertex -3 -33.4762 7.0135
      vertex -3.005 -33.4762 7.5865
      vertex -3 -33.4762 7.5865
    endloop
  endfacet
  facet normal 0 1 0
    outer loop
      vertex -3.005 -33.4762 7.5865
      vertex -3 -33.4762 7.0135
      vertex -3.005 -33.4762 7.0135
    endloop
  endfacet
  facet normal 0 1 0
    outer loop
      vertex -3.02258 -33.4765 7.01345
      vertex -3.02258 -33.4765 7.58655
      vertex -3.02257 -33.4765 7.58654
    endloop
  endfacet
  facet normal -0.0170721 0.999854 0
    outer loop
      vertex -3.02257 -33.4765 7.01345
      vertex -3.02257 -33.4765 7.58654
      vertex -3.005 -33.4762 7.5865
    endloop
  endfacet
  facet normal -0.0209605 0.99978 0
    outer loop
      vertex -3.02258 -33.4765 7.58655
      vertex -3.02258 -33.4765 7.01345
      vertex -3.905 -33.495 7.305
    endloop
  endfacet
  facet normal -0.0170721 0.999854 0
    outer loop
      vertex -3.02257 -33.4765 7.01345
      vertex -3.005 -33.4762 7.5865
      vertex -3.005 -33.4762 7.0135
    endloop
  endfacet
  facet normal 0 1 0
    outer loop
      vertex -3.02257 -33.4765 7.58654
      vertex -3.02257 -33.4765 7.01345
      vertex -3.02258 -33.4765 7.01345
    endloop
  endfacet
  facet normal -0.0209605 0.99978 0
    outer loop
      vertex -3.905 -33.495 7.305
      vertex -3.02258 -33.4765 7.01345
      vertex -3.905 -33.495 7.295
    endloop
  endfacet
  facet normal -0 0 1
    outer loop
      vertex -3.005 -37.0548 8.06205
      vertex -3 -37.0554 8.06205
      vertex -3 -37.0545 8.06205
    endloop
  endfacet
  facet normal 0 0 1
    outer loop
      vertex -3 -37.0554 8.06205
      vertex -3.005 -37.0548 8.06205
      vertex -3.005 -37.0554 8.06205
    endloop
  endfacet
  facet normal -0.641358 -0.197593 -0.741362
    outer loop
      vertex -3.01855 -37.0018 8.05065
      vertex -3.905 -33.4215 7.86328
      vertex -3.02258 -36.976 8.04726
    endloop
  endfacet
  facet normal -0.66782 -0.191784 -0.719191
    outer loop
      vertex -3.005 -37.0565 8.05352
      vertex -3.00514 -37.0559 8.05349
      vertex -3.005 -37.0559 8.05336
    endloop
  endfacet
  facet normal -0.30396 -0.124348 -0.944535
    outer loop
      vertex -3.02258 -36.976 8.04726
      vertex -3.905 -33.4215 7.86328
      vertex -3.02258 -33.4765 7.58655
    endloop
  endfacet
  facet normal -0.0900659 -0.991855 -0.0900659
    outer loop
      vertex -3.02257 -33.4765 7.58654
      vertex -3.02258 -33.4765 7.58655
      vertex -3.905 -33.4215 7.86328
    endloop
  endfacet
  facet normal -0.643769 0.199541 0.738745
    outer loop
      vertex -3.01166 -36.6543 9.5178
      vertex -3.905 -36.9059 8.80727
      vertex -3.01012 -36.6634 9.5216
    endloop
  endfacet
  facet normal -0.554718 0.253585 0.792454
    outer loop
      vertex -3.0051 -36.6615 9.52546
      vertex -3.005 -36.662 9.52569
      vertex -3.005 -36.6615 9.52553
    endloop
  endfacet
  facet normal -0.624524 0.219832 0.749429
    outer loop
      vertex -3.00516 -36.6615 9.52541
      vertex -3.005 -36.662 9.52569
      vertex -3.0051 -36.6615 9.52546
    endloop
  endfacet
  facet normal -0.644417 0.20615 0.736362
    outer loop
      vertex -3.005 -36.662 9.52569
      vertex -3.00516 -36.6615 9.52541
      vertex -3.01011 -36.6634 9.52161
    endloop
  endfacet
  facet normal 0 0.947627 -0.319379
    outer loop
      vertex -3.905 -33.4215 7.86328
      vertex -3.02258 -33.3282 8.14011
      vertex -3.022 -33.3282 8.14011
    endloop
  endfacet
  facet normal -0.0205586 0.965431 -0.259847
    outer loop
      vertex -3.02258 -33.3282 8.14011
      vertex -3.905 -33.4215 7.86328
      vertex -3.905 -33.4189 7.87294
    endloop
  endfacet
  facet normal -1 0 0
    outer loop
      vertex -3.905 -33.4215 7.86328
      vertex -3.905 -36.9059 8.80727
      vertex -3.905 -33.4189 7.87294
    endloop
  endfacet
  facet normal -1 0 -0
    outer loop
      vertex -3.905 -36.9059 8.80727
      vertex -3.905 -33.4215 7.86328
      vertex -3.905 -36.9085 8.79762
    endloop
  endfacet
  facet normal 0.0562307 -0.96404 0.259741
    outer loop
      vertex -3.895 -36.9085 8.79762
      vertex -3.0051 -37.0548 8.06197
      vertex -3.895 -36.9059 8.80727
    endloop
  endfacet
  facet normal -0.081853 -0.991792 0.0982236
    outer loop
      vertex -3.0051 -37.0548 8.06197
      vertex -3.895 -36.9085 8.79762
      vertex -3.00516 -37.0548 8.06192
    endloop
  endfacet
  facet normal 0 -1 0
    outer loop
      vertex -3 -37.0557 8.05765
      vertex -3.00005 -37.0557 8.05775
      vertex -3.00012 -37.0557 8.05775
    endloop
  endfacet
  facet normal 0 -1 0
    outer loop
      vertex -3.00005 -37.0557 8.05775
      vertex -3 -37.0557 8.05765
      vertex -3 -37.0557 8.0577
    endloop
  endfacet
  facet normal -0.643723 -0.198048 -0.739187
    outer loop
      vertex -3.905 -36.9085 8.79762
      vertex -3.01855 -37.0018 8.05065
      vertex -3.01012 -37.0557 8.05775
    endloop
  endfacet
  facet normal -0.643722 -0.198064 -0.739184
    outer loop
      vertex -3.01855 -37.0018 8.05065
      vertex -3.905 -36.9085 8.79762
      vertex -3.905 -33.4215 7.86328
    endloop
  endfacet
  facet normal -0.693329 -0.196443 -0.693329
    outer loop
      vertex -3.005 -37.0565 8.05352
      vertex -3.00516 -37.0559 8.05351
      vertex -3.00514 -37.0559 8.05349
    endloop
  endfacet
  facet normal -0.642864 -0.183824 -0.743596
    outer loop
      vertex -3.00516 -37.0559 8.05351
      vertex -3.005 -37.0565 8.05352
      vertex -3.01011 -37.0557 8.05774
    endloop
  endfacet
  facet normal 0 -0.980777 0.195129
    outer loop
      vertex -3.01012 -37.0557 8.05775
      vertex -3.895 -36.9085 8.79762
      vertex -3.905 -36.9085 8.79762
    endloop
  endfacet
  facet normal 0.00692594 -0.979136 0.203086
    outer loop
      vertex -3.895 -36.9085 8.79762
      vertex -3.01012 -37.0557 8.05775
      vertex -3.00516 -37.0548 8.06192
    endloop
  endfacet
  facet normal 0 -0.982501 0.186256
    outer loop
      vertex -3.005 -37.0565 8.05352
      vertex -3.00012 -37.0557 8.05774
      vertex -3.01011 -37.0557 8.05774
    endloop
  endfacet
  facet normal 0 -0.982501 0.186256
    outer loop
      vertex -3 -37.0565 8.05352
      vertex -3.00012 -37.0557 8.05774
      vertex -3.005 -37.0565 8.05352
    endloop
  endfacet
  facet normal 0.141198 -0.971915 0.188264
    outer loop
      vertex -3.00012 -37.0557 8.05774
      vertex -3 -37.0565 8.05352
      vertex -3 -37.0557 8.05765
    endloop
  endfacet
  facet normal 0 -1 0
    outer loop
      vertex -3.00012 -37.0557 8.05775
      vertex -3.00012 -37.0557 8.05774
      vertex -3 -37.0557 8.05765
    endloop
  endfacet
  facet normal -0 -1 -0
    outer loop
      vertex -3 -37.0557 8.05774
      vertex -3.00005 -37.0557 8.05775
      vertex -3 -37.0557 8.0577
    endloop
  endfacet
  facet normal 0 -1 0
    outer loop
      vertex -3.00005 -36.6634 9.5216
      vertex -3 -36.6634 9.5217
      vertex -3.00012 -36.6634 9.5216
    endloop
  endfacet
  facet normal 0 -1 -0
    outer loop
      vertex -3 -36.6634 9.5217
      vertex -3.00005 -36.6634 9.5216
      vertex -3 -36.6634 9.5216
    endloop
  endfacet
  facet normal -0.0810537 -0.991547 0.101317
    outer loop
      vertex -3.895 -36.9059 8.80727
      vertex -3.0051 -37.0548 8.06197
      vertex -3.005 -37.0548 8.06205
    endloop
  endfacet
  facet normal 0.147365 -0.978043 0.147365
    outer loop
      vertex -3.895 -36.9059 8.80727
      vertex -3.00514 -36.6648 9.51756
      vertex -3.00516 -36.6648 9.51758
    endloop
  endfacet
  facet normal 0.137144 -0.977544 0.160001
    outer loop
      vertex -3.895 -36.9059 8.80727
      vertex -3.005 -36.6648 9.51744
      vertex -3.00514 -36.6648 9.51756
    endloop
  endfacet
  facet normal 0.0550457 -0.964456 0.258445
    outer loop
      vertex -3.005 -37.0548 8.06205
      vertex -3.005 -36.6648 9.51744
      vertex -3.895 -36.9059 8.80727
    endloop
  endfacet
  facet normal 0.0463521 -0.964883 0.258559
    outer loop
      vertex -3.005 -36.6648 9.51744
      vertex -3.005 -37.0548 8.06205
      vertex -3 -36.6646 9.51729
    endloop
  endfacet
  facet normal 0.0578588 -0.964313 0.258367
    outer loop
      vertex -3 -36.6646 9.51729
      vertex -3.005 -37.0548 8.06205
      vertex -3 -37.0545 8.06205
    endloop
  endfacet
  facet normal 0 -0.257663 -0.966235
    outer loop
      vertex -3.005 -37.0559 8.05336
      vertex -3 -37.0565 8.05352
      vertex -3.005 -37.0565 8.05352
    endloop
  endfacet
  facet normal -0.00240267 -0.276307 -0.961067
    outer loop
      vertex -3 -37.0565 8.05352
      vertex -3.005 -37.0559 8.05336
      vertex -3 -37.0557 8.05329
    endloop
  endfacet
  facet normal 0 -0.965567 0.260153
    outer loop
      vertex -3.905 -36.9085 8.79762
      vertex -3.895 -36.9059 8.80727
      vertex -3.905 -36.9059 8.80727
    endloop
  endfacet
  facet normal 0 -0.965567 0.260153
    outer loop
      vertex -3.895 -36.9059 8.80727
      vertex -3.905 -36.9085 8.79762
      vertex -3.895 -36.9085 8.79762
    endloop
  endfacet
  facet normal -0.643716 0.198057 0.739191
    outer loop
      vertex -3.905 -36.9059 8.80727
      vertex -3.01855 -36.6132 9.5008
      vertex -3.02258 -36.5892 9.49086
    endloop
  endfacet
  facet normal -0.643717 0.198063 0.739189
    outer loop
      vertex -3.905 -36.9059 8.80727
      vertex -3.02258 -36.5892 9.49086
      vertex -3.905 -33.4189 7.87294
    endloop
  endfacet
  facet normal -0.643702 0.197864 0.739254
    outer loop
      vertex -3.01855 -36.6132 9.5008
      vertex -3.905 -36.9059 8.80727
      vertex -3.01166 -36.6543 9.5178
    endloop
  endfacet
  facet normal -0.303961 0.364577 0.880166
    outer loop
      vertex -3.02258 -33.3282 8.14011
      vertex -3.905 -33.4189 7.87294
      vertex -3.02258 -36.5892 9.49086
    endloop
  endfacet
  facet normal 0 -0.945865 0.324561
    outer loop
      vertex -3.00012 -36.6634 9.52161
      vertex -3 -36.662 9.52569
      vertex -3.005 -36.662 9.52569
    endloop
  endfacet
  facet normal 0 -0.945865 0.324561
    outer loop
      vertex -3.00012 -36.6634 9.52161
      vertex -3.005 -36.662 9.52569
      vertex -3.01011 -36.6634 9.52161
    endloop
  endfacet
  facet normal -0.240997 -0.915788 0.321329
    outer loop
      vertex -3 -36.662 9.52569
      vertex -3.00012 -36.6634 9.52161
      vertex -3 -36.6634 9.5217
    endloop
  endfacet
  facet normal 0 -1 0
    outer loop
      vertex -3 -36.6634 9.5217
      vertex -3.00012 -36.6634 9.52161
      vertex -3.00012 -36.6634 9.5216
    endloop
  endfacet
  facet normal 0 -0.946923 0.32146
    outer loop
      vertex -3.895 -36.9059 8.80727
      vertex -3.01012 -36.6634 9.5216
      vertex -3.905 -36.9059 8.80727
    endloop
  endfacet
  facet normal -0.00335783 -0.945644 0.325186
    outer loop
      vertex -3.01012 -36.6634 9.5216
      vertex -3.895 -36.9059 8.80727
      vertex -3.00516 -36.6648 9.51758
    endloop
  endfacet
  facet normal 0 0.965927 -0.258816
    outer loop
      vertex -3 -33.4762 7.5865
      vertex -3.005 -33.3279 8.13997
      vertex -3 -33.3279 8.13997
    endloop
  endfacet
  facet normal 0 0.965927 -0.258816
    outer loop
      vertex -3.005 -33.3279 8.13997
      vertex -3 -33.4762 7.5865
      vertex -3.005 -33.4762 7.5865
    endloop
  endfacet
  facet normal -0.0191847 0.965766 -0.258706
    outer loop
      vertex -3.02257 -33.4765 7.58654
      vertex -3.02199 -33.3282 8.14011
      vertex -3.005 -33.3279 8.13997
    endloop
  endfacet
  facet normal 0 0.965938 -0.258772
    outer loop
      vertex -3.02199 -33.3282 8.14011
      vertex -3.02257 -33.4765 7.58654
      vertex -3.022 -33.3282 8.14011
    endloop
  endfacet
  facet normal -0.0209378 0.965732 -0.258696
    outer loop
      vertex -3.022 -33.3282 8.14011
      vertex -3.02257 -33.4765 7.58654
      vertex -3.905 -33.4215 7.86328
    endloop
  endfacet
  facet normal -0.0170795 0.965786 -0.258778
    outer loop
      vertex -3.02257 -33.4765 7.58654
      vertex -3.005 -33.3279 8.13997
      vertex -3.005 -33.4762 7.5865
    endloop
  endfacet
  facet normal -0.00312346 0.276306 0.961065
    outer loop
      vertex -3.005 -36.6615 9.52553
      vertex -3 -36.662 9.52569
      vertex -3 -36.6612 9.52546
    endloop
  endfacet
  facet normal 0 0.304776 0.952424
    outer loop
      vertex -3 -36.662 9.52569
      vertex -3.005 -36.6615 9.52553
      vertex -3.005 -36.662 9.52569
    endloop
  endfacet
  facet normal -0.643405 -0.382645 -0.663033
    outer loop
      vertex -3.02258 -36.5892 9.49086
      vertex -3.01855 -36.6132 9.5008
      vertex -3.905 -33.2034 8.39317
    endloop
  endfacet
  facet normal -0.595598 -0.403021 -0.694864
    outer loop
      vertex -3.005 -36.6653 9.51773
      vertex -3.00514 -36.6648 9.51756
      vertex -3.005 -36.6648 9.51744
    endloop
  endfacet
  facet normal -0.303974 -0.364575 -0.880162
    outer loop
      vertex -3.02258 -36.5892 9.49086
      vertex -3.905 -33.2034 8.39317
      vertex -3.02258 -33.3282 8.14011
    endloop
  endfacet
  facet normal -0.643837 0.385053 0.661217
    outer loop
      vertex -3.01166 -35.8978 10.828
      vertex -3.905 -36.3248 10.2068
      vertex -3.01012 -35.9057 10.8341
    endloop
  endfacet
  facet normal -0.306122 0.489796 0.816327
    outer loop
      vertex -3.00516 -35.9029 10.8373
      vertex -3.005 -35.9033 10.8376
      vertex -3.005 -35.9028 10.8373
    endloop
  endfacet
  facet normal -0.629651 0.288986 0.721129
    outer loop
      vertex -3.005 -35.9033 10.8376
      vertex -3.00516 -35.9029 10.8373
      vertex -3.01011 -35.9057 10.8341
    endloop
  endfacet
  facet normal 0 0.866024 -0.500002
    outer loop
      vertex -3 -33.3279 8.13997
      vertex -3.005 -33.0414 8.6362
      vertex -3 -33.0414 8.6362
    endloop
  endfacet
  facet normal 0 0.866024 -0.500002
    outer loop
      vertex -3.005 -33.0414 8.6362
      vertex -3 -33.3279 8.13997
      vertex -3.005 -33.3279 8.13997
    endloop
  endfacet
  facet normal -1 0 0
    outer loop
      vertex -3.905 -33.2034 8.39317
      vertex -3.905 -36.3248 10.2068
      vertex -3.905 -33.1984 8.40183
    endloop
  endfacet
  facet normal -1 0 -0
    outer loop
      vertex -3.905 -36.3248 10.2068
      vertex -3.905 -33.2034 8.39317
      vertex -3.905 -36.3298 10.1982
    endloop
  endfacet
  facet normal 0.0576362 -0.86307 0.501785
    outer loop
      vertex -3.895 -36.3298 10.1982
      vertex -3.0051 -36.6615 9.52546
      vertex -3.895 -36.3248 10.2068
    endloop
  endfacet
  facet normal -0.186924 -0.956423 0.224309
    outer loop
      vertex -3.0051 -36.6615 9.52546
      vertex -3.895 -36.3298 10.1982
      vertex -3.00516 -36.6615 9.52541
    endloop
  endfacet
  facet normal 0 -0.668965 0.743294
    outer loop
      vertex -3 -36.6635 9.52151
      vertex -3.00005 -36.6634 9.5216
      vertex -3.00012 -36.6634 9.5216
    endloop
  endfacet
  facet normal 0.640184 0.768221 0
    outer loop
      vertex -3 -36.6635 9.52151
      vertex -3.00012 -36.6634 9.5216
      vertex -3.00012 -36.6634 9.52161
    endloop
  endfacet
  facet normal 0.581914 -0.363696 0.727393
    outer loop
      vertex -3.00005 -36.6634 9.5216
      vertex -3 -36.6635 9.52151
      vertex -3 -36.6634 9.52156
    endloop
  endfacet
  facet normal -0.303932 0.57998 0.75581
    outer loop
      vertex -3.02258 -33.0417 8.63643
      vertex -3.905 -33.1984 8.40183
      vertex -3.02258 -35.8419 10.7852
    endloop
  endfacet
  facet normal -0.643627 -0.385107 -0.661391
    outer loop
      vertex -3.905 -36.3298 10.1982
      vertex -3.01166 -36.6543 9.5178
      vertex -3.01012 -36.6634 9.5216
    endloop
  endfacet
  facet normal -0.643759 -0.382144 -0.662978
    outer loop
      vertex -3.905 -36.3298 10.1982
      vertex -3.01855 -36.6132 9.5008
      vertex -3.01166 -36.6543 9.5178
    endloop
  endfacet
  facet normal -0.643722 -0.38263 -0.662734
    outer loop
      vertex -3.01855 -36.6132 9.5008
      vertex -3.905 -36.3298 10.1982
      vertex -3.905 -33.2034 8.39317
    endloop
  endfacet
  facet normal -0.647605 -0.401515 -0.647605
    outer loop
      vertex -3.005 -36.6653 9.51773
      vertex -3.00516 -36.6648 9.51758
      vertex -3.00514 -36.6648 9.51756
    endloop
  endfacet
  facet normal -0.642406 -0.401417 -0.652824
    outer loop
      vertex -3.00516 -36.6648 9.51758
      vertex -3.005 -36.6653 9.51773
      vertex -3.01012 -36.6634 9.5216
    endloop
  endfacet
  facet normal 0.57448 -0.105273 0.81172
    outer loop
      vertex -3.01012 -36.6634 9.5216
      vertex -3.005 -36.6653 9.51773
      vertex -3.905 -36.3298 10.1982
    endloop
  endfacet
  facet normal 0 -0.896903 0.442228
    outer loop
      vertex -3.01011 -36.6634 9.52161
      vertex -3.895 -36.3298 10.1982
      vertex -3.905 -36.3298 10.1982
    endloop
  endfacet
  facet normal 0.00238084 -0.895662 0.44473
    outer loop
      vertex -3.895 -36.3298 10.1982
      vertex -3.01011 -36.6634 9.52161
      vertex -3.00516 -36.6615 9.52541
    endloop
  endfacet
  facet normal 0 -0.8981 0.439791
    outer loop
      vertex -3.005 -36.6653 9.51773
      vertex -3.00012 -36.6634 9.52161
      vertex -3.01011 -36.6634 9.52161
    endloop
  endfacet
  facet normal -0.497161 -0.831597 -0.247541
    outer loop
      vertex -3.005 -36.6653 9.51773
      vertex -3.01011 -36.6634 9.52161
      vertex -3.905 -36.3298 10.1982
    endloop
  endfacet
  facet normal 0 -0.8981 0.439791
    outer loop
      vertex -3 -36.6653 9.51773
      vertex -3.00012 -36.6634 9.52161
      vertex -3.005 -36.6653 9.51773
    endloop
  endfacet
  facet normal -0.366659 -0.839981 0.399991
    outer loop
      vertex -3.00012 -36.6634 9.52161
      vertex -3 -36.6653 9.51773
      vertex -3 -36.6635 9.52151
    endloop
  endfacet
  facet normal -0 -1 -0
    outer loop
      vertex -3 -36.6634 9.5216
      vertex -3.00005 -36.6634 9.5216
      vertex -3 -36.6634 9.52156
    endloop
  endfacet
  facet normal 0 0 1
    outer loop
      vertex -3 -35.9056 10.8341
      vertex -3.00012 -35.9057 10.8341
      vertex -3 -35.9057 10.8341
    endloop
  endfacet
  facet normal -0.172352 -0.953767 0.246217
    outer loop
      vertex -3.895 -36.3248 10.2068
      vertex -3.0051 -36.6615 9.52546
      vertex -3.005 -36.6615 9.52553
    endloop
  endfacet
  facet normal -0.0842574 -0.768767 0.633955
    outer loop
      vertex -3.895 -36.3248 10.2068
      vertex -3.005 -35.9081 10.8304
      vertex -3.00516 -35.908 10.8305
    endloop
  endfacet
  facet normal 0.0550385 -0.864703 0.499258
    outer loop
      vertex -3.005 -36.6615 9.52553
      vertex -3.005 -35.9081 10.8304
      vertex -3.895 -36.3248 10.2068
    endloop
  endfacet
  facet normal 0.0545599 -0.864726 0.499272
    outer loop
      vertex -3.005 -35.9081 10.8304
      vertex -3.005 -36.6615 9.52553
      vertex -3 -35.9079 10.8302
    endloop
  endfacet
  facet normal 0.0588592 -0.864522 0.499137
    outer loop
      vertex -3 -35.9079 10.8302
      vertex -3.005 -36.6615 9.52553
      vertex -3 -36.6612 9.52546
    endloop
  endfacet
  facet normal -0.0209079 0.86583 -0.499902
    outer loop
      vertex -3.905 -33.1984 8.40183
      vertex -3.02258 -33.3282 8.14011
      vertex -3.905 -33.2034 8.39317
    endloop
  endfacet
  facet normal 0 0.895874 -0.444309
    outer loop
      vertex -3.02199 -33.3282 8.14011
      vertex -3.02258 -33.3282 8.14011
      vertex -3.905 -33.1984 8.40183
    endloop
  endfacet
  facet normal 0 0 0
    outer loop
      vertex -3.02258 -33.3282 8.14011
      vertex -3.02199 -33.3282 8.14011
      vertex -3.022 -33.3282 8.14011
    endloop
  endfacet
  facet normal 0 -0.501718 -0.865031
    outer loop
      vertex -3.005 -36.6648 9.51744
      vertex -3 -36.6653 9.51773
      vertex -3.005 -36.6653 9.51773
    endloop
  endfacet
  facet normal -0.0041122 -0.532167 -0.846629
    outer loop
      vertex -3 -36.6653 9.51773
      vertex -3.005 -36.6648 9.51744
      vertex -3 -36.6646 9.51729
    endloop
  endfacet
  facet normal 0 -0.864507 0.50262
    outer loop
      vertex -3.905 -36.3298 10.1982
      vertex -3.895 -36.3248 10.2068
      vertex -3.905 -36.3248 10.2068
    endloop
  endfacet
  facet normal 0 -0.864507 0.50262
    outer loop
      vertex -3.895 -36.3248 10.2068
      vertex -3.905 -36.3298 10.1982
      vertex -3.895 -36.3298 10.1982
    endloop
  endfacet
  facet normal -0.643764 0.382603 0.662709
    outer loop
      vertex -3.905 -36.3248 10.2068
      vertex -3.02258 -35.8419 10.7852
      vertex -3.905 -33.1984 8.40183
    endloop
  endfacet
  facet normal -0.643699 0.381981 0.66313
    outer loop
      vertex -3.02258 -35.8419 10.7852
      vertex -3.905 -36.3248 10.2068
      vertex -3.01166 -35.8978 10.828
    endloop
  endfacet
  facet normal -0.0213151 0.865856 -0.499839
    outer loop
      vertex -3.02199 -33.3282 8.14011
      vertex -3.02258 -33.0417 8.63643
      vertex -3.005 -33.0414 8.6362
    endloop
  endfacet
  facet normal -0.0208717 0.865864 -0.499844
    outer loop
      vertex -3.02258 -33.0417 8.63643
      vertex -3.02199 -33.3282 8.14011
      vertex -3.905 -33.1984 8.40183
    endloop
  endfacet
  facet normal -0.0194082 0.865861 -0.499908
    outer loop
      vertex -3.02199 -33.3282 8.14011
      vertex -3.005 -33.0414 8.6362
      vertex -3.005 -33.3279 8.13997
    endloop
  endfacet
  facet normal 0 -0.824729 0.565528
    outer loop
      vertex -3.00012 -35.9057 10.8341
      vertex -3 -35.9033 10.8376
      vertex -3.005 -35.9033 10.8376
    endloop
  endfacet
  facet normal 0 -0.824729 0.565528
    outer loop
      vertex -3.00012 -35.9057 10.8341
      vertex -3.005 -35.9033 10.8376
      vertex -3.01011 -35.9057 10.8341
    endloop
  endfacet
  facet normal 0.57149 -0.685788 0.45066
    outer loop
      vertex -3 -35.9033 10.8376
      vertex -3.00012 -35.9057 10.8341
      vertex -3 -35.9056 10.8341
    endloop
  endfacet
  facet normal 0 -0.831499 0.555526
    outer loop
      vertex -3.895 -36.3248 10.2068
      vertex -3.01012 -35.9057 10.8341
      vertex -3.905 -36.3248 10.2068
    endloop
  endfacet
  facet normal 0.00877024 -0.837138 0.546922
    outer loop
      vertex -3.01012 -35.9057 10.8341
      vertex -3.895 -36.3248 10.2068
      vertex -3.00516 -35.908 10.8305
    endloop
  endfacet
  facet normal -0.00894391 0.447196 0.894391
    outer loop
      vertex -3.005 -35.9028 10.8373
      vertex -3 -35.9033 10.8376
      vertex -3 -35.9025 10.8372
    endloop
  endfacet
  facet normal 0 0.514496 0.857493
    outer loop
      vertex -3 -35.9033 10.8376
      vertex -3.005 -35.9028 10.8373
      vertex -3.005 -35.9033 10.8376
    endloop
  endfacet
  facet normal 0 -0.707107 0.707107
    outer loop
      vertex -3.905 -35.4083 11.4012
      vertex -3.895 -35.4012 11.4083
      vertex -3.905 -35.4012 11.4083
    endloop
  endfacet
  facet normal 0 -0.707107 0.707107
    outer loop
      vertex -3.895 -35.4012 11.4083
      vertex -3.905 -35.4083 11.4012
      vertex -3.895 -35.4083 11.4012
    endloop
  endfacet
  facet normal -0.304003 -0.579967 -0.755792
    outer loop
      vertex -3.02258 -33.0417 8.63643
      vertex -3.02258 -35.8419 10.7852
      vertex -3.905 -32.8556 8.84856
    endloop
  endfacet
  facet normal -1 0 0
    outer loop
      vertex -3.905 -32.8556 8.84856
      vertex -3.905 -35.4012 11.4083
      vertex -3.905 -32.8486 8.85563
    endloop
  endfacet
  facet normal -1 0 -0
    outer loop
      vertex -3.905 -35.4012 11.4083
      vertex -3.905 -32.8556 8.84856
      vertex -3.905 -35.4083 11.4012
    endloop
  endfacet
  facet normal 0 -0.751796 0.659396
    outer loop
      vertex -3.01011 -35.9057 10.8341
      vertex -3.895 -35.4083 11.4012
      vertex -3.905 -35.4083 11.4012
    endloop
  endfacet
  facet normal -0.000506902 -0.752188 0.658949
    outer loop
      vertex -3.895 -35.4083 11.4012
      vertex -3.01011 -35.9057 10.8341
      vertex -3.00516 -35.9029 10.8373
    endloop
  endfacet
  facet normal 0 -0.762509 0.646977
    outer loop
      vertex -3.005 -35.9085 10.8308
      vertex -3.00012 -35.9057 10.8341
      vertex -3.01011 -35.9057 10.8341
    endloop
  endfacet
  facet normal -0.630216 -0.650415 -0.424013
    outer loop
      vertex -3.005 -35.9085 10.8308
      vertex -3.01011 -35.9057 10.8341
      vertex -3.905 -35.4083 11.4012
    endloop
  endfacet
  facet normal 0 -0.762509 0.646977
    outer loop
      vertex -3 -35.9085 10.8308
      vertex -3.00012 -35.9057 10.8341
      vertex -3.005 -35.9085 10.8308
    endloop
  endfacet
  facet normal 0.48108 -0.659767 0.577296
    outer loop
      vertex -3.00012 -35.9057 10.8341
      vertex -3 -35.9085 10.8308
      vertex -3 -35.9057 10.834
    endloop
  endfacet
  facet normal -0.643674 -0.541142 -0.541155
    outer loop
      vertex -3.02258 -35.8419 10.7852
      vertex -3.905 -35.4083 11.4012
      vertex -3.905 -32.8556 8.84856
    endloop
  endfacet
  facet normal -0.643745 -0.54051 -0.541702
    outer loop
      vertex -3.01166 -35.8978 10.828
      vertex -3.905 -35.4083 11.4012
      vertex -3.02258 -35.8419 10.7852
    endloop
  endfacet
  facet normal -0.643645 -0.542387 -0.539942
    outer loop
      vertex -3.01012 -35.9057 10.8341
      vertex -3.905 -35.4083 11.4012
      vertex -3.01166 -35.8978 10.828
    endloop
  endfacet
  facet normal 0.639702 0.592052 0.490159
    outer loop
      vertex -3.01012 -35.9057 10.8341
      vertex -3.005 -35.9085 10.8308
      vertex -3.905 -35.4083 11.4012
    endloop
  endfacet
  facet normal -0.644621 -0.534336 -0.546763
    outer loop
      vertex -3.00516 -35.908 10.8305
      vertex -3.005 -35.9085 10.8308
      vertex -3.01012 -35.9057 10.8341
    endloop
  endfacet
  facet normal -0.662266 -0.529813 -0.529813
    outer loop
      vertex -3.005 -35.9085 10.8308
      vertex -3.00516 -35.908 10.8305
      vertex -3.005 -35.9081 10.8304
    endloop
  endfacet
  facet normal 0 -0.707107 -0.707107
    outer loop
      vertex -3.005 -35.9081 10.8304
      vertex -3 -35.9085 10.8308
      vertex -3.005 -35.9085 10.8308
    endloop
  endfacet
  facet normal 8.37397e-14 -0.707107 -0.707107
    outer loop
      vertex -3 -35.9085 10.8308
      vertex -3.005 -35.9081 10.8304
      vertex -3 -35.9079 10.8302
    endloop
  endfacet
  facet normal -0.643674 0.541156 0.541141
    outer loop
      vertex -3.905 -35.4012 11.4083
      vertex -3.02258 -34.7852 11.8419
      vertex -3.905 -32.8486 8.85563
    endloop
  endfacet
  facet normal -0.643745 0.541702 0.54051
    outer loop
      vertex -3.02258 -34.7852 11.8419
      vertex -3.905 -35.4012 11.4083
      vertex -3.01166 -34.828 11.8978
    endloop
  endfacet
  facet normal -0.662266 0.529813 0.529813
    outer loop
      vertex -3.00516 -34.8305 11.908
      vertex -3.005 -34.8308 11.9085
      vertex -3.005 -34.8304 11.9081
    endloop
  endfacet
  facet normal 0.643508 -0.540049 -0.542443
    outer loop
      vertex -3.00516 -34.8305 11.908
      vertex -3.01012 -34.8341 11.9057
      vertex -3.01166 -34.828 11.8978
    endloop
  endfacet
  facet normal -0.643665 0.540287 0.54202
    outer loop
      vertex -3.01166 -34.828 11.8978
      vertex -3.905 -35.4012 11.4083
      vertex -3.005 -34.8308 11.9085
    endloop
  endfacet
  facet normal -0.628392 0.561734 0.538126
    outer loop
      vertex -3.01166 -34.828 11.8978
      vertex -3.005 -34.8308 11.9085
      vertex -3.00516 -34.8305 11.908
    endloop
  endfacet
  facet normal -0.304021 0.755786 0.579964
    outer loop
      vertex -3.905 -32.8486 8.85563
      vertex -3.02258 -34.7852 11.8419
      vertex -3.02258 -32.6364 9.04167
    endloop
  endfacet
  facet normal 0 -1 0
    outer loop
      vertex -3.00012 -35.9057 10.8341
      vertex -3 -35.9057 10.834
      vertex -3 -35.9057 10.8341
    endloop
  endfacet
  facet normal 0 0 1
    outer loop
      vertex -3 -34.834 11.9057
      vertex -3.00012 -34.8341 11.9057
      vertex -3 -34.8341 11.9057
    endloop
  endfacet
  facet normal 0.283426 -0.453481 0.845
    outer loop
      vertex -3.895 -35.4083 11.4012
      vertex -3.00516 -35.9029 10.8373
      vertex -3.005 -35.9028 10.8373
    endloop
  endfacet
  facet normal 0.283426 -0.845 0.453481
    outer loop
      vertex -3.895 -35.4012 11.4083
      vertex -3.005 -34.8373 11.9028
      vertex -3.00516 -34.8373 11.9029
    endloop
  endfacet
  facet normal 0.0550548 -0.706034 0.706034
    outer loop
      vertex -3.895 -35.4083 11.4012
      vertex -3.005 -34.8373 11.9028
      vertex -3.895 -35.4012 11.4083
    endloop
  endfacet
  facet normal 0.0550548 -0.706034 0.706034
    outer loop
      vertex -3.005 -35.9028 10.8373
      vertex -3.005 -34.8373 11.9028
      vertex -3.895 -35.4083 11.4012
    endloop
  endfacet
  facet normal 0.0564782 -0.705978 0.705978
    outer loop
      vertex -3.005 -34.8373 11.9028
      vertex -3.005 -35.9028 10.8373
      vertex -3 -34.8372 11.9025
    endloop
  endfacet
  facet normal 0.0564782 -0.705978 0.705978
    outer loop
      vertex -3 -34.8372 11.9025
      vertex -3.005 -35.9028 10.8373
      vertex -3 -35.9025 10.8372
    endloop
  endfacet
  facet normal 0.48108 -0.577296 0.659767
    outer loop
      vertex -3 -34.8308 11.9085
      vertex -3.00012 -34.8341 11.9057
      vertex -3 -34.834 11.9057
    endloop
  endfacet
  facet normal 0 -0.646977 0.762509
    outer loop
      vertex -3.005 -34.8308 11.9085
      vertex -3.00012 -34.8341 11.9057
      vertex -3 -34.8308 11.9085
    endloop
  endfacet
  facet normal 0 -0.646977 0.762509
    outer loop
      vertex -3.005 -34.8308 11.9085
      vertex -3.01011 -34.8341 11.9057
      vertex -3.00012 -34.8341 11.9057
    endloop
  endfacet
  facet normal 0 -0.659396 0.751796
    outer loop
      vertex -3.01011 -34.8341 11.9057
      vertex -3.905 -35.4012 11.4083
      vertex -3.895 -35.4012 11.4083
    endloop
  endfacet
  facet normal -0.630216 0.424013 0.650415
    outer loop
      vertex -3.905 -35.4012 11.4083
      vertex -3.01011 -34.8341 11.9057
      vertex -3.005 -34.8308 11.9085
    endloop
  endfacet
  facet normal -0.000506902 -0.658949 0.752188
    outer loop
      vertex -3.00516 -34.8373 11.9029
      vertex -3.01011 -34.8341 11.9057
      vertex -3.895 -35.4012 11.4083
    endloop
  endfacet
  facet normal 0 0.707089 -0.707124
    outer loop
      vertex -3 -33.0414 8.6362
      vertex -3.005 -32.6362 9.04138
      vertex -3 -32.6362 9.04138
    endloop
  endfacet
  facet normal 0 0.707089 -0.707124
    outer loop
      vertex -3.005 -32.6362 9.04138
      vertex -3 -33.0414 8.6362
      vertex -3.005 -33.0414 8.6362
    endloop
  endfacet
  facet normal -0.0197053 0.706917 -0.707022
    outer loop
      vertex -3.02258 -33.0417 8.63643
      vertex -3.02258 -32.6364 9.04167
      vertex -3.005 -32.6362 9.04138
    endloop
  endfacet
  facet normal -0.0208776 0.7069 -0.707005
    outer loop
      vertex -3.905 -32.8556 8.84856
      vertex -3.02258 -32.6364 9.04167
      vertex -3.02258 -33.0417 8.63643
    endloop
  endfacet
  facet normal -0.0225444 0.710435 -0.703401
    outer loop
      vertex -3.02258 -32.6364 9.04167
      vertex -3.905 -32.8556 8.84856
      vertex -3.905 -32.8486 8.85563
    endloop
  endfacet
  facet normal -0.0213129 0.706929 -0.706964
    outer loop
      vertex -3.02258 -33.0417 8.63643
      vertex -3.005 -32.6362 9.04138
      vertex -3.005 -33.0414 8.6362
    endloop
  endfacet
  facet normal 0 0.707107 0.707107
    outer loop
      vertex -3 -34.8308 11.9085
      vertex -3.005 -34.8304 11.9081
      vertex -3.005 -34.8308 11.9085
    endloop
  endfacet
  facet normal 2.51216e-13 0.707107 0.707107
    outer loop
      vertex -3.005 -34.8304 11.9081
      vertex -3 -34.8308 11.9085
      vertex -3 -34.8302 11.9079
    endloop
  endfacet
  facet normal -0.629651 -0.721129 -0.288986
    outer loop
      vertex -3.00516 -34.8373 11.9029
      vertex -3.005 -34.8376 11.9033
      vertex -3.01011 -34.8341 11.9057
    endloop
  endfacet
  facet normal -0.306122 -0.816327 -0.489796
    outer loop
      vertex -3.005 -34.8376 11.9033
      vertex -3.00516 -34.8373 11.9029
      vertex -3.005 -34.8373 11.9028
    endloop
  endfacet
  facet normal -0.643837 -0.661217 -0.385053
    outer loop
      vertex -3.01012 -34.8341 11.9057
      vertex -3.905 -34.2068 12.3248
      vertex -3.01166 -34.828 11.8978
    endloop
  endfacet
  facet normal -0.303968 -0.7558 -0.579975
    outer loop
      vertex -3.02258 -34.7852 11.8419
      vertex -3.905 -32.4018 9.19843
      vertex -3.02258 -32.6364 9.04167
    endloop
  endfacet
  facet normal 0.57149 -0.45066 0.685788
    outer loop
      vertex -3 -34.8341 11.9056
      vertex -3.00012 -34.8341 11.9057
      vertex -3 -34.8376 11.9033
    endloop
  endfacet
  facet normal 0 -0.565528 0.824729
    outer loop
      vertex -3.00012 -34.8341 11.9057
      vertex -3.005 -34.8376 11.9033
      vertex -3 -34.8376 11.9033
    endloop
  endfacet
  facet normal 0 -0.565528 0.824729
    outer loop
      vertex -3.005 -34.8376 11.9033
      vertex -3.00012 -34.8341 11.9057
      vertex -3.01011 -34.8341 11.9057
    endloop
  endfacet
  facet normal 0.00877024 -0.546922 0.837138
    outer loop
      vertex -3.895 -34.2068 12.3248
      vertex -3.01012 -34.8341 11.9057
      vertex -3.00516 -34.8305 11.908
    endloop
  endfacet
  facet normal 0 -0.555526 0.831499
    outer loop
      vertex -3.01012 -34.8341 11.9057
      vertex -3.895 -34.2068 12.3248
      vertex -3.905 -34.2068 12.3248
    endloop
  endfacet
  facet normal -0.643699 -0.66313 -0.381981
    outer loop
      vertex -3.905 -34.2068 12.3248
      vertex -3.02258 -34.7852 11.8419
      vertex -3.01166 -34.828 11.8978
    endloop
  endfacet
  facet normal -0.643764 -0.662704 -0.38261
    outer loop
      vertex -3.02258 -34.7852 11.8419
      vertex -3.905 -34.2068 12.3248
      vertex -3.905 -32.4018 9.19843
    endloop
  endfacet
  facet normal -0 -1 -0
    outer loop
      vertex -3 -34.8341 11.9057
      vertex -3.00012 -34.8341 11.9057
      vertex -3 -34.8341 11.9056
    endloop
  endfacet
  facet normal 0.051891 -0.499342 0.86485
    outer loop
      vertex -3.005 -33.5255 12.6615
      vertex -3 -34.8302 11.9079
      vertex -3 -33.5255 12.6612
    endloop
  endfacet
  facet normal 0.0545598 -0.499263 0.864731
    outer loop
      vertex -3.005 -33.5255 12.6615
      vertex -3.005 -34.8304 11.9081
      vertex -3 -34.8302 11.9079
    endloop
  endfacet
  facet normal 0 -0.443051 0.896497
    outer loop
      vertex -3.895 -34.2068 12.3248
      vertex -3.005 -33.5255 12.6615
      vertex -3.0051 -33.5255 12.6615
    endloop
  endfacet
  facet normal 0.0550468 -0.49925 0.864708
    outer loop
      vertex -3.005 -33.5255 12.6615
      vertex -3.895 -34.2068 12.3248
      vertex -3.005 -34.8304 11.9081
    endloop
  endfacet
  facet normal -0.0842574 -0.633955 0.768767
    outer loop
      vertex -3.005 -34.8304 11.9081
      vertex -3.895 -34.2068 12.3248
      vertex -3.00516 -34.8305 11.908
    endloop
  endfacet
  facet normal 0 -1 0
    outer loop
      vertex -3.02199 -32.1401 9.32821
      vertex -3.02258 -32.1401 9.32822
      vertex -3.022 -32.1401 9.32821
    endloop
  endfacet
  facet normal -0.01483 0.483947 -0.874972
    outer loop
      vertex -3.905 -32.4018 9.19843
      vertex -3.02258 -32.1401 9.32822
      vertex -3.02199 -32.1401 9.32821
    endloop
  endfacet
  facet normal -0.021615 0.501751 -0.864742
    outer loop
      vertex -3.02258 -32.1401 9.32822
      vertex -3.905 -32.4018 9.19843
      vertex -3.905 -32.3932 9.20342
    endloop
  endfacet
  facet normal -0 0.980581 0.196116
    outer loop
      vertex -3.00516 -33.5176 12.6648
      vertex -3.005 -33.5177 12.6653
      vertex -3.00514 -33.5176 12.6648
    endloop
  endfacet
  facet normal -0.646421 0.681461 0.343147
    outer loop
      vertex -3.01012 -33.5216 12.6634
      vertex -3.005 -33.5177 12.6653
      vertex -3.00516 -33.5176 12.6648
    endloop
  endfacet
  facet normal -0.643759 0.662978 0.382144
    outer loop
      vertex -3.905 -34.1982 12.3298
      vertex -3.01166 -33.5178 12.6543
      vertex -3.01855 -33.5008 12.6132
    endloop
  endfacet
  facet normal 0.498144 -0.249394 -0.830455
    outer loop
      vertex -3.01012 -33.5216 12.6634
      vertex -3.905 -34.1982 12.3298
      vertex -3.005 -33.5177 12.6653
    endloop
  endfacet
  facet normal -0.643627 0.661391 0.385107
    outer loop
      vertex -3.01166 -33.5178 12.6543
      vertex -3.905 -34.1982 12.3298
      vertex -3.01012 -33.5216 12.6634
    endloop
  endfacet
  facet normal -0.643723 0.662735 0.382627
    outer loop
      vertex -3.905 -34.1982 12.3298
      vertex -3.01855 -33.5008 12.6132
      vertex -3.905 -32.3932 9.20342
    endloop
  endfacet
  facet normal -1 0 0
    outer loop
      vertex -3.905 -32.4018 9.19843
      vertex -3.905 -34.1982 12.3298
      vertex -3.905 -32.3932 9.20342
    endloop
  endfacet
  facet normal -1 0 -0
    outer loop
      vertex -3.905 -34.1982 12.3298
      vertex -3.905 -32.4018 9.19843
      vertex -3.905 -34.2068 12.3248
    endloop
  endfacet
  facet normal -0.30401 0.880146 0.364584
    outer loop
      vertex -3.02258 -33.4909 12.5892
      vertex -3.02258 -32.1401 9.32822
      vertex -3.905 -32.3932 9.20342
    endloop
  endfacet
  facet normal 0 -0.857493 -0.514496
    outer loop
      vertex -3.005 -34.8373 11.9028
      vertex -3 -34.8376 11.9033
      vertex -3.005 -34.8376 11.9033
    endloop
  endfacet
  facet normal -0.00894391 -0.894391 -0.447196
    outer loop
      vertex -3 -34.8376 11.9033
      vertex -3.005 -34.8373 11.9028
      vertex -3 -34.8372 11.9025
    endloop
  endfacet
  facet normal 0 -0.50262 0.864507
    outer loop
      vertex -3.905 -34.1982 12.3298
      vertex -3.895 -34.2068 12.3248
      vertex -3.895 -34.1982 12.3298
    endloop
  endfacet
  facet normal 0 -0.50262 0.864507
    outer loop
      vertex -3.895 -34.2068 12.3248
      vertex -3.905 -34.1982 12.3298
      vertex -3.905 -34.2068 12.3248
    endloop
  endfacet
  facet normal -0.245682 -0.147409 0.958077
    outer loop
      vertex -3.895 -34.1982 12.3298
      vertex -3.0051 -33.5255 12.6615
      vertex -3.00516 -33.5254 12.6615
    endloop
  endfacet
  facet normal 0.0576137 -0.501786 0.863071
    outer loop
      vertex -3.0051 -33.5255 12.6615
      vertex -3.895 -34.1982 12.3298
      vertex -3.895 -34.2068 12.3248
    endloop
  endfacet
  facet normal 0 -0.707107 0.707107
    outer loop
      vertex -3 -33.5215 12.6635
      vertex -3.00005 -33.5216 12.6634
      vertex -3 -33.5216 12.6634
    endloop
  endfacet
  facet normal 0 -0.707107 0.707107
    outer loop
      vertex -3 -33.5215 12.6635
      vertex -3.00012 -33.5216 12.6634
      vertex -3.00005 -33.5216 12.6634
    endloop
  endfacet
  facet normal -0.368485 -0.397964 0.840145
    outer loop
      vertex -3 -33.5177 12.6653
      vertex -3.00012 -33.5216 12.6634
      vertex -3 -33.5215 12.6635
    endloop
  endfacet
  facet normal 0 -0.437969 0.89899
    outer loop
      vertex -3.005 -33.5177 12.6653
      vertex -3.00012 -33.5216 12.6634
      vertex -3 -33.5177 12.6653
    endloop
  endfacet
  facet normal 0 -0.437969 0.89899
    outer loop
      vertex -3.005 -33.5177 12.6653
      vertex -3.01011 -33.5216 12.6634
      vertex -3.00012 -33.5216 12.6634
    endloop
  endfacet
  facet normal 0 -0.442222 0.896905
    outer loop
      vertex -3.01011 -33.5216 12.6634
      vertex -3.905 -34.1982 12.3298
      vertex -3.895 -34.1982 12.3298
    endloop
  endfacet
  facet normal -0.425762 0.120999 0.896709
    outer loop
      vertex -3.905 -34.1982 12.3298
      vertex -3.01011 -33.5216 12.6634
      vertex -3.005 -33.5177 12.6653
    endloop
  endfacet
  facet normal 0.00238336 -0.444727 0.895663
    outer loop
      vertex -3.00516 -33.5254 12.6615
      vertex -3.01011 -33.5216 12.6634
      vertex -3.895 -34.1982 12.3298
    endloop
  endfacet
  facet normal 0 0.500012 -0.866019
    outer loop
      vertex -3.005 -32.6362 9.04138
      vertex -3 -32.14 9.32787
      vertex -3 -32.6362 9.04138
    endloop
  endfacet
  facet normal 0 0.500012 -0.866019
    outer loop
      vertex -3 -32.14 9.32787
      vertex -3.005 -32.6362 9.04138
      vertex -3.005 -32.14 9.32787
    endloop
  endfacet
  facet normal -0.0202694 0.499909 -0.865841
    outer loop
      vertex -3.005 -32.6362 9.04138
      vertex -3.02199 -32.1401 9.32821
      vertex -3.005 -32.14 9.32787
    endloop
  endfacet
  facet normal -0.0199703 0.499919 -0.865842
    outer loop
      vertex -3.02258 -32.6364 9.04167
      vertex -3.02199 -32.1401 9.32821
      vertex -3.005 -32.6362 9.04138
    endloop
  endfacet
  facet normal -0.0209057 0.499911 -0.865825
    outer loop
      vertex -3.02199 -32.1401 9.32821
      vertex -3.02258 -32.6364 9.04167
      vertex -3.905 -32.4018 9.19843
    endloop
  endfacet
  facet normal -0.774659 0.542261 0.325357
    outer loop
      vertex -3.005 -33.5174 12.6648
      vertex -3.00514 -33.5176 12.6648
      vertex -3.005 -33.5177 12.6653
    endloop
  endfacet
  facet normal -0.63708 0.668955 0.38292
    outer loop
      vertex -3.01855 -33.5008 12.6132
      vertex -3.02258 -33.4909 12.5892
      vertex -3.905 -32.3932 9.20342
    endloop
  endfacet
  facet normal 0 0.857493 0.514496
    outer loop
      vertex -3 -33.5177 12.6653
      vertex -3.005 -33.5174 12.6648
      vertex -3.005 -33.5177 12.6653
    endloop
  endfacet
  facet normal 0.00248069 0.86824 0.496137
    outer loop
      vertex -3.005 -33.5174 12.6648
      vertex -3 -33.5177 12.6653
      vertex -3 -33.5173 12.6646
    endloop
  endfacet
  facet normal -0.646586 -0.727475 -0.229577
    outer loop
      vertex -3.00516 -33.5254 12.6615
      vertex -3.005 -33.5257 12.662
      vertex -3.01011 -33.5216 12.6634
    endloop
  endfacet
  facet normal -0.856989 -0.514193 -0.0342796
    outer loop
      vertex -3.0051 -33.5255 12.6615
      vertex -3.005 -33.5257 12.662
      vertex -3.00516 -33.5254 12.6615
    endloop
  endfacet
  facet normal 0 -0.928477 -0.371391
    outer loop
      vertex -3.005 -33.5257 12.662
      vertex -3.0051 -33.5255 12.6615
      vertex -3.005 -33.5255 12.6615
    endloop
  endfacet
  facet normal -0.643755 -0.738756 -0.199548
    outer loop
      vertex -3.01012 -33.5216 12.6634
      vertex -3.905 -32.8073 12.9059
      vertex -3.01166 -33.5178 12.6543
    endloop
  endfacet
  facet normal -0.303984 -0.880153 -0.364587
    outer loop
      vertex -3.02258 -33.4909 12.5892
      vertex -3.905 -31.8729 9.41891
      vertex -3.02258 -32.1401 9.32822
    endloop
  endfacet
  facet normal -0.265418 -0.318502 0.910005
    outer loop
      vertex -3 -33.5217 12.6634
      vertex -3.00012 -33.5216 12.6634
      vertex -3 -33.5257 12.662
    endloop
  endfacet
  facet normal 0 -0.323144 0.94635
    outer loop
      vertex -3.00012 -33.5216 12.6634
      vertex -3.005 -33.5257 12.662
      vertex -3 -33.5257 12.662
    endloop
  endfacet
  facet normal 0 -0.323144 0.94635
    outer loop
      vertex -3.005 -33.5257 12.662
      vertex -3.00012 -33.5216 12.6634
      vertex -3.01011 -33.5216 12.6634
    endloop
  endfacet
  facet normal -0.00400717 -0.325918 0.94539
    outer loop
      vertex -3.895 -32.8073 12.9059
      vertex -3.01012 -33.5216 12.6634
      vertex -3.00516 -33.5176 12.6648
    endloop
  endfacet
  facet normal 0 -0.321473 0.946919
    outer loop
      vertex -3.01012 -33.5216 12.6634
      vertex -3.895 -32.8073 12.9059
      vertex -3.905 -32.8073 12.9059
    endloop
  endfacet
  facet normal -0.643688 -0.739265 -0.197871
    outer loop
      vertex -3.905 -32.8073 12.9059
      vertex -3.01855 -33.5008 12.6132
      vertex -3.01166 -33.5178 12.6543
    endloop
  endfacet
  facet normal -0.643624 -0.739555 -0.196991
    outer loop
      vertex -3.905 -32.8073 12.9059
      vertex -3.02258 -33.4909 12.5892
      vertex -3.01855 -33.5008 12.6132
    endloop
  endfacet
  facet normal -0.643723 -0.73918 -0.198076
    outer loop
      vertex -3.02258 -33.4909 12.5892
      vertex -3.905 -32.8073 12.9059
      vertex -3.905 -31.8729 9.41891
    endloop
  endfacet
  facet normal -0 0 1
    outer loop
      vertex -3.00005 -33.5216 12.6634
      vertex -3 -33.5217 12.6634
      vertex -3 -33.5216 12.6634
    endloop
  endfacet
  facet normal 0 0 1
    outer loop
      vertex -3 -33.5217 12.6634
      vertex -3.00005 -33.5216 12.6634
      vertex -3.00012 -33.5216 12.6634
    endloop
  endfacet
  facet normal 0.0578589 -0.258357 0.964315
    outer loop
      vertex -3.005 -32.062 13.0548
      vertex -3 -33.5173 12.6646
      vertex -3 -32.062 13.0545
    endloop
  endfacet
  facet normal 0.0437716 -0.258588 0.964996
    outer loop
      vertex -3.005 -32.062 13.0548
      vertex -3.005 -33.5174 12.6648
      vertex -3 -33.5173 12.6646
    endloop
  endfacet
  facet normal 0 -0.195914 0.980621
    outer loop
      vertex -3.895 -32.8073 12.9059
      vertex -3.005 -32.062 13.0548
      vertex -3.0051 -32.062 13.0548
    endloop
  endfacet
  facet normal 0.0550674 -0.258443 0.964456
    outer loop
      vertex -3.005 -32.062 13.0548
      vertex -3.895 -32.8073 12.9059
      vertex -3.005 -33.5174 12.6648
    endloop
  endfacet
  facet normal 0.170034 -0.119024 0.978224
    outer loop
      vertex -3.005 -33.5174 12.6648
      vertex -3.895 -32.8073 12.9059
      vertex -3.00514 -33.5176 12.6648
    endloop
  endfacet
  facet normal 0 -0.321422 0.946936
    outer loop
      vertex -3.00514 -33.5176 12.6648
      vertex -3.895 -32.8073 12.9059
      vertex -3.00516 -33.5176 12.6648
    endloop
  endfacet
  facet normal -0.0203484 0.260424 -0.96528
    outer loop
      vertex -3.905 -31.8633 9.4215
      vertex -3.02258 -32.1401 9.32822
      vertex -3.905 -31.8729 9.41891
    endloop
  endfacet
  facet normal -0.0165918 0.271404 -0.962323
    outer loop
      vertex -3.02258 -32.1401 9.32822
      vertex -3.905 -31.8633 9.4215
      vertex -3.022 -32.1401 9.32821
    endloop
  endfacet
  facet normal 0 0.258819 -0.965926
    outer loop
      vertex -3.005 -32.14 9.32787
      vertex -3 -31.5865 9.47618
      vertex -3 -32.14 9.32787
    endloop
  endfacet
  facet normal 0 0.258819 -0.965926
    outer loop
      vertex -3 -31.5865 9.47618
      vertex -3.005 -32.14 9.32787
      vertex -3.005 -31.5865 9.47618
    endloop
  endfacet
  facet normal -0.0208487 0.258763 -0.965716
    outer loop
      vertex -3.02199 -32.1401 9.32821
      vertex -3.005 -31.5865 9.47618
      vertex -3.005 -32.14 9.32787
    endloop
  endfacet
  facet normal 0 0.258824 -0.965924
    outer loop
      vertex -3.02257 -31.5865 9.47655
      vertex -3.02199 -32.1401 9.32821
      vertex -3.022 -32.1401 9.32821
    endloop
  endfacet
  facet normal -0.0203369 0.258751 -0.96573
    outer loop
      vertex -3.02199 -32.1401 9.32821
      vertex -3.02257 -31.5865 9.47655
      vertex -3.005 -31.5865 9.47618
    endloop
  endfacet
  facet normal -0.0209179 0.258748 -0.965718
    outer loop
      vertex -3.02257 -31.5865 9.47655
      vertex -3.022 -32.1401 9.32821
      vertex -3.905 -31.8633 9.4215
    endloop
  endfacet
  facet normal -1 0 0
    outer loop
      vertex -3.905 -31.8729 9.41891
      vertex -3.905 -32.7976 12.9085
      vertex -3.905 -31.8633 9.4215
    endloop
  endfacet
  facet normal -1 0 -0
    outer loop
      vertex -3.905 -32.7976 12.9085
      vertex -3.905 -31.8729 9.41891
      vertex -3.905 -32.8073 12.9059
    endloop
  endfacet
  facet normal -0.643781 0.73949 0.196725
    outer loop
      vertex -3.01855 -32.0507 13.0018
      vertex -3.905 -32.7976 12.9085
      vertex -3.01012 -32.0577 13.0557
    endloop
  endfacet
  facet normal -0.643688 0.739213 0.198063
    outer loop
      vertex -3.905 -32.7976 12.9085
      vertex -3.01855 -32.0507 13.0018
      vertex -3.905 -31.8633 9.4215
    endloop
  endfacet
  facet normal 0 1 0
    outer loop
      vertex -3.005 -32.0535 13.0565
      vertex -3.00514 -32.0535 13.0559
      vertex -3.00516 -32.0535 13.0559
    endloop
  endfacet
  facet normal -0.641451 0.747851 0.171054
    outer loop
      vertex -3.005 -32.0535 13.0565
      vertex -3.00516 -32.0535 13.0559
      vertex -3.01011 -32.0577 13.0557
    endloop
  endfacet
  facet normal 0 -0.928477 -0.371391
    outer loop
      vertex -3.005 -33.5255 12.6615
      vertex -3 -33.5257 12.662
      vertex -3.005 -33.5257 12.662
    endloop
  endfacet
  facet normal -0.0145506 -0.97004 -0.24251
    outer loop
      vertex -3 -33.5257 12.662
      vertex -3.005 -33.5255 12.6615
      vertex -3 -33.5255 12.6612
    endloop
  endfacet
  facet normal 0 -0.258902 0.965904
    outer loop
      vertex -3.905 -32.7976 12.9085
      vertex -3.895 -32.8073 12.9059
      vertex -3.895 -32.7976 12.9085
    endloop
  endfacet
  facet normal 0 -0.258902 0.965904
    outer loop
      vertex -3.895 -32.8073 12.9059
      vertex -3.905 -32.7976 12.9085
      vertex -3.905 -32.8073 12.9059
    endloop
  endfacet
  facet normal 0 0 1
    outer loop
      vertex -3 -32.0576 13.0557
      vertex -3.00005 -32.0577 13.0557
      vertex -3 -32.0577 13.0557
    endloop
  endfacet
  facet normal 0 -0 1
    outer loop
      vertex -3.00005 -32.0577 13.0557
      vertex -3 -32.0576 13.0557
      vertex -3.00012 -32.0577 13.0557
    endloop
  endfacet
  facet normal -0.109004 -0.0654026 0.991887
    outer loop
      vertex -3.895 -32.7976 12.9085
      vertex -3.0051 -32.062 13.0548
      vertex -3.00516 -32.0619 13.0548
    endloop
  endfacet
  facet normal 0.0551319 -0.258508 0.964435
    outer loop
      vertex -3.0051 -32.062 13.0548
      vertex -3.895 -32.7976 12.9085
      vertex -3.895 -32.8073 12.9059
    endloop
  endfacet
  facet normal 0.157598 -0.189117 0.969225
    outer loop
      vertex -3.00012 -32.0577 13.0557
      vertex -3 -32.0576 13.0557
      vertex -3 -32.0535 13.0565
    endloop
  endfacet
  facet normal 0 -0.187112 0.982339
    outer loop
      vertex -3.005 -32.0535 13.0565
      vertex -3.00012 -32.0577 13.0557
      vertex -3 -32.0535 13.0565
    endloop
  endfacet
  facet normal 0 -0.187112 0.982339
    outer loop
      vertex -3.00012 -32.0577 13.0557
      vertex -3.005 -32.0535 13.0565
      vertex -3.01011 -32.0577 13.0557
    endloop
  endfacet
  facet normal 0.00632007 -0.202383 0.979286
    outer loop
      vertex -3.01012 -32.0577 13.0557
      vertex -3.895 -32.7976 12.9085
      vertex -3.00516 -32.0619 13.0548
    endloop
  endfacet
  facet normal 0 -0.195122 0.980779
    outer loop
      vertex -3.895 -32.7976 12.9085
      vertex -3.01012 -32.0577 13.0557
      vertex -3.905 -32.7976 12.9085
    endloop
  endfacet
  facet normal 0 0.19506 -0.980791
    outer loop
      vertex -3.02257 -31.5865 9.47655
      vertex -3.905 -31.8633 9.4215
      vertex -3.02258 -31.5865 9.47655
    endloop
  endfacet
  facet normal -0.304035 0.944508 0.124371
    outer loop
      vertex -3.02258 -32.0473 12.976
      vertex -3.02258 -31.5865 9.47655
      vertex -3.905 -31.8633 9.4215
    endloop
  endfacet
  facet normal -0.643066 0.739788 0.197939
    outer loop
      vertex -3.02258 -32.0473 12.976
      vertex -3.905 -31.8633 9.4215
      vertex -3.01855 -32.0507 13.0018
    endloop
  endfacet
  facet normal -0.575965 0.806351 0.134392
    outer loop
      vertex -3.005 -32.0534 13.0559
      vertex -3.00514 -32.0535 13.0559
      vertex -3.005 -32.0535 13.0565
    endloop
  endfacet
  facet normal 0 0.986394 0.164399
    outer loop
      vertex -3 -32.0535 13.0565
      vertex -3.005 -32.0534 13.0559
      vertex -3.005 -32.0535 13.0565
    endloop
  endfacet
  facet normal -0.00970097 0.970097 0.242524
    outer loop
      vertex -3.005 -32.0534 13.0559
      vertex -3 -32.0535 13.0565
      vertex -3 -32.0533 13.0557
    endloop
  endfacet
  facet normal 0 0 -1
    outer loop
      vertex 3.895 -31.305 1.495
      vertex 3.905 -31.295 1.495
      vertex 3.905 -31.305 1.495
    endloop
  endfacet
  facet normal -0 0 -1
    outer loop
      vertex 3.905 -31.295 1.495
      vertex 3.895 -31.305 1.495
      vertex 3.895 -31.295 1.495
    endloop
  endfacet
  facet normal 0.303919 -0.944544 0.124375
    outer loop
      vertex 3.02258 -32.0473 1.62398
      vertex 3.905 -31.305 5.105
      vertex 3.02258 -31.5865 5.12345
    endloop
  endfacet
  facet normal 1 -0 0
    outer loop
      vertex 3.905 -31.305 5.105
      vertex 3.905 -31.295 1.495
      vertex 3.905 -31.295 5.105
    endloop
  endfacet
  facet normal 1 0 0
    outer loop
      vertex 3.905 -31.295 1.495
      vertex 3.905 -31.305 5.105
      vertex 3.905 -31.305 1.495
    endloop
  endfacet
  facet normal -0 -0.0654103 -0.997858
    outer loop
      vertex 3.905 -31.305 1.495
      vertex 3.01011 -32.0577 1.54434
      vertex 3.895 -31.305 1.495
    endloop
  endfacet
  facet normal -0.516935 0.572894 -0.636059
    outer loop
      vertex 3.005 -32.062 1.54462
      vertex 3.01011 -32.0577 1.54434
      vertex 3.905 -31.305 1.495
    endloop
  endfacet
  facet normal 0 -0.0649787 -0.997887
    outer loop
      vertex 3.005 -32.062 1.54462
      vertex 3.00012 -32.0577 1.54434
      vertex 3.01011 -32.0577 1.54434
    endloop
  endfacet
  facet normal 0 -0.0649787 -0.997887
    outer loop
      vertex 3 -32.062 1.54462
      vertex 3.00012 -32.0577 1.54434
      vertex 3.005 -32.062 1.54462
    endloop
  endfacet
  facet normal 0.0553475 -0.066417 -0.996256
    outer loop
      vertex 3.00012 -32.0577 1.54434
      vertex 3 -32.062 1.54462
      vertex 3 -32.0578 1.54434
    endloop
  endfacet
  facet normal 0.000473008 -0.065964 -0.997822
    outer loop
      vertex 3.895 -31.305 1.495
      vertex 3.01011 -32.0577 1.54434
      vertex 3.00516 -32.0535 1.54406
    endloop
  endfacet
  facet normal 0 -1 0
    outer loop
      vertex 3.005 -32.062 1.54462
      vertex 3.0051 -32.062 1.54519
      vertex 3.005 -32.062 1.54521
    endloop
  endfacet
  facet normal 0.835041 -0.530325 -0.146498
    outer loop
      vertex 3.0051 -32.062 1.54519
      vertex 3.005 -32.062 1.54462
      vertex 3.00516 -32.0619 1.54517
    endloop
  endfacet
  facet normal 0.640894 -0.766181 -0.0471364
    outer loop
      vertex 3.005 -32.062 1.54462
      vertex 3.01012 -32.0577 1.54434
      vertex 3.00516 -32.0619 1.54517
    endloop
  endfacet
  facet normal 0.221471 -0.323606 -0.919908
    outer loop
      vertex 3.01012 -32.0577 1.54434
      vertex 3.005 -32.062 1.54462
      vertex 3.905 -31.305 1.495
    endloop
  endfacet
  facet normal 0.643759 -0.765228 0.000288383
    outer loop
      vertex 3.905 -31.305 1.495
      vertex 3.02258 -32.0473 1.62398
      vertex 3.01855 -32.0507 1.59823
    endloop
  endfacet
  facet normal 0.643652 -0.765317 -0.00127604
    outer loop
      vertex 3.905 -31.305 1.495
      vertex 3.01855 -32.0507 1.59823
      vertex 3.01012 -32.0577 1.54434
    endloop
  endfacet
  facet normal 0.643735 -0.765249 0
    outer loop
      vertex 3.02258 -32.0473 1.62398
      vertex 3.905 -31.305 1.495
      vertex 3.905 -31.305 5.105
    endloop
  endfacet
  facet normal 0 -1 0
    outer loop
      vertex 3 -32.062 1.54462
      vertex 3.005 -32.062 1.54521
      vertex 3 -32.062 1.5455
    endloop
  endfacet
  facet normal 0 -1 -0
    outer loop
      vertex 3.005 -32.062 1.54521
      vertex 3 -32.062 1.54462
      vertex 3.005 -32.062 1.54462
    endloop
  endfacet
  facet normal 0.643735 0.765249 -0
    outer loop
      vertex 3.905 -31.295 1.495
      vertex 3.02258 -30.5527 1.62398
      vertex 3.905 -31.295 5.105
    endloop
  endfacet
  facet normal 0.643759 0.765228 0.000288383
    outer loop
      vertex 3.02258 -30.5527 1.62398
      vertex 3.905 -31.295 1.495
      vertex 3.01855 -30.5493 1.59823
    endloop
  endfacet
  facet normal 0.643652 0.765317 -0.00127604
    outer loop
      vertex 3.01855 -30.5493 1.59823
      vertex 3.905 -31.295 1.495
      vertex 3.01012 -30.5423 1.54434
    endloop
  endfacet
  facet normal 0.850932 0.522098 -0.0576903
    outer loop
      vertex 3.005 -30.5379 1.54462
      vertex 3.0051 -30.538 1.54519
      vertex 3.00516 -30.5381 1.54517
    endloop
  endfacet
  facet normal 0.707107 0.707107 0
    outer loop
      vertex 3.0051 -30.538 1.54519
      vertex 3.005 -30.5379 1.54462
      vertex 3.005 -30.5379 1.54521
    endloop
  endfacet
  facet normal 0.652095 0.753438 0.0842772
    outer loop
      vertex 3.01012 -30.5423 1.54434
      vertex 3.005 -30.5379 1.54462
      vertex 3.00516 -30.5381 1.54517
    endloop
  endfacet
  facet normal 0.0755544 0.0244825 0.996841
    outer loop
      vertex 3.005 -30.5379 1.54462
      vertex 3.01012 -30.5423 1.54434
      vertex 3.905 -31.295 1.495
    endloop
  endfacet
  facet normal 0.303919 0.944544 0.124375
    outer loop
      vertex 3.905 -31.295 5.105
      vertex 3.02258 -30.5527 1.62398
      vertex 3.02258 -31.0135 5.12345
    endloop
  endfacet
  facet normal 0 -0.0654041 -0.997859
    outer loop
      vertex 3.00514 -32.0535 1.54406
      vertex 3.895 -31.305 1.495
      vertex 3.00516 -32.0535 1.54406
    endloop
  endfacet
  facet normal -0.0638111 0.0104551 -0.997907
    outer loop
      vertex 3.005 -32.0534 1.54407
      vertex 3.895 -31.305 1.495
      vertex 3.00514 -32.0535 1.54406
    endloop
  endfacet
  facet normal -0.0550512 0 -0.998484
    outer loop
      vertex 3.895 -31.305 1.495
      vertex 3.005 -32.0534 1.54407
      vertex 3.895 -31.295 1.495
    endloop
  endfacet
  facet normal 0 0.0654041 -0.997859
    outer loop
      vertex 3.895 -31.295 1.495
      vertex 3.00514 -30.5465 1.54406
      vertex 3.00516 -30.5465 1.54406
    endloop
  endfacet
  facet normal -0.0550512 -0 -0.998484
    outer loop
      vertex 3.005 -30.5466 1.54407
      vertex 3.895 -31.295 1.495
      vertex 3.005 -32.0534 1.54407
    endloop
  endfacet
  facet normal -0.0638111 -0.0104551 -0.997907
    outer loop
      vertex 3.895 -31.295 1.495
      vertex 3.005 -30.5466 1.54407
      vertex 3.00514 -30.5465 1.54406
    endloop
  endfacet
  facet normal -0.0539214 0 -0.998545
    outer loop
      vertex 3 -32.0533 1.54434
      vertex 3.005 -30.5466 1.54407
      vertex 3.005 -32.0534 1.54407
    endloop
  endfacet
  facet normal -0.0539214 0 -0.998545
    outer loop
      vertex 3.005 -30.5466 1.54407
      vertex 3 -32.0533 1.54434
      vertex 3 -30.5467 1.54434
    endloop
  endfacet
  facet normal -0 0 -1
    outer loop
      vertex 3.00005 -32.0577 1.54434
      vertex 3 -32.0578 1.54434
      vertex 3 -32.0577 1.54434
    endloop
  endfacet
  facet normal 0 0 -1
    outer loop
      vertex 3 -32.0578 1.54434
      vertex 3.00005 -32.0577 1.54434
      vertex 3.00012 -32.0577 1.54434
    endloop
  endfacet
  facet normal 0 0 -1
    outer loop
      vertex 3 -30.5422 1.54434
      vertex 3.00005 -30.5423 1.54434
      vertex 3 -30.5423 1.54434
    endloop
  endfacet
  facet normal 0 0 -1
    outer loop
      vertex 3.00005 -30.5423 1.54434
      vertex 3 -30.5422 1.54434
      vertex 3.00012 -30.5423 1.54434
    endloop
  endfacet
  facet normal 0.000473008 0.065964 -0.997822
    outer loop
      vertex 3.895 -31.295 1.495
      vertex 3.00516 -30.5465 1.54406
      vertex 3.01011 -30.5423 1.54434
    endloop
  endfacet
  facet normal 0 0.0654103 -0.997858
    outer loop
      vertex 3.01011 -30.5423 1.54434
      vertex 3.905 -31.295 1.495
      vertex 3.895 -31.295 1.495
    endloop
  endfacet
  facet normal -0.0693257 -0.0170384 -0.997449
    outer loop
      vertex 3.01011 -30.5423 1.54434
      vertex 3.005 -30.5379 1.54462
      vertex 3.905 -31.295 1.495
    endloop
  endfacet
  facet normal 0 0.0635079 -0.997981
    outer loop
      vertex 3.00012 -30.5423 1.54434
      vertex 3.005 -30.5379 1.54462
      vertex 3.01011 -30.5423 1.54434
    endloop
  endfacet
  facet normal 0.0540697 0.0648836 -0.996427
    outer loop
      vertex 3 -30.5379 1.54462
      vertex 3.00012 -30.5423 1.54434
      vertex 3 -30.5422 1.54434
    endloop
  endfacet
  facet normal 0 0.0635079 -0.997981
    outer loop
      vertex 3.00012 -30.5423 1.54434
      vertex 3 -30.5379 1.54462
      vertex 3.005 -30.5379 1.54462
    endloop
  endfacet
  facet normal -0 0 1
    outer loop
      vertex 3 -31.0135 5.12382
      vertex 3.005 -31.5865 5.12382
      vertex 3.005 -31.0135 5.12382
    endloop
  endfacet
  facet normal 0 0 1
    outer loop
      vertex 3.005 -31.5865 5.12382
      vertex 3 -31.0135 5.12382
      vertex 3 -31.5865 5.12382
    endloop
  endfacet
  facet normal 0.0209038 0 0.999781
    outer loop
      vertex 3.02258 -31.0135 5.12345
      vertex 3.905 -31.305 5.105
      vertex 3.905 -31.295 5.105
    endloop
  endfacet
  facet normal 0.0209038 0 0.999781
    outer loop
      vertex 3.02258 -31.0135 5.12345
      vertex 3.02258 -31.5865 5.12345
      vertex 3.905 -31.305 5.105
    endloop
  endfacet
  facet normal -0 0 1
    outer loop
      vertex 3.02257 -31.0135 5.12345
      vertex 3.02258 -31.5865 5.12345
      vertex 3.02258 -31.0135 5.12345
    endloop
  endfacet
  facet normal 0 0 1
    outer loop
      vertex 3.02257 -31.0135 5.12345
      vertex 3.02257 -31.5865 5.12345
      vertex 3.02258 -31.5865 5.12345
    endloop
  endfacet
  facet normal 0.021054 0 0.999778
    outer loop
      vertex 3.005 -31.0135 5.12382
      vertex 3.02257 -31.5865 5.12345
      vertex 3.02257 -31.0135 5.12345
    endloop
  endfacet
  facet normal 0.021054 0 0.999778
    outer loop
      vertex 3.02257 -31.5865 5.12345
      vertex 3.005 -31.0135 5.12382
      vertex 3.005 -31.5865 5.12382
    endloop
  endfacet
  facet normal 0 1 0
    outer loop
      vertex 3 -30.5379 1.54462
      vertex 3.005 -30.5379 1.54521
      vertex 3.005 -30.5379 1.54462
    endloop
  endfacet
  facet normal 0 1 0
    outer loop
      vertex 3.005 -30.5379 1.54521
      vertex 3 -30.5379 1.54462
      vertex 3 -30.5379 1.5455
    endloop
  endfacet
  facet normal 0.645387 -0.737639 -0.198403
    outer loop
      vertex 3.905 -30.7367 5.1785
      vertex 3.02258 -30.5527 1.62398
      vertex 3.01855 -30.5493 1.59823
    endloop
  endfacet
  facet normal 0.568593 -0.810245 -0.142148
    outer loop
      vertex 3.00514 -30.5465 1.54406
      vertex 3.005 -30.5466 1.54407
      vertex 3.005 -30.5465 1.5435
    endloop
  endfacet
  facet normal 0 -0.19506 0.980791
    outer loop
      vertex 3.02258 -31.0135 5.12345
      vertex 3.905 -30.7367 5.1785
      vertex 3.02257 -31.0135 5.12345
    endloop
  endfacet
  facet normal 0.304035 -0.944508 -0.12437
    outer loop
      vertex 3.905 -30.7367 5.1785
      vertex 3.02258 -31.0135 5.12345
      vertex 3.02258 -30.5527 1.62398
    endloop
  endfacet
  facet normal 0 0.257973 -0.966152
    outer loop
      vertex 3.895 -29.8024 1.69151
      vertex 3.905 -29.7927 1.6941
      vertex 3.905 -29.8024 1.69151
    endloop
  endfacet
  facet normal 0 0.257973 -0.966152
    outer loop
      vertex 3.905 -29.7927 1.6941
      vertex 3.895 -29.8024 1.69151
      vertex 3.895 -29.7927 1.6941
    endloop
  endfacet
  facet normal 0.643708 0.73916 0.1982
    outer loop
      vertex 3.905 -29.7927 1.6941
      vertex 3.01012 -29.0784 1.93658
      vertex 3.01166 -29.0822 1.94575
    endloop
  endfacet
  facet normal 0.160872 0.93306 0.321745
    outer loop
      vertex 3.0051 -29.0745 1.93849
      vertex 3.005 -29.0743 1.93796
      vertex 3.005 -29.0745 1.93854
    endloop
  endfacet
  facet normal 0.860966 0.507824 0.0291853
    outer loop
      vertex 3.00516 -29.0746 1.93846
      vertex 3.005 -29.0743 1.93796
      vertex 3.0051 -29.0745 1.93849
    endloop
  endfacet
  facet normal 0.646065 0.72782 0.229951
    outer loop
      vertex 3.005 -29.0743 1.93796
      vertex 3.00516 -29.0746 1.93846
      vertex 3.01011 -29.0784 1.93658
    endloop
  endfacet
  facet normal 0.0203484 -0.260424 0.96528
    outer loop
      vertex 3.905 -30.7271 5.18109
      vertex 3.02258 -30.4599 5.27178
      vertex 3.905 -30.7367 5.1785
    endloop
  endfacet
  facet normal 0.0165918 -0.271404 0.962323
    outer loop
      vertex 3.905 -30.7367 5.1785
      vertex 3.02258 -30.4599 5.27178
      vertex 3.022 -30.4599 5.27179
    endloop
  endfacet
  facet normal -0.000589305 0.195776 -0.980648
    outer loop
      vertex 3.0051 -30.538 1.54519
      vertex 3.895 -29.8024 1.69151
      vertex 3.00516 -30.5381 1.54517
    endloop
  endfacet
  facet normal -0.0543048 0.257592 -0.964727
    outer loop
      vertex 3.895 -29.8024 1.69151
      vertex 3.0051 -30.538 1.54519
      vertex 3.895 -29.7927 1.6941
    endloop
  endfacet
  facet normal 0 0.196116 -0.980581
    outer loop
      vertex 3 -30.5424 1.54432
      vertex 3.00005 -30.5423 1.54434
      vertex 3.00012 -30.5423 1.54434
    endloop
  endfacet
  facet normal 0.19518 0.09759 -0.9759
    outer loop
      vertex 3.00005 -30.5423 1.54434
      vertex 3 -30.5424 1.54432
      vertex 3 -30.5423 1.54433
    endloop
  endfacet
  facet normal 1 0 0
    outer loop
      vertex 3.905 -30.7271 5.18109
      vertex 3.905 -29.8024 1.69151
      vertex 3.905 -29.7927 1.6941
    endloop
  endfacet
  facet normal 1 0 0
    outer loop
      vertex 3.905 -29.8024 1.69151
      vertex 3.905 -30.7271 5.18109
      vertex 3.905 -30.7367 5.1785
    endloop
  endfacet
  facet normal 0.643686 -0.739215 -0.198064
    outer loop
      vertex 3.01855 -30.5493 1.59823
      vertex 3.905 -29.8024 1.69151
      vertex 3.905 -30.7367 5.1785
    endloop
  endfacet
  facet normal 0.643776 -0.739485 -0.196761
    outer loop
      vertex 3.905 -29.8024 1.69151
      vertex 3.01855 -30.5493 1.59823
      vertex 3.01012 -30.5423 1.54434
    endloop
  endfacet
  facet normal 0 -1 -0
    outer loop
      vertex 3.00514 -30.5465 1.54406
      vertex 3.005 -30.5465 1.5435
      vertex 3.00516 -30.5465 1.54406
    endloop
  endfacet
  facet normal 0.642012 -0.744428 -0.183432
    outer loop
      vertex 3.01011 -30.5423 1.54434
      vertex 3.00516 -30.5465 1.54406
      vertex 3.005 -30.5465 1.5435
    endloop
  endfacet
  facet normal 0 0.195084 -0.980787
    outer loop
      vertex 3.01012 -30.5423 1.54434
      vertex 3.895 -29.8024 1.69151
      vertex 3.905 -29.8024 1.69151
    endloop
  endfacet
  facet normal 0.000530798 0.194473 -0.980908
    outer loop
      vertex 3.895 -29.8024 1.69151
      vertex 3.01012 -30.5423 1.54434
      vertex 3.00516 -30.5381 1.54517
    endloop
  endfacet
  facet normal 0 0.196116 -0.980581
    outer loop
      vertex 3.005 -30.5465 1.5435
      vertex 3.00012 -30.5423 1.54434
      vertex 3.01011 -30.5423 1.54434
    endloop
  endfacet
  facet normal 0 0.196116 -0.980581
    outer loop
      vertex 3 -30.5465 1.5435
      vertex 3.00012 -30.5423 1.54434
      vertex 3.005 -30.5465 1.5435
    endloop
  endfacet
  facet normal 1.53123e-12 0.196116 -0.980581
    outer loop
      vertex 3 -30.5424 1.54432
      vertex 3.00012 -30.5423 1.54434
      vertex 3 -30.5465 1.5435
    endloop
  endfacet
  facet normal 0 0.321434 -0.946932
    outer loop
      vertex 3.895 -29.7927 1.6941
      vertex 3.00514 -29.0824 1.93521
      vertex 3.00516 -29.0824 1.93521
    endloop
  endfacet
  facet normal -8.99521e-05 0.19603 -0.980598
    outer loop
      vertex 3.005 -30.5379 1.54521
      vertex 3.895 -29.7927 1.6941
      vertex 3.0051 -30.538 1.54519
    endloop
  endfacet
  facet normal -0.0550475 0.258441 -0.964457
    outer loop
      vertex 3.895 -29.7927 1.6941
      vertex 3.005 -30.5379 1.54521
      vertex 3.005 -29.0826 1.93518
    endloop
  endfacet
  facet normal -0.0943664 0.211963 -0.972711
    outer loop
      vertex 3.895 -29.7927 1.6941
      vertex 3.005 -29.0826 1.93518
      vertex 3.00514 -29.0824 1.93521
    endloop
  endfacet
  facet normal -0.0559359 0.25842 -0.964412
    outer loop
      vertex 3 -29.0827 1.93543
      vertex 3.005 -30.5379 1.54521
      vertex 3 -30.5379 1.5455
    endloop
  endfacet
  facet normal -0.0533965 0.258464 -0.964544
    outer loop
      vertex 3.005 -30.5379 1.54521
      vertex 3 -29.0827 1.93543
      vertex 3.005 -29.0826 1.93518
    endloop
  endfacet
  facet normal 0 0.287348 -0.957826
    outer loop
      vertex 3.00005 -29.0784 1.93658
      vertex 3 -29.0783 1.93661
      vertex 3.00012 -29.0784 1.93658
    endloop
  endfacet
  facet normal 0 0.287348 -0.957826
    outer loop
      vertex 3 -29.0783 1.93661
      vertex 3.00005 -29.0784 1.93658
      vertex 3 -29.0784 1.93658
    endloop
  endfacet
  facet normal 0 1 0
    outer loop
      vertex 3.00005 -30.5423 1.54434
      vertex 3 -30.5423 1.54433
      vertex 3 -30.5423 1.54434
    endloop
  endfacet
  facet normal 0 -0.258819 0.965926
    outer loop
      vertex 3 -30.46 5.27213
      vertex 3.005 -31.0135 5.12382
      vertex 3.005 -30.46 5.27213
    endloop
  endfacet
  facet normal 0 -0.258819 0.965926
    outer loop
      vertex 3.005 -31.0135 5.12382
      vertex 3 -30.46 5.27213
      vertex 3 -31.0135 5.12382
    endloop
  endfacet
  facet normal 0.00694845 -0.972783 -0.231615
    outer loop
      vertex 3 -30.5465 1.5435
      vertex 3.005 -30.5466 1.54407
      vertex 3 -30.5467 1.54434
    endloop
  endfacet
  facet normal 0 -0.984957 -0.172799
    outer loop
      vertex 3.005 -30.5466 1.54407
      vertex 3 -30.5465 1.5435
      vertex 3.005 -30.5465 1.5435
    endloop
  endfacet
  facet normal 0.643722 0.739181 0.198076
    outer loop
      vertex 3.905 -29.7927 1.6941
      vertex 3.02258 -29.1091 2.01079
      vertex 3.905 -30.7271 5.18109
    endloop
  endfacet
  facet normal 0.64363 0.739532 0.197063
    outer loop
      vertex 3.02258 -29.1091 2.01079
      vertex 3.905 -29.7927 1.6941
      vertex 3.01855 -29.0992 1.9868
    endloop
  endfacet
  facet normal 0.643703 0.739196 0.198081
    outer loop
      vertex 3.01855 -29.0992 1.9868
      vertex 3.905 -29.7927 1.6941
      vertex 3.01166 -29.0822 1.94575
    endloop
  endfacet
  facet normal 0.303984 0.880154 0.364586
    outer loop
      vertex 3.02258 -30.4599 5.27178
      vertex 3.905 -30.7271 5.18109
      vertex 3.02258 -29.1091 2.01079
    endloop
  endfacet
  facet normal 0 0.321449 -0.946927
    outer loop
      vertex 3.895 -29.7927 1.6941
      vertex 3.01012 -29.0784 1.93658
      vertex 3.905 -29.7927 1.6941
    endloop
  endfacet
  facet normal 0.00115878 0.322735 -0.946489
    outer loop
      vertex 3.01012 -29.0784 1.93658
      vertex 3.895 -29.7927 1.6941
      vertex 3.00516 -29.0824 1.93521
    endloop
  endfacet
  facet normal 0 0.319 -0.947755
    outer loop
      vertex 3.00012 -29.0784 1.93658
      vertex 3.005 -29.0743 1.93796
      vertex 3.01011 -29.0784 1.93658
    endloop
  endfacet
  facet normal 0.0295962 0.319639 -0.947077
    outer loop
      vertex 3.00012 -29.0784 1.93658
      vertex 3 -29.0783 1.93661
      vertex 3 -29.0743 1.93796
    endloop
  endfacet
  facet normal 0 0.319 -0.947755
    outer loop
      vertex 3.00012 -29.0784 1.93658
      vertex 3 -29.0743 1.93796
      vertex 3.005 -29.0743 1.93796
    endloop
  endfacet
  facet normal 0.0209179 -0.258748 0.965718
    outer loop
      vertex 3.022 -30.4599 5.27179
      vertex 3.02257 -31.0135 5.12345
      vertex 3.905 -30.7367 5.1785
    endloop
  endfacet
  facet normal 0 -0.258824 0.965924
    outer loop
      vertex 3.02199 -30.4599 5.27179
      vertex 3.02257 -31.0135 5.12345
      vertex 3.022 -30.4599 5.27179
    endloop
  endfacet
  facet normal 0.0208487 -0.258748 0.96572
    outer loop
      vertex 3.005 -30.46 5.27213
      vertex 3.02257 -31.0135 5.12345
      vertex 3.02199 -30.4599 5.27179
    endloop
  endfacet
  facet normal 0.0203369 -0.258766 0.965726
    outer loop
      vertex 3.02257 -31.0135 5.12345
      vertex 3.005 -30.46 5.27213
      vertex 3.005 -31.0135 5.12382
    endloop
  endfacet
  facet normal -0 0.945373 0.325991
    outer loop
      vertex 3 -29.0743 1.93796
      vertex 3.005 -29.0745 1.93854
      vertex 3.005 -29.0743 1.93796
    endloop
  endfacet
  facet normal 0.0123672 0.973343 0.229022
    outer loop
      vertex 3.005 -29.0745 1.93854
      vertex 3 -29.0743 1.93796
      vertex 3 -29.0745 1.93881
    endloop
  endfacet
  facet normal 0.637999 -0.668101 -0.382882
    outer loop
      vertex 3.02258 -29.1091 2.01079
      vertex 3.01855 -29.0992 1.9868
      vertex 3.905 -30.2068 5.39658
    endloop
  endfacet
  facet normal 0.801429 -0.515514 -0.303243
    outer loop
      vertex 3.00514 -29.0824 1.93521
      vertex 3.005 -29.0826 1.93518
      vertex 3.005 -29.0823 1.93467
    endloop
  endfacet
  facet normal 0.30401 -0.880146 -0.364583
    outer loop
      vertex 3.905 -30.2068 5.39658
      vertex 3.02258 -30.4599 5.27178
      vertex 3.02258 -29.1091 2.01079
    endloop
  endfacet
  facet normal 0 0.50262 -0.864507
    outer loop
      vertex 3.895 -28.4018 2.27022
      vertex 3.905 -28.3932 2.27522
      vertex 3.905 -28.4018 2.27022
    endloop
  endfacet
  facet normal 0 0.50262 -0.864507
    outer loop
      vertex 3.905 -28.3932 2.27522
      vertex 3.895 -28.4018 2.27022
      vertex 3.895 -28.3932 2.27522
    endloop
  endfacet
  facet normal 0.643861 0.660811 0.385711
    outer loop
      vertex 3.905 -28.3932 2.27522
      vertex 3.01012 -27.7659 2.69432
      vertex 3.01166 -27.772 2.7022
    endloop
  endfacet
  facet normal 0.302083 0.821666 0.483333
    outer loop
      vertex 3.00516 -27.7627 2.69713
      vertex 3.005 -27.7624 2.69672
      vertex 3.005 -27.7627 2.69723
    endloop
  endfacet
  facet normal 0.629034 0.723638 0.284014
    outer loop
      vertex 3.005 -27.7624 2.69672
      vertex 3.00516 -27.7627 2.69713
      vertex 3.01011 -27.7659 2.69432
    endloop
  endfacet
  facet normal 0.0940749 0.337436 -0.936636
    outer loop
      vertex 3.0051 -29.0745 1.93849
      vertex 3.895 -28.4018 2.27022
      vertex 3.00516 -29.0746 1.93846
    endloop
  endfacet
  facet normal -0.0575847 0.501786 -0.863073
    outer loop
      vertex 3.895 -28.4018 2.27022
      vertex 3.0051 -29.0745 1.93849
      vertex 3.895 -28.3932 2.27522
    endloop
  endfacet
  facet normal 0 0.447214 -0.894427
    outer loop
      vertex 3.00012 -29.0784 1.93658
      vertex 3 -29.0785 1.93653
      vertex 3.00005 -29.0784 1.93658
    endloop
  endfacet
  facet normal 0.357771 0.268328 -0.894427
    outer loop
      vertex 3.00005 -29.0784 1.93658
      vertex 3 -29.0785 1.93653
      vertex 3 -29.0784 1.93656
    endloop
  endfacet
  facet normal 0.303962 0.755806 0.579969
    outer loop
      vertex 3.02258 -27.8148 2.75805
      vertex 3.02258 -29.9636 5.55833
      vertex 3.905 -30.1982 5.40158
    endloop
  endfacet
  facet normal 1 0 0
    outer loop
      vertex 3.905 -30.1982 5.40158
      vertex 3.905 -28.4018 2.27022
      vertex 3.905 -28.3932 2.27522
    endloop
  endfacet
  facet normal 1 0 0
    outer loop
      vertex 3.905 -28.4018 2.27022
      vertex 3.905 -30.1982 5.40158
      vertex 3.905 -30.2068 5.39658
    endloop
  endfacet
  facet normal 0.643728 -0.66273 -0.382627
    outer loop
      vertex 3.01855 -29.0992 1.9868
      vertex 3.905 -28.4018 2.27022
      vertex 3.905 -30.2068 5.39658
    endloop
  endfacet
  facet normal 0.643735 -0.662782 -0.382524
    outer loop
      vertex 3.01166 -29.0822 1.94575
      vertex 3.905 -28.4018 2.27022
      vertex 3.01855 -29.0992 1.9868
    endloop
  endfacet
  facet normal 0.643727 -0.662679 -0.382717
    outer loop
      vertex 3.01012 -29.0784 1.93658
      vertex 3.905 -28.4018 2.27022
      vertex 3.01166 -29.0822 1.94575
    endloop
  endfacet
  facet normal -0.325115 -0.0359857 0.94499
    outer loop
      vertex 3.01012 -29.0784 1.93658
      vertex 3.005 -29.0823 1.93467
      vertex 3.905 -28.4018 2.27022
    endloop
  endfacet
  facet normal 0.646738 -0.692406 -0.319849
    outer loop
      vertex 3.00516 -29.0824 1.93521
      vertex 3.005 -29.0823 1.93467
      vertex 3.01012 -29.0784 1.93658
    endloop
  endfacet
  facet normal 0 -0.983282 -0.182089
    outer loop
      vertex 3.005 -29.0823 1.93467
      vertex 3.00516 -29.0824 1.93521
      vertex 3.00514 -29.0824 1.93521
    endloop
  endfacet
  facet normal -0.312111 0.716193 -0.624223
    outer loop
      vertex 3.005 -29.0745 1.93854
      vertex 3.895 -28.3932 2.27522
      vertex 3.0051 -29.0745 1.93849
    endloop
  endfacet
  facet normal -0.0550467 0.49923 -0.864719
    outer loop
      vertex 3.895 -28.3932 2.27522
      vertex 3.005 -29.0745 1.93854
      vertex 3.005 -27.7696 2.6919
    endloop
  endfacet
  facet normal -0.019002 0.536583 -0.843633
    outer loop
      vertex 3.895 -28.3932 2.27522
      vertex 3.005 -27.7696 2.6919
      vertex 3.00516 -27.7695 2.69196
    endloop
  endfacet
  facet normal -0.046714 0.499465 -0.865074
    outer loop
      vertex 3 -27.7698 2.6921
      vertex 3.005 -29.0745 1.93854
      vertex 3 -29.0745 1.93881
    endloop
  endfacet
  facet normal -0.0545594 0.499243 -0.864742
    outer loop
      vertex 3.005 -29.0745 1.93854
      vertex 3 -27.7698 2.6921
      vertex 3.005 -27.7696 2.6919
    endloop
  endfacet
  facet normal 0 1 0
    outer loop
      vertex 3.00012 -27.7659 2.69432
      vertex 3 -27.7659 2.69433
      vertex 3 -27.7659 2.69438
    endloop
  endfacet
  facet normal 0 1 0
    outer loop
      vertex 3.00005 -29.0784 1.93658
      vertex 3 -29.0784 1.93656
      vertex 3 -29.0784 1.93658
    endloop
  endfacet
  facet normal 0.0218922 -0.5025 0.8643
    outer loop
      vertex 3.905 -30.1982 5.40158
      vertex 3.02258 -30.4599 5.27178
      vertex 3.905 -30.2068 5.39658
    endloop
  endfacet
  facet normal 0.0150791 -0.48463 0.874589
    outer loop
      vertex 3.905 -30.1982 5.40158
      vertex 3.022 -30.4599 5.27179
      vertex 3.02258 -30.4599 5.27178
    endloop
  endfacet
  facet normal 0 -0.444308 0.895874
    outer loop
      vertex 3.022 -30.4599 5.27179
      vertex 3.905 -30.1982 5.40158
      vertex 3.02199 -30.4599 5.27179
    endloop
  endfacet
  facet normal -0.00558887 -0.884904 -0.465739
    outer loop
      vertex 3 -29.0823 1.93467
      vertex 3.005 -29.0826 1.93518
      vertex 3 -29.0827 1.93543
    endloop
  endfacet
  facet normal 0 -0.861934 -0.50702
    outer loop
      vertex 3.005 -29.0826 1.93518
      vertex 3 -29.0823 1.93467
      vertex 3.005 -29.0823 1.93467
    endloop
  endfacet
  facet normal 0 0.442265 -0.896884
    outer loop
      vertex 3.905 -28.4018 2.27022
      vertex 3.01011 -29.0784 1.93658
      vertex 3.895 -28.4018 2.27022
    endloop
  endfacet
  facet normal 0.26062 0.127217 -0.957023
    outer loop
      vertex 3.005 -29.0823 1.93467
      vertex 3.01011 -29.0784 1.93658
      vertex 3.905 -28.4018 2.27022
    endloop
  endfacet
  facet normal 0 0.43983 -0.898081
    outer loop
      vertex 3.005 -29.0823 1.93467
      vertex 3.00012 -29.0784 1.93658
      vertex 3.01011 -29.0784 1.93658
    endloop
  endfacet
  facet normal 0 0.43983 -0.898081
    outer loop
      vertex 3 -29.0823 1.93467
      vertex 3.00012 -29.0784 1.93658
      vertex 3.005 -29.0823 1.93467
    endloop
  endfacet
  facet normal 0.0078785 0.43962 -0.898149
    outer loop
      vertex 3.00012 -29.0784 1.93658
      vertex 3 -29.0823 1.93467
      vertex 3 -29.0785 1.93653
    endloop
  endfacet
  facet normal -0.000557854 0.442852 -0.896595
    outer loop
      vertex 3.895 -28.4018 2.27022
      vertex 3.01011 -29.0784 1.93658
      vertex 3.00516 -29.0746 1.93846
    endloop
  endfacet
  facet normal 0.643747 0.662717 0.382619
    outer loop
      vertex 3.905 -28.3932 2.27522
      vertex 3.02258 -27.8148 2.75805
      vertex 3.905 -30.1982 5.40158
    endloop
  endfacet
  facet normal 0.643705 0.66299 0.382215
    outer loop
      vertex 3.01166 -27.772 2.7022
      vertex 3.02258 -27.8148 2.75805
      vertex 3.905 -28.3932 2.27522
    endloop
  endfacet
  facet normal 0.0208959 -0.499911 0.865825
    outer loop
      vertex 3.02258 -29.9636 5.55833
      vertex 3.02199 -30.4599 5.27179
      vertex 3.905 -30.1982 5.40158
    endloop
  endfacet
  facet normal 0.0199703 -0.499919 0.865842
    outer loop
      vertex 3.005 -29.9638 5.55862
      vertex 3.02199 -30.4599 5.27179
      vertex 3.02258 -29.9636 5.55833
    endloop
  endfacet
  facet normal 0.0202694 -0.499909 0.865841
    outer loop
      vertex 3.02199 -30.4599 5.27179
      vertex 3.005 -29.9638 5.55862
      vertex 3.005 -30.46 5.27213
    endloop
  endfacet
  facet normal 0 0.555526 -0.831499
    outer loop
      vertex 3.895 -28.3932 2.27522
      vertex 3.01012 -27.7659 2.69432
      vertex 3.905 -28.3932 2.27522
    endloop
  endfacet
  facet normal -0.0037521 0.551857 -0.83393
    outer loop
      vertex 3.01012 -27.7659 2.69432
      vertex 3.895 -28.3932 2.27522
      vertex 3.00516 -27.7695 2.69196
    endloop
  endfacet
  facet normal 0 0.565528 -0.824729
    outer loop
      vertex 3.00012 -27.7659 2.69432
      vertex 3.005 -27.7624 2.69672
      vertex 3.01011 -27.7659 2.69432
    endloop
  endfacet
  facet normal -0.383823 0.513226 -0.767645
    outer loop
      vertex 3.00012 -27.7659 2.69432
      vertex 3 -27.7659 2.69438
      vertex 3 -27.7624 2.69672
    endloop
  endfacet
  facet normal 0 0.565528 -0.824729
    outer loop
      vertex 3.00012 -27.7659 2.69432
      vertex 3 -27.7624 2.69672
      vertex 3.005 -27.7624 2.69672
    endloop
  endfacet
  facet normal 0 -0.500012 0.866019
    outer loop
      vertex 3 -29.9638 5.55862
      vertex 3.005 -30.46 5.27213
      vertex 3.005 -29.9638 5.55862
    endloop
  endfacet
  facet normal 0 -0.500012 0.866019
    outer loop
      vertex 3.005 -30.46 5.27213
      vertex 3 -29.9638 5.55862
      vertex 3 -30.46 5.27213
    endloop
  endfacet
  facet normal -0 0.861934 0.50702
    outer loop
      vertex 3 -27.7624 2.69672
      vertex 3.005 -27.7627 2.69723
      vertex 3.005 -27.7624 2.69672
    endloop
  endfacet
  facet normal 0.00558887 0.884904 0.465739
    outer loop
      vertex 3.005 -27.7627 2.69723
      vertex 3 -27.7624 2.69672
      vertex 3 -27.7628 2.69748
    endloop
  endfacet
  facet normal 0 0.705608 -0.708602
    outer loop
      vertex 3.905 -27.1988 3.19171
      vertex 3.895 -27.1917 3.19878
      vertex 3.905 -27.1917 3.19878
    endloop
  endfacet
  facet normal 0 0.705608 -0.708602
    outer loop
      vertex 3.895 -27.1917 3.19878
      vertex 3.905 -27.1988 3.19171
      vertex 3.895 -27.1988 3.19171
    endloop
  endfacet
  facet normal 0.304021 -0.755791 -0.579958
    outer loop
      vertex 3.905 -29.7514 5.74437
      vertex 3.02258 -29.9636 5.55833
      vertex 3.02258 -27.8148 2.75805
    endloop
  endfacet
  facet normal 0.0213129 -0.706929 0.706964
    outer loop
      vertex 3.005 -29.9638 5.55862
      vertex 3.02258 -29.5583 5.96357
      vertex 3.005 -29.5586 5.9638
    endloop
  endfacet
  facet normal 0.0208776 -0.7069 0.707005
    outer loop
      vertex 3.02258 -29.5583 5.96357
      vertex 3.02258 -29.9636 5.55833
      vertex 3.905 -29.7444 5.75144
    endloop
  endfacet
  facet normal 0.0197053 -0.706917 0.707022
    outer loop
      vertex 3.02258 -29.5583 5.96357
      vertex 3.005 -29.9638 5.55862
      vertex 3.02258 -29.9636 5.55833
    endloop
  endfacet
  facet normal 0.0225444 -0.710435 0.703401
    outer loop
      vertex 3.905 -29.7444 5.75144
      vertex 3.02258 -29.9636 5.55833
      vertex 3.905 -29.7514 5.74437
    endloop
  endfacet
  facet normal 0 0.659388 -0.751803
    outer loop
      vertex 3.905 -27.1988 3.19171
      vertex 3.01011 -27.7659 2.69432
      vertex 3.895 -27.1988 3.19171
    endloop
  endfacet
  facet normal 0.487153 -0.00277059 -0.873312
    outer loop
      vertex 3.005 -27.7692 2.69148
      vertex 3.01011 -27.7659 2.69432
      vertex 3.905 -27.1988 3.19171
    endloop
  endfacet
  facet normal 0 0.652303 -0.757958
    outer loop
      vertex 3.005 -27.7692 2.69148
      vertex 3.00012 -27.7659 2.69432
      vertex 3.01011 -27.7659 2.69432
    endloop
  endfacet
  facet normal 0 0.652303 -0.757958
    outer loop
      vertex 3 -27.7692 2.69148
      vertex 3.00012 -27.7659 2.69432
      vertex 3.005 -27.7692 2.69148
    endloop
  endfacet
  facet normal -0.166703 0.646651 -0.744347
    outer loop
      vertex 3.00012 -27.7659 2.69432
      vertex 3 -27.7692 2.69148
      vertex 3 -27.766 2.69426
    endloop
  endfacet
  facet normal -0.000253655 0.659612 -0.751606
    outer loop
      vertex 3.895 -27.1988 3.19171
      vertex 3.01011 -27.7659 2.69432
      vertex 3.00516 -27.7627 2.69713
    endloop
  endfacet
  facet normal 1 0 0
    outer loop
      vertex 3.905 -29.7444 5.75144
      vertex 3.905 -27.1988 3.19171
      vertex 3.905 -27.1917 3.19878
    endloop
  endfacet
  facet normal 1 0 0
    outer loop
      vertex 3.905 -27.1988 3.19171
      vertex 3.905 -29.7444 5.75144
      vertex 3.905 -29.7514 5.74437
    endloop
  endfacet
  facet normal 0.643604 -0.539195 -0.543178
    outer loop
      vertex 3.905 -27.1988 3.19171
      vertex 3.01166 -27.772 2.7022
      vertex 3.01012 -27.7659 2.69432
    endloop
  endfacet
  facet normal 0.643734 -0.541437 -0.540789
    outer loop
      vertex 3.905 -27.1988 3.19171
      vertex 3.02258 -27.8148 2.75805
      vertex 3.01166 -27.772 2.7022
    endloop
  endfacet
  facet normal 0.643696 -0.541142 -0.54113
    outer loop
      vertex 3.02258 -27.8148 2.75805
      vertex 3.905 -27.1988 3.19171
      vertex 3.905 -29.7514 5.74437
    endloop
  endfacet
  facet normal -0.52612 0.0883768 0.845806
    outer loop
      vertex 3.01012 -27.7659 2.69432
      vertex 3.005 -27.7692 2.69148
      vertex 3.905 -27.1988 3.19171
    endloop
  endfacet
  facet normal 0.646288 -0.531463 -0.547594
    outer loop
      vertex 3.00516 -27.7695 2.69196
      vertex 3.005 -27.7692 2.69148
      vertex 3.01012 -27.7659 2.69432
    endloop
  endfacet
  facet normal 0.579576 -0.590113 -0.562013
    outer loop
      vertex 3.005 -27.7692 2.69148
      vertex 3.00516 -27.7695 2.69196
      vertex 3.005 -27.7696 2.6919
    endloop
  endfacet
  facet normal 0 -0.707089 0.707124
    outer loop
      vertex 3 -29.9638 5.55862
      vertex 3.005 -29.5586 5.9638
      vertex 3 -29.5586 5.9638
    endloop
  endfacet
  facet normal 0 -0.707089 0.707124
    outer loop
      vertex 3.005 -29.5586 5.9638
      vertex 3 -29.9638 5.55862
      vertex 3.005 -29.9638 5.55862
    endloop
  endfacet
  facet normal 0.000927228 -0.718602 -0.695421
    outer loop
      vertex 3 -27.7692 2.69148
      vertex 3.005 -27.7696 2.6919
      vertex 3 -27.7698 2.6921
    endloop
  endfacet
  facet normal 0 -0.724138 -0.689655
    outer loop
      vertex 3.005 -27.7696 2.6919
      vertex 3 -27.7692 2.69148
      vertex 3.005 -27.7692 2.69148
    endloop
  endfacet
  facet normal 0.696194 0.519825 0.495071
    outer loop
      vertex 3.00516 -26.692 3.76948
      vertex 3.005 -26.6915 3.76918
      vertex 3.005 -26.6919 3.7696
    endloop
  endfacet
  facet normal 0.640905 0.535234 0.550241
    outer loop
      vertex 3.01012 -26.6943 3.76594
      vertex 3.005 -26.6915 3.76918
      vertex 3.00516 -26.692 3.76948
    endloop
  endfacet
  facet normal 0.643727 0.540847 0.541387
    outer loop
      vertex 3.905 -27.1917 3.19878
      vertex 3.01166 -26.7022 3.77198
      vertex 3.02258 -26.7581 3.81484
    endloop
  endfacet
  facet normal -0.495319 0.0936407 -0.86365
    outer loop
      vertex 3.01012 -26.6943 3.76594
      vertex 3.905 -27.1917 3.19878
      vertex 3.005 -26.6915 3.76918
    endloop
  endfacet
  facet normal 0.643771 0.540012 0.542167
    outer loop
      vertex 3.01166 -26.7022 3.77198
      vertex 3.905 -27.1917 3.19878
      vertex 3.01012 -26.6943 3.76594
    endloop
  endfacet
  facet normal 0.643695 0.541132 0.54114
    outer loop
      vertex 3.905 -27.1917 3.19878
      vertex 3.02258 -26.7581 3.81484
      vertex 3.905 -29.7444 5.75144
    endloop
  endfacet
  facet normal 0.304002 0.57996 0.755797
    outer loop
      vertex 3.02258 -29.5583 5.96357
      vertex 3.905 -29.7444 5.75144
      vertex 3.02258 -26.7581 3.81484
    endloop
  endfacet
  facet normal -0.0681108 0.572131 -0.817329
    outer loop
      vertex 3 -27.7659 2.69433
      vertex 3.00012 -27.7659 2.69432
      vertex 3 -27.766 2.69426
    endloop
  endfacet
  facet normal 0 1 0
    outer loop
      vertex 3 -26.6943 3.76602
      vertex 3.00012 -26.6943 3.76594
      vertex 3 -26.6943 3.76594
    endloop
  endfacet
  facet normal -0.0282188 0.72904 -0.68389
    outer loop
      vertex 3.00516 -26.6971 3.76275
      vertex 3.895 -27.1917 3.19878
      vertex 3.005 -26.6972 3.76265
    endloop
  endfacet
  facet normal -0.0550625 0.706008 -0.706061
    outer loop
      vertex 3.005 -27.7627 2.69723
      vertex 3.005 -26.6972 3.76265
      vertex 3.895 -27.1917 3.19878
    endloop
  endfacet
  facet normal -0.0532981 0.704605 -0.707595
    outer loop
      vertex 3.005 -27.7627 2.69723
      vertex 3.895 -27.1917 3.19878
      vertex 3.895 -27.1988 3.19171
    endloop
  endfacet
  facet normal -0.0494377 0.706216 -0.706269
    outer loop
      vertex 3 -27.7628 2.69748
      vertex 3.005 -26.6972 3.76265
      vertex 3.005 -27.7627 2.69723
    endloop
  endfacet
  facet normal -0.0621054 0.705745 -0.705738
    outer loop
      vertex 3.005 -26.6972 3.76265
      vertex 3 -27.7628 2.69748
      vertex 3 -26.6975 3.76279
    endloop
  endfacet
  facet normal -0.28343 0.844995 -0.453487
    outer loop
      vertex 3.005 -27.7627 2.69723
      vertex 3.895 -27.1988 3.19171
      vertex 3.00516 -27.7627 2.69713
    endloop
  endfacet
  facet normal 0 0.756613 -0.653863
    outer loop
      vertex 3.00012 -26.6943 3.76594
      vertex 3 -26.6915 3.76918
      vertex 3.005 -26.6915 3.76918
    endloop
  endfacet
  facet normal 0 0.756613 -0.653863
    outer loop
      vertex 3.00012 -26.6943 3.76594
      vertex 3.005 -26.6915 3.76918
      vertex 3.01011 -26.6943 3.76594
    endloop
  endfacet
  facet normal 0.546612 0.0291799 0.836878
    outer loop
      vertex 3.905 -27.1917 3.19878
      vertex 3.01011 -26.6943 3.76594
      vertex 3.005 -26.6915 3.76918
    endloop
  endfacet
  facet normal 0 0.751831 -0.659356
    outer loop
      vertex 3.895 -27.1917 3.19878
      vertex 3.01011 -26.6943 3.76594
      vertex 3.905 -27.1917 3.19878
    endloop
  endfacet
  facet normal -0.00017917 0.751692 -0.659514
    outer loop
      vertex 3.01011 -26.6943 3.76594
      vertex 3.895 -27.1917 3.19878
      vertex 3.00516 -26.6971 3.76275
    endloop
  endfacet
  facet normal -0.404366 0.684534 -0.606549
    outer loop
      vertex 3 -26.6915 3.76918
      vertex 3.00012 -26.6943 3.76594
      vertex 3 -26.6943 3.76602
    endloop
  endfacet
  facet normal -0 0.724138 0.689655
    outer loop
      vertex 3 -26.6915 3.76918
      vertex 3.005 -26.6919 3.7696
      vertex 3.005 -26.6915 3.76918
    endloop
  endfacet
  facet normal -0.000927228 0.718602 0.695421
    outer loop
      vertex 3.005 -26.6919 3.7696
      vertex 3 -26.6915 3.76918
      vertex 3 -26.6921 3.7698
    endloop
  endfacet
  facet normal 0.645081 -0.395664 -0.653697
    outer loop
      vertex 3.00516 -26.6971 3.76275
      vertex 3.005 -26.6967 3.76235
      vertex 3.01011 -26.6943 3.76594
    endloop
  endfacet
  facet normal 0.650945 -0.390567 -0.650945
    outer loop
      vertex 3.005 -26.6967 3.76235
      vertex 3.00516 -26.6971 3.76275
      vertex 3.005 -26.6972 3.76265
    endloop
  endfacet
  facet normal 0.643681 -0.381673 -0.663326
    outer loop
      vertex 3.01166 -26.7022 3.77198
      vertex 3.01012 -26.6943 3.76594
      vertex 3.905 -26.2752 4.39317
    endloop
  endfacet
  facet normal 0.303932 -0.579973 -0.755815
    outer loop
      vertex 3.905 -29.4016 6.19817
      vertex 3.02258 -29.5583 5.96357
      vertex 3.02258 -26.7581 3.81484
    endloop
  endfacet
  facet normal 0 0.831337 -0.555769
    outer loop
      vertex 3.005 -26.6967 3.76235
      vertex 3.00012 -26.6943 3.76594
      vertex 3.01011 -26.6943 3.76594
    endloop
  endfacet
  facet normal 0 0.831337 -0.555769
    outer loop
      vertex 3 -26.6967 3.76235
      vertex 3.00012 -26.6943 3.76594
      vertex 3.005 -26.6967 3.76235
    endloop
  endfacet
  facet normal -0.314773 0.793906 -0.520223
    outer loop
      vertex 3.00012 -26.6943 3.76594
      vertex 3 -26.6967 3.76235
      vertex 3 -26.6944 3.76586
    endloop
  endfacet
  facet normal 0 0.831471 -0.555569
    outer loop
      vertex 3.01012 -26.6943 3.76594
      vertex 3.895 -26.2752 4.39317
      vertex 3.905 -26.2752 4.39317
    endloop
  endfacet
  facet normal -0.00548135 0.835013 -0.550203
    outer loop
      vertex 3.895 -26.2752 4.39317
      vertex 3.01012 -26.6943 3.76594
      vertex 3.00516 -26.692 3.76948
    endloop
  endfacet
  facet normal 1 0 0
    outer loop
      vertex 3.905 -29.3966 6.20683
      vertex 3.905 -26.2752 4.39317
      vertex 3.905 -26.2702 4.40183
    endloop
  endfacet
  facet normal 1 0 0
    outer loop
      vertex 3.905 -26.2752 4.39317
      vertex 3.905 -29.3966 6.20683
      vertex 3.905 -29.4016 6.19817
    endloop
  endfacet
  facet normal 0.643733 -0.382621 -0.662728
    outer loop
      vertex 3.02258 -26.7581 3.81484
      vertex 3.905 -26.2752 4.39317
      vertex 3.905 -29.4016 6.19817
    endloop
  endfacet
  facet normal 0.643717 -0.382463 -0.662835
    outer loop
      vertex 3.02258 -26.7581 3.81484
      vertex 3.01166 -26.7022 3.77198
      vertex 3.905 -26.2752 4.39317
    endloop
  endfacet
  facet normal 0.172348 0.953769 -0.246212
    outer loop
      vertex 3.0051 -25.9385 5.07454
      vertex 3.895 -26.2752 4.39317
      vertex 3.005 -25.9385 5.07447
    endloop
  endfacet
  facet normal -0.0550553 0.864702 -0.499258
    outer loop
      vertex 3.005 -26.6919 3.7696
      vertex 3.005 -25.9385 5.07447
      vertex 3.895 -26.2752 4.39317
    endloop
  endfacet
  facet normal -0.0545599 0.864726 -0.499272
    outer loop
      vertex 3 -26.6921 3.7698
      vertex 3.005 -25.9385 5.07447
      vertex 3.005 -26.6919 3.7696
    endloop
  endfacet
  facet normal -0.0588592 0.864522 -0.499137
    outer loop
      vertex 3.005 -25.9385 5.07447
      vertex 3 -26.6921 3.7698
      vertex 3 -25.9388 5.07454
    endloop
  endfacet
  facet normal 0.0477031 0.797709 -0.601153
    outer loop
      vertex 3.005 -26.6919 3.7696
      vertex 3.895 -26.2752 4.39317
      vertex 3.00516 -26.692 3.76948
    endloop
  endfacet
  facet normal 0 1 0
    outer loop
      vertex 3.00005 -25.9366 5.0784
      vertex 3 -25.9366 5.0784
      vertex 3 -25.9366 5.07844
    endloop
  endfacet
  facet normal 0 0.624695 -0.780869
    outer loop
      vertex 3.00012 -26.6943 3.76594
      vertex 3 -26.6944 3.76586
      vertex 3 -26.6943 3.76594
    endloop
  endfacet
  facet normal 0 0 0
    outer loop
      vertex 3.02199 -29.2718 6.45989
      vertex 3.02258 -29.2718 6.45989
      vertex 3.022 -29.2718 6.45989
    endloop
  endfacet
  facet normal 0 -0.895874 0.444309
    outer loop
      vertex 3.905 -29.4016 6.19817
      vertex 3.02258 -29.2718 6.45989
      vertex 3.02199 -29.2718 6.45989
    endloop
  endfacet
  facet normal 0.0209079 -0.86583 0.499902
    outer loop
      vertex 3.02258 -29.2718 6.45989
      vertex 3.905 -29.4016 6.19817
      vertex 3.905 -29.3966 6.20683
    endloop
  endfacet
  facet normal 0.64371 0.38263 0.662746
    outer loop
      vertex 3.905 -26.2702 4.40183
      vertex 3.01855 -25.9868 5.0992
      vertex 3.905 -29.3966 6.20683
    endloop
  endfacet
  facet normal 0.643746 0.382147 0.662989
    outer loop
      vertex 3.905 -26.2702 4.40183
      vertex 3.01166 -25.9457 5.0822
      vertex 3.01855 -25.9868 5.0992
    endloop
  endfacet
  facet normal 0.643614 0.385109 0.661402
    outer loop
      vertex 3.01166 -25.9457 5.0822
      vertex 3.905 -26.2702 4.40183
      vertex 3.01012 -25.9366 5.0784
    endloop
  endfacet
  facet normal 0.647605 0.401515 0.647605
    outer loop
      vertex 3.00516 -25.9352 5.08242
      vertex 3.005 -25.9347 5.08227
      vertex 3.00514 -25.9352 5.08244
    endloop
  endfacet
  facet normal -0.579354 0.0890383 -0.810198
    outer loop
      vertex 3.01012 -25.9366 5.0784
      vertex 3.905 -26.2702 4.40183
      vertex 3.005 -25.9347 5.08227
    endloop
  endfacet
  facet normal 0.642406 0.401417 0.652824
    outer loop
      vertex 3.01012 -25.9366 5.0784
      vertex 3.005 -25.9347 5.08227
      vertex 3.00516 -25.9352 5.08242
    endloop
  endfacet
  facet normal 0 0.866019 -0.500011
    outer loop
      vertex 3.905 -26.2752 4.39317
      vertex 3.895 -26.2702 4.40183
      vertex 3.905 -26.2702 4.40183
    endloop
  endfacet
  facet normal 0 0.866019 -0.500011
    outer loop
      vertex 3.895 -26.2702 4.40183
      vertex 3.905 -26.2752 4.39317
      vertex 3.895 -26.2752 4.39317
    endloop
  endfacet
  facet normal 0.303974 0.364575 0.880162
    outer loop
      vertex 3.02258 -29.2718 6.45989
      vertex 3.905 -29.3966 6.20683
      vertex 3.02258 -26.0108 5.10914
    endloop
  endfacet
  facet normal 0.00438104 -0.481914 -0.876207
    outer loop
      vertex 3 -26.6967 3.76235
      vertex 3.005 -26.6972 3.76265
      vertex 3 -26.6975 3.76279
    endloop
  endfacet
  facet normal 0 -0.514496 -0.857493
    outer loop
      vertex 3.005 -26.6972 3.76265
      vertex 3 -26.6967 3.76235
      vertex 3.005 -26.6967 3.76235
    endloop
  endfacet
  facet normal 0.186928 0.956421 -0.224313
    outer loop
      vertex 3.895 -26.2702 4.40183
      vertex 3.0051 -25.9385 5.07454
      vertex 3.00516 -25.9385 5.07459
    endloop
  endfacet
  facet normal -0.0550953 0.864704 -0.499252
    outer loop
      vertex 3.0051 -25.9385 5.07454
      vertex 3.895 -26.2702 4.40183
      vertex 3.895 -26.2752 4.39317
    endloop
  endfacet
  facet normal -0.581914 0.363696 -0.727393
    outer loop
      vertex 3 -25.9365 5.07849
      vertex 3.00005 -25.9366 5.0784
      vertex 3 -25.9366 5.07844
    endloop
  endfacet
  facet normal 0 0.668965 -0.743294
    outer loop
      vertex 3 -25.9365 5.07849
      vertex 3.00012 -25.9366 5.0784
      vertex 3.00005 -25.9366 5.0784
    endloop
  endfacet
  facet normal -0.640184 -0.768221 -0
    outer loop
      vertex 3.00012 -25.9366 5.0784
      vertex 3 -25.9365 5.07849
      vertex 3.00012 -25.9366 5.07839
    endloop
  endfacet
  facet normal 0 0.8981 -0.439791
    outer loop
      vertex 3.00012 -25.9366 5.07839
      vertex 3 -25.9347 5.08227
      vertex 3.005 -25.9347 5.08227
    endloop
  endfacet
  facet normal 0 0.8981 -0.439791
    outer loop
      vertex 3.00012 -25.9366 5.07839
      vertex 3.005 -25.9347 5.08227
      vertex 3.01011 -25.9366 5.07839
    endloop
  endfacet
  facet normal 0.496019 0.832915 0.245391
    outer loop
      vertex 3.905 -26.2702 4.40183
      vertex 3.01011 -25.9366 5.07839
      vertex 3.005 -25.9347 5.08227
    endloop
  endfacet
  facet normal 0 0.896895 -0.442243
    outer loop
      vertex 3.895 -26.2702 4.40183
      vertex 3.01011 -25.9366 5.07839
      vertex 3.905 -26.2702 4.40183
    endloop
  endfacet
  facet normal -0.00237328 0.895658 -0.444737
    outer loop
      vertex 3.01011 -25.9366 5.07839
      vertex 3.895 -26.2702 4.40183
      vertex 3.00516 -25.9385 5.07459
    endloop
  endfacet
  facet normal 0.366659 0.839981 -0.399991
    outer loop
      vertex 3 -25.9347 5.08227
      vertex 3.00012 -25.9366 5.07839
      vertex 3 -25.9365 5.07849
    endloop
  endfacet
  facet normal 0 -0.866024 0.500002
    outer loop
      vertex 3 -29.5586 5.9638
      vertex 3.005 -29.2721 6.46003
      vertex 3 -29.2721 6.46003
    endloop
  endfacet
  facet normal 0 -0.866024 0.500002
    outer loop
      vertex 3.005 -29.2721 6.46003
      vertex 3 -29.5586 5.9638
      vertex 3.005 -29.5586 5.9638
    endloop
  endfacet
  facet normal 0.0194082 -0.865861 0.499908
    outer loop
      vertex 3.005 -29.5586 5.9638
      vertex 3.02199 -29.2718 6.45989
      vertex 3.005 -29.2721 6.46003
    endloop
  endfacet
  facet normal 0.0213151 -0.865856 0.499839
    outer loop
      vertex 3.02199 -29.2718 6.45989
      vertex 3.005 -29.5586 5.9638
      vertex 3.02258 -29.5583 5.96357
    endloop
  endfacet
  facet normal 0.0208717 -0.865864 0.499844
    outer loop
      vertex 3.02199 -29.2718 6.45989
      vertex 3.02258 -29.5583 5.96357
      vertex 3.905 -29.4016 6.19817
    endloop
  endfacet
  facet normal 0.643405 0.382645 0.663033
    outer loop
      vertex 3.01855 -25.9868 5.0992
      vertex 3.02258 -26.0108 5.10914
      vertex 3.905 -29.3966 6.20683
    endloop
  endfacet
  facet normal 0.595598 0.403021 0.694864
    outer loop
      vertex 3.005 -25.9347 5.08227
      vertex 3.005 -25.9352 5.08256
      vertex 3.00514 -25.9352 5.08244
    endloop
  endfacet
  facet normal -0 0.501718 0.865031
    outer loop
      vertex 3 -25.9347 5.08227
      vertex 3.005 -25.9352 5.08256
      vertex 3.005 -25.9347 5.08227
    endloop
  endfacet
  facet normal 0.0041122 0.532167 0.846629
    outer loop
      vertex 3.005 -25.9352 5.08256
      vertex 3 -25.9347 5.08227
      vertex 3 -25.9354 5.08271
    endloop
  endfacet
  facet normal 0.554718 -0.253585 -0.792454
    outer loop
      vertex 3.005 -25.938 5.07431
      vertex 3.0051 -25.9385 5.07454
      vertex 3.005 -25.9385 5.07447
    endloop
  endfacet
  facet normal 0.644417 -0.20615 -0.736362
    outer loop
      vertex 3.00516 -25.9385 5.07459
      vertex 3.005 -25.938 5.07431
      vertex 3.01011 -25.9366 5.07839
    endloop
  endfacet
  facet normal 0.624524 -0.219832 -0.749429
    outer loop
      vertex 3.0051 -25.9385 5.07454
      vertex 3.005 -25.938 5.07431
      vertex 3.00516 -25.9385 5.07459
    endloop
  endfacet
  facet normal 0.643769 -0.199541 -0.738745
    outer loop
      vertex 3.01166 -25.9457 5.0822
      vertex 3.01012 -25.9366 5.0784
      vertex 3.905 -25.6941 5.79273
    endloop
  endfacet
  facet normal 0.303961 -0.364577 -0.880166
    outer loop
      vertex 3.905 -29.1811 6.72706
      vertex 3.02258 -29.2718 6.45989
      vertex 3.02258 -26.0108 5.10914
    endloop
  endfacet
  facet normal 0 0.945865 -0.324561
    outer loop
      vertex 3.005 -25.938 5.07431
      vertex 3.00012 -25.9366 5.07839
      vertex 3.01011 -25.9366 5.07839
    endloop
  endfacet
  facet normal 0 0.945865 -0.324561
    outer loop
      vertex 3 -25.938 5.07431
      vertex 3.00012 -25.9366 5.07839
      vertex 3.005 -25.938 5.07431
    endloop
  endfacet
  facet normal 0.240997 0.915788 -0.321329
    outer loop
      vertex 3.00012 -25.9366 5.07839
      vertex 3 -25.938 5.07431
      vertex 3 -25.9366 5.0783
    endloop
  endfacet
  facet normal 0 1 0
    outer loop
      vertex 3.00012 -25.9366 5.0784
      vertex 3.00012 -25.9366 5.07839
      vertex 3 -25.9366 5.0783
    endloop
  endfacet
  facet normal 0 0.946923 -0.32146
    outer loop
      vertex 3.01012 -25.9366 5.0784
      vertex 3.895 -25.6941 5.79273
      vertex 3.905 -25.6941 5.79273
    endloop
  endfacet
  facet normal 0.00335783 0.945644 -0.325186
    outer loop
      vertex 3.895 -25.6941 5.79273
      vertex 3.01012 -25.9366 5.0784
      vertex 3.00516 -25.9352 5.08242
    endloop
  endfacet
  facet normal 0 0.965635 -0.259902
    outer loop
      vertex 3.905 -25.6941 5.79273
      vertex 3.895 -25.6915 5.80239
      vertex 3.905 -25.6915 5.80239
    endloop
  endfacet
  facet normal 0 0.965635 -0.259902
    outer loop
      vertex 3.895 -25.6915 5.80239
      vertex 3.905 -25.6941 5.79273
      vertex 3.895 -25.6941 5.79273
    endloop
  endfacet
  facet normal 0.643717 -0.198063 -0.739189
    outer loop
      vertex 3.02258 -26.0108 5.10914
      vertex 3.905 -25.6941 5.79273
      vertex 3.905 -29.1811 6.72706
    endloop
  endfacet
  facet normal 0.643716 -0.198057 -0.739191
    outer loop
      vertex 3.01855 -25.9868 5.0992
      vertex 3.905 -25.6941 5.79273
      vertex 3.02258 -26.0108 5.10914
    endloop
  endfacet
  facet normal 0.643702 -0.197864 -0.739254
    outer loop
      vertex 3.905 -25.6941 5.79273
      vertex 3.01855 -25.9868 5.0992
      vertex 3.01166 -25.9457 5.0822
    endloop
  endfacet
  facet normal 0.0810537 0.991547 -0.101317
    outer loop
      vertex 3.895 -25.6941 5.79273
      vertex 3.005 -25.5452 6.53795
      vertex 3.0051 -25.5452 6.53803
    endloop
  endfacet
  facet normal -0.0550457 0.964456 -0.258445
    outer loop
      vertex 3.005 -25.9352 5.08256
      vertex 3.005 -25.5452 6.53795
      vertex 3.895 -25.6941 5.79273
    endloop
  endfacet
  facet normal -0.0463521 0.964883 -0.258559
    outer loop
      vertex 3 -25.9354 5.08271
      vertex 3.005 -25.5452 6.53795
      vertex 3.005 -25.9352 5.08256
    endloop
  endfacet
  facet normal -0.0578588 0.964313 -0.258367
    outer loop
      vertex 3.005 -25.5452 6.53795
      vertex 3 -25.9354 5.08271
      vertex 3 -25.5455 6.53795
    endloop
  endfacet
  facet normal -0.137144 0.977544 -0.160001
    outer loop
      vertex 3.895 -25.6941 5.79273
      vertex 3.00514 -25.9352 5.08244
      vertex 3.005 -25.9352 5.08256
    endloop
  endfacet
  facet normal -0.147365 0.978043 -0.147365
    outer loop
      vertex 3.00514 -25.9352 5.08244
      vertex 3.895 -25.6941 5.79273
      vertex 3.00516 -25.9352 5.08242
    endloop
  endfacet
  facet normal 0 1 0
    outer loop
      vertex 3.00005 -25.5443 6.54225
      vertex 3 -25.5443 6.54225
      vertex 3 -25.5443 6.5423
    endloop
  endfacet
  facet normal 0 1 0
    outer loop
      vertex 3 -25.9366 5.0783
      vertex 3.00005 -25.9366 5.0784
      vertex 3.00012 -25.9366 5.0784
    endloop
  endfacet
  facet normal 0 1 0
    outer loop
      vertex 3.00005 -25.9366 5.0784
      vertex 3 -25.9366 5.0783
      vertex 3 -25.9366 5.0784
    endloop
  endfacet
  facet normal 0 -0.947627 0.319379
    outer loop
      vertex 3.02258 -29.2718 6.45989
      vertex 3.905 -29.1785 6.73672
      vertex 3.022 -29.2718 6.45989
    endloop
  endfacet
  facet normal 0.0205586 -0.965431 0.259847
    outer loop
      vertex 3.905 -29.1785 6.73672
      vertex 3.02258 -29.2718 6.45989
      vertex 3.905 -29.1811 6.72706
    endloop
  endfacet
  facet normal 0 -0.965927 0.258816
    outer loop
      vertex 3 -29.2721 6.46003
      vertex 3.005 -29.1238 7.0135
      vertex 3 -29.1238 7.0135
    endloop
  endfacet
  facet normal 0 -0.965927 0.258816
    outer loop
      vertex 3.005 -29.1238 7.0135
      vertex 3 -29.2721 6.46003
      vertex 3.005 -29.2721 6.46003
    endloop
  endfacet
  facet normal 0.0172268 -0.965798 0.258722
    outer loop
      vertex 3.02199 -29.2718 6.45989
      vertex 3.02257 -29.1235 7.01345
      vertex 3.005 -29.1238 7.0135
    endloop
  endfacet
  facet normal 0.0191849 -0.965749 0.258768
    outer loop
      vertex 3.02199 -29.2718 6.45989
      vertex 3.005 -29.1238 7.0135
      vertex 3.005 -29.2721 6.46003
    endloop
  endfacet
  facet normal 0 -0.965937 0.258777
    outer loop
      vertex 3.02257 -29.1235 7.01345
      vertex 3.02199 -29.2718 6.45989
      vertex 3.022 -29.2718 6.45989
    endloop
  endfacet
  facet normal 0.0209363 -0.965731 0.2587
    outer loop
      vertex 3.02257 -29.1235 7.01345
      vertex 3.022 -29.2718 6.45989
      vertex 3.905 -29.1785 6.73672
    endloop
  endfacet
  facet normal 1 0 0
    outer loop
      vertex 3.905 -29.1785 6.73672
      vertex 3.905 -25.6941 5.79273
      vertex 3.905 -25.6915 5.80239
    endloop
  endfacet
  facet normal 1 0 0
    outer loop
      vertex 3.905 -25.6941 5.79273
      vertex 3.905 -29.1785 6.73672
      vertex 3.905 -29.1811 6.72706
    endloop
  endfacet
  facet normal 0.643717 0.198063 0.739188
    outer loop
      vertex 3.905 -25.6915 5.80239
      vertex 3.01855 -25.5982 6.54935
      vertex 3.905 -29.1785 6.73672
    endloop
  endfacet
  facet normal 0.643718 0.198048 0.739191
    outer loop
      vertex 3.01855 -25.5982 6.54935
      vertex 3.905 -25.6915 5.80239
      vertex 3.01012 -25.5443 6.54225
    endloop
  endfacet
  facet normal 0.693329 0.196443 0.693329
    outer loop
      vertex 3.00516 -25.5441 6.54649
      vertex 3.005 -25.5435 6.54648
      vertex 3.00514 -25.5441 6.54651
    endloop
  endfacet
  facet normal 0.643706 0.184035 0.742815
    outer loop
      vertex 3.005 -25.5435 6.54648
      vertex 3.00516 -25.5441 6.54649
      vertex 3.01011 -25.5443 6.54225
    endloop
  endfacet
  facet normal 0.00312346 -0.276306 -0.961065
    outer loop
      vertex 3 -25.938 5.07431
      vertex 3.005 -25.9385 5.07447
      vertex 3 -25.9388 5.07454
    endloop
  endfacet
  facet normal 0 -0.304776 -0.952424
    outer loop
      vertex 3.005 -25.9385 5.07447
      vertex 3 -25.938 5.07431
      vertex 3.005 -25.938 5.07431
    endloop
  endfacet
  facet normal 0.0818536 0.991792 -0.0982243
    outer loop
      vertex 3.895 -25.6915 5.80239
      vertex 3.0051 -25.5452 6.53803
      vertex 3.00516 -25.5452 6.53808
    endloop
  endfacet
  facet normal -0.0560101 0.964119 -0.259494
    outer loop
      vertex 3.0051 -25.5452 6.53803
      vertex 3.895 -25.6915 5.80239
      vertex 3.895 -25.6941 5.79273
    endloop
  endfacet
  facet normal 0 1 0
    outer loop
      vertex 3 -25.5443 6.54235
      vertex 3.00005 -25.5443 6.54225
      vertex 3 -25.5443 6.5423
    endloop
  endfacet
  facet normal 0 1 -0
    outer loop
      vertex 3.00005 -25.5443 6.54225
      vertex 3 -25.5443 6.54235
      vertex 3.00012 -25.5443 6.54225
    endloop
  endfacet
  facet normal 0 0.980777 -0.195132
    outer loop
      vertex 3.895 -25.6915 5.80239
      vertex 3.01012 -25.5443 6.54225
      vertex 3.905 -25.6915 5.80239
    endloop
  endfacet
  facet normal -0.00692479 0.979136 -0.203088
    outer loop
      vertex 3.01012 -25.5443 6.54225
      vertex 3.895 -25.6915 5.80239
      vertex 3.00516 -25.5452 6.53808
    endloop
  endfacet
  facet normal 0 0.982582 -0.185831
    outer loop
      vertex 3.00012 -25.5443 6.54225
      vertex 3 -25.5435 6.54648
      vertex 3.005 -25.5435 6.54648
    endloop
  endfacet
  facet normal 0 0.982582 -0.185831
    outer loop
      vertex 3.00012 -25.5443 6.54225
      vertex 3.005 -25.5435 6.54648
      vertex 3.01011 -25.5443 6.54225
    endloop
  endfacet
  facet normal -0.156522 0.969651 -0.187826
    outer loop
      vertex 3 -25.5435 6.54648
      vertex 3.00012 -25.5443 6.54225
      vertex 3 -25.5443 6.54235
    endloop
  endfacet
  facet normal 0.30396 0.124348 0.944535
    outer loop
      vertex 3.02258 -29.1235 7.01345
      vertex 3.905 -29.1785 6.73672
      vertex 3.02258 -25.624 6.55274
    endloop
  endfacet
  facet normal 0 -0.980816 0.194937
    outer loop
      vertex 3.905 -29.1785 6.73672
      vertex 3.02258 -29.1235 7.01345
      vertex 3.02257 -29.1235 7.01345
    endloop
  endfacet
  facet normal 0.641358 0.197593 0.741362
    outer loop
      vertex 3.905 -29.1785 6.73672
      vertex 3.01855 -25.5982 6.54935
      vertex 3.02258 -25.624 6.55274
    endloop
  endfacet
  facet normal 0.66782 0.191784 0.719191
    outer loop
      vertex 3.005 -25.5435 6.54648
      vertex 3.005 -25.5441 6.54664
      vertex 3.00514 -25.5441 6.54651
    endloop
  endfacet
  facet normal -0 0.257663 0.966235
    outer loop
      vertex 3 -25.5435 6.54648
      vertex 3.005 -25.5441 6.54664
      vertex 3.005 -25.5435 6.54648
    endloop
  endfacet
  facet normal 0.00240267 0.276307 0.961067
    outer loop
      vertex 3.005 -25.5441 6.54664
      vertex 3 -25.5435 6.54648
      vertex 3 -25.5443 6.54671
    endloop
  endfacet
  facet normal 0 1 -0
    outer loop
      vertex 3.905 -25.495 7.295
      vertex 3.895 -25.495 7.305
      vertex 3.905 -25.495 7.305
    endloop
  endfacet
  facet normal 0 1 0
    outer loop
      vertex 3.895 -25.495 7.305
      vertex 3.905 -25.495 7.295
      vertex 3.895 -25.495 7.295
    endloop
  endfacet
  facet normal 0.303974 -0.124348 -0.94453
    outer loop
      vertex 3.02258 -25.624 6.55274
      vertex 3.905 -29.105 7.295
      vertex 3.02258 -29.1235 7.01345
    endloop
  endfacet
  facet normal 0 -1 0
    outer loop
      vertex 3.02258 -29.1235 7.01345
      vertex 3.02258 -29.1235 7.58655
      vertex 3.02257 -29.1235 7.58654
    endloop
  endfacet
  facet normal 0.0170721 -0.999854 0
    outer loop
      vertex 3.02257 -29.1235 7.01345
      vertex 3.02257 -29.1235 7.58654
      vertex 3.005 -29.1238 7.5865
    endloop
  endfacet
  facet normal 0.0209605 -0.99978 0
    outer loop
      vertex 3.02258 -29.1235 7.58655
      vertex 3.02258 -29.1235 7.01345
      vertex 3.905 -29.105 7.305
    endloop
  endfacet
  facet normal 0.0170721 -0.999854 0
    outer loop
      vertex 3.02257 -29.1235 7.01345
      vertex 3.005 -29.1238 7.5865
      vertex 3.005 -29.1238 7.0135
    endloop
  endfacet
  facet normal 0 -1 0
    outer loop
      vertex 3.02257 -29.1235 7.58654
      vertex 3.02257 -29.1235 7.01345
      vertex 3.02258 -29.1235 7.01345
    endloop
  endfacet
  facet normal 0.0209605 -0.99978 0
    outer loop
      vertex 3.905 -29.105 7.305
      vertex 3.02258 -29.1235 7.01345
      vertex 3.905 -29.105 7.295
    endloop
  endfacet
  facet normal 0 0.997862 -0.0653532
    outer loop
      vertex 3.01011 -25.5443 6.54225
      vertex 3.895 -25.495 7.295
      vertex 3.905 -25.495 7.295
    endloop
  endfacet
  facet normal -0.00780789 0.998388 -0.0562091
    outer loop
      vertex 3.895 -25.495 7.295
      vertex 3.01011 -25.5443 6.54225
      vertex 3.00516 -25.5441 6.54649
    endloop
  endfacet
  facet normal 0 0.997575 -0.0695983
    outer loop
      vertex 3.005 -25.5446 6.53795
      vertex 3.00012 -25.5443 6.54225
      vertex 3.01011 -25.5443 6.54225
    endloop
  endfacet
  facet normal 0.640012 0.0682109 -0.765331
    outer loop
      vertex 3.005 -25.5446 6.53795
      vertex 3.01011 -25.5443 6.54225
      vertex 3.905 -25.495 7.295
    endloop
  endfacet
  facet normal 0 0.997575 -0.0695983
    outer loop
      vertex 3 -25.5446 6.53795
      vertex 3.00012 -25.5443 6.54225
      vertex 3.005 -25.5446 6.53795
    endloop
  endfacet
  facet normal 0.0592682 0.995705 -0.0711218
    outer loop
      vertex 3.00012 -25.5443 6.54225
      vertex 3 -25.5446 6.53795
      vertex 3 -25.5443 6.54215
    endloop
  endfacet
  facet normal 1 -0 0
    outer loop
      vertex 3.905 -29.105 7.305
      vertex 3.905 -25.495 7.295
      vertex 3.905 -25.495 7.305
    endloop
  endfacet
  facet normal 1 0 0
    outer loop
      vertex 3.905 -25.495 7.295
      vertex 3.905 -29.105 7.305
      vertex 3.905 -29.105 7.295
    endloop
  endfacet
  facet normal 0.624695 0 -0.780869
    outer loop
      vertex 3.005 -25.5446 6.53795
      vertex 3.0051 -25.5452 6.53803
      vertex 3.005 -25.5452 6.53795
    endloop
  endfacet
  facet normal 0.640179 0.00426786 -0.768214
    outer loop
      vertex 3.0051 -25.5452 6.53803
      vertex 3.005 -25.5446 6.53795
      vertex 3.00516 -25.5452 6.53808
    endloop
  endfacet
  facet normal 0.643714 0 -0.765266
    outer loop
      vertex 3.02258 -25.624 6.55274
      vertex 3.905 -25.495 7.295
      vertex 3.905 -29.105 7.295
    endloop
  endfacet
  facet normal 0.643715 -3.15488e-06 -0.765266
    outer loop
      vertex 3.01855 -25.5982 6.54935
      vertex 3.905 -25.495 7.295
      vertex 3.02258 -25.624 6.55274
    endloop
  endfacet
  facet normal 0.643723 -0.000125297 -0.765259
    outer loop
      vertex 3.01012 -25.5443 6.54225
      vertex 3.905 -25.495 7.295
      vertex 3.01855 -25.5982 6.54935
    endloop
  endfacet
  facet normal 0.642923 0.00549885 -0.765911
    outer loop
      vertex 3.01012 -25.5443 6.54225
      vertex 3.00516 -25.5452 6.53808
      vertex 3.005 -25.5446 6.53795
    endloop
  endfacet
  facet normal -0.627499 0.27649 0.727872
    outer loop
      vertex 3.01012 -25.5443 6.54225
      vertex 3.005 -25.5446 6.53795
      vertex 3.905 -25.495 7.295
    endloop
  endfacet
  facet normal 0 -1 0
    outer loop
      vertex 3 -29.1238 7.0135
      vertex 3.005 -29.1238 7.5865
      vertex 3 -29.1238 7.5865
    endloop
  endfacet
  facet normal 0 -1 -0
    outer loop
      vertex 3.005 -29.1238 7.5865
      vertex 3 -29.1238 7.0135
      vertex 3.005 -29.1238 7.0135
    endloop
  endfacet
  facet normal 0 0 -1
    outer loop
      vertex 3 -25.5446 6.53795
      vertex 3.005 -25.5452 6.53795
      vertex 3 -25.5455 6.53795
    endloop
  endfacet
  facet normal 0 0 -1
    outer loop
      vertex 3.005 -25.5452 6.53795
      vertex 3 -25.5446 6.53795
      vertex 3.005 -25.5446 6.53795
    endloop
  endfacet
  facet normal 0.640179 0.00426786 0.768214
    outer loop
      vertex 3.005 -25.5446 8.06205
      vertex 3.0051 -25.5452 8.06197
      vertex 3.00516 -25.5452 8.06192
    endloop
  endfacet
  facet normal 0.624695 0 0.780869
    outer loop
      vertex 3.0051 -25.5452 8.06197
      vertex 3.005 -25.5446 8.06205
      vertex 3.005 -25.5452 8.06205
    endloop
  endfacet
  facet normal 0.643714 0 0.765266
    outer loop
      vertex 3.905 -25.495 7.305
      vertex 3.02258 -25.624 8.04726
      vertex 3.905 -29.105 7.305
    endloop
  endfacet
  facet normal 0.643715 -3.15488e-06 0.765266
    outer loop
      vertex 3.905 -25.495 7.305
      vertex 3.01855 -25.5982 8.05065
      vertex 3.02258 -25.624 8.04726
    endloop
  endfacet
  facet normal 0.643723 -0.000125297 0.765259
    outer loop
      vertex 3.905 -25.495 7.305
      vertex 3.01012 -25.5443 8.05775
      vertex 3.01855 -25.5982 8.05065
    endloop
  endfacet
  facet normal 0.642923 0.00549885 0.765911
    outer loop
      vertex 3.005 -25.5446 8.06205
      vertex 3.00516 -25.5452 8.06192
      vertex 3.01012 -25.5443 8.05775
    endloop
  endfacet
  facet normal -0.627499 0.27649 -0.727872
    outer loop
      vertex 3.01012 -25.5443 8.05775
      vertex 3.905 -25.495 7.305
      vertex 3.005 -25.5446 8.06205
    endloop
  endfacet
  facet normal 0.303974 -0.124348 0.94453
    outer loop
      vertex 3.905 -29.105 7.305
      vertex 3.02258 -25.624 8.04726
      vertex 3.02258 -29.1235 7.58655
    endloop
  endfacet
  facet normal -0.0299423 0.999103 0.0299423
    outer loop
      vertex 3.895 -25.495 7.305
      vertex 3.00514 -25.5441 8.05349
      vertex 3.00516 -25.5441 8.05351
    endloop
  endfacet
  facet normal -0.0289256 0.999096 0.0311506
    outer loop
      vertex 3.895 -25.495 7.305
      vertex 3.005 -25.5441 8.05336
      vertex 3.00514 -25.5441 8.05349
    endloop
  endfacet
  facet normal -0.0550848 0.998482 0
    outer loop
      vertex 3.895 -25.495 7.295
      vertex 3.005 -25.5441 8.05336
      vertex 3.895 -25.495 7.305
    endloop
  endfacet
  facet normal -0.0550848 0.998482 0
    outer loop
      vertex 3.005 -25.5441 6.54664
      vertex 3.005 -25.5441 8.05336
      vertex 3.895 -25.495 7.295
    endloop
  endfacet
  facet normal -0.039968 0.999201 0
    outer loop
      vertex 3.005 -25.5441 8.05336
      vertex 3.005 -25.5441 6.54664
      vertex 3 -25.5443 8.05329
    endloop
  endfacet
  facet normal -0.039968 0.999201 0
    outer loop
      vertex 3 -25.5443 8.05329
      vertex 3.005 -25.5441 6.54664
      vertex 3 -25.5443 6.54671
    endloop
  endfacet
  facet normal -0.0289256 0.999096 -0.0311506
    outer loop
      vertex 3.895 -25.495 7.295
      vertex 3.00514 -25.5441 6.54651
      vertex 3.005 -25.5441 6.54664
    endloop
  endfacet
  facet normal -0.0299423 0.999103 -0.0299423
    outer loop
      vertex 3.00514 -25.5441 6.54651
      vertex 3.895 -25.495 7.295
      vertex 3.00516 -25.5441 6.54649
    endloop
  endfacet
  facet normal 0 1 0
    outer loop
      vertex 3.00005 -25.5443 6.54225
      vertex 3 -25.5443 6.54215
      vertex 3 -25.5443 6.54225
    endloop
  endfacet
  facet normal 0 1 0
    outer loop
      vertex 3 -25.5443 6.54215
      vertex 3.00005 -25.5443 6.54225
      vertex 3.00012 -25.5443 6.54225
    endloop
  endfacet
  facet normal 0 -1 0
    outer loop
      vertex 3 -25.5443 8.05785
      vertex 3.00012 -25.5443 8.05774
      vertex 3.00012 -25.5443 8.05775
    endloop
  endfacet
  facet normal 0 1 -0
    outer loop
      vertex 3.00005 -25.5443 8.05775
      vertex 3 -25.5443 8.05785
      vertex 3.00012 -25.5443 8.05775
    endloop
  endfacet
  facet normal 0 1 0
    outer loop
      vertex 3 -25.5443 8.05785
      vertex 3.00005 -25.5443 8.05775
      vertex 3 -25.5443 8.05774
    endloop
  endfacet
  facet normal 0 0.997586 0.0694376
    outer loop
      vertex 3.00012 -25.5443 8.05774
      vertex 3 -25.5446 8.06205
      vertex 3.005 -25.5446 8.06205
    endloop
  endfacet
  facet normal -0 0.997586 0.0694376
    outer loop
      vertex 3.00012 -25.5443 8.05774
      vertex 3.005 -25.5446 8.06205
      vertex 3.01011 -25.5443 8.05774
    endloop
  endfacet
  facet normal 0.562998 0.442097 0.698272
    outer loop
      vertex 3.905 -25.495 7.305
      vertex 3.01011 -25.5443 8.05774
      vertex 3.005 -25.5446 8.06205
    endloop
  endfacet
  facet normal -0 0.997862 0.065354
    outer loop
      vertex 3.895 -25.495 7.305
      vertex 3.01011 -25.5443 8.05774
      vertex 3.905 -25.495 7.305
    endloop
  endfacet
  facet normal -0.00775153 0.998385 0.0562759
    outer loop
      vertex 3.01011 -25.5443 8.05774
      vertex 3.895 -25.495 7.305
      vertex 3.00516 -25.5441 8.05351
    endloop
  endfacet
  facet normal 0.065171 0.995338 0.0710956
    outer loop
      vertex 3 -25.5446 8.06205
      vertex 3.00012 -25.5443 8.05774
      vertex 3 -25.5443 8.05785
    endloop
  endfacet
  facet normal -0 0 1
    outer loop
      vertex 3 -25.5446 8.06205
      vertex 3.005 -25.5452 8.06205
      vertex 3.005 -25.5446 8.06205
    endloop
  endfacet
  facet normal 0 0 1
    outer loop
      vertex 3.005 -25.5452 8.06205
      vertex 3 -25.5446 8.06205
      vertex 3 -25.5455 8.06205
    endloop
  endfacet
  facet normal 0.641358 0.197593 -0.741362
    outer loop
      vertex 3.02258 -25.624 8.04726
      vertex 3.01855 -25.5982 8.05065
      vertex 3.905 -29.1785 7.86328
    endloop
  endfacet
  facet normal 0.66782 0.191784 -0.719191
    outer loop
      vertex 3.00514 -25.5441 8.05349
      vertex 3.005 -25.5441 8.05336
      vertex 3.005 -25.5435 8.05352
    endloop
  endfacet
  facet normal 0.0900659 0.991855 -0.0900659
    outer loop
      vertex 3.905 -29.1785 7.86328
      vertex 3.02257 -29.1235 7.58654
      vertex 3.02258 -29.1235 7.58655
    endloop
  endfacet
  facet normal 0.30396 0.124348 -0.944535
    outer loop
      vertex 3.905 -29.1785 7.86328
      vertex 3.02258 -29.1235 7.58655
      vertex 3.02258 -25.624 8.04726
    endloop
  endfacet
  facet normal 0 0.965567 0.260153
    outer loop
      vertex 3.905 -25.6915 8.79762
      vertex 3.895 -25.6941 8.80727
      vertex 3.905 -25.6941 8.80727
    endloop
  endfacet
  facet normal 0 0.965567 0.260153
    outer loop
      vertex 3.895 -25.6941 8.80727
      vertex 3.905 -25.6915 8.79762
      vertex 3.895 -25.6915 8.79762
    endloop
  endfacet
  facet normal 0.643769 -0.199541 0.738745
    outer loop
      vertex 3.905 -25.6941 8.80727
      vertex 3.01012 -25.9366 9.5216
      vertex 3.01166 -25.9457 9.5178
    endloop
  endfacet
  facet normal 0.644417 -0.20615 0.736362
    outer loop
      vertex 3.005 -25.938 9.52569
      vertex 3.00516 -25.9385 9.52541
      vertex 3.01011 -25.9366 9.52161
    endloop
  endfacet
  facet normal 0.624524 -0.219832 0.749429
    outer loop
      vertex 3.005 -25.938 9.52569
      vertex 3.0051 -25.9385 9.52546
      vertex 3.00516 -25.9385 9.52541
    endloop
  endfacet
  facet normal 0.554718 -0.253585 0.792454
    outer loop
      vertex 3.0051 -25.9385 9.52546
      vertex 3.005 -25.938 9.52569
      vertex 3.005 -25.9385 9.52553
    endloop
  endfacet
  facet normal 0 -0.947627 -0.319379
    outer loop
      vertex 3.905 -29.1785 7.86328
      vertex 3.02258 -29.2718 8.14011
      vertex 3.022 -29.2718 8.14011
    endloop
  endfacet
  facet normal 0.0205586 -0.965431 -0.259847
    outer loop
      vertex 3.02258 -29.2718 8.14011
      vertex 3.905 -29.1785 7.86328
      vertex 3.905 -29.1811 7.87294
    endloop
  endfacet
  facet normal -0.0562307 0.96404 0.259741
    outer loop
      vertex 3.895 -25.6915 8.79762
      vertex 3.0051 -25.5452 8.06197
      vertex 3.895 -25.6941 8.80727
    endloop
  endfacet
  facet normal 0.081853 0.991792 0.0982236
    outer loop
      vertex 3.0051 -25.5452 8.06197
      vertex 3.895 -25.6915 8.79762
      vertex 3.00516 -25.5452 8.06192
    endloop
  endfacet
  facet normal 0 1 0
    outer loop
      vertex 3 -25.5443 8.05765
      vertex 3.00005 -25.5443 8.05775
      vertex 3.00012 -25.5443 8.05775
    endloop
  endfacet
  facet normal 0 1 0
    outer loop
      vertex 3.00005 -25.5443 8.05775
      vertex 3 -25.5443 8.05765
      vertex 3 -25.5443 8.0577
    endloop
  endfacet
  facet normal 1 0 0
    outer loop
      vertex 3.905 -25.6941 8.80727
      vertex 3.905 -29.1785 7.86328
      vertex 3.905 -25.6915 8.79762
    endloop
  endfacet
  facet normal 1 0 -0
    outer loop
      vertex 3.905 -29.1785 7.86328
      vertex 3.905 -25.6941 8.80727
      vertex 3.905 -29.1811 7.87294
    endloop
  endfacet
  facet normal 0.643722 0.198064 -0.739184
    outer loop
      vertex 3.01855 -25.5982 8.05065
      vertex 3.905 -25.6915 8.79762
      vertex 3.905 -29.1785 7.86328
    endloop
  endfacet
  facet normal 0.643723 0.198048 -0.739187
    outer loop
      vertex 3.905 -25.6915 8.79762
      vertex 3.01855 -25.5982 8.05065
      vertex 3.01012 -25.5443 8.05775
    endloop
  endfacet
  facet normal 0.642864 0.183824 -0.743596
    outer loop
      vertex 3.00516 -25.5441 8.05351
      vertex 3.005 -25.5435 8.05352
      vertex 3.01011 -25.5443 8.05774
    endloop
  endfacet
  facet normal 0.693329 0.196443 -0.693329
    outer loop
      vertex 3.005 -25.5435 8.05352
      vertex 3.00516 -25.5441 8.05351
      vertex 3.00514 -25.5441 8.05349
    endloop
  endfacet
  facet normal 0 1 0
    outer loop
      vertex 3 -25.5443 8.0577
      vertex 3 -25.5443 8.05774
      vertex 3.00005 -25.5443 8.05775
    endloop
  endfacet
  facet normal 0 1 -0
    outer loop
      vertex 3.00005 -25.9366 9.5216
      vertex 3 -25.9366 9.5217
      vertex 3.00012 -25.9366 9.5216
    endloop
  endfacet
  facet normal 0 1 0
    outer loop
      vertex 3 -25.9366 9.5217
      vertex 3.00005 -25.9366 9.5216
      vertex 3 -25.9366 9.5216
    endloop
  endfacet
  facet normal 0.0810537 0.991547 0.101317
    outer loop
      vertex 3.895 -25.6941 8.80727
      vertex 3.0051 -25.5452 8.06197
      vertex 3.005 -25.5452 8.06205
    endloop
  endfacet
  facet normal -0.147365 0.978043 0.147365
    outer loop
      vertex 3.895 -25.6941 8.80727
      vertex 3.00514 -25.9352 9.51756
      vertex 3.00516 -25.9352 9.51758
    endloop
  endfacet
  facet normal -0.137144 0.977544 0.160001
    outer loop
      vertex 3.895 -25.6941 8.80727
      vertex 3.005 -25.9352 9.51744
      vertex 3.00514 -25.9352 9.51756
    endloop
  endfacet
  facet normal -0.0550457 0.964456 0.258445
    outer loop
      vertex 3.005 -25.5452 8.06205
      vertex 3.005 -25.9352 9.51744
      vertex 3.895 -25.6941 8.80727
    endloop
  endfacet
  facet normal -0.0463521 0.964883 0.258559
    outer loop
      vertex 3.005 -25.9352 9.51744
      vertex 3.005 -25.5452 8.06205
      vertex 3 -25.9354 9.51729
    endloop
  endfacet
  facet normal -0.0578588 0.964313 0.258367
    outer loop
      vertex 3 -25.9354 9.51729
      vertex 3.005 -25.5452 8.06205
      vertex 3 -25.5455 8.06205
    endloop
  endfacet
  facet normal 0 -0.965927 -0.258816
    outer loop
      vertex 3 -29.1238 7.5865
      vertex 3.005 -29.2721 8.13997
      vertex 3 -29.2721 8.13997
    endloop
  endfacet
  facet normal 0 -0.965927 -0.258816
    outer loop
      vertex 3.005 -29.2721 8.13997
      vertex 3 -29.1238 7.5865
      vertex 3.005 -29.1238 7.5865
    endloop
  endfacet
  facet normal 0.00240267 0.276307 -0.961067
    outer loop
      vertex 3 -25.5435 8.05352
      vertex 3.005 -25.5441 8.05336
      vertex 3 -25.5443 8.05329
    endloop
  endfacet
  facet normal 0 0.257663 -0.966235
    outer loop
      vertex 3.005 -25.5441 8.05336
      vertex 3 -25.5435 8.05352
      vertex 3.005 -25.5435 8.05352
    endloop
  endfacet
  facet normal 0 0.980777 0.195129
    outer loop
      vertex 3.01012 -25.5443 8.05775
      vertex 3.895 -25.6915 8.79762
      vertex 3.905 -25.6915 8.79762
    endloop
  endfacet
  facet normal -0.00692594 0.979136 0.203086
    outer loop
      vertex 3.895 -25.6915 8.79762
      vertex 3.01012 -25.5443 8.05775
      vertex 3.00516 -25.5452 8.06192
    endloop
  endfacet
  facet normal 0 0.982501 0.186256
    outer loop
      vertex 3.005 -25.5435 8.05352
      vertex 3.00012 -25.5443 8.05774
      vertex 3.01011 -25.5443 8.05774
    endloop
  endfacet
  facet normal -0 0.982501 0.186256
    outer loop
      vertex 3 -25.5435 8.05352
      vertex 3.00012 -25.5443 8.05774
      vertex 3.005 -25.5435 8.05352
    endloop
  endfacet
  facet normal -0.141198 0.971915 0.188264
    outer loop
      vertex 3.00012 -25.5443 8.05774
      vertex 3 -25.5435 8.05352
      vertex 3 -25.5443 8.05765
    endloop
  endfacet
  facet normal 0 1 0
    outer loop
      vertex 3.00012 -25.5443 8.05775
      vertex 3.00012 -25.5443 8.05774
      vertex 3 -25.5443 8.05765
    endloop
  endfacet
  facet normal 0.643717 -0.198063 0.739189
    outer loop
      vertex 3.905 -25.6941 8.80727
      vertex 3.02258 -26.0108 9.49086
      vertex 3.905 -29.1811 7.87294
    endloop
  endfacet
  facet normal 0.643716 -0.198057 0.739191
    outer loop
      vertex 3.905 -25.6941 8.80727
      vertex 3.01855 -25.9868 9.5008
      vertex 3.02258 -26.0108 9.49086
    endloop
  endfacet
  facet normal 0.643702 -0.197864 0.739254
    outer loop
      vertex 3.01855 -25.9868 9.5008
      vertex 3.905 -25.6941 8.80727
      vertex 3.01166 -25.9457 9.5178
    endloop
  endfacet
  facet normal 0.303961 -0.364577 0.880166
    outer loop
      vertex 3.905 -29.1811 7.87294
      vertex 3.02258 -26.0108 9.49086
      vertex 3.02258 -29.2718 8.14011
    endloop
  endfacet
  facet normal 0 0.945865 0.324561
    outer loop
      vertex 3.00012 -25.9366 9.52161
      vertex 3 -25.938 9.52569
      vertex 3.005 -25.938 9.52569
    endloop
  endfacet
  facet normal -0 0.945865 0.324561
    outer loop
      vertex 3.00012 -25.9366 9.52161
      vertex 3.005 -25.938 9.52569
      vertex 3.01011 -25.9366 9.52161
    endloop
  endfacet
  facet normal 0.240997 0.915788 0.321329
    outer loop
      vertex 3 -25.938 9.52569
      vertex 3.00012 -25.9366 9.52161
      vertex 3 -25.9366 9.5217
    endloop
  endfacet
  facet normal 0 1 0
    outer loop
      vertex 3 -25.9366 9.5217
      vertex 3.00012 -25.9366 9.52161
      vertex 3.00012 -25.9366 9.5216
    endloop
  endfacet
  facet normal -0 0.946923 0.32146
    outer loop
      vertex 3.895 -25.6941 8.80727
      vertex 3.01012 -25.9366 9.5216
      vertex 3.905 -25.6941 8.80727
    endloop
  endfacet
  facet normal 0.00335783 0.945644 0.325186
    outer loop
      vertex 3.01012 -25.9366 9.5216
      vertex 3.895 -25.6941 8.80727
      vertex 3.00516 -25.9352 9.51758
    endloop
  endfacet
  facet normal 0.0191847 -0.965766 -0.258706
    outer loop
      vertex 3.02257 -29.1235 7.58654
      vertex 3.02199 -29.2718 8.14011
      vertex 3.005 -29.2721 8.13997
    endloop
  endfacet
  facet normal 0 -0.965938 -0.258772
    outer loop
      vertex 3.02199 -29.2718 8.14011
      vertex 3.02257 -29.1235 7.58654
      vertex 3.022 -29.2718 8.14011
    endloop
  endfacet
  facet normal 0.0209378 -0.965732 -0.258696
    outer loop
      vertex 3.022 -29.2718 8.14011
      vertex 3.02257 -29.1235 7.58654
      vertex 3.905 -29.1785 7.86328
    endloop
  endfacet
  facet normal 0.0170795 -0.965786 -0.258778
    outer loop
      vertex 3.02257 -29.1235 7.58654
      vertex 3.005 -29.2721 8.13997
      vertex 3.005 -29.1238 7.5865
    endloop
  endfacet
  facet normal 0 -0.304776 0.952424
    outer loop
      vertex 3 -25.938 9.52569
      vertex 3.005 -25.9385 9.52553
      vertex 3.005 -25.938 9.52569
    endloop
  endfacet
  facet normal 0.00312346 -0.276306 0.961065
    outer loop
      vertex 3.005 -25.9385 9.52553
      vertex 3 -25.938 9.52569
      vertex 3 -25.9388 9.52546
    endloop
  endfacet
  facet normal 0.643405 0.382645 -0.663033
    outer loop
      vertex 3.02258 -26.0108 9.49086
      vertex 3.01855 -25.9868 9.5008
      vertex 3.905 -29.3966 8.39317
    endloop
  endfacet
  facet normal 0.595598 0.403021 -0.694864
    outer loop
      vertex 3.00514 -25.9352 9.51756
      vertex 3.005 -25.9352 9.51744
      vertex 3.005 -25.9347 9.51773
    endloop
  endfacet
  facet normal 0.303974 0.364575 -0.880162
    outer loop
      vertex 3.905 -29.3966 8.39317
      vertex 3.02258 -29.2718 8.14011
      vertex 3.02258 -26.0108 9.49086
    endloop
  endfacet
  facet normal 0 0.864507 0.50262
    outer loop
      vertex 3.905 -26.2702 10.1982
      vertex 3.895 -26.2752 10.2068
      vertex 3.905 -26.2752 10.2068
    endloop
  endfacet
  facet normal 0 0.864507 0.50262
    outer loop
      vertex 3.895 -26.2752 10.2068
      vertex 3.905 -26.2702 10.1982
      vertex 3.895 -26.2702 10.1982
    endloop
  endfacet
  facet normal 0.643837 -0.385053 0.661217
    outer loop
      vertex 3.905 -26.2752 10.2068
      vertex 3.01012 -26.6943 10.8341
      vertex 3.01166 -26.7022 10.828
    endloop
  endfacet
  facet normal 0.629651 -0.288986 0.721129
    outer loop
      vertex 3.005 -26.6967 10.8376
      vertex 3.00516 -26.6971 10.8373
      vertex 3.01011 -26.6943 10.8341
    endloop
  endfacet
  facet normal 0.306122 -0.489796 0.816327
    outer loop
      vertex 3.00516 -26.6971 10.8373
      vertex 3.005 -26.6967 10.8376
      vertex 3.005 -26.6972 10.8373
    endloop
  endfacet
  facet normal -0.0576362 0.86307 0.501785
    outer loop
      vertex 3.895 -26.2702 10.1982
      vertex 3.0051 -25.9385 9.52546
      vertex 3.895 -26.2752 10.2068
    endloop
  endfacet
  facet normal 0.186924 0.956423 0.224309
    outer loop
      vertex 3.0051 -25.9385 9.52546
      vertex 3.895 -26.2702 10.1982
      vertex 3.00516 -25.9385 9.52541
    endloop
  endfacet
  facet normal 0 0.668965 0.743294
    outer loop
      vertex 3 -25.9365 9.52151
      vertex 3.00005 -25.9366 9.5216
      vertex 3.00012 -25.9366 9.5216
    endloop
  endfacet
  facet normal -0.640184 -0.768221 0
    outer loop
      vertex 3 -25.9365 9.52151
      vertex 3.00012 -25.9366 9.5216
      vertex 3.00012 -25.9366 9.52161
    endloop
  endfacet
  facet normal -0.581914 0.363696 0.727393
    outer loop
      vertex 3.00005 -25.9366 9.5216
      vertex 3 -25.9365 9.52151
      vertex 3 -25.9366 9.52156
    endloop
  endfacet
  facet normal 0.937788 0 0.347207
    outer loop
      vertex 3.905 -29.4016 8.40183
      vertex 3.02258 -26.758 10.7852
      vertex 3.02258 -26.7581 10.7852
    endloop
  endfacet
  facet normal 0.303932 -0.57998 0.75581
    outer loop
      vertex 3.905 -29.4016 8.40183
      vertex 3.02258 -26.7581 10.7852
      vertex 3.02258 -29.5583 8.63643
    endloop
  endfacet
  facet normal 1 0 0
    outer loop
      vertex 3.905 -26.2752 10.2068
      vertex 3.905 -29.3966 8.39317
      vertex 3.905 -26.2702 10.1982
    endloop
  endfacet
  facet normal 1 0 -0
    outer loop
      vertex 3.905 -29.3966 8.39317
      vertex 3.905 -26.2752 10.2068
      vertex 3.905 -29.4016 8.40183
    endloop
  endfacet
  facet normal 0.643722 0.38263 -0.662734
    outer loop
      vertex 3.01855 -25.9868 9.5008
      vertex 3.905 -26.2702 10.1982
      vertex 3.905 -29.3966 8.39317
    endloop
  endfacet
  facet normal 0.643759 0.382144 -0.662978
    outer loop
      vertex 3.01166 -25.9457 9.5178
      vertex 3.905 -26.2702 10.1982
      vertex 3.01855 -25.9868 9.5008
    endloop
  endfacet
  facet normal 0.643627 0.385107 -0.661391
    outer loop
      vertex 3.905 -26.2702 10.1982
      vertex 3.01166 -25.9457 9.5178
      vertex 3.01012 -25.9366 9.5216
    endloop
  endfacet
  facet normal 0.647605 0.401515 -0.647605
    outer loop
      vertex 3.005 -25.9347 9.51773
      vertex 3.00516 -25.9352 9.51758
      vertex 3.00514 -25.9352 9.51756
    endloop
  endfacet
  facet normal 0.642875 0.401427 -0.652356
    outer loop
      vertex 3.00516 -25.9352 9.51758
      vertex 3.005 -25.9347 9.51773
      vertex 3.905 -26.2702 10.1982
    endloop
  endfacet
  facet normal -0.643228 -0.394401 0.656281
    outer loop
      vertex 3.905 -26.2702 10.1982
      vertex 3.01012 -25.9366 9.5216
      vertex 3.00516 -25.9352 9.51758
    endloop
  endfacet
  facet normal 0 1 0
    outer loop
      vertex 3 -25.9366 9.52156
      vertex 3 -25.9366 9.5216
      vertex 3.00005 -25.9366 9.5216
    endloop
  endfacet
  facet normal 0.172352 0.953767 0.246217
    outer loop
      vertex 3.895 -26.2752 10.2068
      vertex 3.0051 -25.9385 9.52546
      vertex 3.005 -25.9385 9.52553
    endloop
  endfacet
  facet normal 0.0842574 0.768767 0.633955
    outer loop
      vertex 3.895 -26.2752 10.2068
      vertex 3.005 -26.6919 10.8304
      vertex 3.00516 -26.692 10.8305
    endloop
  endfacet
  facet normal -0.0550385 0.864703 0.499258
    outer loop
      vertex 3.005 -25.9385 9.52553
      vertex 3.005 -26.6919 10.8304
      vertex 3.895 -26.2752 10.2068
    endloop
  endfacet
  facet normal -0.0545599 0.864726 0.499272
    outer loop
      vertex 3.005 -26.6919 10.8304
      vertex 3.005 -25.9385 9.52553
      vertex 3 -26.6921 10.8302
    endloop
  endfacet
  facet normal -0.0588592 0.864522 0.499137
    outer loop
      vertex 3 -26.6921 10.8302
      vertex 3.005 -25.9385 9.52553
      vertex 3 -25.9388 9.52546
    endloop
  endfacet
  facet normal -0 0 1
    outer loop
      vertex 3 -26.6943 10.8341
      vertex 3 -26.6944 10.8341
      vertex 3.00012 -26.6943 10.8341
    endloop
  endfacet
  facet normal 0.0209079 -0.86583 -0.499902
    outer loop
      vertex 3.905 -29.4016 8.40183
      vertex 3.02258 -29.2718 8.14011
      vertex 3.905 -29.3966 8.39317
    endloop
  endfacet
  facet normal 0 -0.895874 -0.444309
    outer loop
      vertex 3.02199 -29.2718 8.14011
      vertex 3.02258 -29.2718 8.14011
      vertex 3.905 -29.4016 8.40183
    endloop
  endfacet
  facet normal 0 0 0
    outer loop
      vertex 3.02258 -29.2718 8.14011
      vertex 3.02199 -29.2718 8.14011
      vertex 3.022 -29.2718 8.14011
    endloop
  endfacet
  facet normal 0.0041122 0.532167 -0.846629
    outer loop
      vertex 3 -25.9347 9.51773
      vertex 3.005 -25.9352 9.51744
      vertex 3 -25.9354 9.51729
    endloop
  endfacet
  facet normal 0 0.501718 -0.865031
    outer loop
      vertex 3.005 -25.9352 9.51744
      vertex 3 -25.9347 9.51773
      vertex 3.005 -25.9347 9.51773
    endloop
  endfacet
  facet normal 0 0.896903 0.442228
    outer loop
      vertex 3.01011 -25.9366 9.52161
      vertex 3.895 -26.2702 10.1982
      vertex 3.905 -26.2702 10.1982
    endloop
  endfacet
  facet normal -0.00238084 0.895662 0.44473
    outer loop
      vertex 3.895 -26.2702 10.1982
      vertex 3.01011 -25.9366 9.52161
      vertex 3.00516 -25.9385 9.52541
    endloop
  endfacet
  facet normal 0 0.8981 0.439791
    outer loop
      vertex 3.005 -25.9347 9.51773
      vertex 3.00012 -25.9366 9.52161
      vertex 3.01011 -25.9366 9.52161
    endloop
  endfacet
  facet normal 0.497161 0.831597 -0.247541
    outer loop
      vertex 3.005 -25.9347 9.51773
      vertex 3.01011 -25.9366 9.52161
      vertex 3.905 -26.2702 10.1982
    endloop
  endfacet
  facet normal -0 0.8981 0.439791
    outer loop
      vertex 3 -25.9347 9.51773
      vertex 3.00012 -25.9366 9.52161
      vertex 3.005 -25.9347 9.51773
    endloop
  endfacet
  facet normal 0.366659 0.839981 0.399991
    outer loop
      vertex 3.00012 -25.9366 9.52161
      vertex 3 -25.9347 9.51773
      vertex 3 -25.9365 9.52151
    endloop
  endfacet
  facet normal 0.643738 -0.382614 0.662728
    outer loop
      vertex 3.905 -26.2752 10.2068
      vertex 3.02258 -26.758 10.7852
      vertex 3.905 -29.4016 8.40183
    endloop
  endfacet
  facet normal 0.643721 -0.382442 0.662844
    outer loop
      vertex 3.02258 -26.758 10.7852
      vertex 3.905 -26.2752 10.2068
      vertex 3.01166 -26.7022 10.828
    endloop
  endfacet
  facet normal 0.0213151 -0.865856 -0.499839
    outer loop
      vertex 3.02199 -29.2718 8.14011
      vertex 3.02258 -29.5583 8.63643
      vertex 3.005 -29.5586 8.6362
    endloop
  endfacet
  facet normal 0.0208717 -0.865864 -0.499844
    outer loop
      vertex 3.02258 -29.5583 8.63643
      vertex 3.02199 -29.2718 8.14011
      vertex 3.905 -29.4016 8.40183
    endloop
  endfacet
  facet normal 0.0194082 -0.865861 -0.499908
    outer loop
      vertex 3.02199 -29.2718 8.14011
      vertex 3.005 -29.5586 8.6362
      vertex 3.005 -29.2721 8.13997
    endloop
  endfacet
  facet normal 0 0.824729 0.565528
    outer loop
      vertex 3.00012 -26.6943 10.8341
      vertex 3 -26.6967 10.8376
      vertex 3.005 -26.6967 10.8376
    endloop
  endfacet
  facet normal -0 0.824729 0.565528
    outer loop
      vertex 3.00012 -26.6943 10.8341
      vertex 3.005 -26.6967 10.8376
      vertex 3.01011 -26.6943 10.8341
    endloop
  endfacet
  facet normal -0.57149 0.685788 0.45066
    outer loop
      vertex 3 -26.6967 10.8376
      vertex 3.00012 -26.6943 10.8341
      vertex 3 -26.6944 10.8341
    endloop
  endfacet
  facet normal -0 0.831499 0.555526
    outer loop
      vertex 3.895 -26.2752 10.2068
      vertex 3.01012 -26.6943 10.8341
      vertex 3.905 -26.2752 10.2068
    endloop
  endfacet
  facet normal -0.00877024 0.837138 0.546922
    outer loop
      vertex 3.01012 -26.6943 10.8341
      vertex 3.895 -26.2752 10.2068
      vertex 3.00516 -26.692 10.8305
    endloop
  endfacet
  facet normal 0 -0.866024 -0.500002
    outer loop
      vertex 3 -29.2721 8.13997
      vertex 3.005 -29.5586 8.6362
      vertex 3 -29.5586 8.6362
    endloop
  endfacet
  facet normal -0 -0.866024 -0.500002
    outer loop
      vertex 3.005 -29.2721 8.13997
      vertex 3.005 -29.5586 8.6362
      vertex 3 -29.2721 8.13997
    endloop
  endfacet
  facet normal 0 -0.514496 0.857493
    outer loop
      vertex 3 -26.6967 10.8376
      vertex 3.005 -26.6972 10.8373
      vertex 3.005 -26.6967 10.8376
    endloop
  endfacet
  facet normal 0.00894391 -0.447196 0.894391
    outer loop
      vertex 3.005 -26.6972 10.8373
      vertex 3 -26.6967 10.8376
      vertex 3 -26.6975 10.8372
    endloop
  endfacet
  facet normal 0 0.707107 0.707107
    outer loop
      vertex 3.905 -27.1917 11.4012
      vertex 3.895 -27.1988 11.4083
      vertex 3.905 -27.1988 11.4083
    endloop
  endfacet
  facet normal 0 0.707107 0.707107
    outer loop
      vertex 3.895 -27.1988 11.4083
      vertex 3.905 -27.1917 11.4012
      vertex 3.895 -27.1917 11.4012
    endloop
  endfacet
  facet normal 0.304003 0.579967 -0.755792
    outer loop
      vertex 3.905 -29.7444 8.84856
      vertex 3.02258 -29.5583 8.63643
      vertex 3.02258 -26.7581 10.7852
    endloop
  endfacet
  facet normal 0.643645 0.542387 -0.539942
    outer loop
      vertex 3.905 -27.1917 11.4012
      vertex 3.01166 -26.7022 10.828
      vertex 3.01012 -26.6943 10.8341
    endloop
  endfacet
  facet normal 0.643716 0.541071 -0.541177
    outer loop
      vertex 3.01166 -26.7022 10.828
      vertex 3.905 -27.1917 11.4012
      vertex 3.02258 -26.758 10.7852
    endloop
  endfacet
  facet normal 0.572405 0 -0.819971
    outer loop
      vertex 3.02258 -26.758 10.7852
      vertex 3.905 -27.1917 11.4012
      vertex 3.02258 -26.7581 10.7852
    endloop
  endfacet
  facet normal 0.643674 0.541142 -0.541155
    outer loop
      vertex 3.02258 -26.7581 10.7852
      vertex 3.905 -27.1917 11.4012
      vertex 3.905 -29.7444 8.84856
    endloop
  endfacet
  facet normal 0.662266 0.529813 -0.529813
    outer loop
      vertex 3.005 -26.6915 10.8308
      vertex 3.00516 -26.692 10.8305
      vertex 3.005 -26.6919 10.8304
    endloop
  endfacet
  facet normal 0.644621 0.534336 -0.546763
    outer loop
      vertex 3.00516 -26.692 10.8305
      vertex 3.005 -26.6915 10.8308
      vertex 3.01012 -26.6943 10.8341
    endloop
  endfacet
  facet normal -0.639702 -0.592052 0.490159
    outer loop
      vertex 3.01012 -26.6943 10.8341
      vertex 3.005 -26.6915 10.8308
      vertex 3.905 -27.1917 11.4012
    endloop
  endfacet
  facet normal -0.639702 0.490159 -0.592052
    outer loop
      vertex 3.005 -27.7692 11.9085
      vertex 3.01012 -27.7659 11.9057
      vertex 3.905 -27.1988 11.4083
    endloop
  endfacet
  facet normal 0.644621 -0.546763 0.534336
    outer loop
      vertex 3.005 -27.7692 11.9085
      vertex 3.00516 -27.7695 11.908
      vertex 3.01012 -27.7659 11.9057
    endloop
  endfacet
  facet normal 0.662266 -0.529813 0.529813
    outer loop
      vertex 3.00516 -27.7695 11.908
      vertex 3.005 -27.7692 11.9085
      vertex 3.005 -27.7696 11.9081
    endloop
  endfacet
  facet normal 0.643645 -0.539942 0.542387
    outer loop
      vertex 3.01166 -27.772 11.8978
      vertex 3.905 -27.1988 11.4083
      vertex 3.01012 -27.7659 11.9057
    endloop
  endfacet
  facet normal 0.643716 -0.541177 0.541071
    outer loop
      vertex 3.02258 -27.8148 11.842
      vertex 3.905 -27.1988 11.4083
      vertex 3.01166 -27.772 11.8978
    endloop
  endfacet
  facet normal 0.572405 -0.819971 0
    outer loop
      vertex 3.02258 -27.8148 11.8419
      vertex 3.905 -27.1988 11.4083
      vertex 3.02258 -27.8148 11.842
    endloop
  endfacet
  facet normal 0.643674 -0.541156 0.541141
    outer loop
      vertex 3.905 -27.1988 11.4083
      vertex 3.02258 -27.8148 11.8419
      vertex 3.905 -29.7514 8.85563
    endloop
  endfacet
  facet normal 0.0209222 -0.706926 -0.706978
    outer loop
      vertex 3.005 -29.9638 9.04138
      vertex 3.02258 -29.5583 8.63643
      vertex 3.905 -29.7514 8.85563
    endloop
  endfacet
  facet normal 0.0192671 -0.710484 -0.70345
    outer loop
      vertex 3.905 -29.7514 8.85563
      vertex 3.02258 -29.5583 8.63643
      vertex 3.905 -29.7444 8.84856
    endloop
  endfacet
  facet normal 0.0213129 -0.706929 -0.706964
    outer loop
      vertex 3.005 -29.9638 9.04138
      vertex 3.005 -29.5586 8.6362
      vertex 3.02258 -29.5583 8.63643
    endloop
  endfacet
  facet normal 0.019719 -0.704217 -0.70971
    outer loop
      vertex 3.02258 -29.9636 9.04167
      vertex 3.005 -29.9638 9.04138
      vertex 3.905 -29.7514 8.85563
    endloop
  endfacet
  facet normal 0 0.751796 0.659396
    outer loop
      vertex 3.01011 -26.6943 10.8341
      vertex 3.895 -27.1917 11.4012
      vertex 3.905 -27.1917 11.4012
    endloop
  endfacet
  facet normal 0.000506902 0.752188 0.658949
    outer loop
      vertex 3.895 -27.1917 11.4012
      vertex 3.01011 -26.6943 10.8341
      vertex 3.00516 -26.6971 10.8373
    endloop
  endfacet
  facet normal 0 0.762509 0.646977
    outer loop
      vertex 3.005 -26.6915 10.8308
      vertex 3.00012 -26.6943 10.8341
      vertex 3.01011 -26.6943 10.8341
    endloop
  endfacet
  facet normal 0.630216 0.650415 -0.424013
    outer loop
      vertex 3.005 -26.6915 10.8308
      vertex 3.01011 -26.6943 10.8341
      vertex 3.905 -27.1917 11.4012
    endloop
  endfacet
  facet normal -0 0.762509 0.646977
    outer loop
      vertex 3 -26.6915 10.8308
      vertex 3.00012 -26.6943 10.8341
      vertex 3.005 -26.6915 10.8308
    endloop
  endfacet
  facet normal -0.48108 0.659767 0.577296
    outer loop
      vertex 3.00012 -26.6943 10.8341
      vertex 3 -26.6915 10.8308
      vertex 3 -26.6943 10.834
    endloop
  endfacet
  facet normal 1 0 0
    outer loop
      vertex 3.905 -27.1988 11.4083
      vertex 3.905 -29.7444 8.84856
      vertex 3.905 -27.1917 11.4012
    endloop
  endfacet
  facet normal 1 0 -0
    outer loop
      vertex 3.905 -29.7444 8.84856
      vertex 3.905 -27.1988 11.4083
      vertex 3.905 -29.7514 8.85563
    endloop
  endfacet
  facet normal 0 -0.707089 -0.707124
    outer loop
      vertex 3 -29.5586 8.6362
      vertex 3.005 -29.9638 9.04138
      vertex 3 -29.9638 9.04138
    endloop
  endfacet
  facet normal 0 -0.707089 -0.707124
    outer loop
      vertex 3.005 -29.9638 9.04138
      vertex 3 -29.5586 8.6362
      vertex 3.005 -29.5586 8.6362
    endloop
  endfacet
  facet normal 0 0.707107 -0.707107
    outer loop
      vertex 3.005 -26.6919 10.8304
      vertex 3 -26.6915 10.8308
      vertex 3.005 -26.6915 10.8308
    endloop
  endfacet
  facet normal -8.37397e-14 0.707107 -0.707107
    outer loop
      vertex 3 -26.6915 10.8308
      vertex 3.005 -26.6919 10.8304
      vertex 3 -26.6921 10.8302
    endloop
  endfacet
  facet normal 0.304021 -0.755786 0.579964
    outer loop
      vertex 3.02258 -27.8148 11.8419
      vertex 3.02258 -29.9636 9.04167
      vertex 3.905 -29.7514 8.85563
    endloop
  endfacet
  facet normal -0.283426 0.453481 0.845
    outer loop
      vertex 3.895 -27.1917 11.4012
      vertex 3.00516 -26.6971 10.8373
      vertex 3.005 -26.6972 10.8373
    endloop
  endfacet
  facet normal -0.283426 0.845 0.453481
    outer loop
      vertex 3.895 -27.1988 11.4083
      vertex 3.005 -27.7627 11.9028
      vertex 3.00516 -27.7627 11.9029
    endloop
  endfacet
  facet normal -0.0550548 0.706034 0.706034
    outer loop
      vertex 3.895 -27.1917 11.4012
      vertex 3.005 -27.7627 11.9028
      vertex 3.895 -27.1988 11.4083
    endloop
  endfacet
  facet normal -0.0550548 0.706034 0.706034
    outer loop
      vertex 3.005 -26.6972 10.8373
      vertex 3.005 -27.7627 11.9028
      vertex 3.895 -27.1917 11.4012
    endloop
  endfacet
  facet normal -0.0564782 0.705978 0.705978
    outer loop
      vertex 3.005 -27.7627 11.9028
      vertex 3.005 -26.6972 10.8373
      vertex 3 -27.7628 11.9025
    endloop
  endfacet
  facet normal -0.0564782 0.705978 0.705978
    outer loop
      vertex 3 -27.7628 11.9025
      vertex 3.005 -26.6972 10.8373
      vertex 3 -26.6975 10.8372
    endloop
  endfacet
  facet normal 0 1 0
    outer loop
      vertex 3.00012 -26.6943 10.8341
      vertex 3 -26.6943 10.834
      vertex 3 -26.6943 10.8341
    endloop
  endfacet
  facet normal 0 0 1
    outer loop
      vertex 3 -27.766 11.9057
      vertex 3.00012 -27.7659 11.9057
      vertex 3 -27.7659 11.9057
    endloop
  endfacet
  facet normal 0.000506902 0.658949 0.752188
    outer loop
      vertex 3.895 -27.1988 11.4083
      vertex 3.00516 -27.7627 11.9029
      vertex 3.01011 -27.7659 11.9057
    endloop
  endfacet
  facet normal 0 0.659396 0.751796
    outer loop
      vertex 3.01011 -27.7659 11.9057
      vertex 3.905 -27.1988 11.4083
      vertex 3.895 -27.1988 11.4083
    endloop
  endfacet
  facet normal 0.630216 -0.424013 0.650415
    outer loop
      vertex 3.01011 -27.7659 11.9057
      vertex 3.005 -27.7692 11.9085
      vertex 3.905 -27.1988 11.4083
    endloop
  endfacet
  facet normal -0 0.646977 0.762509
    outer loop
      vertex 3.00012 -27.7659 11.9057
      vertex 3.005 -27.7692 11.9085
      vertex 3.01011 -27.7659 11.9057
    endloop
  endfacet
  facet normal -0.48108 0.577296 0.659767
    outer loop
      vertex 3 -27.7692 11.9085
      vertex 3.00012 -27.7659 11.9057
      vertex 3 -27.766 11.9057
    endloop
  endfacet
  facet normal 0 0.646977 0.762509
    outer loop
      vertex 3.00012 -27.7659 11.9057
      vertex 3 -27.7692 11.9085
      vertex 3.005 -27.7692 11.9085
    endloop
  endfacet
  facet normal 0 -0.707107 0.707107
    outer loop
      vertex 3 -27.7692 11.9085
      vertex 3.005 -27.7696 11.9081
      vertex 3.005 -27.7692 11.9085
    endloop
  endfacet
  facet normal 8.37366e-14 -0.707107 0.707107
    outer loop
      vertex 3.005 -27.7696 11.9081
      vertex 3 -27.7692 11.9085
      vertex 3 -27.7698 11.9079
    endloop
  endfacet
  facet normal 0.629651 0.721129 -0.288986
    outer loop
      vertex 3.00516 -27.7627 11.9029
      vertex 3.005 -27.7624 11.9033
      vertex 3.01011 -27.7659 11.9057
    endloop
  endfacet
  facet normal 0.306122 0.816327 -0.489796
    outer loop
      vertex 3.005 -27.7624 11.9033
      vertex 3.00516 -27.7627 11.9029
      vertex 3.005 -27.7627 11.9028
    endloop
  endfacet
  facet normal 0.643837 0.661217 -0.385053
    outer loop
      vertex 3.01166 -27.772 11.8978
      vertex 3.01012 -27.7659 11.9057
      vertex 3.905 -28.3932 12.3248
    endloop
  endfacet
  facet normal 0.93779 0.347203 0
    outer loop
      vertex 3.905 -30.1982 9.19843
      vertex 3.02258 -27.8148 11.8419
      vertex 3.02258 -27.8148 11.842
    endloop
  endfacet
  facet normal 0.303968 0.7558 -0.579975
    outer loop
      vertex 3.02258 -27.8148 11.8419
      vertex 3.905 -30.1982 9.19843
      vertex 3.02258 -29.9636 9.04167
    endloop
  endfacet
  facet normal 0 0.565528 0.824729
    outer loop
      vertex 3.005 -27.7624 11.9033
      vertex 3.00012 -27.7659 11.9057
      vertex 3.01011 -27.7659 11.9057
    endloop
  endfacet
  facet normal -0 0.565528 0.824729
    outer loop
      vertex 3 -27.7624 11.9033
      vertex 3.00012 -27.7659 11.9057
      vertex 3.005 -27.7624 11.9033
    endloop
  endfacet
  facet normal -0.57149 0.45066 0.685788
    outer loop
      vertex 3 -27.7659 11.9056
      vertex 3.00012 -27.7659 11.9057
      vertex 3 -27.7624 11.9033
    endloop
  endfacet
  facet normal 0 0.555526 0.831499
    outer loop
      vertex 3.01012 -27.7659 11.9057
      vertex 3.895 -28.3932 12.3248
      vertex 3.905 -28.3932 12.3248
    endloop
  endfacet
  facet normal -0.00877024 0.546922 0.837138
    outer loop
      vertex 3.895 -28.3932 12.3248
      vertex 3.01012 -27.7659 11.9057
      vertex 3.00516 -27.7695 11.908
    endloop
  endfacet
  facet normal 1 0 0
    outer loop
      vertex 3.905 -28.4018 12.3298
      vertex 3.905 -30.1982 9.19843
      vertex 3.905 -28.3932 12.3248
    endloop
  endfacet
  facet normal 1 0 -0
    outer loop
      vertex 3.905 -30.1982 9.19843
      vertex 3.905 -28.4018 12.3298
      vertex 3.905 -30.2068 9.20342
    endloop
  endfacet
  facet normal 0.643721 0.662844 -0.382442
    outer loop
      vertex 3.905 -28.3932 12.3248
      vertex 3.02258 -27.8148 11.842
      vertex 3.01166 -27.772 11.8978
    endloop
  endfacet
  facet normal 0.643739 0.662723 -0.382621
    outer loop
      vertex 3.02258 -27.8148 11.842
      vertex 3.905 -28.3932 12.3248
      vertex 3.905 -30.1982 9.19843
    endloop
  endfacet
  facet normal 0.0842574 0.633955 0.768767
    outer loop
      vertex 3.005 -27.7696 11.9081
      vertex 3.895 -28.3932 12.3248
      vertex 3.00516 -27.7695 11.908
    endloop
  endfacet
  facet normal -0.0550468 0.49925 0.864708
    outer loop
      vertex 3.005 -29.0745 12.6615
      vertex 3.895 -28.3932 12.3248
      vertex 3.005 -27.7696 11.9081
    endloop
  endfacet
  facet normal 0 0.443051 0.896497
    outer loop
      vertex 3.895 -28.3932 12.3248
      vertex 3.005 -29.0745 12.6615
      vertex 3.0051 -29.0745 12.6615
    endloop
  endfacet
  facet normal -0.0545598 0.499263 0.864731
    outer loop
      vertex 3 -27.7698 11.9079
      vertex 3.005 -29.0745 12.6615
      vertex 3.005 -27.7696 11.9081
    endloop
  endfacet
  facet normal -0.051891 0.499342 0.86485
    outer loop
      vertex 3.005 -29.0745 12.6615
      vertex 3 -27.7698 11.9079
      vertex 3 -29.0745 12.6612
    endloop
  endfacet
  facet normal 0 1 0
    outer loop
      vertex 3 -27.7659 11.9056
      vertex 3 -27.7659 11.9057
      vertex 3.00012 -27.7659 11.9057
    endloop
  endfacet
  facet normal 0.021615 -0.501751 -0.864742
    outer loop
      vertex 3.02258 -30.4599 9.32822
      vertex 3.905 -30.1982 9.19843
      vertex 3.905 -30.2068 9.20342
    endloop
  endfacet
  facet normal 0.01483 -0.483947 -0.874972
    outer loop
      vertex 3.02199 -30.4599 9.32821
      vertex 3.905 -30.1982 9.19843
      vertex 3.02258 -30.4599 9.32822
    endloop
  endfacet
  facet normal 0 -0.980581 0.196116
    outer loop
      vertex 3.00516 -29.0824 12.6648
      vertex 3.005 -29.0823 12.6653
      vertex 3.00514 -29.0824 12.6648
    endloop
  endfacet
  facet normal 0.646421 -0.681461 0.343147
    outer loop
      vertex 3.01012 -29.0784 12.6634
      vertex 3.005 -29.0823 12.6653
      vertex 3.00516 -29.0824 12.6648
    endloop
  endfacet
  facet normal -0.498144 0.249394 -0.830455
    outer loop
      vertex 3.01012 -29.0784 12.6634
      vertex 3.905 -28.4018 12.3298
      vertex 3.005 -29.0823 12.6653
    endloop
  endfacet
  facet normal 0.643627 -0.661391 0.385107
    outer loop
      vertex 3.01166 -29.0822 12.6543
      vertex 3.905 -28.4018 12.3298
      vertex 3.01012 -29.0784 12.6634
    endloop
  endfacet
  facet normal 0.643759 -0.662978 0.382144
    outer loop
      vertex 3.01855 -29.0992 12.6132
      vertex 3.905 -28.4018 12.3298
      vertex 3.01166 -29.0822 12.6543
    endloop
  endfacet
  facet normal 0.643723 -0.662735 0.382627
    outer loop
      vertex 3.905 -28.4018 12.3298
      vertex 3.01855 -29.0992 12.6132
      vertex 3.905 -30.2068 9.20342
    endloop
  endfacet
  facet normal -0 0.50262 0.864507
    outer loop
      vertex 3.895 -28.3932 12.3248
      vertex 3.905 -28.4018 12.3298
      vertex 3.905 -28.3932 12.3248
    endloop
  endfacet
  facet normal 0 0.50262 0.864507
    outer loop
      vertex 3.905 -28.4018 12.3298
      vertex 3.895 -28.3932 12.3248
      vertex 3.895 -28.4018 12.3298
    endloop
  endfacet
  facet normal 0.30401 -0.880146 0.364584
    outer loop
      vertex 3.905 -30.2068 9.20342
      vertex 3.02258 -29.1091 12.5892
      vertex 3.02258 -30.4599 9.32822
    endloop
  endfacet
  facet normal 0 0.857493 -0.514496
    outer loop
      vertex 3.005 -27.7627 11.9028
      vertex 3 -27.7624 11.9033
      vertex 3.005 -27.7624 11.9033
    endloop
  endfacet
  facet normal 0.00894391 0.894391 -0.447196
    outer loop
      vertex 3 -27.7624 11.9033
      vertex 3.005 -27.7627 11.9028
      vertex 3 -27.7628 11.9025
    endloop
  endfacet
  facet normal -0.0576137 0.501786 0.863071
    outer loop
      vertex 3.0051 -29.0745 12.6615
      vertex 3.895 -28.4018 12.3298
      vertex 3.895 -28.3932 12.3248
    endloop
  endfacet
  facet normal 0.245682 0.147409 0.958077
    outer loop
      vertex 3.895 -28.4018 12.3298
      vertex 3.0051 -29.0745 12.6615
      vertex 3.00516 -29.0746 12.6615
    endloop
  endfacet
  facet normal 0 0.707107 0.707107
    outer loop
      vertex 3 -29.0785 12.6635
      vertex 3.00012 -29.0784 12.6634
      vertex 3.00005 -29.0784 12.6634
    endloop
  endfacet
  facet normal 0 0.707107 0.707107
    outer loop
      vertex 3 -29.0785 12.6635
      vertex 3.00005 -29.0784 12.6634
      vertex 3 -29.0784 12.6634
    endloop
  endfacet
  facet normal -0.00238336 0.444727 0.895663
    outer loop
      vertex 3.895 -28.4018 12.3298
      vertex 3.00516 -29.0746 12.6615
      vertex 3.01011 -29.0784 12.6634
    endloop
  endfacet
  facet normal 0 0.442222 0.896905
    outer loop
      vertex 3.01011 -29.0784 12.6634
      vertex 3.905 -28.4018 12.3298
      vertex 3.895 -28.4018 12.3298
    endloop
  endfacet
  facet normal 0.425762 -0.120999 0.896709
    outer loop
      vertex 3.01011 -29.0784 12.6634
      vertex 3.005 -29.0823 12.6653
      vertex 3.905 -28.4018 12.3298
    endloop
  endfacet
  facet normal -0 0.437969 0.89899
    outer loop
      vertex 3.00012 -29.0784 12.6634
      vertex 3.005 -29.0823 12.6653
      vertex 3.01011 -29.0784 12.6634
    endloop
  endfacet
  facet normal 0.368485 0.397964 0.840145
    outer loop
      vertex 3 -29.0823 12.6653
      vertex 3.00012 -29.0784 12.6634
      vertex 3 -29.0785 12.6635
    endloop
  endfacet
  facet normal 0 0.437969 0.89899
    outer loop
      vertex 3.00012 -29.0784 12.6634
      vertex 3 -29.0823 12.6653
      vertex 3.005 -29.0823 12.6653
    endloop
  endfacet
  facet normal 0 -0.500012 -0.866019
    outer loop
      vertex 3 -30.46 9.32787
      vertex 3.005 -29.9638 9.04138
      vertex 3.005 -30.46 9.32787
    endloop
  endfacet
  facet normal -0 -0.500012 -0.866019
    outer loop
      vertex 3.005 -29.9638 9.04138
      vertex 3 -30.46 9.32787
      vertex 3 -29.9638 9.04138
    endloop
  endfacet
  facet normal 0.0209057 -0.499911 -0.865825
    outer loop
      vertex 3.02199 -30.4599 9.32821
      vertex 3.02258 -29.9636 9.04167
      vertex 3.905 -30.1982 9.19843
    endloop
  endfacet
  facet normal 0.0202694 -0.499909 -0.865841
    outer loop
      vertex 3.005 -29.9638 9.04138
      vertex 3.02199 -30.4599 9.32821
      vertex 3.005 -30.46 9.32787
    endloop
  endfacet
  facet normal 0.0199703 -0.499919 -0.865842
    outer loop
      vertex 3.02199 -30.4599 9.32821
      vertex 3.005 -29.9638 9.04138
      vertex 3.02258 -29.9636 9.04167
    endloop
  endfacet
  facet normal 0.63708 -0.668955 0.38292
    outer loop
      vertex 3.905 -30.2068 9.20342
      vertex 3.01855 -29.0992 12.6132
      vertex 3.02258 -29.1091 12.5892
    endloop
  endfacet
  facet normal 0.774659 -0.542261 0.325357
    outer loop
      vertex 3.005 -29.0823 12.6653
      vertex 3.005 -29.0826 12.6648
      vertex 3.00514 -29.0824 12.6648
    endloop
  endfacet
  facet normal 0 -0.857493 0.514496
    outer loop
      vertex 3 -29.0823 12.6653
      vertex 3.005 -29.0826 12.6648
      vertex 3.005 -29.0823 12.6653
    endloop
  endfacet
  facet normal -0.00248069 -0.86824 0.496137
    outer loop
      vertex 3.005 -29.0826 12.6648
      vertex 3 -29.0823 12.6653
      vertex 3 -29.0827 12.6646
    endloop
  endfacet
  facet normal 0.646586 0.727475 -0.229577
    outer loop
      vertex 3.00516 -29.0746 12.6615
      vertex 3.005 -29.0743 12.662
      vertex 3.01011 -29.0784 12.6634
    endloop
  endfacet
  facet normal 0.856989 0.514193 -0.0342796
    outer loop
      vertex 3.0051 -29.0745 12.6615
      vertex 3.005 -29.0743 12.662
      vertex 3.00516 -29.0746 12.6615
    endloop
  endfacet
  facet normal 0 0.928477 -0.371391
    outer loop
      vertex 3.005 -29.0743 12.662
      vertex 3.0051 -29.0745 12.6615
      vertex 3.005 -29.0745 12.6615
    endloop
  endfacet
  facet normal 0.643755 0.738756 -0.199548
    outer loop
      vertex 3.01166 -29.0822 12.6543
      vertex 3.01012 -29.0784 12.6634
      vertex 3.905 -29.7927 12.9059
    endloop
  endfacet
  facet normal 0.303984 0.880153 -0.364587
    outer loop
      vertex 3.905 -30.7271 9.41891
      vertex 3.02258 -30.4599 9.32822
      vertex 3.02258 -29.1091 12.5892
    endloop
  endfacet
  facet normal 0 0.323144 0.94635
    outer loop
      vertex 3.005 -29.0743 12.662
      vertex 3.00012 -29.0784 12.6634
      vertex 3.01011 -29.0784 12.6634
    endloop
  endfacet
  facet normal -0 0.323144 0.94635
    outer loop
      vertex 3 -29.0743 12.662
      vertex 3.00012 -29.0784 12.6634
      vertex 3.005 -29.0743 12.662
    endloop
  endfacet
  facet normal 0.265418 0.318502 0.910005
    outer loop
      vertex 3 -29.0783 12.6634
      vertex 3.00012 -29.0784 12.6634
      vertex 3 -29.0743 12.662
    endloop
  endfacet
  facet normal 0 0.321473 0.946919
    outer loop
      vertex 3.01012 -29.0784 12.6634
      vertex 3.895 -29.7927 12.9059
      vertex 3.905 -29.7927 12.9059
    endloop
  endfacet
  facet normal 0.00400717 0.325918 0.94539
    outer loop
      vertex 3.895 -29.7927 12.9059
      vertex 3.01012 -29.0784 12.6634
      vertex 3.00516 -29.0824 12.6648
    endloop
  endfacet
  facet normal 1 0 0
    outer loop
      vertex 3.905 -29.8024 12.9085
      vertex 3.905 -30.7271 9.41891
      vertex 3.905 -29.7927 12.9059
    endloop
  endfacet
  facet normal 1 0 -0
    outer loop
      vertex 3.905 -30.7271 9.41891
      vertex 3.905 -29.8024 12.9085
      vertex 3.905 -30.7367 9.4215
    endloop
  endfacet
  facet normal -0 0.258902 0.965904
    outer loop
      vertex 3.895 -29.7927 12.9059
      vertex 3.905 -29.8024 12.9085
      vertex 3.905 -29.7927 12.9059
    endloop
  endfacet
  facet normal 0 0.258902 0.965904
    outer loop
      vertex 3.905 -29.8024 12.9085
      vertex 3.895 -29.7927 12.9059
      vertex 3.895 -29.8024 12.9085
    endloop
  endfacet
  facet normal 0.643688 0.739265 -0.197871
    outer loop
      vertex 3.905 -29.7927 12.9059
      vertex 3.01855 -29.0992 12.6132
      vertex 3.01166 -29.0822 12.6543
    endloop
  endfacet
  facet normal 0.643624 0.739555 -0.196991
    outer loop
      vertex 3.905 -29.7927 12.9059
      vertex 3.02258 -29.1091 12.5892
      vertex 3.01855 -29.0992 12.6132
    endloop
  endfacet
  facet normal 0.643723 0.73918 -0.198076
    outer loop
      vertex 3.02258 -29.1091 12.5892
      vertex 3.905 -29.7927 12.9059
      vertex 3.905 -30.7271 9.41891
    endloop
  endfacet
  facet normal -0 0.321422 0.946936
    outer loop
      vertex 3.00514 -29.0824 12.6648
      vertex 3.895 -29.7927 12.9059
      vertex 3.00516 -29.0824 12.6648
    endloop
  endfacet
  facet normal -0.170034 0.119024 0.978224
    outer loop
      vertex 3.005 -29.0826 12.6648
      vertex 3.895 -29.7927 12.9059
      vertex 3.00514 -29.0824 12.6648
    endloop
  endfacet
  facet normal -0.055053 0.25846 0.964452
    outer loop
      vertex 3.005 -30.5379 13.0548
      vertex 3.895 -29.7927 12.9059
      vertex 3.005 -29.0826 12.6648
    endloop
  endfacet
  facet normal 0.0903134 0.0903134 0.99181
    outer loop
      vertex 3.895 -29.7927 12.9059
      vertex 3.005 -30.5379 13.0548
      vertex 3.0051 -30.538 13.0548
    endloop
  endfacet
  facet normal -0.0437717 0.258604 0.964991
    outer loop
      vertex 3 -29.0827 12.6646
      vertex 3.005 -30.5379 13.0548
      vertex 3.005 -29.0826 12.6648
    endloop
  endfacet
  facet normal -0.0578587 0.258373 0.964311
    outer loop
      vertex 3.005 -30.5379 13.0548
      vertex 3 -29.0827 12.6646
      vertex 3 -30.5379 13.0545
    endloop
  endfacet
  facet normal 0 0 1
    outer loop
      vertex 3 -29.0783 12.6634
      vertex 3.00005 -29.0784 12.6634
      vertex 3.00012 -29.0784 12.6634
    endloop
  endfacet
  facet normal 0 0 1
    outer loop
      vertex 3.00005 -29.0784 12.6634
      vertex 3 -29.0783 12.6634
      vertex 3 -29.0784 12.6634
    endloop
  endfacet
  facet normal 0.0203484 -0.260424 -0.96528
    outer loop
      vertex 3.02258 -30.4599 9.32822
      vertex 3.905 -30.7271 9.41891
      vertex 3.905 -30.7367 9.4215
    endloop
  endfacet
  facet normal 0.0163067 -0.272235 -0.962093
    outer loop
      vertex 3.02258 -30.4599 9.32822
      vertex 3.905 -30.7367 9.4215
      vertex 3.02199 -30.4599 9.32821
    endloop
  endfacet
  facet normal 0 -0.258819 -0.965926
    outer loop
      vertex 3 -31.0135 9.47618
      vertex 3.005 -30.46 9.32787
      vertex 3.005 -31.0135 9.47618
    endloop
  endfacet
  facet normal -0 -0.258819 -0.965926
    outer loop
      vertex 3.005 -30.46 9.32787
      vertex 3 -31.0135 9.47618
      vertex 3 -30.46 9.32787
    endloop
  endfacet
  facet normal 0.0209178 -0.258747 -0.965719
    outer loop
      vertex 3.02257 -31.0135 9.47655
      vertex 3.02199 -30.4599 9.32821
      vertex 3.905 -30.7367 9.4215
    endloop
  endfacet
  facet normal 0.0203369 -0.258751 -0.96573
    outer loop
      vertex 3.005 -31.0135 9.47618
      vertex 3.02199 -30.4599 9.32821
      vertex 3.02257 -31.0135 9.47655
    endloop
  endfacet
  facet normal 0.0208487 -0.258763 -0.965716
    outer loop
      vertex 3.005 -31.0135 9.47618
      vertex 3.005 -30.46 9.32787
      vertex 3.02199 -30.4599 9.32821
    endloop
  endfacet
  facet normal 0.643781 -0.73949 0.196725
    outer loop
      vertex 3.01855 -30.5493 13.0018
      vertex 3.905 -29.8024 12.9085
      vertex 3.01012 -30.5423 13.0557
    endloop
  endfacet
  facet normal 0.643688 -0.739213 0.198063
    outer loop
      vertex 3.905 -29.8024 12.9085
      vertex 3.01855 -30.5493 13.0018
      vertex 3.905 -30.7367 9.4215
    endloop
  endfacet
  facet normal 0 -1 0
    outer loop
      vertex 3.005 -30.5465 13.0565
      vertex 3.00514 -30.5465 13.0559
      vertex 3.00516 -30.5465 13.0559
    endloop
  endfacet
  facet normal 0.641451 -0.747851 0.171054
    outer loop
      vertex 3.005 -30.5465 13.0565
      vertex 3.00516 -30.5465 13.0559
      vertex 3.01011 -30.5423 13.0557
    endloop
  endfacet
  facet normal 0 0.928477 -0.371391
    outer loop
      vertex 3.005 -29.0745 12.6615
      vertex 3 -29.0743 12.662
      vertex 3.005 -29.0743 12.662
    endloop
  endfacet
  facet normal 0.0145506 0.97004 -0.24251
    outer loop
      vertex 3 -29.0743 12.662
      vertex 3.005 -29.0745 12.6615
      vertex 3 -29.0745 12.6612
    endloop
  endfacet
  facet normal -0.0551319 0.258508 0.964435
    outer loop
      vertex 3.0051 -30.538 13.0548
      vertex 3.895 -29.8024 12.9085
      vertex 3.895 -29.7927 12.9059
    endloop
  endfacet
  facet normal 0.109004 0.0654026 0.991887
    outer loop
      vertex 3.895 -29.8024 12.9085
      vertex 3.0051 -30.538 13.0548
      vertex 3.00516 -30.5381 13.0548
    endloop
  endfacet
  facet normal 0 0 1
    outer loop
      vertex 3 -30.5424 13.0557
      vertex 3.00005 -30.5423 13.0557
      vertex 3 -30.5423 13.0557
    endloop
  endfacet
  facet normal -0 0 1
    outer loop
      vertex 3.00005 -30.5423 13.0557
      vertex 3 -30.5424 13.0557
      vertex 3.00012 -30.5423 13.0557
    endloop
  endfacet
  facet normal -0 0.195122 0.980779
    outer loop
      vertex 3.895 -29.8024 12.9085
      vertex 3.01012 -30.5423 13.0557
      vertex 3.905 -29.8024 12.9085
    endloop
  endfacet
  facet normal -0.00632007 0.202383 0.979286
    outer loop
      vertex 3.01012 -30.5423 13.0557
      vertex 3.895 -29.8024 12.9085
      vertex 3.00516 -30.5381 13.0548
    endloop
  endfacet
  facet normal -0 0.187112 0.982339
    outer loop
      vertex 3.00012 -30.5423 13.0557
      vertex 3.005 -30.5465 13.0565
      vertex 3.01011 -30.5423 13.0557
    endloop
  endfacet
  facet normal -0.157598 0.189117 0.969225
    outer loop
      vertex 3.00012 -30.5423 13.0557
      vertex 3 -30.5424 13.0557
      vertex 3 -30.5465 13.0565
    endloop
  endfacet
  facet normal 0 0.187112 0.982339
    outer loop
      vertex 3.00012 -30.5423 13.0557
      vertex 3 -30.5465 13.0565
      vertex 3.005 -30.5465 13.0565
    endloop
  endfacet
  facet normal 0.304035 -0.944508 0.124371
    outer loop
      vertex 3.02258 -30.5527 12.976
      vertex 3.02258 -31.0135 9.47655
      vertex 3.905 -30.7367 9.4215
    endloop
  endfacet
  facet normal 0 -0.19506 -0.980791
    outer loop
      vertex 3.02257 -31.0135 9.47655
      vertex 3.905 -30.7367 9.4215
      vertex 3.02258 -31.0135 9.47655
    endloop
  endfacet
  facet normal 0.643066 -0.739788 0.197939
    outer loop
      vertex 3.02258 -30.5527 12.976
      vertex 3.905 -30.7367 9.4215
      vertex 3.01855 -30.5493 13.0018
    endloop
  endfacet
  facet normal 0.575965 -0.806351 0.134392
    outer loop
      vertex 3.005 -30.5465 13.0565
      vertex 3.005 -30.5466 13.0559
      vertex 3.00514 -30.5465 13.0559
    endloop
  endfacet
  facet normal 0 -0.986394 0.164399
    outer loop
      vertex 3 -30.5465 13.0565
      vertex 3.005 -30.5466 13.0559
      vertex 3.005 -30.5465 13.0565
    endloop
  endfacet
  facet normal 0.00970097 -0.970097 0.242524
    outer loop
      vertex 3.005 -30.5466 13.0559
      vertex 3 -30.5465 13.0565
      vertex 3 -30.5467 13.0557
    endloop
  endfacet
  facet normal -0 0 1
    outer loop
      vertex 3.895 -31.295 13.105
      vertex 3.905 -31.305 13.105
      vertex 3.905 -31.295 13.105
    endloop
  endfacet
  facet normal 0 0 1
    outer loop
      vertex 3.905 -31.305 13.105
      vertex 3.895 -31.295 13.105
      vertex 3.895 -31.305 13.105
    endloop
  endfacet
  facet normal 0.303919 0.944544 -0.124376
    outer loop
      vertex 3.02258 -30.5527 12.976
      vertex 3.905 -31.295 9.495
      vertex 3.02258 -31.0135 9.47655
    endloop
  endfacet
  facet normal 0.643652 0.765317 0.00127582
    outer loop
      vertex 3.905 -31.295 13.105
      vertex 3.01855 -30.5493 13.0018
      vertex 3.01012 -30.5423 13.0557
    endloop
  endfacet
  facet normal 0.643759 0.765228 -0.000287836
    outer loop
      vertex 3.905 -31.295 13.105
      vertex 3.02258 -30.5527 12.976
      vertex 3.01855 -30.5493 13.0018
    endloop
  endfacet
  facet normal 0.643735 0.765249 0
    outer loop
      vertex 3.02258 -30.5527 12.976
      vertex 3.905 -31.295 13.105
      vertex 3.905 -31.295 9.495
    endloop
  endfacet
  facet normal -0.103811 -0.187397 -0.976783
    outer loop
      vertex 3.01012 -30.5423 13.0557
      vertex 3.005 -30.5379 13.0554
      vertex 3.905 -31.295 13.105
    endloop
  endfacet
  facet normal 0.652418 0.753905 -0.0773236
    outer loop
      vertex 3.00516 -30.5381 13.0548
      vertex 3.005 -30.5379 13.0554
      vertex 3.01012 -30.5423 13.0557
    endloop
  endfacet
  facet normal 0.856095 0.513657 0.057073
    outer loop
      vertex 3.0051 -30.538 13.0548
      vertex 3.005 -30.5379 13.0554
      vertex 3.00516 -30.5381 13.0548
    endloop
  endfacet
  facet normal 0.707107 0.707107 0
    outer loop
      vertex 3.005 -30.5379 13.0554
      vertex 3.0051 -30.538 13.0548
      vertex 3.005 -30.5379 13.0548
    endloop
  endfacet
  facet normal -0.629069 0.730484 0.265829
    outer loop
      vertex 3.005 -32.062 13.0554
      vertex 3.01012 -32.0577 13.0557
      vertex 3.905 -31.305 13.105
    endloop
  endfacet
  facet normal 0.641034 -0.766294 0.0432268
    outer loop
      vertex 3.005 -32.062 13.0554
      vertex 3.00516 -32.0619 13.0548
      vertex 3.01012 -32.0577 13.0557
    endloop
  endfacet
  facet normal 0.848868 -0.509321 0.141478
    outer loop
      vertex 3.005 -32.062 13.0554
      vertex 3.0051 -32.062 13.0548
      vertex 3.00516 -32.0619 13.0548
    endloop
  endfacet
  facet normal 0 -1 0
    outer loop
      vertex 3.0051 -32.062 13.0548
      vertex 3.005 -32.062 13.0554
      vertex 3.005 -32.062 13.0548
    endloop
  endfacet
  facet normal 0.643652 -0.765317 0.00127582
    outer loop
      vertex 3.01855 -32.0507 13.0018
      vertex 3.905 -31.305 13.105
      vertex 3.01012 -32.0577 13.0557
    endloop
  endfacet
  facet normal 0.643759 -0.765228 -0.000287836
    outer loop
      vertex 3.02258 -32.0473 12.976
      vertex 3.905 -31.305 13.105
      vertex 3.01855 -32.0507 13.0018
    endloop
  endfacet
  facet normal 0.643735 -0.765249 0
    outer loop
      vertex 3.905 -31.305 13.105
      vertex 3.02258 -32.0473 12.976
      vertex 3.905 -31.305 9.495
    endloop
  endfacet
  facet normal 0.0209038 0 -0.999781
    outer loop
      vertex 3.02258 -31.5865 9.47655
      vertex 3.905 -31.295 9.495
      vertex 3.905 -31.305 9.495
    endloop
  endfacet
  facet normal 0.0209038 0 -0.999781
    outer loop
      vertex 3.02258 -31.5865 9.47655
      vertex 3.02258 -31.0135 9.47655
      vertex 3.905 -31.295 9.495
    endloop
  endfacet
  facet normal 0 0 -1
    outer loop
      vertex 3.02257 -31.5865 9.47655
      vertex 3.02258 -31.0135 9.47655
      vertex 3.02258 -31.5865 9.47655
    endloop
  endfacet
  facet normal 0 0 -1
    outer loop
      vertex 3.02257 -31.5865 9.47655
      vertex 3.02257 -31.0135 9.47655
      vertex 3.02258 -31.0135 9.47655
    endloop
  endfacet
  facet normal 0.021054 0 -0.999778
    outer loop
      vertex 3.005 -31.5865 9.47618
      vertex 3.02257 -31.0135 9.47655
      vertex 3.02257 -31.5865 9.47655
    endloop
  endfacet
  facet normal 0.021054 0 -0.999778
    outer loop
      vertex 3.02257 -31.0135 9.47655
      vertex 3.005 -31.5865 9.47618
      vertex 3.005 -31.0135 9.47618
    endloop
  endfacet
  facet normal 0 0.0653575 0.997862
    outer loop
      vertex 3.905 -31.295 13.105
      vertex 3.01011 -30.5423 13.0557
      vertex 3.895 -31.295 13.105
    endloop
  endfacet
  facet normal 0.0954555 0.17764 0.979455
    outer loop
      vertex 3.005 -30.5379 13.0554
      vertex 3.01011 -30.5423 13.0557
      vertex 3.905 -31.295 13.105
    endloop
  endfacet
  facet normal 0 0.0680239 0.997684
    outer loop
      vertex 3.005 -30.5379 13.0554
      vertex 3.00012 -30.5423 13.0557
      vertex 3.01011 -30.5423 13.0557
    endloop
  endfacet
  facet normal -0 0.0680239 0.997684
    outer loop
      vertex 3 -30.5379 13.0554
      vertex 3.00012 -30.5423 13.0557
      vertex 3.005 -30.5379 13.0554
    endloop
  endfacet
  facet normal 0.0579012 0.0694815 0.995901
    outer loop
      vertex 3.00012 -30.5423 13.0557
      vertex 3 -30.5379 13.0554
      vertex 3 -30.5422 13.0557
    endloop
  endfacet
  facet normal -0.00758198 0.0564776 0.998375
    outer loop
      vertex 3.895 -31.295 13.105
      vertex 3.01011 -30.5423 13.0557
      vertex 3.00516 -30.5465 13.0559
    endloop
  endfacet
  facet normal 1 -0 0
    outer loop
      vertex 3.905 -31.305 13.105
      vertex 3.905 -31.295 9.495
      vertex 3.905 -31.295 13.105
    endloop
  endfacet
  facet normal 1 0 0
    outer loop
      vertex 3.905 -31.295 9.495
      vertex 3.905 -31.305 13.105
      vertex 3.905 -31.305 9.495
    endloop
  endfacet
  facet normal 0 0 -1
    outer loop
      vertex 3 -31.5865 9.47618
      vertex 3.005 -31.0135 9.47618
      vertex 3.005 -31.5865 9.47618
    endloop
  endfacet
  facet normal -0 0 -1
    outer loop
      vertex 3.005 -31.0135 9.47618
      vertex 3 -31.5865 9.47618
      vertex 3 -31.0135 9.47618
    endloop
  endfacet
  facet normal 0 1 -0
    outer loop
      vertex 3.005 -30.5379 13.0548
      vertex 3 -30.5379 13.0554
      vertex 3.005 -30.5379 13.0554
    endloop
  endfacet
  facet normal 0 1 0
    outer loop
      vertex 3 -30.5379 13.0554
      vertex 3.005 -30.5379 13.0548
      vertex 3 -30.5379 13.0545
    endloop
  endfacet
  facet normal 0.303919 -0.944544 -0.124376
    outer loop
      vertex 3.905 -31.305 9.495
      vertex 3.02258 -32.0473 12.976
      vertex 3.02258 -31.5865 9.47655
    endloop
  endfacet
  facet normal -0 0.0654572 0.997855
    outer loop
      vertex 3.00514 -30.5465 13.0559
      vertex 3.895 -31.295 13.105
      vertex 3.00516 -30.5465 13.0559
    endloop
  endfacet
  facet normal -0.0253145 0.0354403 0.999051
    outer loop
      vertex 3.005 -30.5466 13.0559
      vertex 3.895 -31.295 13.105
      vertex 3.00514 -30.5465 13.0559
    endloop
  endfacet
  facet normal -0.0550848 0 0.998482
    outer loop
      vertex 3.895 -31.295 13.105
      vertex 3.005 -30.5466 13.0559
      vertex 3.895 -31.305 13.105
    endloop
  endfacet
  facet normal 0 -0.0654572 0.997855
    outer loop
      vertex 3.895 -31.305 13.105
      vertex 3.00514 -32.0535 13.0559
      vertex 3.00516 -32.0535 13.0559
    endloop
  endfacet
  facet normal -0.0550848 0 0.998482
    outer loop
      vertex 3.005 -32.0534 13.0559
      vertex 3.895 -31.305 13.105
      vertex 3.005 -30.5466 13.0559
    endloop
  endfacet
  facet normal -0.0253145 -0.0354403 0.999051
    outer loop
      vertex 3.895 -31.305 13.105
      vertex 3.005 -32.0534 13.0559
      vertex 3.00514 -32.0535 13.0559
    endloop
  endfacet
  facet normal -0.039968 0 0.999201
    outer loop
      vertex 3 -30.5467 13.0557
      vertex 3.005 -32.0534 13.0559
      vertex 3.005 -30.5466 13.0559
    endloop
  endfacet
  facet normal -0.039968 0 0.999201
    outer loop
      vertex 3.005 -32.0534 13.0559
      vertex 3 -30.5467 13.0557
      vertex 3 -32.0533 13.0557
    endloop
  endfacet
  facet normal 0 0 1
    outer loop
      vertex 3 -32.0578 13.0557
      vertex 3.00005 -32.0577 13.0557
      vertex 3 -32.0577 13.0557
    endloop
  endfacet
  facet normal -0 0 1
    outer loop
      vertex 3.00005 -32.0577 13.0557
      vertex 3 -32.0578 13.0557
      vertex 3.00012 -32.0577 13.0557
    endloop
  endfacet
  facet normal 0 0 1
    outer loop
      vertex 3 -30.5422 13.0557
      vertex 3.00005 -30.5423 13.0557
      vertex 3.00012 -30.5423 13.0557
    endloop
  endfacet
  facet normal 0 0 1
    outer loop
      vertex 3.00005 -30.5423 13.0557
      vertex 3 -30.5422 13.0557
      vertex 3 -30.5423 13.0557
    endloop
  endfacet
  facet normal -0.00758198 -0.0564776 0.998375
    outer loop
      vertex 3.895 -31.305 13.105
      vertex 3.00516 -32.0535 13.0559
      vertex 3.01011 -32.0577 13.0557
    endloop
  endfacet
  facet normal 0 -0.0653575 0.997862
    outer loop
      vertex 3.01011 -32.0577 13.0557
      vertex 3.905 -31.305 13.105
      vertex 3.895 -31.305 13.105
    endloop
  endfacet
  facet normal 0.639042 -0.765001 0.0799958
    outer loop
      vertex 3.01011 -32.0577 13.0557
      vertex 3.005 -32.062 13.0554
      vertex 3.905 -31.305 13.105
    endloop
  endfacet
  facet normal 0 -0.0695983 0.997575
    outer loop
      vertex 3.00012 -32.0577 13.0557
      vertex 3.005 -32.062 13.0554
      vertex 3.01011 -32.0577 13.0557
    endloop
  endfacet
  facet normal 0.0592682 -0.0711218 0.995705
    outer loop
      vertex 3 -32.062 13.0554
      vertex 3.00012 -32.0577 13.0557
      vertex 3 -32.0578 13.0557
    endloop
  endfacet
  facet normal 0 -0.0695983 0.997575
    outer loop
      vertex 3.00012 -32.0577 13.0557
      vertex 3 -32.062 13.0554
      vertex 3.005 -32.062 13.0554
    endloop
  endfacet
  facet normal 0 -1 0
    outer loop
      vertex 3 -32.062 13.0554
      vertex 3.005 -32.062 13.0548
      vertex 3.005 -32.062 13.0554
    endloop
  endfacet
  facet normal -0 -1 0
    outer loop
      vertex 3.005 -32.062 13.0548
      vertex 3 -32.062 13.0554
      vertex 3 -32.062 13.0545
    endloop
  endfacet
  facet normal 0.643066 0.739788 0.197939
    outer loop
      vertex 3.905 -31.8633 9.4215
      vertex 3.02258 -32.0473 12.976
      vertex 3.01855 -32.0507 13.0018
    endloop
  endfacet
  facet normal 0.575965 0.806351 0.134392
    outer loop
      vertex 3.005 -32.0534 13.0559
      vertex 3.005 -32.0535 13.0565
      vertex 3.00514 -32.0535 13.0559
    endloop
  endfacet
  facet normal 0 0.19506 -0.980791
    outer loop
      vertex 3.02258 -31.5865 9.47655
      vertex 3.905 -31.8633 9.4215
      vertex 3.02257 -31.5865 9.47655
    endloop
  endfacet
  facet normal 0.304035 0.944508 0.124371
    outer loop
      vertex 3.905 -31.8633 9.4215
      vertex 3.02258 -31.5865 9.47655
      vertex 3.02258 -32.0473 12.976
    endloop
  endfacet
  facet normal 0.643755 -0.738756 -0.199548
    outer loop
      vertex 3.905 -32.8073 12.9059
      vertex 3.01012 -33.5216 12.6634
      vertex 3.01166 -33.5178 12.6543
    endloop
  endfacet
  facet normal 0.646586 -0.727475 -0.229577
    outer loop
      vertex 3.005 -33.5257 12.662
      vertex 3.00516 -33.5254 12.6615
      vertex 3.01011 -33.5216 12.6634
    endloop
  endfacet
  facet normal 0.856989 -0.514193 -0.0342796
    outer loop
      vertex 3.005 -33.5257 12.662
      vertex 3.0051 -33.5255 12.6615
      vertex 3.00516 -33.5254 12.6615
    endloop
  endfacet
  facet normal -0 -0.928477 -0.371391
    outer loop
      vertex 3.0051 -33.5255 12.6615
      vertex 3.005 -33.5257 12.662
      vertex 3.005 -33.5255 12.6615
    endloop
  endfacet
  facet normal 0.0203484 0.260424 -0.96528
    outer loop
      vertex 3.02258 -32.1401 9.32822
      vertex 3.905 -31.8633 9.4215
      vertex 3.905 -31.8729 9.41891
    endloop
  endfacet
  facet normal 0.0163067 0.272235 -0.962093
    outer loop
      vertex 3.905 -31.8633 9.4215
      vertex 3.02258 -32.1401 9.32822
      vertex 3.02199 -32.1401 9.32821
    endloop
  endfacet
  facet normal 1 0 0
    outer loop
      vertex 3.905 -32.7976 12.9085
      vertex 3.905 -31.8729 9.41891
      vertex 3.905 -31.8633 9.4215
    endloop
  endfacet
  facet normal 1 0 0
    outer loop
      vertex 3.905 -31.8729 9.41891
      vertex 3.905 -32.7976 12.9085
      vertex 3.905 -32.8073 12.9059
    endloop
  endfacet
  facet normal 0.109004 -0.0654026 0.991887
    outer loop
      vertex 3.0051 -32.062 13.0548
      vertex 3.895 -32.7976 12.9085
      vertex 3.00516 -32.0619 13.0548
    endloop
  endfacet
  facet normal -0.0551319 -0.258508 0.964435
    outer loop
      vertex 3.895 -32.7976 12.9085
      vertex 3.0051 -32.062 13.0548
      vertex 3.895 -32.8073 12.9059
    endloop
  endfacet
  facet normal 0 0 1
    outer loop
      vertex 3 -32.0576 13.0557
      vertex 3.00005 -32.0577 13.0557
      vertex 3.00012 -32.0577 13.0557
    endloop
  endfacet
  facet normal 0 0 1
    outer loop
      vertex 3.00005 -32.0577 13.0557
      vertex 3 -32.0576 13.0557
      vertex 3 -32.0577 13.0557
    endloop
  endfacet
  facet normal 0.643781 0.73949 0.196725
    outer loop
      vertex 3.905 -32.7976 12.9085
      vertex 3.01855 -32.0507 13.0018
      vertex 3.01012 -32.0577 13.0557
    endloop
  endfacet
  facet normal 0.643688 0.739213 0.198063
    outer loop
      vertex 3.01855 -32.0507 13.0018
      vertex 3.905 -32.7976 12.9085
      vertex 3.905 -31.8633 9.4215
    endloop
  endfacet
  facet normal 0.641451 0.747851 0.171054
    outer loop
      vertex 3.005 -32.0535 13.0565
      vertex 3.01011 -32.0577 13.0557
      vertex 3.00516 -32.0535 13.0559
    endloop
  endfacet
  facet normal 0 1 0
    outer loop
      vertex 3.005 -32.0535 13.0565
      vertex 3.00516 -32.0535 13.0559
      vertex 3.00514 -32.0535 13.0559
    endloop
  endfacet
  facet normal 0 -0.195122 0.980779
    outer loop
      vertex 3.01012 -32.0577 13.0557
      vertex 3.895 -32.7976 12.9085
      vertex 3.905 -32.7976 12.9085
    endloop
  endfacet
  facet normal -0.00632007 -0.202383 0.979286
    outer loop
      vertex 3.895 -32.7976 12.9085
      vertex 3.01012 -32.0577 13.0557
      vertex 3.00516 -32.0619 13.0548
    endloop
  endfacet
  facet normal 0 -0.187112 0.982339
    outer loop
      vertex 3.005 -32.0535 13.0565
      vertex 3.00012 -32.0577 13.0557
      vertex 3.01011 -32.0577 13.0557
    endloop
  endfacet
  facet normal 0 -0.187112 0.982339
    outer loop
      vertex 3 -32.0535 13.0565
      vertex 3.00012 -32.0577 13.0557
      vertex 3.005 -32.0535 13.0565
    endloop
  endfacet
  facet normal -0.157598 -0.189117 0.969225
    outer loop
      vertex 3 -32.0576 13.0557
      vertex 3.00012 -32.0577 13.0557
      vertex 3 -32.0535 13.0565
    endloop
  endfacet
  facet normal 0 -0.321422 0.946936
    outer loop
      vertex 3.895 -32.8073 12.9059
      vertex 3.00514 -33.5176 12.6648
      vertex 3.00516 -33.5176 12.6648
    endloop
  endfacet
  facet normal 0 -0.195914 0.980621
    outer loop
      vertex 3.005 -32.062 13.0548
      vertex 3.895 -32.8073 12.9059
      vertex 3.0051 -32.062 13.0548
    endloop
  endfacet
  facet normal -0.0550674 -0.258443 0.964456
    outer loop
      vertex 3.895 -32.8073 12.9059
      vertex 3.005 -32.062 13.0548
      vertex 3.005 -33.5174 12.6648
    endloop
  endfacet
  facet normal -0.170034 -0.119024 0.978224
    outer loop
      vertex 3.895 -32.8073 12.9059
      vertex 3.005 -33.5174 12.6648
      vertex 3.00514 -33.5176 12.6648
    endloop
  endfacet
  facet normal -0.0578589 -0.258357 0.964315
    outer loop
      vertex 3 -33.5173 12.6646
      vertex 3.005 -32.062 13.0548
      vertex 3 -32.062 13.0545
    endloop
  endfacet
  facet normal -0.0437716 -0.258588 0.964996
    outer loop
      vertex 3.005 -32.062 13.0548
      vertex 3 -33.5173 12.6646
      vertex 3.005 -33.5174 12.6648
    endloop
  endfacet
  facet normal 0 0 1
    outer loop
      vertex 3 -33.5217 12.6634
      vertex 3.00005 -33.5216 12.6634
      vertex 3 -33.5216 12.6634
    endloop
  endfacet
  facet normal -0 0 1
    outer loop
      vertex 3.00005 -33.5216 12.6634
      vertex 3 -33.5217 12.6634
      vertex 3.00012 -33.5216 12.6634
    endloop
  endfacet
  facet normal 0 0.258819 -0.965926
    outer loop
      vertex 3 -32.14 9.32787
      vertex 3.005 -31.5865 9.47618
      vertex 3.005 -32.14 9.32787
    endloop
  endfacet
  facet normal 0 0.258819 -0.965926
    outer loop
      vertex 3.005 -31.5865 9.47618
      vertex 3 -32.14 9.32787
      vertex 3 -31.5865 9.47618
    endloop
  endfacet
  facet normal 0 0.986394 0.164399
    outer loop
      vertex 3.005 -32.0534 13.0559
      vertex 3 -32.0535 13.0565
      vertex 3.005 -32.0535 13.0565
    endloop
  endfacet
  facet normal 0.00970097 0.970097 0.242524
    outer loop
      vertex 3 -32.0535 13.0565
      vertex 3.005 -32.0534 13.0559
      vertex 3 -32.0533 13.0557
    endloop
  endfacet
  facet normal 0 -0.258902 0.965904
    outer loop
      vertex 3.895 -32.7976 12.9085
      vertex 3.905 -32.8073 12.9059
      vertex 3.905 -32.7976 12.9085
    endloop
  endfacet
  facet normal 0 -0.258902 0.965904
    outer loop
      vertex 3.905 -32.8073 12.9059
      vertex 3.895 -32.7976 12.9085
      vertex 3.895 -32.8073 12.9059
    endloop
  endfacet
  facet normal 0.643688 -0.739265 -0.197871
    outer loop
      vertex 3.01855 -33.5008 12.6132
      vertex 3.905 -32.8073 12.9059
      vertex 3.01166 -33.5178 12.6543
    endloop
  endfacet
  facet normal 0.643624 -0.739555 -0.196991
    outer loop
      vertex 3.02258 -33.4909 12.5892
      vertex 3.905 -32.8073 12.9059
      vertex 3.01855 -33.5008 12.6132
    endloop
  endfacet
  facet normal 0.643723 -0.73918 -0.198076
    outer loop
      vertex 3.905 -32.8073 12.9059
      vertex 3.02258 -33.4909 12.5892
      vertex 3.905 -31.8729 9.41891
    endloop
  endfacet
  facet normal 0.303984 -0.880153 -0.364587
    outer loop
      vertex 3.905 -31.8729 9.41891
      vertex 3.02258 -33.4909 12.5892
      vertex 3.02258 -32.1401 9.32822
    endloop
  endfacet
  facet normal 0 -0.321473 0.946919
    outer loop
      vertex 3.895 -32.8073 12.9059
      vertex 3.01012 -33.5216 12.6634
      vertex 3.905 -32.8073 12.9059
    endloop
  endfacet
  facet normal 0.00400717 -0.325918 0.94539
    outer loop
      vertex 3.01012 -33.5216 12.6634
      vertex 3.895 -32.8073 12.9059
      vertex 3.00516 -33.5176 12.6648
    endloop
  endfacet
  facet normal 0 -0.323144 0.94635
    outer loop
      vertex 3.00012 -33.5216 12.6634
      vertex 3.005 -33.5257 12.662
      vertex 3.01011 -33.5216 12.6634
    endloop
  endfacet
  facet normal 0.265418 -0.318502 0.910005
    outer loop
      vertex 3.00012 -33.5216 12.6634
      vertex 3 -33.5217 12.6634
      vertex 3 -33.5257 12.662
    endloop
  endfacet
  facet normal 0 -0.323144 0.94635
    outer loop
      vertex 3.00012 -33.5216 12.6634
      vertex 3 -33.5257 12.662
      vertex 3.005 -33.5257 12.662
    endloop
  endfacet
  facet normal 0.0209178 0.258747 -0.965719
    outer loop
      vertex 3.02199 -32.1401 9.32821
      vertex 3.02257 -31.5865 9.47655
      vertex 3.905 -31.8633 9.4215
    endloop
  endfacet
  facet normal 0.0208487 0.258748 -0.96572
    outer loop
      vertex 3.005 -32.14 9.32787
      vertex 3.02257 -31.5865 9.47655
      vertex 3.02199 -32.1401 9.32821
    endloop
  endfacet
  facet normal 0.0203369 0.258766 -0.965726
    outer loop
      vertex 3.005 -32.14 9.32787
      vertex 3.005 -31.5865 9.47618
      vertex 3.02257 -31.5865 9.47655
    endloop
  endfacet
  facet normal 0 -0.928477 -0.371391
    outer loop
      vertex 3 -33.5257 12.662
      vertex 3.005 -33.5255 12.6615
      vertex 3.005 -33.5257 12.662
    endloop
  endfacet
  facet normal 0.0145506 -0.97004 -0.24251
    outer loop
      vertex 3.005 -33.5255 12.6615
      vertex 3 -33.5257 12.662
      vertex 3 -33.5255 12.6612
    endloop
  endfacet
  facet normal 0.63708 0.668955 0.38292
    outer loop
      vertex 3.02258 -33.4909 12.5892
      vertex 3.01855 -33.5008 12.6132
      vertex 3.905 -32.3932 9.20342
    endloop
  endfacet
  facet normal 0.774659 0.542261 0.325357
    outer loop
      vertex 3.005 -33.5174 12.6648
      vertex 3.005 -33.5177 12.6653
      vertex 3.00514 -33.5176 12.6648
    endloop
  endfacet
  facet normal 0.30401 0.880146 0.364584
    outer loop
      vertex 3.02258 -33.4909 12.5892
      vertex 3.905 -32.3932 9.20342
      vertex 3.02258 -32.1401 9.32822
    endloop
  endfacet
  facet normal 0.643837 -0.661217 -0.385053
    outer loop
      vertex 3.905 -34.2068 12.3248
      vertex 3.01012 -34.8341 11.9057
      vertex 3.01166 -34.828 11.8978
    endloop
  endfacet
  facet normal 0.629651 -0.721129 -0.288986
    outer loop
      vertex 3.005 -34.8376 11.9033
      vertex 3.00516 -34.8373 11.9029
      vertex 3.01011 -34.8341 11.9057
    endloop
  endfacet
  facet normal 0.306122 -0.816327 -0.489796
    outer loop
      vertex 3.00516 -34.8373 11.9029
      vertex 3.005 -34.8376 11.9033
      vertex 3.005 -34.8373 11.9028
    endloop
  endfacet
  facet normal 0 0.500012 -0.866019
    outer loop
      vertex 3 -32.6362 9.04138
      vertex 3.005 -32.14 9.32787
      vertex 3.005 -32.6362 9.04138
    endloop
  endfacet
  facet normal 0 0.500012 -0.866019
    outer loop
      vertex 3.005 -32.14 9.32787
      vertex 3 -32.6362 9.04138
      vertex 3 -32.14 9.32787
    endloop
  endfacet
  facet normal 1 0 0
    outer loop
      vertex 3.905 -34.1982 12.3298
      vertex 3.905 -32.4018 9.19843
      vertex 3.905 -32.3932 9.20342
    endloop
  endfacet
  facet normal 1 0 0
    outer loop
      vertex 3.905 -32.4018 9.19843
      vertex 3.905 -34.1982 12.3298
      vertex 3.905 -34.2068 12.3248
    endloop
  endfacet
  facet normal 0.245682 -0.147409 0.958077
    outer loop
      vertex 3.0051 -33.5255 12.6615
      vertex 3.895 -34.1982 12.3298
      vertex 3.00516 -33.5254 12.6615
    endloop
  endfacet
  facet normal -0.0576137 -0.501786 0.863071
    outer loop
      vertex 3.895 -34.1982 12.3298
      vertex 3.0051 -33.5255 12.6615
      vertex 3.895 -34.2068 12.3248
    endloop
  endfacet
  facet normal 0 -0.707107 0.707107
    outer loop
      vertex 3 -33.5215 12.6635
      vertex 3.00005 -33.5216 12.6634
      vertex 3.00012 -33.5216 12.6634
    endloop
  endfacet
  facet normal 0 -0.707107 0.707107
    outer loop
      vertex 3.00005 -33.5216 12.6634
      vertex 3 -33.5215 12.6635
      vertex 3 -33.5216 12.6634
    endloop
  endfacet
  facet normal 0.93779 -0.347203 0
    outer loop
      vertex 3.02258 -34.7852 11.8419
      vertex 3.905 -32.4018 9.19843
      vertex 3.02258 -34.7852 11.842
    endloop
  endfacet
  facet normal 0.303968 -0.7558 -0.579975
    outer loop
      vertex 3.905 -32.4018 9.19843
      vertex 3.02258 -34.7852 11.8419
      vertex 3.02258 -32.6364 9.04167
    endloop
  endfacet
  facet normal 0 0.980581 0.196116
    outer loop
      vertex 3.005 -33.5177 12.6653
      vertex 3.00516 -33.5176 12.6648
      vertex 3.00514 -33.5176 12.6648
    endloop
  endfacet
  facet normal 0.646421 0.681461 0.343147
    outer loop
      vertex 3.005 -33.5177 12.6653
      vertex 3.01012 -33.5216 12.6634
      vertex 3.00516 -33.5176 12.6648
    endloop
  endfacet
  facet normal -0.498144 -0.249394 -0.830455
    outer loop
      vertex 3.905 -34.1982 12.3298
      vertex 3.01012 -33.5216 12.6634
      vertex 3.005 -33.5177 12.6653
    endloop
  endfacet
  facet normal 0.643627 0.661391 0.385107
    outer loop
      vertex 3.905 -34.1982 12.3298
      vertex 3.01166 -33.5178 12.6543
      vertex 3.01012 -33.5216 12.6634
    endloop
  endfacet
  facet normal 0.643759 0.662978 0.382144
    outer loop
      vertex 3.905 -34.1982 12.3298
      vertex 3.01855 -33.5008 12.6132
      vertex 3.01166 -33.5178 12.6543
    endloop
  endfacet
  facet normal 0.643723 0.662735 0.382627
    outer loop
      vertex 3.01855 -33.5008 12.6132
      vertex 3.905 -34.1982 12.3298
      vertex 3.905 -32.3932 9.20342
    endloop
  endfacet
  facet normal 0 -0.442222 0.896905
    outer loop
      vertex 3.905 -34.1982 12.3298
      vertex 3.01011 -33.5216 12.6634
      vertex 3.895 -34.1982 12.3298
    endloop
  endfacet
  facet normal 0.425762 0.120999 0.896709
    outer loop
      vertex 3.005 -33.5177 12.6653
      vertex 3.01011 -33.5216 12.6634
      vertex 3.905 -34.1982 12.3298
    endloop
  endfacet
  facet normal 0 -0.437969 0.89899
    outer loop
      vertex 3.005 -33.5177 12.6653
      vertex 3.00012 -33.5216 12.6634
      vertex 3.01011 -33.5216 12.6634
    endloop
  endfacet
  facet normal 0 -0.437969 0.89899
    outer loop
      vertex 3 -33.5177 12.6653
      vertex 3.00012 -33.5216 12.6634
      vertex 3.005 -33.5177 12.6653
    endloop
  endfacet
  facet normal 0.368485 -0.397964 0.840145
    outer loop
      vertex 3.00012 -33.5216 12.6634
      vertex 3 -33.5177 12.6653
      vertex 3 -33.5215 12.6635
    endloop
  endfacet
  facet normal -0.00238336 -0.444727 0.895663
    outer loop
      vertex 3.895 -34.1982 12.3298
      vertex 3.01011 -33.5216 12.6634
      vertex 3.00516 -33.5254 12.6615
    endloop
  endfacet
  facet normal 0 -0.443051 0.896497
    outer loop
      vertex 3.005 -33.5255 12.6615
      vertex 3.895 -34.2068 12.3248
      vertex 3.0051 -33.5255 12.6615
    endloop
  endfacet
  facet normal -0.0550468 -0.49925 0.864708
    outer loop
      vertex 3.895 -34.2068 12.3248
      vertex 3.005 -33.5255 12.6615
      vertex 3.005 -34.8304 11.9081
    endloop
  endfacet
  facet normal 0.0842574 -0.633955 0.768767
    outer loop
      vertex 3.895 -34.2068 12.3248
      vertex 3.005 -34.8304 11.9081
      vertex 3.00516 -34.8305 11.908
    endloop
  endfacet
  facet normal -0.051891 -0.499342 0.86485
    outer loop
      vertex 3 -34.8302 11.9079
      vertex 3.005 -33.5255 12.6615
      vertex 3 -33.5255 12.6612
    endloop
  endfacet
  facet normal -0.0545598 -0.499263 0.864731
    outer loop
      vertex 3.005 -33.5255 12.6615
      vertex 3 -34.8302 11.9079
      vertex 3.005 -34.8304 11.9081
    endloop
  endfacet
  facet normal 0 -1 0
    outer loop
      vertex 3 -34.8341 11.9057
      vertex 3 -34.8341 11.9056
      vertex 3.00012 -34.8341 11.9057
    endloop
  endfacet
  facet normal 0.021615 0.501751 -0.864742
    outer loop
      vertex 3.905 -32.4018 9.19843
      vertex 3.02258 -32.1401 9.32822
      vertex 3.905 -32.3932 9.20342
    endloop
  endfacet
  facet normal 0.01483 0.483947 -0.874972
    outer loop
      vertex 3.905 -32.4018 9.19843
      vertex 3.02199 -32.1401 9.32821
      vertex 3.02258 -32.1401 9.32822
    endloop
  endfacet
  facet normal 0 0.857493 0.514496
    outer loop
      vertex 3.005 -33.5174 12.6648
      vertex 3 -33.5177 12.6653
      vertex 3.005 -33.5177 12.6653
    endloop
  endfacet
  facet normal -0.00248069 0.86824 0.496137
    outer loop
      vertex 3 -33.5177 12.6653
      vertex 3.005 -33.5174 12.6648
      vertex 3 -33.5173 12.6646
    endloop
  endfacet
  facet normal 0 -0.50262 0.864507
    outer loop
      vertex 3.895 -34.1982 12.3298
      vertex 3.905 -34.2068 12.3248
      vertex 3.905 -34.1982 12.3298
    endloop
  endfacet
  facet normal 0 -0.50262 0.864507
    outer loop
      vertex 3.905 -34.2068 12.3248
      vertex 3.895 -34.1982 12.3298
      vertex 3.895 -34.2068 12.3248
    endloop
  endfacet
  facet normal 0.643721 -0.662844 -0.382442
    outer loop
      vertex 3.02258 -34.7852 11.842
      vertex 3.905 -34.2068 12.3248
      vertex 3.01166 -34.828 11.8978
    endloop
  endfacet
  facet normal 0.643739 -0.662723 -0.382621
    outer loop
      vertex 3.905 -34.2068 12.3248
      vertex 3.02258 -34.7852 11.842
      vertex 3.905 -32.4018 9.19843
    endloop
  endfacet
  facet normal 0.0209057 0.499911 -0.865825
    outer loop
      vertex 3.02258 -32.6364 9.04167
      vertex 3.02199 -32.1401 9.32821
      vertex 3.905 -32.4018 9.19843
    endloop
  endfacet
  facet normal 0.0199703 0.499919 -0.865842
    outer loop
      vertex 3.005 -32.6362 9.04138
      vertex 3.02199 -32.1401 9.32821
      vertex 3.02258 -32.6364 9.04167
    endloop
  endfacet
  facet normal 0.0202694 0.499909 -0.865841
    outer loop
      vertex 3.02199 -32.1401 9.32821
      vertex 3.005 -32.6362 9.04138
      vertex 3.005 -32.14 9.32787
    endloop
  endfacet
  facet normal 0 -0.565528 0.824729
    outer loop
      vertex 3.00012 -34.8341 11.9057
      vertex 3.005 -34.8376 11.9033
      vertex 3.01011 -34.8341 11.9057
    endloop
  endfacet
  facet normal -0.57149 -0.45066 0.685788
    outer loop
      vertex 3.00012 -34.8341 11.9057
      vertex 3 -34.8341 11.9056
      vertex 3 -34.8376 11.9033
    endloop
  endfacet
  facet normal 0 -0.565528 0.824729
    outer loop
      vertex 3.00012 -34.8341 11.9057
      vertex 3 -34.8376 11.9033
      vertex 3.005 -34.8376 11.9033
    endloop
  endfacet
  facet normal 0 -0.555526 0.831499
    outer loop
      vertex 3.895 -34.2068 12.3248
      vertex 3.01012 -34.8341 11.9057
      vertex 3.905 -34.2068 12.3248
    endloop
  endfacet
  facet normal -0.00877024 -0.546922 0.837138
    outer loop
      vertex 3.01012 -34.8341 11.9057
      vertex 3.895 -34.2068 12.3248
      vertex 3.00516 -34.8305 11.908
    endloop
  endfacet
  facet normal 0 -0.857493 -0.514496
    outer loop
      vertex 3 -34.8376 11.9033
      vertex 3.005 -34.8373 11.9028
      vertex 3.005 -34.8376 11.9033
    endloop
  endfacet
  facet normal 0.00894391 -0.894391 -0.447196
    outer loop
      vertex 3.005 -34.8373 11.9028
      vertex 3 -34.8376 11.9033
      vertex 3 -34.8372 11.9025
    endloop
  endfacet
  facet normal 0 -0.707107 0.707107
    outer loop
      vertex 3.895 -35.4083 11.4012
      vertex 3.905 -35.4012 11.4083
      vertex 3.895 -35.4012 11.4083
    endloop
  endfacet
  facet normal 0 -0.707107 0.707107
    outer loop
      vertex 3.905 -35.4012 11.4083
      vertex 3.895 -35.4083 11.4012
      vertex 3.905 -35.4083 11.4012
    endloop
  endfacet
  facet normal 0.304021 0.755786 0.579964
    outer loop
      vertex 3.905 -32.8486 8.85563
      vertex 3.02258 -32.6364 9.04167
      vertex 3.02258 -34.7852 11.8419
    endloop
  endfacet
  facet normal 0.662266 0.529813 0.529813
    outer loop
      vertex 3.005 -34.8308 11.9085
      vertex 3.00516 -34.8305 11.908
      vertex 3.005 -34.8304 11.9081
    endloop
  endfacet
  facet normal 0.644621 0.546763 0.534336
    outer loop
      vertex 3.00516 -34.8305 11.908
      vertex 3.005 -34.8308 11.9085
      vertex 3.01012 -34.8341 11.9057
    endloop
  endfacet
  facet normal 0.572405 0.819971 0
    outer loop
      vertex 3.905 -35.4012 11.4083
      vertex 3.02258 -34.7852 11.8419
      vertex 3.02258 -34.7852 11.842
    endloop
  endfacet
  facet normal 0.643716 0.541177 0.541071
    outer loop
      vertex 3.905 -35.4012 11.4083
      vertex 3.02258 -34.7852 11.842
      vertex 3.01166 -34.828 11.8978
    endloop
  endfacet
  facet normal 0.643645 0.539942 0.542387
    outer loop
      vertex 3.905 -35.4012 11.4083
      vertex 3.01166 -34.828 11.8978
      vertex 3.01012 -34.8341 11.9057
    endloop
  endfacet
  facet normal 0.643674 0.541156 0.541141
    outer loop
      vertex 3.02258 -34.7852 11.8419
      vertex 3.905 -35.4012 11.4083
      vertex 3.905 -32.8486 8.85563
    endloop
  endfacet
  facet normal -0.639702 -0.490159 -0.592052
    outer loop
      vertex 3.01012 -34.8341 11.9057
      vertex 3.005 -34.8308 11.9085
      vertex 3.905 -35.4012 11.4083
    endloop
  endfacet
  facet normal 0.643674 -0.541142 -0.541155
    outer loop
      vertex 3.905 -35.4083 11.4012
      vertex 3.02258 -35.8419 10.7852
      vertex 3.905 -32.8556 8.84856
    endloop
  endfacet
  facet normal 0.643745 -0.54051 -0.541702
    outer loop
      vertex 3.905 -35.4083 11.4012
      vertex 3.01166 -35.8978 10.828
      vertex 3.02258 -35.8419 10.7852
    endloop
  endfacet
  facet normal 0.643645 -0.542387 -0.539942
    outer loop
      vertex 3.905 -35.4083 11.4012
      vertex 3.01012 -35.9057 10.8341
      vertex 3.01166 -35.8978 10.828
    endloop
  endfacet
  facet normal 0.662266 -0.529813 -0.529813
    outer loop
      vertex 3.00516 -35.908 10.8305
      vertex 3.005 -35.9085 10.8308
      vertex 3.005 -35.9081 10.8304
    endloop
  endfacet
  facet normal 0.644621 -0.534336 -0.546763
    outer loop
      vertex 3.01012 -35.9057 10.8341
      vertex 3.005 -35.9085 10.8308
      vertex 3.00516 -35.908 10.8305
    endloop
  endfacet
  facet normal -0.639702 0.592052 0.490159
    outer loop
      vertex 3.005 -35.9085 10.8308
      vertex 3.01012 -35.9057 10.8341
      vertex 3.905 -35.4083 11.4012
    endloop
  endfacet
  facet normal 1 0 0
    outer loop
      vertex 3.905 -35.4012 11.4083
      vertex 3.905 -32.8556 8.84856
      vertex 3.905 -32.8486 8.85563
    endloop
  endfacet
  facet normal 1 0 0
    outer loop
      vertex 3.905 -32.8556 8.84856
      vertex 3.905 -35.4012 11.4083
      vertex 3.905 -35.4083 11.4012
    endloop
  endfacet
  facet normal 0 -0.659396 0.751796
    outer loop
      vertex 3.905 -35.4012 11.4083
      vertex 3.01011 -34.8341 11.9057
      vertex 3.895 -35.4012 11.4083
    endloop
  endfacet
  facet normal 0.630216 0.424013 0.650415
    outer loop
      vertex 3.005 -34.8308 11.9085
      vertex 3.01011 -34.8341 11.9057
      vertex 3.905 -35.4012 11.4083
    endloop
  endfacet
  facet normal 0 -0.646977 0.762509
    outer loop
      vertex 3.005 -34.8308 11.9085
      vertex 3.00012 -34.8341 11.9057
      vertex 3.01011 -34.8341 11.9057
    endloop
  endfacet
  facet normal 0 -0.646977 0.762509
    outer loop
      vertex 3 -34.8308 11.9085
      vertex 3.00012 -34.8341 11.9057
      vertex 3.005 -34.8308 11.9085
    endloop
  endfacet
  facet normal -0.48108 -0.577296 0.659767
    outer loop
      vertex 3.00012 -34.8341 11.9057
      vertex 3 -34.8308 11.9085
      vertex 3 -34.834 11.9057
    endloop
  endfacet
  facet normal 0.000506902 -0.658949 0.752188
    outer loop
      vertex 3.895 -35.4012 11.4083
      vertex 3.01011 -34.8341 11.9057
      vertex 3.00516 -34.8373 11.9029
    endloop
  endfacet
  facet normal 0 0.707107 0.707107
    outer loop
      vertex 3.005 -34.8304 11.9081
      vertex 3 -34.8308 11.9085
      vertex 3.005 -34.8308 11.9085
    endloop
  endfacet
  facet normal -2.51219e-13 0.707107 0.707107
    outer loop
      vertex 3 -34.8308 11.9085
      vertex 3.005 -34.8304 11.9081
      vertex 3 -34.8302 11.9079
    endloop
  endfacet
  facet normal 0.304003 -0.579967 -0.755792
    outer loop
      vertex 3.905 -32.8556 8.84856
      vertex 3.02258 -35.8419 10.7852
      vertex 3.02258 -33.0417 8.63643
    endloop
  endfacet
  facet normal 0 0 1
    outer loop
      vertex 3.00012 -34.8341 11.9057
      vertex 3 -34.834 11.9057
      vertex 3 -34.8341 11.9057
    endloop
  endfacet
  facet normal 0 -1 0
    outer loop
      vertex 3 -35.9057 10.834
      vertex 3.00012 -35.9057 10.8341
      vertex 3 -35.9057 10.8341
    endloop
  endfacet
  facet normal -0.283426 -0.845 0.453481
    outer loop
      vertex 3.005 -34.8373 11.9028
      vertex 3.895 -35.4012 11.4083
      vertex 3.00516 -34.8373 11.9029
    endloop
  endfacet
  facet normal -0.0564782 -0.705978 0.705978
    outer loop
      vertex 3.005 -35.9028 10.8373
      vertex 3.005 -34.8373 11.9028
      vertex 3 -34.8372 11.9025
    endloop
  endfacet
  facet normal -0.0550548 -0.706034 0.706034
    outer loop
      vertex 3.005 -34.8373 11.9028
      vertex 3.895 -35.4083 11.4012
      vertex 3.895 -35.4012 11.4083
    endloop
  endfacet
  facet normal -0.0550548 -0.706034 0.706034
    outer loop
      vertex 3.005 -34.8373 11.9028
      vertex 3.005 -35.9028 10.8373
      vertex 3.895 -35.4083 11.4012
    endloop
  endfacet
  facet normal -0.0564782 -0.705978 0.705978
    outer loop
      vertex 3.005 -35.9028 10.8373
      vertex 3 -34.8372 11.9025
      vertex 3 -35.9025 10.8372
    endloop
  endfacet
  facet normal -0.283426 -0.453481 0.845
    outer loop
      vertex 3.895 -35.4083 11.4012
      vertex 3.005 -35.9028 10.8373
      vertex 3.00516 -35.9029 10.8373
    endloop
  endfacet
  facet normal -0.48108 -0.659767 0.577296
    outer loop
      vertex 3 -35.9085 10.8308
      vertex 3.00012 -35.9057 10.8341
      vertex 3 -35.9057 10.834
    endloop
  endfacet
  facet normal 0.000506902 -0.752188 0.658949
    outer loop
      vertex 3.01011 -35.9057 10.8341
      vertex 3.895 -35.4083 11.4012
      vertex 3.00516 -35.9029 10.8373
    endloop
  endfacet
  facet normal 0 -0.751796 0.659396
    outer loop
      vertex 3.895 -35.4083 11.4012
      vertex 3.01011 -35.9057 10.8341
      vertex 3.905 -35.4083 11.4012
    endloop
  endfacet
  facet normal 0 -0.762509 0.646977
    outer loop
      vertex 3.00012 -35.9057 10.8341
      vertex 3 -35.9085 10.8308
      vertex 3.005 -35.9085 10.8308
    endloop
  endfacet
  facet normal 0.630216 -0.650415 -0.424013
    outer loop
      vertex 3.01011 -35.9057 10.8341
      vertex 3.005 -35.9085 10.8308
      vertex 3.905 -35.4083 11.4012
    endloop
  endfacet
  facet normal 0 -0.762509 0.646977
    outer loop
      vertex 3.00012 -35.9057 10.8341
      vertex 3.005 -35.9085 10.8308
      vertex 3.01011 -35.9057 10.8341
    endloop
  endfacet
  facet normal 0 0.707089 -0.707124
    outer loop
      vertex 3.005 -33.0414 8.6362
      vertex 3 -32.6362 9.04138
      vertex 3.005 -32.6362 9.04138
    endloop
  endfacet
  facet normal 0 0.707089 -0.707124
    outer loop
      vertex 3 -32.6362 9.04138
      vertex 3.005 -33.0414 8.6362
      vertex 3 -33.0414 8.6362
    endloop
  endfacet
  facet normal 0.0225444 0.710435 -0.703401
    outer loop
      vertex 3.905 -32.8556 8.84856
      vertex 3.02258 -32.6364 9.04167
      vertex 3.905 -32.8486 8.85563
    endloop
  endfacet
  facet normal 0.0197053 0.706917 -0.707022
    outer loop
      vertex 3.02258 -32.6364 9.04167
      vertex 3.02258 -33.0417 8.63643
      vertex 3.005 -32.6362 9.04138
    endloop
  endfacet
  facet normal 0.0208776 0.7069 -0.707005
    outer loop
      vertex 3.02258 -32.6364 9.04167
      vertex 3.905 -32.8556 8.84856
      vertex 3.02258 -33.0417 8.63643
    endloop
  endfacet
  facet normal 0.0213129 0.706929 -0.706964
    outer loop
      vertex 3.005 -33.0414 8.6362
      vertex 3.005 -32.6362 9.04138
      vertex 3.02258 -33.0417 8.63643
    endloop
  endfacet
  facet normal 0 -0.707107 -0.707107
    outer loop
      vertex 3 -35.9085 10.8308
      vertex 3.005 -35.9081 10.8304
      vertex 3.005 -35.9085 10.8308
    endloop
  endfacet
  facet normal -8.37366e-14 -0.707107 -0.707107
    outer loop
      vertex 3.005 -35.9081 10.8304
      vertex 3 -35.9085 10.8308
      vertex 3 -35.9079 10.8302
    endloop
  endfacet
  facet normal 0.629651 0.288986 0.721129
    outer loop
      vertex 3.00516 -35.9029 10.8373
      vertex 3.005 -35.9033 10.8376
      vertex 3.01011 -35.9057 10.8341
    endloop
  endfacet
  facet normal 0.306122 0.489796 0.816327
    outer loop
      vertex 3.005 -35.9033 10.8376
      vertex 3.00516 -35.9029 10.8373
      vertex 3.005 -35.9028 10.8373
    endloop
  endfacet
  facet normal 0.643837 0.385053 0.661217
    outer loop
      vertex 3.01166 -35.8978 10.828
      vertex 3.01012 -35.9057 10.8341
      vertex 3.905 -36.3248 10.2068
    endloop
  endfacet
  facet normal 0.303932 0.57998 0.75581
    outer loop
      vertex 3.905 -33.1984 8.40183
      vertex 3.02258 -33.0417 8.63643
      vertex 3.02258 -35.8419 10.7852
    endloop
  endfacet
  facet normal -0.57149 -0.685788 0.45066
    outer loop
      vertex 3.00012 -35.9057 10.8341
      vertex 3 -35.9033 10.8376
      vertex 3 -35.9056 10.8341
    endloop
  endfacet
  facet normal 0 -0.824729 0.565528
    outer loop
      vertex 3 -35.9033 10.8376
      vertex 3.00012 -35.9057 10.8341
      vertex 3.005 -35.9033 10.8376
    endloop
  endfacet
  facet normal 0 -0.824729 0.565528
    outer loop
      vertex 3.005 -35.9033 10.8376
      vertex 3.00012 -35.9057 10.8341
      vertex 3.01011 -35.9057 10.8341
    endloop
  endfacet
  facet normal -0.00877024 -0.837138 0.546922
    outer loop
      vertex 3.895 -36.3248 10.2068
      vertex 3.01012 -35.9057 10.8341
      vertex 3.00516 -35.908 10.8305
    endloop
  endfacet
  facet normal 0 -0.831499 0.555526
    outer loop
      vertex 3.01012 -35.9057 10.8341
      vertex 3.895 -36.3248 10.2068
      vertex 3.905 -36.3248 10.2068
    endloop
  endfacet
  facet normal 0.643764 0.382603 0.662709
    outer loop
      vertex 3.02258 -35.8419 10.7852
      vertex 3.905 -36.3248 10.2068
      vertex 3.905 -33.1984 8.40183
    endloop
  endfacet
  facet normal 0.643699 0.381981 0.66313
    outer loop
      vertex 3.905 -36.3248 10.2068
      vertex 3.02258 -35.8419 10.7852
      vertex 3.01166 -35.8978 10.828
    endloop
  endfacet
  facet normal 0.0842574 -0.768767 0.633955
    outer loop
      vertex 3.005 -35.9081 10.8304
      vertex 3.895 -36.3248 10.2068
      vertex 3.00516 -35.908 10.8305
    endloop
  endfacet
  facet normal -0.0545599 -0.864726 0.499272
    outer loop
      vertex 3.005 -36.6615 9.52553
      vertex 3.005 -35.9081 10.8304
      vertex 3 -35.9079 10.8302
    endloop
  endfacet
  facet normal -0.0550385 -0.864703 0.499258
    outer loop
      vertex 3.005 -35.9081 10.8304
      vertex 3.005 -36.6615 9.52553
      vertex 3.895 -36.3248 10.2068
    endloop
  endfacet
  facet normal -0.0588592 -0.864522 0.499137
    outer loop
      vertex 3.005 -36.6615 9.52553
      vertex 3 -35.9079 10.8302
      vertex 3 -36.6612 9.52546
    endloop
  endfacet
  facet normal 0.172352 -0.953767 0.246217
    outer loop
      vertex 3.895 -36.3248 10.2068
      vertex 3.005 -36.6615 9.52553
      vertex 3.0051 -36.6615 9.52546
    endloop
  endfacet
  facet normal 0 0 1
    outer loop
      vertex 3 -35.9056 10.8341
      vertex 3 -35.9057 10.8341
      vertex 3.00012 -35.9057 10.8341
    endloop
  endfacet
  facet normal 0 -1 0
    outer loop
      vertex 3 -36.6634 9.5216
      vertex 3 -36.6634 9.52156
      vertex 3.00005 -36.6634 9.5216
    endloop
  endfacet
  facet normal 0.0209079 0.86583 -0.499902
    outer loop
      vertex 3.02258 -33.3282 8.14011
      vertex 3.905 -33.1984 8.40183
      vertex 3.905 -33.2034 8.39317
    endloop
  endfacet
  facet normal 0 0.895874 -0.444309
    outer loop
      vertex 3.022 -33.3282 8.14011
      vertex 3.905 -33.1984 8.40183
      vertex 3.02258 -33.3282 8.14011
    endloop
  endfacet
  facet normal 0 0.895874 -0.444309
    outer loop
      vertex 3.905 -33.1984 8.40183
      vertex 3.022 -33.3282 8.14011
      vertex 3.02199 -33.3282 8.14011
    endloop
  endfacet
  facet normal 0.643722 -0.38263 -0.662734
    outer loop
      vertex 3.905 -36.3298 10.1982
      vertex 3.01855 -36.6132 9.5008
      vertex 3.905 -33.2034 8.39317
    endloop
  endfacet
  facet normal 0.643759 -0.382144 -0.662978
    outer loop
      vertex 3.905 -36.3298 10.1982
      vertex 3.01166 -36.6543 9.5178
      vertex 3.01855 -36.6132 9.5008
    endloop
  endfacet
  facet normal 0.647605 -0.401515 -0.647605
    outer loop
      vertex 3.00516 -36.6648 9.51758
      vertex 3.005 -36.6653 9.51773
      vertex 3.00514 -36.6648 9.51756
    endloop
  endfacet
  facet normal 0.64361 -0.385469 -0.661196
    outer loop
      vertex 3.01166 -36.6543 9.5178
      vertex 3.905 -36.3298 10.1982
      vertex 3.005 -36.6653 9.51773
    endloop
  endfacet
  facet normal 0.642406 -0.401417 -0.652824
    outer loop
      vertex 3.005 -36.6653 9.51773
      vertex 3.00516 -36.6648 9.51758
      vertex 3.01012 -36.6634 9.5216
    endloop
  endfacet
  facet normal -0.643163 0.385195 0.66179
    outer loop
      vertex 3.005 -36.6653 9.51773
      vertex 3.01012 -36.6634 9.5216
      vertex 3.01166 -36.6543 9.5178
    endloop
  endfacet
  facet normal 1 0 0
    outer loop
      vertex 3.905 -36.3248 10.2068
      vertex 3.905 -33.2034 8.39317
      vertex 3.905 -33.1984 8.40183
    endloop
  endfacet
  facet normal 1 0 0
    outer loop
      vertex 3.905 -33.2034 8.39317
      vertex 3.905 -36.3248 10.2068
      vertex 3.905 -36.3298 10.1982
    endloop
  endfacet
  facet normal 0.303974 -0.364575 -0.880162
    outer loop
      vertex 3.02258 -33.3282 8.14011
      vertex 3.905 -33.2034 8.39317
      vertex 3.02258 -36.5892 9.49086
    endloop
  endfacet
  facet normal 0.00894391 0.447196 0.894391
    outer loop
      vertex 3 -35.9033 10.8376
      vertex 3.005 -35.9028 10.8373
      vertex 3 -35.9025 10.8372
    endloop
  endfacet
  facet normal 0 0.514496 0.857493
    outer loop
      vertex 3.005 -35.9028 10.8373
      vertex 3 -35.9033 10.8376
      vertex 3.005 -35.9033 10.8376
    endloop
  endfacet
  facet normal 0 -0.864507 0.50262
    outer loop
      vertex 3.895 -36.3298 10.1982
      vertex 3.905 -36.3248 10.2068
      vertex 3.895 -36.3248 10.2068
    endloop
  endfacet
  facet normal 0 -0.864507 0.50262
    outer loop
      vertex 3.905 -36.3248 10.2068
      vertex 3.895 -36.3298 10.1982
      vertex 3.905 -36.3298 10.1982
    endloop
  endfacet
  facet normal -0.0576362 -0.86307 0.501785
    outer loop
      vertex 3.0051 -36.6615 9.52546
      vertex 3.895 -36.3298 10.1982
      vertex 3.895 -36.3248 10.2068
    endloop
  endfacet
  facet normal 0.186924 -0.956423 0.224309
    outer loop
      vertex 3.895 -36.3298 10.1982
      vertex 3.0051 -36.6615 9.52546
      vertex 3.00516 -36.6615 9.52541
    endloop
  endfacet
  facet normal -0.581914 -0.363696 0.727393
    outer loop
      vertex 3 -36.6635 9.52151
      vertex 3.00005 -36.6634 9.5216
      vertex 3 -36.6634 9.52156
    endloop
  endfacet
  facet normal 0 -0.668965 0.743294
    outer loop
      vertex 3.00005 -36.6634 9.5216
      vertex 3 -36.6635 9.52151
      vertex 3.00012 -36.6634 9.5216
    endloop
  endfacet
  facet normal -0.640184 0.768221 0
    outer loop
      vertex 3.00012 -36.6634 9.5216
      vertex 3 -36.6635 9.52151
      vertex 3.00012 -36.6634 9.52161
    endloop
  endfacet
  facet normal 0.366659 -0.839981 0.399991
    outer loop
      vertex 3 -36.6653 9.51773
      vertex 3.00012 -36.6634 9.52161
      vertex 3 -36.6635 9.52151
    endloop
  endfacet
  facet normal -0.00238084 -0.895662 0.44473
    outer loop
      vertex 3.01011 -36.6634 9.52161
      vertex 3.895 -36.3298 10.1982
      vertex 3.00516 -36.6615 9.52541
    endloop
  endfacet
  facet normal 0 -0.896903 0.442228
    outer loop
      vertex 3.895 -36.3298 10.1982
      vertex 3.01011 -36.6634 9.52161
      vertex 3.905 -36.3298 10.1982
    endloop
  endfacet
  facet normal 0 -0.8981 0.439791
    outer loop
      vertex 3.00012 -36.6634 9.52161
      vertex 3 -36.6653 9.51773
      vertex 3.005 -36.6653 9.51773
    endloop
  endfacet
  facet normal 0.497161 -0.831597 -0.247541
    outer loop
      vertex 3.01011 -36.6634 9.52161
      vertex 3.005 -36.6653 9.51773
      vertex 3.905 -36.3298 10.1982
    endloop
  endfacet
  facet normal 0 -0.8981 0.439791
    outer loop
      vertex 3.00012 -36.6634 9.52161
      vertex 3.005 -36.6653 9.51773
      vertex 3.01011 -36.6634 9.52161
    endloop
  endfacet
  facet normal 0 0.866024 -0.500002
    outer loop
      vertex 3.005 -33.0414 8.6362
      vertex 3.005 -33.3279 8.13997
      vertex 3 -33.0414 8.6362
    endloop
  endfacet
  facet normal 0 0.866024 -0.500002
    outer loop
      vertex 3 -33.0414 8.6362
      vertex 3.005 -33.3279 8.13997
      vertex 3 -33.3279 8.13997
    endloop
  endfacet
  facet normal 0.0208717 0.865864 -0.499844
    outer loop
      vertex 3.02199 -33.3282 8.14011
      vertex 3.02258 -33.0417 8.63643
      vertex 3.905 -33.1984 8.40183
    endloop
  endfacet
  facet normal 0.0213151 0.865856 -0.499839
    outer loop
      vertex 3.02258 -33.0417 8.63643
      vertex 3.02199 -33.3282 8.14011
      vertex 3.005 -33.0414 8.6362
    endloop
  endfacet
  facet normal 0.0194082 0.865861 -0.499908
    outer loop
      vertex 3.005 -33.0414 8.6362
      vertex 3.02199 -33.3282 8.14011
      vertex 3.005 -33.3279 8.13997
    endloop
  endfacet
  facet normal 0.595598 -0.403021 -0.694864
    outer loop
      vertex 3.00514 -36.6648 9.51756
      vertex 3.005 -36.6653 9.51773
      vertex 3.005 -36.6648 9.51744
    endloop
  endfacet
  facet normal 0.643405 -0.382645 -0.663033
    outer loop
      vertex 3.01855 -36.6132 9.5008
      vertex 3.02258 -36.5892 9.49086
      vertex 3.905 -33.2034 8.39317
    endloop
  endfacet
  facet normal 0 -0.501718 -0.865031
    outer loop
      vertex 3 -36.6653 9.51773
      vertex 3.005 -36.6648 9.51744
      vertex 3.005 -36.6653 9.51773
    endloop
  endfacet
  facet normal 0.0041122 -0.532167 -0.846629
    outer loop
      vertex 3.005 -36.6648 9.51744
      vertex 3 -36.6653 9.51773
      vertex 3 -36.6646 9.51729
    endloop
  endfacet
  facet normal 0.644417 0.20615 0.736362
    outer loop
      vertex 3.00516 -36.6615 9.52541
      vertex 3.005 -36.662 9.52569
      vertex 3.01011 -36.6634 9.52161
    endloop
  endfacet
  facet normal 0.624524 0.219832 0.749429
    outer loop
      vertex 3.0051 -36.6615 9.52546
      vertex 3.005 -36.662 9.52569
      vertex 3.00516 -36.6615 9.52541
    endloop
  endfacet
  facet normal 0.554718 0.253585 0.792454
    outer loop
      vertex 3.005 -36.662 9.52569
      vertex 3.0051 -36.6615 9.52546
      vertex 3.005 -36.6615 9.52553
    endloop
  endfacet
  facet normal 0.643769 0.199541 0.738745
    outer loop
      vertex 3.01166 -36.6543 9.5178
      vertex 3.01012 -36.6634 9.5216
      vertex 3.905 -36.9059 8.80727
    endloop
  endfacet
  facet normal 0.303961 0.364577 0.880166
    outer loop
      vertex 3.905 -33.4189 7.87294
      vertex 3.02258 -33.3282 8.14011
      vertex 3.02258 -36.5892 9.49086
    endloop
  endfacet
  facet normal 0 -1 0
    outer loop
      vertex 3 -36.6634 9.5217
      vertex 3.00012 -36.6634 9.5216
      vertex 3.00012 -36.6634 9.52161
    endloop
  endfacet
  facet normal 0.240997 -0.915788 0.321329
    outer loop
      vertex 3.00012 -36.6634 9.52161
      vertex 3 -36.662 9.52569
      vertex 3 -36.6634 9.5217
    endloop
  endfacet
  facet normal 0 -0.945865 0.324561
    outer loop
      vertex 3 -36.662 9.52569
      vertex 3.00012 -36.6634 9.52161
      vertex 3.005 -36.662 9.52569
    endloop
  endfacet
  facet normal 0 -0.945865 0.324561
    outer loop
      vertex 3.005 -36.662 9.52569
      vertex 3.00012 -36.6634 9.52161
      vertex 3.01011 -36.6634 9.52161
    endloop
  endfacet
  facet normal 0.00335783 -0.945644 0.325186
    outer loop
      vertex 3.895 -36.9059 8.80727
      vertex 3.01012 -36.6634 9.5216
      vertex 3.00516 -36.6648 9.51758
    endloop
  endfacet
  facet normal 0 -0.946923 0.32146
    outer loop
      vertex 3.01012 -36.6634 9.5216
      vertex 3.895 -36.9059 8.80727
      vertex 3.905 -36.9059 8.80727
    endloop
  endfacet
  facet normal 1 0 0
    outer loop
      vertex 3.905 -36.9059 8.80727
      vertex 3.905 -33.4215 7.86328
      vertex 3.905 -33.4189 7.87294
    endloop
  endfacet
  facet normal 1 0 0
    outer loop
      vertex 3.905 -33.4215 7.86328
      vertex 3.905 -36.9059 8.80727
      vertex 3.905 -36.9085 8.79762
    endloop
  endfacet
  facet normal 0.643717 0.198063 0.739189
    outer loop
      vertex 3.02258 -36.5892 9.49086
      vertex 3.905 -36.9059 8.80727
      vertex 3.905 -33.4189 7.87294
    endloop
  endfacet
  facet normal 0.643716 0.198057 0.739191
    outer loop
      vertex 3.01855 -36.6132 9.5008
      vertex 3.905 -36.9059 8.80727
      vertex 3.02258 -36.5892 9.49086
    endloop
  endfacet
  facet normal 0.643702 0.197864 0.739254
    outer loop
      vertex 3.905 -36.9059 8.80727
      vertex 3.01855 -36.6132 9.5008
      vertex 3.01166 -36.6543 9.5178
    endloop
  endfacet
  facet normal 0 -1 0
    outer loop
      vertex 3 -37.0557 8.05774
      vertex 3 -37.0557 8.0577
      vertex 3.00005 -37.0557 8.05775
    endloop
  endfacet
  facet normal 0 -1 0
    outer loop
      vertex 3 -36.6634 9.5217
      vertex 3.00005 -36.6634 9.5216
      vertex 3.00012 -36.6634 9.5216
    endloop
  endfacet
  facet normal 0 -1 0
    outer loop
      vertex 3.00005 -36.6634 9.5216
      vertex 3 -36.6634 9.5217
      vertex 3 -36.6634 9.5216
    endloop
  endfacet
  facet normal -0.147365 -0.978043 0.147365
    outer loop
      vertex 3.00514 -36.6648 9.51756
      vertex 3.895 -36.9059 8.80727
      vertex 3.00516 -36.6648 9.51758
    endloop
  endfacet
  facet normal -0.137144 -0.977544 0.160001
    outer loop
      vertex 3.005 -36.6648 9.51744
      vertex 3.895 -36.9059 8.80727
      vertex 3.00514 -36.6648 9.51756
    endloop
  endfacet
  facet normal -0.0463521 -0.964883 0.258559
    outer loop
      vertex 3.005 -37.0548 8.06205
      vertex 3.005 -36.6648 9.51744
      vertex 3 -36.6646 9.51729
    endloop
  endfacet
  facet normal -0.0578588 -0.964313 0.258367
    outer loop
      vertex 3.005 -37.0548 8.06205
      vertex 3 -36.6646 9.51729
      vertex 3 -37.0545 8.06205
    endloop
  endfacet
  facet normal -0.0550457 -0.964456 0.258445
    outer loop
      vertex 3.005 -36.6648 9.51744
      vertex 3.005 -37.0548 8.06205
      vertex 3.895 -36.9059 8.80727
    endloop
  endfacet
  facet normal 0.0810537 -0.991547 0.101317
    outer loop
      vertex 3.895 -36.9059 8.80727
      vertex 3.005 -37.0548 8.06205
      vertex 3.0051 -37.0548 8.06197
    endloop
  endfacet
  facet normal 0.0205586 0.965431 -0.259847
    outer loop
      vertex 3.905 -33.4215 7.86328
      vertex 3.02258 -33.3282 8.14011
      vertex 3.905 -33.4189 7.87294
    endloop
  endfacet
  facet normal 0 0.947627 -0.319379
    outer loop
      vertex 3.02258 -33.3282 8.14011
      vertex 3.905 -33.4215 7.86328
      vertex 3.022 -33.3282 8.14011
    endloop
  endfacet
  facet normal 0 0.965927 -0.258816
    outer loop
      vertex 3.005 -33.4762 7.5865
      vertex 3 -33.3279 8.13997
      vertex 3.005 -33.3279 8.13997
    endloop
  endfacet
  facet normal 0 0.965927 -0.258816
    outer loop
      vertex 3 -33.3279 8.13997
      vertex 3.005 -33.4762 7.5865
      vertex 3 -33.4762 7.5865
    endloop
  endfacet
  facet normal 0 0.965938 -0.258772
    outer loop
      vertex 3.02257 -33.4765 7.58654
      vertex 3.02199 -33.3282 8.14011
      vertex 3.022 -33.3282 8.14011
    endloop
  endfacet
  facet normal 0.0209378 0.965732 -0.258696
    outer loop
      vertex 3.02257 -33.4765 7.58654
      vertex 3.022 -33.3282 8.14011
      vertex 3.905 -33.4215 7.86328
    endloop
  endfacet
  facet normal 0.0191847 0.965766 -0.258706
    outer loop
      vertex 3.02199 -33.3282 8.14011
      vertex 3.02257 -33.4765 7.58654
      vertex 3.005 -33.3279 8.13997
    endloop
  endfacet
  facet normal 0.0170795 0.965786 -0.258778
    outer loop
      vertex 3.005 -33.3279 8.13997
      vertex 3.02257 -33.4765 7.58654
      vertex 3.005 -33.4762 7.5865
    endloop
  endfacet
  facet normal 0.643722 -0.198064 -0.739184
    outer loop
      vertex 3.905 -36.9085 8.79762
      vertex 3.01855 -37.0018 8.05065
      vertex 3.905 -33.4215 7.86328
    endloop
  endfacet
  facet normal 0.643723 -0.198048 -0.739187
    outer loop
      vertex 3.01855 -37.0018 8.05065
      vertex 3.905 -36.9085 8.79762
      vertex 3.01012 -37.0557 8.05775
    endloop
  endfacet
  facet normal 0.693329 -0.196443 -0.693329
    outer loop
      vertex 3.00516 -37.0559 8.05351
      vertex 3.005 -37.0565 8.05352
      vertex 3.00514 -37.0559 8.05349
    endloop
  endfacet
  facet normal 0.642864 -0.183824 -0.743596
    outer loop
      vertex 3.005 -37.0565 8.05352
      vertex 3.00516 -37.0559 8.05351
      vertex 3.01011 -37.0557 8.05774
    endloop
  endfacet
  facet normal 0.00312346 0.276306 0.961065
    outer loop
      vertex 3 -36.662 9.52569
      vertex 3.005 -36.6615 9.52553
      vertex 3 -36.6612 9.52546
    endloop
  endfacet
  facet normal 0 0.304776 0.952424
    outer loop
      vertex 3.005 -36.6615 9.52553
      vertex 3 -36.662 9.52569
      vertex 3.005 -36.662 9.52569
    endloop
  endfacet
  facet normal 0 -0.965567 0.260153
    outer loop
      vertex 3.895 -36.9085 8.79762
      vertex 3.905 -36.9059 8.80727
      vertex 3.895 -36.9059 8.80727
    endloop
  endfacet
  facet normal 0 -0.965567 0.260153
    outer loop
      vertex 3.905 -36.9059 8.80727
      vertex 3.895 -36.9085 8.79762
      vertex 3.905 -36.9085 8.79762
    endloop
  endfacet
  facet normal 0 -1 0
    outer loop
      vertex 3 -37.0557 8.05765
      vertex 3.00005 -37.0557 8.05775
      vertex 3 -37.0557 8.0577
    endloop
  endfacet
  facet normal 0 -1 -0
    outer loop
      vertex 3.00005 -37.0557 8.05775
      vertex 3 -37.0557 8.05765
      vertex 3.00012 -37.0557 8.05775
    endloop
  endfacet
  facet normal -0.0562307 -0.96404 0.259741
    outer loop
      vertex 3.0051 -37.0548 8.06197
      vertex 3.895 -36.9085 8.79762
      vertex 3.895 -36.9059 8.80727
    endloop
  endfacet
  facet normal 0.081853 -0.991792 0.0982236
    outer loop
      vertex 3.895 -36.9085 8.79762
      vertex 3.0051 -37.0548 8.06197
      vertex 3.00516 -37.0548 8.06192
    endloop
  endfacet
  facet normal 0 -1 0
    outer loop
      vertex 3 -37.0557 8.05765
      vertex 3.00012 -37.0557 8.05774
      vertex 3.00012 -37.0557 8.05775
    endloop
  endfacet
  facet normal -0.141198 -0.971915 0.188264
    outer loop
      vertex 3 -37.0565 8.05352
      vertex 3.00012 -37.0557 8.05774
      vertex 3 -37.0557 8.05765
    endloop
  endfacet
  facet normal 0 -0.982501 0.186256
    outer loop
      vertex 3.00012 -37.0557 8.05774
      vertex 3 -37.0565 8.05352
      vertex 3.005 -37.0565 8.05352
    endloop
  endfacet
  facet normal 0 -0.982501 0.186256
    outer loop
      vertex 3.00012 -37.0557 8.05774
      vertex 3.005 -37.0565 8.05352
      vertex 3.01011 -37.0557 8.05774
    endloop
  endfacet
  facet normal -0.00692594 -0.979136 0.203086
    outer loop
      vertex 3.01012 -37.0557 8.05775
      vertex 3.895 -36.9085 8.79762
      vertex 3.00516 -37.0548 8.06192
    endloop
  endfacet
  facet normal 0 -0.980777 0.195129
    outer loop
      vertex 3.895 -36.9085 8.79762
      vertex 3.01012 -37.0557 8.05775
      vertex 3.905 -36.9085 8.79762
    endloop
  endfacet
  facet normal 0.30396 -0.124348 -0.944535
    outer loop
      vertex 3.02258 -33.4765 7.58655
      vertex 3.905 -33.4215 7.86328
      vertex 3.02258 -36.976 8.04726
    endloop
  endfacet
  facet normal 0.0900659 -0.991855 -0.0900659
    outer loop
      vertex 3.905 -33.4215 7.86328
      vertex 3.02258 -33.4765 7.58655
      vertex 3.02257 -33.4765 7.58654
    endloop
  endfacet
  facet normal 0.641358 -0.197593 -0.741362
    outer loop
      vertex 3.905 -33.4215 7.86328
      vertex 3.01855 -37.0018 8.05065
      vertex 3.02258 -36.976 8.04726
    endloop
  endfacet
  facet normal 0.66782 -0.191784 -0.719191
    outer loop
      vertex 3.00514 -37.0559 8.05349
      vertex 3.005 -37.0565 8.05352
      vertex 3.005 -37.0559 8.05336
    endloop
  endfacet
  facet normal 0 -0.257663 -0.966235
    outer loop
      vertex 3 -37.0565 8.05352
      vertex 3.005 -37.0559 8.05336
      vertex 3.005 -37.0565 8.05352
    endloop
  endfacet
  facet normal 0.00240267 -0.276307 -0.961067
    outer loop
      vertex 3.005 -37.0559 8.05336
      vertex 3 -37.0565 8.05352
      vertex 3 -37.0557 8.05329
    endloop
  endfacet
  facet normal 0 -1 0
    outer loop
      vertex 3.895 -37.105 7.295
      vertex 3.905 -37.105 7.305
      vertex 3.895 -37.105 7.305
    endloop
  endfacet
  facet normal 0 -1 -0
    outer loop
      vertex 3.905 -37.105 7.305
      vertex 3.895 -37.105 7.295
      vertex 3.905 -37.105 7.295
    endloop
  endfacet
  facet normal 0.303974 0.124348 0.94453
    outer loop
      vertex 3.02258 -36.976 8.04726
      vertex 3.905 -33.495 7.305
      vertex 3.02258 -33.4765 7.58655
    endloop
  endfacet
  facet normal 0.624695 -0 0.780869
    outer loop
      vertex 3.005 -37.0554 8.06205
      vertex 3.0051 -37.0548 8.06197
      vertex 3.005 -37.0548 8.06205
    endloop
  endfacet
  facet normal 0.640179 -0.00426786 0.768214
    outer loop
      vertex 3.0051 -37.0548 8.06197
      vertex 3.005 -37.0554 8.06205
      vertex 3.00516 -37.0548 8.06192
    endloop
  endfacet
  facet normal 0.643714 0 0.765266
    outer loop
      vertex 3.02258 -36.976 8.04726
      vertex 3.905 -37.105 7.305
      vertex 3.905 -33.495 7.305
    endloop
  endfacet
  facet normal 0.643715 3.15488e-06 0.765266
    outer loop
      vertex 3.01855 -37.0018 8.05065
      vertex 3.905 -37.105 7.305
      vertex 3.02258 -36.976 8.04726
    endloop
  endfacet
  facet normal 0.643723 0.000125297 0.765259
    outer loop
      vertex 3.01012 -37.0557 8.05775
      vertex 3.905 -37.105 7.305
      vertex 3.01855 -37.0018 8.05065
    endloop
  endfacet
  facet normal 0.643519 -0.00576638 0.765409
    outer loop
      vertex 3.00516 -37.0548 8.06192
      vertex 3.005 -37.0554 8.06205
      vertex 3.905 -37.105 7.305
    endloop
  endfacet
  facet normal -0.643804 -0.0027155 -0.765186
    outer loop
      vertex 3.01012 -37.0557 8.05775
      vertex 3.00516 -37.0548 8.06192
      vertex 3.905 -37.105 7.305
    endloop
  endfacet
  facet normal 0.640179 -0.00426786 -0.768214
    outer loop
      vertex 3.005 -37.0554 6.53795
      vertex 3.0051 -37.0548 6.53803
      vertex 3.00516 -37.0548 6.53808
    endloop
  endfacet
  facet normal 0.624695 0 -0.780869
    outer loop
      vertex 3.0051 -37.0548 6.53803
      vertex 3.005 -37.0554 6.53795
      vertex 3.005 -37.0548 6.53795
    endloop
  endfacet
  facet normal 0.643714 0 -0.765266
    outer loop
      vertex 3.905 -37.105 7.295
      vertex 3.02258 -36.976 6.55274
      vertex 3.905 -33.495 7.295
    endloop
  endfacet
  facet normal 0.643715 3.15488e-06 -0.765266
    outer loop
      vertex 3.905 -37.105 7.295
      vertex 3.01855 -37.0018 6.54935
      vertex 3.02258 -36.976 6.55274
    endloop
  endfacet
  facet normal 0.643723 0.000125297 -0.765259
    outer loop
      vertex 3.905 -37.105 7.295
      vertex 3.01012 -37.0557 6.54225
      vertex 3.01855 -37.0018 6.54935
    endloop
  endfacet
  facet normal -0.627499 -0.27649 0.727872
    outer loop
      vertex 3.01012 -37.0557 6.54225
      vertex 3.905 -37.105 7.295
      vertex 3.005 -37.0554 6.53795
    endloop
  endfacet
  facet normal 0.642923 -0.00549885 -0.765911
    outer loop
      vertex 3.00516 -37.0548 6.53808
      vertex 3.01012 -37.0557 6.54225
      vertex 3.005 -37.0554 6.53795
    endloop
  endfacet
  facet normal 1 -0 0
    outer loop
      vertex 3.905 -37.105 7.305
      vertex 3.905 -33.495 7.295
      vertex 3.905 -33.495 7.305
    endloop
  endfacet
  facet normal 1 0 0
    outer loop
      vertex 3.905 -33.495 7.295
      vertex 3.905 -37.105 7.305
      vertex 3.905 -37.105 7.295
    endloop
  endfacet
  facet normal 0.065171 -0.995338 0.0710956
    outer loop
      vertex 3.00012 -37.0557 8.05774
      vertex 3 -37.0554 8.06205
      vertex 3 -37.0557 8.05785
    endloop
  endfacet
  facet normal 0 -0.997586 0.0694376
    outer loop
      vertex 3 -37.0554 8.06205
      vertex 3.00012 -37.0557 8.05774
      vertex 3.005 -37.0554 8.06205
    endloop
  endfacet
  facet normal 0 -0.997586 0.0694376
    outer loop
      vertex 3.01011 -37.0557 8.05774
      vertex 3.005 -37.0554 8.06205
      vertex 3.00012 -37.0557 8.05774
    endloop
  endfacet
  facet normal -0.00775153 -0.998385 0.0562759
    outer loop
      vertex 3.895 -37.105 7.305
      vertex 3.01011 -37.0557 8.05774
      vertex 3.00516 -37.0559 8.05351
    endloop
  endfacet
  facet normal 0.562998 -0.442097 0.698272
    outer loop
      vertex 3.01011 -37.0557 8.05774
      vertex 3.905 -37.105 7.305
      vertex 3.005 -37.0554 8.06205
    endloop
  endfacet
  facet normal 0 -0.997862 0.065354
    outer loop
      vertex 3.905 -37.105 7.305
      vertex 3.01011 -37.0557 8.05774
      vertex 3.895 -37.105 7.305
    endloop
  endfacet
  facet normal 0 0 1
    outer loop
      vertex 3 -37.0554 8.06205
      vertex 3.005 -37.0548 8.06205
      vertex 3 -37.0545 8.06205
    endloop
  endfacet
  facet normal 0 0 1
    outer loop
      vertex 3.005 -37.0548 8.06205
      vertex 3 -37.0554 8.06205
      vertex 3.005 -37.0554 8.06205
    endloop
  endfacet
  facet normal 0.303974 0.124348 -0.94453
    outer loop
      vertex 3.905 -33.495 7.295
      vertex 3.02258 -36.976 6.55274
      vertex 3.02258 -33.4765 7.01345
    endloop
  endfacet
  facet normal 0 -1 0
    outer loop
      vertex 3 -37.0557 8.05785
      vertex 3 -37.0557 8.05774
      vertex 3.00005 -37.0557 8.05775
    endloop
  endfacet
  facet normal 0 -1 0
    outer loop
      vertex 3.00012 -37.0557 8.05775
      vertex 3 -37.0557 8.05785
      vertex 3.00005 -37.0557 8.05775
    endloop
  endfacet
  facet normal 0 1 0
    outer loop
      vertex 3 -37.0557 8.05785
      vertex 3.00012 -37.0557 8.05775
      vertex 3.00012 -37.0557 8.05774
    endloop
  endfacet
  facet normal 0 -1 -0
    outer loop
      vertex 3.00005 -37.0557 6.54225
      vertex 3 -37.0557 6.54215
      vertex 3.00012 -37.0557 6.54225
    endloop
  endfacet
  facet normal 0 -1 0
    outer loop
      vertex 3 -37.0557 6.54215
      vertex 3.00005 -37.0557 6.54225
      vertex 3 -37.0557 6.54225
    endloop
  endfacet
  facet normal -0.0299423 -0.999103 0.0299423
    outer loop
      vertex 3.00514 -37.0559 8.05349
      vertex 3.895 -37.105 7.305
      vertex 3.00516 -37.0559 8.05351
    endloop
  endfacet
  facet normal -0.0289256 -0.999096 0.0311506
    outer loop
      vertex 3.005 -37.0559 8.05336
      vertex 3.895 -37.105 7.305
      vertex 3.00514 -37.0559 8.05349
    endloop
  endfacet
  facet normal -0.039968 -0.999201 0
    outer loop
      vertex 3.005 -37.0559 6.54664
      vertex 3.005 -37.0559 8.05336
      vertex 3 -37.0557 8.05329
    endloop
  endfacet
  facet normal -0.0550848 -0.998482 0
    outer loop
      vertex 3.005 -37.0559 8.05336
      vertex 3.895 -37.105 7.295
      vertex 3.895 -37.105 7.305
    endloop
  endfacet
  facet normal -0.039968 -0.999201 0
    outer loop
      vertex 3.005 -37.0559 6.54664
      vertex 3 -37.0557 8.05329
      vertex 3 -37.0557 6.54671
    endloop
  endfacet
  facet normal -0.0550848 -0.998482 -0
    outer loop
      vertex 3.005 -37.0559 8.05336
      vertex 3.005 -37.0559 6.54664
      vertex 3.895 -37.105 7.295
    endloop
  endfacet
  facet normal -0.0289256 -0.999096 -0.0311506
    outer loop
      vertex 3.00514 -37.0559 6.54651
      vertex 3.895 -37.105 7.295
      vertex 3.005 -37.0559 6.54664
    endloop
  endfacet
  facet normal -0.0299423 -0.999103 -0.0299423
    outer loop
      vertex 3.895 -37.105 7.295
      vertex 3.00514 -37.0559 6.54651
      vertex 3.00516 -37.0559 6.54649
    endloop
  endfacet
  facet normal 0.0592682 -0.995705 -0.0711218
    outer loop
      vertex 3 -37.0554 6.53795
      vertex 3.00012 -37.0557 6.54225
      vertex 3 -37.0557 6.54215
    endloop
  endfacet
  facet normal -0.00780789 -0.998388 -0.0562091
    outer loop
      vertex 3.01011 -37.0557 6.54225
      vertex 3.895 -37.105 7.295
      vertex 3.00516 -37.0559 6.54649
    endloop
  endfacet
  facet normal 0 -0.997862 -0.0653532
    outer loop
      vertex 3.895 -37.105 7.295
      vertex 3.01011 -37.0557 6.54225
      vertex 3.905 -37.105 7.295
    endloop
  endfacet
  facet normal 0 -0.997575 -0.0695983
    outer loop
      vertex 3.00012 -37.0557 6.54225
      vertex 3 -37.0554 6.53795
      vertex 3.005 -37.0554 6.53795
    endloop
  endfacet
  facet normal 0.640012 -0.0682109 -0.765331
    outer loop
      vertex 3.01011 -37.0557 6.54225
      vertex 3.005 -37.0554 6.53795
      vertex 3.905 -37.105 7.295
    endloop
  endfacet
  facet normal 0 -0.997575 -0.0695983
    outer loop
      vertex 3.00012 -37.0557 6.54225
      vertex 3.005 -37.0554 6.53795
      vertex 3.01011 -37.0557 6.54225
    endloop
  endfacet
  facet normal 0 1 -0
    outer loop
      vertex 3.005 -33.4762 7.0135
      vertex 3 -33.4762 7.5865
      vertex 3.005 -33.4762 7.5865
    endloop
  endfacet
  facet normal 0 1 0
    outer loop
      vertex 3 -33.4762 7.5865
      vertex 3.005 -33.4762 7.0135
      vertex 3 -33.4762 7.0135
    endloop
  endfacet
  facet normal 0.0209605 0.99978 -0
    outer loop
      vertex 3.02258 -33.4765 7.01345
      vertex 3.02258 -33.4765 7.58655
      vertex 3.905 -33.495 7.305
    endloop
  endfacet
  facet normal 0 1 0
    outer loop
      vertex 3.02258 -33.4765 7.58655
      vertex 3.02258 -33.4765 7.01345
      vertex 3.02257 -33.4765 7.58654
    endloop
  endfacet
  facet normal 0.0209605 0.99978 0
    outer loop
      vertex 3.02258 -33.4765 7.01345
      vertex 3.905 -33.495 7.305
      vertex 3.905 -33.495 7.295
    endloop
  endfacet
  facet normal 0 1 0
    outer loop
      vertex 3.02257 -33.4765 7.01345
      vertex 3.02257 -33.4765 7.58654
      vertex 3.02258 -33.4765 7.01345
    endloop
  endfacet
  facet normal 0.0170721 0.999854 0
    outer loop
      vertex 3.005 -33.4762 7.5865
      vertex 3.02257 -33.4765 7.01345
      vertex 3.005 -33.4762 7.0135
    endloop
  endfacet
  facet normal 0.0170721 0.999854 0
    outer loop
      vertex 3.02257 -33.4765 7.58654
      vertex 3.02257 -33.4765 7.01345
      vertex 3.005 -33.4762 7.5865
    endloop
  endfacet
  facet normal 0 0 -1
    outer loop
      vertex 3 -37.0554 6.53795
      vertex 3.005 -37.0548 6.53795
      vertex 3.005 -37.0554 6.53795
    endloop
  endfacet
  facet normal -0 0 -1
    outer loop
      vertex 3.005 -37.0548 6.53795
      vertex 3 -37.0554 6.53795
      vertex 3 -37.0545 6.53795
    endloop
  endfacet
  facet normal 0.641358 -0.197593 0.741362
    outer loop
      vertex 3.02258 -36.976 6.55274
      vertex 3.01855 -37.0018 6.54935
      vertex 3.905 -33.4215 6.73672
    endloop
  endfacet
  facet normal 0.66782 -0.191784 0.719191
    outer loop
      vertex 3.005 -37.0559 6.54664
      vertex 3.005 -37.0565 6.54648
      vertex 3.00514 -37.0559 6.54651
    endloop
  endfacet
  facet normal 0 0.980816 0.194937
    outer loop
      vertex 3.905 -33.4215 6.73672
      vertex 3.02257 -33.4765 7.01345
      vertex 3.02258 -33.4765 7.01345
    endloop
  endfacet
  facet normal 0.30396 -0.124348 0.944535
    outer loop
      vertex 3.905 -33.4215 6.73672
      vertex 3.02258 -33.4765 7.01345
      vertex 3.02258 -36.976 6.55274
    endloop
  endfacet
  facet normal 0.643769 0.199541 -0.738745
    outer loop
      vertex 3.905 -36.9059 5.79273
      vertex 3.01012 -36.6634 5.0784
      vertex 3.01166 -36.6543 5.0822
    endloop
  endfacet
  facet normal 0.644417 0.20615 -0.736362
    outer loop
      vertex 3.005 -36.662 5.07431
      vertex 3.00516 -36.6615 5.07459
      vertex 3.01011 -36.6634 5.07839
    endloop
  endfacet
  facet normal 0.624524 0.219832 -0.749429
    outer loop
      vertex 3.005 -36.662 5.07431
      vertex 3.0051 -36.6615 5.07454
      vertex 3.00516 -36.6615 5.07459
    endloop
  endfacet
  facet normal 0.554718 0.253585 -0.792454
    outer loop
      vertex 3.0051 -36.6615 5.07454
      vertex 3.005 -36.662 5.07431
      vertex 3.005 -36.6615 5.07447
    endloop
  endfacet
  facet normal 0.0205586 0.965431 0.259847
    outer loop
      vertex 3.02258 -33.3282 6.45989
      vertex 3.905 -33.4215 6.73672
      vertex 3.905 -33.4189 6.72706
    endloop
  endfacet
  facet normal 0 0.947627 0.319379
    outer loop
      vertex 3.905 -33.4215 6.73672
      vertex 3.02258 -33.3282 6.45989
      vertex 3.022 -33.3282 6.45989
    endloop
  endfacet
  facet normal 1 0 0
    outer loop
      vertex 3.905 -33.4215 6.73672
      vertex 3.905 -36.9059 5.79273
      vertex 3.905 -33.4189 6.72706
    endloop
  endfacet
  facet normal 1 0 -0
    outer loop
      vertex 3.905 -36.9059 5.79273
      vertex 3.905 -33.4215 6.73672
      vertex 3.905 -36.9085 5.80239
    endloop
  endfacet
  facet normal 0.0818536 -0.991792 -0.0982243
    outer loop
      vertex 3.0051 -37.0548 6.53803
      vertex 3.895 -36.9085 5.80239
      vertex 3.00516 -37.0548 6.53808
    endloop
  endfacet
  facet normal -0.0560101 -0.964119 -0.259494
    outer loop
      vertex 3.895 -36.9085 5.80239
      vertex 3.0051 -37.0548 6.53803
      vertex 3.895 -36.9059 5.79273
    endloop
  endfacet
  facet normal 0 -1 0
    outer loop
      vertex 3.00005 -37.0557 6.54225
      vertex 3 -37.0557 6.54235
      vertex 3 -37.0557 6.5423
    endloop
  endfacet
  facet normal 0 -1 0
    outer loop
      vertex 3 -37.0557 6.54235
      vertex 3.00005 -37.0557 6.54225
      vertex 3.00012 -37.0557 6.54225
    endloop
  endfacet
  facet normal 0.643717 -0.198063 0.739188
    outer loop
      vertex 3.01855 -37.0018 6.54935
      vertex 3.905 -36.9085 5.80239
      vertex 3.905 -33.4215 6.73672
    endloop
  endfacet
  facet normal 0.643718 -0.198048 0.739191
    outer loop
      vertex 3.905 -36.9085 5.80239
      vertex 3.01855 -37.0018 6.54935
      vertex 3.01012 -37.0557 6.54225
    endloop
  endfacet
  facet normal 0.643706 -0.184035 0.742815
    outer loop
      vertex 3.00516 -37.0559 6.54649
      vertex 3.005 -37.0565 6.54648
      vertex 3.01011 -37.0557 6.54225
    endloop
  endfacet
  facet normal 0.693329 -0.196443 0.693329
    outer loop
      vertex 3.005 -37.0565 6.54648
      vertex 3.00516 -37.0559 6.54649
      vertex 3.00514 -37.0559 6.54651
    endloop
  endfacet
  facet normal -0.00692479 -0.979136 -0.203088
    outer loop
      vertex 3.895 -36.9085 5.80239
      vertex 3.01012 -37.0557 6.54225
      vertex 3.00516 -37.0548 6.53808
    endloop
  endfacet
  facet normal 0 -0.980777 -0.195132
    outer loop
      vertex 3.01012 -37.0557 6.54225
      vertex 3.895 -36.9085 5.80239
      vertex 3.905 -36.9085 5.80239
    endloop
  endfacet
  facet normal -0.156522 -0.969651 -0.187826
    outer loop
      vertex 3.00012 -37.0557 6.54225
      vertex 3 -37.0565 6.54648
      vertex 3 -37.0557 6.54235
    endloop
  endfacet
  facet normal 0 -0.982582 -0.185831
    outer loop
      vertex 3 -37.0565 6.54648
      vertex 3.00012 -37.0557 6.54225
      vertex 3.005 -37.0565 6.54648
    endloop
  endfacet
  facet normal 0 -0.982582 -0.185831
    outer loop
      vertex 3.005 -37.0565 6.54648
      vertex 3.00012 -37.0557 6.54225
      vertex 3.01011 -37.0557 6.54225
    endloop
  endfacet
  facet normal 0 -1 0
    outer loop
      vertex 3.00005 -37.0557 6.54225
      vertex 3 -37.0557 6.5423
      vertex 3 -37.0557 6.54225
    endloop
  endfacet
  facet normal 0 -1 0
    outer loop
      vertex 3 -36.6634 5.0783
      vertex 3.00005 -36.6634 5.0784
      vertex 3 -36.6634 5.0784
    endloop
  endfacet
  facet normal 0 -1 -0
    outer loop
      vertex 3.00005 -36.6634 5.0784
      vertex 3 -36.6634 5.0783
      vertex 3.00012 -36.6634 5.0784
    endloop
  endfacet
  facet normal -0.0578588 -0.964313 -0.258367
    outer loop
      vertex 3 -36.6646 5.08271
      vertex 3.005 -37.0548 6.53795
      vertex 3 -37.0545 6.53795
    endloop
  endfacet
  facet normal -0.0463521 -0.964883 -0.258559
    outer loop
      vertex 3.005 -37.0548 6.53795
      vertex 3 -36.6646 5.08271
      vertex 3.005 -36.6648 5.08256
    endloop
  endfacet
  facet normal -0.0550457 -0.964456 -0.258445
    outer loop
      vertex 3.005 -37.0548 6.53795
      vertex 3.005 -36.6648 5.08256
      vertex 3.895 -36.9059 5.79273
    endloop
  endfacet
  facet normal -0.137144 -0.977544 -0.160001
    outer loop
      vertex 3.00514 -36.6648 5.08244
      vertex 3.895 -36.9059 5.79273
      vertex 3.005 -36.6648 5.08256
    endloop
  endfacet
  facet normal -0.147365 -0.978043 -0.147365
    outer loop
      vertex 3.895 -36.9059 5.79273
      vertex 3.00514 -36.6648 5.08244
      vertex 3.00516 -36.6648 5.08242
    endloop
  endfacet
  facet normal 0.0810537 -0.991547 -0.101317
    outer loop
      vertex 3.0051 -37.0548 6.53803
      vertex 3.005 -37.0548 6.53795
      vertex 3.895 -36.9059 5.79273
    endloop
  endfacet
  facet normal 0.00240267 -0.276307 0.961067
    outer loop
      vertex 3 -37.0565 6.54648
      vertex 3.005 -37.0559 6.54664
      vertex 3 -37.0557 6.54671
    endloop
  endfacet
  facet normal 0 -0.257663 0.966235
    outer loop
      vertex 3.005 -37.0559 6.54664
      vertex 3 -37.0565 6.54648
      vertex 3.005 -37.0565 6.54648
    endloop
  endfacet
  facet normal 0 -0.965635 -0.259902
    outer loop
      vertex 3.895 -36.9059 5.79273
      vertex 3.905 -36.9085 5.80239
      vertex 3.895 -36.9085 5.80239
    endloop
  endfacet
  facet normal 0 -0.965635 -0.259902
    outer loop
      vertex 3.905 -36.9085 5.80239
      vertex 3.895 -36.9059 5.79273
      vertex 3.905 -36.9059 5.79273
    endloop
  endfacet
  facet normal 0.643717 0.198063 -0.739189
    outer loop
      vertex 3.905 -36.9059 5.79273
      vertex 3.02258 -36.5892 5.10914
      vertex 3.905 -33.4189 6.72706
    endloop
  endfacet
  facet normal 0.643716 0.198057 -0.739191
    outer loop
      vertex 3.905 -36.9059 5.79273
      vertex 3.01855 -36.6132 5.0992
      vertex 3.02258 -36.5892 5.10914
    endloop
  endfacet
  facet normal 0.643702 0.197864 -0.739254
    outer loop
      vertex 3.01855 -36.6132 5.0992
      vertex 3.905 -36.9059 5.79273
      vertex 3.01166 -36.6543 5.0822
    endloop
  endfacet
  facet normal 0.303961 0.364577 -0.880166
    outer loop
      vertex 3.905 -33.4189 6.72706
      vertex 3.02258 -36.5892 5.10914
      vertex 3.02258 -33.3282 6.45989
    endloop
  endfacet
  facet normal 0 -1 0
    outer loop
      vertex 3 -36.6634 5.0783
      vertex 3.00012 -36.6634 5.07839
      vertex 3.00012 -36.6634 5.0784
    endloop
  endfacet
  facet normal 0.240997 -0.915788 -0.321329
    outer loop
      vertex 3 -36.662 5.07431
      vertex 3.00012 -36.6634 5.07839
      vertex 3 -36.6634 5.0783
    endloop
  endfacet
  facet normal 0 -0.945865 -0.324561
    outer loop
      vertex 3.00012 -36.6634 5.07839
      vertex 3 -36.662 5.07431
      vertex 3.005 -36.662 5.07431
    endloop
  endfacet
  facet normal 0 -0.945865 -0.324561
    outer loop
      vertex 3.00012 -36.6634 5.07839
      vertex 3.005 -36.662 5.07431
      vertex 3.01011 -36.6634 5.07839
    endloop
  endfacet
  facet normal 0.00335783 -0.945644 -0.325186
    outer loop
      vertex 3.01012 -36.6634 5.0784
      vertex 3.895 -36.9059 5.79273
      vertex 3.00516 -36.6648 5.08242
    endloop
  endfacet
  facet normal 0 -0.946923 -0.32146
    outer loop
      vertex 3.895 -36.9059 5.79273
      vertex 3.01012 -36.6634 5.0784
      vertex 3.905 -36.9059 5.79273
    endloop
  endfacet
  facet normal 0 0.965927 0.258816
    outer loop
      vertex 3.005 -33.3279 6.46003
      vertex 3 -33.4762 7.0135
      vertex 3.005 -33.4762 7.0135
    endloop
  endfacet
  facet normal 0 0.965927 0.258816
    outer loop
      vertex 3 -33.4762 7.0135
      vertex 3.005 -33.3279 6.46003
      vertex 3 -33.3279 6.46003
    endloop
  endfacet
  facet normal 0.0209363 0.965731 0.2587
    outer loop
      vertex 3.022 -33.3282 6.45989
      vertex 3.02257 -33.4765 7.01345
      vertex 3.905 -33.4215 6.73672
    endloop
  endfacet
  facet normal -0 0.965937 0.258777
    outer loop
      vertex 3.02199 -33.3282 6.45989
      vertex 3.02257 -33.4765 7.01345
      vertex 3.022 -33.3282 6.45989
    endloop
  endfacet
  facet normal 0.0172268 0.965798 0.258722
    outer loop
      vertex 3.02257 -33.4765 7.01345
      vertex 3.02199 -33.3282 6.45989
      vertex 3.005 -33.4762 7.0135
    endloop
  endfacet
  facet normal 0.0191849 0.965749 0.258768
    outer loop
      vertex 3.005 -33.4762 7.0135
      vertex 3.02199 -33.3282 6.45989
      vertex 3.005 -33.3279 6.46003
    endloop
  endfacet
  facet normal 0 0.304776 -0.952424
    outer loop
      vertex 3 -36.662 5.07431
      vertex 3.005 -36.6615 5.07447
      vertex 3.005 -36.662 5.07431
    endloop
  endfacet
  facet normal 0.00312346 0.276306 -0.961065
    outer loop
      vertex 3.005 -36.6615 5.07447
      vertex 3 -36.662 5.07431
      vertex 3 -36.6612 5.07454
    endloop
  endfacet
  facet normal 0.643405 -0.382645 0.663033
    outer loop
      vertex 3.02258 -36.5892 5.10914
      vertex 3.01855 -36.6132 5.0992
      vertex 3.905 -33.2034 6.20683
    endloop
  endfacet
  facet normal 0.595598 -0.403021 0.694864
    outer loop
      vertex 3.005 -36.6648 5.08256
      vertex 3.005 -36.6653 5.08227
      vertex 3.00514 -36.6648 5.08244
    endloop
  endfacet
  facet normal 0.303974 -0.364575 0.880162
    outer loop
      vertex 3.905 -33.2034 6.20683
      vertex 3.02258 -33.3282 6.45989
      vertex 3.02258 -36.5892 5.10914
    endloop
  endfacet
  facet normal 0.643681 0.381673 -0.663326
    outer loop
      vertex 3.905 -36.3248 4.39317
      vertex 3.01012 -35.9057 3.76594
      vertex 3.01166 -35.8978 3.77198
    endloop
  endfacet
  facet normal 0.645081 0.395664 -0.653697
    outer loop
      vertex 3.005 -35.9033 3.76235
      vertex 3.00516 -35.9029 3.76275
      vertex 3.01011 -35.9057 3.76594
    endloop
  endfacet
  facet normal 0.650945 0.390567 -0.650945
    outer loop
      vertex 3.00516 -35.9029 3.76275
      vertex 3.005 -35.9033 3.76235
      vertex 3.005 -35.9028 3.76265
    endloop
  endfacet
  facet normal 0 0.866024 0.500002
    outer loop
      vertex 3.005 -33.0414 5.9638
      vertex 3 -33.3279 6.46003
      vertex 3.005 -33.3279 6.46003
    endloop
  endfacet
  facet normal 0 0.866024 0.500002
    outer loop
      vertex 3 -33.3279 6.46003
      vertex 3.005 -33.0414 5.9638
      vertex 3 -33.0414 5.9638
    endloop
  endfacet
  facet normal 1 0 0
    outer loop
      vertex 3.905 -33.2034 6.20683
      vertex 3.905 -36.3248 4.39317
      vertex 3.905 -33.1984 6.19817
    endloop
  endfacet
  facet normal 1 0 -0
    outer loop
      vertex 3.905 -36.3248 4.39317
      vertex 3.905 -33.2034 6.20683
      vertex 3.905 -36.3298 4.40183
    endloop
  endfacet
  facet normal 0.186928 -0.956421 -0.224313
    outer loop
      vertex 3.0051 -36.6615 5.07454
      vertex 3.895 -36.3298 4.40183
      vertex 3.00516 -36.6615 5.07459
    endloop
  endfacet
  facet normal -0.0550953 -0.864704 -0.499252
    outer loop
      vertex 3.895 -36.3298 4.40183
      vertex 3.0051 -36.6615 5.07454
      vertex 3.895 -36.3248 4.39317
    endloop
  endfacet
  facet normal -0.581914 -0.363696 -0.727393
    outer loop
      vertex 3.00005 -36.6634 5.0784
      vertex 3 -36.6635 5.07849
      vertex 3 -36.6634 5.07844
    endloop
  endfacet
  facet normal -0 -0.668965 -0.743294
    outer loop
      vertex 3.00012 -36.6634 5.0784
      vertex 3 -36.6635 5.07849
      vertex 3.00005 -36.6634 5.0784
    endloop
  endfacet
  facet normal -0.640184 0.768221 0
    outer loop
      vertex 3 -36.6635 5.07849
      vertex 3.00012 -36.6634 5.0784
      vertex 3.00012 -36.6634 5.07839
    endloop
  endfacet
  facet normal 0.303932 0.579973 -0.755815
    outer loop
      vertex 3.02258 -35.8419 3.81484
      vertex 3.02258 -33.0417 5.96357
      vertex 3.905 -33.1984 6.19817
    endloop
  endfacet
  facet normal 0.64371 -0.38263 0.662746
    outer loop
      vertex 3.01855 -36.6132 5.0992
      vertex 3.905 -36.3298 4.40183
      vertex 3.905 -33.2034 6.20683
    endloop
  endfacet
  facet normal 0.643746 -0.382147 0.662989
    outer loop
      vertex 3.01166 -36.6543 5.0822
      vertex 3.905 -36.3298 4.40183
      vertex 3.01855 -36.6132 5.0992
    endloop
  endfacet
  facet normal 0.647605 -0.401515 0.647605
    outer loop
      vertex 3.005 -36.6653 5.08227
      vertex 3.00516 -36.6648 5.08242
      vertex 3.00514 -36.6648 5.08244
    endloop
  endfacet
  facet normal 0.642406 -0.401417 0.652824
    outer loop
      vertex 3.01012 -36.6634 5.0784
      vertex 3.00516 -36.6648 5.08242
      vertex 3.005 -36.6653 5.08227
    endloop
  endfacet
  facet normal 0.643614 -0.385109 0.661402
    outer loop
      vertex 3.905 -36.3298 4.40183
      vertex 3.01166 -36.6543 5.0822
      vertex 3.01012 -36.6634 5.0784
    endloop
  endfacet
  facet normal -0.579354 -0.0890383 -0.810198
    outer loop
      vertex 3.01012 -36.6634 5.0784
      vertex 3.005 -36.6653 5.08227
      vertex 3.905 -36.3298 4.40183
    endloop
  endfacet
  facet normal 0.366659 -0.839981 -0.399991
    outer loop
      vertex 3.00012 -36.6634 5.07839
      vertex 3 -36.6653 5.08227
      vertex 3 -36.6635 5.07849
    endloop
  endfacet
  facet normal 0 -0.8981 -0.439791
    outer loop
      vertex 3 -36.6653 5.08227
      vertex 3.00012 -36.6634 5.07839
      vertex 3.005 -36.6653 5.08227
    endloop
  endfacet
  facet normal -0 -0.8981 -0.439791
    outer loop
      vertex 3.01011 -36.6634 5.07839
      vertex 3.005 -36.6653 5.08227
      vertex 3.00012 -36.6634 5.07839
    endloop
  endfacet
  facet normal -0.00237328 -0.895658 -0.444737
    outer loop
      vertex 3.895 -36.3298 4.40183
      vertex 3.01011 -36.6634 5.07839
      vertex 3.00516 -36.6615 5.07459
    endloop
  endfacet
  facet normal 0.496019 -0.832915 0.245391
    outer loop
      vertex 3.01011 -36.6634 5.07839
      vertex 3.905 -36.3298 4.40183
      vertex 3.005 -36.6653 5.08227
    endloop
  endfacet
  facet normal -0 -0.896895 -0.442243
    outer loop
      vertex 3.905 -36.3298 4.40183
      vertex 3.01011 -36.6634 5.07839
      vertex 3.895 -36.3298 4.40183
    endloop
  endfacet
  facet normal 0 -1 0
    outer loop
      vertex 3.00005 -36.6634 5.0784
      vertex 3 -36.6634 5.07844
      vertex 3 -36.6634 5.0784
    endloop
  endfacet
  facet normal -0 -0.624695 -0.780869
    outer loop
      vertex 3.00012 -35.9057 3.76594
      vertex 3 -35.9057 3.76594
      vertex 3 -35.9056 3.76586
    endloop
  endfacet
  facet normal -0.0588592 -0.864522 -0.499137
    outer loop
      vertex 3 -35.9079 3.7698
      vertex 3.005 -36.6615 5.07447
      vertex 3 -36.6612 5.07454
    endloop
  endfacet
  facet normal -0.0545599 -0.864726 -0.499272
    outer loop
      vertex 3.005 -36.6615 5.07447
      vertex 3 -35.9079 3.7698
      vertex 3.005 -35.9081 3.7696
    endloop
  endfacet
  facet normal -0.0550553 -0.864702 -0.499258
    outer loop
      vertex 3.005 -36.6615 5.07447
      vertex 3.005 -35.9081 3.7696
      vertex 3.895 -36.3248 4.39317
    endloop
  endfacet
  facet normal 0.0477031 -0.797709 -0.601153
    outer loop
      vertex 3.895 -36.3248 4.39317
      vertex 3.005 -35.9081 3.7696
      vertex 3.00516 -35.908 3.76948
    endloop
  endfacet
  facet normal 0.172348 -0.953769 -0.246212
    outer loop
      vertex 3.0051 -36.6615 5.07454
      vertex 3.005 -36.6615 5.07447
      vertex 3.895 -36.3248 4.39317
    endloop
  endfacet
  facet normal 0 0 0
    outer loop
      vertex 3.02258 -33.3282 6.45989
      vertex 3.02199 -33.3282 6.45989
      vertex 3.022 -33.3282 6.45989
    endloop
  endfacet
  facet normal 0.0209079 0.86583 0.499902
    outer loop
      vertex 3.905 -33.1984 6.19817
      vertex 3.02258 -33.3282 6.45989
      vertex 3.905 -33.2034 6.20683
    endloop
  endfacet
  facet normal 0 0.895874 0.444309
    outer loop
      vertex 3.02258 -33.3282 6.45989
      vertex 3.905 -33.1984 6.19817
      vertex 3.02199 -33.3282 6.45989
    endloop
  endfacet
  facet normal 0.0041122 -0.532167 0.846629
    outer loop
      vertex 3 -36.6653 5.08227
      vertex 3.005 -36.6648 5.08256
      vertex 3 -36.6646 5.08271
    endloop
  endfacet
  facet normal 0 -0.501718 0.865031
    outer loop
      vertex 3.005 -36.6648 5.08256
      vertex 3 -36.6653 5.08227
      vertex 3.005 -36.6653 5.08227
    endloop
  endfacet
  facet normal 0 -0.866019 -0.500011
    outer loop
      vertex 3.895 -36.3248 4.39317
      vertex 3.905 -36.3298 4.40183
      vertex 3.895 -36.3298 4.40183
    endloop
  endfacet
  facet normal 0 -0.866019 -0.500011
    outer loop
      vertex 3.905 -36.3298 4.40183
      vertex 3.895 -36.3248 4.39317
      vertex 3.905 -36.3248 4.39317
    endloop
  endfacet
  facet normal 0.643733 0.382621 -0.662728
    outer loop
      vertex 3.905 -36.3248 4.39317
      vertex 3.02258 -35.8419 3.81484
      vertex 3.905 -33.1984 6.19817
    endloop
  endfacet
  facet normal 0.643717 0.382463 -0.662835
    outer loop
      vertex 3.02258 -35.8419 3.81484
      vertex 3.905 -36.3248 4.39317
      vertex 3.01166 -35.8978 3.77198
    endloop
  endfacet
  facet normal 0.0208717 0.865864 0.499844
    outer loop
      vertex 3.02258 -33.0417 5.96357
      vertex 3.02199 -33.3282 6.45989
      vertex 3.905 -33.1984 6.19817
    endloop
  endfacet
  facet normal 0.0194082 0.865861 0.499908
    outer loop
      vertex 3.02199 -33.3282 6.45989
      vertex 3.005 -33.0414 5.9638
      vertex 3.005 -33.3279 6.46003
    endloop
  endfacet
  facet normal 0.0213151 0.865856 0.499839
    outer loop
      vertex 3.005 -33.0414 5.9638
      vertex 3.02199 -33.3282 6.45989
      vertex 3.02258 -33.0417 5.96357
    endloop
  endfacet
  facet normal -0.314773 -0.793906 -0.520223
    outer loop
      vertex 3 -35.9033 3.76235
      vertex 3.00012 -35.9057 3.76594
      vertex 3 -35.9056 3.76586
    endloop
  endfacet
  facet normal 0 -0.831337 -0.555769
    outer loop
      vertex 3.00012 -35.9057 3.76594
      vertex 3 -35.9033 3.76235
      vertex 3.005 -35.9033 3.76235
    endloop
  endfacet
  facet normal 0 -0.831337 -0.555769
    outer loop
      vertex 3.00012 -35.9057 3.76594
      vertex 3.005 -35.9033 3.76235
      vertex 3.01011 -35.9057 3.76594
    endloop
  endfacet
  facet normal -0.00548135 -0.835013 -0.550203
    outer loop
      vertex 3.01012 -35.9057 3.76594
      vertex 3.895 -36.3248 4.39317
      vertex 3.00516 -35.908 3.76948
    endloop
  endfacet
  facet normal 0 -0.831471 -0.555569
    outer loop
      vertex 3.895 -36.3248 4.39317
      vertex 3.01012 -35.9057 3.76594
      vertex 3.905 -36.3248 4.39317
    endloop
  endfacet
  facet normal 0 0.514496 -0.857493
    outer loop
      vertex 3 -35.9033 3.76235
      vertex 3.005 -35.9028 3.76265
      vertex 3.005 -35.9033 3.76235
    endloop
  endfacet
  facet normal 0.00438104 0.481914 -0.876207
    outer loop
      vertex 3.005 -35.9028 3.76265
      vertex 3 -35.9033 3.76235
      vertex 3 -35.9025 3.76279
    endloop
  endfacet
  facet normal 0 -0.705608 -0.708602
    outer loop
      vertex 3.895 -35.4012 3.19171
      vertex 3.905 -35.4083 3.19878
      vertex 3.895 -35.4083 3.19878
    endloop
  endfacet
  facet normal 0 -0.705608 -0.708602
    outer loop
      vertex 3.905 -35.4083 3.19878
      vertex 3.895 -35.4012 3.19171
      vertex 3.905 -35.4012 3.19171
    endloop
  endfacet
  facet normal 0.304002 -0.57996 0.755797
    outer loop
      vertex 3.905 -32.8556 5.75144
      vertex 3.02258 -33.0417 5.96357
      vertex 3.02258 -35.8419 3.81484
    endloop
  endfacet
  facet normal 1 0 0
    outer loop
      vertex 3.905 -32.8556 5.75144
      vertex 3.905 -35.4012 3.19171
      vertex 3.905 -32.8486 5.74437
    endloop
  endfacet
  facet normal 1 0 -0
    outer loop
      vertex 3.905 -35.4012 3.19171
      vertex 3.905 -32.8556 5.75144
      vertex 3.905 -35.4083 3.19878
    endloop
  endfacet
  facet normal -0.404366 -0.684534 -0.606549
    outer loop
      vertex 3.00012 -35.9057 3.76594
      vertex 3 -35.9085 3.76918
      vertex 3 -35.9057 3.76602
    endloop
  endfacet
  facet normal 0 -0.756613 -0.653863
    outer loop
      vertex 3 -35.9085 3.76918
      vertex 3.00012 -35.9057 3.76594
      vertex 3.005 -35.9085 3.76918
    endloop
  endfacet
  facet normal -0 -0.756613 -0.653863
    outer loop
      vertex 3.01011 -35.9057 3.76594
      vertex 3.005 -35.9085 3.76918
      vertex 3.00012 -35.9057 3.76594
    endloop
  endfacet
  facet normal -0.00017917 -0.751692 -0.659514
    outer loop
      vertex 3.895 -35.4083 3.19878
      vertex 3.01011 -35.9057 3.76594
      vertex 3.00516 -35.9029 3.76275
    endloop
  endfacet
  facet normal 0.546612 -0.0291799 0.836878
    outer loop
      vertex 3.01011 -35.9057 3.76594
      vertex 3.905 -35.4083 3.19878
      vertex 3.005 -35.9085 3.76918
    endloop
  endfacet
  facet normal -0 -0.751831 -0.659356
    outer loop
      vertex 3.905 -35.4083 3.19878
      vertex 3.01011 -35.9057 3.76594
      vertex 3.895 -35.4083 3.19878
    endloop
  endfacet
  facet normal 0.643695 -0.541132 0.54114
    outer loop
      vertex 3.02258 -35.8419 3.81484
      vertex 3.905 -35.4083 3.19878
      vertex 3.905 -32.8556 5.75144
    endloop
  endfacet
  facet normal 0.643727 -0.540847 0.541387
    outer loop
      vertex 3.01166 -35.8978 3.77198
      vertex 3.905 -35.4083 3.19878
      vertex 3.02258 -35.8419 3.81484
    endloop
  endfacet
  facet normal 0.643771 -0.540012 0.542167
    outer loop
      vertex 3.01012 -35.9057 3.76594
      vertex 3.905 -35.4083 3.19878
      vertex 3.01166 -35.8978 3.77198
    endloop
  endfacet
  facet normal -0.495319 -0.0936407 -0.86365
    outer loop
      vertex 3.01012 -35.9057 3.76594
      vertex 3.005 -35.9085 3.76918
      vertex 3.905 -35.4083 3.19878
    endloop
  endfacet
  facet normal 0.640905 -0.535234 0.550241
    outer loop
      vertex 3.00516 -35.908 3.76948
      vertex 3.005 -35.9085 3.76918
      vertex 3.01012 -35.9057 3.76594
    endloop
  endfacet
  facet normal 0.696194 -0.519825 0.495071
    outer loop
      vertex 3.005 -35.9085 3.76918
      vertex 3.00516 -35.908 3.76948
      vertex 3.005 -35.9081 3.7696
    endloop
  endfacet
  facet normal -0.000927228 -0.718602 0.695421
    outer loop
      vertex 3 -35.9085 3.76918
      vertex 3.005 -35.9081 3.7696
      vertex 3 -35.9079 3.7698
    endloop
  endfacet
  facet normal 0 -0.724138 0.689655
    outer loop
      vertex 3.005 -35.9081 3.7696
      vertex 3 -35.9085 3.76918
      vertex 3.005 -35.9085 3.76918
    endloop
  endfacet
  facet normal 0.643696 0.541142 -0.54113
    outer loop
      vertex 3.905 -35.4012 3.19171
      vertex 3.02258 -34.7852 2.75805
      vertex 3.905 -32.8486 5.74437
    endloop
  endfacet
  facet normal 0.643734 0.541437 -0.540789
    outer loop
      vertex 3.02258 -34.7852 2.75805
      vertex 3.905 -35.4012 3.19171
      vertex 3.01166 -34.828 2.7022
    endloop
  endfacet
  facet normal 0.579576 0.590113 -0.562013
    outer loop
      vertex 3.00516 -34.8305 2.69196
      vertex 3.005 -34.8308 2.69148
      vertex 3.005 -34.8304 2.6919
    endloop
  endfacet
  facet normal 0.643711 0.541024 -0.54123
    outer loop
      vertex 3.01166 -34.828 2.7022
      vertex 3.905 -35.4012 3.19171
      vertex 3.005 -34.8308 2.69148
    endloop
  endfacet
  facet normal 0.646288 0.531463 -0.547594
    outer loop
      vertex 3.005 -34.8308 2.69148
      vertex 3.00516 -34.8305 2.69196
      vertex 3.01012 -34.8341 2.69432
    endloop
  endfacet
  facet normal -0.646614 -0.536835 0.541939
    outer loop
      vertex 3.005 -34.8308 2.69148
      vertex 3.01012 -34.8341 2.69432
      vertex 3.01166 -34.828 2.7022
    endloop
  endfacet
  facet normal 0.304021 0.755791 -0.579958
    outer loop
      vertex 3.905 -32.8486 5.74437
      vertex 3.02258 -34.7852 2.75805
      vertex 3.02258 -32.6364 5.55833
    endloop
  endfacet
  facet normal 0 -1 0
    outer loop
      vertex 3.00012 -35.9057 3.76594
      vertex 3 -35.9057 3.76602
      vertex 3 -35.9057 3.76594
    endloop
  endfacet
  facet normal -0.0681108 -0.572131 -0.817329
    outer loop
      vertex 3 -34.834 2.69426
      vertex 3.00012 -34.8341 2.69432
      vertex 3 -34.8341 2.69433
    endloop
  endfacet
  facet normal -0.0282188 -0.72904 -0.68389
    outer loop
      vertex 3.005 -35.9028 3.76265
      vertex 3.895 -35.4083 3.19878
      vertex 3.00516 -35.9029 3.76275
    endloop
  endfacet
  facet normal -0.0568029 -0.704469 -0.707458
    outer loop
      vertex 3.895 -35.4083 3.19878
      vertex 3.005 -35.9028 3.76265
      vertex 3.895 -35.4012 3.19171
    endloop
  endfacet
  facet normal -0.0550392 -0.706008 -0.706061
    outer loop
      vertex 3.005 -34.8373 2.69723
      vertex 3.895 -35.4012 3.19171
      vertex 3.005 -35.9028 3.76265
    endloop
  endfacet
  facet normal -0.28343 -0.844995 -0.453487
    outer loop
      vertex 3.895 -35.4012 3.19171
      vertex 3.005 -34.8373 2.69723
      vertex 3.00516 -34.8373 2.69713
    endloop
  endfacet
  facet normal -0.0621044 -0.705715 -0.705768
    outer loop
      vertex 3 -35.9025 3.76279
      vertex 3.005 -34.8373 2.69723
      vertex 3.005 -35.9028 3.76265
    endloop
  endfacet
  facet normal -0.0494369 -0.706245 -0.706239
    outer loop
      vertex 3.005 -34.8373 2.69723
      vertex 3 -35.9025 3.76279
      vertex 3 -34.8372 2.69748
    endloop
  endfacet
  facet normal -0.000253655 -0.659612 -0.751606
    outer loop
      vertex 3.895 -35.4012 3.19171
      vertex 3.00516 -34.8373 2.69713
      vertex 3.01011 -34.8341 2.69432
    endloop
  endfacet
  facet normal 0 -0.659388 -0.751803
    outer loop
      vertex 3.01011 -34.8341 2.69432
      vertex 3.905 -35.4012 3.19171
      vertex 3.895 -35.4012 3.19171
    endloop
  endfacet
  facet normal 0.487153 0.00277059 -0.873312
    outer loop
      vertex 3.01011 -34.8341 2.69432
      vertex 3.005 -34.8308 2.69148
      vertex 3.905 -35.4012 3.19171
    endloop
  endfacet
  facet normal 0 -0.652303 -0.757958
    outer loop
      vertex 3.00012 -34.8341 2.69432
      vertex 3.005 -34.8308 2.69148
      vertex 3.01011 -34.8341 2.69432
    endloop
  endfacet
  facet normal -0.166703 -0.646651 -0.744347
    outer loop
      vertex 3 -34.8308 2.69148
      vertex 3.00012 -34.8341 2.69432
      vertex 3 -34.834 2.69426
    endloop
  endfacet
  facet normal 0 -0.652303 -0.757958
    outer loop
      vertex 3.00012 -34.8341 2.69432
      vertex 3 -34.8308 2.69148
      vertex 3.005 -34.8308 2.69148
    endloop
  endfacet
  facet normal 0 0.707089 0.707124
    outer loop
      vertex 3.005 -32.6362 5.55862
      vertex 3 -33.0414 5.9638
      vertex 3.005 -33.0414 5.9638
    endloop
  endfacet
  facet normal 0 0.707089 0.707124
    outer loop
      vertex 3 -33.0414 5.9638
      vertex 3.005 -32.6362 5.55862
      vertex 3 -32.6362 5.55862
    endloop
  endfacet
  facet normal 0.0208776 0.7069 0.707005
    outer loop
      vertex 3.02258 -32.6364 5.55833
      vertex 3.02258 -33.0417 5.96357
      vertex 3.905 -32.8556 5.75144
    endloop
  endfacet
  facet normal 0.0225444 0.710435 0.703401
    outer loop
      vertex 3.02258 -32.6364 5.55833
      vertex 3.905 -32.8556 5.75144
      vertex 3.905 -32.8486 5.74437
    endloop
  endfacet
  facet normal 0.0197053 0.706917 0.707022
    outer loop
      vertex 3.005 -32.6362 5.55862
      vertex 3.02258 -33.0417 5.96357
      vertex 3.02258 -32.6364 5.55833
    endloop
  endfacet
  facet normal 0.0213129 0.706929 0.706964
    outer loop
      vertex 3.02258 -33.0417 5.96357
      vertex 3.005 -32.6362 5.55862
      vertex 3.005 -33.0414 5.9638
    endloop
  endfacet
  facet normal 0 0.724138 -0.689655
    outer loop
      vertex 3 -34.8308 2.69148
      vertex 3.005 -34.8304 2.6919
      vertex 3.005 -34.8308 2.69148
    endloop
  endfacet
  facet normal 0.000927228 0.718602 -0.695421
    outer loop
      vertex 3.005 -34.8304 2.6919
      vertex 3 -34.8308 2.69148
      vertex 3 -34.8302 2.6921
    endloop
  endfacet
  facet normal 0.302083 -0.821666 0.483333
    outer loop
      vertex 3.005 -34.8376 2.69672
      vertex 3.00516 -34.8373 2.69713
      vertex 3.005 -34.8373 2.69723
    endloop
  endfacet
  facet normal 0.629034 -0.723638 0.284014
    outer loop
      vertex 3.00516 -34.8373 2.69713
      vertex 3.005 -34.8376 2.69672
      vertex 3.01011 -34.8341 2.69432
    endloop
  endfacet
  facet normal 0.643861 -0.660811 0.385711
    outer loop
      vertex 3.01166 -34.828 2.7022
      vertex 3.01012 -34.8341 2.69432
      vertex 3.905 -34.2068 2.27522
    endloop
  endfacet
  facet normal 0.303962 -0.755806 0.579969
    outer loop
      vertex 3.905 -32.4018 5.40158
      vertex 3.02258 -32.6364 5.55833
      vertex 3.02258 -34.7852 2.75805
    endloop
  endfacet
  facet normal 0 -0.565528 -0.824729
    outer loop
      vertex 3.005 -34.8376 2.69672
      vertex 3.00012 -34.8341 2.69432
      vertex 3.01011 -34.8341 2.69432
    endloop
  endfacet
  facet normal 0 -0.565528 -0.824729
    outer loop
      vertex 3 -34.8376 2.69672
      vertex 3.00012 -34.8341 2.69432
      vertex 3.005 -34.8376 2.69672
    endloop
  endfacet
  facet normal -0.383823 -0.513226 -0.767645
    outer loop
      vertex 3 -34.8341 2.69438
      vertex 3.00012 -34.8341 2.69432
      vertex 3 -34.8376 2.69672
    endloop
  endfacet
  facet normal 0 -0.555526 -0.831499
    outer loop
      vertex 3.01012 -34.8341 2.69432
      vertex 3.895 -34.2068 2.27522
      vertex 3.905 -34.2068 2.27522
    endloop
  endfacet
  facet normal -0.0037521 -0.551857 -0.83393
    outer loop
      vertex 3.895 -34.2068 2.27522
      vertex 3.01012 -34.8341 2.69432
      vertex 3.00516 -34.8305 2.69196
    endloop
  endfacet
  facet normal 0.643705 -0.66299 0.382215
    outer loop
      vertex 3.02258 -34.7852 2.75805
      vertex 3.01166 -34.828 2.7022
      vertex 3.905 -34.2068 2.27522
    endloop
  endfacet
  facet normal 0.643747 -0.662717 0.382619
    outer loop
      vertex 3.02258 -34.7852 2.75805
      vertex 3.905 -34.2068 2.27522
      vertex 3.905 -32.4018 5.40158
    endloop
  endfacet
  facet normal 0 -1 0
    outer loop
      vertex 3.00012 -34.8341 2.69432
      vertex 3 -34.8341 2.69438
      vertex 3 -34.8341 2.69433
    endloop
  endfacet
  facet normal -0.019002 -0.536583 -0.843633
    outer loop
      vertex 3.005 -34.8304 2.6919
      vertex 3.895 -34.2068 2.27522
      vertex 3.00516 -34.8305 2.69196
    endloop
  endfacet
  facet normal -0.0550467 -0.49923 -0.864719
    outer loop
      vertex 3.005 -33.5255 1.93854
      vertex 3.895 -34.2068 2.27522
      vertex 3.005 -34.8304 2.6919
    endloop
  endfacet
  facet normal -0.312111 -0.716193 -0.624223
    outer loop
      vertex 3.895 -34.2068 2.27522
      vertex 3.005 -33.5255 1.93854
      vertex 3.0051 -33.5255 1.93849
    endloop
  endfacet
  facet normal -0.0545594 -0.499243 -0.864742
    outer loop
      vertex 3 -34.8302 2.6921
      vertex 3.005 -33.5255 1.93854
      vertex 3.005 -34.8304 2.6919
    endloop
  endfacet
  facet normal -0.046714 -0.499465 -0.865074
    outer loop
      vertex 3.005 -33.5255 1.93854
      vertex 3 -34.8302 2.6921
      vertex 3 -33.5255 1.93881
    endloop
  endfacet
  facet normal -0 -1 0
    outer loop
      vertex 3.00005 -33.5216 1.93658
      vertex 3 -33.5216 1.93658
      vertex 3 -33.5216 1.93656
    endloop
  endfacet
  facet normal 0.0218922 0.5025 0.8643
    outer loop
      vertex 3.02258 -32.1401 5.27178
      vertex 3.905 -32.4018 5.40158
      vertex 3.905 -32.3932 5.39658
    endloop
  endfacet
  facet normal 0.0150791 0.48463 0.874589
    outer loop
      vertex 3.022 -32.1401 5.27179
      vertex 3.905 -32.4018 5.40158
      vertex 3.02258 -32.1401 5.27178
    endloop
  endfacet
  facet normal 0 0.444308 0.895874
    outer loop
      vertex 3.905 -32.4018 5.40158
      vertex 3.022 -32.1401 5.27179
      vertex 3.02199 -32.1401 5.27179
    endloop
  endfacet
  facet normal 0.643728 0.66273 -0.382627
    outer loop
      vertex 3.905 -34.1982 2.27022
      vertex 3.01855 -33.5008 1.9868
      vertex 3.905 -32.3932 5.39658
    endloop
  endfacet
  facet normal 0.643735 0.662782 -0.382524
    outer loop
      vertex 3.905 -34.1982 2.27022
      vertex 3.01166 -33.5178 1.94575
      vertex 3.01855 -33.5008 1.9868
    endloop
  endfacet
  facet normal 0.643727 0.662679 -0.382717
    outer loop
      vertex 3.905 -34.1982 2.27022
      vertex 3.01012 -33.5216 1.93658
      vertex 3.01166 -33.5178 1.94575
    endloop
  endfacet
  facet normal 0 0.983282 -0.182089
    outer loop
      vertex 3.00516 -33.5176 1.93521
      vertex 3.005 -33.5177 1.93467
      vertex 3.00514 -33.5176 1.93521
    endloop
  endfacet
  facet normal 0.646738 0.692406 -0.319849
    outer loop
      vertex 3.01012 -33.5216 1.93658
      vertex 3.005 -33.5177 1.93467
      vertex 3.00516 -33.5176 1.93521
    endloop
  endfacet
  facet normal -0.325115 0.0359857 0.94499
    outer loop
      vertex 3.005 -33.5177 1.93467
      vertex 3.01012 -33.5216 1.93658
      vertex 3.905 -34.1982 2.27022
    endloop
  endfacet
  facet normal 1 0 0
    outer loop
      vertex 3.905 -32.4018 5.40158
      vertex 3.905 -34.1982 2.27022
      vertex 3.905 -32.3932 5.39658
    endloop
  endfacet
  facet normal 1 0 -0
    outer loop
      vertex 3.905 -34.1982 2.27022
      vertex 3.905 -32.4018 5.40158
      vertex 3.905 -34.2068 2.27522
    endloop
  endfacet
  facet normal 0.30401 0.880146 -0.364583
    outer loop
      vertex 3.905 -32.3932 5.39658
      vertex 3.02258 -33.4909 2.01079
      vertex 3.02258 -32.1401 5.27178
    endloop
  endfacet
  facet normal 0.00558887 -0.884904 0.465739
    outer loop
      vertex 3 -34.8376 2.69672
      vertex 3.005 -34.8373 2.69723
      vertex 3 -34.8372 2.69748
    endloop
  endfacet
  facet normal 0 -0.861934 0.50702
    outer loop
      vertex 3.005 -34.8373 2.69723
      vertex 3 -34.8376 2.69672
      vertex 3.005 -34.8376 2.69672
    endloop
  endfacet
  facet normal 0 -0.50262 -0.864507
    outer loop
      vertex 3.895 -34.2068 2.27522
      vertex 3.905 -34.1982 2.27022
      vertex 3.905 -34.2068 2.27522
    endloop
  endfacet
  facet normal -0 -0.50262 -0.864507
    outer loop
      vertex 3.905 -34.1982 2.27022
      vertex 3.895 -34.2068 2.27522
      vertex 3.895 -34.1982 2.27022
    endloop
  endfacet
  facet normal -0.0575847 -0.501786 -0.863073
    outer loop
      vertex 3.0051 -33.5255 1.93849
      vertex 3.895 -34.1982 2.27022
      vertex 3.895 -34.2068 2.27522
    endloop
  endfacet
  facet normal 0.0940749 -0.337436 -0.936636
    outer loop
      vertex 3.895 -34.1982 2.27022
      vertex 3.0051 -33.5255 1.93849
      vertex 3.00516 -33.5254 1.93846
    endloop
  endfacet
  facet normal 0.357771 -0.268328 -0.894427
    outer loop
      vertex 3 -33.5215 1.93653
      vertex 3.00005 -33.5216 1.93658
      vertex 3 -33.5216 1.93656
    endloop
  endfacet
  facet normal 0 -0.447214 -0.894427
    outer loop
      vertex 3.00005 -33.5216 1.93658
      vertex 3 -33.5215 1.93653
      vertex 3.00012 -33.5216 1.93658
    endloop
  endfacet
  facet normal -0.000557854 -0.442852 -0.896595
    outer loop
      vertex 3.895 -34.1982 2.27022
      vertex 3.00516 -33.5254 1.93846
      vertex 3.01011 -33.5216 1.93658
    endloop
  endfacet
  facet normal 0 -0.442265 -0.896884
    outer loop
      vertex 3.01011 -33.5216 1.93658
      vertex 3.905 -34.1982 2.27022
      vertex 3.895 -34.1982 2.27022
    endloop
  endfacet
  facet normal 0.26062 -0.127217 -0.957023
    outer loop
      vertex 3.01011 -33.5216 1.93658
      vertex 3.005 -33.5177 1.93467
      vertex 3.905 -34.1982 2.27022
    endloop
  endfacet
  facet normal 0 -0.43983 -0.898081
    outer loop
      vertex 3.00012 -33.5216 1.93658
      vertex 3.005 -33.5177 1.93467
      vertex 3.01011 -33.5216 1.93658
    endloop
  endfacet
  facet normal 0.0078785 -0.43962 -0.898149
    outer loop
      vertex 3 -33.5177 1.93467
      vertex 3.00012 -33.5216 1.93658
      vertex 3 -33.5215 1.93653
    endloop
  endfacet
  facet normal 0 -0.43983 -0.898081
    outer loop
      vertex 3.00012 -33.5216 1.93658
      vertex 3 -33.5177 1.93467
      vertex 3.005 -33.5177 1.93467
    endloop
  endfacet
  facet normal -0 0.500012 0.866019
    outer loop
      vertex 3 -32.14 5.27213
      vertex 3.005 -32.6362 5.55862
      vertex 3.005 -32.14 5.27213
    endloop
  endfacet
  facet normal 0 0.500012 0.866019
    outer loop
      vertex 3.005 -32.6362 5.55862
      vertex 3 -32.14 5.27213
      vertex 3 -32.6362 5.55862
    endloop
  endfacet
  facet normal 0.0208959 0.499911 0.865825
    outer loop
      vertex 3.02199 -32.1401 5.27179
      vertex 3.02258 -32.6364 5.55833
      vertex 3.905 -32.4018 5.40158
    endloop
  endfacet
  facet normal 0.0202694 0.499909 0.865841
    outer loop
      vertex 3.005 -32.6362 5.55862
      vertex 3.02199 -32.1401 5.27179
      vertex 3.005 -32.14 5.27213
    endloop
  endfacet
  facet normal 0.0199703 0.499919 0.865842
    outer loop
      vertex 3.02199 -32.1401 5.27179
      vertex 3.005 -32.6362 5.55862
      vertex 3.02258 -32.6364 5.55833
    endloop
  endfacet
  facet normal 0.801429 0.515514 -0.303243
    outer loop
      vertex 3.00514 -33.5176 1.93521
      vertex 3.005 -33.5177 1.93467
      vertex 3.005 -33.5174 1.93518
    endloop
  endfacet
  facet normal 0.637999 0.668101 -0.382882
    outer loop
      vertex 3.01855 -33.5008 1.9868
      vertex 3.02258 -33.4909 2.01079
      vertex 3.905 -32.3932 5.39658
    endloop
  endfacet
  facet normal 0 0.861934 -0.50702
    outer loop
      vertex 3 -33.5177 1.93467
      vertex 3.005 -33.5174 1.93518
      vertex 3.005 -33.5177 1.93467
    endloop
  endfacet
  facet normal -0.00558887 0.884904 -0.465739
    outer loop
      vertex 3.005 -33.5174 1.93518
      vertex 3 -33.5177 1.93467
      vertex 3 -33.5173 1.93543
    endloop
  endfacet
  facet normal 0.160872 -0.93306 0.321745
    outer loop
      vertex 3.005 -33.5257 1.93796
      vertex 3.0051 -33.5255 1.93849
      vertex 3.005 -33.5255 1.93854
    endloop
  endfacet
  facet normal 0.860966 -0.507824 0.0291853
    outer loop
      vertex 3.005 -33.5257 1.93796
      vertex 3.00516 -33.5254 1.93846
      vertex 3.0051 -33.5255 1.93849
    endloop
  endfacet
  facet normal 0.646065 -0.72782 0.229951
    outer loop
      vertex 3.00516 -33.5254 1.93846
      vertex 3.005 -33.5257 1.93796
      vertex 3.01011 -33.5216 1.93658
    endloop
  endfacet
  facet normal 0.643708 -0.73916 0.1982
    outer loop
      vertex 3.01166 -33.5178 1.94575
      vertex 3.01012 -33.5216 1.93658
      vertex 3.905 -32.8073 1.6941
    endloop
  endfacet
  facet normal 0.303984 -0.880154 0.364586
    outer loop
      vertex 3.02258 -32.1401 5.27178
      vertex 3.02258 -33.4909 2.01079
      vertex 3.905 -31.8729 5.18109
    endloop
  endfacet
  facet normal 0 -0.319 -0.947755
    outer loop
      vertex 3.005 -33.5257 1.93796
      vertex 3.00012 -33.5216 1.93658
      vertex 3.01011 -33.5216 1.93658
    endloop
  endfacet
  facet normal 0 -0.319 -0.947755
    outer loop
      vertex 3 -33.5257 1.93796
      vertex 3.00012 -33.5216 1.93658
      vertex 3.005 -33.5257 1.93796
    endloop
  endfacet
  facet normal 0.0295962 -0.319639 -0.947077
    outer loop
      vertex 3 -33.5217 1.93661
      vertex 3.00012 -33.5216 1.93658
      vertex 3 -33.5257 1.93796
    endloop
  endfacet
  facet normal 0 -0.321449 -0.946927
    outer loop
      vertex 3.01012 -33.5216 1.93658
      vertex 3.895 -32.8073 1.6941
      vertex 3.905 -32.8073 1.6941
    endloop
  endfacet
  facet normal 0.00115878 -0.322735 -0.946489
    outer loop
      vertex 3.895 -32.8073 1.6941
      vertex 3.01012 -33.5216 1.93658
      vertex 3.00516 -33.5176 1.93521
    endloop
  endfacet
  facet normal 0.64363 -0.739532 0.197063
    outer loop
      vertex 3.905 -32.8073 1.6941
      vertex 3.02258 -33.4909 2.01079
      vertex 3.01855 -33.5008 1.9868
    endloop
  endfacet
  facet normal 0.643703 -0.739196 0.198081
    outer loop
      vertex 3.905 -32.8073 1.6941
      vertex 3.01855 -33.5008 1.9868
      vertex 3.01166 -33.5178 1.94575
    endloop
  endfacet
  facet normal 0.643722 -0.739181 0.198076
    outer loop
      vertex 3.02258 -33.4909 2.01079
      vertex 3.905 -32.8073 1.6941
      vertex 3.905 -31.8729 5.18109
    endloop
  endfacet
  facet normal -0 -1 0
    outer loop
      vertex 3.00005 -32.0577 1.54434
      vertex 3 -32.0577 1.54434
      vertex 3 -32.0577 1.54433
    endloop
  endfacet
  facet normal 0 -0.287348 -0.957826
    outer loop
      vertex 3 -33.5217 1.93661
      vertex 3.00005 -33.5216 1.93658
      vertex 3.00012 -33.5216 1.93658
    endloop
  endfacet
  facet normal -0 -0.287348 -0.957826
    outer loop
      vertex 3.00005 -33.5216 1.93658
      vertex 3 -33.5217 1.93661
      vertex 3 -33.5216 1.93658
    endloop
  endfacet
  facet normal 0 -0.321434 -0.946932
    outer loop
      vertex 3.00514 -33.5176 1.93521
      vertex 3.895 -32.8073 1.6941
      vertex 3.00516 -33.5176 1.93521
    endloop
  endfacet
  facet normal -0.0943664 -0.211963 -0.972711
    outer loop
      vertex 3.005 -33.5174 1.93518
      vertex 3.895 -32.8073 1.6941
      vertex 3.00514 -33.5176 1.93521
    endloop
  endfacet
  facet normal -0.0550619 -0.258424 -0.964461
    outer loop
      vertex 3.005 -32.062 1.54521
      vertex 3.895 -32.8073 1.6941
      vertex 3.005 -33.5174 1.93518
    endloop
  endfacet
  facet normal -0.18016 -0.395093 -0.900802
    outer loop
      vertex 3.895 -32.8073 1.6941
      vertex 3.005 -32.062 1.54521
      vertex 3.0051 -32.062 1.54519
    endloop
  endfacet
  facet normal -0.0533964 -0.258448 -0.964548
    outer loop
      vertex 3 -33.5173 1.93543
      vertex 3.005 -32.062 1.54521
      vertex 3.005 -33.5174 1.93518
    endloop
  endfacet
  facet normal -0.0559361 -0.258404 -0.964416
    outer loop
      vertex 3.005 -32.062 1.54521
      vertex 3 -33.5173 1.93543
      vertex 3 -32.062 1.5455
    endloop
  endfacet
  facet normal 0.0203484 0.260424 0.96528
    outer loop
      vertex 3.905 -31.8633 5.1785
      vertex 3.02258 -32.1401 5.27178
      vertex 3.905 -31.8729 5.18109
    endloop
  endfacet
  facet normal 0.0165918 0.271404 0.962323
    outer loop
      vertex 3.02258 -32.1401 5.27178
      vertex 3.905 -31.8633 5.1785
      vertex 3.022 -32.1401 5.27179
    endloop
  endfacet
  facet normal -0 0.258819 0.965926
    outer loop
      vertex 3 -31.5865 5.12382
      vertex 3.005 -32.14 5.27213
      vertex 3.005 -31.5865 5.12382
    endloop
  endfacet
  facet normal 0 0.258819 0.965926
    outer loop
      vertex 3.005 -32.14 5.27213
      vertex 3 -31.5865 5.12382
      vertex 3 -32.14 5.27213
    endloop
  endfacet
  facet normal 0.0209179 0.258748 0.965718
    outer loop
      vertex 3.02257 -31.5865 5.12345
      vertex 3.022 -32.1401 5.27179
      vertex 3.905 -31.8633 5.1785
    endloop
  endfacet
  facet normal 0 0.258824 0.965924
    outer loop
      vertex 3.02257 -31.5865 5.12345
      vertex 3.02199 -32.1401 5.27179
      vertex 3.022 -32.1401 5.27179
    endloop
  endfacet
  facet normal 0.0203369 0.258751 0.96573
    outer loop
      vertex 3.005 -31.5865 5.12382
      vertex 3.02199 -32.1401 5.27179
      vertex 3.02257 -31.5865 5.12345
    endloop
  endfacet
  facet normal 0.0208487 0.258763 0.965716
    outer loop
      vertex 3.02199 -32.1401 5.27179
      vertex 3.005 -31.5865 5.12382
      vertex 3.005 -32.14 5.27213
    endloop
  endfacet
  facet normal 1 0 0
    outer loop
      vertex 3.905 -31.8729 5.18109
      vertex 3.905 -32.7976 1.69151
      vertex 3.905 -31.8633 5.1785
    endloop
  endfacet
  facet normal 1 0 -0
    outer loop
      vertex 3.905 -32.7976 1.69151
      vertex 3.905 -31.8729 5.18109
      vertex 3.905 -32.8073 1.6941
    endloop
  endfacet
  facet normal 0.643686 0.739215 -0.198064
    outer loop
      vertex 3.905 -32.7976 1.69151
      vertex 3.01855 -32.0507 1.59823
      vertex 3.905 -31.8633 5.1785
    endloop
  endfacet
  facet normal 0.643776 0.739485 -0.196761
    outer loop
      vertex 3.01855 -32.0507 1.59823
      vertex 3.905 -32.7976 1.69151
      vertex 3.01012 -32.0577 1.54434
    endloop
  endfacet
  facet normal 0.642012 0.744428 -0.183432
    outer loop
      vertex 3.01011 -32.0577 1.54434
      vertex 3.005 -32.0535 1.5435
      vertex 3.00516 -32.0535 1.54406
    endloop
  endfacet
  facet normal -0 1 0
    outer loop
      vertex 3.00514 -32.0535 1.54406
      vertex 3.00516 -32.0535 1.54406
      vertex 3.005 -32.0535 1.5435
    endloop
  endfacet
  facet normal 0.0123672 -0.973343 0.229022
    outer loop
      vertex 3 -33.5257 1.93796
      vertex 3.005 -33.5255 1.93854
      vertex 3 -33.5255 1.93881
    endloop
  endfacet
  facet normal 0 -0.945373 0.325991
    outer loop
      vertex 3.005 -33.5255 1.93854
      vertex 3 -33.5257 1.93796
      vertex 3.005 -33.5257 1.93796
    endloop
  endfacet
  facet normal 0 -0.257973 -0.966152
    outer loop
      vertex 3.895 -32.8073 1.6941
      vertex 3.905 -32.7976 1.69151
      vertex 3.905 -32.8073 1.6941
    endloop
  endfacet
  facet normal -0 -0.257973 -0.966152
    outer loop
      vertex 3.905 -32.7976 1.69151
      vertex 3.895 -32.8073 1.6941
      vertex 3.895 -32.7976 1.69151
    endloop
  endfacet
  facet normal 0.19518 -0.09759 -0.9759
    outer loop
      vertex 3 -32.0576 1.54432
      vertex 3.00005 -32.0577 1.54434
      vertex 3 -32.0577 1.54433
    endloop
  endfacet
  facet normal 0 -0.196116 -0.980581
    outer loop
      vertex 3.00005 -32.0577 1.54434
      vertex 3 -32.0576 1.54432
      vertex 3.00012 -32.0577 1.54434
    endloop
  endfacet
  facet normal -0.0543048 -0.257592 -0.964727
    outer loop
      vertex 3.0051 -32.062 1.54519
      vertex 3.895 -32.7976 1.69151
      vertex 3.895 -32.8073 1.6941
    endloop
  endfacet
  facet normal -0.000589305 -0.195776 -0.980648
    outer loop
      vertex 3.895 -32.7976 1.69151
      vertex 3.0051 -32.062 1.54519
      vertex 3.00516 -32.0619 1.54517
    endloop
  endfacet
  facet normal 0 -0.196116 -0.980581
    outer loop
      vertex 3.00012 -32.0577 1.54434
      vertex 3.005 -32.0535 1.5435
      vertex 3.01011 -32.0577 1.54434
    endloop
  endfacet
  facet normal 7.33767e-12 -0.196116 -0.980581
    outer loop
      vertex 3 -32.0535 1.5435
      vertex 3.00012 -32.0577 1.54434
      vertex 3 -32.0576 1.54432
    endloop
  endfacet
  facet normal 0 -0.196116 -0.980581
    outer loop
      vertex 3.00012 -32.0577 1.54434
      vertex 3 -32.0535 1.5435
      vertex 3.005 -32.0535 1.5435
    endloop
  endfacet
  facet normal 0 -0.195084 -0.980787
    outer loop
      vertex 3.895 -32.7976 1.69151
      vertex 3.01012 -32.0577 1.54434
      vertex 3.905 -32.7976 1.69151
    endloop
  endfacet
  facet normal 0.000530798 -0.194473 -0.980908
    outer loop
      vertex 3.01012 -32.0577 1.54434
      vertex 3.895 -32.7976 1.69151
      vertex 3.00516 -32.0619 1.54517
    endloop
  endfacet
  facet normal 0 0.19506 0.980791
    outer loop
      vertex 3.905 -31.8633 5.1785
      vertex 3.02258 -31.5865 5.12345
      vertex 3.02257 -31.5865 5.12345
    endloop
  endfacet
  facet normal 0.304035 0.944508 -0.12437
    outer loop
      vertex 3.02258 -31.5865 5.12345
      vertex 3.905 -31.8633 5.1785
      vertex 3.02258 -32.0473 1.62398
    endloop
  endfacet
  facet normal 0.645387 0.737639 -0.198403
    outer loop
      vertex 3.02258 -32.0473 1.62398
      vertex 3.905 -31.8633 5.1785
      vertex 3.01855 -32.0507 1.59823
    endloop
  endfacet
  facet normal 0.568593 0.810245 -0.142148
    outer loop
      vertex 3.00514 -32.0535 1.54406
      vertex 3.005 -32.0535 1.5435
      vertex 3.005 -32.0534 1.54407
    endloop
  endfacet
  facet normal 0 0.984957 -0.172799
    outer loop
      vertex 3 -32.0535 1.5435
      vertex 3.005 -32.0534 1.54407
      vertex 3.005 -32.0535 1.5435
    endloop
  endfacet
  facet normal 0.00694845 0.972783 -0.231615
    outer loop
      vertex 3.005 -32.0534 1.54407
      vertex 3 -32.0535 1.5435
      vertex 3 -32.0533 1.54434
    endloop
  endfacet
  facet normal 1 0 0
    outer loop
      vertex 26.8 8 3
      vertex 26.8 2 2.3
      vertex 26.8 8 0
    endloop
  endfacet
  facet normal 1 0 0
    outer loop
      vertex 26.8 8 3
      vertex 26.8 -2 2.3
      vertex 26.8 2 2.3
    endloop
  endfacet
  facet normal 1 0 0
    outer loop
      vertex 26.8 -2 2.3
      vertex 26.8 -8 3
      vertex 26.8 -2 0.700001
    endloop
  endfacet
  facet normal 1 -0 0
    outer loop
      vertex 26.8 -8 3
      vertex 26.8 -2 2.3
      vertex 26.8 8 3
    endloop
  endfacet
  facet normal 1 -0 0
    outer loop
      vertex 26.8 2 0.700001
      vertex 26.8 8 0
      vertex 26.8 2 2.3
    endloop
  endfacet
  facet normal 1 -0 0
    outer loop
      vertex 26.8 -2 0.700001
      vertex 26.8 8 0
      vertex 26.8 2 0.700001
    endloop
  endfacet
  facet normal 1 0 0
    outer loop
      vertex 26.8 -2 0.700001
      vertex 26.8 -8 0
      vertex 26.8 8 0
    endloop
  endfacet
  facet normal 1 0 0
    outer loop
      vertex 26.8 -8 0
      vertex 26.8 -2 0.700001
      vertex 26.8 -8 3
    endloop
  endfacet
  facet normal -0 0 1
    outer loop
      vertex 20.8 7 3
      vertex 21.3 -7 3
      vertex 21.3 7 3
    endloop
  endfacet
  facet normal 0 0 1
    outer loop
      vertex 21.3 -7 3
      vertex 20.8 7 3
      vertex 20.8 -7 3
    endloop
  endfacet
  facet normal 0 0 1
    outer loop
      vertex 21.3 7 3
      vertex 26.8 8 3
      vertex 21.3 8 3
    endloop
  endfacet
  facet normal 0 0 1
    outer loop
      vertex 26.8 8 3
      vertex 21.3 7 3
      vertex 26.8 -8 3
    endloop
  endfacet
  facet normal -0 0 1
    outer loop
      vertex 21.3 -7 3
      vertex 26.8 -8 3
      vertex 21.3 7 3
    endloop
  endfacet
  facet normal 0 0 1
    outer loop
      vertex 26.8 -8 3
      vertex 21.3 -7 3
      vertex 21.3 -8 3
    endloop
  endfacet
  facet normal 0 0 -1
    outer loop
      vertex 20.8 -8 0
      vertex 26.8 8 0
      vertex 26.8 -8 0
    endloop
  endfacet
  facet normal -0 0 -1
    outer loop
      vertex 26.8 8 0
      vertex 20.8 -8 0
      vertex 20.8 8 0
    endloop
  endfacet
  facet normal -1 0 0
    outer loop
      vertex 20.8 -8 0
      vertex 20.8 8 5.72205e-07
      vertex 20.8 8 0
    endloop
  endfacet
  facet normal -1 -0 0
    outer loop
      vertex 20.8 8 5.72205e-07
      vertex 20.8 -8 0
      vertex 20.8 -8 5.72205e-07
    endloop
  endfacet
  facet normal -1 0 0
    outer loop
      vertex 20.8 -2 2
      vertex 20.8 -7 2
      vertex 20.8 -2 2.3
    endloop
  endfacet
  facet normal -1 0 0
    outer loop
      vertex 20.8 2 2.3
      vertex 20.8 7 2
      vertex 20.8 2 2
    endloop
  endfacet
  facet normal -1 0 0
    outer loop
      vertex 20.8 7 2
      vertex 20.8 2 2.3
      vertex 20.8 7 3
    endloop
  endfacet
  facet normal -1 0 0
    outer loop
      vertex 20.8 -2 2.3
      vertex 20.8 7 3
      vertex 20.8 2 2.3
    endloop
  endfacet
  facet normal -1 0 0
    outer loop
      vertex 20.8 -7 3
      vertex 20.8 -2 2.3
      vertex 20.8 -7 2
    endloop
  endfacet
  facet normal -1 0 0
    outer loop
      vertex 20.8 -2 2.3
      vertex 20.8 -7 3
      vertex 20.8 7 3
    endloop
  endfacet
  facet normal 0 1 0
    outer loop
      vertex 26.8 8 3
      vertex 21.3 8 5.72205e-07
      vertex 21.3 8 3
    endloop
  endfacet
  facet normal 0 1 -0
    outer loop
      vertex 26.8 8 0
      vertex 21.3 8 5.72205e-07
      vertex 26.8 8 3
    endloop
  endfacet
  facet normal 0 1 0
    outer loop
      vertex 20.8 8 0
      vertex 21.3 8 5.72205e-07
      vertex 26.8 8 0
    endloop
  endfacet
  facet normal 0 1 0
    outer loop
      vertex 21.3 8 5.72205e-07
      vertex 20.8 8 0
      vertex 20.8 8 5.72205e-07
    endloop
  endfacet
  facet normal 0 -1 0
    outer loop
      vertex 20.8 -8 5.72205e-07
      vertex 20.8 -8 0
      vertex 21.3 -8 5.72205e-07
    endloop
  endfacet
  facet normal 0 -1 0
    outer loop
      vertex 21.3 -8 5.72205e-07
      vertex 26.8 -8 3
      vertex 21.3 -8 3
    endloop
  endfacet
  facet normal 0 -1 0
    outer loop
      vertex 21.3 -8 5.72205e-07
      vertex 26.8 -8 0
      vertex 26.8 -8 3
    endloop
  endfacet
  facet normal 0 -1 0
    outer loop
      vertex 26.8 -8 0
      vertex 21.3 -8 5.72205e-07
      vertex 20.8 -8 0
    endloop
  endfacet
  facet normal 0 0 -1
    outer loop
      vertex 20.8 -2 2.3
      vertex 26.8 2 2.3
      vertex 26.8 -2 2.3
    endloop
  endfacet
  facet normal -0 0 -1
    outer loop
      vertex 26.8 2 2.3
      vertex 20.8 -2 2.3
      vertex 20.8 2 2.3
    endloop
  endfacet
  facet normal -0 0 1
    outer loop
      vertex 21.3 2 0.700001
      vertex 26.8 -2 0.700001
      vertex 26.8 2 0.700001
    endloop
  endfacet
  facet normal 0 0 1
    outer loop
      vertex 26.8 -2 0.700001
      vertex 21.3 2 0.700001
      vertex 21.3 -2 0.700001
    endloop
  endfacet
  facet normal 0 -1 0
    outer loop
      vertex 21.3 2 2
      vertex 20.8 2 2.3
      vertex 20.8 2 2
    endloop
  endfacet
  facet normal 0 -1 0
    outer loop
      vertex 20.8 2 2.3
      vertex 21.3 2 2
      vertex 26.8 2 2.3
    endloop
  endfacet
  facet normal 0 -1 0
    outer loop
      vertex 26.8 2 0.700001
      vertex 21.3 2 2
      vertex 21.3 2 0.700001
    endloop
  endfacet
  facet normal 0 -1 0
    outer loop
      vertex 21.3 2 2
      vertex 26.8 2 0.700001
      vertex 26.8 2 2.3
    endloop
  endfacet
  facet normal 0 1 0
    outer loop
      vertex 26.8 -2 2.3
      vertex 21.3 -2 2
      vertex 20.8 -2 2.3
    endloop
  endfacet
  facet normal 0 1 -0
    outer loop
      vertex 26.8 -2 0.700001
      vertex 21.3 -2 2
      vertex 26.8 -2 2.3
    endloop
  endfacet
  facet normal 0 1 0
    outer loop
      vertex 21.3 -2 2
      vertex 26.8 -2 0.700001
      vertex 21.3 -2 0.700001
    endloop
  endfacet
  facet normal 0 1 0
    outer loop
      vertex 20.8 -2 2.3
      vertex 21.3 -2 2
      vertex 20.8 -2 2
    endloop
  endfacet
endsolid OpenSCAD_Model
